{"type": "FeatureCollection","name": "aoc_geojson","features": [{"type":"Feature","properties":{"dt":"Mâcon","type_prod":"Vins","categorie":"Vin primeur, Vin tranquille","type_denom":"dénomination géographique complémentaire","signe":"AOC","id_app":583,"app":"Mâcon","id_denom":2893,"denom":"Mâcon Villages","insee":"71416","cvi":"1B370, 1B370 01","nomcom":"SAINT-GENGOUX-DE-SCISSE","insee2011":"71416","nomcom2011":"SAINT-GENGOUX-DE-SCISSE","id_aire":1831,"crinao":null,"grp_name1":null,"grp_name2":null},"geometry":{"type":"MultiPolygon","coordinates":[[[[4.763184859673328,46.44980351311711],[4.763292157759452,46.45016411094378],[4.763292453812509,46.450169240259115],[4.762684819921063,46.4502215814111],[4.762720549263517,46.45029092291646],[4.762787947178284,46.45040877275362],[4.762840911257188,46.450507390595],[4.762848231356895,46.45052826350104],[4.762860827155121,46.45061966841572],[4.762881066980515,46.45072986966545],[4.762888291449146,46.45082441979155],[4.762885190537825,46.450873644859236],[4.762870655868093,46.45097231366586],[4.762867593366451,46.45102676209124],[4.762869410190227,46.45105879831145],[4.762875213552956,46.45109725791204],[4.762892208497875,46.45126028916667],[4.762901594429238,46.451312834172036],[4.762918291749853,46.45142227946875],[4.762910343323532,46.451531204456586],[4.762945861240178,46.45166656910453],[4.762969486651057,46.45171213922115],[4.763045766517366,46.4519192894927],[4.76307628968289,46.45205734316916],[4.763113844835297,46.45216700690211],[4.763143538973375,46.452222931216326],[4.763208347491414,46.452345234128224],[4.763248817028287,46.45243215566236],[4.76325790576333,46.45245128994649],[4.763266749206909,46.45247493142317],[4.763272652653946,46.45255680229808],[4.763276590266442,46.452581870524725],[4.763284041438479,46.45262291664184],[4.763305103385965,46.45270608467604],[4.763345936344442,46.45288892312903],[4.763461928144709,46.453111041879545],[4.764257317651729,46.453012474593436],[4.764406659084975,46.45297215915549],[4.764480727953633,46.452953541817394],[4.764647169085282,46.452926201939945],[4.764810585174184,46.452898007872186],[4.764949422621558,46.45289153949461],[4.764920875358478,46.45273012806948],[4.764881421849275,46.45253772155524],[4.764858943283167,46.45241485559457],[4.764853884348206,46.452387372894854],[4.764842567324433,46.45226712659238],[4.764841253781352,46.452254717478304],[4.764873080324653,46.45225161376623],[4.764889647174015,46.45241330038389],[4.764916982692672,46.45252113997792],[4.764943617570026,46.45262745923196],[4.764972286361312,46.45278859857191],[4.764989741453851,46.452901184289445],[4.765027388787181,46.45294104318817],[4.765225520331923,46.45314405752695],[4.765686143126215,46.45305407565878],[4.766080651297921,46.452974841490146],[4.766563064287891,46.45286164181336],[4.766687020301819,46.452826219360674],[4.766770353444132,46.4528079976473],[4.767062153107214,46.45274836223535],[4.767192421761129,46.45271473300313],[4.767396869497849,46.45266995832728],[4.767659548208323,46.45261653630726],[4.767638348507237,46.45256552546838],[4.767734757390461,46.45254466885261],[4.767815004597659,46.45252775507651],[4.76787622175756,46.452514738499744],[4.767858886695215,46.45247843907951],[4.767841954069882,46.45244249370148],[4.767811042854293,46.45237731233987],[4.767808943293026,46.45237284142061],[4.767822147036168,46.452370115163916],[4.767814325200371,46.45235393386356],[4.767795339748724,46.452314957928586],[4.767772768545972,46.452265859771046],[4.767853772568426,46.452256229776744],[4.76810296741052,46.452229135177625],[4.768110901175443,46.45225279039285],[4.768129339178651,46.45225475669685],[4.7682171026488,46.45226069369136],[4.768224600096809,46.45213817485738],[4.768224272038398,46.45209990092201],[4.768205499599462,46.45201120406899],[4.76863930756558,46.45195071719635],[4.76866459797098,46.451946993078785],[4.768662415346463,46.451923879325996],[4.768640483470865,46.45179803325168],[4.768633459975256,46.451758241752074],[4.768549140416282,46.45177008528655],[4.768499844720889,46.45177697316094],[4.768348585707071,46.451798139198075],[4.768208958441557,46.451816332858456],[4.768181747747568,46.45168840678817],[4.768145948189035,46.45152062334867],[4.768132924709134,46.45145651619692],[4.768290112092409,46.451441383298246],[4.768288469335923,46.45143492381328],[4.768297897558197,46.45142829294088],[4.76826095374049,46.451257374852084],[4.768359484010459,46.45124576185833],[4.768382982750536,46.45124305628659],[4.768376703444212,46.45122622066296],[4.768438218470097,46.45121842310688],[4.768480396804083,46.4512130865381],[4.7684954499391,46.4512111421796],[4.768599667144459,46.45119808990337],[4.768616427830118,46.4510397605357],[4.76864300860229,46.45103565616301],[4.768647134624294,46.450986054714136],[4.768655985300147,46.45092944484894],[4.768658035122456,46.45083186914475],[4.768650698727387,46.45079046125762],[4.7686359760533,46.45073826947525],[4.768591093260067,46.450603861985435],[4.768536525912826,46.45046816333413],[4.768504614704232,46.45039624250538],[4.768444565025006,46.4502682845004],[4.768388440634959,46.450152875256386],[4.768304546469016,46.44997268645314],[4.768273209336841,46.44990237790537],[4.768255947767758,46.4498683291092],[4.768247496392182,46.44985684113324],[4.768217017315736,46.449837137671885],[4.768197319406757,46.44982843577535],[4.768166686928474,46.449820083281324],[4.76813393658702,46.44981473581726],[4.768094776193753,46.44981263995897],[4.768041133595601,46.449814010717546],[4.767463039364643,46.44988096157229],[4.767101962272201,46.44992545778725],[4.766909914528114,46.449942389336655],[4.766865715408721,46.449941631956534],[4.766815141273526,46.44993313723121],[4.766759757980705,46.44991697100045],[4.766737622629837,46.449905424372965],[4.766387892530283,46.449853639983566],[4.766211582963435,46.44982538291906],[4.765809852388069,46.44963641630524],[4.765657800135741,46.44957652971224],[4.765581098164914,46.4495458312085],[4.765473943324865,46.449504254760335],[4.765363247997903,46.44945795931836],[4.765105726616231,46.44934007688999],[4.764849370561172,46.449225958755726],[4.764468793417976,46.44906224007226],[4.764427231889398,46.449062431765036],[4.764328450034037,46.44905810323213],[4.764313741499394,46.44905860063482],[4.764097812261962,46.44909048742763],[4.764067393981818,46.44909275858937],[4.763758635132439,46.44911500001216],[4.76367342881259,46.449119468100896],[4.763396055862999,46.44912906470022],[4.763154818540304,46.44914395725638],[4.762996254407154,46.44916874171991],[4.763039537349528,46.44931056149102],[4.76307230874577,46.44941741691124],[4.763099392921744,46.44950553586129],[4.76310930522508,46.449538077602895],[4.763184859673328,46.44980351311711]]],[[[4.76426380768427,46.447086877852435],[4.764314338112745,46.44714248002735],[4.76436113399741,46.44720750696739],[4.764463617971932,46.447358679527156],[4.764528656362412,46.447455939217136],[4.764590454999354,46.44754568319273],[4.764648259371906,46.44763278680089],[4.764678669238711,46.4476826651115],[4.764702682175076,46.44772813883789],[4.764710447876976,46.44774666297984],[4.764729978984153,46.44779860079201],[4.764748375062626,46.44784767395446],[4.764768734253051,46.44790104005763],[4.764841449726585,46.44804627740091],[4.764895540988012,46.44815955805368],[4.764973155619217,46.44832732674397],[4.76503758556464,46.44847017009173],[4.765083612039371,46.448571776347436],[4.76512733433135,46.448670626078844],[4.765172964596544,46.448772058287105],[4.765212772561232,46.448862682202744],[4.765269174298073,46.44898691530625],[4.765309025454537,46.44907483647565],[4.765318223400245,46.44908928537219],[4.76541928357561,46.44919625562759],[4.765440612333378,46.44921511049728],[4.765453953952727,46.44922472172041],[4.76547786927235,46.44923894312395],[4.765508368681206,46.449251261387644],[4.765548928756436,46.44926441488296],[4.765630615705052,46.449288101090616],[4.765759841450337,46.44932717455416],[4.76602022295928,46.449400517592494],[4.766181626629588,46.449447379343894],[4.766219249716991,46.449462379384826],[4.766290088994473,46.449497131127124],[4.766380606360638,46.44954400793436],[4.766494255258096,46.44960502792179],[4.766542372383047,46.44964229255895],[4.766576139562754,46.44967905857137],[4.766666928675323,46.44978663696372],[4.766677165220536,46.449796926552644],[4.766751584312267,46.449877827667],[4.766771461800877,46.44988805819219],[4.766800103483015,46.44989932403587],[4.766821285415639,46.44990557137174],[4.766841436144801,46.449908141856135],[4.766871601030852,46.44991010708938],[4.76689631518158,46.449908734038154],[4.76701648408336,46.449897417915004],[4.767189047639643,46.44988240886481],[4.767394519863789,46.449857523248404],[4.767621738589585,46.44982815758536],[4.768054936078551,46.44977749954432],[4.768155265823183,46.44977324442943],[4.768224326624915,46.44977316609474],[4.768139757001338,46.44958416094042],[4.768101531921472,46.44950234016246],[4.768058668840117,46.44942617540028],[4.768013583916468,46.449341758731094],[4.76794535174797,46.449214557613026],[4.767876686347022,46.449077996058804],[4.76784196692893,46.44900782981825],[4.767721883927123,46.44880451275727],[4.767646681372588,46.44867931078299],[4.767599819041806,46.448588256412954],[4.767544473777678,46.44848472373706],[4.767455771921944,46.44831685803535],[4.767397612499882,46.448206883922076],[4.767349877219385,46.44811701385144],[4.767293208151976,46.44801683407203],[4.767229829128631,46.447910633441595],[4.767175767076264,46.4478305885697],[4.767052294948655,46.44765524445628],[4.76698520008558,46.44755900869872],[4.766959040310188,46.44751167720052],[4.766886621194352,46.44736769748876],[4.766859826976041,46.44731686312012],[4.766859410032937,46.44731605895528],[4.76682242639919,46.44725637537225],[4.766787030838564,46.44720549390568],[4.766733155570796,46.447139226396864],[4.76664860349139,46.44703902727604],[4.76657615785643,46.446938460709134],[4.76651483185792,46.446851322430085],[4.766401993846733,46.44667428201959],[4.766335141672645,46.44656534251897],[4.766253671356949,46.44641537776283],[4.766197333841215,46.44630519476387],[4.766125839892612,46.44615345441871],[4.766085865145912,46.446065715555044],[4.766026895181912,46.44593053419585],[4.7660083083837,46.445871556653294],[4.766036130906771,46.4458656322816],[4.766074281833554,46.445965468515425],[4.766162921104784,46.44617593849834],[4.766207595863796,46.44627603408087],[4.766328238755474,46.44649699736701],[4.766417806417845,46.44664350431499],[4.766494296068331,46.44676436386549],[4.7665636156579,46.44686497883154],[4.766644969498357,46.44697909799862],[4.766681245471692,46.44702095905859],[4.766812259198245,46.44717979445793],[4.766839336325131,46.447215222781345],[4.766877921750198,46.44726803638926],[4.766904538162421,46.44731337933821],[4.766930733700973,46.44736584418803],[4.766998183617,46.44749720111971],[4.767061400344476,46.447606466704144],[4.767087592415566,46.44764271927962],[4.767166964841995,46.44775191499462],[4.767233485883384,46.447842485226666],[4.767278012477241,46.44791376085231],[4.767338685740055,46.448020904007855],[4.767392298172143,46.44811923962961],[4.767420636704046,46.44817347257951],[4.767467242764702,46.44826065804739],[4.767622422446212,46.44856196694018],[4.767675411947994,46.44866517576559],[4.767710975503525,46.44872118826617],[4.767788850150859,46.44884842041519],[4.767868074233575,46.44897707272086],[4.767918736670672,46.44906473564159],[4.767977130379531,46.44917785826953],[4.768081419989341,46.44938835481242],[4.768154510734242,46.449532773756815],[4.768274931030424,46.44978661348549],[4.768713872589855,46.44972424519378],[4.768891713800653,46.449707260396444],[4.769055884515062,46.44969868326688],[4.769229079861831,46.4496911370023],[4.769350932602419,46.44969159127773],[4.769610873296324,46.449706929049476],[4.769849872373024,46.44974753965323],[4.77002690839026,46.44977001549671],[4.770171189939802,46.44978300110501],[4.770256314421943,46.449784023615976],[4.770339536653537,46.44978264370136],[4.77038741108819,46.4494950339582],[4.770419189554601,46.44911697482033],[4.769810013849315,46.44922972385785],[4.769769491097528,46.44908516156119],[4.769200854147623,46.449186290869896],[4.769073088457308,46.44895517296741],[4.768929795445588,46.44869925640877],[4.768855540655277,46.44856719531608],[4.768782392335119,46.4484370985466],[4.768692164726761,46.448270518330354],[4.768527166445297,46.447971974810194],[4.768481265559752,46.44788649012825],[4.768450848146135,46.44783246974948],[4.768434641734866,46.44780281798895],[4.768395867529914,46.447732174274954],[4.768337447393783,46.44762625772216],[4.76822237253588,46.44746888854263],[4.768126088619216,46.44732843141328],[4.768128670025695,46.44732767090513],[4.768054444513691,46.447216504722405],[4.767928461374846,46.44702805041127],[4.767859028243186,46.446924015394714],[4.76772606034199,46.4467250409221],[4.767695076763529,46.446681657179575],[4.767614276123364,46.446564557911714],[4.767555770313867,46.44646395634033],[4.768106083389589,46.44630880724008],[4.76803146658655,46.446189540953576],[4.768283368916264,46.44611818003257],[4.767992579471093,46.4456809865506],[4.768359665256252,46.445581542380936],[4.768236257083986,46.44536791946273],[4.768179233548348,46.4452688264078],[4.768140678050993,46.445184759040856],[4.768041001903034,46.44496761612813],[4.765838602496054,46.44558389046587],[4.765813170894021,46.44559121891897],[4.765771923680295,46.445601043590074],[4.764950415545116,46.44580315503535],[4.7643974065551,46.44593950626715],[4.763503734600424,46.44615470099207],[4.763562430630797,46.44624530401225],[4.763677258783528,46.44640763523026],[4.763760798155044,46.44651298598861],[4.763803239094583,46.446572316029204],[4.763839777395768,46.446622370114305],[4.763924151200343,46.44672932910158],[4.763955391573118,46.44676865678419],[4.763999298306693,46.44681688572532],[4.764056462955512,46.44688022148265],[4.764149879209338,46.44697262973347],[4.76426380768427,46.447086877852435]]],[[[4.764552250657067,46.45317454507021],[4.764488537195851,46.453267578924326],[4.764398207203567,46.45339993330545],[4.764368833753437,46.45344668203701],[4.764352470850569,46.453476657264225],[4.764318991904956,46.453565711354635],[4.76426990013494,46.45378452456363],[4.764223149596076,46.45414831128135],[4.764221168127335,46.45423615831683],[4.764216815143387,46.454383667082],[4.764213896406676,46.45447477104196],[4.764211342959391,46.4545529896161],[4.764207163782773,46.45483082426966],[4.764209825621125,46.454888967169936],[4.764210242576973,46.454905893538175],[4.764233214801989,46.45492715510223],[4.764279371049605,46.45495607465877],[4.76430987851798,46.45499676461236],[4.764406640588572,46.455135776372934],[4.764490302519269,46.455260579506266],[4.764514494803871,46.45531956071679],[4.764550112794732,46.455413492001334],[4.764412228792172,46.45544561447997],[4.76441512719904,46.455450613527056],[4.764451618313008,46.455539307401956],[4.764469257007757,46.4555810066993],[4.76450576135679,46.45566204456293],[4.764558260039107,46.455782285192406],[4.764630341621237,46.45595194089873],[4.764661976658981,46.45602746970982],[4.764684851569406,46.45608196782958],[4.764712056451483,46.45614945893294],[4.764875089924584,46.456552336882396],[4.764887280706299,46.45657466557155],[4.764915268995453,46.45663412846309],[4.764941325398133,46.45670235780329],[4.764975905077317,46.45679234200463],[4.765024658250646,46.456917594046566],[4.765085841425338,46.45707255662739],[4.765121979390483,46.45737183501111],[4.765178939367224,46.45750902931034],[4.765405258110087,46.457474998965566],[4.765607716072949,46.45781115666653],[4.76567713796419,46.45792663184835],[4.765737606539473,46.45802720400174],[4.765811727186136,46.45814287668436],[4.765880630091405,46.45825034370896],[4.765920269117893,46.45831133756884],[4.765978968524856,46.4584055421131],[4.766091916841257,46.45858528331091],[4.765989284778709,46.45860749550121],[4.766581002401665,46.459433368482756],[4.766599453531809,46.45943164207208],[4.766703699107861,46.459511541658564],[4.76685331786587,46.45924586855903],[4.766909932896001,46.459150871739574],[4.766933157479169,46.45911142296393],[4.767044132601492,46.45901279317451],[4.767131566883005,46.45897604395502],[4.767422289066082,46.45886202368819],[4.767681283913661,46.4587623640897],[4.768017985899476,46.45863150859374],[4.768544184591919,46.45842827607125],[4.768568281239921,46.458419796891945],[4.768984971479236,46.45829607647111],[4.769147104254917,46.45825600730746],[4.769460158843031,46.45817982479119],[4.769848211339389,46.45806933441555],[4.770199247306492,46.45793870060125],[4.770332107050003,46.45788016899346],[4.770432461266961,46.457840064572075],[4.770502723762297,46.457816458582734],[4.770546935011367,46.45779730938384],[4.770506666322617,46.457668865691296],[4.770479816164072,46.457584437532894],[4.770457257676279,46.4574957096484],[4.770438579714625,46.45742214315375],[4.770421757682626,46.457369623863805],[4.770394257134579,46.45729727491076],[4.770375643666124,46.457245774127834],[4.770360401845672,46.45720178682385],[4.770347445136196,46.45715190966893],[4.77034026086077,46.45712328923233],[4.770324070371036,46.457042028369024],[4.770296626128673,46.45694328852276],[4.770277239425067,46.45685991554524],[4.770259287273415,46.45671230166822],[4.770235963564632,46.456507577682885],[4.770231795829607,46.45647954097115],[4.770214255799021,46.45640487598534],[4.77020203832457,46.45635768940514],[4.770195442438573,46.45633113141088],[4.770144469974064,46.456157909395294],[4.769936968846893,46.456181209792106],[4.769780764753507,46.45619894148673],[4.76934466499508,46.45625406355251],[4.769316818398601,46.456062469369336],[4.769271229260732,46.4560672285351],[4.769177717995371,46.456077143216156],[4.768893299604872,46.456107667494564],[4.768882399737738,46.456068926800505],[4.76885265850869,46.45596355715937],[4.768847773408306,46.45594552908792],[4.768825868757841,46.455864806858386],[4.768800377972848,46.45577396244225],[4.768799352358478,46.45577046566184],[4.769090890536618,46.45571037901444],[4.769113515764722,46.45578919860782],[4.769971118335818,46.45560685580118],[4.769959569589919,46.455528044873084],[4.769955251373792,46.45549938000407],[4.769951565155325,46.45547412793664],[4.769947734082975,46.4554484277721],[4.769942167193839,46.455385286103876],[4.769675911966637,46.45544129049501],[4.769607378331881,46.45528103993143],[4.769572565826137,46.45520015750805],[4.769883113356896,46.45513563115888],[4.769847827262836,46.455080335538305],[4.769836544797236,46.455061956277966],[4.769790871771201,46.45499178016721],[4.769764309890485,46.454956344514116],[4.769707798951592,46.45489354174097],[4.769651539893505,46.45483046483443],[4.76953865767904,46.454705127196924],[4.769474350269892,46.45458272982762],[4.769453747259038,46.454542157979],[4.769412133051698,46.45446048018433],[4.769392406879929,46.45441881392412],[4.769367664653537,46.454367137710555],[4.769343578473161,46.454311578394915],[4.768947212952596,46.45440202096376],[4.768801890449587,46.454031658924926],[4.768739953426892,46.45404261554818],[4.768568518605386,46.45407274072457],[4.768432488079478,46.45409754392652],[4.768478234697388,46.45423842298436],[4.768215847413581,46.454293013140784],[4.768090419235883,46.45431927303455],[4.767959035052339,46.45408127471082],[4.767931400055397,46.454089088012296],[4.767402835197084,46.45425425621706],[4.767343733063867,46.454272283601796],[4.767317794095304,46.45428016057959],[4.767271722152978,46.45429411339658],[4.767252231703652,46.454299909093116],[4.766998638706967,46.45437660722128],[4.766969860290029,46.45438533865453],[4.766961442661477,46.45435880867279],[4.766767825720043,46.45439215641461],[4.766742675965423,46.45439623818877],[4.766703525819826,46.45440260805705],[4.766710860490393,46.454427893850145],[4.76657442019466,46.454440091602216],[4.766495855473613,46.454448692160646],[4.766449902904905,46.454454266452764],[4.766436256088228,46.45441917075313],[4.7664298700777,46.45440305722999],[4.766417561687413,46.454373074718106],[4.766386786138859,46.45426375748899],[4.766344166294596,46.454114633122956],[4.766318883564456,46.45402603669258],[4.766346956146303,46.45401965810884],[4.766172823006881,46.45391814170285],[4.765984864543538,46.453808192232806],[4.76577883710981,46.45368753345884],[4.765524574534473,46.45354213055995],[4.765446226318419,46.4534848872315],[4.765365081483269,46.45340967343668],[4.765295650766329,46.45333400835294],[4.765188223077932,46.45320768161425],[4.765138963239648,46.45315530259776],[4.764977964350739,46.45300845731974],[4.764951331847153,46.45299085518927],[4.764925427099211,46.452979636648514],[4.764889418137287,46.45297028551334],[4.764865167455524,46.452965886583925],[4.764842217145002,46.45296543055798],[4.764813718467686,46.452966681476205],[4.76477706426497,46.45297364261325],[4.764756100504367,46.45297819969599],[4.764734546627704,46.45298465732314],[4.76470557213229,46.452995372722576],[4.764687877031712,46.45300429263531],[4.764665022149337,46.45301887648273],[4.764656939388416,46.453026837279744],[4.764552250657067,46.45317454507021]]],[[[4.766260254525046,46.46271842765925],[4.765975521853451,46.46274840853234],[4.765970976836676,46.46274892912604],[4.765939431006588,46.46275283931876],[4.765785664984322,46.46278610931053],[4.765710947649672,46.46279717157211],[4.765646551070806,46.4628089749646],[4.765619283833207,46.46281218846865],[4.765594016489069,46.462812759086574],[4.76555221516347,46.462809892418576],[4.765530210498168,46.46281059273852],[4.765508301969927,46.46281426381416],[4.765411818275324,46.46284547720505],[4.765267753134887,46.46288048801804],[4.765161940790218,46.46289329131477],[4.765045739276035,46.46291129882616],[4.764960224973547,46.462931083857235],[4.764955112450662,46.46294629426624],[4.765062441727327,46.46308108923419],[4.765175091903526,46.46322724053839],[4.765250616998193,46.463329741949124],[4.765523183781441,46.46370507697348],[4.765682235394949,46.46393571511433],[4.765725744609358,46.46400340433878],[4.765762096013002,46.463994916545204],[4.765898994650897,46.46418941921874],[4.765986502666562,46.464307677001344],[4.766087434332203,46.46443392341333],[4.766183957406419,46.46456086836772],[4.766262982802182,46.46468682279424],[4.766331181373008,46.46478835597527],[4.766392502781738,46.46488278999787],[4.766479142498199,46.46501844397986],[4.766533540099561,46.465116407565525],[4.766573091832047,46.465214780807514],[4.76661914946818,46.46534097453357],[4.766663825270964,46.46543656647522],[4.766765760349153,46.46568222702643],[4.766662433745176,46.46569949659224],[4.76657559514902,46.4657308319499],[4.766515542107919,46.46574806276748],[4.766486512524304,46.46576130125423],[4.766475261479338,46.46577210323212],[4.766473194239808,46.46578474471734],[4.766498762506537,46.46593431267789],[4.76651913486851,46.465995874435514],[4.766538241238631,46.46606664270218],[4.766544773071909,46.466107342527884],[4.766633164715679,46.466091745096826],[4.766691687695899,46.46607958169205],[4.766752164877126,46.46606738803889],[4.76680477064793,46.46605765784256],[4.766938950658568,46.46601099918255],[4.767012641668306,46.46598824321524],[4.76716971739565,46.46615748355579],[4.767275740264014,46.46625158600878],[4.767297768521923,46.4662837598451],[4.767323479666009,46.466329026644736],[4.767341620882994,46.46636594413614],[4.767390424031711,46.466484259182984],[4.767411529768921,46.46652014005849],[4.767489964838445,46.4666478141093],[4.767638220621797,46.466810255039455],[4.767806889351991,46.46702335847161],[4.767827251,46.46709257596406],[4.767912666747235,46.467343084614946],[4.767952418151098,46.46745955799517],[4.767961958625492,46.46752065664196],[4.767973865081697,46.46763062562445],[4.7679856964265,46.467706099707435],[4.767989549665607,46.46771639790912],[4.768033574343447,46.4677957871742],[4.76808489529425,46.467887132636484],[4.768182810920144,46.46802855540486],[4.768293683118865,46.46819166411277],[4.768371579667513,46.468290524154334],[4.768397273713275,46.46830705928555],[4.768431172945549,46.46832337735041],[4.768591500023157,46.468371424003216],[4.768665558079681,46.468392074135046],[4.768713254104279,46.468399712157435],[4.768724080687541,46.46840395790001],[4.768758562524565,46.46842215828043],[4.768767764369704,46.46842453774087],[4.768777304536553,46.468425290738395],[4.76878990738292,46.46842401482692],[4.768817489286852,46.46841836390111],[4.768837660472633,46.468417331094464],[4.768851751938928,46.468417743424226],[4.768861649010525,46.468421463135265],[4.768871940937297,46.46842931986313],[4.768893002465613,46.468455744019465],[4.76891253344328,46.468475166558996],[4.768932770260388,46.468492236398504],[4.768950485997142,46.46851195723866],[4.76897137243853,46.46853298000873],[4.768995159174626,46.46855098562694],[4.769062724360666,46.468596504744724],[4.769124738741467,46.46863967793056],[4.769193647900304,46.468686437117555],[4.76921684829305,46.468698417210305],[4.769312514489839,46.46875025617211],[4.769321473357445,46.46875317975986],[4.769344740561162,46.46875516123819],[4.769357989071223,46.468753695130864],[4.76940363733014,46.468746413282844],[4.769459790386513,46.468741490644796],[4.769476079318054,46.46874132846045],[4.769489363981497,46.46874499565756],[4.769499458607803,46.46875078382082],[4.769509331742339,46.468761799361076],[4.769590759438575,46.46887699631203],[4.769897225438327,46.469307008182724],[4.769956487369901,46.46927735850307],[4.770144153136406,46.469183572673856],[4.770452361453612,46.46902847388978],[4.770608603477573,46.46889833631562],[4.770683689558265,46.468798007782134],[4.770718792692932,46.46875098865537],[4.770747106680682,46.46869560832934],[4.770809251391821,46.46852189462041],[4.770821292639945,46.46846316373948],[4.770846619653509,46.46817122076289],[4.770855181748078,46.468077597368534],[4.77090805179732,46.46795149321038],[4.770919271407405,46.46789556715618],[4.770945514932875,46.46768809380729],[4.770944997651775,46.46767215976824],[4.770941181850257,46.46766303196279],[4.770895113543388,46.4675890795134],[4.770924439805929,46.467532782750624],[4.770937968718782,46.46751185739499],[4.771070911470511,46.46736685868094],[4.771157755559116,46.46715502330223],[4.771166026223243,46.46710463707884],[4.771173513552267,46.46703012473794],[4.771140365097329,46.46701685816139],[4.77113142103118,46.46701438482954],[4.77111803393898,46.46701558309392],[4.770975913251726,46.467042464693854],[4.77071759094241,46.46709159247637],[4.770641093203191,46.467100163562755],[4.770416263778166,46.46712499363453],[4.770408424449902,46.46710836243519],[4.770718842693308,46.46706590366335],[4.77090018366571,46.467034541582464],[4.771197858781668,46.46698102048704],[4.771224033356701,46.466940084071545],[4.77124013178327,46.46690596889375],[4.77126546699016,46.46681911072963],[4.771280173580202,46.46677826201107],[4.771297426099755,46.4667315193922],[4.771308670535586,46.466692435636084],[4.771315429369655,46.46663162492823],[4.771318259231002,46.466542143392594],[4.771311527095608,46.46645524193458],[4.771295900288077,46.46634731235413],[4.771275220100173,46.46624432479145],[4.771272115476073,46.466212939138536],[4.771287470826787,46.466023467911135],[4.771288892239776,46.46596688307744],[4.771284368305077,46.46595200189843],[4.771278418375484,46.46594137602918],[4.771263197592008,46.46593827947102],[4.771250951146807,46.46593846932262],[4.771192476532216,46.46594405935612],[4.77103891144326,46.46597165890239],[4.770804220032484,46.46600573956549],[4.770635311080555,46.46602646098825],[4.77044224969042,46.46605404131926],[4.770296670816998,46.466078723995146],[4.769801377016556,46.466187993899624],[4.769715063009047,46.46620734447258],[4.769696902716785,46.46616988721979],[4.769714029193903,46.46617547637577],[4.769726449785607,46.466176635013994],[4.769744298413688,46.46617635855306],[4.769768973132469,46.466173544517936],[4.769792393536984,46.46616822799937],[4.769868388900498,46.466148226593596],[4.769978755856761,46.46611895607232],[4.770145721054634,46.46608250382207],[4.770313211256926,46.46605018632332],[4.770466901372314,46.4660224056881],[4.770749801841433,46.46598370565215],[4.771082184206061,46.465939464286784],[4.771217361557138,46.46591962538958],[4.771259701725468,46.46591491594726],[4.771278976256894,46.46591038393686],[4.771309172695697,46.465900999056885],[4.771329557110367,46.46589050533317],[4.771398501112531,46.46576577288099],[4.771426566848697,46.46568274525013],[4.771439808341744,46.46554059253326],[4.7714338696514,46.465510241570364],[4.771404198132109,46.46541937248737],[4.771377813750508,46.465313320982645],[4.771349479921582,46.46525962929711],[4.771301974169799,46.465185519155504],[4.771231399117934,46.46507934209394],[4.771242739686579,46.46507133035492],[4.771009840772013,46.46493164224539],[4.770803233919641,46.465015635743896],[4.770622304014882,46.46506347388439],[4.77058967012595,46.465013811659496],[4.770554652094158,46.46495896241978],[4.770460634234568,46.464813157934074],[4.770369245870659,46.464836730809026],[4.770141107908835,46.46489187465084],[4.770081556423958,46.46490441606281],[4.769980739770848,46.464922640534006],[4.769858080503258,46.46495462342407],[4.769841277941419,46.46496704290213],[4.769834853380015,46.46496588146766],[4.769804046191257,46.464964467249025],[4.769760899815457,46.46497243110267],[4.769561061807909,46.46501200396023],[4.76954785509244,46.46501473041247],[4.769539660305758,46.465019270669934],[4.769531791438115,46.46502984044296],[4.769523419883702,46.4650128571567],[4.769436889761498,46.46502950885409],[4.769346385866811,46.46504018745986],[4.769220679530802,46.46505861655791],[4.769088322677517,46.465064899229645],[4.768991226953091,46.465077300844676],[4.768853728424818,46.465105909672644],[4.768683551341987,46.465151776876574],[4.768673095560749,46.46513482579657],[4.768819430688915,46.4650973437797],[4.768999165664757,46.46505682253783],[4.769057809615425,46.46504843888141],[4.769083387056668,46.46504534080475],[4.769189732898853,46.46504486500143],[4.769211312546519,46.4650430897543],[4.769329951655426,46.4650237793599],[4.769486320198197,46.4650063163573],[4.76954400242506,46.46499641618583],[4.769821389811542,46.46494060074328],[4.769887509687607,46.46492561594713],[4.769952025290368,46.46490939501084],[4.770001234516795,46.46490349879404],[4.770019385939261,46.46490051554877],[4.770057433818909,46.46489209017515],[4.770146757229056,46.46486512695682],[4.770140373575414,46.46484514066533],[4.770122018299363,46.4648338062549],[4.7701082286277,46.46482258124376],[4.770068623968324,46.464783024437665],[4.770010159457307,46.46470854315644],[4.76998807474168,46.46467465940007],[4.769953928590225,46.46461853552512],[4.769929508319632,46.464576942079844],[4.770067495692949,46.46454337060453],[4.769903555721173,46.464287234650946],[4.769873070173349,46.46429572296917],[4.769731919976408,46.46431214019662],[4.769577383227459,46.46432975533407],[4.769438443864707,46.46418527627962],[4.769483422989442,46.46416953829389],[4.769572688895063,46.46413681203743],[4.769732027655683,46.46406634258732],[4.769353278470179,46.46401087230297],[4.769215600314411,46.46398562365901],[4.769152785021869,46.46400199800288],[4.769141903077501,46.46400405793681],[4.769109622607632,46.46393709675938],[4.769163119230154,46.46392275816717],[4.769163273592528,46.463915460258804],[4.769166795804427,46.4639115327885],[4.769172781592999,46.46390720689732],[4.769147999160698,46.463818243068566],[4.769072755581201,46.46384525772183],[4.768966303951627,46.46387455688904],[4.76887129581451,46.4638909791798],[4.768817853534745,46.4639029750224],[4.76881146200953,46.463894787707964],[4.768716378171018,46.463920938396825],[4.768374999679408,46.464033133579335],[4.768005836852493,46.464160799045445],[4.767898193118387,46.464197591296475],[4.767879248480956,46.464200226208426],[4.767859139100189,46.464199096280026],[4.767833258600298,46.464192831696366],[4.768199397522275,46.46406836598053],[4.768720452034811,46.4638898018304],[4.76859430844455,46.463697657804275],[4.768675231668372,46.46366893431552],[4.768756493098842,46.463638584305976],[4.768755908302211,46.46361652667042],[4.768756252158057,46.46360301112926],[4.768762169202497,46.46356842343554],[4.768760330200261,46.46354386330925],[4.768761724192756,46.46349439433031],[4.768760570224096,46.46341055877471],[4.768758019897184,46.46340024042345],[4.768750619133719,46.463385043416984],[4.768720778388797,46.463345064802404],[4.768693953386297,46.46330161690545],[4.768550422701424,46.46317215921023],[4.768483497267416,46.46310996735603],[4.768425604060909,46.46306907187035],[4.768334972045349,46.46301940607114],[4.768142196675899,46.46291475826079],[4.768025171820094,46.46284298365264],[4.767685812052834,46.46262711760642],[4.767660791761684,46.46263128758474],[4.767643347751736,46.46263597081509],[4.76761187017035,46.462646005047525],[4.767561299711172,46.46265408295932],[4.767509573309879,46.462622458699336],[4.767371010164817,46.46252147431553],[4.767340081018085,46.46250015629135],[4.767318091126713,46.462489237944745],[4.767288372336508,46.462481141194246],[4.767251499241104,46.46246946231085],[4.767237691295937,46.46246165983782],[4.767230603104111,46.462456095190475],[4.767212292096009,46.462429988477645],[4.767205692926804,46.46242342551548],[4.767198920693922,46.46241956727281],[4.76719379630346,46.46241829551567],[4.767183178063146,46.46242044125644],[4.767139858191842,46.46244714099605],[4.767098028660058,46.46247156596484],[4.766993090263156,46.46251534088226],[4.766936955853557,46.46253674458046],[4.7667620153615,46.4626003360541],[4.766668128580148,46.46262718709679],[4.766589696728662,46.46264830493475],[4.766377779508474,46.462693012856015],[4.766278903204212,46.46271471676701],[4.766260254525046,46.46271842765925]]],[[[4.766236854042453,46.453871216890484],[4.766404693963164,46.45398363869808],[4.766598375167238,46.45410124485879],[4.766616126393741,46.45411015728769],[4.766729776493992,46.4541588377866],[4.766763311740882,46.454168226617035],[4.766798097064818,46.45417597487533],[4.766819812410747,46.45417852118641],[4.766848280531845,46.454180332568626],[4.766877644929288,46.45417762667032],[4.766917668770349,46.45417007233838],[4.767012639343361,46.4541368992885],[4.76753880427929,46.45394592044134],[4.767523440275254,46.45392220002704],[4.767466729857056,46.45383300928877],[4.767393976275244,46.453723260989314],[4.76768965752992,46.45364654109528],[4.767673304971924,46.45361644115354],[4.767640664068311,46.45355822177094],[4.767777993154954,46.453521240186426],[4.767905872013911,46.45348620605832],[4.76802700487955,46.45366527834209],[4.768076839837573,46.453654869692784],[4.768088750107402,46.45365243363587],[4.768187010522215,46.45363235862453],[4.768308969866301,46.453607683455644],[4.768337551569696,46.45368136716757],[4.768708265692225,46.453627891535625],[4.768674404250176,46.453499888428944],[4.768862051549863,46.453467440439994],[4.769036162303848,46.45343952505371],[4.769006951121314,46.45337458787177],[4.768994561991889,46.45335019109749],[4.768965444936047,46.45331227292884],[4.768939981868091,46.45327853137652],[4.768926837859953,46.453267026047875],[4.768854875197448,46.4532340045521],[4.768821011475183,46.45321849678177],[4.768599076342167,46.453125830373615],[4.76851193555767,46.45307079680822],[4.768458330826628,46.453029204566064],[4.768398963904872,46.452978694679956],[4.768372881335821,46.45295396942396],[4.768311584472433,46.452791624593466],[4.768209279112223,46.45281149214838],[4.768196003799922,46.45277179740689],[4.768133286585138,46.452782765800684],[4.76813128514433,46.45277730261736],[4.767923191605853,46.452826188107764],[4.767930387810256,46.45287534406344],[4.767714859709927,46.45292002095523],[4.767666876717529,46.452806556964326],[4.767675663734177,46.45280425934782],[4.767623007536406,46.45271950935874],[4.767580900857895,46.45272709618767],[4.76755988780949,46.45266977767027],[4.767200014963968,46.45274397777399],[4.766732471442589,46.45284947453586],[4.765896307543648,46.45305298848652],[4.765257274669553,46.45318301667054],[4.765437301699943,46.45339432650837],[4.765462459737103,46.45341870643186],[4.765502495173411,46.45345582622714],[4.765554366103918,46.45349222266859],[4.765851878181974,46.45366532840203],[4.766137290919641,46.453814842454236],[4.766192712656862,46.45384415839685],[4.766236854042453,46.453871216890484]]],[[[4.767793415641743,46.47403698153008],[4.767853899256632,46.47399254301805],[4.767904354462768,46.473944386699834],[4.767941310760791,46.47388599132165],[4.767959293842811,46.47384554279301],[4.767979090030998,46.4737604825729],[4.768071297291267,46.473612875644804],[4.768151580523581,46.47353579621229],[4.768303466046641,46.47339537176195],[4.768335760503162,46.473374156381325],[4.768432207569714,46.4733372671212],[4.768520289099798,46.47329969663541],[4.768637473871125,46.47326311672385],[4.768709620997666,46.47323669093779],[4.769137365550352,46.473056418335624],[4.769202400858735,46.47301974451525],[4.769184343038089,46.472993544105066],[4.769173449809303,46.4729390414855],[4.769156154111057,46.47290418274421],[4.769148551947286,46.4728667420883],[4.769137324434605,46.47285016326664],[4.769117850205695,46.47283254123502],[4.768651415611028,46.472828683207716],[4.768572392745905,46.47282396179405],[4.768012568141676,46.472758228749704],[4.767789593568159,46.472736459416836],[4.767758885199707,46.47275431759651],[4.767746780268916,46.47278305640289],[4.76776086588769,46.47296828842785],[4.76776579006465,46.47320067764722],[4.767757554410656,46.47329249422936],[4.767776548239995,46.47335966129333],[4.767758105894789,46.473997357462],[4.767793415641743,46.47403698153008]]],[[[4.767545624344558,46.45886335795032],[4.767267822970262,46.45896988313525],[4.767169325018404,46.459007073807086],[4.76708366663926,46.45906243969036],[4.767027125438961,46.45909934151214],[4.76701439141214,46.45911259835516],[4.766997482945075,46.45913780875799],[4.766961343456678,46.45919700208698],[4.766903982921742,46.45928507521588],[4.766846952700158,46.45937530483847],[4.766796156650513,46.45946084454019],[4.766779547321306,46.45949127423121],[4.76677331570563,46.45950812327595],[4.766765050133578,46.45954265712827],[4.766762548503261,46.459566023460695],[4.766762430477764,46.45959457688163],[4.76676331943395,46.459634103040614],[4.766763771116677,46.45966012574322],[4.766766151644923,46.45967729193991],[4.766775420646336,46.45970191732796],[4.766803897603617,46.45976830747246],[4.766771587448028,46.459776733151],[4.766794151032089,46.459833577459136],[4.766809125267585,46.45988144225507],[4.766842288913034,46.459959738969],[4.766845313315375,46.46003300764542],[4.766859108196368,46.460100795728906],[4.76686942037633,46.460129458041315],[4.766991041222854,46.46037958761234],[4.767038725410665,46.46046756717767],[4.767060334983094,46.46051505910722],[4.767055668126436,46.46057619747588],[4.767066800854205,46.460622140158335],[4.767082406576633,46.46065729554745],[4.767141388546767,46.46075203556794],[4.767150736710293,46.46076702241367],[4.767210697870405,46.46086381882093],[4.767282293002299,46.46098178137487],[4.767319932959962,46.46103325848125],[4.767327313293343,46.461124293246485],[4.767354335510678,46.46114170870888],[4.7674307260572,46.46125077031548],[4.767497831732758,46.46135484163756],[4.767542001249169,46.46143485931787],[4.767602503435075,46.46156037889087],[4.767656206373267,46.46162890044661],[4.767711781887115,46.46170694022519],[4.767758318245937,46.46177953561938],[4.767777771637349,46.461812739953025],[4.767837636804662,46.46189845915691],[4.767861124876029,46.461939527039796],[4.767880320919067,46.461996963663346],[4.767898660439871,46.46204405570418],[4.768001204358995,46.462296460961106],[4.768077355388993,46.4624664119149],[4.768131592236337,46.4625915778438],[4.767938995731073,46.46261707536802],[4.767933589607848,46.462647331842284],[4.768053762821807,46.462715725295645],[4.768134966387461,46.462735904815254],[4.768200159595512,46.46272859108724],[4.768713909703996,46.46267488414211],[4.768826501862348,46.46290740823026],[4.769244795934883,46.46300090699727],[4.76931168950881,46.46301788470464],[4.769498197078075,46.463049762527085],[4.76951324040365,46.46306349009743],[4.76961654027148,46.46308575818671],[4.769676562287487,46.463095816801605],[4.769703706127955,46.46309683744249],[4.769752454618459,46.46308482380863],[4.769790601203626,46.46307144322506],[4.770047432735105,46.46294479163473],[4.770118675227797,46.46292306225345],[4.770166161038523,46.46290025982248],[4.770086842413302,46.462753416689],[4.770018932125011,46.46263278673061],[4.770007554635572,46.462591441574],[4.769979647327711,46.46247046204064],[4.769966595571173,46.46244580542906],[4.76993991250891,46.46241478501785],[4.769828061841175,46.46230969691864],[4.769772600493335,46.46225939734645],[4.769826114595908,46.462241635550804],[4.769952387894792,46.462377483663026],[4.770031265839908,46.46247461608364],[4.770131575472976,46.462601589234964],[4.770306179207767,46.46281693888761],[4.770429961749545,46.46296030075156],[4.770492849519216,46.46301850100172],[4.770540161826472,46.46300641921586],[4.77062798461626,46.46297749731724],[4.770755704357012,46.46293291560548],[4.770895472167391,46.46288607543114],[4.771037630971301,46.46284865517743],[4.771232249884531,46.462793128359365],[4.771328520552943,46.46276749753165],[4.771434835160335,46.46274612423167],[4.771881198357283,46.46266435578673],[4.772014818954979,46.46263697421908],[4.7724037255837,46.46250781828252],[4.77270649582178,46.462411341288195],[4.772919485960047,46.46234769054986],[4.77323084586084,46.46229097907511],[4.773157124360258,46.46215215721434],[4.773110159191122,46.462066600733756],[4.773013878389173,46.46190336013318],[4.772983595121636,46.46184582614504],[4.77293275625791,46.4617493413844],[4.772868119735781,46.46162532969269],[4.772788841132454,46.46147587572078],[4.772711392387566,46.46133458951478],[4.772654436067146,46.46124234269937],[4.772628255817756,46.46120275860979],[4.772486449181776,46.46100212508805],[4.772394349561858,46.46088322277347],[4.772333305398707,46.4608135562884],[4.772304119031808,46.46077771156225],[4.772180313124034,46.460633631495945],[4.772018499018062,46.4604469080884],[4.77171364780911,46.46009370498341],[4.771413732737298,46.45974790023233],[4.77134796809999,46.45967326262041],[4.771278960349512,46.45959507252616],[4.771205828552843,46.4595102812818],[4.771188517844471,46.45948289871589],[4.771162281491665,46.45943349774072],[4.771043051331918,46.459209364968274],[4.771004018494875,46.45913512336687],[4.770911655529686,46.45889949556457],[4.770870783780881,46.458792677723046],[4.770839780367702,46.45870480136608],[4.770807096290046,46.458601279178446],[4.770633826780553,46.45807328277466],[4.770566093921938,46.457861591377146],[4.770504117317721,46.45787948475668],[4.77041043794705,46.45790840740363],[4.770339431692515,46.457933195746456],[4.770217828119906,46.457977142020184],[4.770021305248402,46.458049809866594],[4.769823899215727,46.45812339173046],[4.769774449517842,46.4581377581099],[4.769618277528185,46.458176745091485],[4.76947964590395,46.45821005607753],[4.769094359689769,46.45830140787478],[4.768975641275971,46.45833792252424],[4.768807773908703,46.458390059298786],[4.76858509282219,46.4584599772436],[4.768541938917081,46.45847559663446],[4.768354789128424,46.458552079441915],[4.768287530607551,46.458579960853605],[4.768147031866009,46.458632123341104],[4.767880605672783,46.458735681884015],[4.767545624344558,46.45886335795032]]],[[[4.76870870053782,46.47146749962842],[4.768940928536899,46.47139689420578],[4.769129315008263,46.471333091707585],[4.769232351476244,46.47129853151234],[4.769269588237489,46.471293091284146],[4.769321571593423,46.4712881432509],[4.769417657352135,46.471248286429045],[4.769421519451829,46.471246785536096],[4.769453241714633,46.47128835608074],[4.769784085240637,46.471316197302414],[4.76983356491745,46.471314440194504],[4.769866119800815,46.47130934249089],[4.769902556066015,46.47129932098448],[4.770062161863412,46.47124046611348],[4.770144158303774,46.47121235563196],[4.770320858990749,46.47116611529777],[4.770456938142053,46.471125457829686],[4.770619054162123,46.471079713205036],[4.770824847949894,46.47102617608766],[4.77118899620889,46.47096766221516],[4.771425465590298,46.470931481986995],[4.771482845099882,46.47091609147774],[4.771748525219615,46.4708320818963],[4.772042522847237,46.470724935375294],[4.772453792796706,46.47056814287451],[4.773142216806036,46.47029554401508],[4.773646568730604,46.47009506067548],[4.773835710871158,46.47002673511334],[4.774143838800369,46.46992143524965],[4.774266445213279,46.469879541241184],[4.774537676052622,46.46979814087143],[4.77487219035461,46.46970260691462],[4.775099642258329,46.469637917337636],[4.775255128453611,46.469584973467846],[4.775329107594839,46.46955500223914],[4.775440616755953,46.46949661674349],[4.775707846650809,46.469388525442845],[4.775836386700583,46.469340773131016],[4.776063453595511,46.46926834170725],[4.776387587403997,46.46917845872812],[4.776476510815736,46.46915509958911],[4.776394657085265,46.46901127224171],[4.776582164066348,46.46894098593035],[4.776521245914632,46.46886762679153],[4.776518948927331,46.468865140593905],[4.77675146960187,46.468776140468506],[4.77699135852201,46.46868126089775],[4.777008223860642,46.4686747838969],[4.77698341684619,46.46862554208713],[4.776883565456318,46.46842543210175],[4.77681245224022,46.46827918630253],[4.776759480456763,46.4681736394189],[4.776702894770726,46.46807319252957],[4.77664960877118,46.46796999225862],[4.776589028977712,46.4678789745202],[4.776454319641557,46.46768111746939],[4.776376403455067,46.46758208288277],[4.77629824326262,46.46748755545206],[4.776158111790691,46.46731527168158],[4.775921973445421,46.46740910054894],[4.775815993284512,46.46745298975709],[4.775555466071904,46.46756647149934],[4.775282808139414,46.46768374383753],[4.77495581149461,46.46782563764836],[4.774761196449859,46.46792179124677],[4.774682619783471,46.46796264173906],[4.774567463689388,46.468049094397436],[4.774482207101886,46.468113015882565],[4.774437201343544,46.468140014736385],[4.774338101840256,46.46819514426553],[4.774183122315167,46.4682715868776],[4.774087206296646,46.468324415043966],[4.774083130809771,46.46831934443598],[4.774075110125187,46.46830920119672],[4.774166851092594,46.46824824166257],[4.774303637354238,46.46818955481919],[4.774382952427302,46.46814734210852],[4.774484025102717,46.4680887593026],[4.77460718879913,46.467992004656544],[4.774663644648706,46.467940329339164],[4.774934727003592,46.4678146165867],[4.775696432213028,46.46748412009918],[4.776110652792973,46.46730691253311],[4.776122949064148,46.467300236476405],[4.776129218397506,46.46728861028409],[4.776053740940036,46.46719638276667],[4.775971233728014,46.467088412456825],[4.775807269626333,46.46681661302699],[4.775780322987668,46.466769655932154],[4.775749205754684,46.46671871057812],[4.775679699741699,46.46658964217361],[4.77563598250524,46.466507999197226],[4.775551161496473,46.46634890579172],[4.775494168173925,46.46623180204639],[4.775401972583878,46.466046343067795],[4.775335613950692,46.465913802965765],[4.775277542762898,46.46579959805088],[4.775210605021476,46.465665265513415],[4.775181327369761,46.46560672569831],[4.775171009939963,46.465586080233415],[4.774832627727369,46.46569014202706],[4.774821202321864,46.46567149524529],[4.77481267833974,46.46566190028503],[4.774710630512483,46.46551406221507],[4.774663317686619,46.46545003804615],[4.774727413784502,46.46542895723347],[4.774708074862708,46.46539142896259],[4.774685948801898,46.46534835974946],[4.774656112694173,46.46528865759542],[4.774701792407028,46.46527443782748],[4.774633120670365,46.46514283395404],[4.774604473385671,46.465087616734294],[4.774586255967796,46.465052502867266],[4.774160981089507,46.46517799751167],[4.774094058543462,46.46507608868989],[4.774384690485704,46.46499078426804],[4.774352423525204,46.464932470814865],[4.774325065001107,46.46494091176245],[4.774316945219306,46.464927707760395],[4.774175769858517,46.464971421537605],[4.774037831289362,46.46472587577307],[4.773655743031779,46.4648325942727],[4.773406548450297,46.46490149172897],[4.773091244370891,46.46498969844543],[4.773085595714606,46.46498032894431],[4.77283757400034,46.46503722786404],[4.77254744793136,46.46510207498081],[4.772363171357592,46.465155191771764],[4.772046506384397,46.46522567323252],[4.771894739722559,46.46525639846315],[4.771862535621167,46.46526014034593],[4.771837000801731,46.46526053633922],[4.771767412614884,46.465257022005176],[4.771716035639654,46.46525637761861],[4.77167731005143,46.46526400343935],[4.771661727466694,46.46526982929554],[4.771641079864785,46.46528023709696],[4.77162153296277,46.46529242919048],[4.771607579313293,46.46530426434802],[4.77159142806692,46.46532469005488],[4.771579732635898,46.465345857282756],[4.771571935174014,46.46537065686409],[4.771558689466024,46.465424362734645],[4.77155041192063,46.46547853197908],[4.77154416380918,46.4655510436605],[4.771543548758617,46.46555618708223],[4.771556878176392,46.46562145995984],[4.771612150384198,46.465882521146376],[4.771864430337117,46.46584420304741],[4.771883851926586,46.465892358530525],[4.771908506241249,46.46595313247138],[4.771820952279976,46.46596637924747],[4.771801150800604,46.46597073938487],[4.771760032172992,46.465992993376915],[4.771685237846784,46.466017841112205],[4.771593320646993,46.466049259068406],[4.771463387318919,46.46605397572045],[4.77132902147038,46.46605867087453],[4.77132376929726,46.466085592608245],[4.771326775051251,46.466246407721584],[4.771342754279638,46.46630497449246],[4.771351101137988,46.46633321655493],[4.771388593484297,46.46650034218116],[4.77141378797496,46.46661388777627],[4.771413051386793,46.46661930328477],[4.771361432754323,46.46673971404763],[4.771313933690081,46.46685051369389],[4.771252957971883,46.466991875196086],[4.771241893834091,46.467024471242645],[4.771229034901463,46.467086097049354],[4.771221259947323,46.46714773411031],[4.771220971786525,46.46717097615512],[4.771222630797376,46.46718995481279],[4.771227865482834,46.46724679672318],[4.771129500812618,46.467352710484406],[4.771101084822289,46.46739287100203],[4.771087356808737,46.46741569089558],[4.771077878050494,46.4674449298262],[4.771059037410344,46.46750700859743],[4.771030886196637,46.46759949456812],[4.771000858744608,46.46768237232185],[4.770986618385503,46.46775365678849],[4.770985589786335,46.46777015519672],[4.770985657771666,46.467784294837145],[4.770992730114616,46.46782948948001],[4.77100236127546,46.467901304623126],[4.770990231291862,46.46790509535932],[4.770976325291758,46.467914407776654],[4.770968785769724,46.4679230811065],[4.770938393488917,46.46800677510296],[4.770926123760834,46.46804641510587],[4.770924153908154,46.468062027419876],[4.770913619152279,46.468171173110335],[4.770896084739317,46.46834176366362],[4.770886556091726,46.46841765862129],[4.770857140452089,46.46851538807063],[4.770836904017685,46.46857865930276],[4.770822713864682,46.468635441989704],[4.770810672830375,46.4686660716186],[4.770772707360307,46.468745379514125],[4.770727446347484,46.46883686957912],[4.770699013469088,46.46887252682773],[4.770606702237974,46.46896024255487],[4.770574526432382,46.468989022527225],[4.770489508473785,46.46904843382672],[4.770459392611368,46.469072408237274],[4.770436114290592,46.4691022211888],[4.770409995881788,46.469132888752874],[4.770255886435285,46.469272540209154],[4.77014404382244,46.469356955407534],[4.770075767925239,46.46941412551536],[4.770003469270182,46.46946784524007],[4.769932122861842,46.469510741998455],[4.769796827676461,46.469587504057756],[4.769649358494377,46.46965869013933],[4.769470260469514,46.46973135657656],[4.76933545232765,46.469782981541684],[4.76925180653664,46.469808414973414],[4.769115071741189,46.469856917122584],[4.768900113455443,46.46994130628656],[4.768752882023869,46.46999978790204],[4.768600932947426,46.470077616899616],[4.768437817348672,46.47016084245388],[4.768304912279513,46.470235043786026],[4.768182573185127,46.47031349478765],[4.7681171272141,46.47035350695374],[4.768018232432674,46.470435377850436],[4.767990752659113,46.47046030153638],[4.767981384396353,46.470476928932335],[4.767976216672182,46.470502498134344],[4.767971242320467,46.47051392366812],[4.767949549880188,46.470548485142025],[4.767899728312314,46.470652293773675],[4.767877607122341,46.47070982920371],[4.767862460362633,46.47075329618466],[4.767856514713257,46.470783020542164],[4.767853240176097,46.47083080723968],[4.767858543418352,46.47084963946927],[4.767881392645551,46.470890987437016],[4.767898278505144,46.47092531229304],[4.767909683394207,46.47097152085439],[4.767829100756894,46.470970876160045],[4.767828875724828,46.471068513340896],[4.767820170378601,46.47125040521784],[4.767846308434187,46.47165467627893],[4.767858219875384,46.4716762884464],[4.767867348367943,46.47168443347153],[4.767885015075476,46.47169055497038],[4.767904854956968,46.47169132883327],[4.767929323191027,46.47168608659708],[4.76808921047225,46.47163983969848],[4.768238163512684,46.47160213809765],[4.768309646519117,46.47157941559066],[4.768457461404892,46.471530743016245],[4.768628235212852,46.47148657856271],[4.76870870053782,46.47146749962842]]],[[[4.769445642353918,46.47281827898736],[4.769854515746859,46.4728078938883],[4.769879193459325,46.472805079832376],[4.769913608449455,46.472801034135976],[4.770179180402353,46.47277359280202],[4.770298718282158,46.47276138313193],[4.770550940909204,46.472712261206254],[4.770850564297876,46.47264952442188],[4.770890448684393,46.47264530360058],[4.771003396645417,46.47260680537565],[4.771156270991776,46.47254129825311],[4.771313088120653,46.472464741499046],[4.771488831552225,46.47235681763199],[4.771581617237369,46.47232772826238],[4.771640762933847,46.472298439834766],[4.771697906053976,46.47226368827245],[4.771738588482592,46.472247926063154],[4.771825450399662,46.47222108997178],[4.771951682489539,46.472186257729014],[4.772040637407463,46.47216767527804],[4.772094120557548,46.47216072123734],[4.772160463382664,46.472156359845606],[4.772263249490381,46.47215422531032],[4.772297016935247,46.472146316002146],[4.772381774794964,46.472114918641964],[4.772446297068295,46.47208662720887],[4.772494432344251,46.472071559734346],[4.77253036334972,46.47211819805974],[4.772577461654274,46.47211935889275],[4.772720702660434,46.472106508758934],[4.772841475542354,46.472096258735334],[4.772879819411108,46.47208476559514],[4.772898841429972,46.47207240134055],[4.772926003944058,46.472029737964725],[4.772953975063411,46.47189564290776],[4.772958624260505,46.471645631770436],[4.772958472465215,46.47155673690001],[4.772958609847946,46.47136443934681],[4.772898559653192,46.47126557559564],[4.772877624394397,46.471219064993896],[4.772847865212806,46.47107352629733],[4.772797738688996,46.47101927238326],[4.772841908534866,46.47100255497155],[4.7729004743449,46.47095147836517],[4.772919301479599,46.47092911956115],[4.772927140086543,46.47090558022806],[4.772925969535065,46.47087758720459],[4.772893116575434,46.47075317245569],[4.772811585092547,46.47059096379165],[4.772415647936323,46.470706088430816],[4.772323440602628,46.470740843855026],[4.771997229570076,46.470867585101395],[4.771990447492676,46.47085544101413],[4.771952086722028,46.47079415910882],[4.771891795207684,46.470820223048996],[4.771836442736067,46.470853866158365],[4.771799539874791,46.47086956981696],[4.771709253180247,46.470891235080124],[4.771613480386149,46.470924604112106],[4.771521287174818,46.47095179293629],[4.7714115531054,46.47096871564755],[4.771200772252977,46.47099711207606],[4.771151758105582,46.47100516733048],[4.771077897914343,46.471030900738924],[4.771175384813096,46.47111855708554],[4.770952708403101,46.471298541847695],[4.770866957136174,46.47137561806157],[4.770788826510331,46.471462573664645],[4.770763485572449,46.47145296881366],[4.770785410876742,46.47141759256745],[4.770900662858756,46.47131763227462],[4.771035265282327,46.47119134227242],[4.771019123597578,46.471163941556775],[4.771009651212333,46.47112112590061],[4.770994324703815,46.47109875635911],[4.770923462116491,46.4710321234367],[4.770768336085835,46.471068303030556],[4.770672199540173,46.47109852451394],[4.770535272314562,46.47114919293695],[4.770440336817192,46.471188312347934],[4.770323838457244,46.471245869428934],[4.770167198727927,46.471327826207904],[4.770037788907222,46.47140530790454],[4.76994639853819,46.47146130476671],[4.769878568371978,46.47166086534853],[4.769828631338345,46.471684696222056],[4.769803822561029,46.4717035444145],[4.769729430197646,46.471737031016765],[4.769658591894738,46.47177559640497],[4.769539367379105,46.47184562425513],[4.769370835718921,46.47192677329747],[4.769187411507842,46.472027066942594],[4.769071172459291,46.47208065568364],[4.76898309068067,46.472130205685815],[4.768552851066894,46.47236599833879],[4.768331437755905,46.47248885509667],[4.768233845868687,46.47253864173486],[4.767854277213939,46.47266880843025],[4.767863408019002,46.47270919775261],[4.768362340990161,46.472770559838764],[4.768573209911702,46.472792875693116],[4.768841652844697,46.472801690441734],[4.769367021308095,46.472821928224356],[4.769445642353918,46.47281827898736]]],[[[4.769819363747818,46.471636112957995],[4.769839221281167,46.47161734144911],[4.769860180206956,46.47159233818312],[4.769882982017418,46.471551814666896],[4.76989849083536,46.47150347812044],[4.769908929293853,46.471443511262436],[4.769900883356263,46.471404456291964],[4.769885043137166,46.47136624259119],[4.769593024033745,46.47133771034167],[4.769479777419444,46.471326764484616],[4.76930335897561,46.47132949627363],[4.769271524474938,46.471332691233314],[4.768869024229786,46.47146690934247],[4.768635322541051,46.471528260417806],[4.768501062237195,46.471568797459675],[4.768275090879704,46.47163137916282],[4.768141293891812,46.47167416030322],[4.768100462033127,46.47168533006891],[4.767961082406127,46.47171675874185],[4.767853363387119,46.47174364436223],[4.767878481394176,46.4719193386522],[4.76788490054179,46.47201281996657],[4.76785513995426,46.47223286611665],[4.767808753879331,46.47250306710737],[4.767788847429594,46.47266919019154],[4.76820235931192,46.47251237877192],[4.768541586716635,46.4723402330971],[4.76920674235652,46.471975969289474],[4.769338304790113,46.47190448980592],[4.769483627870057,46.471839281974205],[4.769540140173341,46.471813187800436],[4.769648967281965,46.47174413158373],[4.769774619207324,46.471663285969726],[4.769819363747818,46.471636112957995]]],[[[4.770916954486931,46.47302002621553],[4.771124268299963,46.47311345617445],[4.771147507395352,46.4731024679517],[4.771175252131764,46.473129868942074],[4.771197015719,46.47314169079441],[4.771290269790612,46.47317113865802],[4.771440679167515,46.4732103284629],[4.771596178282975,46.473237640249636],[4.77166801310273,46.473253819604764],[4.771988375347322,46.4733599061501],[4.772051650035198,46.473381441956136],[4.772384824060932,46.47348858968624],[4.772662237809084,46.47302719107612],[4.77276871110426,46.47282558816816],[4.772816225679646,46.47271118509414],[4.772910480036919,46.472470591971536],[4.772912641291549,46.472388686538245],[4.772871113187371,46.472266117690424],[4.772853554087622,46.472134980759364],[4.772806477805108,46.47213048717849],[4.772782837065823,46.47213310564991],[4.772737132196051,46.472142731455556],[4.772686929953205,46.47215035544579],[4.772496975520137,46.47216185858151],[4.772282889343184,46.47218895718733],[4.772167117419056,46.47219264415519],[4.772113679728028,46.472196985550354],[4.772071975851344,46.47220537815359],[4.771979578600328,46.47223437183759],[4.77184405443142,46.47226808723898],[4.771828139090375,46.47227175660653],[4.771755164198892,46.47230873520729],[4.770996940699108,46.47267697837228],[4.770922512668006,46.472709385472946],[4.770893885209516,46.472711000014215],[4.770319446290371,46.472817624727206],[4.770498698966761,46.47286591610371],[4.7706455708408,46.47291263739165],[4.770803965455089,46.472972960341096],[4.770916954486931,46.47302002621553]]],[[[4.770778341761575,46.46335327319982],[4.77099956976121,46.46329427207487],[4.771117914718579,46.46351094294708],[4.770964929677231,46.463548170813105],[4.77084020305658,46.46357658413969],[4.77075843566812,46.46359532469857],[4.770713151795216,46.46360566383363],[4.770703489420095,46.463629231309284],[4.770705579877252,46.46364946424835],[4.770784007649652,46.464001676204255],[4.770794111258408,46.46403988864622],[4.770833897093266,46.46418139955929],[4.770870843329442,46.46432376508486],[4.770889922136336,46.464401558464935],[4.770907335384265,46.464476225272136],[4.771157704723158,46.464816855018576],[4.771215124087059,46.46489522487091],[4.771277882133137,46.46497342186209],[4.771318220631607,46.46502350486181],[4.771355544803654,46.46505300897166],[4.771395584419343,46.465081840492296],[4.771432755406076,46.46510261034082],[4.771459423879561,46.465117058107374],[4.771493284043318,46.46513220497523],[4.771542240370941,46.46515063042212],[4.771598471918591,46.46516831256346],[4.771654186952414,46.465182129755526],[4.771705728862403,46.46519186849651],[4.771754400430211,46.46519750858947],[4.771791730549686,46.465199091335556],[4.771827939491906,46.46519825961576],[4.771864167605306,46.46519400499649],[4.771924061426745,46.46518397925444],[4.772138703706894,46.46513471546833],[4.772532436871106,46.465041241627524],[4.772655860242717,46.46501275665057],[4.772901981883635,46.46496156190715],[4.773112752078434,46.464913527233385],[4.773269598099131,46.464874705452615],[4.773350221892143,46.464852828479394],[4.77396054859657,46.46467411561427],[4.774230798167716,46.464599395796334],[4.774217285809346,46.464572675223955],[4.774261057712994,46.464559926341146],[4.774217544768488,46.46448044131935],[4.774265525000741,46.46446483496692],[4.774245292361623,46.464427860910554],[4.774587415195024,46.46432680495172],[4.774417550596154,46.46394926508926],[4.774216763885021,46.46400354206501],[4.774058602168628,46.4640458982919],[4.774053565288335,46.46404732752647],[4.773989084124793,46.46406454103135],[4.773680656878662,46.46414759887735],[4.773590034050678,46.46398616232898],[4.773699266051104,46.463958256747695],[4.77368214891054,46.46392087395779],[4.773958863611185,46.4638326341854],[4.774109524400079,46.463784089785015],[4.774313835141906,46.463717959314856],[4.774148690582932,46.463357188537],[4.774044846691089,46.46337438285349],[4.773955008051105,46.463389378115046],[4.773901263725776,46.4632156603097],[4.773848751256759,46.463224131435226],[4.77383844797536,46.463199882907176],[4.773800456033231,46.463205966926296],[4.773796051647629,46.463194776775424],[4.773835325840032,46.46318804237171],[4.773829205948546,46.46317219530762],[4.773822599993272,46.46317346875816],[4.773812403591801,46.463148498022434],[4.773820703113734,46.46314719827842],[4.773815124818097,46.46313197328264],[4.773849732496575,46.463126031870466],[4.773825226758304,46.46303778518241],[4.773573716299006,46.46309131743884],[4.773508843873399,46.4631044836932],[4.773492647926157,46.46305934070695],[4.773442640450384,46.46292033104139],[4.773441064044504,46.4629159421671],[4.773405103743764,46.46282814340654],[4.773361905696809,46.46271415705053],[4.773318861512705,46.462600888836754],[4.773288781336362,46.46252155525601],[4.773246789376856,46.46252887207095],[4.773010708858205,46.46256784278085],[4.772988171396151,46.462508026949635],[4.772982187951154,46.46249235786246],[4.772975905931261,46.462475522521316],[4.772924297165599,46.462483709002875],[4.772904559923241,46.462425831203305],[4.77288769758358,46.46242834457822],[4.772878788295247,46.4624068664532],[4.772561910870294,46.462502391896045],[4.772119963927096,46.4626438097668],[4.771951641886917,46.462682267649946],[4.771515760280768,46.4627697282777],[4.771345284561899,46.46280209401127],[4.771058187832736,46.46287562717333],[4.770944034986249,46.462912523274476],[4.77081640895195,46.462959985929366],[4.770791023730726,46.46297298893212],[4.770741631679012,46.463029416600655],[4.770721893156516,46.46309592263446],[4.77072203744861,46.46315257328075],[4.770734939330543,46.463264958536364],[4.770727813232735,46.46336666588148],[4.770778341761575,46.46335327319982]]],[[[4.771546221793957,46.474272395878174],[4.771605318685534,46.47439406229759],[4.771632558805007,46.4744620916923],[4.771653023296971,46.47453022612761],[4.771756084910631,46.474524395058026],[4.771929351550972,46.47451261164225],[4.771990672667545,46.47450607656079],[4.772106925416585,46.47446086102307],[4.772152089331823,46.47428605908995],[4.772223382254033,46.47397656043283],[4.772239001673652,46.47390759626543],[4.77225317528229,46.47381820906791],[4.772266272619405,46.47377594415519],[4.772333833164561,46.47366456294796],[4.77234740134729,46.473636791679255],[4.77235975479726,46.473595709175285],[4.772360865255981,46.47357371534367],[4.772345869900444,46.473549539475464],[4.77232570486226,46.47353075780207],[4.77229183340463,46.47351543115586],[4.772068226749109,46.47343423498154],[4.771923991053828,46.47337243324197],[4.77176467282752,46.47331987198483],[4.77166914596554,46.473292711439996],[4.771575159017147,46.47327282245515],[4.771208609274761,46.473197623484815],[4.771136675279759,46.4731783830678],[4.77113138352736,46.47319206536122],[4.771132311389461,46.473224655610736],[4.771124277422352,46.473266301498754],[4.771111341330688,46.473317570576974],[4.771107343041182,46.473423282355746],[4.771098619568178,46.47356815689546],[4.771097849602688,46.47364481672637],[4.771092704423056,46.473759372941],[4.771094429478105,46.473804470288385],[4.771127227376211,46.47385097746459],[4.771216162208337,46.47390796309819],[4.77113481448705,46.47397623456916],[4.77121407301977,46.474044358480796],[4.771359190763133,46.47399680485797],[4.771509436082716,46.47420748668937],[4.771548474154915,46.4741972442178],[4.771546221793957,46.474272395878174]]],[[[4.771625716695704,46.476190062716334],[4.77156936199956,46.47636963128896],[4.771482661947538,46.47660236000651],[4.771392220201706,46.476808216306274],[4.771327548190573,46.47695251692244],[4.771247976774664,46.47720810225194],[4.771233472813639,46.477267321581934],[4.77121963034173,46.47735895513044],[4.771220121833771,46.47742226530425],[4.771210041194779,46.477477182875816],[4.771208303281911,46.477503960001656],[4.771223991265769,46.47753740227956],[4.771383917103471,46.477475838883045],[4.771571670921488,46.47739601040693],[4.771700987352008,46.47735140350127],[4.771816564935557,46.4773213302685],[4.771851340429095,46.477304218584266],[4.771942318137225,46.47725534214393],[4.772018536440217,46.47722569883799],[4.772290620401539,46.477125196869025],[4.772401024483942,46.477092411155986],[4.772393198001637,46.477068214175304],[4.772638567234212,46.47702829111835],[4.773361835097828,46.47692267854645],[4.773446599460686,46.47691532859399],[4.773489789775267,46.47691645969315],[4.773526539317999,46.4769239954959],[4.773546086512172,46.47695980942268],[4.773844901226616,46.476871588430285],[4.773934362364582,46.47686434534593],[4.774073590606061,46.47686803846001],[4.77463856564119,46.47676595579816],[4.774835970325242,46.47674253472626],[4.774951659383203,46.476732001317195],[4.774925989391027,46.47666430854249],[4.774916286231788,46.47663455664285],[4.775015143555131,46.47653547744943],[4.775100898890207,46.4764784833445],[4.775199642417358,46.476432005516536],[4.775254630996875,46.476399087062056],[4.775398274422993,46.476298140888375],[4.775523440753878,46.476274399769615],[4.775453261445607,46.47602888364035],[4.775357406762161,46.47584366164877],[4.775313270306102,46.475789405781335],[4.775259932452854,46.47575285612158],[4.775156342158275,46.475698442967975],[4.775106332566408,46.475672019234054],[4.775074742952849,46.47565476650986],[4.775047923551212,46.47564788758191],[4.774981119696478,46.4756382071216],[4.774853788688152,46.47562343214103],[4.774781288076661,46.475610957863594],[4.774468565979128,46.47552790776028],[4.774324396800771,46.475496460856185],[4.774093502447215,46.47545609242527],[4.77391482215873,46.47542977425194],[4.773723678280157,46.47540103728153],[4.773674186376458,46.475386493885246],[4.773664816351279,46.475370967472486],[4.773658580833605,46.47536764166674],[4.773622414933917,46.4753700043501],[4.773568694653603,46.475369757291126],[4.773469992010589,46.475349312516514],[4.773348581478723,46.47532813922892],[4.773215323585893,46.47531147291743],[4.773060576475785,46.47526739891144],[4.772980448913351,46.47525288020855],[4.772839175506151,46.47523426625814],[4.772764170646096,46.47522894494214],[4.77249072264813,46.47521895589475],[4.772455258045317,46.47522283848875],[4.772262069551035,46.47525952020642],[4.77219418243132,46.475272642145356],[4.772101690993161,46.475294882192145],[4.771901966988118,46.47535111933534],[4.771826591896803,46.47554710518209],[4.771792886690968,46.47565733062226],[4.771746283507693,46.47584809669284],[4.771708819783207,46.47598711206637],[4.771694425251425,46.47610586473981],[4.771794313823198,46.476074503560035],[4.771686589931753,46.4761255309732],[4.771661721294251,46.47614257910185],[4.771636982579298,46.47616764126356],[4.771625716695704,46.476190062716334]]],[[[4.772350789436638,46.473716989776406],[4.772322974394621,46.47379578039773],[4.772225214899472,46.47415333560567],[4.772156463594578,46.47449693062668],[4.772122388086518,46.474639856646434],[4.7720753572911,46.474809373487446],[4.772048619893942,46.474937414519644],[4.77202009415781,46.475042515922794],[4.771958543767697,46.475202530495544],[4.771927821403505,46.475276142116456],[4.771928229536618,46.475284692250995],[4.77193754380997,46.47529049231555],[4.771954538849983,46.47529194008409],[4.771987602500177,46.47528638358406],[4.772210777599278,46.475237708589425],[4.772315492422342,46.475218521327236],[4.772498819737734,46.47519532254249],[4.772691283477615,46.47520053330527],[4.772764117022005,46.47520723937312],[4.772995210208863,46.475233736893614],[4.773035195652355,46.47524059215584],[4.773105472820617,46.47525688488555],[4.773662635027112,46.47535199696502],[4.774104351366752,46.475428903573274],[4.774284213243249,46.47544745725029],[4.774493613448102,46.475496355261264],[4.774675354400092,46.47554460162173],[4.774790407578008,46.47558271498416],[4.7750258619741,46.47561094206639],[4.775052073644481,46.47561116539929],[4.775097048992121,46.475603081201875],[4.774864233271873,46.47538350863212],[4.774538010363758,46.475073786878504],[4.774274736154131,46.47484351769336],[4.774152480195277,46.47479632871761],[4.774079103907342,46.47474486812327],[4.773899961995494,46.4746842411842],[4.773830883089642,46.4746406397181],[4.773780364016356,46.47463457872092],[4.773778273541122,46.47460236679407],[4.773688279279944,46.474549002268795],[4.773389317313152,46.47432757130391],[4.773250496982403,46.4742199325623],[4.773150141832608,46.47413655559784],[4.772831145717312,46.47379996682048],[4.772777435601532,46.473747840044766],[4.772700309446568,46.47370526344392],[4.772524004443516,46.473627477472284],[4.772489655309721,46.4736215253719],[4.772445909735461,46.473623284725676],[4.77241966952583,46.47363017663004],[4.772386584340805,46.473655098241146],[4.772373195127726,46.473672328775095],[4.772350789436638,46.473716989776406]]],[[[4.771799492539471,46.44561622841061],[4.771822054965011,46.445616869146725],[4.771848841667358,46.44562320872559],[4.771872941546897,46.445635084156656],[4.771892958748296,46.4456496349065],[4.772049709761244,46.44579014160493],[4.772167880136887,46.445894138529695],[4.772235708022952,46.445944515159574],[4.772303303745129,46.44598372686465],[4.772350121161931,46.446009030151544],[4.772491765145973,46.44607348271151],[4.772588155733774,46.44612467682682],[4.77273807033208,46.446211067503775],[4.772793078083476,46.44624380924141],[4.772852377596233,46.44628432029258],[4.772970651730374,46.44637939803039],[4.773121490379301,46.44649819852647],[4.773193860569995,46.44654796368023],[4.773354037789729,46.44665337883278],[4.773631700326118,46.446849559810545],[4.773706845804536,46.446912521620675],[4.773880197663789,46.447078437623055],[4.774002102857406,46.44719291273461],[4.774094301441848,46.447271371415596],[4.774167229620749,46.44733824032179],[4.774197520694669,46.447372175956104],[4.774232403793637,46.44742711627646],[4.774244445609097,46.44743278367048],[4.774978166364598,46.44716793087199],[4.775791195013767,46.44694993680415],[4.776733956746997,46.446706681090745],[4.776884066108752,46.44666273420348],[4.777308621985529,46.44649976937961],[4.777433916596237,46.44645008323274],[4.77788847371611,46.44623621089021],[4.77812381780994,46.44612491522559],[4.778243308367951,46.44606910378898],[4.77852021242266,46.445949684511575],[4.778186607702413,46.44572457345787],[4.777779564434936,46.44544890522265],[4.777255581568237,46.445095164510946],[4.77708351388078,46.44496481063217],[4.776954539545961,46.444877379241426],[4.776899167625781,46.444841492748566],[4.776679759031136,46.44467773881192],[4.776509389361306,46.4445674429815],[4.776405701369199,46.444500243374854],[4.776162636472602,46.444342170471586],[4.776026559733185,46.4442606129142],[4.775855397167773,46.444165910335315],[4.775763521531927,46.444129329945106],[4.775578575138224,46.44405546697982],[4.775456452808622,46.44400629663874],[4.775257569359489,46.44390851145094],[4.774781804449887,46.444143058598115],[4.774650246851397,46.444012071649986],[4.774024377878209,46.444310734888866],[4.773961695226522,46.44424226569146],[4.773693013253939,46.4443741558321],[4.77355222832453,46.44444029079261],[4.773580760054572,46.44447227238795],[4.773301024370854,46.444580825344204],[4.77326274914056,46.4445336833167],[4.773208087268172,46.4444674309666],[4.773061716674471,46.44428947633182],[4.771070547896311,46.44496409022696],[4.771213305689018,46.44516335950212],[4.771281480728655,46.44525660387085],[4.77135133274414,46.445353334861636],[4.771490076211804,46.44554528045757],[4.771566494484516,46.44564758379013],[4.771577582711121,46.44566002138088],[4.771587475841971,46.445663740869115],[4.771599744038576,46.44566436118885],[4.771615955938824,46.44566203814421],[4.771799492539471,46.44561622841061]]],[[[4.773454149196431,46.471261457438096],[4.773606822974533,46.471558834531855],[4.773615646307693,46.471569595823254],[4.773650777109792,46.47161966881925],[4.773741814132867,46.47175335790883],[4.773839380967665,46.471895411968845],[4.773912467005914,46.472118456969945],[4.77392167105139,46.47214893724892],[4.77402214323273,46.472484502463956],[4.774027974385308,46.472483421186254],[4.774047985768993,46.47258164503764],[4.774073201793176,46.47268357094278],[4.774088308930729,46.47271918351219],[4.774113084443865,46.472779504774564],[4.77418209982364,46.472941456551176],[4.774205102596293,46.47299135741625],[4.774245247819343,46.47311538838159],[4.774274986762194,46.47318400888018],[4.774347205120284,46.47338427984916],[4.774358803340785,46.47342021707358],[4.77437622569676,46.473498936286525],[4.774388275021075,46.473564769118994],[4.774389895812011,46.47358654043647],[4.774386317782957,46.47360478975538],[4.774361307611606,46.47360941130676],[4.774361764252902,46.47357535846758],[4.774356188956997,46.47351618021622],[4.774321060504715,46.47341413808206],[4.774279496265057,46.47329859557955],[4.774240580668519,46.473204358082626],[4.774127837322666,46.472908433414275],[4.774095822173104,46.47282994072529],[4.774057674361483,46.472743256971164],[4.774044482178788,46.47270239071716],[4.773980006075053,46.47249560453457],[4.773940681284655,46.47250098863788],[4.773922701759715,46.472505320819764],[4.773887827508619,46.47251928235391],[4.773831228728074,46.47254267799424],[4.77378932131682,46.472556838742776],[4.773721188981408,46.472578341793636],[4.773463164693497,46.47265341035971],[4.773300956934482,46.47270843740993],[4.773225719313021,46.47273194185251],[4.773135428565804,46.47275757125604],[4.773050548622487,46.47278924126171],[4.772999092429224,46.47280643205443],[4.772946378668104,46.47282103036042],[4.77289653005738,46.47283153112482],[4.772834988180987,46.4728472570951],[4.772775714117794,46.472976883979406],[4.772760912192621,46.47300278301801],[4.772731940257419,46.47307402599145],[4.772712444408124,46.47310792383278],[4.772683607789252,46.47315124358649],[4.772661350635721,46.47318842670478],[4.772646453407354,46.4732154080213],[4.772627872693187,46.47324136565872],[4.772574906790223,46.473300371257544],[4.772524562723938,46.47336383956448],[4.772486546375182,46.47340550029224],[4.77246502104861,46.47344114085831],[4.772434331450687,46.473503673781515],[4.77243075009863,46.47351381695466],[4.772430617960115,46.47352579805748],[4.772433065482923,46.473536928535324],[4.772436748720182,46.47354596828067],[4.772445610172598,46.47355789995401],[4.772454417634632,46.47356415817575],[4.772481942763947,46.47357273804033],[4.77255139913625,46.473591925989005],[4.772582764418408,46.4736023376918],[4.772662839064135,46.47363937447753],[4.772687580946447,46.473654572438626],[4.772709548513557,46.473668642547786],[4.77273522143494,46.47368841952744],[4.77278689679022,46.47372607692854],[4.772801515344172,46.47372260768829],[4.772874338034623,46.47379722515594],[4.772911171078626,46.47383547304543],[4.772956354745377,46.47388998375259],[4.773116050100054,46.47404629596417],[4.773185095069707,46.47411295580116],[4.773268768905448,46.47418848546715],[4.773348829778864,46.474257135900054],[4.773381054797413,46.474281944942376],[4.773461101513464,46.47433411306025],[4.773686068972803,46.474497067289505],[4.773707049038793,46.474492778651715],[4.773788216293097,46.47455934005013],[4.773822898373095,46.47458753342077],[4.773859773685189,46.47461100919534],[4.773905316299341,46.47463642197989],[4.773951791592659,46.4746544346847],[4.77405628058873,46.47469649560897],[4.774198796051141,46.474749314634465],[4.77422100306119,46.47474266508355],[4.774348726047717,46.47485371744931],[4.774463545115466,46.474952810858504],[4.774718756576878,46.47519167124372],[4.774952805266746,46.475421132435805],[4.775025540818169,46.47548890477044],[4.775087480278699,46.47555342217286],[4.775153254228862,46.47561157521108],[4.775293670670163,46.47573197660659],[4.775450761142668,46.475679728411905],[4.775465586944114,46.47551440321101],[4.775473505789119,46.47543727193626],[4.775482256053027,46.47535364283729],[4.77550548595021,46.47520620067031],[4.775529406695536,46.47505595564723],[4.775544213434364,46.47496214480365],[4.775597952265005,46.47463057964055],[4.775620208106242,46.474489277191665],[4.775643733474469,46.47435894331986],[4.775650953705704,46.474340457226916],[4.775660399421256,46.47432625982297],[4.775672276894328,46.47431067360937],[4.775687227483935,46.47429738141301],[4.775705100373713,46.47428575509929],[4.775724574968268,46.474275274779124],[4.775742677789776,46.474266707203164],[4.775763448172969,46.474259989602295],[4.775777803147816,46.47425643400872],[4.775791574025046,46.474254959057475],[4.775816482036799,46.47425520246375],[4.775843568654837,46.474258294189],[4.775877122094285,46.474263807317605],[4.775895907556049,46.47426819892151],[4.77591767395518,46.47427605685345],[4.775947386061605,46.47429171729241],[4.775979537402609,46.47431022199524],[4.776002905823983,46.47432724196471],[4.776036502522154,46.47435410052662],[4.776073970470123,46.47438774409031],[4.77612469007192,46.47443198985375],[4.776191396407239,46.47449075828652],[4.776269802659278,46.474560513270085],[4.77635577867497,46.47463852687082],[4.776392242713312,46.474673356826216],[4.776414506468539,46.47470048152033],[4.776460185287009,46.474766061585974],[4.776518309786663,46.47485351485133],[4.776581748276763,46.4749560169244],[4.776612229916412,46.475011295222274],[4.77664334425661,46.4750699862657],[4.776665197605691,46.475112518948876],[4.776704745677852,46.47518197710124],[4.776724813891263,46.47521372934967],[4.77675845165681,46.475253827089865],[4.776771265761981,46.47526299494263],[4.77679349397555,46.475273007169996],[4.77682616533713,46.47527943442672],[4.776861698783209,46.475281674036516],[4.77694194223651,46.47527970575977],[4.777171841635152,46.475201464157436],[4.777890187784938,46.474965840464186],[4.778117211387052,46.474899440590036],[4.778677447773499,46.474752827465394],[4.778974136315092,46.47467597440437],[4.779632394623916,46.4745010802383],[4.779800837723765,46.47446936483054],[4.779817410551481,46.47446586425178],[4.779831748741647,46.474457804995005],[4.7798390095298,46.47444859501361],[4.77984091222408,46.47444298114735],[4.779838059445171,46.47443545984748],[4.779827799220282,46.474420668323916],[4.779769113195597,46.47434412366349],[4.77971779656076,46.474273678910876],[4.7796869816599,46.47423624009493],[4.779662260501367,46.47420176868888],[4.779634472223643,46.47415320432928],[4.779615772462052,46.474115486750364],[4.779605304888578,46.474090340588845],[4.779602350428531,46.474075705475585],[4.779581377681951,46.4739563313899],[4.779569173810431,46.4739019400845],[4.779551191916489,46.4738382716608],[4.779540368770528,46.47381421184979],[4.779503151725904,46.47374435804948],[4.779453243752825,46.473637143403785],[4.779442623331358,46.47361929513628],[4.779377156508129,46.473534659666804],[4.779291924374465,46.473423581655375],[4.779272542058092,46.47339289997462],[4.779244763348777,46.47334460558151],[4.779192729655509,46.473260121125314],[4.779123587776024,46.47314672090001],[4.779062055935247,46.473046802461006],[4.779045605752962,46.47302607266929],[4.778916270703154,46.47288974135658],[4.778717385566559,46.4726873916978],[4.778495810240885,46.47247278530983],[4.778352610699496,46.472334957880186],[4.778304865924854,46.47234596869509],[4.778139371921238,46.47238799395343],[4.777907492063629,46.47244906552637],[4.777710599385363,46.47249968481874],[4.777586514884887,46.47253232842105],[4.77732200134719,46.472600121139685],[4.777308412790907,46.47260717767601],[4.777302103266435,46.47261358058654],[4.777300150509578,46.47261766402828],[4.777301619440879,46.47262673807009],[4.777303659426319,46.472637334389475],[4.777349598652451,46.472710926131505],[4.777403507160797,46.47279304044669],[4.77620109062393,46.4730750062954],[4.776194913540828,46.47306546501625],[4.77619180660319,46.47305812771957],[4.777303108170216,46.472800456485096],[4.777330215446606,46.472792198933575],[4.777341067799561,46.472785184954176],[4.777347686098391,46.47277625532946],[4.777348637072973,46.472765432353235],[4.777341732071001,46.47275356068166],[4.777247323556726,46.47260074222744],[4.777495330560289,46.472534467403605],[4.777709142805164,46.47247899178844],[4.778163490840484,46.4723600577572],[4.77830228457611,46.47232277126189],[4.778259538440485,46.47226318083726],[4.778200501837638,46.47217574261409],[4.778163954369972,46.47211434439793],[4.77806634834352,46.47193545655463],[4.778009079078625,46.47182223122176],[4.777930835029507,46.471681411064395],[4.777907460164148,46.471648179307685],[4.77780332121918,46.471456783346085],[4.777757735985273,46.471350041159624],[4.777743797215494,46.471302341714896],[4.777695071594177,46.470987230454945],[4.777690928257818,46.47096009430589],[4.777677401395604,46.470873028622336],[4.777653389906438,46.470744244315206],[4.777627524404213,46.47062656723922],[4.777451822182849,46.47063920801267],[4.777464392089553,46.47071692150878],[4.777325481137802,46.47074250000343],[4.777243547506863,46.47053634725237],[4.777134011743422,46.47057128606216],[4.777070994112486,46.47043356106174],[4.777094406835711,46.47042797298242],[4.777091960184738,46.47042089564321],[4.777090090424393,46.47041552062838],[4.777035214398304,46.47025560226985],[4.77703005174702,46.47024118157311],[4.776997741982309,46.47014972437863],[4.776993837016734,46.47013789610007],[4.77737480060273,46.470051720060454],[4.777370456528995,46.47004242053464],[4.777347188118394,46.469984418247],[4.777333027606129,46.46993789308906],[4.777332677329035,46.46993114341895],[4.777336676506341,46.46992585725477],[4.777372842323367,46.46991160432786],[4.77757259115069,46.469864904026664],[4.777539350848949,46.46979291618834],[4.77745854546179,46.46961736922485],[4.777375927799216,46.46943419459588],[4.777227804033475,46.46911288335041],[4.777101654057356,46.46914591895869],[4.777154684330804,46.46922120184953],[4.777082178767174,46.469240343176104],[4.777070466559032,46.46922494352387],[4.776909332090314,46.469300494808465],[4.776900731743033,46.46930459155589],[4.776892941289433,46.46925751694452],[4.776817929107245,46.46927174332807],[4.776705527216638,46.46929465719444],[4.776694670890429,46.46929752804968],[4.776642889474704,46.469308600978366],[4.776661859120777,46.46934271208936],[4.776567810221233,46.469364800036544],[4.776540394112816,46.469371531078146],[4.776548875355012,46.469387791631505],[4.776557711000127,46.46940692885753],[4.776437360104351,46.46944194511923],[4.776392475001485,46.46938058592519],[4.776383673956033,46.469382524115474],[4.776376085898507,46.46936967225757],[4.776355679005436,46.46937548367197],[4.776362792805803,46.46938978399577],[4.776274098919153,46.46941620179038],[4.776264791362738,46.469418598186444],[4.776253151009616,46.46940139597231],[4.776085327939318,46.46944372480123],[4.776002178992923,46.4694642918252],[4.775901672414584,46.469492243954505],[4.775874008704606,46.46945133259551],[4.775832545578976,46.46939496382703],[4.775825651714611,46.46938741517048],[4.775732825056997,46.46941903065897],[4.775609686568421,46.469464537273986],[4.775564265733067,46.469482806391085],[4.775441584041536,46.46954235636172],[4.775386059260129,46.46957059983653],[4.775279712896972,46.469615394832125],[4.77523261701793,46.469630267246515],[4.775133867959695,46.4696601728838],[4.775062795827665,46.46968334370741],[4.774978646345037,46.46970923954063],[4.77487955440947,46.46973662837045],[4.774583891343292,46.46982831651451],[4.774164464280471,46.469958403222485],[4.774016775853793,46.47001068409863],[4.773715595085186,46.47011317372208],[4.773457655317309,46.47021454107247],[4.77323085889987,46.47030353553272],[4.772891492915028,46.47043849962252],[4.772868329820534,46.47045579181725],[4.772857357209993,46.47046713050866],[4.77285394290602,46.47048240499564],[4.772854532547583,46.47049653654276],[4.77286551748886,46.470521675250914],[4.772885875709285,46.470566483514474],[4.772899527787976,46.47060148833114],[4.772904109694169,46.47061411684538],[4.772945263643306,46.47072119978362],[4.772998551007317,46.470832597847185],[4.773054447698129,46.470928013340874],[4.773060139631881,46.47092666406587],[4.773102199683135,46.470913221740936],[4.773316214322525,46.47109661183876],[4.773454149196431,46.471261457438096]]],[[[4.773274359613461,46.45001579032323],[4.773245244898031,46.45003011285769],[4.773199152711015,46.450071359199974],[4.773242707323353,46.45047734196751],[4.773252649740508,46.4505707687037],[4.773262946294219,46.45066707212975],[4.77327783148191,46.450808338524936],[4.773289651139035,46.4509314586882],[4.773301097665231,46.451055125051944],[4.773340935412726,46.451446934638646],[4.773345867821608,46.451506483348744],[4.77334945411977,46.45154866975422],[4.77333646746173,46.4515500422611],[4.773384264828696,46.45189002897735],[4.773533518599524,46.45187537230683],[4.773745733136078,46.45185730592916],[4.773902450358117,46.45183974075688],[4.774020472255351,46.4518224160716],[4.774296836915161,46.45178542872391],[4.774584339494205,46.45174232314902],[4.774833301672562,46.45170422904379],[4.774840482734999,46.451696641783556],[4.774803296255906,46.45144277622973],[4.774796773146624,46.45139847384067],[4.774789541673013,46.45134841807688],[4.774779605549426,46.451279309825594],[4.774792997485168,46.451278381198165],[4.774808088477062,46.45127760630631],[4.774837334640815,46.45145161446146],[4.774847553270868,46.4515173857854],[4.774858401252409,46.451586479861554],[4.774874256235621,46.45169332488237],[4.775519134102576,46.45159593631585],[4.775889614997816,46.45154793483722],[4.776239929137813,46.451504929309905],[4.776381643065609,46.45149488956065],[4.776531147002865,46.4514879709433],[4.776810456944905,46.451477501858996],[4.776974225083856,46.45147243234988],[4.777204739314644,46.45146416249019],[4.777296296315751,46.451454541699825],[4.777532462311338,46.45142375617707],[4.777705804093581,46.45139655991403],[4.778057404833323,46.45132912017986],[4.778193089656839,46.451294042900855],[4.778392096096286,46.451242667951426],[4.778454239767306,46.45122620861267],[4.778584841557293,46.45119111993326],[4.778722647105434,46.45114916378233],[4.778802296072446,46.45111405766853],[4.778920496223061,46.45106231890625],[4.779053569819054,46.451003142877816],[4.779175143387692,46.45094297492565],[4.779467190093206,46.45079170385944],[4.779541073131105,46.45075164319912],[4.779638848194829,46.45068500028848],[4.779798740643557,46.45057316573141],[4.779840243080102,46.450543156681874],[4.780000694558423,46.45038456751597],[4.780330248698682,46.45004905975208],[4.780531104084808,46.44984687728645],[4.780783767912522,46.4495951595946],[4.780931865413559,46.44944549827576],[4.781066962501392,46.44930477612626],[4.781182210498327,46.44918273734061],[4.781243823757674,46.449118188045595],[4.781384701517314,46.44895900133442],[4.781626785839344,46.44867484176343],[4.780322045203344,46.4488510048325],[4.780410475643579,46.4490811928759],[4.780242032977406,46.4491065156577],[4.780012563833059,46.4491425166568],[4.780062238422168,46.44929116633949],[4.779866469644442,46.44932168804977],[4.779700509378383,46.449347241539854],[4.779640637946512,46.44918956359392],[4.779572733253416,46.44919710652312],[4.779405525817549,46.44921637421844],[4.779296336464911,46.44922861322451],[4.779201921179717,46.449238370276696],[4.779078663856774,46.44924677512214],[4.778685886368583,46.449261809087744],[4.778560540327055,46.44926610274416],[4.778464371245921,46.44927003203557],[4.778187710586957,46.44926947573904],[4.777859731829614,46.449289622710594],[4.777789382706239,46.449294140291066],[4.777378367040141,46.449321342665456],[4.777129928360959,46.44933511587845],[4.776917834065482,46.44934454027006],[4.776740044324771,46.449350998802025],[4.776714285811094,46.449352300167384],[4.776718956402094,46.44937168231668],[4.77663396598121,46.44937876871096],[4.776527135975299,46.449387455684715],[4.776510565981419,46.44938681271952],[4.776496176219794,46.449381092005346],[4.776423778076451,46.449314666619344],[4.776377192974642,46.44928864078029],[4.776325404445619,46.44927089208021],[4.776212880245748,46.44923274162253],[4.776184837350111,46.44923191674882],[4.776156630666078,46.44923406667602],[4.77612306811768,46.449239812551895],[4.775987888585026,46.44926226999473],[4.77592978948597,46.449270829174125],[4.775828807383213,46.44928302731157],[4.775732013467167,46.44929579072676],[4.775284813554757,46.449348316920776],[4.775144641689903,46.449365536909134],[4.774997537645887,46.449381963766214],[4.774857226578368,46.44939891535688],[4.774707058037669,46.44941728089372],[4.774508274285783,46.44946738506982],[4.774476406053664,46.44947715721515],[4.774448294380869,46.44949425660638],[4.774365042240188,46.44956283105905],[4.774291435104066,46.44961945665563],[4.774219302904388,46.4496653411453],[4.774183382362664,46.449682741901356],[4.774098329643087,46.44972000029518],[4.773966057220782,46.44977582555286],[4.77381547148055,46.44983751929632],[4.773756585498031,46.449857978609096],[4.773621354992378,46.449898988100074],[4.773450904380315,46.44995090214364],[4.77330927967477,46.44999966635235],[4.773274359613461,46.45001579032323]]],[[[4.775017669474124,46.47728210265255],[4.775015425580091,46.477321317120364],[4.775014671255606,46.47739428398135],[4.775019542995202,46.47742780370595],[4.775027871812457,46.477475410422265],[4.775044199089911,46.477600531585594],[4.77502420920058,46.47760723690815],[4.775009991639538,46.47774724338995],[4.774995257853324,46.477931481306584],[4.774968499900029,46.47809077697838],[4.775015922500073,46.478085717152666],[4.775038173449128,46.47809239685798],[4.775183968213,46.47814552411597],[4.775231659348665,46.478168741405085],[4.775256426059402,46.47818862199607],[4.775279649573804,46.47820915703087],[4.775298479260635,46.47823489419715],[4.775379894218557,46.47836891168145],[4.776172521384359,46.47813475765508],[4.776293349675812,46.478093790107295],[4.776249955215714,46.478026373102864],[4.776189049503103,46.4779576970919],[4.776138147448967,46.477899943951165],[4.77609060320092,46.47785321697999],[4.775967291088461,46.477689768338344],[4.775996725769747,46.47767282844398],[4.776026070886047,46.47764913482602],[4.775921152118991,46.477534037060884],[4.775886047923624,46.47749297111578],[4.775793185303095,46.47737174139386],[4.775720676665445,46.477271001064565],[4.77567484107996,46.47719263347705],[4.775608345783692,46.47708036099624],[4.775457053020381,46.47685826190762],[4.775403429039556,46.47678091590044],[4.775381847332508,46.476758734162516],[4.775367390488589,46.47675517589716],[4.775346594110791,46.4767571202025],[4.775332001277479,46.47676139996974],[4.775308912284596,46.476773017170544],[4.775219446889144,46.47684420974824],[4.775182400770578,46.47687964157349],[4.775086156390913,46.477051004987985],[4.775076289263163,46.47711636754673],[4.775062105493314,46.47716126162953],[4.775034405209278,46.47723149464988],[4.775017669474124,46.47728210265255]]],[[[4.774744251091555,46.4559699015634],[4.774711767750944,46.456437680955425],[4.774672051631434,46.45654286733979],[4.774630459100991,46.45665447771003],[4.774604450670559,46.456764404876076],[4.77459005397029,46.45683866471695],[4.77458157727881,46.456890585705885],[4.774578839093008,46.456914586426194],[4.774576922472485,46.45699991093843],[4.774579295579928,46.45707688252277],[4.774585178630083,46.45718163070502],[4.774595357641319,46.45731828641793],[4.774605580417608,46.45743224422221],[4.774622815912914,46.45760553819964],[4.774641100945602,46.45746249580649],[4.774645923529584,46.45746251095758],[4.774660531629424,46.457599097857404],[4.774694976491095,46.457624322308604],[4.774728509294866,46.45762551266779],[4.774747689924761,46.45762620543994],[4.775057211520511,46.45763004299901],[4.775082896437659,46.45763036444447],[4.775094761936179,46.45763054034561],[4.775197501608407,46.457631826059036],[4.775554666696912,46.45763393115453],[4.776411564396402,46.45763781258294],[4.776431334807514,46.45763660446528],[4.776478752514906,46.45762794107759],[4.776512712259872,46.457618225997855],[4.77658079149741,46.457571682733345],[4.776618011204123,46.45754201180594],[4.776674981245177,46.45749050735174],[4.776780343046813,46.457392225262716],[4.776915811938254,46.45720196525601],[4.776980800518558,46.45709656506312],[4.777088656700073,46.4568948453086],[4.777152775862692,46.45677477737261],[4.77725170815498,46.456639216425344],[4.777303719562229,46.456563560361836],[4.777320641764746,46.456542941614096],[4.777378888749221,46.45648268026838],[4.777416351426355,46.456448501855085],[4.777471584425011,46.45640774213733],[4.777574972747109,46.45633299781583],[4.777632971468766,46.456289132651804],[4.777733474196301,46.45622983478742],[4.777959951382589,46.456117057063594],[4.778042667979924,46.456075869295],[4.778110484640414,46.45604536133143],[4.778263322270359,46.45598840075146],[4.778386238042926,46.455945055782806],[4.778442977256049,46.45592255602512],[4.778488215651715,46.455899064402594],[4.778568808609641,46.45584872231786],[4.778641759146401,46.45580381320803],[4.778763858341756,46.45573544149569],[4.778934137177372,46.45564587381975],[4.779040560480444,46.45558837399759],[4.779156331177274,46.4555137956114],[4.779213530448507,46.4554734547289],[4.779297761888071,46.455406843105074],[4.779360054063298,46.45535084096603],[4.779421947920159,46.45527863266337],[4.779495590811717,46.4551750775946],[4.779631939965014,46.45498029692979],[4.779639044451402,46.45497036877961],[4.779645633788277,46.454960628791575],[4.779675215181944,46.45492062785253],[4.779733670305933,46.45486288389958],[4.779779714618882,46.4548201945873],[4.779855007780462,46.45475128993094],[4.780005584371495,46.45463716863447],[4.780155124176729,46.45452324342184],[4.780254231402033,46.45444532078915],[4.780347683565478,46.45436982798452],[4.780444375181181,46.454289781179725],[4.780482460263925,46.454250818361714],[4.780510619691666,46.45419922050681],[4.780532570993556,46.454149070439485],[4.780600180941866,46.45391266742781],[4.780665500540018,46.45370593261913],[4.780703408854921,46.45362563099882],[4.780765358754723,46.45350334289258],[4.780846949826304,46.45336795880112],[4.780893944858622,46.453302556893654],[4.780938356331399,46.45324584182822],[4.780967479487257,46.45320782916777],[4.781012827030534,46.4531478570067],[4.781109237108359,46.45301935706596],[4.781130302224338,46.452993989537795],[4.781149703606804,46.452993506877824],[4.781226025333217,46.45287639849807],[4.781241872578205,46.45285885821137],[4.78130004896827,46.45283660475037],[4.781371828491099,46.45276000789404],[4.781410838019372,46.452697522409686],[4.781435171240562,46.45262058461415],[4.781447610079598,46.45258247174251],[4.781462232955902,46.45255936626359],[4.781599169830823,46.45236304262807],[4.781547543292875,46.45235439063448],[4.781386544355742,46.45235654128262],[4.78126538572003,46.452349603987564],[4.78098756845953,46.45233006779135],[4.780859334407936,46.4523259424426],[4.780578701836015,46.45231995943576],[4.780251241430364,46.452328576134306],[4.779977604285476,46.45237724431391],[4.779804456419657,46.4524024594591],[4.779614088328287,46.452419115907205],[4.779468017530228,46.45243147922334],[4.779233618971569,46.452492594261],[4.778825325673348,46.45260802622177],[4.778725051587783,46.4526301233395],[4.778490235844315,46.45267449057493],[4.77832205813917,46.45270430962567],[4.778281156314599,46.45271683543252],[4.778227658403915,46.452730728204344],[4.777927625987601,46.4527933125902],[4.777734934781786,46.45283071778994],[4.777466660003322,46.452888123134926],[4.777362421639435,46.452908569424714],[4.777175538914975,46.45293228294782],[4.777060131919529,46.45294191436638],[4.776882864870205,46.45295277815881],[4.776534808602035,46.45298935553446],[4.776249257679768,46.45303252565142],[4.775925072254586,46.453093859058484],[4.775924523549457,46.45309701998506],[4.775845699055753,46.453113557089885],[4.775768172596719,46.453177990373966],[4.775726319575484,46.453225386525624],[4.775536369486693,46.45349530206047],[4.775343655686472,46.45375643348639],[4.775306453713889,46.45384266674091],[4.77527965546449,46.45391621878311],[4.775226609048588,46.45406421497821],[4.775200474793501,46.45412613785105],[4.775047082442804,46.454586609480415],[4.774950994594168,46.454893794711836],[4.774835505672507,46.45526162709045],[4.774769549681174,46.45540946330429],[4.774759341712886,46.455436192073165],[4.774747735081619,46.455508066832735],[4.774747071025623,46.45554374423076],[4.774755968460718,46.45584533508701],[4.774744251091555,46.4559699015634]]],[[[4.775246007948226,46.45990773006245],[4.77525712929902,46.45999717524005],[4.775274386176548,46.460074906258036],[4.775331679374382,46.460365657208946],[4.775362901765148,46.46052008954569],[4.775378576241017,46.460577219489195],[4.775425555733843,46.460739242883214],[4.775448468751335,46.46081454419693],[4.775472594876672,46.46087505544725],[4.77551911413395,46.46099088090329],[4.77663740733941,46.46074724394663],[4.77668456271567,46.46086251866471],[4.776729314810516,46.46097602937281],[4.775989087678749,46.46115056262645],[4.775875117081897,46.46117683287487],[4.775620351891047,46.46123816628531],[4.775721057530994,46.461477083498494],[4.775809942943227,46.46161710919811],[4.775860781996326,46.461701433530564],[4.775965290317361,46.46188093640368],[4.776093368078379,46.4621358202416],[4.776129959578741,46.46220685570418],[4.776205385797899,46.46236177149184],[4.776281485635478,46.46251334423135],[4.776298156020129,46.46250894190319],[4.77647859828808,46.46246254322342],[4.776541930700971,46.46244615674567],[4.776780407620141,46.46238480447462],[4.776924177129754,46.46234897299219],[4.777276694178171,46.46225945589042],[4.777301132136412,46.46232545610103],[4.777318337706015,46.462389497246626],[4.777363519996792,46.462556141355726],[4.777387786382548,46.4626128671771],[4.777415523271456,46.46266809790779],[4.777583639548539,46.46297946061298],[4.777587814690653,46.462987591872775],[4.777834441493078,46.46290431407894],[4.778093122552822,46.46281499369217],[4.778257807640578,46.462757038473505],[4.778246703200338,46.462712267192515],[4.778190058635402,46.46242997386311],[4.778135917403127,46.462104498786424],[4.778133352454486,46.46185784140819],[4.778137691892917,46.46179103319627],[4.778155269077004,46.46170249260481],[4.778165416689407,46.46165793094991],[4.778186365596083,46.46160086180801],[4.778253623682446,46.461449040461495],[4.778357133732297,46.461229824018986],[4.778426245785622,46.46108292745044],[4.778444288745856,46.46098870523367],[4.778450447817618,46.460893767324976],[4.778460529004893,46.46069924276715],[4.778463299496092,46.4606402948987],[4.778464773924528,46.46060955861816],[4.778461302876349,46.46058304247165],[4.778444201315929,46.46047423584831],[4.778433486839258,46.46043342151369],[4.77843711220306,46.460356716858485],[4.778441514444282,46.46027585696127],[4.778459080851135,46.46011904459462],[4.778469546385683,46.460048268034235],[4.77850033716514,46.459821356686994],[4.778514696911127,46.45972611095024],[4.778548805589809,46.4595010393566],[4.77862519733683,46.45927368821069],[4.778649849637296,46.459202330469566],[4.778728360430502,46.459016017447375],[4.77874665435907,46.458961511408376],[4.77883111588244,46.45870989608862],[4.77883725874232,46.45865846142322],[4.778869029450275,46.45851764007146],[4.778878051326487,46.45845057872906],[4.778883050948907,46.45843203684487],[4.778980948610506,46.45818084262724],[4.77908459195031,46.45791803005861],[4.779116544306834,46.45782278042031],[4.779137317553518,46.45776039972727],[4.779156972338678,46.457695694667926],[4.779168519690121,46.457626162105434],[4.779179240315409,46.457559254401964],[4.779189625907179,46.45749406321534],[4.779181995165482,46.45746788206572],[4.77914744448707,46.45744347120014],[4.779134435290065,46.457436198122956],[4.779126789168382,46.457433525080795],[4.779114035357921,46.45743408398104],[4.778820686593183,46.45745459428517],[4.77874839546112,46.45746382608732],[4.778394333281407,46.45752491073987],[4.778220688382079,46.45755139189467],[4.777795878001828,46.45760510948202],[4.777342051995062,46.457656304654414],[4.776877875845524,46.45770585763067],[4.776604828912454,46.457713526921175],[4.77653042708495,46.45770198433273],[4.776439485015955,46.457690788972165],[4.776428510813131,46.45768996887176],[4.776414517149528,46.4576884751761],[4.774747762158244,46.45767249945314],[4.774715034319382,46.45767201714067],[4.774746453338618,46.457772495661175],[4.774780931503801,46.45787887115852],[4.774868174105386,46.4581529447741],[4.774934253905776,46.45835736402325],[4.775042030323394,46.45865363556356],[4.775077580746434,46.45874486283102],[4.775115462936213,46.45883965659],[4.775191432128856,46.45907958909628],[4.775202019508038,46.45912058581342],[4.775205232375082,46.45920330869935],[4.775211989598018,46.45940297528789],[4.775212263704279,46.459423416542556],[4.775239611865468,46.45984334052265],[4.775246007948226,46.45990773006245]]],[[[4.775816316885793,46.47583581071766],[4.775874683939471,46.47576654199178],[4.775945909684914,46.47568779638174],[4.775996282592501,46.47566530711411],[4.776284281836364,46.475517532464025],[4.776486383794494,46.47542234119812],[4.77667149391952,46.475349840710535],[4.776682207765272,46.47534255875476],[4.776693785161044,46.475329769214596],[4.776696915002958,46.475321794555946],[4.776695201432962,46.47530921165631],[4.776686268015323,46.475287103714564],[4.776610882462696,46.47519406445495],[4.776590219804977,46.47516006972538],[4.776560787681161,46.47510099224343],[4.776534947101534,46.47504411062342],[4.776477785892348,46.47492619935502],[4.776408057269415,46.47480668205943],[4.776371442952617,46.474751228837405],[4.776338045863247,46.47471049677102],[4.776256114359721,46.47461656829453],[4.776023654744594,46.474419959886994],[4.775942845230009,46.4743564567928],[4.775894350274545,46.474328478713346],[4.775867130132673,46.47431728294146],[4.775825771656905,46.474308288375646],[4.775804892820926,46.47431167515161],[4.775786950948158,46.474317177919275],[4.77576617920024,46.47432785854356],[4.775748335617432,46.47434038509275],[4.77573431179353,46.47435411323641],[4.775722883847316,46.47437149383401],[4.775710621563815,46.47439528223322],[4.775704890344459,46.47441545648674],[4.775699556345293,46.47445183683262],[4.775686030935541,46.474540944256766],[4.775647745334209,46.47479454055862],[4.775610174932031,46.47503407509075],[4.775584235397873,46.47518237000369],[4.775566475544374,46.475329637131246],[4.775556539387744,46.47540887132689],[4.775545685213389,46.47548793964757],[4.775516596266199,46.47581984228321],[4.775526784502084,46.47586048484386],[4.775537277115252,46.47589445763393],[4.775549300958762,46.47591939982042],[4.775582348312214,46.4759613984993],[4.775603153815631,46.475983772395296],[4.775647350020778,46.47601181740598],[4.775681249222519,46.47603993233167],[4.775706526177435,46.476011438312376],[4.775738727741906,46.47596338197239],[4.775754136618816,46.47593612209782],[4.775799364682491,46.475855708998544],[4.775816316885793,46.47583581071766]]],[[[4.775976914428407,46.47571910858723],[4.775963554886697,46.47572922370254],[4.775946485523125,46.47574552110261],[4.775931073601667,46.47576467492223],[4.775851429843409,46.47586516768571],[4.775829715230158,46.47589495740392],[4.775808586294344,46.47592671951496],[4.775797197731908,46.4759493234498],[4.775791194290126,46.4759771577209],[4.775786134734739,46.47598993594814],[4.775777909750313,46.47600159247807],[4.775746672381774,46.47602720688497],[4.775666824102102,46.476117434917285],[4.775655136507909,46.47613085653451],[4.775644664484912,46.476157589343636],[4.775635768977476,46.47617267886908],[4.775616169895415,46.47620738941655],[4.775607156004573,46.47623085711319],[4.775600513986216,46.47625509856861],[4.775597343472342,46.47633792042427],[4.775595364712498,46.47652943596759],[4.775594609816315,46.47660636585957],[4.77565259825642,46.476729668768016],[4.775705101180747,46.47681261630564],[4.775734137865976,46.47686755700319],[4.775767066485211,46.47692991287015],[4.775811080607053,46.477008398795],[4.775907811628629,46.477152355616106],[4.775958679700185,46.477229113750305],[4.775992903083033,46.47729117923032],[4.776024895316578,46.47735679203124],[4.776057883474507,46.47742896431741],[4.776108502834333,46.47749807046507],[4.776137507455838,46.47753598869231],[4.776179220345731,46.47751975860102],[4.776244564164991,46.477608630957604],[4.77632230124868,46.47770974004305],[4.776367034799097,46.47776623796515],[4.776445114095131,46.47788184261771],[4.776505102707635,46.47796638474041],[4.776580484549198,46.478091218184915],[4.776632311517194,46.47822137151784],[4.776696363280735,46.47841861565105],[4.776751859695771,46.478541326299755],[4.776810855119584,46.47865137298701],[4.777479912494867,46.4783821130235],[4.778964814268615,46.47778374255304],[4.778993417010003,46.47777329973271],[4.779012163860612,46.47780444169399],[4.779565525073248,46.477578131320094],[4.780140560904799,46.47734895865223],[4.780432586361091,46.47723272478223],[4.780405779456181,46.47719432301881],[4.781604529866925,46.476686209959446],[4.78153307012737,46.47662986045223],[4.781486186738235,46.47659150170652],[4.781414112867768,46.47652831651418],[4.78133023211767,46.47645090440074],[4.781294854171173,46.47641353712269],[4.781214391976959,46.47632103024305],[4.781141308524194,46.47623489321787],[4.781083528923166,46.47616626107434],[4.781011753805466,46.4760722676413],[4.780971700000766,46.4760234444054],[4.780940954796858,46.47599618253562],[4.780887049591297,46.47593838817585],[4.78081189405042,46.47585264351521],[4.780741535513366,46.47577006651404],[4.780621476620786,46.47562269421687],[4.780564196027678,46.47555333350284],[4.780473540398317,46.47544801512694],[4.780358623439621,46.47531434289564],[4.780298456265278,46.475244396549215],[4.779884004554865,46.47538001041709],[4.779663539286396,46.475451625687505],[4.779319133197909,46.47554849806823],[4.779186299509252,46.475584882254864],[4.779031045955462,46.47563737725221],[4.778840410545929,46.47570429330243],[4.778665889531876,46.47576564418966],[4.778531167325166,46.47581610763072],[4.778440372774722,46.47585435855926],[4.77837197816677,46.475883884485896],[4.778337743295315,46.47590549320018],[4.778317634706933,46.47591652423663],[4.777898240630664,46.47607679625452],[4.777869127892205,46.47609157002078],[4.777858379392133,46.47610578787542],[4.777855560169711,46.47611528889328],[4.777854130836615,46.4761314333326],[4.777858754241327,46.47614928497023],[4.777862111546978,46.47617229019069],[4.777846190903097,46.47615182219548],[4.77783131271461,46.476131337980476],[4.777800994070233,46.47608911733776],[4.778159975176235,46.47594725896106],[4.778301132272611,46.475890210923914],[4.778460073819647,46.47581883529504],[4.778586373272582,46.4757699441215],[4.778742148172769,46.475709425557156],[4.778862054096543,46.47566837945292],[4.778999010245507,46.475622474311706],[4.779067502915154,46.475599971791915],[4.77915398152464,46.475573316276126],[4.779338007362914,46.475523615564846],[4.779498067640238,46.47547861102042],[4.779660118519372,46.475430693063664],[4.779780544354138,46.4753896378769],[4.780157799153271,46.47526072848342],[4.780196336733402,46.47524715831786],[4.780217397952351,46.47523737305494],[4.780230178524392,46.475229518153064],[4.780241102527798,46.47522070142169],[4.780245398696735,46.47521252835132],[4.780245854370597,46.47520252367728],[4.780237590843184,46.47516104088178],[4.78022560769015,46.47508548016623],[4.780221767462257,46.47505969040417],[4.780226008305276,46.47500189059154],[4.780221433407059,46.47496557428921],[4.780213391189775,46.474938859236346],[4.780187536150613,46.47487765533186],[4.780148378736875,46.47480431929527],[4.780111957770444,46.47473094061883],[4.780107480801476,46.47470561111281],[4.780110823857236,46.474684212860964],[4.780113554625159,46.47466003203115],[4.7801132794837,46.47464760689865],[4.780111347583,46.474640341464756],[4.780098731968958,46.47462927945383],[4.780044506373105,46.47459355643085],[4.779991939515498,46.4745567267266],[4.779960785014559,46.47453685657897],[4.779934437854834,46.474524477276475],[4.779915265057324,46.47451621942858],[4.779902644483394,46.474512993411594],[4.779880286551067,46.474510999878],[4.779858490952223,46.4745102585369],[4.779834174512578,46.47451216843343],[4.779814844777947,46.474515081475666],[4.77977705523454,46.47452359604868],[4.779646176997782,46.47455589729308],[4.779369124512212,46.474631185416314],[4.779063703601357,46.47470808539694],[4.778770855426042,46.47478677034341],[4.778617766524119,46.474825630821115],[4.778270266947614,46.47491552291256],[4.778143872927021,46.47494946392103],[4.778124207799214,46.474954093187826],[4.777955933547975,46.47500705954941],[4.777824602825092,46.47504954341559],[4.777719933597574,46.47508206514254],[4.777553583767036,46.4751341002793],[4.776984312632048,46.475331736779836],[4.776958142561836,46.47534079026554],[4.776928875785765,46.475346829580126],[4.776885095446888,46.47535156340303],[4.776830458843599,46.47535520505594],[4.776812425820921,46.47535791728436],[4.776693108975829,46.47539706063719],[4.77661330719131,46.47542460122427],[4.77646969851103,46.47547844283037],[4.776371554908579,46.47551923818789],[4.776331228736641,46.475537968731764],[4.776253346566697,46.47558043053271],[4.7760759294924,46.475669023018284],[4.775976914428407,46.47571910858723]]],[[[4.776151609810841,46.46665517241195],[4.776170786034031,46.466687659159774],[4.776289675466119,46.46690017338774],[4.77630227873801,46.46692294485933],[4.776368751685013,46.46704287310003],[4.776458825633206,46.46720305515095],[4.776897600263146,46.46704347654379],[4.776925512424649,46.4670280010575],[4.777099658901676,46.46696395611394],[4.777222157136564,46.46692701421441],[4.777684052641841,46.46675707529196],[4.777917360543241,46.46667256376231],[4.777806399976379,46.46649154173461],[4.77755864281113,46.46615259654059],[4.777449472729566,46.4660104558391],[4.777337566668821,46.46583233027686],[4.777280914891346,46.46572981311445],[4.777135284684749,46.46544070738943],[4.777092902929036,46.465364087988725],[4.776988392605169,46.465176840241455],[4.776910103338593,46.46503025575618],[4.776817354049492,46.46486390093325],[4.776166430473858,46.46505659038939],[4.776146004655049,46.46506177161126],[4.776005745571936,46.46511357956704],[4.776039473576709,46.465164664406736],[4.775962988703116,46.46518954127205],[4.775732965661464,46.46526273929579],[4.77576633489754,46.4653148205393],[4.775810261870483,46.46538691297267],[4.775729929719139,46.465413740905],[4.775739638769875,46.465447725882356],[4.775763574342702,46.465518327671525],[4.775750151208877,46.465522409230914],[4.775774267548567,46.46556652813682],[4.775781330883842,46.46557929811918],[4.775796712138413,46.46560734049498],[4.775592201163842,46.46566347904896],[4.775495441425123,46.465690201827876],[4.775350688863825,46.46573217125892],[4.77546982166711,46.465936306160714],[4.775501928505819,46.46601767927889],[4.775699064226905,46.46594715454393],[4.775781192844026,46.46609962464099],[4.775888400725668,46.46607751285304],[4.776002041239278,46.46624498474585],[4.776024850470276,46.46627696470367],[4.77608981777862,46.46629063594577],[4.776143065023913,46.466368708019125],[4.776244111539729,46.46637353202893],[4.776247229518683,46.466373213351574],[4.776263730703023,46.466391600952576],[4.776280189553,46.46641269125757],[4.776316173790679,46.466484997057144],[4.776311660805454,46.466486508311526],[4.776104710087145,46.46655187262472],[4.776151609810841,46.46665517241195]]],[[[4.7765709783681,46.45767856640145],[4.776616870140476,46.45768307667432],[4.776660302890622,46.45768411250447],[4.776858679303459,46.45768066685517],[4.777810321907026,46.45757642307581],[4.777804697155652,46.4574877931998],[4.777801312472464,46.45743191337346],[4.777799183348299,46.45739456810563],[4.777797351021983,46.457374331222155],[4.777790327699408,46.45725077655348],[4.777786639316848,46.457161576128044],[4.777785426573772,46.45714835494014],[4.777783883042168,46.45711298206328],[4.777785277898193,46.457091794272166],[4.777792206178947,46.45702044231339],[4.777798394486483,46.45695837891874],[4.777807108353365,46.45686583308406],[4.7792356155623,46.45682215663638],[4.779277983040037,46.45675457586762],[4.779312917069183,46.4566428872353],[4.779351494047605,46.45650304047579],[4.779372603685369,46.45643101714664],[4.779394078701429,46.456354214490354],[4.779401917363997,46.45629086430695],[4.779394541033986,46.45612462269251],[4.779386996917596,46.45608511006542],[4.779376116796887,46.45605519666195],[4.779340284339614,46.455979466783695],[4.779311464986194,46.45591497628981],[4.779293037989933,46.45584546022081],[4.77926320339248,46.45573784271749],[4.779253287704249,46.45572151462464],[4.779229735427728,46.45569864378884],[4.779198708292547,46.45568633731597],[4.778995008755589,46.45565420291953],[4.778985046513112,46.45565642963942],[4.778894197352778,46.45570395948363],[4.778726484125687,46.455796279269585],[4.778622652349875,46.45585734117513],[4.778543307390245,46.45590198955377],[4.778485450529253,46.45593018107681],[4.778416665518281,46.455962956056275],[4.778373708275817,46.455980467617266],[4.778270225401678,46.45602026759862],[4.77814160854776,46.456060638851525],[4.778123234024968,46.45606867075055],[4.778047890558566,46.456104159572305],[4.777915755115434,46.456168543541224],[4.777724717285969,46.45626906077142],[4.777648763570009,46.45631383586759],[4.777611335815389,46.45634107854753],[4.777431202823816,46.45648033514307],[4.777414963752349,46.45649391794093],[4.777333766749233,46.45658579012344],[4.777307731517173,46.456618709895004],[4.777231355881352,46.456722576155386],[4.777203314304417,46.45676192197295],[4.777176683771033,46.45680457836302],[4.777140016993228,46.4568672059318],[4.777006417769996,46.45712282683067],[4.776968848815072,46.457181775563576],[4.776887111756029,46.45730914274796],[4.776848941079179,46.45736963195815],[4.776838193069209,46.457383759736516],[4.776751883895929,46.457466794198346],[4.77665602307933,46.45755267919213],[4.776597546799949,46.45760195534961],[4.776557840351599,46.45763130466795],[4.776544920097562,46.45764276414546],[4.776540838381351,46.45764949268306],[4.776539260941871,46.457657082960004],[4.776544738135001,46.45766519400751],[4.7765709783681,46.45767856640145]]],[[[4.776859238720282,46.46420494025293],[4.776559044100644,46.46431255660322],[4.776579217987623,46.46434367674782],[4.776600829527336,46.46437891767601],[4.776681156963651,46.46454411480623],[4.776772710607081,46.464705804775],[4.776906353437142,46.46495114403342],[4.777039396750356,46.46518604454545],[4.777089670491803,46.4652768620754],[4.777135626692787,46.46535117417184],[4.777174385365983,46.465424607454],[4.777210550273161,46.46549844134263],[4.777275417967787,46.46564910734962],[4.777325131281639,46.4657547047021],[4.77736827727958,46.46582275564383],[4.777448321483122,46.46595111873422],[4.777506901856037,46.46603280003564],[4.777576777548741,46.466117097695744],[4.777624736281291,46.46619281954472],[4.777708976688509,46.46629391654777],[4.777739736403819,46.46633784163084],[4.777807160295775,46.466434876937434],[4.777870987585794,46.46652953632644],[4.777941970028541,46.46663975622732],[4.777986221535995,46.466649695685575],[4.778000769196217,46.466648118279444],[4.77822707316147,46.466564705843844],[4.778507800893281,46.46646342289152],[4.778728621076318,46.466395766686574],[4.778908384975815,46.46633622494966],[4.778970979852901,46.466313093551776],[4.779003823040194,46.466300963361796],[4.779387494905173,46.46616285855248],[4.779479272729308,46.466127293287094],[4.779729209694288,46.46600928374644],[4.779946493299707,46.465877281332965],[4.780137531595177,46.465751902120736],[4.780291296996316,46.46563872217864],[4.780520274455355,46.46552563090949],[4.780743956526793,46.46540208369485],[4.781704583243489,46.464870565072644],[4.7820045518654,46.46469637805009],[4.782122564321342,46.46462212231254],[4.782610528831555,46.46425378575914],[4.783067017675187,46.463907644733666],[4.783313463845701,46.463715284938864],[4.783411534595627,46.46362521680169],[4.783638519908379,46.46338785557817],[4.783882860825115,46.463111313278056],[4.784597364634776,46.46224594479586],[4.784308949895733,46.462047435114194],[4.784292921253639,46.46201165803215],[4.784276439990617,46.461973996577534],[4.784250094893697,46.46191370182885],[4.782826325215875,46.46245337221674],[4.782357048980284,46.46263119389248],[4.782329694117243,46.46257983126822],[4.782260507744454,46.46244490718341],[4.782204094012837,46.46233788517971],[4.781893368986206,46.46175134227672],[4.780937566361909,46.46194178927327],[4.780748848070234,46.461978056278056],[4.780387764194701,46.462056459160365],[4.780424716626479,46.46215036509356],[4.780416692475442,46.46217606957768],[4.780455999910604,46.462242287790524],[4.780677898598475,46.46217632196243],[4.780727521323271,46.46226705806477],[4.78050004411778,46.462333831469806],[4.780436665011803,46.46235274280603],[4.780085957548512,46.462457643232234],[4.780018390769952,46.46234421899509],[4.780014940106126,46.462338328241465],[4.779985437582198,46.462288980056854],[4.779947462776349,46.46222364161325],[4.77865886309421,46.4626691033964],[4.778590111266602,46.462691159660636],[4.778595864490787,46.46269971666072],[4.777689439856242,46.46302636127885],[4.776764678691436,46.46336661379652],[4.776711384299086,46.463487143398446],[4.776706653721519,46.463493972088095],[4.776704859185112,46.46349490067816],[4.776956859920215,46.46391664445477],[4.777182815258918,46.464186937648996],[4.777104595124906,46.46421850735959],[4.776978647404124,46.46426541040809],[4.776899872958706,46.46422394318995],[4.776898679940538,46.46422333126612],[4.776859238720282,46.46420494025293]]],[[[4.777206456938367,46.46819758142166],[4.777243630435163,46.46818628509382],[4.777564709418804,46.46809491498538],[4.778405254512738,46.46785603413139],[4.778865708039912,46.46772168995305],[4.778737984657596,46.467586414253276],[4.778572906409038,46.46742884254525],[4.778429306948899,46.4673263283072],[4.778339688674291,46.46726827809361],[4.77829249454204,46.467224068536424],[4.77825791456158,46.46717894209415],[4.778167966259694,46.46704677066836],[4.778043433524942,46.46685731351962],[4.777945443308953,46.46673832697929],[4.777786200161893,46.466795656435316],[4.776969427230643,46.46709162684181],[4.776673296800988,46.4672004409476],[4.776543439161539,46.46724758431558],[4.776335143900438,46.46732377809431],[4.77632788053763,46.46733289784096],[4.776327336270435,46.46734020183147],[4.776332369481512,46.46735066156846],[4.776445557982798,46.46750012642391],[4.776678789205979,46.46779732800828],[4.776777551480284,46.46791603339066],[4.776796004666192,46.46793430049772],[4.776830847897799,46.46795951818565],[4.776931092595336,46.46802767209284],[4.777071781617193,46.468116903349106],[4.777206456938367,46.46819758142166]]],[[[4.776955775091447,46.44715627512742],[4.776993814560555,46.44721602924322],[4.777695889244422,46.44704018849702],[4.777712483574772,46.44706559976067],[4.777735665299191,46.447105229395596],[4.777774943964858,46.44717099857168],[4.777786329580435,46.447184511777756],[4.777999901645221,46.447520655791386],[4.778017570424494,46.447547041041844],[4.778067323286791,46.44761832139103],[4.778088966716288,46.447646716333125],[4.778158774607514,46.44775362179755],[4.778194892149805,46.44780232702016],[4.779396864912961,46.4474481921902],[4.780945140750619,46.44694156299782],[4.780880679939927,46.44690681084986],[4.780796857213144,46.446865695470564],[4.780689546236599,46.446819542111996],[4.780544317366397,46.44678136540941],[4.780507854495556,46.4467700447759],[4.780357563519837,46.44671249192406],[4.780249754750057,46.44667102949117],[4.780175175439357,46.44664562167325],[4.780106048444747,46.446619588418095],[4.780019650373614,46.446583376327936],[4.779900573552987,46.44653200149528],[4.779697973286798,46.446444639625206],[4.779516323493403,46.446368389703935],[4.779330847519485,46.446290667941916],[4.779265853646728,46.44626348897688],[4.77911504847648,46.44620206958728],[4.778795327189988,46.44607122597851],[4.778596014438729,46.44598867470659],[4.7782826361596,46.446128387094205],[4.777854365453691,46.446321136099016],[4.777369903334178,46.44653700483199],[4.77704653127551,46.44667011409549],[4.776860897049358,46.44674352587905],[4.776710176025386,46.44679270622293],[4.776779609545917,46.446892232686935],[4.776837028582135,46.44697492306205],[4.77687571897486,46.44703466708851],[4.776910620472147,46.44708609367238],[4.776955775091447,46.44715627512742]]],[[[4.778226838239707,46.470912215677664],[4.778170975339244,46.47078212576865],[4.778111603559863,46.47079232671101],[4.77802328799184,46.47080640059721],[4.778013856989726,46.47082501133896],[4.777998328061416,46.470836511504764],[4.777971379744521,46.470841614371864],[4.777758843381211,46.470852036623604],[4.77775124836744,46.470918985424696],[4.777779570801002,46.471168033813065],[4.777795657368621,46.47126163464094],[4.777808892430791,46.471315739873795],[4.777829608831602,46.471375403005446],[4.777849503084473,46.47142183889391],[4.777917193329981,46.471550844238116],[4.778116016138993,46.471899467007674],[4.778202501314503,46.472053128626875],[4.778277048972902,46.472180495897376],[4.778296372763376,46.47220541428104],[4.778437036337944,46.47234544288313],[4.778515319741116,46.47241943146647],[4.778677271588353,46.47256462261066],[4.778739134591372,46.47263076049865],[4.778789019652764,46.472685375939285],[4.778900629106733,46.47280586111708],[4.77902537674476,46.472921458100096],[4.779064041721547,46.472955802614635],[4.779094740583091,46.47300170981035],[4.779163232565247,46.47311917324187],[4.779242699684777,46.47325736158157],[4.779342642952605,46.47342378266695],[4.77942028769404,46.47352606203568],[4.77948066545565,46.473594564445484],[4.779503286749349,46.473628618247204],[4.779562235941801,46.47375721838513],[4.779608072369055,46.473875484720544],[4.779642680739639,46.47398924235232],[4.779666612049549,46.47407542523726],[4.779676742679043,46.47409823486673],[4.779804505594732,46.474318083118284],[4.779911622821261,46.474436565760485],[4.779952772073312,46.47446708843004],[4.779999602793065,46.47449193835567],[4.780038493111147,46.47450916608106],[4.78020887315427,46.47445292133137],[4.780581543192998,46.474343536572476],[4.780729652441003,46.47429997739874],[4.780860662901029,46.474507344507764],[4.780890304099526,46.474552727319995],[4.780909803342917,46.474582956577606],[4.781136839314212,46.47451709083623],[4.781203179265709,46.47449660205295],[4.781273719155307,46.47447298544089],[4.781281336376565,46.47447070506592],[4.781231573413312,46.474396003534345],[4.781293601485698,46.47437522163351],[4.781251766468357,46.47431174513303],[4.781209960527624,46.47432500634277],[4.781165849751492,46.47425571084702],[4.781160503446128,46.47424768803399],[4.781140427127054,46.47421575651456],[4.781076812051722,46.47423584252381],[4.781034185908177,46.47420002924071],[4.781113477165023,46.47417294379757],[4.781376293580526,46.47408103052075],[4.781355644808724,46.47392778597181],[4.781352582748063,46.47387793587092],[4.781352342368513,46.47384263284695],[4.781312566026836,46.47377831366179],[4.781304961497193,46.473765012027975],[4.781279020741192,46.47372515587021],[4.78144466418256,46.47367168509658],[4.781461562877049,46.473666197690825],[4.781472338535576,46.47350516771564],[4.781458694643856,46.47344665588801],[4.781449585991727,46.473407257904356],[4.781436545666517,46.473351258577004],[4.781376700234572,46.47315142927827],[4.781375108194802,46.473146590408284],[4.781367125419283,46.47311771285815],[4.781350099631379,46.473035475705],[4.781321032118051,46.47279607693139],[4.781304630583521,46.47271698242935],[4.781285583049991,46.47264468429497],[4.781264316735679,46.472588272767],[4.78119759291353,46.472441240557096],[4.781165068369734,46.47238338327192],[4.781129166038995,46.472333864912805],[4.780974829062372,46.47214658663071],[4.780885660543603,46.47204673958834],[4.780817342549588,46.47198259485856],[4.780637859641987,46.47182362920418],[4.780502168273956,46.471712257544596],[4.780379447958632,46.471622840433696],[4.780243196081009,46.47153021141849],[4.780168119626043,46.47148661711516],[4.78016773373329,46.47147878718508],[4.780084456343387,46.47146351196743],[4.780068746724497,46.47145348890954],[4.780058745682377,46.471434640296444],[4.780059779713972,46.47139841673322],[4.780111493590264,46.47125341177203],[4.780136783053469,46.471193482648424],[4.780109958115267,46.470974674298695],[4.780065434395036,46.470812704552756],[4.77994574026305,46.47064415989225],[4.779818162202688,46.470505640592236],[4.779776577314499,46.47046566751606],[4.779654352484317,46.47034336702335],[4.779641373514852,46.47033312124509],[4.779516677418952,46.470262918578165],[4.779274503024163,46.470335772242755],[4.778689219169534,46.470508358420005],[4.778601265249284,46.47053350553082],[4.778713409944142,46.470774493874366],[4.778738164398062,46.47083004092828],[4.77875809444381,46.47082558754141],[4.778773240479227,46.470858316751546],[4.778748750174291,46.47086284112943],[4.778733118207502,46.47083120029985],[4.778715622623153,46.47083435483053],[4.778717939210527,46.47084143416272],[4.778613601297689,46.47086386406084],[4.778601985657513,46.470839456227594],[4.778547197625608,46.47085030659423],[4.77855370067835,46.47086984025587],[4.778490786338986,46.47088333899225],[4.778480116871832,46.470863960243534],[4.778226838239707,46.470912215677664]]],[[[4.778265178860651,46.46259930408431],[4.778276524462484,46.4626394781233],[4.778296727502994,46.46268347730261],[4.778316579609832,46.46271271072724],[4.778326338989995,46.4627202146309],[4.77833278987743,46.462722185792686],[4.778342261687315,46.462720867470274],[4.778592672859437,46.462637799298946],[4.779681252488519,46.46225778157472],[4.78016217849888,46.46206934150286],[4.780209967935042,46.46204400817099],[4.780450370469604,46.461989913683794],[4.780710254475315,46.46193371366751],[4.780887741884373,46.46190077418849],[4.782106656676094,46.46166127949214],[4.782302094105852,46.46162328415702],[4.782554771344888,46.46156602142417],[4.783152892118833,46.46144653372167],[4.783030782591169,46.46119976036934],[4.782921174210466,46.46098053290416],[4.782882284461904,46.460903230547395],[4.782776368075645,46.46068925937741],[4.782732204977137,46.46060213172566],[4.782709880384815,46.460553122540816],[4.782666394470477,46.46047075792962],[4.782547333031967,46.460333099574434],[4.782510184219423,46.46030107439968],[4.782288010686681,46.46012692558918],[4.782116194079402,46.46003800626763],[4.781928684537958,46.4599594191437],[4.78185078348149,46.459928659878095],[4.781776479087366,46.45990027631522],[4.781712027865774,46.45992217739885],[4.781608626949265,46.4598169687353],[4.781498313510503,46.45971159757157],[4.78123918769645,46.45945534014427],[4.781177588313844,46.45938892934058],[4.781127207677061,46.45934278914417],[4.781197840641924,46.45931863035475],[4.78109697656396,46.45919924094401],[4.781083832464721,46.45918386401861],[4.781003164890481,46.45909226102396],[4.780950939369655,46.45902552383009],[4.780902450503259,46.45895746740388],[4.780926876516728,46.45895114210215],[4.780849809930354,46.45885804177247],[4.780792898258569,46.45879146762943],[4.781002879471389,46.45870821339063],[4.781409659064694,46.45855713086989],[4.781640796548007,46.45845129859691],[4.781637263645404,46.458442887253675],[4.782333281771663,46.458301070630064],[4.782695197310206,46.458233006027655],[4.782632293398829,46.45806285737361],[4.782601803878888,46.457963357047504],[4.782576530355562,46.457879897594324],[4.782550685221222,46.457866700527674],[4.78246269152806,46.457658574074124],[4.782404226367998,46.45754446875231],[4.782360060527126,46.45745716086825],[4.782353087715779,46.45740728161137],[4.782382781929766,46.45709148828873],[4.782375920220993,46.45688542840995],[4.782375874931956,46.45660477546626],[4.782255945824962,46.45660385448711],[4.782138552208746,46.45659676916495],[4.781919588997007,46.45658027975127],[4.781808839569454,46.4565691274349],[4.781779244415313,46.45656877842966],[4.781665397501961,46.45657451710662],[4.781604232909963,46.45658519844184],[4.78149481194942,46.45660275696921],[4.781367762029306,46.456631218382284],[4.781239624875013,46.456662308592364],[4.781166239359026,46.45668587990968],[4.781077967078324,46.456716528491256],[4.781037486993537,46.45673805551771],[4.780961945687086,46.45677544079611],[4.78093053857991,46.45678745920639],[4.780851121656342,46.4568019373555],[4.780787497396918,46.4568091439185],[4.780660285072897,46.45682067418057],[4.780586536795181,46.456825156246424],[4.780516309443052,46.45682571044019],[4.780314542846919,46.45682101909233],[4.780090423533066,46.456822259950705],[4.779892219081521,46.45681490036395],[4.779630902750944,46.45680248905302],[4.779470315841535,46.45679769510114],[4.779442620541378,46.45679965767537],[4.779286194322916,46.45682253974784],[4.779259852666947,46.456854023656554],[4.779238887937307,46.45688254162119],[4.779225070591103,46.4569184239456],[4.779208956267682,46.45696379923336],[4.779202180615607,46.4570038050994],[4.779201466222502,46.4570178669088],[4.779214061553865,46.45710836969852],[4.779223070890213,46.4571808245735],[4.77925496231049,46.45737946926905],[4.779269403364717,46.45742265735322],[4.779344224417029,46.457622885090196],[4.779360817628426,46.457656132109484],[4.779384397686032,46.45769980831034],[4.779474811211308,46.45776270887538],[4.779534130065597,46.45780726943787],[4.779542375510812,46.4578163279797],[4.779593035278795,46.4579150644859],[4.779608202525151,46.457956529916416],[4.77961672081783,46.457985939678615],[4.779624717811886,46.45802733666849],[4.779636096571021,46.458076516933346],[4.77966602527216,46.458182961975076],[4.779622178595534,46.45818922927509],[4.779599945863467,46.45809896673052],[4.779580914768469,46.45801495910054],[4.779556227478517,46.457937344370364],[4.779489766640252,46.457809671797044],[4.779424379151813,46.45777484306683],[4.779296824831842,46.45777196614111],[4.779175405299449,46.45777736989614],[4.77907336683383,46.45810536713714],[4.779049932361199,46.45816607795472],[4.778940462880183,46.45842609900617],[4.778921862413534,46.45851915915737],[4.778867480138386,46.458761929828775],[4.778856851328411,46.45876371656457],[4.778811039503777,46.45895357363246],[4.778796204084271,46.459006224463074],[4.778791738303552,46.45902115529066],[4.778795485301097,46.45905613357136],[4.778737309365029,46.45917457870121],[4.778694625723928,46.45927251718938],[4.778621739523521,46.45947945834356],[4.778609558152336,46.45950558770159],[4.778589383116538,46.45954237951485],[4.778573711601051,46.459577389910926],[4.778570855367113,46.45960571586432],[4.778537027034209,46.4599673268248],[4.778524621269232,46.46006254214099],[4.778503708423231,46.46019265629882],[4.77849104496433,46.460379925537914],[4.778488116819644,46.46046202344657],[4.778499897604689,46.46051155781278],[4.778643937870991,46.46046022807883],[4.77892750406872,46.46036304245219],[4.779053055790502,46.46032830246506],[4.779333257225224,46.460263863048006],[4.77940333371159,46.46024655927088],[4.779547535789514,46.460204232695645],[4.779677655162039,46.46015771196165],[4.779714502345979,46.46014858144842],[4.779747383594137,46.46014572742994],[4.779753511794034,46.460157791201766],[4.779682674484683,46.46017573752865],[4.77961897140089,46.46019663500514],[4.779528124323165,46.460232456280394],[4.779268653437733,46.46029711372925],[4.77914980061623,46.46032544484265],[4.779043573004794,46.46034925594205],[4.778979135945003,46.46036764256808],[4.7788617282,46.46040432723773],[4.778683825152277,46.46046438069932],[4.778606104086847,46.460491080088374],[4.778570285750189,46.460503796956495],[4.778527026296064,46.460520142323254],[4.778514222512664,46.46052718684862],[4.778508978360154,46.460530240745435],[4.778507131771072,46.46053756503385],[4.778508501443824,46.46055159438363],[4.778513484837283,46.460600514020015],[4.778512008144355,46.460639176357105],[4.778501305221392,46.46067068678265],[4.778496815399116,46.46080883154932],[4.778495114536122,46.460936575028924],[4.778486459238907,46.461022905233165],[4.778478429746488,46.46106446169642],[4.778460267534037,46.46113103477482],[4.778407705562083,46.461257858689194],[4.778374928321838,46.461327901716174],[4.778230932888047,46.46162061365598],[4.778224445790796,46.46164152042475],[4.778198600094806,46.461768288653694],[4.778193402199886,46.4618047571847],[4.778192605371629,46.461856288703665],[4.778189765297212,46.461929108162934],[4.778186510985572,46.46206119906445],[4.778192050568794,46.462151181226105],[4.778206310776603,46.46223679444083],[4.778239159141342,46.46244082845844],[4.778250223691243,46.46252036675582],[4.778265178860651,46.46259930408431]]],[[[4.778996451397584,46.4678496229627],[4.779050036077737,46.46793786621691],[4.77912148367139,46.46812616741696],[4.779129632249362,46.46814819734328],[4.77915919700254,46.46822735738476],[4.779171091264923,46.46826031731865],[4.779181978838411,46.46828239466023],[4.779250497724113,46.46838886928546],[4.779284558144418,46.468434003534036],[4.779338096440795,46.46850081112334],[4.779372918171886,46.46854530301317],[4.779461518091961,46.46863597304619],[4.779501933565643,46.46868010757866],[4.779556219650927,46.468753838685785],[4.779633266251933,46.46886594465225],[4.779698737498238,46.468958866174354],[4.779712169272504,46.468990991493],[4.779815333313437,46.46924833101914],[4.779865012445939,46.46936860900226],[4.779903447219888,46.46945987998606],[4.779919438029615,46.46949052432563],[4.779940460213982,46.4695195591251],[4.779989203518125,46.46956320349427],[4.780027989234832,46.469593312581644],[4.780248746343885,46.46975505865169],[4.780412213298813,46.469902835724135],[4.780511550938562,46.469994868835045],[4.780631822621738,46.470093240696706],[4.780789198315785,46.4702140916768],[4.781061991859331,46.47043230870853],[4.781079576379707,46.47043987056007],[4.78108888881849,46.47044161683909],[4.781111417528334,46.47044090540014],[4.781163795751836,46.470436125932046],[4.781190397739659,46.47042841572089],[4.781233972817919,46.47040954264793],[4.781302075856879,46.47037533584293],[4.781424128961434,46.47031263692642],[4.781483940156305,46.47028000037485],[4.781509572110954,46.47026654083659],[4.781625559855427,46.47020573762905],[4.781670384590386,46.47018522366864],[4.781711326110171,46.47016954386363],[4.78191668325621,46.47011103959118],[4.781986988934258,46.47008841683343],[4.782056232529868,46.47006121710889],[4.782110737902636,46.470049738965315],[4.782184018062344,46.47004634432362],[4.782215859002246,46.470047378856016],[4.782279637949269,46.470052418636556],[4.78235996296728,46.47006116329565],[4.782647598247936,46.47009513542215],[4.78288394211926,46.470123242089876],[4.782943950314045,46.47012059445616],[4.782960101321967,46.470116199293535],[4.783044376625811,46.470082279485574],[4.783105374938297,46.47007403207542],[4.783154496175093,46.470065339502746],[4.783265894758481,46.47006360101069],[4.78336471773322,46.47005998711005],[4.783536008220453,46.47004407352585],[4.783673178721775,46.47002121662735],[4.783724861096502,46.47005895912736],[4.783752040160404,46.47008087180958],[4.784074044860513,46.47034460876355],[4.784151823650765,46.47040301962706],[4.784262712927458,46.470485321960496],[4.784457653027895,46.47064638244048],[4.784581219316356,46.47074956251256],[4.784593789228312,46.470751257633665],[4.784603134933686,46.470750030851285],[4.784615972024429,46.47074793892338],[4.785488256869042,46.47028360958674],[4.785521476022385,46.4703147945971],[4.7854734715741,46.47032175943791],[4.784814072917,46.47067486161069],[4.78465874114907,46.47076024079336],[4.784618012791638,46.470778440245695],[4.78460031293833,46.47078331017319],[4.784591494287177,46.47078470886055],[4.784582717573153,46.47078340483964],[4.784568110804262,46.47077921961254],[4.784519347420909,46.470755032223195],[4.784429692679675,46.47068428755083],[4.784288880410979,46.470567956429704],[4.784192733767948,46.47049001741037],[4.784130597156723,46.470439558562695],[4.784006809322726,46.47035745749019],[4.783889959002732,46.47026425963428],[4.783819180320448,46.47020862150698],[4.783625657032408,46.4701186919061],[4.783582994272192,46.47014151467761],[4.783294060636775,46.47013962950554],[4.783192057559815,46.47014167173991],[4.783096820775774,46.4701433380899],[4.782999440623334,46.470171157639044],[4.782848084942128,46.4701827963631],[4.782804298326607,46.47018320934543],[4.782744938143663,46.47017377763106],[4.782559489584155,46.47013541952159],[4.78242854733951,46.47010954099281],[4.782359415487354,46.47010026151013],[4.782237584392878,46.470089912540296],[4.782143501758561,46.47009498269295],[4.78204350950599,46.4701226620249],[4.781915700717827,46.47016077264961],[4.781756485711229,46.470199192722106],[4.781552095528738,46.47029929319978],[4.781524905952615,46.47031295716937],[4.781461944230762,46.470344922314105],[4.781133437187662,46.47050045760942],[4.781247662958661,46.47061720696433],[4.781363707187783,46.47070978954628],[4.781421294006032,46.47075671805959],[4.781621776175696,46.47090409653236],[4.781714656470581,46.47096992936815],[4.781847110360507,46.47106198540138],[4.781983138237455,46.47114371775862],[4.782096255160646,46.47121445866768],[4.78226225699427,46.471323824552876],[4.782392377064587,46.47141222357553],[4.78240324649244,46.47141772833465],[4.782411620607945,46.47141867853018],[4.782435586740982,46.47141407147509],[4.782469158100064,46.4714002176775],[4.782572119043444,46.47134763283239],[4.782634376847724,46.471314056840114],[4.782540806852904,46.47123913858362],[4.782140422049634,46.4709064566073],[4.782207953968515,46.470870727011366],[4.782417148432561,46.47104129594569],[4.782712529142572,46.47127221675364],[4.782802733221049,46.471343854859576],[4.782935162189863,46.47145500455223],[4.783035228517427,46.4715372067347],[4.783115780710524,46.47160467193041],[4.78329726225303,46.47175279440402],[4.783386919432769,46.47182759299593],[4.783492384365527,46.47191538484571],[4.783712600791218,46.47209586713319],[4.78392910712012,46.472266499412676],[4.784043977909061,46.472358827488456],[4.784149687851704,46.47244607452112],[4.784206115064532,46.4724932899948],[4.78437298126803,46.47263281233259],[4.784458218589552,46.47269993325554],[4.784538668232124,46.47276415662936],[4.78463078675285,46.47283837543692],[4.784748170933079,46.47293174440117],[4.784844965324301,46.47300940267946],[4.784941354368025,46.4730866168688],[4.785082980555939,46.47319969208498],[4.785121451482891,46.47323196606941],[4.785149139235975,46.47321757292948],[4.785355646336243,46.473110317654765],[4.78538133465091,46.47309856767933],[4.785713366947335,46.472994844613986],[4.785860273288856,46.47296255601177],[4.786024713555456,46.4729481869887],[4.786148348213081,46.472945714119],[4.786281142009641,46.47294426882877],[4.786317693696906,46.472941806006],[4.786503725959883,46.472918001840945],[4.786728418941669,46.472864590836856],[4.786746030266768,46.47286098293152],[4.786766766322036,46.472853273083835],[4.786926524690505,46.47279150988742],[4.787137635655285,46.47269759951164],[4.787288936677021,46.472628402312324],[4.787625259229092,46.472476780118676],[4.787709757515938,46.47244168251641],[4.787775578611456,46.47240948904829],[4.78778521805025,46.47240528515393],[4.787796758819878,46.47239943027877],[4.788041198689215,46.47228040802916],[4.788134261406341,46.47223616923968],[4.788181170981002,46.472207694068004],[4.78816794457609,46.47219394043007],[4.788316698529965,46.472130636133315],[4.788508138816272,46.47203730119213],[4.788611532843571,46.47199010817127],[4.788762286302117,46.471880476761996],[4.788865282830989,46.47180527841591],[4.788942389082656,46.471759487369894],[4.789062492083874,46.47168519191175],[4.789242240692404,46.47156934147427],[4.789465418981226,46.47140642532427],[4.789453613864367,46.471392289299196],[4.789635887814843,46.47126207776252],[4.789768382711872,46.471172185720334],[4.789872646311287,46.47110390184746],[4.79008084796114,46.47099318857882],[4.79017476895114,46.47094344043027],[4.790226807983319,46.470916415182366],[4.790286915940919,46.47089295629936],[4.790562928850756,46.470798923159094],[4.79059294414864,46.470788004854235],[4.790066326014663,46.47030835457061],[4.789903355813283,46.47016067317633],[4.789880808259213,46.470140941082384],[4.789674739943604,46.46995502485477],[4.789668417745588,46.469957015317014],[4.789555105231317,46.46980504299461],[4.789487346007,46.46973431955268],[4.789441870263674,46.46968720533707],[4.789430660157548,46.46967927472417],[4.789347972995846,46.469622385336045],[4.789390861033878,46.469598566084386],[4.789904720384198,46.46932031200333],[4.78963067680896,46.46924372295365],[4.789473384342572,46.469197459341615],[4.789174072715449,46.46911351904222],[4.789062802249964,46.46906743491454],[4.789004480135959,46.469041957994335],[4.788841104236222,46.46896120245051],[4.788797480849575,46.46893873777626],[4.788761514155475,46.46892317856811],[4.788658925655707,46.46888344307677],[4.788323595754354,46.468770341800365],[4.788110034966309,46.468685597047035],[4.787890891435177,46.46856572246097],[4.787737390241343,46.46844013687229],[4.787620816413104,46.46834351583662],[4.78747402496576,46.46822773247235],[4.787401790028055,46.46815950971691],[4.787309324645517,46.46807458042221],[4.787217013431338,46.467990369192826],[4.787168252556881,46.46793438871345],[4.787085918779792,46.467840383989866],[4.786912858891004,46.46764286829084],[4.786741737583967,46.467460723745944],[4.786703823889664,46.46742546935063],[4.786623599418953,46.467356020033755],[4.786598818183438,46.467339654782904],[4.786581509206884,46.46733253981462],[4.786515300613456,46.467316912380085],[4.786464212711384,46.467309244726984],[4.786430730854893,46.467301842192406],[4.78639951747239,46.46729206239963],[4.786368230403127,46.467280032037564],[4.786316173350036,46.46725868905668],[4.786273739657893,46.467236655193304],[4.786205900056284,46.46719907636346],[4.786156840267989,46.467153818298925],[4.786112275047294,46.46711047146119],[4.78605738627773,46.46705836920065],[4.785986407992197,46.4669846317666],[4.785906746964538,46.466900491991254],[4.785889312102334,46.46688554292835],[4.785852546489733,46.46686143881259],[4.785799559279116,46.466827590619886],[4.785774841653329,46.46680518961226],[4.785725660676695,46.466744261344374],[4.785701710081053,46.46672139799118],[4.785688766198805,46.46671223316325],[4.78563597666206,46.466684416398415],[4.785508906644139,46.466613356653845],[4.785488839817241,46.466597638045904],[4.785431256464804,46.46653485945391],[4.785401309795048,46.46649605754416],[4.785372463639662,46.46642715554977],[4.7853454586168,46.46643442273426],[4.785201687784205,46.46648233390663],[4.784832190004749,46.46660708700885],[4.78453854218761,46.46671155972157],[4.781895395017336,46.467663583213096],[4.781871610960549,46.46762981820601],[4.783403137288246,46.467084427453464],[4.784553826966714,46.46667673469663],[4.785074255805645,46.46649180058434],[4.785356856916493,46.46638839975728],[4.785320594645691,46.4663318629505],[4.785283486929694,46.46628533694724],[4.785208603571307,46.46620373404262],[4.785224981394522,46.46619834423875],[4.785239692727561,46.46618982807362],[4.785065677897927,46.46596674517744],[4.785038384546271,46.46592934281993],[4.785008077776479,46.46588748410978],[4.784959402610305,46.46582204420211],[4.784875344366981,46.46570698887458],[4.784773900333913,46.465590403703935],[4.784738971617013,46.46555068870135],[4.784700227943953,46.46550193636129],[4.784668020485871,46.46546172848843],[4.784590848743343,46.465489414034565],[4.784443200557321,46.46521151703167],[4.784428469310403,46.46518355566703],[4.784291369477976,46.46492125572069],[4.784209348562393,46.46494811606497],[4.784056975629135,46.464999943063084],[4.783296890305704,46.463798406641054],[4.783258746261971,46.46382773385815],[4.783125101211557,46.46393006597094],[4.783033810840174,46.464000303028925],[4.782950773428476,46.46406383621941],[4.782802311422211,46.464179459085855],[4.782639249341967,46.4643070184497],[4.782581142318937,46.464351698335236],[4.78242037419941,46.464477690412636],[4.782153565149648,46.464685317146646],[4.782114814361757,46.46470807842619],[4.78212705578489,46.46471572343852],[4.781889051321761,46.46485552902144],[4.781173703111821,46.46524226863836],[4.7803035789504,46.465707523186424],[4.780374553675523,46.465793423306906],[4.780510372032081,46.46591713238032],[4.780656318504967,46.46609553510339],[4.780675074075009,46.46611505784484],[4.780698964515415,46.46613215877738],[4.78071436513856,46.466140745456684],[4.780973953134182,46.4660549172925],[4.781712494848014,46.465807243397286],[4.781907094664768,46.465743142217185],[4.781968190963209,46.465726067101265],[4.781978879839399,46.46572608052933],[4.781996345345264,46.465730041342944],[4.782008339074987,46.46573408749614],[4.782020959792134,46.46574136633247],[4.78203101019122,46.46574976607781],[4.782074806410214,46.465809608965436],[4.782094686373826,46.46584757797154],[4.782059742010342,46.46585920142758],[4.782037724643888,46.465819644521204],[4.782026642589728,46.46580360505064],[4.782001827888063,46.46577417943141],[4.781990827297345,46.465764623613765],[4.781976969361333,46.465755382564986],[4.781965632912837,46.465751506294104],[4.781958059001157,46.465751084009064],[4.781908576181064,46.465764555396845],[4.780710799494239,46.466167281134666],[4.780763154979047,46.46623779931151],[4.780790345639817,46.466272141920236],[4.780844406748306,46.466342993751624],[4.780887954306797,46.466399238215736],[4.780933665820867,46.46645788078076],[4.781003107550058,46.46654866811935],[4.781058170321889,46.46661824328395],[4.781103506050194,46.46667734198448],[4.781077838432321,46.4666856681218],[4.780974567885574,46.466556858866255],[4.780881939835356,46.46643860177956],[4.780830332392493,46.46637104425165],[4.780677442506542,46.46617563695796],[4.780603398866453,46.466079607115084],[4.780569833505238,46.46603365491798],[4.780497365236042,46.46596191892368],[4.7803958006321,46.465865327070176],[4.780347749902583,46.465822842992175],[4.780325943184105,46.465809672529495],[4.780307350331267,46.46580311704516],[4.780288599744821,46.46579971640904],[4.780268463077848,46.46579777846126],[4.780254668016398,46.46579844375046],[4.780234991677274,46.4658026232742],[4.78018745863351,46.46581993646967],[4.780151899639201,46.46583670281035],[4.779853711510894,46.46600590325164],[4.779723667031191,46.4660751199894],[4.779576305457746,46.46614892957592],[4.779495510565551,46.46618153174569],[4.779315334241882,46.46624837638475],[4.779053505158689,46.466341531154804],[4.779025160178461,46.466351699884406],[4.778941277164034,46.4663815576164],[4.778001029000409,46.46672007881742],[4.778075076532686,46.46684033859402],[4.778144032181395,46.466948338209804],[4.778191118593544,46.46702524429824],[4.778297699306985,46.467175800983526],[4.778317311248846,46.467201615554615],[4.778342534231612,46.46722761299592],[4.778374633576506,46.46726061880151],[4.77841734112134,46.46728715470162],[4.778464243071079,46.46731839891987],[4.778575742505978,46.46739988646858],[4.778650670229355,46.467463118947606],[4.778738660251403,46.467543170943365],[4.778842758050248,46.46764548918114],[4.778901304585127,46.467714020358606],[4.778943604158789,46.4677719962651],[4.778996451397584,46.4678496229627]]],[[[4.778430624410752,46.445775535802234],[4.778561817195695,46.445862931037794],[4.778685026020374,46.4459252312515],[4.779149403319415,46.44570111310811],[4.779647936308669,46.44545367343372],[4.78024121329148,46.4451390046171],[4.780321570305149,46.44509794169061],[4.780483646884068,46.445033628018955],[4.780520789241567,46.445021880469675],[4.780693950611526,46.44497783927398],[4.780633602141807,46.44486538369092],[4.780566407619288,46.44473078784392],[4.780531251656011,46.44465964125302],[4.780358797407319,46.44431394399834],[4.780305594327844,46.44420479947649],[4.780259079998531,46.44410897090374],[4.780162698332269,46.44390637758804],[4.780124889953644,46.44390966895799],[4.780056279092435,46.44391533184851],[4.779935749208867,46.443919101802386],[4.779864280209238,46.44392102623634],[4.779820976834654,46.44391962950074],[4.779774726234312,46.44391575675395],[4.77974642955144,46.44391106379736],[4.779581765824943,46.443875980970695],[4.779495666762727,46.44385678686184],[4.77937732027519,46.443831610165795],[4.779296426460033,46.44381620776337],[4.779239236064557,46.44380448912476],[4.7792015465419,46.44379543893075],[4.779172555905849,46.44378544259325],[4.779088388555927,46.44374955538642],[4.779036769512471,46.44371289090954],[4.778964627043668,46.443658172088114],[4.778890389338433,46.443603125583394],[4.778869095153663,46.443589406545684],[4.778816820776451,46.44356860426418],[4.778754025537327,46.44354481341579],[4.778659520982617,46.44350755573276],[4.778473596646075,46.44343173113963],[4.778382350470352,46.44338649645121],[4.776358716340615,46.44436172813364],[4.776641447833033,46.44454953670148],[4.776699115261265,46.444587909524365],[4.776854226236353,46.444693758902865],[4.77692621553954,46.444743797853036],[4.777158403670514,46.444903839802265],[4.777272392561254,46.44498321785113],[4.777528980987489,46.44516026261188],[4.77777285300433,46.44532687666056],[4.777868026377718,46.44539258637552],[4.777989951504816,46.44547553300878],[4.778357084241458,46.44572597225637],[4.778430624410752,46.445775535802234]]],[[[4.78082862674431,46.4753948360288],[4.780552987227416,46.475493522696254],[4.780754966696029,46.4757422062649],[4.780857996442571,46.47587110961212],[4.780922025198388,46.47594748041291],[4.781030277716824,46.476072609421045],[4.781120148772853,46.47618577554403],[4.781202932677628,46.47628950483052],[4.781307913115904,46.47640621817407],[4.781400769382147,46.47649898212978],[4.781543178002537,46.476616012500024],[4.781652760225679,46.47670194052543],[4.782669762083354,46.47630986518179],[4.782665333056188,46.476206265667656],[4.782658316034331,46.476087304844874],[4.78264852681893,46.47603909087676],[4.782508221104453,46.475711179179164],[4.782453230812389,46.475584320075995],[4.782392145922435,46.47545845669036],[4.782355386483707,46.47538679525967],[4.782316879378483,46.47531750285143],[4.782263449515066,46.475222413433386],[4.782230780989926,46.475160235401354],[4.782209036244523,46.47512914069481],[4.782175695454839,46.4750942638265],[4.782085490994174,46.475026768332754],[4.781956145510476,46.47493439380209],[4.781790212312418,46.47502299640452],[4.78173054130832,46.474952322502396],[4.781696841261718,46.47491042577485],[4.781684588982293,46.47491448974079],[4.781675719407686,46.47490237874162],[4.781649283836227,46.47491125732036],[4.781623786837456,46.47492093187432],[4.78152219940814,46.47495593098744],[4.781483165793608,46.474902408472275],[4.781408775169788,46.47492788659902],[4.781355741263522,46.47494465541108],[4.781207771876455,46.47499253646921],[4.781216312190499,46.47500654406912],[4.781095858885581,46.4750467005467],[4.781060892478066,46.47500194119199],[4.781026520825905,46.474959424264334],[4.781016998959517,46.47496326546624],[4.781070649631638,46.47502925994066],[4.781125510418487,46.475100369421334],[4.781179092870971,46.47518023542444],[4.781228658557573,46.47525286848416],[4.781234336040984,46.47525106869077],[4.781261221005487,46.475295863896655],[4.781221066148709,46.475311801408445],[4.781174709621969,46.47532945679838],[4.78115767126073,46.47533467612387],[4.780994598198389,46.47539116864535],[4.780857265155501,46.47543744236126],[4.78082862674431,46.4753948360288]]],[[[4.781379788880619,46.47256341520729],[4.781401733380036,46.47263260584362],[4.781441159303574,46.47278600802214],[4.781457254420485,46.47294751978813],[4.781482442809007,46.47308808400575],[4.782143243986368,46.47288809627089],[4.782924101327409,46.472652095580074],[4.782804148446813,46.47248400814156],[4.782656821535396,46.47229202918303],[4.782529423677536,46.47211946413175],[4.782390372896104,46.47192537424099],[4.782303944883405,46.47184962383661],[4.782146571409938,46.47170913991441],[4.781980271845957,46.471510881041375],[4.781771926889848,46.47126256908808],[4.780736707566249,46.47179272654339],[4.780905453516262,46.47193825907093],[4.780924193548974,46.47195724161816],[4.781097288511453,46.47214810052242],[4.781228644470558,46.47229430545323],[4.781252389006448,46.472326810254],[4.781281918683232,46.47237678818972],[4.7813466692677,46.47249133645399],[4.781379788880619,46.47256341520729]]],[[[4.7826220566526,46.475667972066084],[4.782670018554673,46.47578719486077],[4.782697722512713,46.47584503687477],[4.782746976001125,46.47593595804421],[4.782767515857564,46.47598202278867],[4.782775032834916,46.47604846599296],[4.782783465777842,46.476138943142175],[4.782790641030927,46.476182964669604],[4.782809466933722,46.476268325922625],[4.782844896997569,46.476442865948385],[4.782864131575827,46.47650084005443],[4.782886330040996,46.47656174017043],[4.782925317588904,46.47664966903888],[4.782953060511941,46.476708681273834],[4.78300602429464,46.47679341980619],[4.78308440468322,46.47691784213415],[4.783257011905735,46.47720471838968],[4.783363448058462,46.47737373688755],[4.783484462161803,46.47756990854662],[4.78497528171131,46.47705936295517],[4.784808512228978,46.47678779966567],[4.78488273156723,46.47676502407421],[4.784820688620623,46.47664196898483],[4.784758465569895,46.476517385514676],[4.784694225660474,46.476394905082174],[4.784649132399955,46.476303739595245],[4.784624326801346,46.47625485959432],[4.784559535296145,46.47612347093854],[4.784516817427463,46.47603316899137],[4.784444861835714,46.475890003125365],[4.784400207444545,46.475800271786255],[4.784337892796641,46.4756688443362],[4.784297510107339,46.475590124665835],[4.784116525302653,46.47564897292166],[4.783898156015193,46.475716780833686],[4.783832545089761,46.47562404389763],[4.783793173757068,46.47557223870442],[4.783762634362762,46.47553137404303],[4.783639755073653,46.47536576494496],[4.7834558251101,46.47511923642802],[4.783431885929796,46.47508484366308],[4.783374358026387,46.4750080124928],[4.783316659445772,46.47502962864117],[4.783291250946586,46.47499814096426],[4.783194091665119,46.47487347140226],[4.783077161251237,46.47472623290872],[4.782938766915718,46.47455248883135],[4.782105775343992,46.474913416288395],[4.782187164648006,46.47496249517391],[4.782209993485059,46.47497889184406],[4.782254861752713,46.47501944335682],[4.782274553672566,46.475039581739026],[4.782282704232285,46.4750496323371],[4.782332795087496,46.475110367734125],[4.782394471948685,46.47519452029386],[4.782417480551679,46.47518848711344],[4.782447784117055,46.475246108500414],[4.782572509631339,46.47548428507482],[4.782548250840528,46.475491959015194],[4.782585921420645,46.475583511269214],[4.7826220566526,46.475667972066084]]],[[[4.78202977663098,46.44992240088814],[4.782111446763096,46.4498854594931],[4.782135653073856,46.44987652529532],[4.782193028886331,46.44985779648266],[4.782326559696775,46.44981680326529],[4.782469768548518,46.44978088284158],[4.782635062519659,46.449742906252844],[4.782799021487343,46.449703959502905],[4.782829224625229,46.44969511169166],[4.782894173352473,46.449668878685195],[4.782955925617222,46.44964053388834],[4.782994819129504,46.449618490418864],[4.783024304961886,46.44959965612815],[4.783030233012493,46.449589656034085],[4.783037886071281,46.44956864063221],[4.783047388490401,46.44953642784334],[4.783082676563966,46.44942797468647],[4.783101584331459,46.44931671489481],[4.783108750647991,46.449272829637835],[4.783107344271975,46.44924574091754],[4.78309916699184,46.44921083185385],[4.783072395145919,46.449117308145226],[4.783099533910041,46.44911039953604],[4.783112646429947,46.44914081818908],[4.783132987560504,46.449256869385565],[4.783133697298606,46.44927460183748],[4.783126756694422,46.449329381883985],[4.783116668880663,46.449387543602604],[4.783107953048139,46.449423887279124],[4.783063341736058,46.449585986785515],[4.783067220887999,46.44959304165528],[4.783074306082262,46.44959851530857],[4.78307900067334,46.449598622159684],[4.783179968930416,46.449562099268604],[4.783261753816336,46.449536684029326],[4.783336250180851,46.449515525686586],[4.783448838247598,46.44948368484006],[4.783488815945534,46.44947090134414],[4.783608633397515,46.44943300291987],[4.783706691544917,46.44939517396425],[4.783864472963857,46.44934668477387],[4.783942542015455,46.449323218512234],[4.784076672835202,46.449288698781096],[4.784243371087519,46.44924592424522],[4.784233619190081,46.44923860087659],[4.784203363525773,46.44921394432471],[4.784173260202473,46.449181989819365],[4.784100176768104,46.44910684319372],[4.784038979248574,46.449040517745274],[4.783997715240114,46.4489860402019],[4.783958520443502,46.44893107998251],[4.783941411257526,46.44890198480325],[4.783899839961096,46.44883012876383],[4.783879124644249,46.448790371719944],[4.783870269170002,46.44877060483868],[4.783859766998584,46.44874032563497],[4.783843572063565,46.44866744276724],[4.783837027805505,46.448650612055104],[4.783823109922726,46.44863542766936],[4.78379554566785,46.44860937795114],[4.783772198362142,46.4485887565615],[4.783755686730115,46.448577935973276],[4.783598607961367,46.44848041269834],[4.78349939960501,46.44841522094664],[4.783389492885468,46.44834163962799],[4.783282440746054,46.448263690340994],[4.783208092404993,46.448205585906884],[4.783113682537562,46.448099787999354],[4.783096194300769,46.44807502191633],[4.783074792236593,46.44805409981605],[4.783024822607193,46.44802425653242],[4.782972193684246,46.44800075954933],[4.782885349983771,46.44796698838186],[4.782840817794328,46.44795201154813],[4.782796044905561,46.44794163195811],[4.782765259591248,46.447936618285375],[4.782707641487988,46.44793589636867],[4.782578452815621,46.44801393065403],[4.782362507910584,46.4481446577986],[4.782151937921299,46.44827241845343],[4.782047223761046,46.44834980002355],[4.781990536474694,46.44839355714018],[4.781945466839163,46.44843794359615],[4.781898567001559,46.44848614146957],[4.781800870742959,46.44858692123606],[4.781762012055221,46.448625986740666],[4.781679632524126,46.44871698018082],[4.781568534825313,46.44884634040405],[4.78135810441575,46.44909028588856],[4.781320727658308,46.44913085928446],[4.781198570472916,46.44925678884537],[4.781111823504914,46.44934577836659],[4.781045342923779,46.44941292539995],[4.780890092323976,46.44957098471546],[4.780746713450074,46.44971751007208],[4.780487281990329,46.44999347154771],[4.780110900403938,46.45038744355502],[4.780080062523735,46.45042079918377],[4.78003117734368,46.450464163459664],[4.779951773463962,46.45053070057971],[4.779795643641076,46.450654005509115],[4.779767986248023,46.45068100668848],[4.780253189630055,46.4505549151881],[4.780522046419197,46.45049181965997],[4.780635202189416,46.45046528684667],[4.780833048740067,46.450414466049104],[4.780904952152995,46.450389656941205],[4.78123803562154,46.45026224004535],[4.781426271978526,46.450188510494414],[4.78158980386528,46.45012444302779],[4.781653496273762,46.45009561835071],[4.78175447795358,46.45004747768719],[4.781891078158165,46.449984730568545],[4.78202977663098,46.44992240088814]]],[[[4.785744392828455,46.4730306573376],[4.785667463932894,46.47305014339745],[4.785750866763961,46.47306514243964],[4.785785219941064,46.47307118057733],[4.785832157734655,46.47308332682085],[4.786020346573543,46.47313730887005],[4.78680249326653,46.473378804225945],[4.786976365980169,46.47343345892517],[4.787571590424835,46.473619687849244],[4.787611834087325,46.47357870763263],[4.787533088756314,46.47353481516634],[4.787250886179029,46.47330126843152],[4.787161623612898,46.47320692174208],[4.787104462501157,46.473153324299055],[4.7870585350337,46.47311234086797],[4.787034719175113,46.473097671887025],[4.787012054306786,46.473090280446115],[4.786965100433855,46.47308561061577],[4.786864251000639,46.47307926163644],[4.786737153306334,46.473067558610445],[4.786670403614933,46.473059505380455],[4.786455124386474,46.47302621331734],[4.786328951936873,46.47300692962718],[4.786267979696763,46.4730001368745],[4.786179535897748,46.47299044097433],[4.78613863777679,46.472987567585],[4.78609104672207,46.47298732071073],[4.785846152525974,46.4730090718651],[4.785820616513398,46.4730135240251],[4.785744392828455,46.4730306573376]]],[[[4.786020227102139,46.47388613957414],[4.786205093636981,46.47401772219147],[4.78641626004434,46.47417609404247],[4.786515461016331,46.474251461629564],[4.786697029521361,46.47439372311595],[4.786746529553158,46.474432309057704],[4.786812789142661,46.47448504387043],[4.786884146152691,46.47455409139205],[4.786920471273094,46.47459243293378],[4.786948004308874,46.474629020513724],[4.787048000874678,46.474768413868574],[4.787090625321527,46.47482791299708],[4.787200242277781,46.4749823773401],[4.787221763838869,46.47497474520759],[4.787799375724855,46.474770261513946],[4.788278063388113,46.47459848663396],[4.788505031612815,46.474920441991365],[4.788781104600018,46.474815604425814],[4.788806132214995,46.47480755683447],[4.788855661663526,46.474866857177645],[4.78907570978356,46.474794870201116],[4.788874427902513,46.474540695663535],[4.788731458402546,46.474363156990805],[4.788634208264337,46.474291723755265],[4.788525804417159,46.47423397528268],[4.788365533440166,46.47427620382711],[4.788351666790668,46.474262820500144],[4.78844492154786,46.47422434289763],[4.788383399165265,46.474169012954064],[4.788293876780291,46.4740907033631],[4.788166131036156,46.47397183055222],[4.788106525352567,46.473915299583034],[4.788025170210417,46.47381965891416],[4.787982555043877,46.47378033531204],[4.787928065455648,46.47373669406276],[4.787817170070099,46.473678443514395],[4.787699264195704,46.47372847475677],[4.787553726208801,46.47367923234598],[4.787275171015192,46.473584874433065],[4.786902689327593,46.473468656931864],[4.786726862096446,46.47341403268086],[4.785945676821437,46.473178015953756],[4.785798420252633,46.47313591361608],[4.785752672786188,46.47312428916698],[4.785702180941396,46.47311508061913],[4.78563737402528,46.47310663615396],[4.785611539673964,46.47310595902853],[4.785590955550211,46.473106370746635],[4.785561170371218,46.47310845739785],[4.785489860126146,46.47312037986128],[4.785456381108036,46.47312909919559],[4.785417206629202,46.473143041408],[4.785192823108837,46.4732617445507],[4.785415005720553,46.47343822996496],[4.785619160910755,46.4735976134621],[4.7856844532538,46.473648742786146],[4.78590492165601,46.473804628407464],[4.786020227102139,46.47388613957414]]],[[[4.790273308547989,46.47094306748195],[4.790187285576091,46.470987197793626],[4.790105203745952,46.47103225704984],[4.789987147245124,46.471101297621466],[4.789913764856142,46.471149282787266],[4.789698564777791,46.47129703345135],[4.789563978513613,46.47139074103654],[4.789518239706656,46.47142307141379],[4.7890679340796,46.471723926241204],[4.788902464265423,46.471833968600826],[4.788713208139465,46.47198194162355],[4.788609711787835,46.472045889082125],[4.78846498068846,46.47212849553462],[4.787795251091884,46.47245286447705],[4.787602934891252,46.472543419755866],[4.787480488097065,46.47259802527756],[4.787401964369054,46.472640414863754],[4.78731066299314,46.47270263917739],[4.78726086087556,46.47274232770663],[4.787224417342693,46.47277991584214],[4.787210256632997,46.47280130340873],[4.787190493503463,46.47284268372537],[4.787180305022876,46.4728778797041],[4.78718116784469,46.47289227716288],[4.787184271235801,46.472915376219525],[4.787193553620703,46.47294801596114],[4.787202272127645,46.47296742445789],[4.787223177051946,46.47300465604653],[4.787274059215576,46.47306555711523],[4.787306294746865,46.47309846832054],[4.787426586478804,46.47321277508435],[4.787500266826147,46.47328511841294],[4.787571801127162,46.47335164081746],[4.787727110525419,46.473500165909115],[4.787765677646459,46.4735353197156],[4.787798932538458,46.47356749429294],[4.787805615199869,46.47357648665601],[4.787810401449794,46.47359523608278],[4.787810761427806,46.473606218803425],[4.78780937440677,46.47361560762403],[4.787802108702346,46.473628601088116],[4.787875192039091,46.47367474360391],[4.787924847082931,46.47370612114014],[4.788003443143765,46.47376532731907],[4.788042401528774,46.47380047491431],[4.7881132425567,46.473881598934945],[4.788148383590409,46.47391959835164],[4.788191674094848,46.473959631874315],[4.788243445525723,46.474003855950365],[4.788295252022422,46.474053123289515],[4.788344088704306,46.474099284686915],[4.78838077974321,46.47412888341041],[4.788407436027864,46.47414666006394],[4.788482487727947,46.47418520564906],[4.788539325288239,46.47421295784413],[4.788660817798731,46.47427626581588],[4.788696254575716,46.47429543613089],[4.788737080133848,46.47432388920532],[4.788777253830035,46.4743563154827],[4.788815442344022,46.47439976117669],[4.788943055540487,46.474566191523685],[4.788982874703279,46.47462357225126],[4.789014267987359,46.474658567757736],[4.789045246403897,46.47469681221639],[4.789174570058647,46.47485970286945],[4.791129482832566,46.47407457416179],[4.791930300716777,46.475018186957826],[4.792038695745919,46.474984242626626],[4.792281537069306,46.47491171183995],[4.79238466324711,46.474880101524356],[4.792446361798878,46.47486130019153],[4.792509742397735,46.47484211216568],[4.792564842810644,46.47482485536332],[4.792771144691133,46.4747631645034],[4.79281865479529,46.47474899891846],[4.792973685118282,46.474702072692594],[4.793165916409673,46.474644654960265],[4.793240389945123,46.47462186984459],[4.793416181950485,46.474568042193035],[4.793559075438105,46.47452472823855],[4.793113857404049,46.4738542192732],[4.792472088118719,46.47289100673115],[4.792496125179256,46.47288459507976],[4.792445396020656,46.47277298522613],[4.792416627213369,46.47268300762309],[4.79237372774165,46.47257956123429],[4.792338248687748,46.472495633393436],[4.792226363534252,46.47232004322152],[4.79217409107157,46.47224871812271],[4.792113168807012,46.472179960511866],[4.792070149904053,46.472124432382124],[4.791987337205629,46.472012334745],[4.791920989998658,46.47188556786893],[4.791879621170089,46.47182469974828],[4.791791524524633,46.47169061803139],[4.791716354029614,46.471557144185404],[4.791588154357308,46.471305431068224],[4.791470813493163,46.47107471369077],[4.791374654459007,46.47085384187918],[4.791206582162981,46.470614462364516],[4.790934052735969,46.470723213744044],[4.790822511623593,46.47076035888029],[4.790654401795345,46.47081361199775],[4.790362504818731,46.470912217530724],[4.790273308547989,46.47094306748195]]]]}}]}
