{"type": "FeatureCollection","name": "aoc_geojson","features": [{"type":"Feature","properties":{"dt":"Dijon","type_prod":"Vins","categorie":"Vin tranquille","type_denom":"appellation","signe":"AOC","id_app":138,"app":"Bourgogne","id_denom":362,"denom":"Bourgogne","insee":"71108","cvi":"1B309, 1R309, 1R309 GA, 1S309","nomcom":"CHASSELAS","insee2011":"71108","nomcom2011":"CHASSELAS","id_aire":1781,"crinao":null,"grp_name1":null,"grp_name2":null},"geometry":{"type":"MultiPolygon","coordinates":[[[[4.715187793757085,46.28291409564338],[4.715170709920158,46.28293272702313],[4.715170207454189,46.28293327500485],[4.715042129172367,46.28307048757414],[4.71503283350313,46.28308062522492],[4.715019264023878,46.283095330687445],[4.714897084686918,46.2832301124453],[4.71482646986985,46.28332727937855],[4.71481669668911,46.283351204742],[4.714813103000242,46.28336089623117],[4.714815106125767,46.283399955966416],[4.714815591452008,46.28340715416944],[4.71484220860926,46.28368866897602],[4.714842211429672,46.28368875900245],[4.714850019289539,46.28379699429964],[4.714850033391692,46.283797444431734],[4.714851683345177,46.28385010988624],[4.714849450290147,46.283857619232215],[4.714847945567256,46.283863496370024],[4.714837223530161,46.283898604563994],[4.714829386388789,46.283934570001975],[4.714822836571061,46.28396601260896],[4.714824373687472,46.28401507700628],[4.714865740089461,46.284207561763786],[4.714865881222266,46.28420791991399],[4.714902829663534,46.28430914133715],[4.714902832484078,46.28430923136355],[4.714948829937776,46.28445877356066],[4.714968293849107,46.284561699380205],[4.714968296669771,46.28456178940662],[4.714957778135316,46.284698762454205],[4.714943093092506,46.284831294800426],[4.714937366960006,46.28488488195134],[4.714927298328841,46.284974021637495],[4.714893479400691,46.28511368735172],[4.714830505482662,46.285355299713544],[4.714828306209036,46.28536388937476],[4.714952369818729,46.285372018731074],[4.715029113230288,46.285375006143546],[4.715094011757713,46.28537727121094],[4.715372355987698,46.28536695406878],[4.7155886640092,46.28535450851086],[4.71558918342356,46.285354500685756],[4.71570862619227,46.285347837465565],[4.715791486917208,46.28534289620457],[4.715926458436817,46.285334287472516],[4.71602978517281,46.285327416408734],[4.716029915026319,46.285327414451956],[4.716120761702217,46.28531613785405],[4.716207718382661,46.285305099946],[4.716278923245941,46.28528889523834],[4.716425705512726,46.28525506874806],[4.716426608839798,46.28525487499469],[4.716608535931093,46.28521079109098],[4.716709485338619,46.285186121595046],[4.716934040100335,46.28510942006657],[4.717227946908661,46.28503203257062],[4.717406809652831,46.28498141854657],[4.717534801233337,46.28494499178387],[4.71769490219125,46.28488024923883],[4.717839830766485,46.28484951120034],[4.718071159886217,46.28484800284202],[4.71831105146638,46.28478818025905],[4.718311308344505,46.28478808631395],[4.718374373623929,46.284773354131026],[4.718432007693226,46.2847594244237],[4.718520043734536,46.284737289957434],[4.718579453257437,46.28472198234597],[4.718580226716108,46.28472179053521],[4.718625135363456,46.284712195949155],[4.71864203572804,46.28470842819561],[4.719365219663373,46.28452917246305],[4.719436628553461,46.28451125135908],[4.720055442441656,46.28435536373519],[4.720055956187855,46.28435517583713],[4.720289870297652,46.28429543930609],[4.72029038687189,46.28429534143327],[4.720617477912477,46.28421176938239],[4.720674356855381,46.28419451737757],[4.720818415539827,46.28413208433739],[4.721080727086846,46.28399220591663],[4.721147802535802,46.28395219222935],[4.72128436083577,46.283870236891715],[4.721341606658364,46.283827489457025],[4.721378405245195,46.283799642272314],[4.721378659282252,46.28379945829405],[4.721690360670028,46.2835943423526],[4.721899090810574,46.28345689331528],[4.722091029790216,46.28331843684354],[4.722167501084061,46.2832550426137],[4.722183321423888,46.283241743335154],[4.72224143098892,46.283185201792364],[4.722342004681821,46.283086856375746],[4.722412382980713,46.282990859049946],[4.722460710047374,46.28292482796213],[4.722460831396251,46.282924555919315],[4.722486231984663,46.28288544199092],[4.722669431026331,46.28260147495954],[4.722863524259857,46.28229635666626],[4.722894709669315,46.282247067370974],[4.722838861966888,46.28220206717552],[4.722725588856673,46.282111460091166],[4.722675355472913,46.2820632224621],[4.722667292754296,46.28205469780425],[4.722664884705326,46.28205248250651],[4.722617130301745,46.282008710805265],[4.722575427220256,46.28193431411808],[4.722519326567714,46.281844102911506],[4.722477243612515,46.28180303750438],[4.722408658273692,46.281737153617456],[4.722347241965581,46.28166377558923],[4.722325385683402,46.28163798613945],[4.722258508992674,46.281395180615654],[4.722256053228066,46.281317127850606],[4.722252971494152,46.281219179281734],[4.722219344086978,46.28102982222754],[4.722179510909636,46.280981787371836],[4.722158597866811,46.28095706445682],[4.722161116017375,46.280801747242535],[4.722173924560058,46.2807422880531],[4.722220975509127,46.28068942641561],[4.722265227066259,46.28061778265543],[4.722269920306924,46.28061005579504],[4.722277695103557,46.28054337712939],[4.722309956053766,46.28049938578755],[4.722333233748328,46.28046714923049],[4.722333357924956,46.28046696721399],[4.722346055095134,46.28044939181955],[4.72238985452141,46.280351004316735],[4.722403797688231,46.2803193592861],[4.722433183659627,46.28018813442245],[4.722498799285632,46.28009365010559],[4.722542150555458,46.28003057640589],[4.722567510082189,46.279990202079965],[4.72260075158527,46.279936108069435],[4.722619407963601,46.27990150949243],[4.722624673803446,46.2798913420863],[4.7226247979778,46.279891160069475],[4.722693528114008,46.279788342149494],[4.722693649454776,46.27978807010632],[4.722707782607759,46.27976659996853],[4.722731194776593,46.279730398243416],[4.722789052082256,46.27965359459862],[4.722856696215222,46.27956169136457],[4.722860305727234,46.279556682947856],[4.722860678245666,46.279556136896595],[4.722950259457583,46.279418326693694],[4.722950631974175,46.27941778064212],[4.722980624950031,46.27937193195317],[4.723018525197605,46.27931317378384],[4.723073140844276,46.279232455990034],[4.723090883172818,46.27920597737972],[4.723090880339072,46.27920588735346],[4.72309100451032,46.27920570533611],[4.723157057311477,46.279104548863224],[4.723157308486924,46.279104274854625],[4.723244310028843,46.27897947338789],[4.723261578184284,46.27895444303039],[4.72336520095624,46.27880471096037],[4.723599787263807,46.27846601282896],[4.72364356455824,46.27842067583631],[4.72366255764039,46.27840093337977],[4.723662808810078,46.27840065937006],[4.723764634380062,46.27829292633261],[4.723796436964339,46.278259209345435],[4.72379945665431,46.27825610127767],[4.723885196205535,46.27816968783954],[4.723986206268982,46.27808970824015],[4.72402472946637,46.27805904184834],[4.724052844238146,46.278036098854585],[4.724088931667791,46.27800646008222],[4.724089312669391,46.27800618410556],[4.723821254816769,46.27782217828975],[4.723705286399957,46.27774061997433],[4.723568068532667,46.277644251590964],[4.723567933028752,46.27764407350382],[4.723571934688759,46.2776391491937],[4.723580694340757,46.27762856857059],[4.723875544562456,46.27730219762929],[4.723875414728259,46.27730219959501],[4.723345756632735,46.27720501675745],[4.722859398386954,46.277117444187326],[4.722845026006092,46.277114779448034],[4.722126462555545,46.2769832506696],[4.722012300454295,46.27710350829401],[4.722011905289195,46.27710333413222],[4.721992960022074,46.27709569457483],[4.721993338196072,46.27709532857888],[4.721993075696696,46.27709524247975],[4.722022914612276,46.27706515845316],[4.72210699558708,46.27697967213332],[4.721952380719335,46.27695363877781],[4.721517682327766,46.276881221486725],[4.721517419830165,46.27688113538649],[4.721199740510404,46.27682469115935],[4.721114576991038,46.27680967602811],[4.721114574160667,46.27680958600178],[4.721114311664043,46.27680949990061],[4.721092564434059,46.27680775704382],[4.721081886984427,46.27680692768322],[4.721081884154109,46.2768068376569],[4.721084525378348,46.27679995247994],[4.721088611385885,46.2767894426992],[4.721078467423751,46.2767890556197],[4.721070839126587,46.276798448046186],[4.721065595577749,46.276805192420696],[4.720926403881301,46.27678216704064],[4.720845324755599,46.27676898142755],[4.720809250979126,46.276770157118136],[4.720772672017945,46.2767717907777],[4.720727420376779,46.276782652473536],[4.720679663928661,46.27681300693058],[4.72057697826361,46.27715384899523],[4.720569230990904,46.27715946028158],[4.720560086666978,46.277166083438544],[4.720559956832987,46.27716608540049],[4.720559575819441,46.277166361365346],[4.720541455328731,46.277164293389795],[4.720536504660528,46.277163827784854],[4.72053198123655,46.27717695615689],[4.720540832585386,46.27717754295698],[4.720540714069151,46.27717790502426],[4.720540843903173,46.27717790306234],[4.720531168008208,46.27720894297395],[4.720499837827273,46.2773114646801],[4.720551981264416,46.27732148503899],[4.720725911374797,46.27735452399534],[4.72072643354229,46.27735460617312],[4.720793738713063,46.277251900982755],[4.720851377866689,46.277164023101776],[4.720851626214814,46.27716365907188],[4.72089346964956,46.27709808682855],[4.720925782753992,46.27704752001643],[4.720925779923918,46.277047429990105],[4.721257785350268,46.27714635118308],[4.721310626439458,46.27716203500202],[4.721311151436706,46.27716220720344],[4.721354475426213,46.27718091709134],[4.721354351253783,46.277181099106826],[4.721321411182395,46.27722410971755],[4.72120737358078,46.277373186730586],[4.721207246576872,46.27737327871959],[4.721106641428522,46.27749927501091],[4.721161755475261,46.27752113931338],[4.721184116106506,46.27752998834809],[4.721183989102195,46.27753008033708],[4.721184118937028,46.27753007837441],[4.721178533946264,46.27753835908899],[4.721146718480337,46.27756757206895],[4.72113992250882,46.277574520050365],[4.721122066183969,46.27759325413502],[4.721037187094306,46.27768235451257],[4.721014120664186,46.27770477009501],[4.720932700801265,46.27778409063942],[4.720931786292915,46.27778392432337],[4.72084653962924,46.27777044140303],[4.720774214627371,46.27775892479444],[4.720735698122263,46.277752661633635],[4.720586326068413,46.27772816841333],[4.720586063568217,46.27772808231096],[4.720466513863509,46.27792092532952],[4.720455758555082,46.27793829103889],[4.720455634377946,46.27793847305338],[4.720428289009524,46.27792807795039],[4.720367682135588,46.27790503531788],[4.720315757633287,46.27788546423672],[4.720273827985355,46.27786979523432],[4.720133111979598,46.27812078201335],[4.72010874524178,46.2781638428651],[4.720047605329285,46.27827266923597],[4.720557011297098,46.2784527668485],[4.720740911189472,46.278517719775614],[4.72075275783888,46.278522674681454],[4.720795921747548,46.278540396451895],[4.720795673392807,46.278540760481604],[4.720795803230051,46.278540758519384],[4.72078641351704,46.27855197892254],[4.720778880802529,46.27856028904974],[4.720580957987059,46.27849140490506],[4.720033703469765,46.27830152120687],[4.719986921413892,46.27840841933269],[4.719951684545974,46.27849001377044],[4.719895901232529,46.278599839960776],[4.719887516083149,46.2786099642841],[4.719675701973903,46.27886796888327],[4.719647536863645,46.27888938034654],[4.719645637369048,46.278890940207994],[4.719583932462323,46.278973564733846],[4.719443345216924,46.27916267116055],[4.719443218205901,46.279162763147575],[4.719425996782668,46.27919760971873],[4.71939888612776,46.279252600947316],[4.719379586722006,46.27932882058075],[4.719454486364771,46.27951323179047],[4.719514769619621,46.279769918918966],[4.719590437431552,46.28013175446394],[4.719619305475903,46.28038080974847],[4.71962035602327,46.28038944051108],[4.719620364507568,46.28038971059008],[4.719620370163766,46.28038989064274],[4.719628259775898,46.280488036817545],[4.719634309139841,46.280680603136794],[4.720004364306616,46.28074130474639],[4.720004886505328,46.28074138692746],[4.72001065699137,46.28075553067181],[4.72001373134179,46.28076241954927],[4.720013869670627,46.28076268766689],[4.720026614003768,46.2808871507202],[4.720031075021651,46.281029122221064],[4.720016590807236,46.28113868483218],[4.720008649103006,46.28120014181309],[4.720005695161014,46.28130457645439],[4.720004405739787,46.28135449418097],[4.720004411397348,46.281354674233604],[4.720012165914557,46.28169654924895],[4.720012171572179,46.281696729301586],[4.720002119437174,46.28177371003008],[4.719998217838551,46.28180664416273],[4.719976196997366,46.28187894194565],[4.719969962986271,46.28189966191814],[4.719969714610799,46.281900025945916],[4.719969720268303,46.28190020599855],[4.719960355545068,46.281916379737964],[4.719869304651984,46.28207393469374],[4.71986878526936,46.28207394253837],[4.719868788097954,46.28207403256469],[4.719851665442665,46.28207483159421],[4.719810419778729,46.28207689564996],[4.719810546795895,46.28207680366255],[4.71981041695023,46.28207680562364],[4.71986743441321,46.2820061409598],[4.719922904352215,46.28192757356384],[4.719940254237396,46.28186372276564],[4.719956593609335,46.281800787917575],[4.719961811269087,46.28173531898545],[4.719969199448439,46.28149913643759],[4.71996919379098,46.28149895638498],[4.719972301621152,46.28145729754504],[4.71997679052671,46.28138517450779],[4.71998021373217,46.281122031126564],[4.719975140653136,46.280774531308765],[4.719882629158907,46.28075323126377],[4.719845211348148,46.280744789521414],[4.719672076016787,46.2807208340468],[4.719653350421635,46.28072021615658],[4.719631514264316,46.280719825377325],[4.719625708996983,46.280828626378074],[4.719621037853871,46.28092804306967],[4.719617382242114,46.28106392238288],[4.719614319768421,46.281206277706815],[4.719620604332989,46.281460087402905],[4.71962209351674,46.28148681541605],[4.719622486128772,46.281491042731425],[4.719627313874394,46.281785315415256],[4.719633599802549,46.28187375834204],[4.719638348466104,46.28193394280866],[4.71965338389335,46.282098271859226],[4.719670918414828,46.28218501373373],[4.719688251169779,46.28220330619266],[4.719716045670645,46.28223206879746],[4.719716582024905,46.282232601111396],[4.719729664866699,46.282268611277466],[4.719739574328997,46.282294581637345],[4.71974106564183,46.282308970159],[4.719750534405809,46.28232918275598],[4.719751731567192,46.28233420854115],[4.719759577913995,46.28236480357834],[4.71975829798909,46.282390222374254],[4.719757579614032,46.282412840549306],[4.719722529570181,46.28245912495899],[4.719722278362152,46.282459398959894],[4.719071279979085,46.28244608098349],[4.718687421851882,46.28243845503039],[4.718196414985024,46.2824316339796],[4.718049236526226,46.28242772996601],[4.718065888422203,46.28226706586388],[4.718068851344774,46.28223729839424],[4.718064772295159,46.282231505454426],[4.718051874618774,46.28221377632406],[4.718023485847482,46.28219916312318],[4.718011212379422,46.28219304346979],[4.717910761575087,46.28216717799789],[4.717688576625297,46.28210784177505],[4.717287665476603,46.2820658818956],[4.717084005233495,46.282066971615826],[4.71696188256256,46.2820749377648],[4.716925017707622,46.28207999706361],[4.716871730198605,46.282087465618076],[4.716871470507014,46.28208746953356],[4.716818544285066,46.2820940319261],[4.716767303222726,46.28210047881854],[4.716677427404005,46.28211354276107],[4.716635399717765,46.28211967055709],[4.716605442043953,46.2821254362437],[4.716527593841077,46.28214093074832],[4.716286300535582,46.28221788396301],[4.716283108013851,46.28221964339137],[4.716213733423338,46.2822568066449],[4.716213222506235,46.282257084552064],[4.715906513241542,46.28242293012681],[4.715906129345858,46.28242311604954],[4.715569090112257,46.28261607811784],[4.715268346656719,46.28280245780897],[4.71523688066865,46.28283058293714],[4.715188039348013,46.28291364159965],[4.715187793757085,46.28291409564338]]],[[[4.715727901548882,46.280205962586884],[4.715706455012942,46.28021799470234],[4.715677878427745,46.280234637692864],[4.715677096557476,46.280234559404704],[4.715337055270116,46.280754156207706],[4.715336931069577,46.28075433821658],[4.715336806869037,46.28075452022544],[4.715138564746213,46.28091593767752],[4.715119928950329,46.28093891574749],[4.715100172501929,46.28096344186531],[4.715025231975092,46.28101780134174],[4.714999319325447,46.281036565682406],[4.714998938256936,46.28103684162854],[4.714786377689534,46.28118910691784],[4.714731235329167,46.28122857687709],[4.714730981281702,46.28122876084058],[4.714728087936717,46.281231776685175],[4.714629685944908,46.281329271920455],[4.714582893570192,46.28143625781914],[4.714577542612815,46.28149767531661],[4.714589676328317,46.28153252941785],[4.7146130716797,46.28159927847445],[4.714625219794336,46.281626296360564],[4.714636806242038,46.281651971669426],[4.714636809062007,46.28165206169586],[4.714625241360182,46.28175140174607],[4.714613384058586,46.281812466869845],[4.714604872205578,46.28185591818106],[4.714586488876248,46.281911857570236],[4.714538918461804,46.28205623374455],[4.714502565229588,46.282119108785785],[4.714498288225439,46.28213601606694],[4.714493426842939,46.282155003731255],[4.714486421689166,46.28221338378118],[4.714484030744933,46.28221585164053],[4.714467810694456,46.28223302880797],[4.714467556641445,46.28223321277085],[4.714355087117387,46.2823171389874],[4.714230177031702,46.28241034932748],[4.713760384436117,46.282757430688996],[4.71366401446519,46.282828684384015],[4.713636364357066,46.28285008653545],[4.713600722645721,46.28287764355583],[4.713563505399692,46.282912970195994],[4.713498381911911,46.283007171441504],[4.713442209930008,46.283088538242524],[4.713236290900817,46.283382829141075],[4.713229241725942,46.28339419380362],[4.71322912033015,46.283394465836594],[4.713166822096137,46.283475204105315],[4.713039729512753,46.283639960558666],[4.713039481083304,46.28364032457127],[4.713037105679582,46.28366404841232],[4.713034908267496,46.283685157579065],[4.713034913902376,46.283685337632],[4.713000439824188,46.28394948774166],[4.712882986714254,46.28396152236595],[4.712846648326765,46.28396269943965],[4.712826922336324,46.283963356422944],[4.712826927970549,46.28396353647587],[4.712852420005892,46.284068263373975],[4.712901693766447,46.28427702232969],[4.712937046611904,46.28442285241184],[4.712947341779917,46.28446539017857],[4.71296777388585,46.28455371056773],[4.71301371819065,46.284751531162435],[4.713045474122835,46.284869584049694],[4.713044695007651,46.28486959576996],[4.713019543061169,46.28487123509284],[4.712982201878836,46.28487359818035],[4.712984997710096,46.28490066684345],[4.713003462662577,46.285079716132564],[4.713029518742466,46.28530206440288],[4.713029908303136,46.285302058542804],[4.713030038156694,46.28530205658943],[4.713031212473741,46.28530221906208],[4.713084217839073,46.285306375485945],[4.71317707651454,46.28531785839305],[4.713328095106119,46.2853363021891],[4.713386853540406,46.2853416328793],[4.713524946506324,46.28535387600559],[4.713576851124616,46.285356067249964],[4.713579713542103,46.28535620431513],[4.713579973249432,46.28535620040715],[4.713591363732261,46.28535485811198],[4.713667729357546,46.2853457828995],[4.713723143231659,46.285339725003205],[4.713733757404515,46.28533848444512],[4.71380449661845,46.28533642911338],[4.713951846454433,46.285337273803925],[4.713952106161648,46.2853372698951],[4.71396083454382,46.28533803921341],[4.713962655313396,46.2853381018779],[4.714138343926987,46.28534779688983],[4.714147713123526,46.28534828634143],[4.714285656838482,46.285355757145055],[4.714422336319724,46.285351898138074],[4.714594697323617,46.28534660104369],[4.714784907579156,46.28533878318981],[4.714788936204817,46.285326383089895],[4.714843651391541,46.285157040291516],[4.714881000141724,46.28497661030475],[4.714887279059464,46.28494481150307],[4.714907753291393,46.28483948285805],[4.714914597453177,46.28478011446321],[4.714921390829393,46.28471912559224],[4.714925616505599,46.284613501221614],[4.714927282640558,46.28458789656657],[4.714924542903626,46.284537769456385],[4.714922124613707,46.28450204852694],[4.714915965808133,46.28447548088568],[4.714901076784278,46.28441490860876],[4.714846055127111,46.28425514436836],[4.71481531112207,46.284165358314745],[4.714809183543609,46.28413563778681],[4.71480041124021,46.28409613957594],[4.714793336840429,46.284007167976746],[4.71479313648131,46.284004919271666],[4.714794607827018,46.283981389135306],[4.714799818335505,46.28389475446944],[4.714801710590904,46.28385977924523],[4.714798593078941,46.283797588587994],[4.714790856974795,46.2836501722405],[4.714790842873167,46.28364972210839],[4.714782428094067,46.283546990149404],[4.71477103609102,46.28341557104512],[4.714773484407674,46.28338175834175],[4.714773563491512,46.283380135910775],[4.714773919194914,46.28337904972765],[4.714780799060214,46.28335399704231],[4.714801361331606,46.28331783997888],[4.714810835104706,46.283300944499274],[4.714817573362923,46.283292106344796],[4.714854344432711,46.28324255512133],[4.714965774295581,46.283125408670294],[4.715049229557543,46.28302345473556],[4.714970908598696,46.28302391376244],[4.714939999113311,46.28302419913211],[4.714835570113917,46.28302892421802],[4.714774112245686,46.283036875087184],[4.714736969804664,46.28304554060038],[4.714717811382811,46.28305186371027],[4.714679632834359,46.283064778044455],[4.71459960019437,46.28309768739057],[4.714517418982413,46.28314080681334],[4.714463237395281,46.28316954393881],[4.714462459001823,46.28314883981404],[4.714462586030463,46.28314874783261],[4.714467701012877,46.283146148892556],[4.714616515204347,46.28306951133998],[4.714701507403011,46.28303733791969],[4.71475564032121,46.28302364291522],[4.714817290185333,46.283013527510995],[4.714859541682692,46.283010369303085],[4.714965161943027,46.28300220363543],[4.715039937675735,46.28299225070325],[4.715042396325743,46.282991943466556],[4.715078943129466,46.28298085496316],[4.715097127762161,46.2829683317038],[4.715102460081436,46.28296437842744],[4.715140710832189,46.28286670801964],[4.715140950781572,46.28286607392317],[4.715153916415543,46.28283624596307],[4.715162131099581,46.282816487210006],[4.715162520642338,46.28281648134262],[4.715162644848135,46.28281629933399],[4.71517016472442,46.282815825792056],[4.715183640663775,46.28281472212372],[4.715200950052406,46.28280743602641],[4.715264370049562,46.28276676035131],[4.715526240629157,46.28261258050322],[4.715753465890527,46.28247630535507],[4.71595341079604,46.28236908275429],[4.716099367030223,46.28228428998896],[4.716099621077987,46.28228410602244],[4.716224493772699,46.282222958684905],[4.716280756679193,46.28219851262983],[4.716285498884546,46.28219645963746],[4.716285755753987,46.28219636569692],[4.716390527366909,46.28216119078735],[4.716510389200304,46.28212668899593],[4.716510778738007,46.28212668312394],[4.71651996391988,46.282125463836415],[4.716527195766717,46.282124093855614],[4.716724307216799,46.282088157110984],[4.716807064053885,46.28207592101446],[4.71688566579035,46.28206374750613],[4.716886571886829,46.28206364377544],[4.717100726852468,46.2820492460852],[4.717118744339396,46.28204798363123],[4.717137936084901,46.282046883604764],[4.717260603469041,46.28203971967162],[4.717282312079132,46.28198219848977],[4.717311201300864,46.28190511411212],[4.717324396739956,46.281861952207215],[4.71732827774294,46.28184901381299],[4.717341393365298,46.28176604262347],[4.717367879496272,46.281649634327685],[4.717372943198642,46.281637128438774],[4.717381597195071,46.28161484095138],[4.717403977660938,46.28157460284976],[4.717474684504699,46.28148058522389],[4.717499644874435,46.28144391094773],[4.717548814696594,46.281371474393396],[4.71759961011525,46.28129288860389],[4.717607041994256,46.28128133773991],[4.717607290382631,46.28128097371726],[4.717702566644032,46.28113371482926],[4.717771298886789,46.28102234347046],[4.717814181825858,46.28094829031797],[4.717824526433029,46.28093021052901],[4.717863411526733,46.28082811614099],[4.717887782724055,46.28073957091609],[4.717891267856034,46.28070988563714],[4.71789086029685,46.28067206280751],[4.717889687810687,46.28063470186301],[4.717893170590422,46.2806214992455],[4.717901448572647,46.28059138138074],[4.717907358551582,46.28056859482995],[4.7179242200996,46.28053465463393],[4.717930813423027,46.28052122494771],[4.717964399000889,46.28048207863044],[4.718024226192164,46.28042641402015],[4.718050834626828,46.280405026470795],[4.718110122773414,46.280357025811],[4.718148732522963,46.280320685834546],[4.718172382336121,46.280287814065225],[4.718175492738668,46.28028344381886],[4.718191876767657,46.280242575470254],[4.718191055047852,46.28023295048581],[4.718185599861093,46.280179171535174],[4.718169746941289,46.28015004825022],[4.718155167158128,46.280124238305845],[4.718094057058503,46.28003554173348],[4.718094054232933,46.28003545170711],[4.718094051407362,46.280035361680724],[4.718083220255278,46.279926181333536],[4.718088806083605,46.27983512735199],[4.718091787829722,46.27978113102453],[4.718127891005683,46.279669080829805],[4.718175514311464,46.2795929744611],[4.718262942344027,46.27945240847603],[4.718319356543115,46.279345996259885],[4.718333575768161,46.27931894111],[4.718395023884928,46.27917840679289],[4.718424608099004,46.27912355862488],[4.718500215625301,46.2790285656132],[4.71854048280074,46.278966440724005],[4.718590156895296,46.27888949258469],[4.718590278254461,46.27888922054588],[4.718642060530054,46.27880908814538],[4.71864427607754,46.27880518173572],[4.718710465538664,46.27868331001381],[4.718744747466884,46.27860019923261],[4.71874474181375,46.27860001917988],[4.718767680675777,46.27853626431624],[4.718769658954999,46.27852893886187],[4.718787477577314,46.2784634599026],[4.718786898869573,46.27846157718853],[4.718784363937529,46.27845531062124],[4.718771834376087,46.27844928499367],[4.718768275069051,46.278447627410124],[4.718762308215835,46.27844789761831],[4.7187546647866,46.27844855341025],[4.718737071951763,46.278450890560364],[4.718724051862584,46.278458202549636],[4.718705272156788,46.27849307253257],[4.718696060091895,46.27850996442485],[4.718575374314859,46.27853034026764],[4.718568456367761,46.278533416960784],[4.718519296911251,46.27855640598072],[4.718481046747371,46.27858346357472],[4.718455015075066,46.278602500745045],[4.718353379277788,46.278720764077],[4.718270545463654,46.27879659127531],[4.718255670911103,46.27880690347136],[4.718232935721861,46.278823368909464],[4.718194701898011,46.27884268021921],[4.718166583975556,46.278857335419175],[4.718117296909732,46.278876273077636],[4.718074439558327,46.27889313217876],[4.718056640691346,46.278901326815955],[4.718024133630495,46.27891685882719],[4.717972453245,46.27894646067642],[4.717970412561142,46.278947662363386],[4.717970028696834,46.278947848293136],[4.717945977903854,46.2789596499326],[4.717813840908385,46.279024962018525],[4.717749896157429,46.279052857340325],[4.717731829037998,46.279060785764926],[4.717690439091545,46.27907474037205],[4.717664474397724,46.279083508476035],[4.717658662629225,46.279080443732575],[4.717649830675422,46.279076343720625],[4.71758437320195,46.27911813239322],[4.717528224387328,46.27915437647487],[4.717420744531,46.279218955881895],[4.717359455524571,46.27925284554349],[4.717320134367491,46.279270641776364],[4.717274987295143,46.27928492310068],[4.717222428000729,46.279294812743196],[4.717185505736987,46.27929798157336],[4.71717333191932,46.27929915592453],[4.717112990590524,46.27930114673542],[4.717000973208134,46.27929977359352],[4.716969032769742,46.279300255229884],[4.716967085182016,46.27930028459767],[4.716966311794283,46.2793004763976],[4.716943612574708,46.27930568240296],[4.716931833962414,46.27931117408028],[4.716928130744917,46.27931321143771],[4.71691767315688,46.279323546919336],[4.716889140378853,46.279399545027545],[4.716869297791888,46.279425423810025],[4.716805882895467,46.27947024356545],[4.716769906281317,46.279499427935626],[4.71669063411822,46.27958537802228],[4.716677599454429,46.279604669162104],[4.716655159946602,46.279638873402064],[4.716654908736164,46.279639147396296],[4.716634267099407,46.279656121352374],[4.71663363483812,46.27965667129821],[4.71663350782123,46.27965676328209],[4.71663338080434,46.27965685526597],[4.716535950133199,46.27969813457616],[4.716514148328733,46.27971125303342],[4.716477197579338,46.279734237231764],[4.716395530985637,46.27978941960713],[4.716395149932844,46.27978969555799],[4.716369091557225,46.27980792201138],[4.716335237100972,46.27984265852354],[4.716307533093178,46.27987469031881],[4.716270023257741,46.2799129945975],[4.716249124543776,46.27992591925148],[4.716235240046736,46.27993468507702],[4.716165236049429,46.279972398253406],[4.716134068559677,46.27998926055035],[4.716045031426831,46.280028971817515],[4.716016745790714,46.28004245809816],[4.715982713246671,46.28005909332313],[4.715880014193314,46.28011882551374],[4.715877298816636,46.280119226708244],[4.715857661726209,46.28012267503597],[4.715807991513992,46.2801584603305],[4.71580761045567,46.280158736279375],[4.715807483436228,46.28015882826234],[4.715728028568567,46.280205870604014],[4.715727901548882,46.280205962586884]]],[[[4.71668938068776,46.27955783581281],[4.716699081910996,46.27954823230895],[4.716732145687594,46.27952143367244],[4.716767571815771,46.27947883733666],[4.716824215374424,46.27943763239026],[4.716864338310611,46.27940811527612],[4.716872554686545,46.279388446419084],[4.716889901898658,46.27934513187901],[4.716904666417457,46.279302306623784],[4.716799149467595,46.279301105473415],[4.716792730916326,46.279303544042925],[4.716784528496223,46.27930709033604],[4.716746897880289,46.27932909412053],[4.716705239483048,46.27936349806808],[4.716678219009795,46.2793966004843],[4.716646349478439,46.279461480278776],[4.716596768272385,46.27957049067125],[4.716587544126151,46.27959530863039],[4.71658218407453,46.27961079123093],[4.716587422947789,46.2796328692193],[4.716593787973781,46.27964114967699],[4.716603777252538,46.27965315839295],[4.716635788378741,46.27963835482951],[4.716654140830409,46.27961466021211],[4.716670740358602,46.279580634086926],[4.716684966163222,46.27956204554138],[4.71668938068776,46.27955783581281]]],[[[4.718114397228661,46.2799593066502],[4.718125833340862,46.28000912239054],[4.718200702107684,46.28013057659096],[4.718211112723549,46.280151855922114],[4.718211115549318,46.280151945948475],[4.718211253867784,46.28015221406831],[4.718214315418372,46.28020422775742],[4.718200297823955,46.280274963311875],[4.718161446676341,46.28034913593211],[4.718097182891265,46.28041657653118],[4.718097055875072,46.2804166685167],[4.718043674998598,46.2804500789291],[4.71800417045018,46.28049102588663],[4.717966816650059,46.28053013900006],[4.717927419962603,46.280595222792996],[4.717912402928247,46.28077072362354],[4.71787046966196,46.28087916884689],[4.717819933023355,46.280999092535424],[4.717627484377376,46.28129940345548],[4.717572376273604,46.28139372631239],[4.71751621974281,46.28144221984194],[4.71745713105715,46.28152561426142],[4.717457006861909,46.281525796272575],[4.717394085290105,46.28163608902074],[4.717374549359495,46.281783556366136],[4.717371506917975,46.28180665990907],[4.717361865285985,46.28184715622249],[4.717314097211844,46.28204710920329],[4.717716241724729,46.282086978796386],[4.717716504241314,46.28208706490534],[4.717716893778607,46.28208705902922],[4.717743630923141,46.282094581770174],[4.717928936567719,46.282146097863475],[4.717929328930818,46.28214618201299],[4.717996575616512,46.28216543298347],[4.718082545736467,46.28218935521072],[4.718116546017708,46.28220064124527],[4.7181071293639,46.28237245481505],[4.718119569463886,46.28237974284137],[4.718146411499848,46.282394739633766],[4.718587734706038,46.28239969875184],[4.718997465719087,46.282403872115694],[4.718998244797906,46.28240386035471],[4.719452507792601,46.28241132285442],[4.719653022096933,46.282413428842545],[4.71969779496092,46.28238717308074],[4.719720561526144,46.28235926813179],[4.719718781724412,46.282335696926204],[4.719718004958503,46.28232751237582],[4.719690227900673,46.28226209141403],[4.719642934420754,46.282195704213464],[4.719631363545585,46.282141657399954],[4.719612220046132,46.2820533185757],[4.719612211561617,46.28205304849674],[4.719592957669033,46.28191157061065],[4.719590329685193,46.28177002178543],[4.719583880798115,46.28145721936375],[4.719583209547464,46.28118359978046],[4.719581848899846,46.28094592814586],[4.71958183193146,46.280945387987884],[4.719581003364109,46.28077841250683],[4.719573978471794,46.280459674197076],[4.719551345422972,46.28034706941445],[4.719551198613502,46.28034653121725],[4.719537174423967,46.28018128617377],[4.719537171596015,46.28018119614744],[4.719519931788458,46.280099673801146],[4.719496485366547,46.28002319897632],[4.719478569628772,46.279965645196675],[4.719454594046621,46.27986404909187],[4.719404184204278,46.279652877850026],[4.719401676486087,46.27963093887086],[4.719399654665231,46.27961619807788],[4.719399651837535,46.27961610805154],[4.718708233479272,46.27959691388547],[4.718707841133245,46.2795968297386],[4.718266445772615,46.27954746848934],[4.718266318758722,46.27954756047505],[4.718244810430707,46.27954518297163],[4.718143559958551,46.279688209235225],[4.718130004499369,46.279819193980124],[4.718124851269362,46.27984539175057],[4.718112874231299,46.279910782434925],[4.718114397228661,46.2799593066502]]],[[[4.719048460635666,46.28475156133485],[4.719292211329243,46.284723652898194],[4.719429418889575,46.28470771063459],[4.719898958742259,46.28463018603511],[4.720041505936025,46.28460227327171],[4.720117809741604,46.28458716001158],[4.720118326318899,46.28458706213952],[4.720183420701999,46.28457491029507],[4.720354797163751,46.28454250853492],[4.720542156144703,46.28450608213573],[4.720704873925809,46.284466875350574],[4.72072821003348,46.28446120865628],[4.720827984710884,46.28443646314102],[4.721088335905707,46.28436227468412],[4.721134942839387,46.28434887052957],[4.721384179439436,46.28427241750737],[4.721577091716561,46.28420194940026],[4.721729793559634,46.28414586949501],[4.722023363611559,46.284012721774836],[4.722048955649443,46.283987926047594],[4.722049079835003,46.28398774403147],[4.72217539872511,46.28388180393936],[4.722312840792481,46.28376605807242],[4.722402280528867,46.283652389139164],[4.722412804972483,46.28363592744666],[4.72245869287285,46.283562547602024],[4.722538260164075,46.28339525663707],[4.722559205926635,46.28335080593903],[4.72261628438825,46.283240868829004],[4.72274437342756,46.282993132521895],[4.72274449477518,46.28299286047876],[4.722768432378549,46.282948544610726],[4.722792578636186,46.28290260433636],[4.722839211216718,46.28278688057265],[4.722968512912291,46.282639642744016],[4.723002147794699,46.2825608637624],[4.723003355580905,46.28255796327581],[4.723002873839432,46.28254265881713],[4.723002856836797,46.282542118659755],[4.723006266944148,46.28249775306055],[4.723007562366207,46.2824728743858],[4.722969834069325,46.28233906214841],[4.722966983625077,46.28234342859539],[4.722849573460091,46.282525883678304],[4.722707969987949,46.28274455213725],[4.722577922761256,46.28294656293987],[4.722577671565282,46.28294683694707],[4.722422238302502,46.28315130316058],[4.722251761982553,46.28331123232477],[4.722153759375023,46.28338395914921],[4.722078235605384,46.283440313648974],[4.722042013222235,46.28346581056034],[4.721758874670186,46.28366617231839],[4.721758620635025,46.2836663562975],[4.721599938133534,46.283775937636136],[4.721447507221605,46.283881911543745],[4.721365962872429,46.283928629102896],[4.721322713775627,46.283953781647426],[4.721175463784061,46.28405103023009],[4.721097377152407,46.28410030732871],[4.720790786020526,46.28424085490826],[4.720645139193638,46.2842858385128],[4.720644882321873,46.284285932463156],[4.720620013539127,46.2842924329211],[4.720498506449963,46.28432426178418],[4.720418595895124,46.28434447366302],[4.720308670483269,46.28437279478999],[4.720308540632176,46.28437279675165],[4.720077643910458,46.28443347849759],[4.720077257185785,46.28443357440805],[4.71939326919935,46.28460737918359],[4.719392625596828,46.284607569039274],[4.718849526920184,46.28474627788205],[4.718540741810351,46.284825515398545],[4.718656741893025,46.28481682943167],[4.718727762383843,46.284811344162726],[4.718821664541644,46.28479398465047],[4.719048460635666,46.28475156133485]]],[[[4.718989435213286,46.27889670555814],[4.719065748960595,46.2787828770575],[4.719199065858092,46.278598024044854],[4.718944421733839,46.27856358925027],[4.718922547298504,46.27874811066634],[4.718782839005288,46.27868807203453],[4.718711018798564,46.27881264079621],[4.718627176832432,46.27893495909608],[4.718914412694406,46.27898547531649],[4.718989435213286,46.27889670555814]]],[[[4.719236291566537,46.271726181887075],[4.719232835784136,46.2717526243228],[4.719229162761034,46.27178042107554],[4.719227989379069,46.271792688193884],[4.719227876519829,46.27179323031284],[4.719224132816357,46.271818776404785],[4.719220702244639,46.27184188590193],[4.719204587013461,46.27188707374132],[4.719190974680394,46.27192510832289],[4.719161213318961,46.272011393594035],[4.719144937071119,46.27205559309395],[4.719144807249194,46.27205559505428],[4.719067909848218,46.27204711879919],[4.71904731601157,46.272044817750206],[4.719041837232881,46.272197117260895],[4.719038449374974,46.27222986349917],[4.719038336512956,46.272230405617904],[4.719036640962389,46.272242590548174],[4.719034708379992,46.27225549961017],[4.7188734451703,46.2722323548116],[4.71887345364965,46.272232624890876],[4.71887784168117,46.27228137609258],[4.71888909453178,46.2723543423065],[4.718891022673028,46.272366112247475],[4.718918293203465,46.27246937004877],[4.719013740865798,46.272688057809255],[4.719044029995619,46.27275920540688],[4.719062080388445,46.272800454714854],[4.719308543196503,46.27281510714074],[4.719316811877885,46.272805434946626],[4.719324434265197,46.272795862581],[4.719324956387114,46.272795944765264],[4.71933081541583,46.27279639669924],[4.719464441446619,46.27280797908711],[4.719464701094015,46.27280797516571],[4.719588929224143,46.27282222127754],[4.719630250180908,46.27282691124102],[4.719700109746012,46.27283044956887],[4.720116007589147,46.272851277540056],[4.720126788619699,46.2728512947926],[4.720172497903012,46.27285096445692],[4.720215923676557,46.27280689500998],[4.720168033960205,46.27278329992041],[4.720268626087008,46.27272323509865],[4.720291318829652,46.2727096520499],[4.72030537279847,46.27269809098212],[4.72031296701288,46.272691761461765],[4.720418841364488,46.27258487080555],[4.720420596650114,46.27258286276007],[4.720486967351145,46.27250845345099],[4.720487215680578,46.27250808942173],[4.720525648567437,46.27246634702737],[4.720613288467264,46.27237026982634],[4.720696902236281,46.27225768067998],[4.720716344623475,46.27222334069413],[4.720722242212576,46.2722126233991],[4.720758004499068,46.27213138092765],[4.720786671189461,46.27201034505769],[4.720801618100459,46.27187843804414],[4.720801612441255,46.27187825799139],[4.720798838185523,46.271740404055],[4.720798824037574,46.2717399539231],[4.720791226730953,46.2716717963384],[4.720782152634547,46.271593843536756],[4.720789833005264,46.271470422780524],[4.720818484204355,46.27130345185338],[4.720784425053012,46.27129009600602],[4.720782189816737,46.27128922909961],[4.720775904693284,46.27128761278381],[4.720744504546878,46.271280341437034],[4.720679724350689,46.271281320536104],[4.720499475357645,46.27129043956578],[4.720392501103078,46.27129610925417],[4.72031283491338,46.27131109366954],[4.7202360162376,46.27132576479523],[4.720121825986474,46.27133739775507],[4.720000258560364,46.27134986260659],[4.719894266138275,46.271353715608264],[4.719816379120431,46.27134678599646],[4.719772361319017,46.27134303754604],[4.719713846077251,46.27134085910594],[4.719713456616619,46.271340864988886],[4.71934989756214,46.27134023140597],[4.719349378281252,46.27134023924825],[4.719174371698515,46.271334325529125],[4.719138490435896,46.271333246109684],[4.71913940915911,46.27136250469836],[4.719140766044423,46.271405717383],[4.719137056034628,46.27142820061427],[4.719111273007754,46.271492268804224],[4.71909187008096,46.27154029841611],[4.719092149931551,46.27154921103229],[4.719092158411874,46.27154948111156],[4.719119361438418,46.27171263584985],[4.719144259038127,46.27171550237987],[4.719236291566537,46.271726181887075]]],[[[4.719491480544455,46.27846607076068],[4.719442113493553,46.278552742142615],[4.719376459887772,46.27853445878124],[4.719342022754945,46.27860018878493],[4.719740974662346,46.2787004453621],[4.719830403511596,46.278594794655774],[4.719855146567375,46.2785595641962],[4.719707942401188,46.278521436625034],[4.719605510382197,46.278494341683874],[4.719491480544455,46.27846607076068]]],[[[4.719336200780579,46.278617479886],[4.719240154546953,46.27882266633467],[4.719568268484341,46.278900845358336],[4.719717179411648,46.27872863609261],[4.719336200780579,46.278617479886]]],[[[4.719836402981926,46.278049786185335],[4.719900210441613,46.278071339648875],[4.71991703348847,46.278040371979735],[4.720065055694927,46.27808803422923],[4.720259459938896,46.27769365705051],[4.720138992838663,46.27765890900732],[4.719990472745431,46.277620171228094],[4.719849330830858,46.27758060125963],[4.719843119084532,46.27758961192518],[4.719805272128062,46.277633596881905],[4.719726648900455,46.27773169873364],[4.719664185156661,46.277843877449506],[4.719639832313284,46.277887388333895],[4.719828953660391,46.27790776971258],[4.719763659247968,46.27802494503572],[4.7197955742558,46.27803608189778],[4.719836402981926,46.278049786185335]]],[[[4.719868887542691,46.2737584040907],[4.719896929944806,46.273757980476596],[4.719896628302719,46.27380626207604],[4.719896302836596,46.27387859248722],[4.719965822640619,46.27388781015868],[4.71996918370392,46.27388316585878],[4.719977156008942,46.273872327197324],[4.720104770942402,46.27389093500546],[4.720237734299169,46.273910272483235],[4.720293675052404,46.2736733560833],[4.720293666565826,46.273673086004166],[4.720353032507741,46.27331371386733],[4.720352493099464,46.2733089483544],[4.720351058449767,46.27329636035504],[4.720245235545117,46.27288409170909],[4.719855840989826,46.27285935114875],[4.719740812022061,46.2729601647675],[4.719737741491423,46.27296165225417],[4.719718934487629,46.27297076310817],[4.719605551494592,46.272995803598576],[4.719604778205146,46.272995995416544],[4.71965161327518,46.27308112387367],[4.71990900929545,46.27311299322075],[4.719873466115339,46.27325088555171],[4.719872314931528,46.2732555865357],[4.719946375254512,46.273268788727535],[4.719895750866015,46.2735095876801],[4.719869421380637,46.27363482120796],[4.719853560957886,46.27369225468083],[4.71984169884939,46.273736387593885],[4.719842220981051,46.27373646977576],[4.71986983739807,46.27373902488362],[4.719869851538899,46.27373947501555],[4.719868876230029,46.27375804398516],[4.719868887542691,46.2737584040907]]],[[[4.720152404932398,46.27455951890665],[4.720127053306746,46.27466213036226],[4.720071477836197,46.274654413423015],[4.720034277415729,46.274751979851985],[4.719888354174205,46.274725362145595],[4.719891523402668,46.27476422412275],[4.719376350454262,46.27472192674392],[4.719370074575789,46.274790924370855],[4.719352203433528,46.27484226342097],[4.719330755971843,46.27488726156862],[4.719373884756245,46.27489156407092],[4.719577392749435,46.274915421289045],[4.719588654409235,46.27492245672879],[4.719600553655038,46.27492497908313],[4.719903404041935,46.274956342181625],[4.719908032489939,46.275124341201604],[4.719909466166567,46.275165841398355],[4.719716312339311,46.27518632249727],[4.719620056330245,46.275206780917934],[4.719558780920686,46.27522851233321],[4.719472495002251,46.27522729353746],[4.719328878359931,46.27512939562112],[4.719306462689776,46.275122888866576],[4.719279326011267,46.275131494934165],[4.719273513092321,46.275153199291694],[4.71930335720821,46.27521012263326],[4.719351325183277,46.27528992003281],[4.71948889227323,46.27550535937432],[4.719525527077073,46.275555154718546],[4.719577985870039,46.27558354482798],[4.719634209293435,46.27560359169901],[4.720088100330011,46.27565888312649],[4.720103504031052,46.275644779773366],[4.720104892564354,46.27564349782857],[4.720133172092303,46.275629920500116],[4.720200202803839,46.27545237235037],[4.720244240753775,46.27533677881765],[4.720338805720166,46.27508063456607],[4.720340721731512,46.27507547167623],[4.72028829252468,46.27506455487794],[4.720260567922268,46.27505857887003],[4.720260440922139,46.27505867085801],[4.720260048606248,46.27505858671645],[4.720238998886752,46.27509141970531],[4.720221819015351,46.27509032823738],[4.720167146535077,46.2750865607359],[4.720150883956237,46.27508572560586],[4.720129856435237,46.27507379389353],[4.720127882384538,46.27505644038047],[4.720142072186218,46.27504091425247],[4.720169922889661,46.275034368778144],[4.720254583195048,46.2747275752517],[4.720229396223077,46.274723812624785],[4.720246653542081,46.274665367238015],[4.720269314306867,46.274588736313845],[4.720269181650109,46.27458864824908],[4.720269302991401,46.274588376208364],[4.720162353879136,46.274561980598264],[4.720152404932398,46.27455951890665]]],[[[4.720873947420566,46.28444801795324],[4.72071295434194,46.28448422664355],[4.720731675091219,46.284513576473074],[4.720731706222757,46.284514566761985],[4.720925084554887,46.284996035783244],[4.720929949589561,46.28501028323755],[4.720943180244118,46.28524102028547],[4.72092804117597,46.28527601571613],[4.720905448805816,46.28530121618566],[4.720891019498069,46.285317466527005],[4.720892479019407,46.28531843523023],[4.720897391149292,46.28532178362177],[4.720899299322728,46.28532049381922],[4.720932696370991,46.285345568724814],[4.720993217253323,46.285386265996266],[4.720993482621497,46.28538644212388],[4.720994911009693,46.28538642053702],[4.721058604364003,46.28542058485998],[4.721197830275917,46.28548531183601],[4.721232679194316,46.2854863162804],[4.721691389576221,46.28550216950768],[4.722230824376135,46.2855195021512],[4.722837749470498,46.28553473038302],[4.723446524036534,46.2855509181554],[4.724051147063145,46.28557139877962],[4.724213047584094,46.28557633323243],[4.724603788670098,46.28558725929241],[4.725261782460875,46.285606925222595],[4.725478702188998,46.28561390652888],[4.726161458956274,46.285631931090016],[4.726192793486975,46.28563271708331],[4.72620162355011,46.285632583233934],[4.726264211028468,46.2856356876022],[4.726548521033466,46.285649751513176],[4.727153569962508,46.28567129007471],[4.72735262917039,46.28567628697467],[4.72740736586302,46.28567761834801],[4.727587853162452,46.28568280648391],[4.728866489411107,46.285719875058604],[4.728905396326506,46.28572594949771],[4.728908007624616,46.285726360198716],[4.728921142783689,46.28572679126247],[4.728951571274039,46.285727680323156],[4.72897432984827,46.28572841561864],[4.728966285484213,46.285708182109026],[4.728962729168101,46.28569841855786],[4.728953500951955,46.285673609490956],[4.728916446942764,46.28557401508251],[4.728886632613817,46.28545683732044],[4.728863986890175,46.28536918349365],[4.72884523775418,46.28521157678624],[4.728840302392245,46.28517049007701],[4.728838260764285,46.285155209303845],[4.728812526301799,46.28496564399387],[4.728767667831734,46.28474232283532],[4.728760235998916,46.2847085696291],[4.72869573078775,46.28442258831041],[4.728616193704865,46.28395678674792],[4.728578747756147,46.28393934132815],[4.728539065956448,46.28392102914304],[4.728503759198814,46.28391372905062],[4.728119660780282,46.2838536280052],[4.728035306157936,46.28383995662855],[4.728035176308385,46.283839958599],[4.728034654068065,46.283839876454785],[4.728017597416994,46.28383455099681],[4.727868830490331,46.28378871145626],[4.727659484372031,46.28372100332256],[4.727484808185899,46.28366510834718],[4.727482315481155,46.283664335539186],[4.727372077371543,46.283629079446996],[4.727299647843636,46.28360630978673],[4.727247606320768,46.28359151720097],[4.727195472730623,46.2835820400711],[4.72716679517077,46.283578962341636],[4.727122749987506,46.28357467658071],[4.727028224003668,46.28356800399638],[4.727028094154726,46.28356800596569],[4.726805379350688,46.28355003709662],[4.726643754080738,46.28353717615295],[4.726379453823735,46.28351875617222],[4.726285472975384,46.28351288533228],[4.726189157707347,46.28350713987148],[4.725847373422561,46.28346629508434],[4.725768404083696,46.28345857506095],[4.725649434979594,46.28344713783343],[4.72559526536397,46.28344723816265],[4.725513570659411,46.28344784562555],[4.725411373193249,46.28347803616719],[4.725410856635881,46.28347813406326],[4.725387631416595,46.283483169567006],[4.725370480710091,46.283487212335324],[4.7252624870259,46.283477770066746],[4.725133923363467,46.283466928011926],[4.72509562865943,46.283463725251934],[4.725050835847563,46.283460440780225],[4.724896603649161,46.28348016046954],[4.724855978639276,46.283485459426885],[4.724763618328875,46.28349802696172],[4.724763488480017,46.28349802892846],[4.724715088895006,46.283499842825904],[4.724714829197278,46.28349984675927],[4.724470289734986,46.28350246944755],[4.724253508952045,46.283499627423815],[4.724113666192197,46.28349363860038],[4.724113276645584,46.28349364449837],[4.723941260907832,46.283497329629604],[4.723795610143832,46.28350079553247],[4.723591953748755,46.28350631013975],[4.723574172950959,46.28350684947722],[4.723455068553386,46.283515857698234],[4.723330886898287,46.283532778644414],[4.723311872789019,46.28353540819481],[4.723311869954687,46.283535318168596],[4.723311353393025,46.28353541605516],[4.723309808683884,46.28348635177021],[4.723310068381648,46.28348634784005],[4.72337091595206,46.283479662557795],[4.723427997891063,46.28347303423437],[4.723689322389962,46.28345475789133],[4.723734329452725,46.283456598548156],[4.723773213779324,46.28345790138764],[4.723865276575001,46.283456507733],[4.723888906219664,46.28345605994424],[4.724030339901336,46.283454819425565],[4.724057543514274,46.28345647915102],[4.724129903906197,46.28346060758787],[4.724230810593922,46.28345953007925],[4.724354821852164,46.28345783240841],[4.724465295413578,46.283459401965466],[4.724535046896223,46.28345906619732],[4.724616349245596,46.28345837530985],[4.724643964485439,46.28345660603416],[4.724835317709791,46.2834440703668],[4.724841412089441,46.28344370784753],[4.725024683791213,46.28339733820293],[4.725047496764248,46.28339158846498],[4.725096189986823,46.28339085080605],[4.725178083748664,46.28341717130205],[4.725437584458495,46.28341936426402],[4.725437974004437,46.283419358361506],[4.725686986797299,46.2834308967261],[4.725748504556727,46.28343311685927],[4.725807670852897,46.283434922251246],[4.72590889392951,46.28343563984297],[4.725911104195481,46.28343569641233],[4.725920768313857,46.28342906495775],[4.725918682076318,46.28339586105404],[4.725886525585885,46.28335248474506],[4.725841514830994,46.28329696376995],[4.725765448402568,46.283212370751436],[4.725605170603521,46.28304853200993],[4.725604769707926,46.28304817780841],[4.725415497945662,46.28287117773698],[4.725315954607262,46.28277946441972],[4.725288532919846,46.28275439032152],[4.72494426769719,46.282770684334174],[4.724941543744507,46.28277081566616],[4.724941024355999,46.28277082353393],[4.724899552113019,46.28271623936367],[4.724846897287081,46.282723161657586],[4.724743148596551,46.28273707259799],[4.724645093269883,46.28275026673014],[4.724555026018189,46.28276135827894],[4.724489936978673,46.28276945947932],[4.724418747325381,46.282773599916005],[4.72434729796699,46.28277774424072],[4.724347168119825,46.28277774620699],[4.724214694452193,46.28277056511554],[4.724214304910737,46.28277057101388],[4.723751838669124,46.28272551266873],[4.723751578975,46.2827255165999],[4.72360873932062,46.28271092591735],[4.723585671353522,46.28270857300847],[4.723554583505892,46.2827031890648],[4.723400713860692,46.28267660574165],[4.723400454166774,46.28267660967202],[4.723270990747102,46.28265361983485],[4.723145067309479,46.28263165711307],[4.723067355515858,46.28262256517387],[4.723035574433645,46.28264880583597],[4.723025027187967,46.282660404206766],[4.722983117690902,46.282707423934156],[4.722920478084788,46.282780967409906],[4.722871050582027,46.28284503383344],[4.722833242588385,46.28289442331085],[4.722796720800535,46.28295991568345],[4.722766248426534,46.28302774838698],[4.722730230806383,46.28310926540598],[4.722668871089115,46.283248269594615],[4.722616413922345,46.28336056868902],[4.722600833067761,46.283393859743406],[4.722519571336066,46.28352794089405],[4.722443316717628,46.2836353758625],[4.722410525668458,46.28367496183461],[4.722352964856988,46.28374482537921],[4.722200938444543,46.283896639359206],[4.722197574123284,46.28390119369398],[4.722116539828308,46.28401365450714],[4.722103414947486,46.284025922248965],[4.721911898761933,46.28409943250616],[4.721694703613967,46.28418260779485],[4.721508902203053,46.28425197784625],[4.721462425684537,46.28426952336146],[4.721462295833732,46.28426952532444],[4.721236234741125,46.28434346656346],[4.721148330648977,46.28436974433796],[4.721080897296638,46.28439012837447],[4.720972203068002,46.28442041305653],[4.720874204292698,46.28444792400238],[4.720873947420566,46.28444801795324]]],[[[4.721092327779022,46.275779711727104],[4.721132217298146,46.275784242679556],[4.721147017997303,46.27578401894214],[4.721193358435738,46.27571279429219],[4.721217531357187,46.27563884238822],[4.721227517418177,46.275580506769074],[4.721231982290194,46.275515949776555],[4.721235638156053,46.27546284379273],[4.721232176544555,46.27544776451055],[4.721232170883567,46.27544758445788],[4.721179018299975,46.27521123597185],[4.721178496152244,46.275211153796135],[4.721166901716206,46.27521006810291],[4.721161299242357,46.275209522311904],[4.7211553267261,46.27520546941856],[4.721141756914592,46.27520765607309],[4.721134780094756,46.27520884237],[4.721113848541812,46.275199971735134],[4.721107624135527,46.27518790649479],[4.721107621305252,46.27518781646845],[4.720628186303617,46.275220642496166],[4.720345446495322,46.2752299588754],[4.720345322323962,46.275230140889825],[4.720194887363973,46.27563871555934],[4.720194766019984,46.27563898759995],[4.720201178922166,46.27564465513339],[4.720212937798835,46.27565510562796],[4.720216268720363,46.27566190055407],[4.720222371640187,46.275674237883194],[4.720223153451832,46.275674316140176],[4.720778492472312,46.27574203275922],[4.720880467133604,46.275754722438045],[4.720929625532864,46.275760734611026],[4.721092327779022,46.275779711727104]]],[[[4.721506695479164,46.27130655776468],[4.721459181724746,46.27131141939908],[4.721388884728032,46.2713186970918],[4.721373433305796,46.27131884064875],[4.721311638937688,46.271319774961114],[4.721116882573309,46.27131362241408],[4.720939039651445,46.271308384768616],[4.720920334239371,46.27130830724444],[4.720898654284192,46.27130863495644],[4.720869858588028,46.27133050668206],[4.720858829806361,46.27136805208717],[4.720855438535188,46.27137999247616],[4.72082683293233,46.27158560238982],[4.721564370741383,46.27158354903061],[4.721579305785804,46.27158350332655],[4.721507214759424,46.27130654991257],[4.721506695479164,46.27130655776468]]],[[[4.722719150654847,46.282043104975145],[4.722768934532128,46.282085314755996],[4.722895281417151,46.28216617666272],[4.722898736747359,46.28216864631737],[4.722930354116558,46.28219086534592],[4.723240334908548,46.28204710800393],[4.723470929728009,46.28194012866604],[4.723528543704825,46.28191331673008],[4.723933375416576,46.281724888561115],[4.72417419344612,46.28161261903766],[4.724234632116144,46.28158477320181],[4.724572407805476,46.28142870211081],[4.724572918672414,46.28142842416612],[4.724773039485489,46.28133568422169],[4.724773423343433,46.28133549826905],[4.724835659356939,46.28130699439554],[4.724890836175774,46.2812812094264],[4.724936858646958,46.28125349151401],[4.724977890937314,46.281228190976385],[4.72502811673469,46.28118545786775],[4.725046898820139,46.28116724956528],[4.725057849065099,46.28115609523517],[4.725080527272867,46.28112548842558],[4.725107542852818,46.28108824085005],[4.725171165564132,46.28098009462705],[4.725184848941932,46.28095673953615],[4.725210161551701,46.28091492420665],[4.725285345631429,46.280790300223],[4.725285342793994,46.28079021019682],[4.725368024103428,46.28065205224728],[4.725394671053291,46.280607244369556],[4.725431521626819,46.28054408789375],[4.725482534879686,46.280456308040954],[4.725482659045819,46.28045612602102],[4.725608436120732,46.28023868440936],[4.725608433282794,46.280238594383185],[4.725732660499348,46.280025589492716],[4.725780210386191,46.27994335619869],[4.725929739242408,46.279688265541076],[4.725942888422566,46.27966446809736],[4.725967693958689,46.27961896742471],[4.725985165993728,46.279571596386134],[4.725999977391552,46.27953048045046],[4.726006328706231,46.2795012017512],[4.726011842103299,46.27947418748318],[4.726025270330021,46.27938508562068],[4.72577091119088,46.27929815130646],[4.725770386159125,46.27929797912563],[4.725752015726035,46.2792921328476],[4.725630637721767,46.279253441274385],[4.725462825190604,46.27921284123217],[4.725431498638512,46.279203948744694],[4.725289047486015,46.27916431517356],[4.725288655132974,46.279164231049364],[4.725002680902203,46.27906741612818],[4.72500241838864,46.279067330035986],[4.725001757849416,46.279066979766206],[4.724904047663006,46.27902495658718],[4.724855877274985,46.279005060459625],[4.724820228760568,46.27899091919612],[4.724776205673554,46.27908615869659],[4.724746579060369,46.27917244339771],[4.724715046736516,46.27929307331219],[4.724699418870705,46.279353656377566],[4.724649389913479,46.27949330082261],[4.72459846435114,46.27975293095717],[4.724582184483837,46.27983405964573],[4.724581006751396,46.27986677259225],[4.724580612479477,46.27989136744722],[4.724580623824396,46.27989172755207],[4.724590223111051,46.27998201160954],[4.72459332382039,46.28001033643502],[4.724604989923956,46.28003015509701],[4.724616500668608,46.280049165488435],[4.72464434110329,46.280091706806736],[4.724644613392438,46.28010034932286],[4.724645521335224,46.28011267504713],[4.724641724438485,46.28012822445306],[4.724639913600471,46.280136718382316],[4.724623605324328,46.28017983831411],[4.724623608160643,46.28017992834032],[4.724570634448036,46.280320968363284],[4.724481271431801,46.28056046464641],[4.724457690767072,46.280616034161575],[4.724254803863525,46.28096731394574],[4.72425467969215,46.280967495964305],[4.724196889172378,46.281091765783856],[4.724183890517524,46.28114924658807],[4.724176097821703,46.281174043530854],[4.724157854938727,46.28123412567423],[4.724157202885571,46.28123404547828],[4.724157087220076,46.28123449757537],[4.724120145853628,46.281228842152395],[4.724147817487705,46.28117528236643],[4.724161361811625,46.281143372942786],[4.724172205528116,46.28111645821255],[4.72418024193777,46.28107877769122],[4.724181477389151,46.281072634281976],[4.724184716603413,46.281064118733944],[4.724223157867622,46.28096067768125],[4.724286600082682,46.28084262710143],[4.724369512875684,46.280686992995086],[4.724369758380474,46.28068653893144],[4.724427992104815,46.280568116789965],[4.724538231461989,46.28032740368494],[4.72454151816856,46.28031627539952],[4.724576859397584,46.280196938909754],[4.724578540406357,46.28018844694808],[4.724589049378912,46.28013442641995],[4.724587205155936,46.28010887470841],[4.72458532815294,46.28009052902675],[4.724585184130919,46.28009008086224],[4.724580083800689,46.2800725045535],[4.724578508068295,46.28006784482234],[4.724575902119116,46.280063470901986],[4.724539845266237,46.28000340045195],[4.724533145920682,46.279976301027204],[4.724529609998118,46.27996302434299],[4.724528647931746,46.27975930245367],[4.724550532068949,46.27968700574126],[4.724571818001696,46.279616339328605],[4.724627869045991,46.279428686910755],[4.724725527776823,46.27911448750876],[4.724734352327133,46.27908535156436],[4.724759719780553,46.278999942003956],[4.724770845420522,46.278957260822345],[4.724774653545381,46.27894207151511],[4.724774991361585,46.27893630197023],[4.724776920534067,46.27889033746382],[4.724747356454116,46.27868587789554],[4.724739728733703,46.27864167939753],[4.724718001850644,46.27848393708285],[4.724713472321048,46.2784514907169],[4.72465882949447,46.27825911999276],[4.724648128065925,46.27823280174489],[4.724634241876327,46.278200226891684],[4.724607734807486,46.27815874621176],[4.724607054428464,46.278157765756056],[4.724551793156081,46.27809006010628],[4.724420202755032,46.277929117947714],[4.724377404190996,46.277943636774],[4.72434708340494,46.27795427378141],[4.724338083823885,46.277944862739716],[4.72432842939609,46.27793528147607],[4.724254764101413,46.27797197437252],[4.724252983263313,46.27797317223987],[4.724148230057886,46.27804564295568],[4.723940825133891,46.278187219706986],[4.723914805205274,46.27821481455093],[4.723861927288015,46.278272268636876],[4.723775991362908,46.27836895291124],[4.723714297265076,46.278439330213004],[4.723659099974778,46.278505646086536],[4.723584664437107,46.27859630161422],[4.723586787185962,46.27859771058789],[4.723595396681602,46.27860298441164],[4.723595145510648,46.278603258421214],[4.723595278182482,46.27860334648204],[4.723505789103603,46.278710982687485],[4.723437179806122,46.27880929586605],[4.723346459549067,46.27893973806375],[4.7231536805737,46.27923249814535],[4.722976672259119,46.27950223173272],[4.722960781031358,46.27952561996146],[4.722932881887934,46.27956783419509],[4.72286136201816,46.2796562834229],[4.722848986716,46.279671692352366],[4.722831288959169,46.27969546817143],[4.722614484055019,46.27998859075424],[4.722614357047409,46.279988682744786],[4.722558043540756,46.28006915576842],[4.722541974913621,46.280099301799645],[4.722534871907103,46.280113009688954],[4.722515042095361,46.280180501227974],[4.722491171564095,46.280259943010755],[4.722483156802171,46.280273574619386],[4.722482053384908,46.28027566290066],[4.72248167519221,46.28027602889811],[4.722481678025008,46.280276118924384],[4.722479550041187,46.28027867305003],[4.72243798939626,46.28032847947427],[4.722428219613743,46.28034826232607],[4.722424192621556,46.28035651953043],[4.722389654504947,46.280456117994355],[4.722350232427486,46.28052435620091],[4.722310193108229,46.28060188084603],[4.722298447727287,46.280624936054664],[4.722285239512753,46.28066755838375],[4.722266512176061,46.280728818424386],[4.722255111727372,46.280783482665846],[4.722252976752898,46.28085187740696],[4.722260001905239,46.28095129750951],[4.722267925557649,46.28105863010198],[4.722287002401306,46.28119839901325],[4.722313382209504,46.28134319139911],[4.722319299182726,46.28137435587978],[4.722361304170676,46.28158223049231],[4.722448830453105,46.281680342840644],[4.722509456045933,46.281749229322465],[4.722558635604453,46.28181765844019],[4.722697659050671,46.28202478581133],[4.722719150654847,46.282043104975145]]],[[[4.723209534508513,46.28250476493477],[4.72325779386222,46.28249439722089],[4.723347588841234,46.28247466418059],[4.723418434679767,46.282455488069715],[4.723535633986104,46.2824231807843],[4.723698276513796,46.282390095427395],[4.723937171421784,46.28234864991267],[4.723969465676109,46.28234284691265],[4.724048249337108,46.282328233822106],[4.72411178484472,46.28231619334686],[4.724242124012233,46.28228864017472],[4.724516272860981,46.28221990906982],[4.724583964788974,46.28219960908783],[4.724642375848674,46.282181611289786],[4.724642632703704,46.2821815173304],[4.724732819967242,46.28214952783579],[4.724979160920979,46.282064103644245],[4.725132002354157,46.2820045042099],[4.72527699815409,46.28193916894104],[4.725277382014553,46.281938982986695],[4.725448474994606,46.28184848306099],[4.725591056199254,46.28176426943996],[4.72566719417001,46.28171934198894],[4.725711859281083,46.28169389606432],[4.725853406600099,46.28160987790838],[4.725992189122445,46.281520587395015],[4.726032797528687,46.281494212068495],[4.726161782450672,46.28142380424374],[4.726365638184315,46.281317764668465],[4.726366149041112,46.28131748671574],[4.726487828581797,46.281250251617784],[4.726495350213224,46.28124572418244],[4.72663787144422,46.28115970872251],[4.726753326352246,46.28109283792417],[4.726855366153898,46.28103310578038],[4.727009248719487,46.28095313231266],[4.727023307037179,46.28094580362354],[4.727093751135132,46.280909878391526],[4.727194750292058,46.28085835801536],[4.727210600790034,46.28085019149461],[4.727339176943241,46.28078339125538],[4.727552734626604,46.28068855102437],[4.727595389591707,46.28066943967619],[4.727595646434574,46.280669345710116],[4.727675842154982,46.280633722499616],[4.728218733815989,46.280391664257756],[4.728440391688982,46.28029426750011],[4.728448336662274,46.280290814335885],[4.728262568745882,46.28014249785713],[4.728258305834093,46.280139139927854],[4.728246624042288,46.28013121100025],[4.728146705324531,46.28006463515512],[4.728028359987791,46.279994555961174],[4.72801472497018,46.27998647651434],[4.728002439514026,46.279979997831816],[4.727930214758096,46.279942994583685],[4.727898618304489,46.27992969346557],[4.727857698068408,46.279913201261174],[4.727766817163286,46.279881885164286],[4.727516414895354,46.279817592084875],[4.727432471523464,46.27979616815849],[4.727391651796191,46.27978696987379],[4.72727221878347,46.2797605899971],[4.727182348409147,46.27974069690604],[4.727134480488441,46.27973043454178],[4.726880712782776,46.27965412185645],[4.726855054051352,46.27964784587196],[4.726768280285557,46.27962727501177],[4.726768150445951,46.27962727698079],[4.726716917443879,46.27961328256772],[4.726640020107721,46.27959283204631],[4.726540461063261,46.27956227706747],[4.726329941481858,46.27949386396981],[4.726226557084564,46.27945733208127],[4.72613250779314,46.279424351423124],[4.726116964175593,46.27953699343265],[4.726070647128376,46.27965829823208],[4.726066595188332,46.2796657453302],[4.72604291853094,46.27970996794389],[4.726002810499581,46.279781010040686],[4.725890770690128,46.27998086056362],[4.725824809192464,46.28009714891502],[4.725817797113107,46.2801095946746],[4.725747577522932,46.280235044501694],[4.725670593086249,46.28036843282165],[4.725596986997141,46.28050185995402],[4.725501471189625,46.280669665198104],[4.725455093817168,46.28074791754222],[4.725376982613429,46.280886816929],[4.725367021523912,46.28090462142315],[4.725314145831245,46.28099927468804],[4.725258159395239,46.28109415519514],[4.72521438399704,46.28115606548315],[4.725186613587432,46.2811858487792],[4.72515760996999,46.28121772234258],[4.725136061470001,46.281234711607084],[4.725112599349972,46.281252810688805],[4.725098405845293,46.28126410422833],[4.725017532573419,46.28131540788164],[4.724571691973067,46.28152968047494],[4.724205182698157,46.28170149839389],[4.724200189650533,46.281703825726936],[4.72404718592995,46.28177477507861],[4.723678186465069,46.28194599846627],[4.72364577501899,46.28196044979717],[4.723617340568873,46.28197330974478],[4.723617213558343,46.28197340173643],[4.723069805655371,46.28223406003339],[4.723051775096464,46.282243159640345],[4.723022121246341,46.28225855982126],[4.723002045827171,46.28228111065883],[4.723025504579909,46.282341282137516],[4.723050626392257,46.282404761003995],[4.723073478733488,46.28253645652143],[4.723209534508513,46.28250476493477]]],[[[4.723477741888265,46.27716410911578],[4.723478134224187,46.27716419324623],[4.723594456799701,46.27718278806304],[4.723658556741787,46.27719298628654],[4.723747158646426,46.27701601006824],[4.723895124681585,46.27704124097765],[4.723895387183692,46.277041327072396],[4.723897838697739,46.277032553244744],[4.723897954356499,46.27703210114771],[4.723931903861407,46.277037711832186],[4.723932033694973,46.27703770986639],[4.723934332111973,46.277024074620144],[4.723943153278489,46.27697007968937],[4.723943150443459,46.27696998966311],[4.723966668848209,46.27692072600323],[4.723966666013142,46.27692063597696],[4.724030515111144,46.27679501345603],[4.724058733449048,46.27675063241355],[4.724069874044719,46.27673317043771],[4.724086582089648,46.27670688744558],[4.724128906607735,46.27664022583149],[4.724145534613022,46.2766072789216],[4.724161919351062,46.276570732925066],[4.724164828347583,46.276564113823156],[4.724166270086389,46.276560399154036],[4.724170251170542,46.276550701464814],[4.724173402817446,46.27654353827301],[4.724179833105739,46.276529119896836],[4.724179830270343,46.27652902987058],[4.724193988562615,46.2764960302824],[4.724203186653088,46.276474634663124],[4.724226537318488,46.27642005939804],[4.72422653448302,46.27641996937181],[4.724237561538499,46.27639890632879],[4.724261319850303,46.27635315166295],[4.72436713247604,46.27636803185609],[4.72449591186245,46.27638625693673],[4.724519658958632,46.27632365944281],[4.724529882958707,46.276293601612366],[4.724606175943806,46.27606826377773],[4.724605526787588,46.276068273610534],[4.724606003571464,46.27606691535056],[4.724595983903209,46.27602923805216],[4.724592147599229,46.27600641858216],[4.724588627681343,46.2759853957039],[4.724588238188199,46.27598540160352],[4.724572528631337,46.27598563955386],[4.724500585213375,46.27598618882724],[4.724441368073288,46.27598663537754],[4.724434258558845,46.27598773381662],[4.724433998896727,46.275987737749354],[4.724370122014586,46.27598870518291],[4.72436998651216,46.27598852709669],[4.724303115006695,46.275989269638586],[4.72430285534456,46.275989273571014],[4.724310912191396,46.27592340103883],[4.724314613497918,46.27589245124871],[4.724161448773751,46.27588765528883],[4.724161189112087,46.27588765922093],[4.724168871254227,46.275805760057594],[4.724169130915501,46.275805756125465],[4.724339176230351,46.27581038648918],[4.724410806491977,46.275812273925666],[4.724410809327717,46.27581236395192],[4.724412523874742,46.27582143497391],[4.724463711186106,46.275821740539385],[4.724514246508815,46.27582196588788],[4.724534858388737,46.27582066293068],[4.724544066732626,46.275737749854926],[4.724544196563089,46.27573774788843],[4.724635139648328,46.27573420871223],[4.72471725992442,46.27573098325102],[4.724751979220039,46.275608503598825],[4.724754785987528,46.27559864353626],[4.724754907308771,46.27559837149079],[4.724784073129896,46.275501645677885],[4.724811007503586,46.27541242940434],[4.724811230290048,46.275411255129505],[4.724826808945192,46.27533265890731],[4.724843267602571,46.275232522806775],[4.724835336008558,46.27513743979994],[4.72482638424995,46.27508830754931],[4.724823768719626,46.275075377204885],[4.72482142483816,46.27506694620618],[4.724811411521038,46.275033592149775],[4.724789049560505,46.27495872311328],[4.72475211879399,46.27486669141211],[4.724717668487999,46.27480803780579],[4.724651625588002,46.27473608216263],[4.72457934611286,46.27463107547786],[4.724559383246978,46.27459111691757],[4.724542218311392,46.274557510888535],[4.724542215475502,46.27455742086227],[4.724528883346234,46.274505292586426],[4.724499500058002,46.27439306105396],[4.724494690251904,46.27435170206542],[4.724492455189623,46.27433435255965],[4.72449430627413,46.27429415365035],[4.724497323675132,46.2742208816714],[4.724506327628533,46.27413148669388],[4.724519953288547,46.274052739947614],[4.724534605486172,46.274006582708296],[4.724558497385243,46.27395686288055],[4.724603471187993,46.27388367591687],[4.724743515773907,46.27376491483309],[4.724743642763505,46.27376482284009],[4.724744147885708,46.27376436484189],[4.724874062151085,46.27367863232068],[4.724877016938801,46.27367759679382],[4.724878540808814,46.27367649287621],[4.724879302743799,46.27367594091741],[4.724879937689605,46.27367548095173],[4.724701396882051,46.27360712110463],[4.724687459552151,46.2736017479422],[4.724679706263774,46.273598893107675],[4.724661834472361,46.27359231857365],[4.724639754389836,46.27358409646895],[4.72461148744465,46.27357326600071],[4.724594645764519,46.27356640564477],[4.724587538776599,46.27356345094495],[4.724574919573163,46.2735586882872],[4.724585179233829,46.273562766132464],[4.724179737043934,46.27340813331752],[4.724150115327596,46.273395521869645],[4.724139982720412,46.27339135199278],[4.724139192430263,46.27339100368383],[4.723142296843209,46.273015015553945],[4.723064737298434,46.27298556586809],[4.723018308769144,46.27296717385589],[4.722967034288263,46.2729475041237],[4.722933355565456,46.272942159298886],[4.722910393235446,46.272938904023036],[4.722870260439292,46.27321962652747],[4.722824981651452,46.273543209736246],[4.722818469324002,46.27357978630095],[4.722813266082337,46.273612560150234],[4.722813271748335,46.27361274020287],[4.722787206305154,46.2737667926469],[4.722772585921893,46.27385528167469],[4.722731394106638,46.27409413794047],[4.722730286700323,46.274133244719636],[4.722729255780444,46.274174782209045],[4.722729264279113,46.274175052287966],[4.72273039906277,46.27427303038101],[4.722730997374906,46.274320938129215],[4.722736636344524,46.27492116384077],[4.722736710574744,46.2749524167195],[4.722737310622084,46.27508706104779],[4.722737324786834,46.275087511179315],[4.722752178706484,46.275229325503076],[4.722752181539466,46.27522941552937],[4.72276115568763,46.27531646669507],[4.722764989813619,46.27535162572483],[4.722764033922159,46.27538316439676],[4.72276147406216,46.27547930693002],[4.72276148256119,46.27547957700892],[4.722752047172589,46.275526465672094],[4.722746462227416,46.27555537230991],[4.722710517558895,46.2756638190351],[4.722682963033066,46.27574169542463],[4.722657126909025,46.2758163933857],[4.722657129741881,46.27581648341199],[4.722579207382561,46.276052202434634],[4.722579088882242,46.27605256450407],[4.722527856469712,46.27620357494873],[4.722527735136062,46.276203846991805],[4.72248484334138,46.27633509615254],[4.722484724839824,46.276335458221865],[4.722476754073595,46.27635872657771],[4.722476635571934,46.276359088647034],[4.72245783251275,46.27640963168856],[4.722457716843413,46.276410083784164],[4.722436143807315,46.27647580034258],[4.722436019640081,46.27647598235926],[4.722410736614407,46.27655589589182],[4.722410612446906,46.276556077908474],[4.722393135449061,46.27660335838695],[4.72237210899641,46.27666168099134],[4.722351850624146,46.276723774876054],[4.722278829650993,46.27694608925582],[4.722361250204968,46.27696060460246],[4.722574413117626,46.27699791098548],[4.722574935284492,46.27699799315478],[4.723147173674754,46.277102731421955],[4.72314769584348,46.277102813588634],[4.723477741888265,46.27716410911578]]],[[[4.723538215567929,46.282670201303745],[4.723615832852826,46.28266803571436],[4.723670083355108,46.282666403915535],[4.723739090458434,46.28267959025574],[4.72376927505213,46.282685167960736],[4.723856562277286,46.28269717681581],[4.723918924007778,46.28270559991702],[4.723969782664061,46.2827117652706],[4.724165770749461,46.282735098104176],[4.724236507407733,46.282741322634855],[4.724303452993052,46.282746793906156],[4.724327234862584,46.28274706426976],[4.724340352254858,46.28274695570479],[4.724446827854621,46.282733003837414],[4.724606904061663,46.28271328628678],[4.724761662101796,46.28269382919983],[4.724928499283042,46.282678422176254],[4.725000382743469,46.28267156883355],[4.725182432404063,46.282660704651256],[4.725265621674938,46.282658093242354],[4.725295238786541,46.28266214796727],[4.725317931454892,46.28266495656286],[4.725317942805234,46.282665316667526],[4.725318594877138,46.28266539685685],[4.725321302946346,46.28270597701778],[4.725333187700906,46.282728584443475],[4.725359808886024,46.28277771912656],[4.725636284405468,46.28303824297139],[4.725723017078105,46.28311916172802],[4.725751653192257,46.283145658428346],[4.72575740697875,46.283167458036715],[4.725837777471994,46.283248473130435],[4.725867016143224,46.28328171585874],[4.725910772390697,46.28333041058101],[4.725974052323439,46.28341735897343],[4.725974546258034,46.28343302352272],[4.725974835074224,46.28343806301874],[4.725980918181155,46.28345382299096],[4.725990522774151,46.28346178363845],[4.726031756526562,46.28346755355569],[4.72609528526916,46.283475867724704],[4.72688643230572,46.28352908280362],[4.727111387751385,46.283543955176846],[4.727158456362091,46.2835493659839],[4.727218033088262,46.28355593808829],[4.727270421503485,46.28356937438716],[4.727312065738069,46.28357991128552],[4.727346427081682,46.28359019836672],[4.727384585310766,46.28360141860271],[4.727492584684891,46.283635717883215],[4.727534576790656,46.2836490415697],[4.727767114109066,46.28372711629275],[4.727864713778966,46.28375706955748],[4.727968213619979,46.28378873459282],[4.727968476160847,46.28378882067813],[4.728047190142007,46.28381311579924],[4.728068915686904,46.28381819026246],[4.728100976087074,46.283825539753394],[4.728272732626156,46.283846531252664],[4.728573813752377,46.28387771880111],[4.728627113870489,46.28357445721554],[4.728655041200382,46.283467391289726],[4.728736036648352,46.283333579781754],[4.728796210511469,46.28322332218597],[4.728820143316802,46.28317900504719],[4.728863960783664,46.28308971165918],[4.728925223107725,46.282964576032676],[4.728957792821006,46.28288112773947],[4.728967646930946,46.28285584879908],[4.729002773604252,46.28275876120919],[4.729002889232953,46.28275830910724],[4.729047578840281,46.282634956213975],[4.729106789912703,46.28245725116947],[4.729162788506883,46.28226833620998],[4.729221944418875,46.28203956265123],[4.729232994323509,46.28201102302864],[4.729254354844322,46.281955215976225],[4.729313740297968,46.281828307210425],[4.729326477980606,46.28178740245471],[4.729342010523591,46.281736277423676],[4.729354646286959,46.28164691694305],[4.72935643839071,46.28163373961212],[4.729357071415706,46.28162499327875],[4.729362594268793,46.28154898100415],[4.72935624269167,46.28148774029184],[4.729349644039753,46.28145568577629],[4.729343724042573,46.28142866483291],[4.729313299139717,46.28134968579767],[4.729312025316165,46.28134637257998],[4.729260785743906,46.28126644867103],[4.729198638515351,46.281182547198],[4.729117102082468,46.281072910105834],[4.729019610419017,46.280943429784394],[4.728949374816076,46.28085019372796],[4.728857731584644,46.28072900091676],[4.728717832211488,46.28056882012064],[4.728625700845719,46.28046916109947],[4.728496130186767,46.280343950257276],[4.728469204886335,46.28031814882572],[4.728243317239701,46.28040912485079],[4.72818711911246,46.280451860004376],[4.728186862271627,46.28045195397178],[4.728056065697639,46.280501855876096],[4.727861320727543,46.28058767489032],[4.727648188452639,46.28068773327642],[4.727647804609,46.28068791923877],[4.72749146384972,46.28074757524348],[4.727453600744265,46.28076211039337],[4.727352466817162,46.280801113427394],[4.72715215923794,46.280916558282875],[4.726982988386918,46.28100604095014],[4.726850877912219,46.281076136862325],[4.726643717809718,46.28119267547094],[4.726506616628813,46.281281671109376],[4.726369230315805,46.28135752079478],[4.726293902961791,46.281399284021965],[4.726118272565562,46.28149823048144],[4.726059049704442,46.28153164319342],[4.726041581831161,46.28154208579391],[4.725924556348231,46.281612762551305],[4.725758798464655,46.28171173893331],[4.725664323383259,46.28176838312887],[4.725664069370032,46.28176856711674],[4.725424110701182,46.281908027693106],[4.725423853848776,46.28190812165427],[4.725395640494204,46.281923860915974],[4.725263390930142,46.281997920066495],[4.725141869441613,46.28204965951237],[4.724901759210236,46.28213904279029],[4.724804319916771,46.28216762957091],[4.724609836234895,46.28222497703447],[4.72449221441452,46.28225621101094],[4.72425015658843,46.28232094343427],[4.724004873551628,46.28237815835669],[4.724004486848352,46.28237825428053],[4.72400008625357,46.28237877125118],[4.723851626092513,46.28239606038203],[4.723800938981995,46.282403582890545],[4.723583348778496,46.28243677955906],[4.723486384590594,46.282459863785185],[4.723477747239075,46.282461976035584],[4.723477617392629,46.28246197800086],[4.723279515938298,46.28252415157322],[4.723137614738014,46.28255998480838],[4.723135687392518,46.2825647876364],[4.723128486058226,46.28258363098377],[4.723141965648744,46.28259090274232],[4.723148833875111,46.28259449164299],[4.723359971656351,46.28264515774797],[4.723538215567929,46.282670201303745]]],[[[4.724462454111916,46.276742627083124],[4.724417603161515,46.276823918298255],[4.724292454893838,46.27701585961495],[4.72429233073155,46.27701604163365],[4.72420207855421,46.27712819347944],[4.724201703230213,46.277128649508995],[4.724052584921767,46.27726069723156],[4.724040178229836,46.27728745549958],[4.724039586439665,46.277314034868546],[4.724047452060259,46.27734931295702],[4.724055526325506,46.27738296664049],[4.724144349649892,46.27749763076227],[4.724219196384467,46.2775933217348],[4.724219329054857,46.27759340979491],[4.72431963141804,46.277721950750546],[4.724372004460892,46.27778870948542],[4.724422213959246,46.27784451252391],[4.724541521493252,46.27797429663796],[4.724556042907737,46.27798992887321],[4.724556181251812,46.27799019698541],[4.724660619094768,46.27813038401669],[4.724660621931037,46.27813047404292],[4.724682620996283,46.278169050711305],[4.724700204387303,46.278199407895976],[4.724753407551447,46.27844503130037],[4.72475826009735,46.27846711481557],[4.724758271443141,46.278467474920475],[4.724839585322417,46.278896143403635],[4.724843344697376,46.27891238897797],[4.724846482604283,46.27892540147572],[4.724865415769571,46.27895735943605],[4.724866087653203,46.27895806981149],[4.724878647017268,46.27896913820307],[4.724899806907322,46.27898106706684],[4.724919366197479,46.27899166913649],[4.725125610104049,46.27906879621153],[4.725225593861007,46.27910051686767],[4.725226251564817,46.27910077710994],[4.725303978466354,46.279126980427186],[4.725334170456423,46.27913697097073],[4.725564901119579,46.27919553224754],[4.725630636340547,46.279212189600706],[4.725688830314973,46.27923274411609],[4.725851387131802,46.27928792463258],[4.725956958351214,46.27932379322135],[4.726004970266166,46.27930568208812],[4.725937200848554,46.27902263105695],[4.725937192333308,46.279022360978374],[4.72591560827273,46.278926944573904],[4.725890454048811,46.27881717120659],[4.725820324615353,46.278525148960696],[4.725792694636104,46.27841099970666],[4.725792553446764,46.27841064156978],[4.725743267033808,46.27820287835525],[4.725743125845328,46.2782025202183],[4.725688039050186,46.27794260474962],[4.72568789218684,46.27794206656018],[4.725624379434441,46.277657960077654],[4.725624238248145,46.27765760194055],[4.725572902807182,46.27742600136786],[4.725572894293982,46.27742573128922],[4.725548578644376,46.27730955022712],[4.725546260256793,46.27723599881093],[4.725546473822556,46.277230411282794],[4.725548390237092,46.277179943476945],[4.72556094099849,46.27710832837786],[4.725592118267024,46.27700950028756],[4.725624220576996,46.27690705539736],[4.725624341896819,46.276906783351],[4.725687333675015,46.27670875717824],[4.725687330837131,46.27670866715202],[4.725790692646116,46.276386183844515],[4.725790689808078,46.276386093818296],[4.72581702846115,46.27630274082636],[4.725839657285905,46.276229441744576],[4.725878649580489,46.27610248355952],[4.725894186568295,46.27605144899512],[4.72589746706621,46.27604014061326],[4.725948811348323,46.275888856603515],[4.725998044733478,46.27574066691818],[4.726009456790138,46.275698881927205],[4.726017100281021,46.2756694034818],[4.726019092210008,46.27563370586402],[4.726021217437583,46.27558575680789],[4.725949207900953,46.275592432715584],[4.725919034126652,46.275595321985016],[4.725895966945679,46.275597022690285],[4.725710797322918,46.2756111781607],[4.725477389677174,46.27562381264716],[4.725338003835596,46.27563168936161],[4.725011412615036,46.27565095893374],[4.724835710136904,46.27567289563132],[4.724774530896743,46.275850177949174],[4.724733225427536,46.27598212457034],[4.724716394738234,46.27603335869607],[4.724689989306291,46.27611464083209],[4.724689749497084,46.27611527494913],[4.72458882995732,46.27640826755409],[4.724588705797394,46.27640844957314],[4.724563015346161,46.276479452952415],[4.724543083171838,46.27653532755116],[4.724479169860433,46.27671247093848],[4.724462454111916,46.276742627083124]]],[[[4.724663916367696,46.27467681057521],[4.724695627826011,46.27471037637261],[4.724747739710066,46.274764799391285],[4.7247782500635,46.27480558889982],[4.724792342154164,46.27482410981718],[4.724799642829802,46.2748373294636],[4.724818890938181,46.27487108403652],[4.724840001405505,46.274902108316105],[4.724870207511969,46.274945604487485],[4.725356090632888,46.2748001663342],[4.725431611841994,46.27475245606475],[4.725487511116953,46.27471684218905],[4.725509054105325,46.27469976282047],[4.725544768926948,46.274670759663096],[4.725613582803022,46.274566857643485],[4.725683332876941,46.27444321622209],[4.725760446577074,46.27430595274879],[4.725760573566217,46.274305860754666],[4.72579126017073,46.274253335585],[4.725791384321771,46.27425315356461],[4.725800145122679,46.27423851961866],[4.725807404756036,46.27422570981189],[4.725877018455062,46.27410189018305],[4.724954003059945,46.273709395760804],[4.724764575360262,46.273798461832264],[4.724761383601872,46.273800221499805],[4.72468345411802,46.273874538244094],[4.724663255466925,46.2738971813868],[4.724645830729584,46.273917170498834],[4.724598579311492,46.27400876610162],[4.724598460828949,46.27400912817323],[4.724582148047032,46.274047924898774],[4.724571845381076,46.274096087853],[4.7245818985337,46.27432038807643],[4.724581909877472,46.27432074818148],[4.724585192686001,46.27437960372627],[4.72458921538925,46.274441330278286],[4.724605257226438,46.274513502938916],[4.72460918009055,46.27453082687683],[4.724609185762548,46.274531006929365],[4.724618521366027,46.27456347057552],[4.72464094816127,46.274640410252495],[4.724663916367696,46.27467681057521]]],[[[4.725103865203351,46.27497809209784],[4.725092340817199,46.2749915969574],[4.72551635115946,46.27502606315507],[4.725516356834491,46.27502624320752],[4.725480738785113,46.275297350990606],[4.725480479126344,46.27529735492573],[4.725425044815751,46.275298285085746],[4.724949121417176,46.27530648721586],[4.724943047577987,46.275323962595756],[4.724895125729513,46.2754643859714],[4.724895004409264,46.27546465801703],[4.724850955173583,46.27560844532952],[4.724895738477072,46.275628122526555],[4.725211914147083,46.27560396723024],[4.725565118042708,46.27558834686487],[4.726024985140143,46.27555282441616],[4.726025658364322,46.275545338462884],[4.726027231778424,46.27552108598318],[4.726011995133573,46.27544980198349],[4.726004444946157,46.27541632061193],[4.725999202679227,46.27539424304737],[4.725973168377024,46.27534302803278],[4.725944686504008,46.2752883374149],[4.72594454815996,46.27528806930432],[4.725822325620116,46.27504925699284],[4.725822187277271,46.27504898888209],[4.725719514545718,46.27483284778872],[4.725714615115086,46.274817520209304],[4.725712909609141,46.27481286245914],[4.725708169811567,46.274806719522864],[4.72567915710801,46.27479698144269],[4.725662637712513,46.27479624106158],[4.72524494973633,46.27490876268822],[4.725141810870683,46.27495391901087],[4.725106497989094,46.274975079922015],[4.725103865203351,46.27497809209784]]],[[[4.725776507320467,46.27459294014182],[4.725779266412503,46.2746351407977],[4.725798185956254,46.27470790017865],[4.725859866080903,46.27485566955032],[4.725895188221637,46.27493781768777],[4.725964501678551,46.27505989162924],[4.726092472032727,46.27528735800276],[4.726133806364478,46.27541598072762],[4.726150910201367,46.27554235878612],[4.726244614686105,46.275531660982125],[4.726423903884553,46.27551227971735],[4.72659689866032,46.27549101209784],[4.726813606624577,46.27545548078142],[4.726909905819887,46.27543645669988],[4.726981845259722,46.275419333207495],[4.727065266856338,46.275391497393464],[4.727118453117744,46.2753687137036],[4.727286075952188,46.27527601150639],[4.727392492118151,46.27521125846866],[4.72755076831673,46.275114644552936],[4.727698555738328,46.2750437692495],[4.727823986471815,46.274984761896896],[4.727930216536911,46.274926496150236],[4.728157407294767,46.274803435907415],[4.728351994000191,46.274696812408166],[4.728435206400493,46.2746500641809],[4.728536849488427,46.27459465963076],[4.728629466939995,46.27455371304342],[4.728704989676161,46.274514376977216],[4.728842144256028,46.27442771931069],[4.728877319827703,46.27440637915904],[4.728998566778994,46.274330140686665],[4.7294808065339,46.27407809789926],[4.72994899609957,46.273829599050224],[4.729838186240949,46.27371401240662],[4.729633857215457,46.27347095718841],[4.729556641349789,46.273444298791766],[4.729272235967665,46.27334711076459],[4.729447672315114,46.27306622172905],[4.729517657644641,46.27304903618561],[4.729526124481584,46.27303746875692],[4.729579033176372,46.272640089612096],[4.728977164744524,46.27240217120623],[4.728365191578233,46.27216080032156],[4.727970047584621,46.27285510814457],[4.727865216432278,46.273023417475116],[4.727856272569801,46.27303634305431],[4.727669013474785,46.273123940049736],[4.727604824132003,46.27318075706168],[4.727555892579344,46.273227164686546],[4.727528358413174,46.273268383875084],[4.727467976203769,46.27336765574729],[4.727354606137703,46.27347124422606],[4.727399971546309,46.27348469681636],[4.727295313398807,46.27362976506361],[4.726938185887848,46.27351647129341],[4.726723808502208,46.2734485680892],[4.726545163444132,46.273661138765505],[4.726416533945852,46.273812244043455],[4.726334479522866,46.27391220417241],[4.726266456466378,46.27399168590607],[4.726167309965464,46.27410982883991],[4.726097342599163,46.27419357319703],[4.72599243736119,46.27414967860807],[4.725981751931587,46.27416506230077],[4.725919569674466,46.2742732774297],[4.725885988703109,46.27433287191245],[4.725799936371478,46.27448324093866],[4.725781785475289,46.27454611419656],[4.725776507320467,46.27459294014182]]],[[[4.726097485220587,46.275874803702706],[4.726082828163544,46.27592078108194],[4.726066618787419,46.275966962130205],[4.726033999897634,46.27606121870601],[4.726033881420141,46.27606158077905],[4.72583885894549,46.276653229587815],[4.725745367069566,46.27695917073149],[4.72577635253967,46.276961403163],[4.725833587002606,46.276947475602704],[4.725834227654613,46.27694719568428],[4.725890043099238,46.27692122032724],[4.725915850729129,46.27689930258357],[4.726114415159206,46.2767001217073],[4.726636676071422,46.276171512612315],[4.726738752096184,46.27606791612727],[4.726851936750844,46.27597883235161],[4.726858667283282,46.275973956599756],[4.726889526124216,46.2759516017324],[4.726889653115279,46.27595150973704],[4.726931320360327,46.27592178538343],[4.726984792021322,46.27588332538463],[4.726980217199407,46.27578359802737],[4.726980205839557,46.27578323792262],[4.726983168116382,46.275646557910626],[4.726983283746739,46.275646105810395],[4.727002858547049,46.27550899367564],[4.727004760965781,46.275495184220794],[4.726990264679304,46.27546387985897],[4.726860040934676,46.27548630076405],[4.726631651810579,46.27552624256803],[4.726557540370691,46.275536283300696],[4.726504523043468,46.275543842455896],[4.726157156518326,46.27557567977841],[4.726155725661957,46.27567036425163],[4.726132170431594,46.27576781601327],[4.726097485220587,46.275874803702706]]],[[[4.72724750836833,46.27533397073234],[4.727122227561448,46.275401892010215],[4.727121459944707,46.27540226393156],[4.727078187775883,46.27543462471782],[4.727051393785112,46.27545817895444],[4.727035160614447,46.275507693081195],[4.727027708787467,46.27554734652446],[4.727022295687738,46.27557751176924],[4.727011407390815,46.27565234435182],[4.727006446629898,46.27572978910027],[4.727006455149906,46.27573005917885],[4.727006660439908,46.27574068423868],[4.727009658668951,46.27586043088758],[4.727161920972861,46.275754271365415],[4.727162047963009,46.27575417936976],[4.727258261754288,46.27568714937217],[4.727349248855672,46.27562326094039],[4.727579463978268,46.27546007520739],[4.727590895806238,46.275451885581276],[4.727591657738587,46.275451333604416],[4.72769671136012,46.27537633305876],[4.727696838348493,46.2753762410625],[4.727746890756645,46.27533648153323],[4.727802496469091,46.275291593827085],[4.727930919138905,46.275191559431335],[4.728078133644317,46.27506962303248],[4.728117620009627,46.27503668882829],[4.728277207291657,46.27490348583513],[4.728277334277958,46.2749033938382],[4.72832872867918,46.27486091158804],[4.728400485304785,46.274801007032174],[4.728472752558122,46.27474082446837],[4.728543738429333,46.27468120172582],[4.728497260071601,46.27468190735245],[4.728454563773418,46.27468309595963],[4.728412302339151,46.274698058554144],[4.728283181654746,46.274771803886054],[4.728241461117774,46.27479567506611],[4.728207788989274,46.274815280875266],[4.728065576764049,46.27489814152825],[4.728064938989124,46.27489851148547],[4.727786058074745,46.27505883402238],[4.727785547283549,46.27505911198165],[4.727587429223481,46.27516092431423],[4.727586918430323,46.27516120227262],[4.727396731739311,46.27525505788688],[4.727396347932904,46.275255243848484],[4.727247635357359,46.27533387873658],[4.72724750836833,46.27533397073234]]],[[[4.730293547991958,46.27977911753772],[4.730290694361113,46.27977925097074],[4.73018094375299,46.27978389097118],[4.730173308810356,46.27978481760764],[4.729968503491943,46.27981107723718],[4.729690153282818,46.279820259717056],[4.729629130698404,46.27984181254384],[4.7295979209126,46.279853094935824],[4.729527771471409,46.27986947225401],[4.72952725495545,46.279869570168785],[4.729362456960923,46.27990810091983],[4.729359360705258,46.27990877843004],[4.729358976872893,46.279908964398174],[4.729081064324199,46.28000604635188],[4.729058973477656,46.28001403769409],[4.728956997633873,46.28005098338553],[4.728933558120112,46.28006151712098],[4.72887145265328,46.28008993123996],[4.72877273107632,46.28013943704928],[4.728771963404368,46.280139808981566],[4.728756771078132,46.280148235942086],[4.728676214708813,46.28019296240845],[4.728643587606451,46.28021696581653],[4.728619599189525,46.28023480342894],[4.728578373115417,46.280266232969964],[4.728564801358836,46.28027661682609],[4.728564087696745,46.28027869925305],[4.728547323728931,46.28032786135075],[4.728640593881915,46.28043479875335],[4.728727956154405,46.280527414694845],[4.728845409825986,46.28065145821963],[4.729034919327598,46.28088933590131],[4.729035057700933,46.28088960400798],[4.729035190387056,46.280889692062466],[4.729039406027199,46.28089566269069],[4.7292699653928,46.28121983351835],[4.729343164560979,46.281295821149115],[4.729365720592432,46.281318986664644],[4.729380683018678,46.28132794648941],[4.729401424846074,46.28133069382567],[4.729434643891141,46.281325415627634],[4.729471472949338,46.28131927196628],[4.72956420481469,46.28131038773545],[4.729629130234429,46.28130129531935],[4.729671305403802,46.281283451449035],[4.729732181650341,46.28125721724714],[4.729732308648934,46.28125712524866],[4.72981487049045,46.28122650846322],[4.729815254330503,46.281226322493595],[4.729898551675213,46.28120253973874],[4.729890504789563,46.2811822162588],[4.729891283848651,46.281182204423295],[4.72989115116044,46.28118211636982],[4.72997810625701,46.28117953433936],[4.730043265805336,46.28118196699623],[4.730064461541171,46.281182635721265],[4.730064980913874,46.281182627830134],[4.730078645745978,46.281183410973746],[4.730124565749271,46.28118541534825],[4.730242432051295,46.281182633651284],[4.730297335791185,46.28118116888255],[4.730495769911162,46.281166894714936],[4.730496159440531,46.28116688879511],[4.730661679451973,46.28114698982737],[4.730845152484314,46.28111970224859],[4.73092337332371,46.28110383193037],[4.731035266754064,46.281080604399],[4.731329440078527,46.281025242784445],[4.731334348476734,46.281024357529475],[4.73132683982376,46.28099231694659],[4.7312371290461,46.280607914008684],[4.731170628252658,46.28032070321714],[4.731164991062684,46.28029854179765],[4.731146717353198,46.280225953532195],[4.731029091147411,46.279759741546236],[4.731028435140738,46.279755428191194],[4.731027309903888,46.27974860002831],[4.731025624834087,46.2797487157148],[4.731025630527726,46.279748895766915],[4.730969232794672,46.27975236514598],[4.730902208120332,46.27975662652655],[4.730858249370834,46.27975909613656],[4.730779290805146,46.27976389912773],[4.730686274283752,46.27976369171711],[4.730631329283147,46.27976380628262],[4.730631199443357,46.27976380825605],[4.730558557464525,46.279767073978924],[4.730483589744147,46.279770735278476],[4.730293547991958,46.27977911753772]]],[[[4.731325926997122,46.274568494155645],[4.731177567733405,46.27407068485512],[4.730679569808006,46.2742348866399],[4.730486403796675,46.274299970642986],[4.730465824670484,46.274326943960595],[4.730469841137444,46.27433895220949],[4.730474958825802,46.274352925246774],[4.730474569344905,46.274352931166526],[4.73047471340004,46.27435337932387],[4.730442995781821,46.274352600427335],[4.730442860263692,46.27435242234832],[4.730442470782797,46.27435242826797],[4.730431609416563,46.27433755176301],[4.730421852118933,46.274324730072166],[4.730421321429154,46.27432437786047],[4.730420923411824,46.27432411370168],[4.730394006568951,46.274290296438345],[4.730366564761463,46.27425630700883],[4.730367081222972,46.274256209090176],[4.73030287262638,46.27417675298259],[4.730288692749785,46.2741637282856],[4.730267955057223,46.27414458846227],[4.730265945063889,46.27414263748277],[4.730264872308763,46.27414157295339],[4.730236086131405,46.27411435912739],[4.730223763689054,46.27410256716624],[4.730083418255968,46.27396896537614],[4.730045519600478,46.273932883038874],[4.730003606734826,46.27389307877282],[4.730001820465493,46.2738940966783],[4.729996334676012,46.27389724239333],[4.729991336896574,46.27389938992986],[4.729989031323167,46.273900415725926],[4.729988390728048,46.27390069566782],[4.72998852624358,46.27390087374737],[4.729912333388164,46.27393950032128],[4.729311766486826,46.274244952043546],[4.729056599636496,46.274378617371596],[4.729029743498971,46.274396048326246],[4.729026949853957,46.274398072276874],[4.729004995854359,46.274414438017004],[4.728911107225123,46.274485037030345],[4.728667463359288,46.27468751957021],[4.728666958261387,46.27468797758577],[4.728580254747638,46.274759908327155],[4.728527861805946,46.27480366682581],[4.728455969803282,46.27486339338054],[4.728404078923111,46.27490660378101],[4.728403697964825,46.27490687977218],[4.728200117627641,46.27507425650393],[4.728045456593591,46.27520306128188],[4.728045075631436,46.275203337271826],[4.727813348284041,46.275384380656355],[4.727807899156455,46.27538869660577],[4.727626706426919,46.27552060548633],[4.727462083099522,46.27563839200016],[4.727395800269084,46.2756865939439],[4.727277973621702,46.27577259628271],[4.72727746566172,46.27577296426586],[4.727237680846736,46.27580058860093],[4.72720286565336,46.27582516524668],[4.727153308183225,46.275860053273476],[4.727138187801022,46.27587073067642],[4.727137679839189,46.27587109865895],[4.727019514017295,46.275958727108375],[4.727020147345563,46.275978802948394],[4.727021704502376,46.27600345830811],[4.727020669496951,46.27606535159338],[4.727020653670887,46.276085437279754],[4.72700070060387,46.27616527109245],[4.726980293472043,46.276247183380356],[4.726973730057353,46.27626971017967],[4.726950810602361,46.27635021945837],[4.726878474156941,46.27643715260829],[4.726878476996769,46.276437242634465],[4.72683227850581,46.276492165006914],[4.726793473096577,46.27653850872456],[4.726793343264299,46.27653851069363],[4.726793216271712,46.27653860268887],[4.726772081214429,46.27653568073092],[4.726766599862402,46.276534863168166],[4.726840342846314,46.27645133139428],[4.726840591151388,46.2764509673513],[4.726884681850581,46.276399229367556],[4.726907311628932,46.27636718176022],[4.726925336397494,46.276341508842094],[4.726940557625263,46.276296963898524],[4.726963236869277,46.2762294282387],[4.726963355340986,46.276229066164696],[4.726976666372172,46.27617338159944],[4.72698628285379,46.27613234429158],[4.726998511795244,46.27604235974541],[4.726997297478998,46.27602445438035],[4.726993400553159,46.275970922275846],[4.726879019266628,46.276059123652644],[4.726810678786316,46.27611213011741],[4.726733445434436,46.276183825673165],[4.726733194290285,46.27618409968972],[4.726522665692388,46.27640742156157],[4.726522287553417,46.27640778757259],[4.726216587965411,46.2767148752408],[4.726216333977482,46.27671505922998],[4.725982410733335,46.27695044371106],[4.725939392115913,46.27699090641791],[4.725930228601672,46.27699689982276],[4.725892205959613,46.277022785633385],[4.725785013230851,46.277050710633866],[4.725736918777788,46.27705378139788],[4.725709182644965,46.27705573295999],[4.725696879689727,46.277106358194004],[4.725681877872968,46.277219712509414],[4.725686825764797,46.27733546653724],[4.725699834039188,46.27739786748925],[4.725707000486183,46.277431534830086],[4.725707141672438,46.277431892967115],[4.725760432318655,46.277671930359965],[4.725760440832818,46.27767220043859],[4.725773606770557,46.27773135650093],[4.725802367307964,46.277856657209036],[4.725825531482682,46.277952770239665],[4.725880904882482,46.27821763511435],[4.725926241416248,46.27843194313308],[4.725976168757905,46.27865176583671],[4.726118889653431,46.27925612843786],[4.726131382902385,46.27938455788374],[4.726202734329109,46.27941040690237],[4.7264743428975,46.2795087877247],[4.72686379599427,46.279620242178005],[4.726970493665418,46.27965059853898],[4.726971018704329,46.27965077071427],[4.727510337729681,46.279789672750084],[4.727571232388398,46.27980108835504],[4.727571362228386,46.2798010863851],[4.727669156786458,46.27982509219461],[4.727828331244774,46.27987176468407],[4.727938783739523,46.279914042386466],[4.728036282565493,46.279965703635206],[4.728098814861784,46.28000429502506],[4.728099342749656,46.28000455722127],[4.7281259749887,46.28002108605039],[4.728283103730336,46.28011813768194],[4.728409259821554,46.280213407520364],[4.728487632193039,46.280272294053816],[4.728665387751589,46.280170969738954],[4.728705264094208,46.280150278899015],[4.728795233352749,46.2801033379043],[4.728960794227651,46.28002723751726],[4.729202478827395,46.2799306159693],[4.729283894137257,46.27990488069188],[4.729304856161518,46.27989816741853],[4.729412075423225,46.27987095932177],[4.729569963307185,46.27983163276571],[4.729578678648648,46.27982789761089],[4.729641977611323,46.27980027558953],[4.729675285529322,46.279781395492016],[4.729748685876649,46.27972813035147],[4.729786286094952,46.279660097245305],[4.729806765948715,46.279621686807424],[4.729837599356075,46.27956150244118],[4.729864118760479,46.2795086792186],[4.729867124130915,46.2794146912741],[4.729867245435211,46.27941441922329],[4.729927975438122,46.279104108498665],[4.729939039262067,46.27887462393744],[4.729941215237248,46.278828385319805],[4.729960751681388,46.27874369355022],[4.729971777783134,46.278624004044325],[4.729970365353693,46.27860808323506],[4.729962049081217,46.2785134566668],[4.729955731308565,46.27849851107934],[4.729935425589979,46.27845198354529],[4.729900905370801,46.27841602993999],[4.729895671049031,46.278410705305504],[4.729884071176732,46.27836836882306],[4.72988406548699,46.278368188770884],[4.729884056952377,46.278367918692595],[4.729886368956682,46.27834653713876],[4.729891944247968,46.27829277112132],[4.72992803338472,46.27821395258005],[4.729982918364964,46.27809278607495],[4.729983039665757,46.27809251402397],[4.730030482000918,46.27809755762467],[4.730032697745853,46.278097794166264],[4.7300332199344,46.27809787630137],[4.729979445391223,46.27820074188866],[4.729951405681486,46.2782547591563],[4.729931689917074,46.27832143979183],[4.729937182842642,46.27836783210457],[4.729999448537036,46.27845965746766],[4.730000631068747,46.27853817994592],[4.730026378191634,46.27865001511745],[4.73002893537379,46.27866105478974],[4.729985924116543,46.27883734345863],[4.729984407191598,46.278855110161054],[4.729961336877192,46.27913215360635],[4.729926867753029,46.27930335864083],[4.729915208851972,46.27935370437745],[4.729900189611442,46.279421034194506],[4.729899103741338,46.27948121698862],[4.72989859001038,46.279526619723896],[4.729787665657252,46.279748974688275],[4.72978565751557,46.27975531004614],[4.729780570414399,46.27977520257307],[4.729785117869387,46.27978756305392],[4.729786100712906,46.27978988992485],[4.729804114538561,46.27980087492856],[4.729838691781983,46.27980161060706],[4.729860524800848,46.27980190940316],[4.729902075387122,46.27979722503306],[4.729992286434867,46.279786757462155],[4.730309781209642,46.27975842512249],[4.730593615179721,46.27973780904169],[4.730867619045286,46.27974319157573],[4.730972900248525,46.27974510384706],[4.730986877391617,46.279743450256866],[4.731025167610137,46.27973836469253],[4.731025427289568,46.279738360744766],[4.73099872937227,46.27963761875492],[4.730888057876032,46.27928857117749],[4.730857892899556,46.27919319595182],[4.730695339290366,46.278760271684604],[4.730664678775057,46.2786779639975],[4.730648586943769,46.278633263987956],[4.730559511365431,46.27843304268634],[4.730553354581286,46.27841908544538],[4.730551860921286,46.27841703655234],[4.730526551561255,46.27836428031127],[4.730516883137029,46.27833785680266],[4.730491782942245,46.278242404511914],[4.730491777250517,46.27824222445976],[4.730491765867062,46.27824186435544],[4.730491615036294,46.278237092973136],[4.73048986241028,46.27822685170588],[4.730470630542529,46.27813212084687],[4.730459476676788,46.27805870371749],[4.730458961586926,46.2780424089964],[4.730457248417322,46.27798821329394],[4.730456958146396,46.27797903063337],[4.730466205454841,46.2778072179399],[4.730473982376902,46.277494379004814],[4.730477928134636,46.277384974857746],[4.730495650016621,46.2771977215611],[4.730495422351377,46.27719051947385],[4.730531235869864,46.27674142981635],[4.730533317038663,46.27671275613221],[4.730564050697717,46.276333097043455],[4.730572210953134,46.276237859776224],[4.730575922577388,46.27619502041868],[4.73057725396148,46.27619193782432],[4.730579189653238,46.276179208623894],[4.730585864618154,46.276135603669424],[4.730638025971126,46.275920175549885],[4.730638008895225,46.275919635393294],[4.730637960513507,46.275918104949625],[4.730649396030469,46.27586073708558],[4.730650499722229,46.275850452402345],[4.730655657292899,46.27583281048101],[4.730683819709666,46.275737539364904],[4.730725393937977,46.27563098583651],[4.730726000396213,46.27562962557733],[4.730751911901766,46.27556176974163],[4.730785715358729,46.27546416110806],[4.730802079994484,46.27542302084732],[4.73081867230586,46.27538908267198],[4.73089078292807,46.27524594704001],[4.730890901371681,46.27524558496189],[4.730920396628311,46.27515551753178],[4.73093519822445,46.27515943569645],[4.730961820866472,46.27511408633441],[4.730967435441659,46.27510679542511],[4.731020806939433,46.275024201001685],[4.731033377655639,46.2750027535068],[4.731065546366946,46.2749479525805],[4.731158107534357,46.274839542808174],[4.73123889724908,46.27474500249395],[4.731248272779522,46.274733421120324],[4.731253148167663,46.27472740240677],[4.731340960774601,46.27461672287382],[4.731339404553338,46.27461269341628],[4.731337845485237,46.27460857393259],[4.731325926997122,46.274568494155645]]],[[[4.731907938235365,46.27399697873522],[4.731907670039312,46.27399671260674],[4.731898254699555,46.273986497848654],[4.731884805033976,46.27397193105747],[4.731793353762931,46.273873074892144],[4.731780369508093,46.273877325515706],[4.731757993399304,46.27388442107508],[4.731271306891462,46.27404476060573],[4.731419663482063,46.274509604441185],[4.73141992883106,46.27450978054471],[4.731420431057092,46.27450923249084],[4.731420577967575,46.274509770673056],[4.731435497833385,46.27449279087363],[4.731450036750005,46.274476087073566],[4.731693500994393,46.274206679573155],[4.731710576486226,46.274188045698644],[4.73188991706422,46.274014456124654],[4.731907938235365,46.27399697873522]]]]}}]}
