{"type": "FeatureCollection","name": "aoc_geojson","features": [{"type":"Feature","properties":{"dt":"Mâcon","type_prod":"Vins","categorie":"Vin primeur, Vin tranquille","type_denom":"appellation","signe":"AOC","id_app":583,"app":"Mâcon","id_denom":1713,"denom":"Mâcon","insee":"71193","cvi":"1B369, 1B369 01, 1R371, 1S371, 1S371 01","nomcom":"ETRIGNY","insee2011":"71193","nomcom2011":"ETRIGNY","id_aire":1783,"crinao":null,"grp_name1":null,"grp_name2":null},"geometry":{"type":"MultiPolygon","coordinates":[[[[4.796116833788489,46.573904470402184],[4.796202643332019,46.57401931065341],[4.796251437492756,46.574081051638906],[4.796296778486415,46.57414500839599],[4.796340254326328,46.57431077020223],[4.79646330672378,46.5744815880226],[4.79716330655251,46.57536217582037],[4.797242032246317,46.57546802975451],[4.797249206781421,46.575479625847635],[4.79731388065113,46.57556732663852],[4.79756032020379,46.57593849691054],[4.798311470521217,46.57568559109953],[4.798358974776717,46.57562513042383],[4.79822305573506,46.5752943773175],[4.798181957954456,46.575200812628275],[4.798133011280767,46.57508314314744],[4.798056975427537,46.57489267453516],[4.79797233053791,46.57444150670604],[4.797901164034763,46.57406227089494],[4.797845811475602,46.57386526268704],[4.79780362966079,46.573726951524925],[4.797796362833807,46.573708601879154],[4.79777318022255,46.57365915880515],[4.797747352940005,46.57358895174979],[4.797677744839835,46.57341900732093],[4.797642417561159,46.57333796122716],[4.797406099838437,46.572758757265284],[4.797394818224064,46.5727216465976],[4.797289204376715,46.57231944369029],[4.797251517697353,46.572198534778],[4.797209147657357,46.572038610237804],[4.797175784665712,46.571933935575174],[4.796990681634264,46.571339155739025],[4.796800436816591,46.570707168502196],[4.796739603951161,46.57071983203282],[4.796171209857272,46.57082980701082],[4.796059250239728,46.570852459200495],[4.795790425131565,46.570906303527586],[4.795641263790673,46.57093350182842],[4.794959302787047,46.57106902972921],[4.794887341269234,46.57108483896766],[4.79471676879183,46.57111624463466],[4.794112662873263,46.571236586429706],[4.793925864834779,46.57127500022063],[4.794356083099348,46.57214352950806],[4.794389523666891,46.57213579999154],[4.794534211412581,46.57260278144089],[4.794550365419984,46.572649092890494],[4.79470370821411,46.57289122113771],[4.794829682688395,46.57298850009785],[4.79535254444055,46.57331490072941],[4.796022204038415,46.57377959088186],[4.796108033842005,46.573891098400715],[4.796116833788489,46.573904470402184]]],[[[4.79727956446787,46.570460699036765],[4.797110050412188,46.569898909323975],[4.79668335587126,46.56995325260078],[4.796909785207793,46.570684556565276],[4.79702973059653,46.57108194145948],[4.797146027512549,46.571455785907894],[4.797250134152993,46.57179658683962],[4.797316257790055,46.57199955080857],[4.797376949027046,46.57203003138158],[4.797862834091988,46.571952329511845],[4.797690634802403,46.57155477526158],[4.797667562685684,46.57150073700128],[4.797585169010741,46.57134297219955],[4.797457754481232,46.57098848701464],[4.797383659551871,46.5707734891876],[4.79727956446787,46.570460699036765]]],[[[4.798555899357981,46.576201258555685],[4.7985189523968,46.57608709347669],[4.798419216951222,46.575776307475635],[4.798328994144689,46.5757416077876],[4.797461391337672,46.576031738422834],[4.796537465251095,46.576348955662475],[4.796509527358173,46.57638893348906],[4.796734885000475,46.576627947626676],[4.796778420759449,46.576668785302395],[4.796927403632903,46.57680983384325],[4.796971438093637,46.57684994308514],[4.797031281348784,46.57690601624713],[4.797182229873262,46.5770511767022],[4.797397260859741,46.57721460529994],[4.797870343408499,46.577380646540476],[4.79875260666976,46.57722529342876],[4.798696379105181,46.576962460354686],[4.798629753518303,46.57666952805662],[4.798594016208282,46.57643780643565],[4.798583255676284,46.57636907414788],[4.79857534757627,46.57631551838838],[4.798555899357981,46.576201258555685]]],[[[4.798869275303754,46.5772064377189],[4.799094226131182,46.57775681572621],[4.7991822042544,46.577928992513684],[4.799303739409354,46.578160086156615],[4.799364707845008,46.57827774635182],[4.799481991063647,46.57849080315249],[4.799682329674255,46.578861342631754],[4.79975434908095,46.57883120896584],[4.799764488962729,46.578845550376116],[4.799904684121391,46.57880335673506],[4.799889004141464,46.57878342820226],[4.79996549816742,46.578758267814244],[4.799976594521214,46.5787541304151],[4.799964063853221,46.57874649157355],[4.79996008145404,46.5787406097526],[4.799959526100274,46.57873566479301],[4.799962691219259,46.578728679867666],[4.799971170611848,46.57872440347605],[4.799982362205021,46.57872314672605],[4.799991483269424,46.57872642588123],[4.799998720495065,46.578731986329636],[4.800001706535953,46.57874328783929],[4.800047044464048,46.578727894118735],[4.800078268015616,46.57876757315117],[4.800133619606861,46.57883380288752],[4.80024189247145,46.57895990573261],[4.800237972697992,46.57903886614355],[4.800080326718437,46.579098447295465],[4.799911076630786,46.579162623934046],[4.799872684303444,46.579178719011516],[4.799989145788243,46.5793273002012],[4.800083972165737,46.57931139865329],[4.800169735962267,46.579230791207586],[4.800299656432424,46.57915831596326],[4.800381840568264,46.57912351872095],[4.800404006635778,46.57895645595949],[4.800421533339141,46.5788268439899],[4.800438731879211,46.578734705090966],[4.80044784477858,46.57871798944039],[4.800631202308677,46.57863809856193],[4.800734236227259,46.57874005529608],[4.800539374734149,46.578815713958974],[4.800835250197107,46.57914025592968],[4.80085767807201,46.579162780216336],[4.801064566950676,46.57907162042236],[4.801228871328625,46.57900013435384],[4.80144724987098,46.57890492020291],[4.801503270760406,46.57888080143845],[4.801556090736857,46.57883889971892],[4.801636012296829,46.578779188558066],[4.801699316711813,46.57873045682002],[4.801750264544018,46.57869119641266],[4.801757912820269,46.5786854918911],[4.801752396405591,46.57868062500841],[4.801710486370825,46.57863381914129],[4.801650519137695,46.57856631176147],[4.801657197490008,46.57856287418754],[4.801622252508901,46.578525235603934],[4.801597011009694,46.57849663117111],[4.801581446152715,46.578476250713294],[4.801621718041541,46.57843409606417],[4.801645788700738,46.57842732252762],[4.801675233513316,46.578448745501824],[4.801792815122652,46.57839033299766],[4.801812767207609,46.57838146262814],[4.801846802462046,46.57842713144865],[4.801844527061967,46.57842941893669],[4.80194124490558,46.57850229226056],[4.801972193895251,46.578521800077034],[4.801985033568587,46.57853087491388],[4.802068351471322,46.578471200046025],[4.802115469303087,46.57843857465103],[4.802298136885134,46.578310325838395],[4.802382774498219,46.57825108029002],[4.802405808351092,46.578236667203086],[4.802626163797179,46.57812241541354],[4.802713672297519,46.57807888616396],[4.802750897016642,46.5780630786914],[4.802819570711376,46.57803848982809],[4.802906006604267,46.57800596551244],[4.803052630874383,46.577952948703356],[4.803287710489027,46.57786530373871],[4.803382180153925,46.57783085117481],[4.803466479569752,46.57780088195805],[4.803526762441585,46.57777930698102],[4.803545470497964,46.57776838435131],[4.803550622465162,46.57775830573425],[4.803553928195438,46.577743752839766],[4.803547440159324,46.577713502394786],[4.803522581982848,46.577657061566384],[4.803459472084319,46.57752232440292],[4.803449200928673,46.57750798537253],[4.803406399038912,46.57745398877841],[4.803389532639925,46.57744164503905],[4.803323582989613,46.577390715037836],[4.803286844719103,46.57736598480372],[4.803247994532525,46.57734453024065],[4.803240428136636,46.57734086658958],[4.803009998883491,46.57721786115177],[4.802876945322148,46.5771442099008],[4.802737596100857,46.577069756958025],[4.802598730695186,46.5769941253596],[4.802468432213606,46.57692475349577],[4.802399256765267,46.576878917528546],[4.80233800357098,46.57683565882212],[4.801763721385504,46.57642993856399],[4.801191443557546,46.57597005362212],[4.800411358596856,46.57549388949866],[4.800294835935836,46.57542619001389],[4.800293229777382,46.57538946786806],[4.800286643495252,46.575364082429246],[4.800256776465265,46.57531402440128],[4.800198986672118,46.575221353325844],[4.800155348718777,46.575153768576364],[4.800038856596027,46.57500005422255],[4.800001302951538,46.57495056732184],[4.799779085727955,46.57465269619314],[4.799738639446371,46.57459866125925],[4.79960355861714,46.57461744711285],[4.799533802034326,46.57458152600049],[4.799501292329335,46.57458978277511],[4.799451534575527,46.57460965910413],[4.799408181048658,46.57439652108912],[4.799150729086327,46.57415864691644],[4.799035609439035,46.574002838477114],[4.79900953690769,46.573964789511216],[4.79883607831248,46.573584909857296],[4.798688447242758,46.57297864565634],[4.798575635232677,46.57273048167946],[4.798459210288718,46.57247570938373],[4.798345314460776,46.57222630127498],[4.798303277993138,46.57212797779298],[4.798233012269578,46.57196975271838],[4.798162525193227,46.5719471722352],[4.797386135769027,46.57206303185532],[4.797334348572634,46.57210446520853],[4.797382498446478,46.5722693427215],[4.79741210007396,46.57237083396531],[4.79749657824237,46.572643131548894],[4.797511539857829,46.572700719734314],[4.797596674054974,46.572913742766936],[4.797767900076614,46.57334499750319],[4.797906915726824,46.5736906536669],[4.798018560497341,46.574022148666266],[4.798025199344887,46.57405311755928],[4.798049881606292,46.57420332214623],[4.798166329574594,46.574881860242094],[4.798336621001221,46.575288450422626],[4.798465587722732,46.57559850711551],[4.79850013710358,46.57567569229664],[4.798517214836814,46.57571820589686],[4.798541796931885,46.57577438187318],[4.798587148901917,46.57592552255735],[4.798668436678743,46.57619183489321],[4.798747960777656,46.576649837674566],[4.798792422334037,46.57685305104506],[4.798869275303754,46.5772064377189]]],[[[4.801872043935314,46.578945070637545],[4.801857800125177,46.57895277037363],[4.801785164721927,46.578983995877024],[4.801705247904509,46.57903596128908],[4.80168043348483,46.57905184331773],[4.801544025943176,46.579145317809854],[4.801488935123797,46.57918176115169],[4.801441187348443,46.579215116716576],[4.801401469589116,46.57923456565065],[4.801284018758009,46.57928910276447],[4.801240434979968,46.579310143603465],[4.801143713728396,46.57935561793726],[4.801027067516258,46.57941869849617],[4.800875345699994,46.5794954804311],[4.800892949654894,46.57954591132217],[4.80091183332536,46.579603437383184],[4.800935017701593,46.57969620209957],[4.800950038498045,46.57975541012199],[4.800953268028963,46.579766167376015],[4.800992329148781,46.579951901799454],[4.801004669980071,46.58002880512062],[4.801010829052082,46.58016759170796],[4.801022859807281,46.58018379467829],[4.801089579108924,46.58025795120105],[4.801100389751935,46.580268859397634],[4.801152306496387,46.580298305253876],[4.801220380227282,46.58033443208067],[4.801256700078486,46.58035043305392],[4.801296431717908,46.580362957791124],[4.801340652339237,46.580372980079716],[4.801364149599636,46.58037648328991],[4.801399598256919,46.580377997121204],[4.801426806597791,46.58037522730141],[4.801447365617753,46.5803728322939],[4.801469398934817,46.580367622006186],[4.801508937348713,46.58035457065197],[4.801562814764834,46.58033273729152],[4.801589407441575,46.58031925913356],[4.80162092784641,46.58030074974],[4.801632525214933,46.58029201087834],[4.801753453773513,46.58020436408791],[4.801929309563733,46.58007532253504],[4.802135022536096,46.579924915183085],[4.802420465098254,46.579705071520294],[4.802670640910075,46.57950109377839],[4.802871462228478,46.5796290695586],[4.802884569234334,46.57961859551656],[4.802982628718614,46.5795425658583],[4.803370888399249,46.57924067060374],[4.803532143054292,46.57911662999391],[4.803543730338667,46.57913914439924],[4.803006559757536,46.57955128579264],[4.802839312740422,46.57967983325864],[4.802680202371215,46.579549219232135],[4.802557271987147,46.579643383409014],[4.802403165935154,46.57975857352762],[4.80230738069214,46.579832315189904],[4.801611862079016,46.5803583552073],[4.801477760302891,46.58043477057927],[4.801422196808942,46.58042934009198],[4.801374342206127,46.58047134372571],[4.801346691100327,46.580492314052655],[4.801335292294101,46.580522845998246],[4.801328751729412,46.58053835037176],[4.801320091057641,46.580564786218204],[4.801324307105606,46.580585615456904],[4.801322822924978,46.580603922427784],[4.80134334690366,46.58062809778617],[4.801359805317576,46.58064783374838],[4.801413161775636,46.58070103455597],[4.801473979462753,46.580699447217306],[4.801508084582309,46.58070377423723],[4.801541687814394,46.580704776661065],[4.80157314662574,46.58071202744672],[4.801632244793917,46.58076504774558],[4.801650382391381,46.58080394153906],[4.801658997653678,46.58081560476674],[4.80164396212568,46.580830972626956],[4.801591309038338,46.580870079635396],[4.80158209728488,46.580879861758504],[4.801678924730353,46.58098749950917],[4.801735270256477,46.58100075341271],[4.801773897417792,46.58109039281211],[4.801781518196104,46.581162776907156],[4.801782914232636,46.58117338285679],[4.80178609037984,46.58118251972051],[4.80181015116583,46.581203036659005],[4.801820798808843,46.581212956617755],[4.801834125559862,46.581220943006215],[4.80185382870385,46.58122819857946],[4.801903089843539,46.58124840898976],[4.801918501978404,46.581252309530804],[4.801936626552115,46.58125922966425],[4.802006075371589,46.58131316769058],[4.802032271752253,46.58132716614225],[4.802312730849646,46.5812051241821],[4.802550696120801,46.581105546742585],[4.802915339505041,46.581557346608236],[4.803371128185078,46.5815151327323],[4.804138556812071,46.58147989589661],[4.804795985684055,46.581266974007235],[4.804857624724529,46.58116800931128],[4.80476233079598,46.58095317002987],[4.804613694534668,46.580819601411015],[4.804517151040391,46.580720698092954],[4.804119683751098,46.58020493224119],[4.804252604098356,46.58011664345356],[4.804236474702025,46.58006745073717],[4.804188575360676,46.579914911175976],[4.804149028433865,46.57979367343159],[4.804119501144162,46.57970281057047],[4.804095395918594,46.5796178967686],[4.804066366857096,46.57947505727441],[4.804022448153633,46.579277061055116],[4.803997778751007,46.57917117046428],[4.803969211689186,46.579054082879445],[4.803958389821936,46.579015254292095],[4.803951963521196,46.578967169594016],[4.803909426836642,46.57899612088574],[4.803820371880081,46.57905606762595],[4.803759431974136,46.57907756301558],[4.803664601874411,46.579046002282105],[4.803491847000595,46.578992431619234],[4.80347187738167,46.57898500039703],[4.803250040659965,46.57888897023772],[4.803166004470724,46.57885201520213],[4.803158820576614,46.57884807531797],[4.802989394991058,46.57873329586826],[4.802780116430272,46.57890204467511],[4.802476064387924,46.579143528241815],[4.802331963759171,46.57925315675216],[4.802288301692585,46.57928365627981],[4.802216285302979,46.5792270568404],[4.802068620253023,46.57910670962888],[4.80201611470269,46.57906340311829],[4.801953380465492,46.57901098065185],[4.801872043935314,46.578945070637545]]],[[[4.803862248052871,46.58754144167709],[4.803950379339675,46.58751627565224],[4.804048014664464,46.58748618627676],[4.804065973510352,46.587515625474985],[4.804102930576562,46.5875782703045],[4.804156508137874,46.58766938465543],[4.804233989171681,46.587807677770506],[4.804653838261276,46.587700457077545],[4.804925548187672,46.587648619357466],[4.805012620576487,46.587642743554255],[4.805384967898636,46.58761985112671],[4.805630265959921,46.587626431323514],[4.805849108045179,46.58763099639445],[4.80607898558392,46.587645294379584],[4.806364741087148,46.58768212792754],[4.806860693815811,46.58787236111214],[4.80699128175871,46.58791407315897],[4.807196703877212,46.58793541978853],[4.80735944107411,46.587957800022934],[4.807568399062258,46.58795972575053],[4.807626918566935,46.587908364422404],[4.807594426094397,46.587771795141265],[4.807532619413075,46.5874723968427],[4.807501918904173,46.587295359099],[4.807459617103159,46.587087611429645],[4.80744616718904,46.587009105038206],[4.80743089854816,46.586907299959954],[4.807397401789852,46.58664996641625],[4.80738740759469,46.58657716976797],[4.807245980594751,46.58607907887324],[4.807263594136405,46.58593676497571],[4.807222409243455,46.58582555156443],[4.807206992010763,46.58578220237802],[4.807195275329906,46.58575194459252],[4.807029880810533,46.58560603401248],[4.806921352813769,46.5854770591692],[4.806853152775528,46.58527215174162],[4.806787102185968,46.58519888854878],[4.806683934212749,46.58513296599647],[4.806427813123582,46.58509908848744],[4.805950578128596,46.58514147217131],[4.805552430597496,46.585217012475034],[4.80538482082583,46.585252259517866],[4.80466187518585,46.5855235892138],[4.804231830049829,46.58568528135245],[4.804083085099776,46.5857379724246],[4.80396675257126,46.58578718046573],[4.803743476017448,46.58586932628951],[4.803739090430626,46.58587101657835],[4.80349221866995,46.58598622791078],[4.803275145487704,46.58608610836932],[4.803162115092633,46.586140397386984],[4.803048973070656,46.58620315434894],[4.802970401338605,46.58624474153353],[4.802929711977702,46.586266547939935],[4.802702285357584,46.58636154653103],[4.802193104639399,46.58657581477178],[4.802160333220512,46.586647393406516],[4.802435122844675,46.58704764950567],[4.80280702509007,46.587575442176544],[4.803048771264758,46.5874945386669],[4.803370029733263,46.58738464183491],[4.803399002856544,46.5874271475296],[4.803539993770145,46.587640997862366],[4.803563531061773,46.587633782060415],[4.803632332798908,46.587612703537694],[4.803862248052871,46.58754144167709]]],[[[4.804822401564432,46.581323029744105],[4.804698609054118,46.58136361980372],[4.804144702293447,46.581531317477655],[4.80364754734237,46.581551128876484],[4.803411487112943,46.58156232272192],[4.802965475561511,46.58160789541576],[4.802826820622723,46.581625750331106],[4.802510819670775,46.581652791839744],[4.802535850350108,46.58174597752197],[4.802531311853286,46.58175487554664],[4.802546705205284,46.581848933478675],[4.802549333111138,46.58190068069597],[4.802547191758045,46.58192674380094],[4.802537903695475,46.58194211136078],[4.802538588693642,46.5819588530591],[4.802523916775534,46.582004928189455],[4.802490537483603,46.58207777754159],[4.802466114764735,46.582121304147215],[4.802437433662712,46.582162465969],[4.802406306467168,46.582216545882694],[4.802395087354269,46.582236717382244],[4.802391102602215,46.58225839621082],[4.802389536455654,46.58228210851061],[4.802409798033542,46.58231016070309],[4.802439382344003,46.582355449087494],[4.802492242548038,46.58242513950835],[4.802517928690388,46.58245526789906],[4.802627835203667,46.58256720234798],[4.802640552558461,46.58258438508554],[4.802695811545393,46.582639716983344],[4.802725059395947,46.582674833012526],[4.802831169493611,46.582829879119636],[4.802866533119797,46.582883993047126],[4.803208992465041,46.58291804983939],[4.803490728509491,46.582944775885714],[4.803908310641614,46.58317624535029],[4.804156890254245,46.58322726985284],[4.80422627389486,46.58323968666709],[4.80498751684803,46.58339143132708],[4.805404373849912,46.58352590457692],[4.805937830030831,46.58369807690475],[4.806386396851904,46.58374873438515],[4.80656546615441,46.58389361947747],[4.806634871522639,46.58393026258143],[4.806765988314171,46.58400394027088],[4.806852586143965,46.5840508498271],[4.807710827865125,46.58425526646508],[4.80829394409626,46.585056754214726],[4.808301154742575,46.58517156609404],[4.808308937571438,46.585295735923616],[4.80820830696929,46.585436028521855],[4.808091572281262,46.58554379084843],[4.807888585482478,46.58568596950506],[4.80740274760912,46.585953302641805],[4.807349693160264,46.586066904123044],[4.807461708786965,46.586509347308294],[4.807475339247677,46.586561821446466],[4.807540201292666,46.58700834130298],[4.807550591529576,46.58707338591006],[4.807560709659325,46.58714203749683],[4.807578426647593,46.58723101437592],[4.807633848335713,46.58752303788118],[4.807656689542117,46.587644358027866],[4.807679664477648,46.58775396732956],[4.807737119094478,46.5879340952969],[4.807756644006546,46.58795162036312],[4.807814251142892,46.58795539442881],[4.808134043829308,46.587966737657204],[4.808385469731599,46.58797681791166],[4.808359331212114,46.587803491144726],[4.808303935963284,46.5878033751799],[4.808286827702445,46.58773276248865],[4.808303068034893,46.58767108023363],[4.808318944554822,46.58761417727951],[4.808316120647034,46.587584229509226],[4.808301237782784,46.58745476781999],[4.808391338515131,46.587445689264925],[4.808385771392885,46.58738822426389],[4.808599390569881,46.5873614331067],[4.808517047962361,46.58701030075251],[4.80858244633063,46.587000891627206],[4.808600406693787,46.58704996477376],[4.808608952509863,46.587047668188035],[4.808769082424205,46.58701523665763],[4.809277262174015,46.58690903530812],[4.809385210639226,46.58688670428073],[4.809591127179607,46.58684048835772],[4.809564195372239,46.58674949573847],[4.809570386128525,46.58655061957995],[4.809620152229801,46.58630286883184],[4.809633701142981,46.586195654861235],[4.809658344032734,46.58578951258301],[4.809712245254622,46.58563473583937],[4.810242701004515,46.585091081526166],[4.810584936237672,46.58474080306286],[4.810646974161279,46.584638316283105],[4.810653265321098,46.584560398679436],[4.810656027541194,46.58454918665925],[4.810547564150112,46.5844694808997],[4.810103356899797,46.584444169621584],[4.809677689333378,46.58439496600304],[4.809671202653233,46.584447397592314],[4.809526388681896,46.58444518280493],[4.809425380734479,46.58446001886548],[4.809165951766412,46.584499514499896],[4.808852862847702,46.584547783135534],[4.808748994088046,46.58456302405444],[4.808711698021718,46.58414038728437],[4.808510680328907,46.58416076520119],[4.808468755735304,46.58416493997765],[4.808375383470529,46.58418154593187],[4.80830963820936,46.58412142858213],[4.808252022902082,46.584070099463794],[4.808634555989211,46.584028211144265],[4.808751412261765,46.58401465657027],[4.808844984549593,46.584004081647606],[4.809007536490723,46.58398584198382],[4.809166049865877,46.5839679360983],[4.809301945936831,46.58394948669976],[4.809632655034007,46.58390481119416],[4.80999870884401,46.58385453226149],[4.810015865207578,46.58385191931682],[4.809982666768201,46.583749227001526],[4.80995923249091,46.5836416067701],[4.809954547387252,46.583591063020464],[4.809952627311758,46.58354903195468],[4.809952993057009,46.58352074504963],[4.809955578341953,46.5834924230603],[4.809952140863071,46.58335368372551],[4.809950954130212,46.583333707548796],[4.809944926396431,46.58327814125163],[4.809933054392748,46.58319609748621],[4.80992709397584,46.58312683989661],[4.809917198392388,46.583045305290796],[4.809908628669704,46.582972216050315],[4.809910015270352,46.58292355780033],[4.809917955714713,46.58278914196715],[4.809918102975925,46.58275428359991],[4.809898842099389,46.58270144835322],[4.809884339804446,46.582666010940144],[4.809849893369638,46.58261611773467],[4.809777287827147,46.582534313365535],[4.809712987757115,46.582462645354276],[4.809630200936077,46.5823771289189],[4.809584079474208,46.58232967183611],[4.809525650478694,46.58227349257782],[4.809425836415534,46.58217086210513],[4.809337126418018,46.582080035032455],[4.809250457492431,46.58197593575224],[4.809195409577221,46.58191141671778],[4.809144053297252,46.58184792013644],[4.809095213622635,46.58178546457841],[4.809040768011589,46.581719404813],[4.808992511479939,46.5816509054921],[4.808990046492363,46.58163176010572],[4.80897615255522,46.58157136433558],[4.808954096621918,46.58152478774033],[4.808911580594358,46.581440345852286],[4.808882444238364,46.58135758398816],[4.808859699227705,46.58127454101167],[4.808843949579112,46.5811976021612],[4.808817435422923,46.580977536309504],[4.808724219012572,46.58097900888034],[4.808339617971828,46.58108776044168],[4.808064575533867,46.58116010478926],[4.807955426001414,46.58118920877732],[4.807819930985017,46.58121953923535],[4.807496843862305,46.5812612072907],[4.807255991602275,46.58130112612421],[4.807241393558079,46.58127847945954],[4.80694778029111,46.58132661591447],[4.806781804763903,46.58136742360941],[4.806647218657308,46.58139368529404],[4.806528468574685,46.58142086783861],[4.806495295313801,46.58142103095984],[4.806225414801566,46.581412859358444],[4.806137034996182,46.581418396604676],[4.806092682535468,46.581424139984165],[4.806022626666454,46.581395342697434],[4.805982062064462,46.58138139163638],[4.805751123558388,46.58134612493114],[4.805581563298116,46.58131826613402],[4.805492300900209,46.581316881628034],[4.805249617929822,46.581321338609655],[4.805022221150563,46.58132195141116],[4.804822401564432,46.581323029744105]]],[[[4.805702134706315,46.594667909154616],[4.805828827780373,46.59492647530788],[4.805595828035437,46.59503165436501],[4.805568061757623,46.595226546661834],[4.805544415196033,46.595380213399345],[4.805552977205661,46.5954492498352],[4.805564471724843,46.59554760186291],[4.80572126526656,46.595724903524484],[4.806172596444862,46.59617082355758],[4.806421197271249,46.59654734561687],[4.806550268028306,46.5967198595606],[4.806775062884213,46.59701281398836],[4.806814166181217,46.597061103473884],[4.806921921042143,46.5971621699264],[4.806967972488479,46.597183599859676],[4.807054436024507,46.597225828112],[4.807714792264566,46.59738671476112],[4.80810482247721,46.59739460858154],[4.808398363032922,46.59736529581299],[4.808701504430782,46.597333939264736],[4.809116068107929,46.59738413396565],[4.809119281154911,46.597193861695],[4.809149234142931,46.59710440235879],[4.809294405143788,46.59670761561763],[4.809031208729153,46.59635645871942],[4.808475055073585,46.59561147103424],[4.808357446939107,46.59545372930345],[4.808108843157543,46.59484141581408],[4.808027737593306,46.59464968260589],[4.80790893466162,46.5944598053717],[4.807139702725236,46.593202811430814],[4.807005791592064,46.59299056487977],[4.806957485786372,46.59292080457469],[4.806700830577403,46.59250198910553],[4.806484519164125,46.59226330123714],[4.806338544651124,46.59217949967812],[4.8061386315865,46.592234080961504],[4.805949638336163,46.592338206682214],[4.805778655469058,46.592524459404395],[4.805732970372435,46.59257300532809],[4.80556643573774,46.59264921576222],[4.805385699957967,46.59268331833202],[4.805179803563447,46.59269151765047],[4.805242211117791,46.59279654277612],[4.805223158640463,46.59280116631493],[4.805106417934377,46.59283849281601],[4.805035808859569,46.5928604111961],[4.805297253414132,46.59318368369617],[4.805471850959106,46.593397722538334],[4.805649728303242,46.593592435082265],[4.805654460399512,46.59361298581316],[4.805671343746134,46.59370837075694],[4.805696093165685,46.59371005208242],[4.805697879231226,46.59376388397675],[4.805655364948308,46.59376626555327],[4.805655179022185,46.59445374969311],[4.805702134706315,46.594667909154616]]],[[[4.805761219234759,46.58905742367479],[4.805817413834157,46.58914066018704],[4.805844696619697,46.58917544618069],[4.805921634551167,46.589269613916485],[4.806112285389332,46.589495287480744],[4.806141695598092,46.589472126729255],[4.806477219940508,46.58926049070963],[4.806689911998986,46.58912680824599],[4.807190595414731,46.58885708291142],[4.807324787636627,46.588783001493894],[4.807654422177156,46.588598835218626],[4.807665813980394,46.58842653711768],[4.807695582409522,46.588284391610344],[4.807712536293742,46.58821270074328],[4.807717127378652,46.58818966114973],[4.807738318497879,46.5880803453922],[4.807748365808266,46.5880288485152],[4.807293593333845,46.58800486357712],[4.80702574963832,46.587976396108],[4.806745671570543,46.58793749312729],[4.806670479098903,46.587895897582285],[4.806591685409944,46.587859942964],[4.806431369174453,46.5877923998376],[4.806344574202024,46.587751527514875],[4.806302268515558,46.58773643310033],[4.806178269057678,46.58772001528584],[4.805937922011571,46.587693363279676],[4.805882881910009,46.5876881967876],[4.805407002037947,46.58769335874553],[4.80506779456273,46.58769528363231],[4.805019307776636,46.58769469691399],[4.80482292097058,46.58772120974779],[4.804610567712671,46.5877744535736],[4.804381534411392,46.5878329135148],[4.804278799650796,46.58785894042863],[4.804019116865844,46.58793472508048],[4.803790279841937,46.58800308809846],[4.803931234296941,46.58821180472652],[4.803586462573603,46.58830216857742],[4.803606870869909,46.58833850442537],[4.803708002414323,46.58852425096141],[4.803441504284837,46.588595548160946],[4.803288573274227,46.58863650517992],[4.803290380875101,46.58874626839824],[4.803333237008601,46.58873460535184],[4.803369217442206,46.58872440157211],[4.803456959150312,46.5886992421016],[4.803474229413449,46.58872761142695],[4.803479341032993,46.588735997224155],[4.803505765447666,46.58877647149109],[4.803511901460806,46.58878817363312],[4.803541033535412,46.588835450341975],[4.803605418836672,46.588819034838096],[4.803636073835037,46.58886889948153],[4.803667150443967,46.588919658146764],[4.80333390016045,46.589010920483545],[4.803361338688622,46.58908200159343],[4.803403691676972,46.58920103367048],[4.803419572492863,46.589278151132255],[4.803917483134547,46.58912133803093],[4.804043282579609,46.58929840953268],[4.804057152691382,46.5892951287491],[4.804842261126907,46.589056959607355],[4.805625849557344,46.588820430138504],[4.805673759123745,46.588894160176125],[4.805698633286343,46.58893510874241],[4.805761219234759,46.58905742367479]]],[[[4.805477282457518,46.57853647318287],[4.805472448052909,46.57856005696832],[4.805453536000254,46.578588456174806],[4.805455841639349,46.578618592343076],[4.805495917425871,46.57870451499799],[4.805515735262608,46.57876643894478],[4.805534482159558,46.57884333093832],[4.805560978597637,46.57896090117848],[4.805580047784048,46.57903175357636],[4.805595147787477,46.57907744973912],[4.805620734311359,46.57915576499844],[4.805651290488385,46.57921851031311],[4.805672186597969,46.57931293149942],[4.805692277570378,46.57935944961031],[4.80569112235053,46.57941125648895],[4.805682013431775,46.5794398613901],[4.805679188571099,46.57945314582363],[4.805685972943889,46.579460784610696],[4.805697827932939,46.579467712958525],[4.805716846675949,46.57946615207243],[4.805770832241687,46.57949096981013],[4.805828522297787,46.579536894896016],[4.805854756622587,46.579603220945394],[4.805890586500412,46.5797107365035],[4.805921079740436,46.579767628371755],[4.805925655001456,46.57979529691498],[4.805940149716371,46.57981092012461],[4.805964622324992,46.57982413426919],[4.805988180644866,46.57984916163781],[4.80603068533894,46.57989406520913],[4.806117711346179,46.58003283707123],[4.806158546844074,46.58008254049147],[4.806173669789096,46.58012103084025],[4.806238695960558,46.580222681688625],[4.806273846219825,46.58027031314316],[4.806311670341968,46.580319793816415],[4.806334232040808,46.580358076723485],[4.806357412804684,46.580391396161836],[4.806445017645029,46.580523944016434],[4.80648958611336,46.58057196721857],[4.806493667610522,46.58059261828649],[4.806579213212054,46.58072213624728],[4.806620941130448,46.58079082961639],[4.806672589294955,46.58090259871178],[4.806689498154737,46.58092403810854],[4.806685968431706,46.58095543720175],[4.806685435839966,46.581014169441104],[4.806683851587715,46.58104121460865],[4.806702657753713,46.581159176137156],[4.806713138768856,46.58121521270578],[4.806844171097166,46.5812078310672],[4.807053912865358,46.58118299498869],[4.807275215861262,46.58117589942024],[4.8073458505855,46.58116703870192],[4.807737839796383,46.58110762079836],[4.808006332736147,46.58110158009847],[4.808578590013698,46.580967709118774],[4.808678495378406,46.58094739700887],[4.808721823514569,46.58093050045461],[4.808735470926017,46.58092452056035],[4.808747435022007,46.580915054631795],[4.808739386035956,46.580885099308524],[4.8086789978478,46.580805262893705],[4.808676620643267,46.580780892210406],[4.808662044735588,46.580731405315824],[4.808634244731848,46.58066132176721],[4.808609585125995,46.580595331701545],[4.808577275937325,46.58055071834237],[4.808535998247454,46.580487782841836],[4.808486539367163,46.58039876696821],[4.808445430297948,46.5803330366873],[4.808426764760362,46.580290189270244],[4.808395474442608,46.5802487121249],[4.808362975273769,46.58020230036308],[4.80829312455183,46.58008136238721],[4.808245658525197,46.579973671011416],[4.808215936073039,46.57991253438868],[4.808204644643665,46.57988326070721],[4.808176195045094,46.57985650967809],[4.80813076163054,46.579806068953935],[4.808076744697973,46.57973315687073],[4.808055593201232,46.57970196733388],[4.808032549161323,46.57960199626856],[4.808015262444736,46.5795180563287],[4.808005365407594,46.57946390203632],[4.807977776174872,46.579411918532436],[4.807942776467207,46.57935311685649],[4.80789158157897,46.57925503135382],[4.807823159155055,46.579153435019975],[4.80778099840905,46.57909924973134],[4.807729982319574,46.57902620004464],[4.807658024996424,46.578869268042844],[4.807598314889151,46.57870745914282],[4.807586957056856,46.57870763845694],[4.807540527800942,46.57863109371742],[4.807509823320514,46.57856393791432],[4.807482607771807,46.57850744503254],[4.807458190942103,46.57841722279322],[4.807455992987236,46.57837069269851],[4.807456472454136,46.578255308919076],[4.807452572240329,46.57822438733899],[4.807416295985453,46.57819397686166],[4.807418094146594,46.57815765135316],[4.806774130953663,46.578180604918465],[4.806510327243044,46.578181885471125],[4.806443448756193,46.57817393395985],[4.806333295994749,46.57816477373755],[4.806283279726504,46.57817294834262],[4.806197707011489,46.57822356513773],[4.806011502336228,46.578209479775175],[4.805944522724301,46.57824178963415],[4.805815652254494,46.57826687951046],[4.805745387483501,46.57828284882371],[4.805734262637436,46.57829004952667],[4.805642626418202,46.57833508728891],[4.805577731188901,46.57839087160633],[4.805542735648525,46.57842267682238],[4.805532176665285,46.57845481720839],[4.805498165201803,46.578496604354896],[4.805477282457518,46.57853647318287]]],[[[4.807027789529748,46.597355944937426],[4.807017712913832,46.597406631478044],[4.807078572479324,46.59737820084771],[4.807206789030334,46.59733600794553],[4.807028542594822,46.597276313870594],[4.807027789529748,46.597355944937426]]],[[[4.806543987961769,46.59222462507207],[4.80677083757756,46.592473774485995],[4.807138131750756,46.5930728694964],[4.807393403456804,46.59348918399105],[4.807798756748909,46.594136222472926],[4.808102974181895,46.59462543767439],[4.808424477240785,46.595426281272836],[4.808866043107311,46.596018073669455],[4.808949503917775,46.596131140600264],[4.809055583777941,46.59626429541417],[4.809154660061697,46.59639900183677],[4.809196132823465,46.596455629346224],[4.809242249321238,46.596518308042505],[4.809331386222203,46.59664092221535],[4.809489920911354,46.59646143591809],[4.809576898611075,46.59636585159957],[4.809660360124748,46.59627455591717],[4.809692099942341,46.596242801140974],[4.809750100200265,46.59613632609507],[4.809811299490191,46.59600818437135],[4.809910530870033,46.59580963962888],[4.809940024291742,46.5957496392186],[4.810048883754995,46.59563632575004],[4.810505214383042,46.59544204358585],[4.810623234814337,46.59536064859764],[4.81076151048895,46.59469818063281],[4.810882759409854,46.594105243196395],[4.810673009711445,46.593711093404025],[4.810382417170519,46.593341368467804],[4.810173005819286,46.59306718184752],[4.809915687168822,46.59273133548721],[4.809512274781796,46.59222171582578],[4.809319952872182,46.592048673260194],[4.809088823917652,46.5921859841809],[4.808793025943503,46.59228018315391],[4.808435914740739,46.59234968044587],[4.808337792585844,46.592369243273005],[4.807602122911334,46.59244084194641],[4.80740647504769,46.592446811984594],[4.80699979817478,46.59241260922397],[4.806543987961769,46.59222462507207]]],[[[4.807060775562385,46.58558438068247],[4.807237456560958,46.58573578732128],[4.807327754507492,46.5859294476316],[4.807452156846676,46.58584795477965],[4.807834791187344,46.585647459452275],[4.807961947969104,46.58556240991305],[4.808030097515208,46.58551395854407],[4.808148208678622,46.585404373201236],[4.80823812318478,46.585295413129714],[4.808211538725009,46.58507714977493],[4.807667347020506,46.58431485684274],[4.807656060880734,46.584297561976555],[4.806810983453318,46.58410014257447],[4.806492749748953,46.58393826916257],[4.80648567790522,46.58392198850579],[4.806353180338239,46.58381455709543],[4.806339005307954,46.58380073023194],[4.805908782479562,46.58375176472683],[4.804955313382369,46.583440575222376],[4.803869919259596,46.58322395527354],[4.803644531681246,46.58310015087536],[4.803460263661478,46.58299911585601],[4.803359072185463,46.58299260357215],[4.802849521338088,46.58293830115883],[4.802771229261871,46.582917197203145],[4.802711080965691,46.58290751626601],[4.802334654474849,46.582825986900296],[4.802208734293187,46.582759067566336],[4.801953270859235,46.58261835034726],[4.801123648126618,46.58246018587318],[4.801034495643165,46.582474017469224],[4.800829988170688,46.58253883991168],[4.800761031892491,46.582562981565836],[4.800729256763609,46.58257383899612],[4.800649887475476,46.582591209179995],[4.800572802697913,46.58260656190858],[4.800463466265613,46.582618368706115],[4.800192748934899,46.58265613015669],[4.800180581260864,46.583022894268794],[4.800255043172195,46.58338244201679],[4.800279652815464,46.5835064376535],[4.800284441798399,46.5837736812716],[4.800296343254528,46.58387680101931],[4.800653316978878,46.58456668547782],[4.800895940173229,46.584974566208025],[4.801211061054357,46.58489269251686],[4.801445331147781,46.58480722631334],[4.80171412992973,46.5847072559373],[4.801739123264174,46.58474406036125],[4.801624581824019,46.584784231147154],[4.801225863604797,46.584925514266466],[4.800918954716013,46.58501869735132],[4.801135070989564,46.585332063855574],[4.801518952321919,46.58574888965561],[4.801635576750924,46.585889991146786],[4.801872610139147,46.58618780589883],[4.802116148470151,46.58655180713563],[4.802783678442493,46.58627497166775],[4.802900544926402,46.58622998961039],[4.80295673481588,46.58619893245467],[4.802876085452717,46.58593720648372],[4.802860533384559,46.58590151458905],[4.802871769721005,46.58587395729845],[4.802808981350964,46.58579649744708],[4.802670650275668,46.58584812203213],[4.802496978089612,46.58569251810001],[4.802618072323509,46.58562927621704],[4.802628946944886,46.58564207468031],[4.802638526007299,46.58564336495604],[4.802686538671758,46.585621803623894],[4.802628275407105,46.58555868316767],[4.80270373131916,46.58552164860557],[4.80272399303713,46.58554177484375],[4.8029847932339,46.585425084903164],[4.803034211976286,46.58540260060918],[4.803091737055177,46.58537638596506],[4.803152953063495,46.58534723102411],[4.80314081084176,46.58533166049061],[4.803193567485064,46.585307412289296],[4.803226369208077,46.585343282839304],[4.803331264565918,46.58539837319198],[4.803391757712165,46.58543020491158],[4.803518439096803,46.58549621037032],[4.803582443513709,46.585531499304864],[4.803672471479731,46.585630686189],[4.803793948293941,46.585795847113026],[4.804733631861468,46.58543806542342],[4.805345449038034,46.58520739636937],[4.805647263822133,46.585149858168826],[4.805946149636109,46.58509461703486],[4.806436021811167,46.585063022195264],[4.806665086156507,46.585084627111264],[4.806714740650215,46.58508897749326],[4.80681826066932,46.5851891199844],[4.806880999338822,46.585260994346015],[4.806954699104525,46.58547022826336],[4.807060775562385,46.58558438068247]]],[[[4.807093026625735,46.58989259287769],[4.807099860319422,46.58990167188415],[4.807177637598434,46.590005282612296],[4.806789742687684,46.59013488519514],[4.80676124878338,46.59014235998143],[4.806624748652989,46.590186394662375],[4.806235179642962,46.59031286938473],[4.806214891052542,46.59031958414462],[4.805996174649843,46.59039787930728],[4.805856733530753,46.59044781378901],[4.805647058019053,46.59052299348769],[4.805733788455908,46.590676000857655],[4.805755457909942,46.590714838333525],[4.805773984544705,46.59075345516133],[4.805805729430199,46.590820324737734],[4.805901916988897,46.591033888042624],[4.805931761546209,46.591094662993946],[4.806040427750837,46.59134171447403],[4.806079107760366,46.591444321286296],[4.806120501958283,46.59155391050846],[4.806184066326326,46.59174889387159],[4.806244264918051,46.591913307494906],[4.806285960039128,46.59198470349218],[4.80631777359832,46.59203391871109],[4.806361072448646,46.592082772630285],[4.806378165152782,46.592101777369336],[4.806394553285218,46.592115299130676],[4.806437424455022,46.59213551845309],[4.806544589228733,46.592179762206044],[4.806727368538972,46.59225451657321],[4.806905980514019,46.59233753250709],[4.806959637525881,46.59235992320554],[4.806992659754916,46.59237075061719],[4.807068132172478,46.592389104301596],[4.807107426520246,46.592392086946475],[4.807255155118979,46.592406688378496],[4.807406801277757,46.592421227794084],[4.807555664575692,46.592414915376736],[4.807794093609239,46.59239890279534],[4.808234009269484,46.59234818508436],[4.808383892916156,46.592329336151636],[4.808466224519472,46.592314255791386],[4.808537720732867,46.59229943655106],[4.808721970009512,46.59226500326189],[4.808841464376932,46.59223987864431],[4.808924920955357,46.592215413203725],[4.809018128152736,46.592185569787105],[4.809108599845699,46.592148113802295],[4.809150205201072,46.592126290786055],[4.809195265237753,46.592094415729534],[4.809212383982689,46.59207487093011],[4.809213128305283,46.592061889508564],[4.80919969281918,46.59203895451548],[4.80918325014968,46.59202381279837],[4.809163321257633,46.59199026239667],[4.809142335517819,46.59194456962821],[4.809110282926365,46.59183321262788],[4.809067913631726,46.591674823426075],[4.809048992986677,46.59160477990013],[4.809022704726706,46.591517469801474],[4.809004277886951,46.59146227954025],[4.808987177830877,46.59140769878772],[4.808956847994183,46.59127740043659],[4.808934100857005,46.591202283508366],[4.808913047461442,46.59113488559343],[4.808900716407185,46.591090136880446],[4.808890423977175,46.59105562361597],[4.808876461249646,46.59101288214972],[4.808863521173823,46.590965531105965],[4.808830090204854,46.590855907070825],[4.808820214925095,46.590782838485744],[4.808817548571648,46.59065543563071],[4.808741575871812,46.590657356124],[4.80870935895986,46.5905134873742],[4.808672709456284,46.59036203291607],[4.808649851077445,46.590256024664825],[4.808643601638962,46.59020163275756],[4.808652508607845,46.59010403945864],[4.808647321173839,46.59000297600686],[4.80864439724451,46.589887466064006],[4.808641804278862,46.58985661399177],[4.80870117066471,46.58954764677757],[4.80883453935989,46.58954707138754],[4.809405938238498,46.5895576791384],[4.809449334579128,46.5894954775858],[4.80947643237292,46.58945388872655],[4.809327286027895,46.58944750877894],[4.809298888305498,46.58944606604107],[4.809186991919859,46.58944017818168],[4.809197205746311,46.58930725783875],[4.809199713900008,46.58927659538177],[4.809154059414154,46.58927479477157],[4.809165359523194,46.589131319409546],[4.809324716745285,46.5891383488297],[4.809351799582799,46.58913954213245],[4.809569435094537,46.58914691134047],[4.809574217361805,46.58914143174153],[4.809742899258732,46.58899276723025],[4.809851588672135,46.588807942939766],[4.809889270451374,46.58874285929252],[4.809921119671897,46.58866345706602],[4.809928834939981,46.588620463146164],[4.809919072760501,46.58856261417321],[4.809813595306363,46.58856112885932],[4.809563179218023,46.58855400795389],[4.809360111536624,46.58854857020804],[4.809356263256626,46.58859393479762],[4.809348420340808,46.588692051794965],[4.809336718794647,46.58886273382251],[4.809328674505738,46.588962655337035],[4.809219315521877,46.588942676956975],[4.809205679927461,46.588673951842594],[4.809024760633085,46.58867455834222],[4.809027003417151,46.58862804825844],[4.809032687325305,46.58844530226569],[4.808875794239586,46.588445528987116],[4.808875961870521,46.5883955390661],[4.808830142720137,46.58839662308844],[4.808710433161859,46.58839536156899],[4.808518693220348,46.58840055148177],[4.808261734136584,46.588334086763226],[4.808197744279282,46.58828763180758],[4.808192349940645,46.58829041899936],[4.808173912554368,46.58837249109165],[4.808154926766947,46.588410529006566],[4.808131621053234,46.58844043901782],[4.808107971414513,46.58845999673326],[4.80809306715012,46.58846752749907],[4.808051297709956,46.58848827196961],[4.807914064197534,46.58852187207535],[4.8078760683262,46.58853823368198],[4.807861891625874,46.58854800460873],[4.807732985410053,46.58863173048425],[4.807758001623493,46.58865331195361],[4.808057870811093,46.58892211163124],[4.808242798670229,46.5890893285091],[4.808086821875166,46.589164385433186],[4.80801428706154,46.58919894556194],[4.80785952568671,46.58927128096201],[4.807977477856761,46.589416228200946],[4.808013825705509,46.589464290581674],[4.807806039825385,46.589545028680924],[4.807781459759513,46.589524791340644],[4.807624219118201,46.58960905439458],[4.807448756043645,46.589703242013464],[4.807412175575873,46.589722913590144],[4.807093026625735,46.58989259287769]]],[[[4.808684670393071,46.60025561729829],[4.808703535273638,46.5998364180343],[4.80871357817284,46.5998083386895],[4.808741240037662,46.59970099239604],[4.808781210747567,46.59957084490548],[4.808988041602153,46.59927945422962],[4.80933592128923,46.598777690268285],[4.809707964293792,46.598350479057586],[4.809760012113007,46.5982731897805],[4.809760189454257,46.59823923171695],[4.809746841641073,46.598207198635436],[4.809625989599668,46.59806220884614],[4.809175014228532,46.59752613920243],[4.809136663058259,46.59742586994696],[4.808687771834406,46.59739251954052],[4.808240005938569,46.59741661235162],[4.808098494192362,46.59742830346696],[4.807111181699828,46.597411911785116],[4.80703896294968,46.597464209258774],[4.80681910491633,46.597615207481574],[4.806757822057389,46.597741097070816],[4.806776352549177,46.59792535190577],[4.807082980984315,46.59832941835038],[4.807278168503042,46.59863157546321],[4.807305961202666,46.59876416577745],[4.807404693344155,46.59921897695089],[4.807551454648849,46.599475333175754],[4.807589977859055,46.59956902529693],[4.807640153239087,46.599706666305146],[4.807775740731527,46.600067135828304],[4.807786919525618,46.600356434472005],[4.807794042602051,46.600413514539945],[4.808489187009759,46.60037353933903],[4.808604984417668,46.60033100067732],[4.808629600074249,46.600308905855805],[4.808684670393071,46.60025561729829]]],[[[4.8087341739211,46.6002982478475],[4.808709864396127,46.600321688862245],[4.80865216808618,46.60037853150718],[4.808502624590695,46.60043187067745],[4.80846166749282,46.60043801143642],[4.807912129529528,46.60046740212346],[4.807799108837194,46.60050701410407],[4.807718001491791,46.60060259425885],[4.807647945456542,46.60082238233878],[4.807726013412226,46.60137479151329],[4.807746196781119,46.60147886050618],[4.807859628690642,46.60169935532614],[4.808036981461758,46.6019558585732],[4.808152861407718,46.60193142258444],[4.808505325076544,46.601861730484664],[4.808643821217678,46.601998787144716],[4.80860365556639,46.602005185637886],[4.808486707646994,46.60189525912071],[4.808056896348672,46.60198103315076],[4.808060816604323,46.60204789097211],[4.808218562706947,46.602339559327774],[4.808299853296615,46.602430324391044],[4.808452934200939,46.60253436668219],[4.808831637311783,46.602715365892664],[4.809024409378766,46.60284976366981],[4.809132538955612,46.60296163028235],[4.809208750593257,46.60293493763203],[4.809695777520879,46.60274620962839],[4.809741779751169,46.60273062178595],[4.81005935233992,46.602656882807025],[4.810056782817622,46.602650348524946],[4.809873868657246,46.60209734570328],[4.809822486960281,46.6018686669971],[4.809827336718223,46.60176303191056],[4.809883228540376,46.601758005700525],[4.809882332780274,46.601801792390184],[4.809882064019338,46.60189978947279],[4.809923170644737,46.60209062226493],[4.809931475520273,46.60208886983263],[4.809947603899098,46.6021455372896],[4.80996091729378,46.60218828884942],[4.809995576729459,46.60229528110002],[4.810112355577038,46.60264748886645],[4.810159868392368,46.60281480292885],[4.810169896855441,46.60282950549224],[4.81020953122151,46.60291318178881],[4.81028480021673,46.60305456821086],[4.81029627676239,46.60307744396903],[4.810325533190536,46.603128049542995],[4.810424816151924,46.60327635176974],[4.810647546928141,46.60362364195499],[4.810663845508044,46.60365004413296],[4.81077528062263,46.60373150444742],[4.81086605436392,46.60373006944496],[4.81101640192901,46.60365356741496],[4.81134565526708,46.60348308849173],[4.811955452187121,46.60322963272074],[4.812098560389585,46.60304570375914],[4.812327206160448,46.6027424334963],[4.812869465873501,46.602548854936764],[4.812700767174465,46.60236067278445],[4.81265314506342,46.60226091163078],[4.812476864889446,46.60191568220824],[4.812170764186495,46.60181965035712],[4.812004424567291,46.601706095448904],[4.811860904337348,46.60147725385153],[4.811798057371378,46.60138719022757],[4.811748066845851,46.60114164769973],[4.811680398777407,46.600973482109644],[4.811479312813272,46.60103682724309],[4.811416172075002,46.60093397855159],[4.811680720101532,46.60084576200875],[4.811728474061545,46.600949574477106],[4.811767166533137,46.60103632745911],[4.811802844983085,46.60111889495466],[4.811823801746971,46.60119494028346],[4.811871721482211,46.601378279238155],[4.811911088070568,46.60144601737101],[4.811936169639379,46.601481107009185],[4.811976846711731,46.60155287740523],[4.812067111394694,46.60168537908365],[4.812215734544931,46.60178489354748],[4.812478881713664,46.60186638363931],[4.812542478078419,46.601884741706655],[4.812685182745828,46.602183127134204],[4.812720985265043,46.602257586364274],[4.812759260095106,46.60233957208602],[4.812807640933597,46.60239149560741],[4.812928459006715,46.60252315282051],[4.813258485395807,46.60242723141825],[4.813445287547924,46.602354742397665],[4.813934377133901,46.60214614863286],[4.814213839813984,46.60207408230135],[4.814617127855703,46.60196907060196],[4.814681225115701,46.60195148279942],[4.814689399211506,46.601949732091306],[4.814827339845465,46.601650415350974],[4.81484801753883,46.60152597529266],[4.814866354752811,46.60142931297155],[4.814886191589294,46.60134235412861],[4.814886113558517,46.60126949109269],[4.814865039884745,46.60120966018506],[4.814751205238176,46.60101709902511],[4.81461777771409,46.60087960894955],[4.814350860117504,46.60060661081954],[4.814139073338183,46.60038020426941],[4.814031630617526,46.600269502236635],[4.813879435085338,46.600113754759626],[4.813752211630062,46.59998192976397],[4.813587443054415,46.59980566558481],[4.813498719181664,46.599684128832905],[4.813246547314171,46.59934352459906],[4.813042473971087,46.59906988892113],[4.8129748843394,46.5989354979163],[4.812886980220988,46.59876396050919],[4.812417876579881,46.598861721819574],[4.812376562290085,46.5988688603957],[4.812335057431609,46.59887420063088],[4.812151790378112,46.598887728271166],[4.811873535195041,46.59889753440132],[4.811907308025489,46.59856186062978],[4.81171743815782,46.5985300982501],[4.810213028337355,46.598277109061875],[4.810173152129089,46.59826855245702],[4.810356503226834,46.59809263578359],[4.810391207305366,46.59805570016136],[4.810443008720505,46.598002462341164],[4.810634536456842,46.59782101191481],[4.810695954740656,46.59777014381706],[4.810733339776706,46.59774703602232],[4.810777050861408,46.59771770364157],[4.810852301204866,46.59767021945163],[4.810921833980426,46.59761976333206],[4.810999558067072,46.59754846222577],[4.811091900790145,46.59748062265158],[4.811294036209755,46.59735889789957],[4.811332912935184,46.59733351463174],[4.811406810633078,46.59727290165803],[4.811434214188541,46.59725220316134],[4.811489708420705,46.597215748968196],[4.811521797062303,46.5971905630619],[4.811561051617225,46.59716868635208],[4.811586672049075,46.59709442611094],[4.811597553930632,46.59706020863493],[4.810543085793753,46.597251972961956],[4.809779554466987,46.597387432171985],[4.80955295568416,46.597414069666634],[4.809281064273944,46.5974421427404],[4.809240387027885,46.597507723622044],[4.809710203154218,46.5980602477893],[4.809862713740165,46.598237791827614],[4.809861703033842,46.598242761484116],[4.809785050134073,46.59837384933498],[4.809422777060298,46.59878442419928],[4.809283703793399,46.59897567176407],[4.809013328512856,46.599360115119744],[4.808848591637862,46.599593108150735],[4.808786676533752,46.599809976422634],[4.808759516268387,46.60027443024949],[4.8087341739211,46.6002982478475]]],[[[4.80907130844107,46.59001213074785],[4.808979752098624,46.590284138716136],[4.808885092422801,46.590529625800215],[4.808877874244467,46.59056009243476],[4.808901712715938,46.590943221681385],[4.808932245930401,46.591036409187424],[4.808985379569394,46.5911885038463],[4.809002306235829,46.59124966223843],[4.809122756997107,46.591693591693],[4.809230223656612,46.59193552548954],[4.809332748346704,46.5919462449386],[4.81042881543211,46.59151551471961],[4.810875379838794,46.59144108399989],[4.811084555203943,46.5913823848863],[4.81127162264328,46.59133070001781],[4.811683641272535,46.59122330748681],[4.811674564482886,46.59113509517269],[4.811670034689102,46.59108535967988],[4.811666587888788,46.59107208426385],[4.811670271677213,46.591037530255576],[4.811680265209806,46.59100413736873],[4.811731879065693,46.59089055671558],[4.811753518471602,46.59084986427043],[4.811764091535266,46.59083780812959],[4.811743804439233,46.59080138166762],[4.811732525563775,46.59076868557876],[4.811726203044007,46.59075536559139],[4.811710329970638,46.59072202164429],[4.81170345483853,46.5906881750783],[4.811694923685194,46.59066345149659],[4.811692027453611,46.590654940931735],[4.811670692851855,46.59061844096172],[4.811655035594037,46.59059157843095],[4.811652192044065,46.5905807252847],[4.811647690402739,46.59056323339652],[4.811642357327027,46.590469737949334],[4.811652580088805,46.59046678414548],[4.811641799181014,46.590366619839976],[4.811636521821841,46.59034544746749],[4.811625588947103,46.590327066578375],[4.811615473765269,46.59031362644867],[4.811561587297315,46.59024116419247],[4.811551829664181,46.590222764705516],[4.811537170228135,46.590178773607356],[4.811499849957361,46.590023097375465],[4.811512268479061,46.59001938831137],[4.811510411850113,46.58994790432395],[4.811527720382932,46.58902345089152],[4.81153400807617,46.58896507793584],[4.811538903327189,46.58887664455479],[4.811561902333959,46.58887682112993],[4.811568164931876,46.588786294568465],[4.811551038788918,46.588785935023324],[4.811565897021352,46.588690679054295],[4.811599666750933,46.58855522412429],[4.811629357172575,46.58844244058817],[4.811685485618906,46.58833896603771],[4.811796860309538,46.588168327893456],[4.811841659627642,46.588069896127884],[4.811856449552648,46.58794906207986],[4.811814102076391,46.58787389548425],[4.811592522198987,46.587849930575764],[4.811299703944807,46.58790328894917],[4.811054074802536,46.58794572267087],[4.810870123102979,46.58796898695427],[4.810801883126808,46.58797547008824],[4.810553311046587,46.58806298286544],[4.810461509654324,46.58810343338492],[4.810267906449075,46.58816647884592],[4.809952337346834,46.5882664879092],[4.809931477937076,46.58827564418562],[4.809929319208879,46.5882814426051],[4.809927692889409,46.588291465767504],[4.809953783467358,46.588455335945675],[4.809962071867833,46.58849636564733],[4.809987987444893,46.58863925292645],[4.809983105058367,46.58865743359991],[4.809961694559994,46.58870109432004],[4.809937460438573,46.588750203694175],[4.80986805200859,46.588866946946766],[4.809807307611882,46.58900066598636],[4.809681417349997,46.589143610609675],[4.809601342778708,46.58936788228698],[4.809467725151029,46.589581020997365],[4.80907130844107,46.59001213074785]]],[[[4.809760561092925,46.596246582992656],[4.809748067699362,46.59626380307729],[4.80967667021934,46.59634067761429],[4.809587876416916,46.596436650974944],[4.809417491423066,46.5966291141491],[4.809396008983844,46.59665106962132],[4.809371088519339,46.59672288646739],[4.809198105548282,46.59721062998958],[4.809203823818931,46.597390493545895],[4.809767974527105,46.59732997225535],[4.81050417616684,46.59719782727738],[4.811579830769443,46.597010591806196],[4.812325711547796,46.59681622564695],[4.81311483658854,46.59677482447133],[4.813334681425697,46.596722077256324],[4.813309859103921,46.59669472957988],[4.813252215632388,46.59663133426995],[4.813234988513246,46.59661233264132],[4.813219781414749,46.59660689916619],[4.813176543793896,46.59659155173083],[4.813085170725889,46.59655895287032],[4.81296788754782,46.59658008381932],[4.812867671619847,46.59647422006257],[4.812857553341885,46.59646465297113],[4.812795575722935,46.5964750910137],[4.812764914884401,46.59648034986483],[4.812596470555357,46.59637376441425],[4.812496361924837,46.596310320257984],[4.812477810914729,46.596298634907285],[4.812422841586695,46.59624879701194],[4.812414942885886,46.59621956012811],[4.812405754226237,46.59620259278412],[4.812400297445317,46.59617998222311],[4.812426106708166,46.596142826417115],[4.812458888684891,46.59606394925313],[4.812463971778167,46.59605179981882],[4.812535271657746,46.5959799687752],[4.812640683557794,46.595920207202916],[4.812796937743263,46.595880536375795],[4.812808754489774,46.59586656906745],[4.81283116886551,46.595805959375106],[4.812874945101492,46.595688449385335],[4.812880211280758,46.595673955286074],[4.812835283573553,46.59567844925385],[4.812797347937272,46.595637889033185],[4.812795587294508,46.59563602549119],[4.812695456055273,46.59552871918214],[4.812650332514258,46.595480256705464],[4.812606168155391,46.59543313003823],[4.812552648401458,46.595375793694835],[4.812953555250757,46.59524776747271],[4.812926593386529,46.59521892244572],[4.813321751119551,46.59502820909585],[4.813236033403661,46.59489860858394],[4.813111242072946,46.59471387502975],[4.813049124394909,46.594621999172794],[4.812988521359196,46.5945324410528],[4.81331805967149,46.594427249365296],[4.814015247496279,46.5942040102943],[4.814012335437629,46.594120564133014],[4.81399244025924,46.594001900495186],[4.813974261951178,46.59390338471065],[4.81394606003969,46.59380989131296],[4.813904313167298,46.593807850508874],[4.813874186921572,46.593727177114566],[4.81384927741715,46.59368542018567],[4.813833925798296,46.59366386706188],[4.813809020616319,46.59363399892597],[4.813638398974647,46.593469716467126],[4.813584015370634,46.59341779830834],[4.813463322718079,46.593277583473125],[4.813482464855007,46.593267823305965],[4.813459905963044,46.593241700766534],[4.813420697103521,46.593206024541736],[4.813351491967222,46.59315235948788],[4.813327250588472,46.59312671389957],[4.813308916894355,46.59310583839602],[4.813279445752157,46.59304478912952],[4.813260198685193,46.593051398573536],[4.813221505781843,46.59298806348663],[4.813195357505698,46.59294047166836],[4.813183025024077,46.59291148515138],[4.813167465830197,46.59287192179065],[4.813147227408372,46.59280955544302],[4.813126127560332,46.59274486098281],[4.813111077940055,46.59268529463],[4.813072510803906,46.592555127645596],[4.813064047444031,46.592540310478725],[4.813000438941963,46.59244674692155],[4.812956591085445,46.5923816019457],[4.812918046515957,46.592307006013414],[4.812896188021447,46.592313656740146],[4.812798152918664,46.59218280982405],[4.812768467389221,46.59214274948184],[4.812743334897759,46.59208640496837],[4.812710954511666,46.592028193694894],[4.812701613558006,46.59200663535392],[4.812675951859964,46.59193832026575],[4.812654380293115,46.591941814055296],[4.812632923282471,46.59189775054868],[4.812611543242846,46.591808922423574],[4.812589017349586,46.5918072974763],[4.812505096646039,46.5916529895886],[4.812371189318478,46.59153946256107],[4.812195443738862,46.59140930454626],[4.811887474172403,46.59147119002821],[4.811881363899627,46.59144462681532],[4.811863977547429,46.5913854575498],[4.811705518950994,46.59137031129404],[4.811570080509512,46.59137164323489],[4.81125670415189,46.591455588930685],[4.81089350726155,46.591491144896864],[4.810875140362545,46.591492786334726],[4.810457599806592,46.59155604022254],[4.809928895417816,46.59176524696822],[4.809395478150781,46.5919782184136],[4.80938277703923,46.59202453344445],[4.809556559831512,46.59217832428079],[4.809574130001169,46.59219200705676],[4.809609087375868,46.59223351602837],[4.809662862468135,46.59230264844159],[4.809735596863153,46.59239579934936],[4.80992619148121,46.592642543441116],[4.809969376587139,46.59269572106817],[4.810005493018014,46.592740634156634],[4.810125027729739,46.59289348018816],[4.810242238385937,46.59304321048755],[4.810466173565072,46.59333373973607],[4.810752547159159,46.59368659855676],[4.81083066275067,46.59384712398909],[4.810867525901786,46.59392228756208],[4.810877894383101,46.593947252341245],[4.810949274060281,46.5940898707811],[4.810831152815268,46.59467861576259],[4.810728923202018,46.59521099746907],[4.810693623206769,46.59537133457282],[4.810658084208035,46.59539882649294],[4.810544325295687,46.595478713074286],[4.810089196760264,46.59567378699525],[4.809997238807934,46.59577278293529],[4.80981878987108,46.59615091234451],[4.809760561092925,46.596246582992656]]],[[[4.810247710150303,46.60309451362869],[4.810176432460045,46.602959188660286],[4.810120215537034,46.6028405582329],[4.810106422270945,46.60282267274952],[4.810056666883262,46.60272150323502],[4.809940155039768,46.602719111171986],[4.809734230738846,46.60277082083729],[4.809714077525056,46.602777804195696],[4.809496553643378,46.602865813522946],[4.809265508693138,46.60295592739852],[4.809192550281001,46.6029822084356],[4.80917258924322,46.603030349236484],[4.809272467264138,46.60322808974427],[4.809410801033358,46.60365876619148],[4.809469407695519,46.60390822638899],[4.809475669296276,46.60395505232919],[4.809571977629606,46.604285067172604],[4.809628494492793,46.60448736524266],[4.809709463927033,46.60452508502888],[4.810162310742792,46.60445164053374],[4.810360148850008,46.604349170202795],[4.810433805147802,46.604249562950436],[4.810522379018592,46.60413485881894],[4.810764601806534,46.60381507523945],[4.810677119647277,46.60372693159906],[4.810614446916365,46.60366568602026],[4.810550406657752,46.60356726438168],[4.810520353516283,46.60352414701073],[4.810391986381823,46.60331866170385],[4.810247710150303,46.60309451362869]]],[[[4.80996525048733,46.582962224237136],[4.809967007777978,46.582995431286804],[4.809979529042268,46.583116644056425],[4.809979892986072,46.58325723332736],[4.810414194455629,46.58305176902147],[4.810676083802978,46.58292153374497],[4.81071653818496,46.582896755978595],[4.81076943761369,46.58285340765849],[4.810789852203868,46.58282309240202],[4.810845046394347,46.58273485423349],[4.810844203696097,46.58270559568476],[4.810849198364276,46.582639767556756],[4.810862004511337,46.58262812647805],[4.810872777981237,46.58260643000594],[4.81085877968943,46.58244480042706],[4.810917214536456,46.58234011870576],[4.810951599013715,46.582262477259796],[4.810919229380735,46.582204355387596],[4.8108753599027,46.58213038339839],[4.810979612021399,46.582095409653455],[4.811174061099184,46.582019199349645],[4.811276948567967,46.581986408528984],[4.811300073264382,46.58197082133888],[4.811383547649468,46.581990576572416],[4.81142014868932,46.58199134855315],[4.811663878407085,46.58193975675151],[4.81181147678329,46.581919858173116],[4.811898230210748,46.58191254094136],[4.812168100921901,46.58185359919778],[4.812278858728757,46.581845361356876],[4.812358668470475,46.58183743313702],[4.812422604172411,46.581831377344876],[4.812446951089973,46.5818250475089],[4.812464612615802,46.58181801288699],[4.812533706332506,46.581770714595415],[4.812575945169487,46.58177211749736],[4.812636501277884,46.581766565421084],[4.812690116873449,46.581760492718836],[4.812801568122057,46.58174170550656],[4.812896160829481,46.581726607670205],[4.812996592562505,46.58171033649104],[4.813093709345661,46.58169258656911],[4.81317263508198,46.58167773658545],[4.813194831344626,46.581673512194655],[4.813245324040654,46.58166388598776],[4.813334619257152,46.58164661999225],[4.813406374636487,46.58163611656973],[4.813458298779958,46.58163025042769],[4.813554167893413,46.58162602998123],[4.813658572745358,46.581619242429866],[4.813705829802794,46.5816144408422],[4.813817882035877,46.58160194782882],[4.813996945812301,46.58158163801714],[4.814108816355134,46.58156761644929],[4.814229135453246,46.58155625299543],[4.814282007693923,46.581563161028534],[4.814301271490108,46.58156501740415],[4.81434259185853,46.581562381172304],[4.814413632676529,46.58154612412131],[4.814456561774032,46.581536887433224],[4.814872437684869,46.58144572303188],[4.815064230456147,46.581403683655424],[4.81554638561272,46.58126715288967],[4.815484565341488,46.58113294186702],[4.815465286246914,46.58109145625228],[4.815420093709953,46.58099363900553],[4.81541076251085,46.580964515030495],[4.815399139910186,46.58094110163555],[4.815367603415895,46.58085324547103],[4.815344337232792,46.58079795266278],[4.815331671548885,46.580747175290504],[4.815321744526384,46.580696264428774],[4.81528870337941,46.580637704024106],[4.815254964506352,46.58057780366025],[4.81523457836164,46.58054228001199],[4.81520348222177,46.58048720137898],[4.815159867895066,46.580409263922604],[4.815135611778932,46.58037127972043],[4.815051659341679,46.580168697859776],[4.815010069781337,46.58007703799662],[4.814956214414249,46.57997791681847],[4.8149218655691,46.57991145110509],[4.814920342454055,46.57989319155281],[4.814906774012403,46.57988584096335],[4.814884752725044,46.57979342053553],[4.814870627611166,46.57975761744618],[4.8148295503214,46.57970089557762],[4.814785592046652,46.57961260567824],[4.814731138857629,46.5794994433496],[4.814513596349705,46.57954468246025],[4.814384813603787,46.57958806429117],[4.814317067668884,46.57960120686601],[4.813913268543791,46.57967416467528],[4.813723442255142,46.57971626113714],[4.813686538032071,46.57971810667423],[4.813563546058676,46.57971969461154],[4.813506920877215,46.57972554522529],[4.813344575073648,46.57974955256642],[4.813262170868565,46.57976184585213],[4.813255283447694,46.57975114683647],[4.813064133933428,46.57976137928144],[4.813013940050733,46.579772081516815],[4.812953038153853,46.579775027350735],[4.812896046819505,46.579777731098616],[4.812807242717808,46.57978219945626],[4.812667158890378,46.57978045434491],[4.812526624797401,46.57978087780802],[4.812436167117743,46.57978276009959],[4.812368020188336,46.579787801791085],[4.812281503964031,46.57980214093893],[4.81220212911219,46.57981519611354],[4.812166668139913,46.579821161415865],[4.812121405047979,46.57983088454089],[4.812051759908866,46.579845857167946],[4.811935812290866,46.57988642111206],[4.811893152011431,46.57990763158051],[4.811801939335894,46.57996140412861],[4.811718804504226,46.580010635480505],[4.811629736932453,46.580046450533935],[4.811556134886716,46.58007598630835],[4.811540305800845,46.580087044839026],[4.811513859001205,46.5801126821365],[4.811435093841206,46.58013230204045],[4.811387604459753,46.58014971581692],[4.811316833618328,46.5801819086628],[4.811187622212534,46.58022430286897],[4.811129272240561,46.580249003656576],[4.810987827999781,46.58028492614759],[4.810944348993752,46.580309031355256],[4.810769604926795,46.580357008874934],[4.810602974656145,46.58040152532355],[4.810516100625793,46.58042478543823],[4.810440730341204,46.58042867924472],[4.810289227206258,46.580456743915725],[4.810226419970546,46.58046133962157],[4.810066271082578,46.5804611694761],[4.809890284406223,46.5804639514797],[4.809842957314165,46.58047055395791],[4.80981767287935,46.58047617752715],[4.809789801302136,46.58048256252268],[4.809757857861658,46.58049612719006],[4.809730395139954,46.580510881969225],[4.809658088724764,46.58056372345158],[4.809563337260554,46.58063295159933],[4.809348074640446,46.58077847969491],[4.809325208009072,46.58079397234834],[4.809219010964709,46.58082933562021],[4.808853182179245,46.580948690457],[4.80887075615771,46.58112377383172],[4.808880105406928,46.58118892491324],[4.808942496165417,46.581419412157274],[4.808956026783477,46.581453153756236],[4.808985730819786,46.58150582416131],[4.809011401545998,46.58155504565841],[4.809057431349188,46.58166266935397],[4.809088252691623,46.58170964784185],[4.809246722722198,46.58191465894678],[4.809294136337493,46.58196957132546],[4.809392498686597,46.58207177451143],[4.809504586397352,46.58218997282154],[4.809688635779768,46.582390255871104],[4.809881163149829,46.58259797028311],[4.809900969934476,46.58258865047543],[4.809924335272841,46.582623497453156],[4.809954891656393,46.582693897402514],[4.809970303505207,46.582744902070445],[4.809969255343172,46.582835166060185],[4.80996525048733,46.582962224237136]]],[[[4.811020199189544,46.6054520538169],[4.811023265270978,46.605383194223485],[4.811039313783052,46.605347093867096],[4.811051548181689,46.60532204197283],[4.811096418674542,46.605221358281305],[4.811144945112344,46.60522266258122],[4.811071012387428,46.605388563888894],[4.811057454871935,46.605589807578205],[4.811054427883788,46.60567947200744],[4.810941948985148,46.6059751385433],[4.810631888490779,46.60599634196534],[4.810588726089717,46.60602665619899],[4.810568824626411,46.606214039677916],[4.810854899843016,46.606190693739634],[4.81149209004791,46.60614279107219],[4.811822410139627,46.606117752284575],[4.811826539262782,46.606135790426315],[4.811986094356689,46.60613155541787],[4.812036555583397,46.60612814526847],[4.812061067384992,46.60622061652451],[4.812085798123153,46.60631965919683],[4.813190595711803,46.606178155043104],[4.81364184715054,46.60608400681287],[4.813878071421764,46.606007942766546],[4.81411295321227,46.60590731119593],[4.814078811004864,46.60585534283963],[4.81403594888573,46.6058240478346],[4.813964933074486,46.60576752955358],[4.814012299801884,46.60575362969222],[4.814156764965874,46.60588869402536],[4.814393530427665,46.60620513224918],[4.814460981930891,46.606221356723616],[4.814848543831057,46.606110199115314],[4.814855534001172,46.6061081969626],[4.81491799060752,46.60608829336933],[4.815083653553752,46.605879325032376],[4.815147406643019,46.60578860809426],[4.815155297495348,46.60577443260373],[4.81514849643214,46.60575076268082],[4.814992351811814,46.60550852473876],[4.814938771580177,46.60542624182493],[4.814709638695473,46.60517408167893],[4.814460383295248,46.604718147991235],[4.814428928851828,46.60466055300416],[4.814367751132814,46.6045463263219],[4.814292939340693,46.60440727692513],[4.814194741949457,46.604088103563],[4.813131159715867,46.60401802891103],[4.812548587437019,46.60393943346344],[4.812140387844964,46.60393283220934],[4.81190871156474,46.60395297935409],[4.811513305942642,46.60408730839753],[4.810966406344619,46.604326617447526],[4.810661754569403,46.60439619159868],[4.810512429182422,46.6044249414908],[4.810481773808996,46.60443443270671],[4.81041691255992,46.60445275069323],[4.810322054226827,46.60448856536559],[4.810275993773745,46.604502443063545],[4.810111198819145,46.60452972562649],[4.809887198078187,46.60456857132007],[4.809797074499081,46.60458566689146],[4.809624287778195,46.60461235447525],[4.809529770028377,46.604626997379356],[4.80951019253289,46.60471025824411],[4.809522674197348,46.60477121648627],[4.80953374942615,46.604844896374516],[4.809555144962539,46.60491454035412],[4.80959620383604,46.605037103225804],[4.809623394149528,46.60503343127627],[4.809706145805565,46.6052190127362],[4.80990361815782,46.60563974755969],[4.809957400169443,46.605716535439875],[4.810221874280034,46.60606920130685],[4.810363254830995,46.60620215741891],[4.810483635166502,46.60619097799482],[4.810528084126296,46.606163975945],[4.810542759924231,46.60597271212439],[4.810870250829363,46.60594907179175],[4.810917634634883,46.60591995164957],[4.811017017121955,46.605694113903866],[4.811017533661884,46.60558791685559],[4.811016185283906,46.605527773479025],[4.811020199189544,46.6054520538169]]],[[[4.810456304945791,46.58035890098922],[4.810512737054157,46.580358999397916],[4.8106353484973,46.580349855122186],[4.810702862093644,46.580337529036555],[4.810931730729359,46.58028311139853],[4.811187025500173,46.58019459007818],[4.811411942526736,46.58010780971741],[4.811583834211662,46.58003303624629],[4.811683257864217,46.579990482445325],[4.811777001686437,46.579946036950005],[4.811932329323896,46.57986026662084],[4.811963572432656,46.57984923430084],[4.812062608969562,46.57982253814656],[4.812149852058567,46.579798640517375],[4.812193474877265,46.57979065462266],[4.812189734987678,46.57976855723627],[4.812108103715762,46.57956863866577],[4.812032593434854,46.57954866789663],[4.811923870023786,46.57953940030695],[4.81155740576748,46.57951754844129],[4.811397954850009,46.57951079423977],[4.811388886883848,46.57950913635352],[4.811355841847196,46.57951704466754],[4.811301337174483,46.57951988841981],[4.811254938150656,46.579530800050634],[4.81122640371983,46.57954079858833],[4.810823307614819,46.57965462490649],[4.810729636588438,46.579665923679165],[4.810615959937095,46.579672675104725],[4.810497873883375,46.579668597992125],[4.810186518043349,46.57974062115145],[4.810094928892808,46.57975954220992],[4.810032291649708,46.579784940690686],[4.809997225545511,46.579802787964276],[4.809945004032759,46.57984288284994],[4.809918819561129,46.579864642727934],[4.809910020225831,46.579878922396546],[4.809892919394946,46.57989495450223],[4.809888999515466,46.57991456107718],[4.8098908347861,46.579930473984525],[4.810002054770176,46.58006588838186],[4.810045944897043,46.58012878208159],[4.810087501976468,46.5801882900899],[4.810140304698566,46.5802481607003],[4.810208116364828,46.580311576823874],[4.810201048993092,46.58032294697641],[4.810266414741876,46.580352086081774],[4.810292360157129,46.580354558021455],[4.810456304945791,46.58035890098922]]],[[[4.810733379747546,46.58742426112012],[4.810690032220246,46.58732290038298],[4.810899532071441,46.58723123157472],[4.811274756060358,46.58706722911763],[4.811212164041899,46.586996075282194],[4.811189468370659,46.58700499064326],[4.811104248415701,46.586921224965245],[4.811117231014498,46.586910932100714],[4.811012127364686,46.58676353309506],[4.811026680984126,46.5867572684201],[4.811014299019234,46.58674242301473],[4.811002463297655,46.58672828950711],[4.810921977220972,46.58675144871748],[4.810907194130937,46.58673511013028],[4.81088522135567,46.58671077918834],[4.810923591778677,46.586693960283554],[4.810906851900371,46.58665414509154],[4.810848333518798,46.586528706164174],[4.810874039317507,46.58652388635851],[4.810868673989477,46.58650397627785],[4.810839303103576,46.58639077588334],[4.810821066032948,46.58634522005144],[4.810788016099513,46.58626279075377],[4.81076333039913,46.58625507506398],[4.810741432150986,46.58622119578962],[4.810718576847115,46.58616247308496],[4.810710849418003,46.58614224007945],[4.810719455560447,46.5860160999118],[4.810740321161369,46.5859914518071],[4.810739994144879,46.58598947549871],[4.81071825178103,46.58588173860915],[4.810685030896317,46.585880552645406],[4.810646473694373,46.58579748985343],[4.810578020002017,46.5856757205139],[4.810547549857404,46.58558442376648],[4.810465900981578,46.58560399838078],[4.810291459672666,46.58561053912643],[4.8102887317522,46.5855874349707],[4.810213576517635,46.58559015423657],[4.810114942616061,46.58560180098758],[4.810105444210328,46.585602941874996],[4.810018786437884,46.5856133184207],[4.809951006438836,46.585609976496194],[4.809895233692707,46.585610227571976],[4.80981425567064,46.585610696860584],[4.809774054395704,46.58564708892929],[4.809746987528987,46.58568561514896],[4.809692737539792,46.58625425630526],[4.809630556153168,46.58654507528835],[4.809634771112587,46.5867386531799],[4.809662726272077,46.586817200337435],[4.809691824834806,46.5868987016361],[4.809770005697999,46.58701050041292],[4.809929322894124,46.58696150772491],[4.810032007693909,46.58707553097607],[4.810100179164278,46.58705130612485],[4.810145955278892,46.58710002942644],[4.810171682631928,46.5871272733723],[4.810173082975468,46.5871261704294],[4.810177871467335,46.5871326696406],[4.810021880846633,46.58720313615034],[4.80996601752449,46.587224284258795],[4.810357086895968,46.58739913747623],[4.810488332698814,46.58734275196213],[4.810578400626707,46.58730521095393],[4.810588118479825,46.58732244027597],[4.810675772918591,46.58745975783238],[4.810741803943658,46.58744187115478],[4.810733379747546,46.58742426112012]]],[[[4.812564350263353,46.60280028698092],[4.812514565492237,46.60281998883678],[4.812332944919909,46.60294220135045],[4.812240794424587,46.60300427440039],[4.812079426920412,46.60319317589181],[4.812060903348182,46.60324516737276],[4.812053749507696,46.60328148746735],[4.811963623183773,46.603318039301506],[4.811566117099998,46.60345978733658],[4.811383646233407,46.60352517946215],[4.811297100162031,46.60357509411583],[4.810972665557553,46.60376080808125],[4.810935267504207,46.60378364586752],[4.810855410585825,46.60388929591838],[4.810655834978078,46.604127975810634],[4.810461367074535,46.604359189100734],[4.810496310250139,46.60438430588091],[4.810681086308207,46.60434094519937],[4.810756818015101,46.60432335589074],[4.810930604357726,46.60427962812133],[4.811307861244676,46.60411820777088],[4.811479687561908,46.60404703972399],[4.811661272765358,46.60398247208824],[4.811879044686296,46.60390580319942],[4.811900329849435,46.60390141350071],[4.811951007407081,46.60388494022342],[4.812089805107772,46.6038579761675],[4.812126659799943,46.6038541507239],[4.812145755833564,46.60385465922704],[4.812247438942608,46.60386295791173],[4.812557004162059,46.603890033643644],[4.812747582568537,46.60391502866479],[4.812856722357934,46.60393140490277],[4.812980283316353,46.60394917399543],[4.813015143953532,46.60395609779835],[4.813141572444812,46.60397364119833],[4.814197273634035,46.6040464525042],[4.814068954553893,46.60363904007928],[4.814115032873978,46.6036218280643],[4.814154331303301,46.6037265840916],[4.814177748694448,46.603782234900294],[4.814281865287186,46.604071232149614],[4.815047995110216,46.60386229860566],[4.815234550737783,46.60381367840325],[4.81516330467674,46.60366403518367],[4.815083989963359,46.60357414416384],[4.814969367553293,46.60347958865405],[4.814923192026858,46.60343510663191],[4.814814175871684,46.60332839316046],[4.814788969976982,46.60330141212652],[4.814670558011211,46.60320682630202],[4.814649380047357,46.603186986790405],[4.814604179327342,46.60314429054303],[4.814568062630413,46.60311144781655],[4.814516448766424,46.603064529911315],[4.814430339786245,46.6029863647357],[4.814682596361147,46.602878161058314],[4.815403781199631,46.60257599687172],[4.815414420485194,46.60258546542714],[4.815616321010907,46.602734478689676],[4.815708858433493,46.602836859209646],[4.815783028216398,46.60291746439149],[4.816021818015143,46.6028482901079],[4.816106030113831,46.602795166380695],[4.816240466527987,46.60271206449437],[4.816392928853775,46.602613094988456],[4.81643585158545,46.602599264533765],[4.816509759299432,46.60257413463621],[4.816481683056249,46.602512073311345],[4.81646075044378,46.60247610822287],[4.816446293139278,46.60245796379907],[4.816411452113501,46.602381148661436],[4.816372852683076,46.602324838345616],[4.816367842550564,46.602303932157746],[4.816333060020079,46.602217118620764],[4.816313094948096,46.602202303934234],[4.816296580725651,46.60216951117056],[4.816284438403492,46.602150249213736],[4.816250997141753,46.602142763505945],[4.816214964432105,46.602120277672284],[4.816188991570414,46.602105558225176],[4.816171146675988,46.60210728224476],[4.816097677445147,46.60204765183742],[4.816068580384487,46.60202154337627],[4.815915509257404,46.601937775985796],[4.815863389927177,46.60191878749017],[4.81562218122806,46.602001509923824],[4.815616326462575,46.601998360312265],[4.815554998172134,46.60193052115004],[4.815562852128802,46.60189959371551],[4.815249780093618,46.601982553735304],[4.815218586483063,46.60199151438555],[4.815107738705675,46.60203353097433],[4.814745224043227,46.60216996230473],[4.81486905179138,46.60225068196727],[4.814880887391189,46.602260762084995],[4.814789276985687,46.60228013691131],[4.814598496547265,46.602194083086964],[4.814586986697142,46.602197687973884],[4.81446702113977,46.602236696022125],[4.814006763280473,46.602385030962544],[4.813893121591058,46.6024216865694],[4.813840635497107,46.60243872978248],[4.813820909808713,46.60241931746212],[4.813255565961259,46.60261020375323],[4.813128407527419,46.60265301697867],[4.812937482051506,46.60271161033028],[4.812869703690658,46.6027324978036],[4.812605664845982,46.602785222489],[4.812564350263353,46.60280028698092]]],[[[4.814328820692236,46.60433114237986],[4.814351360183182,46.60439572369286],[4.814562086032427,46.604781835554434],[4.814753673407455,46.60513474531971],[4.814766216699677,46.60515427127778],[4.814855401231976,46.60525400358505],[4.81499132775561,46.60539946981129],[4.815213258707116,46.60576081469743],[4.815072829320576,46.605970103952465],[4.815235358983339,46.605914028743776],[4.815289705156851,46.60590172902495],[4.815294646020137,46.605904893139694],[4.815596681820888,46.60581949639672],[4.816816406266533,46.60541016731882],[4.818672688309128,46.60478653806445],[4.818407519421201,46.604563148192454],[4.818287460638731,46.60447039347188],[4.818137348780414,46.604362083698206],[4.818059561139425,46.604145986388694],[4.818024744207641,46.6040504373715],[4.817852734409326,46.60409630942304],[4.817457078409828,46.604203192700005],[4.817190590916517,46.603924429765634],[4.816739660810745,46.60401966810383],[4.816688494940493,46.604029306166],[4.816551158283037,46.60380640656647],[4.816322133079253,46.60344787861934],[4.816254610745979,46.60342553183869],[4.816219396051564,46.60343149422622],[4.815304032560698,46.603667569343074],[4.815275180216395,46.603715401853485],[4.815318466545696,46.60378685957576],[4.815316302414132,46.60387867219774],[4.815437602475978,46.60398140771183],[4.815478769020769,46.604012819134375],[4.815553781787937,46.6040520703276],[4.815504196730918,46.60408167768689],[4.815419210988895,46.604037270563836],[4.815306239846569,46.60393350236579],[4.815247702192888,46.60387885866796],[4.81523319696442,46.60387494544984],[4.815159294275912,46.60387287415237],[4.815118596589575,46.603886848980096],[4.814255768298757,46.604107672296266],[4.814287726225137,46.604203898105496],[4.814328820692236,46.60433114237986]]]]}},{"type":"Feature","properties":{"dt":"Mâcon","type_prod":"Vins","categorie":"Vin primeur, Vin tranquille","type_denom":"appellation","signe":"AOC","id_app":583,"app":"Mâcon","id_denom":1713,"denom":"Mâcon - rouge exclusif","insee":"71193","cvi":"1B369, 1B369 01, 1R371, 1S371, 1S371 01","nomcom":"ETRIGNY","insee2011":"71193","nomcom2011":"ETRIGNY","id_aire":1782,"crinao":null,"grp_name1":null,"grp_name2":null},"geometry":{"type":"MultiPolygon","coordinates":[[[[4.798587148901917,46.57592552255735],[4.798668436678743,46.57619183489321],[4.798747960777656,46.576649837674566],[4.798792422334037,46.57685305104506],[4.798869275303754,46.5772064377189],[4.799094226131182,46.57775681572621],[4.7991822042544,46.577928992513684],[4.799303739409354,46.578160086156615],[4.799364707845008,46.57827774635182],[4.799481991063647,46.57849080315249],[4.799682329674255,46.578861342631754],[4.79975434908095,46.57883120896584],[4.799764488962729,46.578845550376116],[4.799904684121391,46.57880335673506],[4.799889004141464,46.57878342820226],[4.79996549816742,46.578758267814244],[4.799976594521214,46.5787541304151],[4.799964063853221,46.57874649157355],[4.79996008145404,46.5787406097526],[4.799959526100274,46.57873566479301],[4.799962691219259,46.578728679867666],[4.799971170611848,46.57872440347605],[4.799982362205021,46.57872314672605],[4.799991483269424,46.57872642588123],[4.799998720495065,46.578731986329636],[4.800001706535953,46.57874328783929],[4.800047044464048,46.578727894118735],[4.800078268015616,46.57876757315117],[4.800133619606861,46.57883380288752],[4.80024189247145,46.57895990573261],[4.800237972697992,46.57903886614355],[4.800080326718437,46.579098447295465],[4.799911076630786,46.579162623934046],[4.799872684303444,46.579178719011516],[4.799989145788243,46.5793273002012],[4.800083972165737,46.57931139865329],[4.800169735962267,46.579230791207586],[4.800299656432424,46.57915831596326],[4.800381840568264,46.57912351872095],[4.800404006635778,46.57895645595949],[4.800421533339141,46.5788268439899],[4.800438731879211,46.578734705090966],[4.80044784477858,46.57871798944039],[4.800631202308677,46.57863809856193],[4.800734236227259,46.57874005529608],[4.800539374734149,46.578815713958974],[4.800835250197107,46.57914025592968],[4.80085767807201,46.579162780216336],[4.801064566950676,46.57907162042236],[4.801228871328625,46.57900013435384],[4.80144724987098,46.57890492020291],[4.801503270760406,46.57888080143845],[4.801556090736857,46.57883889971892],[4.801636012296829,46.578779188558066],[4.801699316711813,46.57873045682002],[4.801750264544018,46.57869119641266],[4.801757912820269,46.5786854918911],[4.801752396405591,46.57868062500841],[4.801710486370825,46.57863381914129],[4.801650519137695,46.57856631176147],[4.801657197490008,46.57856287418754],[4.801622252508901,46.578525235603934],[4.801597011009694,46.57849663117111],[4.801581446152715,46.578476250713294],[4.801621718041541,46.57843409606417],[4.801645788700738,46.57842732252762],[4.801675233513316,46.578448745501824],[4.801792815122652,46.57839033299766],[4.801812767207609,46.57838146262814],[4.801846802462046,46.57842713144865],[4.801844527061967,46.57842941893669],[4.80194124490558,46.57850229226056],[4.801972193895251,46.578521800077034],[4.801985033568587,46.57853087491388],[4.802068351471322,46.578471200046025],[4.802115469303087,46.57843857465103],[4.802298136885134,46.578310325838395],[4.802382774498219,46.57825108029002],[4.802405808351092,46.578236667203086],[4.802626163797179,46.57812241541354],[4.802713672297519,46.57807888616396],[4.802750897016642,46.5780630786914],[4.802819570711376,46.57803848982809],[4.802906006604267,46.57800596551244],[4.803052630874383,46.577952948703356],[4.803287710489027,46.57786530373871],[4.803382180153925,46.57783085117481],[4.803466479569752,46.57780088195805],[4.803526762441585,46.57777930698102],[4.803545470497964,46.57776838435131],[4.803550622465162,46.57775830573425],[4.803553928195438,46.577743752839766],[4.803547440159324,46.577713502394786],[4.803522581982848,46.577657061566384],[4.803459472084319,46.57752232440292],[4.803449200928673,46.57750798537253],[4.803406399038912,46.57745398877841],[4.803389532639925,46.57744164503905],[4.803323582989613,46.577390715037836],[4.803286844719103,46.57736598480372],[4.803247994532525,46.57734453024065],[4.803240428136636,46.57734086658958],[4.803009998883491,46.57721786115177],[4.802876945322148,46.5771442099008],[4.802737596100857,46.577069756958025],[4.802598730695186,46.5769941253596],[4.802468432213606,46.57692475349577],[4.802399256765267,46.576878917528546],[4.80233800357098,46.57683565882212],[4.801763721385504,46.57642993856399],[4.801191443557546,46.57597005362212],[4.800411358596856,46.57549388949866],[4.799585895707172,46.57567151040217],[4.799544593726234,46.5755797507201],[4.798541796931885,46.57577438187318],[4.798587148901917,46.57592552255735]]],[[[4.79857534757627,46.57631551838838],[4.798555899357981,46.576201258555685],[4.7985189523968,46.57608709347669],[4.798419216951222,46.575776307475635],[4.798328994144689,46.5757416077876],[4.797461391337672,46.576031738422834],[4.796537465251095,46.576348955662475],[4.796509527358173,46.57638893348906],[4.796734885000475,46.576627947626676],[4.796778420759449,46.576668785302395],[4.796927403632903,46.57680983384325],[4.796971438093637,46.57684994308514],[4.797031281348784,46.57690601624713],[4.797182229873262,46.5770511767022],[4.797397260859741,46.57721460529994],[4.797870343408499,46.577380646540476],[4.79875260666976,46.57722529342876],[4.798696379105181,46.576962460354686],[4.798629753518303,46.57666952805662],[4.798594016208282,46.57643780643565],[4.798583255676284,46.57636907414788],[4.79857534757627,46.57631551838838]]],[[[4.801953380465492,46.57901098065185],[4.801872043935314,46.578945070637545],[4.801857800125177,46.57895277037363],[4.801785164721927,46.578983995877024],[4.801705247904509,46.57903596128908],[4.80168043348483,46.57905184331773],[4.801544025943176,46.579145317809854],[4.801488935123797,46.57918176115169],[4.801441187348443,46.579215116716576],[4.801401469589116,46.57923456565065],[4.801284018758009,46.57928910276447],[4.801240434979968,46.579310143603465],[4.801143713728396,46.57935561793726],[4.801027067516258,46.57941869849617],[4.800875345699994,46.5794954804311],[4.800892949654894,46.57954591132217],[4.80091183332536,46.579603437383184],[4.800935017701593,46.57969620209957],[4.800950038498045,46.57975541012199],[4.800953268028963,46.579766167376015],[4.800992329148781,46.579951901799454],[4.801004669980071,46.58002880512062],[4.801010829052082,46.58016759170796],[4.801022859807281,46.58018379467829],[4.801089579108924,46.58025795120105],[4.801100389751935,46.580268859397634],[4.801152306496387,46.580298305253876],[4.801220380227282,46.58033443208067],[4.801256700078486,46.58035043305392],[4.801296431717908,46.580362957791124],[4.801340652339237,46.580372980079716],[4.801364149599636,46.58037648328991],[4.801399598256919,46.580377997121204],[4.801426806597791,46.58037522730141],[4.801447365617753,46.5803728322939],[4.801469398934817,46.580367622006186],[4.801508937348713,46.58035457065197],[4.801562814764834,46.58033273729152],[4.801589407441575,46.58031925913356],[4.80162092784641,46.58030074974],[4.801632525214933,46.58029201087834],[4.801753453773513,46.58020436408791],[4.801929309563733,46.58007532253504],[4.802135022536096,46.579924915183085],[4.802420465098254,46.579705071520294],[4.802670640910075,46.57950109377839],[4.802484153192434,46.57938388019888],[4.802288301692585,46.57928365627981],[4.802216285302979,46.5792270568404],[4.802068620253023,46.57910670962888],[4.80201611470269,46.57906340311829],[4.801953380465492,46.57901098065185]]],[[[4.801611862079016,46.5803583552073],[4.801477760302891,46.58043477057927],[4.801422196808942,46.58042934009198],[4.801374342206127,46.58047134372571],[4.801346691100327,46.580492314052655],[4.801335292294101,46.580522845998246],[4.801328751729412,46.58053835037176],[4.801320091057641,46.580564786218204],[4.801324307105606,46.580585615456904],[4.801322822924978,46.580603922427784],[4.80134334690366,46.58062809778617],[4.801359805317576,46.58064783374838],[4.801413161775636,46.58070103455597],[4.801473979462753,46.580699447217306],[4.801508084582309,46.58070377423723],[4.801541687814394,46.580704776661065],[4.80157314662574,46.58071202744672],[4.801632244793917,46.58076504774558],[4.801650382391381,46.58080394153906],[4.801658997653678,46.58081560476674],[4.80164396212568,46.580830972626956],[4.801591309038338,46.580870079635396],[4.80158209728488,46.580879861758504],[4.801678924730353,46.58098749950917],[4.801735270256477,46.58100075341271],[4.801773897417792,46.58109039281211],[4.801781518196104,46.581162776907156],[4.801782914232636,46.58117338285679],[4.80178609037984,46.58118251972051],[4.80181015116583,46.581203036659005],[4.801820798808843,46.581212956617755],[4.801834125559862,46.581220943006215],[4.80185382870385,46.58122819857946],[4.801903089843539,46.58124840898976],[4.801918501978404,46.581252309530804],[4.801936626552115,46.58125922966425],[4.802006075371589,46.58131316769058],[4.802032271752253,46.58132716614225],[4.802312730849646,46.5812051241821],[4.802550696120801,46.581105546742585],[4.803142741901233,46.58085493479276],[4.803340778228367,46.580721218540226],[4.80230738069214,46.579832315189904],[4.801611862079016,46.5803583552073]]],[[[4.803370029733263,46.58738464183491],[4.803399002856544,46.5874271475296],[4.803539993770145,46.587640997862366],[4.803563531061773,46.587633782060415],[4.803632332798908,46.587612703537694],[4.803862248052871,46.58754144167709],[4.803950379339675,46.58751627565224],[4.804048014664464,46.58748618627676],[4.803923899266362,46.58727702438426],[4.803898329593344,46.58723473540277],[4.803812887018982,46.58725823783583],[4.803421668143898,46.587369958283944],[4.803370029733263,46.58738464183491]]],[[[4.804019116865844,46.58793472508048],[4.803790279841937,46.58800308809846],[4.803931234296941,46.58821180472652],[4.803586462573603,46.58830216857742],[4.803606870869909,46.58833850442537],[4.803708002414323,46.58852425096141],[4.803441504284837,46.588595548160946],[4.803288573274227,46.58863650517992],[4.803290380875101,46.58874626839824],[4.803333237008601,46.58873460535184],[4.803369217442206,46.58872440157211],[4.803456959150312,46.5886992421016],[4.803474229413449,46.58872761142695],[4.803479341032993,46.588735997224155],[4.803505765447666,46.58877647149109],[4.803511901460806,46.58878817363312],[4.803541033535412,46.588835450341975],[4.803605418836672,46.588819034838096],[4.803636073835037,46.58886889948153],[4.803667150443967,46.588919658146764],[4.80333390016045,46.589010920483545],[4.803361338688622,46.58908200159343],[4.803403691676972,46.58920103367048],[4.803419572492863,46.589278151132255],[4.803917483134547,46.58912133803093],[4.804043282579609,46.58929840953268],[4.804057152691382,46.5892951287491],[4.804842261126907,46.589056959607355],[4.805625849557344,46.588820430138504],[4.805579101697952,46.5887383955948],[4.805535178291692,46.58866667421305],[4.80555221992369,46.588660551160125],[4.805467189302947,46.58851535268581],[4.80545087739862,46.58851984301463],[4.80542741005858,46.5884779715466],[4.805383601898441,46.58840183500622],[4.805382043171387,46.58839816683065],[4.805337098798386,46.58832321905824],[4.805327613716112,46.588305084977115],[4.805297723007882,46.588254668310164],[4.805272831543394,46.58821317953133],[4.805224262693929,46.58813135369107],[4.805221026647072,46.588124379473555],[4.805175575177023,46.58803412823308],[4.805152126785132,46.58798099802894],[4.805132693501728,46.58794257552743],[4.805126265448141,46.5879260144481],[4.80511567244734,46.5879020434553],[4.805095588557614,46.58785975831951],[4.805019307776636,46.58769469691399],[4.80482292097058,46.58772120974779],[4.804610567712671,46.5877744535736],[4.804381534411392,46.5878329135148],[4.804278799650796,46.58785894042863],[4.804019116865844,46.58793472508048]]],[[[4.805702134706315,46.594667909154616],[4.805828827780373,46.59492647530788],[4.805595828035437,46.59503165436501],[4.805568061757623,46.595226546661834],[4.805544415196033,46.595380213399345],[4.805552977205661,46.5954492498352],[4.805564471724843,46.59554760186291],[4.80572126526656,46.595724903524484],[4.806172596444862,46.59617082355758],[4.806421197271249,46.59654734561687],[4.806550268028306,46.5967198595606],[4.806775062884213,46.59701281398836],[4.806814166181217,46.597061103473884],[4.806921921042143,46.5971621699264],[4.806967972488479,46.597183599859676],[4.807054436024507,46.597225828112],[4.807714792264566,46.59738671476112],[4.80810482247721,46.59739460858154],[4.808398363032922,46.59736529581299],[4.808701504430782,46.597333939264736],[4.809116068107929,46.59738413396565],[4.809119281154911,46.597193861695],[4.809149234142931,46.59710440235879],[4.809294405143788,46.59670761561763],[4.809031208729153,46.59635645871942],[4.808475055073585,46.59561147103424],[4.808357446939107,46.59545372930345],[4.808108843157543,46.59484141581408],[4.808027737593306,46.59464968260589],[4.80790893466162,46.5944598053717],[4.807139702725236,46.593202811430814],[4.807005791592064,46.59299056487977],[4.806957485786372,46.59292080457469],[4.806700830577403,46.59250198910553],[4.806484519164125,46.59226330123714],[4.806338544651124,46.59217949967812],[4.8061386315865,46.592234080961504],[4.805949638336163,46.592338206682214],[4.805778655469058,46.592524459404395],[4.805732970372435,46.59257300532809],[4.80556643573774,46.59264921576222],[4.805385699957967,46.59268331833202],[4.805179803563447,46.59269151765047],[4.805242211117791,46.59279654277612],[4.805223158640463,46.59280116631493],[4.805106417934377,46.59283849281601],[4.805035808859569,46.5928604111961],[4.805297253414132,46.59318368369617],[4.805471850959106,46.593397722538334],[4.805649728303242,46.593592435082265],[4.805654460399512,46.59361298581316],[4.805671343746134,46.59370837075694],[4.805696093165685,46.59371005208242],[4.805697879231226,46.59376388397675],[4.805655364948308,46.59376626555327],[4.805655179022185,46.59445374969311],[4.805702134706315,46.594667909154616]]],[[[4.806214891052542,46.59031958414462],[4.805996174649843,46.59039787930728],[4.805856733530753,46.59044781378901],[4.805647058019053,46.59052299348769],[4.805733788455908,46.590676000857655],[4.805755457909942,46.590714838333525],[4.805773984544705,46.59075345516133],[4.805805729430199,46.590820324737734],[4.805901916988897,46.591033888042624],[4.805931761546209,46.591094662993946],[4.806040427750837,46.59134171447403],[4.806079107760366,46.591444321286296],[4.806120501958283,46.59155391050846],[4.806184066326326,46.59174889387159],[4.806244264918051,46.591913307494906],[4.806285960039128,46.59198470349218],[4.80631777359832,46.59203391871109],[4.806361072448646,46.592082772630285],[4.806378165152782,46.592101777369336],[4.806394553285218,46.592115299130676],[4.806437424455022,46.59213551845309],[4.806544589228733,46.592179762206044],[4.806727368538972,46.59225451657321],[4.806905980514019,46.59233753250709],[4.806959637525881,46.59235992320554],[4.806992659754916,46.59237075061719],[4.807068132172478,46.592389104301596],[4.807107426520246,46.592392086946475],[4.807255155118979,46.592406688378496],[4.807406801277757,46.592421227794084],[4.807555664575692,46.592414915376736],[4.807794093609239,46.59239890279534],[4.808234009269484,46.59234818508436],[4.808383892916156,46.592329336151636],[4.808186504079041,46.592058739037796],[4.808117848563191,46.59189950362306],[4.808107285362833,46.591872560208664],[4.808082561526784,46.5918165685641],[4.808081931541385,46.591813336095605],[4.808069904064991,46.591781642240925],[4.808054702763376,46.59173306588244],[4.808032610585163,46.59166190140964],[4.808023196785581,46.59163809218893],[4.807994129091315,46.59157325246426],[4.807958135720665,46.59150050609923],[4.807921298166632,46.59142200875721],[4.80788674335377,46.59135716556347],[4.8078424090899,46.5912889641244],[4.807821824418846,46.59125137083538],[4.80780469370746,46.59119976262143],[4.808048120211811,46.591157370942746],[4.808028678759967,46.591110933064556],[4.808008228590854,46.59106559191357],[4.807995749776861,46.591032103833534],[4.808042901867629,46.591023883836165],[4.80803428659094,46.59098871355447],[4.808017421893592,46.59092151956107],[4.807958957457811,46.590707182222566],[4.807712735949872,46.59074403370659],[4.807702172259284,46.59070132852285],[4.807698718581272,46.590668148284216],[4.807271444038451,46.589973899962374],[4.807178462905546,46.59000653052752],[4.807177637598434,46.590005282612296],[4.806789742687684,46.59013488519514],[4.80676124878338,46.59014235998143],[4.806624748652989,46.590186394662375],[4.806235179642962,46.59031286938473],[4.806214891052542,46.59031958414462]]],[[[4.80648567790522,46.58392198850579],[4.806353180338239,46.58381455709543],[4.806339005307954,46.58380073023194],[4.805908782479562,46.58375176472683],[4.804955313382369,46.583440575222376],[4.803869919259596,46.58322395527354],[4.803644531681246,46.58310015087536],[4.803460263661478,46.58299911585601],[4.803359072185463,46.58299260357215],[4.802849521338088,46.58293830115883],[4.802771229261871,46.582917197203145],[4.802711080965691,46.58290751626601],[4.802334654474849,46.582825986900296],[4.802208734293187,46.582759067566336],[4.801953270859235,46.58261835034726],[4.801123648126618,46.58246018587318],[4.801034495643165,46.582474017469224],[4.800829988170688,46.58253883991168],[4.800761031892491,46.582562981565836],[4.800729256763609,46.58257383899612],[4.800649887475476,46.582591209179995],[4.800572802697913,46.58260656190858],[4.800463466265613,46.582618368706115],[4.800192748934899,46.58265613015669],[4.800180581260864,46.583022894268794],[4.800255043172195,46.58338244201679],[4.800279652815464,46.5835064376535],[4.800284441798399,46.5837736812716],[4.800296343254528,46.58387680101931],[4.800653316978878,46.58456668547782],[4.800895940173229,46.584974566208025],[4.801211061054357,46.58489269251686],[4.801445331147781,46.58480722631334],[4.80171412992973,46.5847072559373],[4.801739123264174,46.58474406036125],[4.801624581824019,46.584784231147154],[4.801225863604797,46.584925514266466],[4.800918954716013,46.58501869735132],[4.801135070989564,46.585332063855574],[4.801518952321919,46.58574888965561],[4.801635576750924,46.585889991146786],[4.801872610139147,46.58618780589883],[4.802116148470151,46.58655180713563],[4.802783678442493,46.58627497166775],[4.802900544926402,46.58622998961039],[4.80295673481588,46.58619893245467],[4.802876085452717,46.58593720648372],[4.802860533384559,46.58590151458905],[4.802871769721005,46.58587395729845],[4.802808981350964,46.58579649744708],[4.802670650275668,46.58584812203213],[4.802496978089612,46.58569251810001],[4.802618072323509,46.58562927621704],[4.802628946944886,46.58564207468031],[4.802638526007299,46.58564336495604],[4.802686538671758,46.585621803623894],[4.802628275407105,46.58555868316767],[4.80270373131916,46.58552164860557],[4.80272399303713,46.58554177484375],[4.8029847932339,46.585425084903164],[4.803034211976286,46.58540260060918],[4.803091737055177,46.58537638596506],[4.803152953063495,46.58534723102411],[4.80314081084176,46.58533166049061],[4.803193567485064,46.585307412289296],[4.803226369208077,46.585343282839304],[4.803331264565918,46.58539837319198],[4.803391757712165,46.58543020491158],[4.803518439096803,46.58549621037032],[4.803582443513709,46.585531499304864],[4.803672471479731,46.585630686189],[4.803793948293941,46.585795847113026],[4.804733631861468,46.58543806542342],[4.805345449038034,46.58520739636937],[4.805647263822133,46.585149858168826],[4.805946149636109,46.58509461703486],[4.806436021811167,46.585063022195264],[4.806665086156507,46.585084627111264],[4.806695155472104,46.58502236660903],[4.806412201381273,46.584538126310505],[4.806984304731663,46.584437771438246],[4.807667347020506,46.58431485684274],[4.807656060880734,46.584297561976555],[4.806810983453318,46.58410014257447],[4.806492749748953,46.58393826916257],[4.80648567790522,46.58392198850579]]],[[[4.807602122911334,46.59244084194641],[4.80740647504769,46.592446811984594],[4.80699979817478,46.59241260922397],[4.806543987961769,46.59222462507207],[4.80677083757756,46.592473774485995],[4.807138131750756,46.5930728694964],[4.807393403456804,46.59348918399105],[4.807798756748909,46.594136222472926],[4.808102974181895,46.59462543767439],[4.808424477240785,46.595426281272836],[4.808866043107311,46.596018073669455],[4.808949503917775,46.596131140600264],[4.809055583777941,46.59626429541417],[4.809154660061697,46.59639900183677],[4.809196132823465,46.596455629346224],[4.809242249321238,46.596518308042505],[4.809331386222203,46.59664092221535],[4.809489920911354,46.59646143591809],[4.809576898611075,46.59636585159957],[4.809660360124748,46.59627455591717],[4.809692099942341,46.596242801140974],[4.809750100200265,46.59613632609507],[4.809811299490191,46.59600818437135],[4.809910530870033,46.59580963962888],[4.809940024291742,46.5957496392186],[4.810048883754995,46.59563632575004],[4.809759025454356,46.5950098965465],[4.809273398771365,46.59368232509794],[4.808435914740739,46.59234968044587],[4.808337792585844,46.592369243273005],[4.807602122911334,46.59244084194641]]],[[[4.808629600074249,46.600308905855805],[4.808684670393071,46.60025561729829],[4.808703535273638,46.5998364180343],[4.80871357817284,46.5998083386895],[4.808741240037662,46.59970099239604],[4.808781210747567,46.59957084490548],[4.808988041602153,46.59927945422962],[4.80933592128923,46.598777690268285],[4.809707964293792,46.598350479057586],[4.809760012113007,46.5982731897805],[4.809760189454257,46.59823923171695],[4.809746841641073,46.598207198635436],[4.809625989599668,46.59806220884614],[4.809175014228532,46.59752613920243],[4.809136663058259,46.59742586994696],[4.808687771834406,46.59739251954052],[4.808240005938569,46.59741661235162],[4.808098494192362,46.59742830346696],[4.807111181699828,46.597411911785116],[4.80703896294968,46.597464209258774],[4.80681910491633,46.597615207481574],[4.806757822057389,46.597741097070816],[4.806776352549177,46.59792535190577],[4.807082980984315,46.59832941835038],[4.807278168503042,46.59863157546321],[4.807305961202666,46.59876416577745],[4.807404693344155,46.59921897695089],[4.807551454648849,46.599475333175754],[4.807589977859055,46.59956902529693],[4.807640153239087,46.599706666305146],[4.807775740731527,46.600067135828304],[4.807786919525618,46.600356434472005],[4.807794042602051,46.600413514539945],[4.808489187009759,46.60037353933903],[4.808604984417668,46.60033100067732],[4.808629600074249,46.600308905855805]]],[[[4.809327286027895,46.58944750877894],[4.809298888305498,46.58944606604107],[4.809186991919859,46.58944017818168],[4.809197205746311,46.58930725783875],[4.809199713900008,46.58927659538177],[4.809154059414154,46.58927479477157],[4.809165359523194,46.589131319409546],[4.809324716745285,46.5891383488297],[4.809351799582799,46.58913954213245],[4.809569435094537,46.58914691134047],[4.809574217361805,46.58914143174153],[4.809742899258732,46.58899276723025],[4.809851588672135,46.588807942939766],[4.809889270451374,46.58874285929252],[4.809921119671897,46.58866345706602],[4.809928834939981,46.588620463146164],[4.809919072760501,46.58856261417321],[4.809813595306363,46.58856112885932],[4.809563179218023,46.58855400795389],[4.809360111536624,46.58854857020804],[4.809356263256626,46.58859393479762],[4.809348420340808,46.588692051794965],[4.809336718794647,46.58886273382251],[4.809328674505738,46.588962655337035],[4.809219315521877,46.588942676956975],[4.809205679927461,46.588673951842594],[4.809024760633085,46.58867455834222],[4.809027003417151,46.58862804825844],[4.809032687325305,46.58844530226569],[4.808875794239586,46.588445528987116],[4.808875961870521,46.5883955390661],[4.808830142720137,46.58839662308844],[4.808710433161859,46.58839536156899],[4.808518693220348,46.58840055148177],[4.808261734136584,46.588334086763226],[4.808197744279282,46.58828763180758],[4.808192349940645,46.58829041899936],[4.808173912554368,46.58837249109165],[4.808154926766947,46.588410529006566],[4.808131621053234,46.58844043901782],[4.808107971414513,46.58845999673326],[4.80809306715012,46.58846752749907],[4.808051297709956,46.58848827196961],[4.807914064197534,46.58852187207535],[4.8078760683262,46.58853823368198],[4.807861891625874,46.58854800460873],[4.807732985410053,46.58863173048425],[4.807758001623493,46.58865331195361],[4.808057870811093,46.58892211163124],[4.808242798670229,46.5890893285091],[4.808086821875166,46.589164385433186],[4.80801428706154,46.58919894556194],[4.80785952568671,46.58927128096201],[4.807977477856761,46.589416228200946],[4.808013825705509,46.589464290581674],[4.807806039825385,46.589545028680924],[4.807934030874385,46.58967360540607],[4.808150056306947,46.58959706020596],[4.808171774742791,46.58959014238342],[4.808253163289098,46.589570393503806],[4.808285292829674,46.58955439461927],[4.80834451433846,46.58953985932619],[4.808422493852436,46.589523676774185],[4.808462893520669,46.58951673408514],[4.808566174728627,46.589499251192],[4.808703611779992,46.589475644581256],[4.80870117066471,46.58954764677757],[4.80883453935989,46.58954707138754],[4.809405938238498,46.5895576791384],[4.809449334579128,46.5894954775858],[4.80947643237292,46.58945388872655],[4.809327286027895,46.58944750877894]]],[[[4.810120215537034,46.6028405582329],[4.810106422270945,46.60282267274952],[4.810056666883262,46.60272150323502],[4.809940155039768,46.602719111171986],[4.809734230738846,46.60277082083729],[4.809714077525056,46.602777804195696],[4.809496553643378,46.602865813522946],[4.809265508693138,46.60295592739852],[4.809192550281001,46.6029822084356],[4.80917258924322,46.603030349236484],[4.809272467264138,46.60322808974427],[4.809410801033358,46.60365876619148],[4.809469407695519,46.60390822638899],[4.809475669296276,46.60395505232919],[4.809571977629606,46.604285067172604],[4.809628494492793,46.60448736524266],[4.809709463927033,46.60452508502888],[4.810162310742792,46.60445164053374],[4.810360148850008,46.604349170202795],[4.810433805147802,46.604249562950436],[4.810522379018592,46.60413485881894],[4.810764601806534,46.60381507523945],[4.810677119647277,46.60372693159906],[4.810614446916365,46.60366568602026],[4.810550406657752,46.60356726438168],[4.810520353516283,46.60352414701073],[4.810391986381823,46.60331866170385],[4.810247710150303,46.60309451362869],[4.810176432460045,46.602959188660286],[4.810120215537034,46.6028405582329]]],[[[4.809969255343172,46.582835166060185],[4.80996525048733,46.582962224237136],[4.809967007777978,46.582995431286804],[4.809979529042268,46.583116644056425],[4.809979892986072,46.58325723332736],[4.810414194455629,46.58305176902147],[4.810676083802978,46.58292153374497],[4.81071653818496,46.582896755978595],[4.81076943761369,46.58285340765849],[4.810789852203868,46.58282309240202],[4.810845046394347,46.58273485423349],[4.810844203696097,46.58270559568476],[4.810849198364276,46.582639767556756],[4.810862004511337,46.58262812647805],[4.810872777981237,46.58260643000594],[4.81085877968943,46.58244480042706],[4.810917214536456,46.58234011870576],[4.810951599013715,46.582262477259796],[4.810919229380735,46.582204355387596],[4.8108753599027,46.58213038339839],[4.810979612021399,46.582095409653455],[4.811174061099184,46.582019199349645],[4.811276948567967,46.581986408528984],[4.811300073264382,46.58197082133888],[4.811383547649468,46.581990576572416],[4.81142014868932,46.58199134855315],[4.811663878407085,46.58193975675151],[4.81181147678329,46.581919858173116],[4.811898230210748,46.58191254094136],[4.812168100921901,46.58185359919778],[4.812278858728757,46.581845361356876],[4.812358668470475,46.58183743313702],[4.812422604172411,46.581831377344876],[4.812446951089973,46.5818250475089],[4.812464612615802,46.58181801288699],[4.812533706332506,46.581770714595415],[4.812575945169487,46.58177211749736],[4.812636501277884,46.581766565421084],[4.812690116873449,46.581760492718836],[4.812801568122057,46.58174170550656],[4.812896160829481,46.581726607670205],[4.812996592562505,46.58171033649104],[4.813093709345661,46.58169258656911],[4.81317263508198,46.58167773658545],[4.813194831344626,46.581673512194655],[4.813245324040654,46.58166388598776],[4.813334619257152,46.58164661999225],[4.813406374636487,46.58163611656973],[4.813458298779958,46.58163025042769],[4.813554167893413,46.58162602998123],[4.813658572745358,46.581619242429866],[4.813705829802794,46.5816144408422],[4.813817882035877,46.58160194782882],[4.813996945812301,46.58158163801714],[4.814108816355134,46.58156761644929],[4.814229135453246,46.58155625299543],[4.814282007693923,46.581563161028534],[4.814301271490108,46.58156501740415],[4.81434259185853,46.581562381172304],[4.814413632676529,46.58154612412131],[4.814456561774032,46.581536887433224],[4.814872437684869,46.58144572303188],[4.815064230456147,46.581403683655424],[4.81554638561272,46.58126715288967],[4.815484565341488,46.58113294186702],[4.815465286246914,46.58109145625228],[4.815420093709953,46.58099363900553],[4.81541076251085,46.580964515030495],[4.815399139910186,46.58094110163555],[4.815367603415895,46.58085324547103],[4.815344337232792,46.58079795266278],[4.815331671548885,46.580747175290504],[4.815321744526384,46.580696264428774],[4.81528870337941,46.580637704024106],[4.815254964506352,46.58057780366025],[4.81523457836164,46.58054228001199],[4.81520348222177,46.58048720137898],[4.815159867895066,46.580409263922604],[4.815135611778932,46.58037127972043],[4.815051659341679,46.580168697859776],[4.815010069781337,46.58007703799662],[4.814956214414249,46.57997791681847],[4.8149218655691,46.57991145110509],[4.814920342454055,46.57989319155281],[4.814906774012403,46.57988584096335],[4.814884752725044,46.57979342053553],[4.814870627611166,46.57975761744618],[4.8148295503214,46.57970089557762],[4.814785592046652,46.57961260567824],[4.814731138857629,46.5794994433496],[4.814513596349705,46.57954468246025],[4.814384813603787,46.57958806429117],[4.814317067668884,46.57960120686601],[4.813913268543791,46.57967416467528],[4.813723442255142,46.57971626113714],[4.813686538032071,46.57971810667423],[4.813563546058676,46.57971969461154],[4.813506920877215,46.57972554522529],[4.813344575073648,46.57974955256642],[4.813262170868565,46.57976184585213],[4.813255283447694,46.57975114683647],[4.813064133933428,46.57976137928144],[4.813013940050733,46.579772081516815],[4.812953038153853,46.579775027350735],[4.812896046819505,46.579777731098616],[4.812807242717808,46.57978219945626],[4.812667158890378,46.57978045434491],[4.812526624797401,46.57978087780802],[4.812436167117743,46.57978276009959],[4.812368020188336,46.579787801791085],[4.812281503964031,46.57980214093893],[4.81220212911219,46.57981519611354],[4.812166668139913,46.579821161415865],[4.812121405047979,46.57983088454089],[4.812051759908866,46.579845857167946],[4.811935812290866,46.57988642111206],[4.811893152011431,46.57990763158051],[4.811801939335894,46.57996140412861],[4.811718804504226,46.580010635480505],[4.811629736932453,46.580046450533935],[4.811556134886716,46.58007598630835],[4.811540305800845,46.580087044839026],[4.811513859001205,46.5801126821365],[4.811435093841206,46.58013230204045],[4.811387604459753,46.58014971581692],[4.811316833618328,46.5801819086628],[4.811187622212534,46.58022430286897],[4.811129272240561,46.580249003656576],[4.810987827999781,46.58028492614759],[4.810944348993752,46.580309031355256],[4.810769604926795,46.580357008874934],[4.810602974656145,46.58040152532355],[4.810516100625793,46.58042478543823],[4.810440730341204,46.58042867924472],[4.810289227206258,46.580456743915725],[4.810226419970546,46.58046133962157],[4.810066271082578,46.5804611694761],[4.809890284406223,46.5804639514797],[4.809842957314165,46.58047055395791],[4.80981767287935,46.58047617752715],[4.809789801302136,46.58048256252268],[4.809757857861658,46.58049612719006],[4.809730395139954,46.580510881969225],[4.809658088724764,46.58056372345158],[4.809563337260554,46.58063295159933],[4.809348074640446,46.58077847969491],[4.809325208009072,46.58079397234834],[4.809219010964709,46.58082933562021],[4.808853182179245,46.580948690457],[4.80887075615771,46.58112377383172],[4.808880105406928,46.58118892491324],[4.808942496165417,46.581419412157274],[4.808956026783477,46.581453153756236],[4.808985730819786,46.58150582416131],[4.809011401545998,46.58155504565841],[4.809057431349188,46.58166266935397],[4.809088252691623,46.58170964784185],[4.809246722722198,46.58191465894678],[4.809294136337493,46.58196957132546],[4.809392498686597,46.58207177451143],[4.809504586397352,46.58218997282154],[4.809688635779768,46.582390255871104],[4.809881163149829,46.58259797028311],[4.809900969934476,46.58258865047543],[4.809924335272841,46.582623497453156],[4.809954891656393,46.582693897402514],[4.809970303505207,46.582744902070445],[4.809969255343172,46.582835166060185]]],[[[4.810544325295687,46.595478713074286],[4.810089196760264,46.59567378699525],[4.809997238807934,46.59577278293529],[4.80981878987108,46.59615091234451],[4.809760561092925,46.596246582992656],[4.809748067699362,46.59626380307729],[4.80967667021934,46.59634067761429],[4.809587876416916,46.596436650974944],[4.809417491423066,46.5966291141491],[4.809396008983844,46.59665106962132],[4.809371088519339,46.59672288646739],[4.809198105548282,46.59721062998958],[4.809203823818931,46.597390493545895],[4.809767974527105,46.59732997225535],[4.81050417616684,46.59719782727738],[4.811579830769443,46.597010591806196],[4.812325711547796,46.59681622564695],[4.81311483658854,46.59677482447133],[4.813334681425697,46.596722077256324],[4.813309859103921,46.59669472957988],[4.813252215632388,46.59663133426995],[4.813234988513246,46.59661233264132],[4.813219781414749,46.59660689916619],[4.813176543793896,46.59659155173083],[4.813085170725889,46.59655895287032],[4.81296788754782,46.59658008381932],[4.812867671619847,46.59647422006257],[4.812857553341885,46.59646465297113],[4.812795575722935,46.5964750910137],[4.812764914884401,46.59648034986483],[4.812596470555357,46.59637376441425],[4.812496361924837,46.596310320257984],[4.812477810914729,46.596298634907285],[4.812422841586695,46.59624879701194],[4.812414942885886,46.59621956012811],[4.812405754226237,46.59620259278412],[4.812400297445317,46.59617998222311],[4.812426106708166,46.596142826417115],[4.812458888684891,46.59606394925313],[4.812463971778167,46.59605179981882],[4.812535271657746,46.5959799687752],[4.812640683557794,46.595920207202916],[4.812796937743263,46.595880536375795],[4.812808754489774,46.59586656906745],[4.81283116886551,46.595805959375106],[4.812874945101492,46.595688449385335],[4.812880211280758,46.595673955286074],[4.812835283573553,46.59567844925385],[4.811893180777807,46.595857459741275],[4.81122787143047,46.59598335910079],[4.810658084208035,46.59539882649294],[4.810544325295687,46.595478713074286]]],[[[4.811016185283906,46.605527773479025],[4.811020199189544,46.6054520538169],[4.811023265270978,46.605383194223485],[4.811039313783052,46.605347093867096],[4.811051548181689,46.60532204197283],[4.811096418674542,46.605221358281305],[4.811144945112344,46.60522266258122],[4.811071012387428,46.605388563888894],[4.811057454871935,46.605589807578205],[4.811054427883788,46.60567947200744],[4.810941948985148,46.6059751385433],[4.810631888490779,46.60599634196534],[4.810588726089717,46.60602665619899],[4.810568824626411,46.606214039677916],[4.810854899843016,46.606190693739634],[4.81149209004791,46.60614279107219],[4.811822410139627,46.606117752284575],[4.811826539262782,46.606135790426315],[4.811986094356689,46.60613155541787],[4.812036555583397,46.60612814526847],[4.812061067384992,46.60622061652451],[4.812085798123153,46.60631965919683],[4.813190595711803,46.606178155043104],[4.81364184715054,46.60608400681287],[4.813878071421764,46.606007942766546],[4.81411295321227,46.60590731119593],[4.814078811004864,46.60585534283963],[4.81403594888573,46.6058240478346],[4.813964933074486,46.60576752955358],[4.814012299801884,46.60575362969222],[4.814156764965874,46.60588869402536],[4.814393530427665,46.60620513224918],[4.814460981930891,46.606221356723616],[4.814848543831057,46.606110199115314],[4.814855534001172,46.6061081969626],[4.81491799060752,46.60608829336933],[4.815083653553752,46.605879325032376],[4.815147406643019,46.60578860809426],[4.815155297495348,46.60577443260373],[4.81514849643214,46.60575076268082],[4.814992351811814,46.60550852473876],[4.814938771580177,46.60542624182493],[4.814709638695473,46.60517408167893],[4.814460383295248,46.604718147991235],[4.814428928851828,46.60466055300416],[4.814367751132814,46.6045463263219],[4.814292939340693,46.60440727692513],[4.814194741949457,46.604088103563],[4.813131159715867,46.60401802891103],[4.812548587437019,46.60393943346344],[4.812140387844964,46.60393283220934],[4.81190871156474,46.60395297935409],[4.811513305942642,46.60408730839753],[4.810966406344619,46.604326617447526],[4.810661754569403,46.60439619159868],[4.810512429182422,46.6044249414908],[4.810481773808996,46.60443443270671],[4.81041691255992,46.60445275069323],[4.810322054226827,46.60448856536559],[4.810275993773745,46.604502443063545],[4.810111198819145,46.60452972562649],[4.809887198078187,46.60456857132007],[4.809797074499081,46.60458566689146],[4.809624287778195,46.60461235447525],[4.809529770028377,46.604626997379356],[4.80951019253289,46.60471025824411],[4.809522674197348,46.60477121648627],[4.80953374942615,46.604844896374516],[4.809555144962539,46.60491454035412],[4.80959620383604,46.605037103225804],[4.809623394149528,46.60503343127627],[4.809706145805565,46.6052190127362],[4.80990361815782,46.60563974755969],[4.809957400169443,46.605716535439875],[4.810221874280034,46.60606920130685],[4.810363254830995,46.60620215741891],[4.810483635166502,46.60619097799482],[4.810528084126296,46.606163975945],[4.810542759924231,46.60597271212439],[4.810870250829363,46.60594907179175],[4.810917634634883,46.60591995164957],[4.811017017121955,46.605694113903866],[4.811017533661884,46.60558791685559],[4.811016185283906,46.605527773479025]]],[[[4.810292360157129,46.580354558021455],[4.810456304945791,46.58035890098922],[4.810512737054157,46.580358999397916],[4.8106353484973,46.580349855122186],[4.810702862093644,46.580337529036555],[4.810931730729359,46.58028311139853],[4.811187025500173,46.58019459007818],[4.811411942526736,46.58010780971741],[4.811583834211662,46.58003303624629],[4.811683257864217,46.579990482445325],[4.811777001686437,46.579946036950005],[4.811932329323896,46.57986026662084],[4.811963572432656,46.57984923430084],[4.812062608969562,46.57982253814656],[4.812149852058567,46.579798640517375],[4.812193474877265,46.57979065462266],[4.812189734987678,46.57976855723627],[4.812108103715762,46.57956863866577],[4.812032593434854,46.57954866789663],[4.811923870023786,46.57953940030695],[4.81155740576748,46.57951754844129],[4.811397954850009,46.57951079423977],[4.811388886883848,46.57950913635352],[4.811355841847196,46.57951704466754],[4.811301337174483,46.57951988841981],[4.811254938150656,46.579530800050634],[4.81122640371983,46.57954079858833],[4.810823307614819,46.57965462490649],[4.810729636588438,46.579665923679165],[4.810615959937095,46.579672675104725],[4.810497873883375,46.579668597992125],[4.810186518043349,46.57974062115145],[4.810094928892808,46.57975954220992],[4.810032291649708,46.579784940690686],[4.809997225545511,46.579802787964276],[4.809945004032759,46.57984288284994],[4.809918819561129,46.579864642727934],[4.809910020225831,46.579878922396546],[4.809892919394946,46.57989495450223],[4.809888999515466,46.57991456107718],[4.8098908347861,46.579930473984525],[4.810002054770176,46.58006588838186],[4.810045944897043,46.58012878208159],[4.810087501976468,46.5801882900899],[4.810140304698566,46.5802481607003],[4.810208116364828,46.580311576823874],[4.810201048993092,46.58032294697641],[4.810266414741876,46.580352086081774],[4.810292360157129,46.580354558021455]]],[[[4.810741803943658,46.58744187115478],[4.810733379747546,46.58742426112012],[4.810690032220246,46.58732290038298],[4.810899532071441,46.58723123157472],[4.811274756060358,46.58706722911763],[4.811212164041899,46.586996075282194],[4.811189468370659,46.58700499064326],[4.811104248415701,46.586921224965245],[4.811117231014498,46.586910932100714],[4.811012127364686,46.58676353309506],[4.811026680984126,46.5867572684201],[4.811014299019234,46.58674242301473],[4.811002463297655,46.58672828950711],[4.810921977220972,46.58675144871748],[4.810907194130937,46.58673511013028],[4.81088522135567,46.58671077918834],[4.810923591778677,46.586693960283554],[4.810906851900371,46.58665414509154],[4.810848333518798,46.586528706164174],[4.810874039317507,46.58652388635851],[4.810868673989477,46.58650397627785],[4.810839303103576,46.58639077588334],[4.810821066032948,46.58634522005144],[4.810788016099513,46.58626279075377],[4.81076333039913,46.58625507506398],[4.810741432150986,46.58622119578962],[4.810718576847115,46.58616247308496],[4.810710849418003,46.58614224007945],[4.810719455560447,46.5860160999118],[4.810740321161369,46.5859914518071],[4.810739994144879,46.58598947549871],[4.81071825178103,46.58588173860915],[4.810685030896317,46.585880552645406],[4.810646473694373,46.58579748985343],[4.810578020002017,46.5856757205139],[4.810547549857404,46.58558442376648],[4.810465900981578,46.58560399838078],[4.810291459672666,46.58561053912643],[4.8102887317522,46.5855874349707],[4.810213576517635,46.58559015423657],[4.810114942616061,46.58560180098758],[4.810105444210328,46.585602941874996],[4.810018786437884,46.5856133184207],[4.809951006438836,46.585609976496194],[4.809895233692707,46.585610227571976],[4.80981425567064,46.585610696860584],[4.809774054395704,46.58564708892929],[4.809746987528987,46.58568561514896],[4.809692737539792,46.58625425630526],[4.809630556153168,46.58654507528835],[4.809634771112587,46.5867386531799],[4.809662726272077,46.586817200337435],[4.809691824834806,46.5868987016361],[4.809770005697999,46.58701050041292],[4.809929322894124,46.58696150772491],[4.810032007693909,46.58707553097607],[4.810100179164278,46.58705130612485],[4.810145955278892,46.58710002942644],[4.810171682631928,46.5871272733723],[4.810173082975468,46.5871261704294],[4.810177871467335,46.5871326696406],[4.810021880846633,46.58720313615034],[4.80996601752449,46.587224284258795],[4.810357086895968,46.58739913747623],[4.810488332698814,46.58734275196213],[4.810578400626707,46.58730521095393],[4.810588118479825,46.58732244027597],[4.810675772918591,46.58745975783238],[4.810741803943658,46.58744187115478]]],[[[4.811458704771124,46.60266700533844],[4.81139898068693,46.60256086019817],[4.811340882504633,46.6024799981361],[4.811347984964844,46.602477454013076],[4.811285998523473,46.602377919481434],[4.810836312471205,46.60223164545922],[4.810795954507177,46.60214194631332],[4.810797382185055,46.60214165354253],[4.810752335128406,46.60204455295279],[4.810735558900455,46.60200771056878],[4.810701688371363,46.601951954147715],[4.810635973767612,46.601807084466735],[4.810583411535692,46.60170010517598],[4.810581719663326,46.60170031205348],[4.810246682815361,46.600997501049164],[4.809803165137756,46.601146275089675],[4.809779457928453,46.600959940870624],[4.809725361951027,46.60057494873193],[4.809676966277689,46.60041242196409],[4.809834437666065,46.59895913492264],[4.809283703793399,46.59897567176407],[4.809013328512856,46.599360115119744],[4.808848591637862,46.599593108150735],[4.808786676533752,46.599809976422634],[4.808759516268387,46.60027443024949],[4.8087341739211,46.6002982478475],[4.808709864396127,46.600321688862245],[4.80865216808618,46.60037853150718],[4.808502624590695,46.60043187067745],[4.80846166749282,46.60043801143642],[4.807912129529528,46.60046740212346],[4.807799108837194,46.60050701410407],[4.807718001491791,46.60060259425885],[4.807647945456542,46.60082238233878],[4.807726013412226,46.60137479151329],[4.807746196781119,46.60147886050618],[4.807859628690642,46.60169935532614],[4.808036981461758,46.6019558585732],[4.808152861407718,46.60193142258444],[4.808505325076544,46.601861730484664],[4.808643821217678,46.601998787144716],[4.80860365556639,46.602005185637886],[4.808486707646994,46.60189525912071],[4.808056896348672,46.60198103315076],[4.808060816604323,46.60204789097211],[4.808218562706947,46.602339559327774],[4.808299853296615,46.602430324391044],[4.808452934200939,46.60253436668219],[4.808831637311783,46.602715365892664],[4.809024409378766,46.60284976366981],[4.809132538955612,46.60296163028235],[4.809208750593257,46.60293493763203],[4.809695777520879,46.60274620962839],[4.809741779751169,46.60273062178595],[4.81005935233992,46.602656882807025],[4.810056782817622,46.602650348524946],[4.809873868657246,46.60209734570328],[4.809822486960281,46.6018686669971],[4.809827336718223,46.60176303191056],[4.809883228540376,46.601758005700525],[4.809882332780274,46.601801792390184],[4.809882064019338,46.60189978947279],[4.809923170644737,46.60209062226493],[4.809931475520273,46.60208886983263],[4.809947603899098,46.6021455372896],[4.80996091729378,46.60218828884942],[4.809995576729459,46.60229528110002],[4.810112355577038,46.60264748886645],[4.810159868392368,46.60281480292885],[4.810169896855441,46.60282950549224],[4.81020953122151,46.60291318178881],[4.81028480021673,46.60305456821086],[4.81029627676239,46.60307744396903],[4.810325533190536,46.603128049542995],[4.810424816151924,46.60327635176974],[4.810647546928141,46.60362364195499],[4.810663845508044,46.60365004413296],[4.81077528062263,46.60373150444742],[4.81086605436392,46.60373006944496],[4.81101640192901,46.60365356741496],[4.81134565526708,46.60348308849173],[4.811955452187121,46.60322963272074],[4.811819791691456,46.60315846408778],[4.811671615016068,46.602997876622446],[4.811547630804449,46.602826008265204],[4.811496903558428,46.60273890515148],[4.811458704771124,46.60266700533844]]],[[[4.813458945786325,46.60308217763772],[4.813380147506916,46.60301551459971],[4.813337308543884,46.6029495431898],[4.813272289720467,46.602857172975455],[4.813260505521924,46.60284078719064],[4.813260636129395,46.6028407851231],[4.813128407527419,46.60265301697867],[4.812937482051506,46.60271161033028],[4.812869703690658,46.6027324978036],[4.812605664845982,46.602785222489],[4.812564350263353,46.60280028698092],[4.812514565492237,46.60281998883678],[4.812332944919909,46.60294220135045],[4.812240794424587,46.60300427440039],[4.812079426920412,46.60319317589181],[4.812060903348182,46.60324516737276],[4.812053749507696,46.60328148746735],[4.811963623183773,46.603318039301506],[4.811566117099998,46.60345978733658],[4.811383646233407,46.60352517946215],[4.811297100162031,46.60357509411583],[4.810972665557553,46.60376080808125],[4.810935267504207,46.60378364586752],[4.810855410585825,46.60388929591838],[4.810655834978078,46.604127975810634],[4.810461367074535,46.604359189100734],[4.810496310250139,46.60438430588091],[4.810681086308207,46.60434094519937],[4.810756818015101,46.60432335589074],[4.810930604357726,46.60427962812133],[4.811307861244676,46.60411820777088],[4.811479687561908,46.60404703972399],[4.811661272765358,46.60398247208824],[4.811879044686296,46.60390580319942],[4.811900329849435,46.60390141350071],[4.811951007407081,46.60388494022342],[4.812089805107772,46.6038579761675],[4.812126659799943,46.6038541507239],[4.812145755833564,46.60385465922704],[4.812247438942608,46.60386295791173],[4.812557004162059,46.603890033643644],[4.812747582568537,46.60391502866479],[4.812856722357934,46.60393140490277],[4.812980283316353,46.60394917399543],[4.813015143953532,46.60395609779835],[4.813141572444812,46.60397364119833],[4.814197273634035,46.6040464525042],[4.814068954553893,46.60363904007928],[4.813873832468238,46.60344245147286],[4.813798832814953,46.60337608882687],[4.813599176796171,46.60320415986206],[4.813458945786325,46.60308217763772]]]]}}]}
