{"type": "FeatureCollection","name": "aoc_geojson","features": [{"type":"Feature","properties":{"dt":"Mâcon","type_prod":"Vins","categorie":"Vin primeur, Vin tranquille","type_denom":"dénomination géographique complémentaire","signe":"AOC","id_app":583,"app":"Mâcon","id_denom":1714,"denom":"Mâcon Bray - rouge exclusif","insee":"71039","cvi":"1B370 78, 1B370 79, 1R371 14, 1S371 14","nomcom":"BLANOT","insee2011":"71039","nomcom2011":"BLANOT","id_aire":1995,"crinao":null,"grp_name1":null,"grp_name2":null},"geometry":{"type":"MultiPolygon","coordinates":[[[[4.726331204615064,46.47438626023302],[4.726382984804576,46.47444059892168],[4.726402523935803,46.47449776641321],[4.726405837193145,46.47450771378319],[4.72640676433118,46.47451229318792],[4.726417974713184,46.47456580369381],[4.72644399237768,46.47459288102824],[4.726443995227108,46.47459297105208],[4.726444698805063,46.474598724703625],[4.726448157629246,46.4746297455258],[4.726447704800782,46.47463191397246],[4.726437915610654,46.474680968187265],[4.726448049896403,46.47476637862599],[4.726448058444731,46.4747666486975],[4.726472914239524,46.47489705030086],[4.726489668303341,46.474919764235814],[4.726517724928115,46.47495770884359],[4.726647596133535,46.47513561020716],[4.726709478277448,46.47521663605451],[4.726747565388074,46.4752666781449],[4.726839408226654,46.475252230636166],[4.726888173357708,46.47523600222514],[4.727007093117316,46.475187370316746],[4.727048014186565,46.4751704497775],[4.727103506580869,46.47515258846599],[4.727154996544898,46.475135958489055],[4.727410401776968,46.47505824316956],[4.727559591547801,46.475039235450375],[4.727561540415172,46.4750390258546],[4.727568554056539,46.47503819929046],[4.727837488171254,46.475004861600695],[4.727942763938878,46.47499471343435],[4.72795783933866,46.474993224543795],[4.727961972008542,46.47499199118375],[4.728022537241096,46.47497378251093],[4.728058200916041,46.47495964310983],[4.728086641680972,46.47494795466324],[4.72819888570123,46.474898521768736],[4.728331939164796,46.474851656176455],[4.728332199773171,46.47485165223495],[4.728466088870954,46.47483116345741],[4.728645621427159,46.4747988157792],[4.728774500725306,46.474760118829515],[4.729125950799537,46.474648522479114],[4.729196851079387,46.47462736471248],[4.729266584280301,46.47460640469577],[4.729355103848642,46.474573541698774],[4.72940108545394,46.474543574071426],[4.729426875834807,46.47452643130809],[4.729470198205995,46.47451127487908],[4.729612520133217,46.47446075487776],[4.729739022107678,46.47442524514228],[4.729760600015342,46.47441915423502],[4.729883775699379,46.47438153307836],[4.729884163753312,46.474381437137026],[4.729980271562097,46.47434944950919],[4.7300568987377,46.474328024364354],[4.730313654403894,46.47425613633677],[4.730426262692814,46.47422651042078],[4.730688691809555,46.47415678729787],[4.730855101577037,46.47410950357981],[4.730879420190285,46.47409940799646],[4.730888790062936,46.47408656662415],[4.730882827117987,46.47407530850073],[4.73088148124473,46.47407397788128],[4.730870609669172,46.474064145112415],[4.730799958820263,46.474027387075914],[4.730592212550818,46.473914076799346],[4.730591289012806,46.47391373051768],[4.730515828107776,46.473885601520784],[4.730461201647532,46.47386904582124],[4.7304127765119,46.473854827999986],[4.730322060853355,46.473822516592904],[4.730122873245636,46.47374059933925],[4.730115337555101,46.47373729088554],[4.730029314931159,46.473700855182734],[4.7298799811404,46.47361241845814],[4.72982564875613,46.473580456553954],[4.729749805138899,46.473536120797995],[4.729736439192431,46.473529838295114],[4.729667895611642,46.47349782123041],[4.729593011198121,46.47347139418502],[4.729332751947532,46.47337923162738],[4.729332485638001,46.4733790555236],[4.729237968787675,46.473329598007226],[4.729237835633186,46.473329509955235],[4.729237572178175,46.47332942387501],[4.728992112185038,46.47319002164468],[4.728868067295508,46.473122006470405],[4.728807867737156,46.47309409581007],[4.728712880101512,46.47305031921347],[4.728664298294142,46.47302700627359],[4.728557619141768,46.47297629112584],[4.728459515125746,46.47294111782657],[4.72838869233314,46.47290706294917],[4.728351365954847,46.47288925385588],[4.728221108878809,46.47283907514929],[4.728142211716864,46.472797036211965],[4.728135452368212,46.4727935357563],[4.728130293689182,46.47279118196366],[4.728103854508625,46.47277960289716],[4.728059097337029,46.47277001211172],[4.728042614039171,46.47276818983875],[4.728019468370669,46.47276592791109],[4.727974212649896,46.472769404340625],[4.727961602143133,46.47277049570219],[4.727945057876539,46.472774979024045],[4.727921803636772,46.472781635346934],[4.7279036584904,46.47279731117236],[4.727868784349359,46.47282810099889],[4.727646680902803,46.473010242051004],[4.727626504118542,46.47302351673789],[4.727584881736195,46.47305116608602],[4.72737852708494,46.473072028806364],[4.727348510465536,46.473075094487776],[4.727047641279417,46.47310414028543],[4.726851972881032,46.47312078752977],[4.726797887732771,46.47312538765217],[4.726493575257932,46.47314862966557],[4.726488292014833,46.47314645781536],[4.726452524766719,46.473132587497375],[4.726427507137744,46.47313296546872],[4.726364902672878,46.47314435904714],[4.726359713459318,46.473145157978564],[4.726347921674027,46.47314740766121],[4.726265221518634,46.47313757878501],[4.726218904376697,46.473132243990534],[4.726169063442067,46.47312678227348],[4.72606443019803,46.47311593356481],[4.725980649239401,46.47309666378487],[4.725964499841361,46.47309303483053],[4.7259447155542,46.47308576803195],[4.725877855868389,46.473061559120936],[4.725812193132156,46.47302985654183],[4.725715437214703,46.47298367239128],[4.725431343549793,46.47286718269116],[4.725305567799947,46.472818464174296],[4.725451006350089,46.47311375913846],[4.725578608856523,46.47337266603997],[4.725655645723445,46.4735248866232],[4.725726848637387,46.47366575676594],[4.725772148134596,46.473762525025215],[4.725806124287131,46.47383514621884],[4.725856397606692,46.473928416787714],[4.725856930208675,46.473928769011444],[4.725953260799022,46.47399441393417],[4.726020512138508,46.47406392054482],[4.72622523641433,46.47427563768955],[4.726259067835583,46.47431070304919],[4.726331204615064,46.47438626023302]]],[[[4.730418137169745,46.474253923763385],[4.73014989425806,46.474333551576365],[4.730120340445184,46.47434300572604],[4.729683628958201,46.4744831860612],[4.729501090967748,46.474544042044904],[4.729411728046371,46.47459141870184],[4.729316953909881,46.474624376393],[4.729098104066848,46.47469127530237],[4.729053817955318,46.474704824962984],[4.729032251270567,46.474711275831616],[4.728706155718505,46.474808437891],[4.728381866149423,46.474905031284294],[4.728247657104679,46.47494011564138],[4.728167210498349,46.47496447944965],[4.728079283165667,46.47499138813116],[4.727966366668403,46.475023718356056],[4.72814782533059,46.47536484989097],[4.72817236118675,46.475410953376624],[4.728172364039072,46.47541104340041],[4.728200887926841,46.475467804534105],[4.728313851757249,46.475441057525195],[4.728440139952311,46.47541104659605],[4.728440278816122,46.47541131469652],[4.728527501612915,46.47560075717063],[4.728534643627159,46.47561632078751],[4.728584748176106,46.47572463395458],[4.728657442385405,46.47588754621884],[4.728715254513657,46.47601690846806],[4.728757844802673,46.4761020078991],[4.728786375367673,46.47615894892783],[4.728786114753084,46.47615895287038],[4.728728843258346,46.476165943803885],[4.728728987832059,46.47616639195149],[4.72876329273235,46.4763026846628],[4.728889646044477,46.47680523800603],[4.728922270101659,46.47694605944233],[4.72893586707561,46.47700484756676],[4.728942799229436,46.477042570796016],[4.728982273114918,46.47725552225005],[4.729039646845666,46.477572500355066],[4.729106868019648,46.4779245455932],[4.729107131496646,46.47792463167364],[4.729135480443118,46.47792645441746],[4.729154545879627,46.47792742688389],[4.729191935740163,46.477922447867286],[4.729232294215867,46.47791652325026],[4.729277878427342,46.47790682680118],[4.72936246843441,46.4778855519233],[4.72936272620279,46.47788545795572],[4.72943233604808,46.477864589844636],[4.729491578880768,46.47783748382957],[4.729596058271473,46.47778150221115],[4.729723017422066,46.47771905569874],[4.729855376130486,46.47765832864684],[4.729917179059286,46.47762974258098],[4.729963638745121,46.477610665638814],[4.730104920865109,46.47755178468027],[4.730162271942853,46.47751849232637],[4.730188375515542,46.47750296588055],[4.730188630424934,46.47750278188738],[4.730259768272923,46.47745613097899],[4.730329999539632,46.47740967388462],[4.730493190247306,46.477297591407414],[4.730590828226132,46.47722739179353],[4.730635683217463,46.47719473875801],[4.730727706092493,46.477124263786536],[4.73077020699724,46.47707084087836],[4.730788423272985,46.477032736866356],[4.730801240156644,46.47700525246131],[4.73085836575249,46.47689504596459],[4.730867661832267,46.47687986398367],[4.730902971460962,46.47682168632091],[4.730904132982485,46.476800773191044],[4.730893477515637,46.47678544306195],[4.730893338636269,46.476785174964526],[4.730909645005443,46.476777272291926],[4.730932230787906,46.476765942027946],[4.730970722930746,46.47673410576025],[4.73098456372386,46.47672245760927],[4.731073316319287,46.476631136331356],[4.731088493311079,46.476616405649175],[4.731263626803677,46.476445327347676],[4.731292783223105,46.47641921654786],[4.731345436741103,46.47634888713285],[4.731387982726255,46.47628870826264],[4.731396338972267,46.47627678288416],[4.731345114436045,46.476166236160516],[4.731277373752045,46.47602000290184],[4.731172849521901,46.47579921096883],[4.731172707786378,46.47579885284798],[4.731077194891971,46.475586750885135],[4.731030821527378,46.47547703121146],[4.731030682650666,46.47547676311416],[4.731012984334155,46.47541614591457],[4.731001146804863,46.475375885143805],[4.731000999357591,46.47537534697529],[4.730942781915609,46.47538946865694],[4.730902548338759,46.47539926490035],[4.730902536911452,46.475398904805466],[4.730891425969747,46.47527883366405],[4.730891420256143,46.47527865361661],[4.730886086204888,46.475225594883156],[4.730882646566511,46.475191151323166],[4.730857470464335,46.475046885057765],[4.730857323019371,46.47504634688905],[4.730858935527199,46.47495337332553],[4.730864238565586,46.47489042623949],[4.730864224281902,46.474889976120856],[4.730867326239296,46.474848047983066],[4.730867323382555,46.47484795795932],[4.730869242095356,46.474830365832844],[4.730871957558829,46.47480501587631],[4.73087327920863,46.4747686087901],[4.730873495858834,46.474763111421616],[4.730873484431853,46.474762751326686],[4.730873792497871,46.474760134717556],[4.730925215653311,46.47410880183816],[4.730883238130887,46.47412934248104],[4.73085385309987,46.474144108221275],[4.730570597608148,46.47421072457936],[4.730418525221832,46.47425382782024],[4.730418137169745,46.474253923763385]]],[[[4.731131417125827,46.493495454797575],[4.731189399434762,46.49367047704429],[4.731217345372659,46.49375381588303],[4.731217487155138,46.49375417400276],[4.731254661677379,46.49384475854397],[4.731302977193141,46.49396174402846],[4.73143267155196,46.49422250438386],[4.731535840897716,46.494362526628365],[4.731647432544665,46.49447206871885],[4.731656361641352,46.4944822010691],[4.731673241628235,46.49450040905078],[4.732066625654716,46.49446112469084],[4.732578310813498,46.49441004865277],[4.73257883221657,46.494410040750395],[4.732655363737549,46.49453659546868],[4.732677666581754,46.494569492062105],[4.732813669972719,46.49476999073219],[4.732813808907329,46.494770258826485],[4.73290323399522,46.494744405135606],[4.732920671482388,46.4947678283606],[4.733020661598387,46.49490204318029],[4.733092867114832,46.4949991213066],[4.733181424856616,46.495118288029055],[4.733168194724581,46.49512056014629],[4.733097507464608,46.4951328000863],[4.732975626909989,46.49515923599054],[4.732966695532331,46.49516135285152],[4.732903668764787,46.49517662887946],[4.732689428190776,46.49523508717789],[4.732689697478698,46.49523535329659],[4.73273528478351,46.49527456190042],[4.732775089598674,46.49530827399669],[4.732806432962932,46.49534247460309],[4.73282830260325,46.49536583066076],[4.732868791694604,46.4954128622315],[4.73289423941015,46.49544210844482],[4.732958017950008,46.49551202417104],[4.732993959521455,46.49555137889532],[4.733025552424276,46.49558521539465],[4.733075358324375,46.49563814012852],[4.733098556213594,46.49565814353111],[4.733134691899896,46.49568308459117],[4.733149357039053,46.495693129868656],[4.733187416305165,46.49572524708966],[4.733269074658305,46.495779129893435],[4.733290748776412,46.49579222122183],[4.733318930453827,46.495808996681866],[4.733364994855334,46.49583036459501],[4.733376594808296,46.495834241714384],[4.733390819017982,46.49583861944237],[4.733403597886049,46.49584265881703],[4.733422415978766,46.49584795761925],[4.733502630646911,46.49586052151307],[4.73355740779279,46.49586878762059],[4.733557932071951,46.4958688697371],[4.733636304668147,46.49588092107091],[4.733685217454959,46.495885223045526],[4.733697644046768,46.49588638559397],[4.733760168076556,46.49589219238503],[4.733875721687387,46.49590872340521],[4.733926151439348,46.49591561420581],[4.733979457588312,46.49592273155605],[4.734013757783607,46.49593094776833],[4.734055273289283,46.49594049559376],[4.734214691746057,46.49597482459107],[4.734290042081673,46.49599025379873],[4.734305396642973,46.49599326326501],[4.734305790569966,46.49599334735564],[4.734442660970329,46.496019912095996],[4.734495279667945,46.49603001184163],[4.734596691013691,46.49604882824604],[4.734717752943998,46.49607860472816],[4.734780294431675,46.496093147178954],[4.734836127708248,46.496105899992564],[4.734935879075426,46.496125822091784],[4.735010537921525,46.49614819646705],[4.735086645056741,46.496170999147076],[4.735123768974527,46.496181874177694],[4.735135006711576,46.496186657286955],[4.735155619978179,46.496195080898666],[4.735204457253784,46.49620929072212],[4.735239727600379,46.49621929318218],[4.735276463381648,46.496230264122296],[4.735298974708668,46.49623685756207],[4.735370339146555,46.49625405783921],[4.735370602722001,46.49625414390496],[4.735339217031163,46.496194095447485],[4.735320195130474,46.49615781707353],[4.735246067402465,46.49601690693833],[4.735227839212292,46.49598097676936],[4.73521615599372,46.49595809700597],[4.735157566717652,46.49590791842396],[4.734981796671765,46.49575729247195],[4.734953007187754,46.495729628557015],[4.734945203177168,46.49572209131622],[4.734840993855554,46.4956071263579],[4.734751875786968,46.495503280720385],[4.734751742569432,46.49550319267514],[4.734692994028252,46.49542338430874],[4.734652619388492,46.49537590128948],[4.734611833712415,46.495327794026004],[4.734611564414657,46.495327527911826],[4.734576937669899,46.49534183353388],[4.734557500674288,46.49534987419713],[4.734557364593534,46.49534969612831],[4.734538929309457,46.49531953327226],[4.734488846176403,46.49523743172375],[4.734426822532241,46.4951407403629],[4.734426547508953,46.49514029420162],[4.734416762707713,46.49512378030024],[4.734390578259148,46.49507959450513],[4.734390575395532,46.495079504481794],[4.734699978421708,46.49494196139028],[4.735152381348556,46.49474505459313],[4.735305581396442,46.494678331387014],[4.735223078942124,46.49459384011819],[4.735222945726049,46.49459375207346],[4.735064356034626,46.49439684135181],[4.734907956324053,46.49417855135054],[4.734608332190286,46.49397153125058],[4.734608198976723,46.49397144320515],[4.734513912713634,46.493893615062724],[4.734492620131875,46.493876104906505],[4.734420318556452,46.49381703728012],[4.734310670437999,46.4937277333649],[4.734059733231364,46.493562935089535],[4.734059203247638,46.49356267292854],[4.733892650244403,46.493455497918205],[4.733782556335738,46.493384934170514],[4.733745001458108,46.49333992995287],[4.733721830295738,46.49331254080241],[4.733697333216742,46.493268059065294],[4.733672864801043,46.49322447755644],[4.733676673530776,46.493172000918236],[4.73373031118979,46.49316091982589],[4.733702114003109,46.493020573066104],[4.73367115013239,46.49296547145077],[4.733664515638729,46.49295368325135],[4.733416589219688,46.49273984162806],[4.73331750298009,46.49265037664335],[4.733270160274487,46.49260101734979],[4.733269763511959,46.492600843232125],[4.733124731726037,46.492542877571225],[4.730991498992168,46.49268661272812],[4.731023923881598,46.49277961100041],[4.731088858610723,46.492964165163876],[4.731134607888922,46.493193412730896],[4.731133096389535,46.49331421510782],[4.731131417125827,46.493495454797575]],[[4.734188839516574,46.49519893124665],[4.734164278677188,46.495205788636],[4.734188836653285,46.495198841223285],[4.734318741421284,46.49516228487062],[4.734188839516574,46.49519893124665]]],[[[4.730489698070215,46.46534917060594],[4.730643581672985,46.46555705648612],[4.730736652765152,46.46564760522802],[4.730759527928351,46.46566608274477],[4.730799099668067,46.4656972769978],[4.73086644867356,46.465765878637306],[4.730940905627683,46.46584076732253],[4.730941041623036,46.46584094539652],[4.731164290655986,46.46612334605203],[4.731248063710336,46.466228896352696],[4.731782557700135,46.46692106835278],[4.732018823607691,46.46721083577008],[4.732176380905163,46.46743964964736],[4.732213539652277,46.46749330673209],[4.732244704078439,46.467542911594514],[4.732354346296034,46.46771588948739],[4.732624140173764,46.468121243922916],[4.732684810741158,46.4682297554901],[4.732754022676103,46.468352728375606],[4.73290137466018,46.46866221609176],[4.732928591326047,46.4687188158194],[4.733160265282489,46.46920004331688],[4.7332462303736,46.46946867056762],[4.733257942420125,46.469504970099386],[4.733281993844205,46.46957269601803],[4.733360401944587,46.469792171094404],[4.733459133717036,46.470048175257496],[4.733661242942633,46.470419157792364],[4.733691899529593,46.470403471315535],[4.733745256876889,46.470179205175235],[4.73407189140831,46.469936111149245],[4.734296463040089,46.46979165768301],[4.73446475633499,46.46963193601839],[4.734499049158092,46.469599441624],[4.734808670710109,46.469297069214214],[4.734874588182703,46.46921789008859],[4.734902829880226,46.469183686094546],[4.734902954444435,46.46918350406887],[4.734951999736063,46.469114848728076],[4.735035232556921,46.46899811877016],[4.735055484893336,46.468934043675056],[4.735073323286374,46.46884325527502],[4.73508130698464,46.46867623953499],[4.73513509367507,46.468314073169736],[4.735154833082908,46.46819290322748],[4.735172532195894,46.46812643505515],[4.735185555233223,46.468076880457865],[4.735185549506204,46.46807670041043],[4.735229934529804,46.46795992973341],[4.735231971874944,46.46795431462618],[4.735235158898051,46.46794796152147],[4.735317949645498,46.46778053017285],[4.735318074205118,46.46778034814668],[4.735352969262777,46.46766849509879],[4.735363787069521,46.46759060279287],[4.735393987467218,46.46751556845285],[4.735459656824152,46.467383613298345],[4.735500551825105,46.46730058063685],[4.73556510336626,46.467092535580434],[4.73559401353371,46.466694269473535],[4.735609081831089,46.46665576200783],[4.735665251673522,46.46651206211811],[4.735667018615572,46.4663832391231],[4.735658717468512,46.46635994774171],[4.735647547152112,46.466328413758276],[4.735616613374672,46.46624106809982],[4.735563343692954,46.4661112797783],[4.735544638231643,46.46603545709336],[4.735542967256553,46.465802658647384],[4.735543088946927,46.46580238659718],[4.735381216483675,46.46574143797739],[4.735269739230953,46.46569944848853],[4.735248287051697,46.46568887615712],[4.735150960634615,46.46564099740376],[4.734806381849416,46.46545411644434],[4.734658623475199,46.46535737596606],[4.734658357187635,46.465357199874454],[4.734567752205212,46.46529931119622],[4.734556941822566,46.46529136926342],[4.734414812280931,46.465187157514],[4.734225955217999,46.465015293839755],[4.734146996671948,46.46493831394553],[4.733939042404876,46.464735576413574],[4.733697856562636,46.46449605495718],[4.733490226278323,46.46429520314049],[4.733233918067113,46.464047263737605],[4.732918064966283,46.46373835077633],[4.732625799057347,46.463384045678275],[4.732615638717276,46.46338834285178],[4.732615511299643,46.46338843485127],[4.732614993052032,46.46338853277769],[4.732507341282918,46.46342574181048],[4.732447533636436,46.46343862765797],[4.732389796097506,46.4634510317487],[4.732389521250601,46.46345058558019],[4.732386772781807,46.463446123895125],[4.732294713629431,46.4632971075245],[4.73226668582945,46.46329284898999],[4.73223970596211,46.463288754694595],[4.732169697271256,46.46329233800748],[4.732156165670495,46.46329308356402],[4.732155644564706,46.463293091464486],[4.731964069815383,46.46331436947425],[4.731875774467652,46.46332903788067],[4.731766548581014,46.463349517574564],[4.731703707332932,46.4633612781401],[4.731612928640158,46.46338805298362],[4.731561665957697,46.46340324066928],[4.731399866867524,46.46346333573592],[4.731392135964926,46.46346615490757],[4.731311751671846,46.46349601440489],[4.731212157761148,46.463507881287036],[4.731126069769195,46.463518192434464],[4.731124183565409,46.46352857873842],[4.731105958591802,46.46363198178633],[4.73110607598905,46.46382463367373],[4.731106150071803,46.463868044924034],[4.730656823299188,46.46383792454583],[4.73053404233212,46.46382969681033],[4.730398385633308,46.46408123746273],[4.730279104002577,46.46430253758149],[4.730279126844314,46.46430325777265],[4.730192643082965,46.464477856637615],[4.730141904872633,46.464612374666096],[4.730129860826396,46.46463948711956],[4.730110035577603,46.46468428048984],[4.730113098549431,46.464723323240996],[4.730139577805798,46.4648061442948],[4.730183352713998,46.46487537349649],[4.730278505557063,46.46500696167734],[4.730335472700036,46.46508526795295],[4.730335741827675,46.46508553407852],[4.730390414042484,46.46518188850914],[4.730426572223683,46.465245198480446],[4.730456736473465,46.46530445613469],[4.730489698070215,46.46534917060594]]],[[[4.731286125381323,46.476529829603166],[4.731285734457053,46.47652983552553],[4.731285485270944,46.476530199568565],[4.73127374611274,46.47653001714433],[4.731266839783917,46.47653012177197],[4.731250648426086,46.47653342933928],[4.731231818882282,46.47654398222929],[4.731209969923147,46.476566199497896],[4.731200131626315,46.47657661617367],[4.731077609239675,46.47670888917128],[4.730957817030629,46.476840940538565],[4.730923465484551,46.47688000950963],[4.730904731614182,46.476910015358676],[4.730890610606512,46.47693337644872],[4.730859229061092,46.47698798199968],[4.730838001452017,46.477025681297896],[4.730806229767127,46.47710497108892],[4.730791444591961,46.477123838875436],[4.730776033569088,46.477143526740974],[4.73074006547019,46.47717685584735],[4.730719418077973,46.47719175939184],[4.730700305825333,46.47720573901413],[4.730610293065346,46.47726150260579],[4.730487050744443,46.47733830457047],[4.730450382942309,46.4773619169445],[4.730431230574974,46.477374636189566],[4.730367762360497,46.47742468369151],[4.730367634906286,46.47742477568829],[4.730364069044256,46.4774274416218],[4.730227633864518,46.47752813065648],[4.73009349617961,46.47758618307546],[4.730033639486934,46.47761446957532],[4.729839824372452,46.47770647965757],[4.729766765221601,46.477741901007164],[4.729637222682954,46.47780510720257],[4.729582767217202,46.477831060038014],[4.729535262870139,46.477854205641144],[4.729508364653941,46.47786524061149],[4.72947839033685,46.47787794333199],[4.729450554226575,46.47788818187966],[4.729444413438119,46.47797410858204],[4.729443587310663,46.47801384059425],[4.729442014841046,46.478083486116674],[4.729435628626571,46.47825624103388],[4.729435470765996,46.47825948583163],[4.729433273268028,46.478321755322646],[4.729426136166382,46.47837626374217],[4.729421297876185,46.478412814058],[4.729398561484723,46.47857978190183],[4.729377030043321,46.47873952614842],[4.729350705455393,46.47880567333726],[4.729333191520759,46.47884953073888],[4.729316015254146,46.47889581483385],[4.729282732703502,46.47898512441497],[4.729282735557844,46.47898521443867],[4.729305735597778,46.478995134038925],[4.729404209725002,46.47903750650157],[4.729455256043669,46.479060241493286],[4.729476975841703,46.479070900968935],[4.729507832922079,46.47908601557491],[4.72958760776427,46.47913074240436],[4.729626081254383,46.47915168612738],[4.729647841091554,46.47916360590215],[4.729696310086468,46.47919961963088],[4.729714770286781,46.479214381407395],[4.729741784764474,46.479235768726916],[4.729756935730736,46.479248959379106],[4.729775302766671,46.479264893426084],[4.729829080003224,46.47932028120857],[4.72987314916504,46.4793655482862],[4.72989481801074,46.47938692641826],[4.72991595133632,46.47940786231794],[4.729926261782376,46.47942463882826],[4.729940834727882,46.479448376034824],[4.730009458937671,46.479556678471475],[4.730018210325364,46.47956951563049],[4.730046655219446,46.4796113264161],[4.730083132791083,46.4796803058677],[4.730097003939099,46.479706575552825],[4.730137586063174,46.47977342131276],[4.730137722090641,46.479773599387286],[4.730144109670986,46.47978178884293],[4.73018693267742,46.47983707209782],[4.730280093065272,46.479929691547234],[4.730242360909314,46.47995268946266],[4.730184171161103,46.47998428323097],[4.729990640952428,46.48003620932596],[4.729923295329264,46.48005866466215],[4.729842854372122,46.48008753278589],[4.729842857227445,46.48008762280956],[4.729864516986433,46.480116926973395],[4.729884544437851,46.480144094235065],[4.729930508313845,46.480195637298905],[4.72995659608411,46.480224784353354],[4.729988815533288,46.48025816179649],[4.730039233232799,46.48031035793499],[4.730059837135625,46.48033103162471],[4.73008043819834,46.48035161528697],[4.730160178387051,46.48044038498092],[4.730198722182815,46.48048816739563],[4.730227897135251,46.48052420280529],[4.730228406982002,46.48052383481897],[4.730295257555688,46.480469322989606],[4.730295767401469,46.480468955002976],[4.730372461263411,46.48042059878225],[4.730619024423742,46.48026492252605],[4.730619151884166,46.48026483052904],[4.730672053280967,46.480300776743064],[4.730742032245799,46.480316109191996],[4.730794307833178,46.480192646385134],[4.730817458478003,46.48013744502777],[4.730859034409815,46.48003837222603],[4.730897104828858,46.4799356597535],[4.730954434233826,46.479782488293615],[4.730980299571488,46.479710133061374],[4.730995144403563,46.479668477430955],[4.7310442289884,46.479534885246856],[4.731065967371923,46.47947628267273],[4.731162831862935,46.479217314051944],[4.731218630287516,46.47906524641326],[4.731342445381616,46.47872300774129],[4.731349788653901,46.47870380229956],[4.731364248849697,46.478666475646875],[4.731393392062137,46.47855777364891],[4.731432049663443,46.478424339213255],[4.731432041089866,46.478424069142264],[4.731432886754501,46.47826589874589],[4.731430127895192,46.47825702391459],[4.731419699450279,46.47822421740139],[4.731543822874252,46.47821621226507],[4.73154395318636,46.47821621029066],[4.731669802071627,46.47820916961035],[4.731819857525203,46.47820077123357],[4.731819461373884,46.47819240100828],[4.731813850528726,46.47805675510412],[4.731827818186675,46.4778930718766],[4.731844847477657,46.4777272707045],[4.731826035728266,46.477582367806505],[4.731821189338378,46.477544703183376],[4.73181037170479,46.47745858294412],[4.731803387072049,46.4774028472589],[4.731790405676588,46.477318381011926],[4.731790402818195,46.47731829098824],[4.731750643973045,46.477158304046135],[4.731744656988442,46.4771339866167],[4.731744515245698,46.47713362849665],[4.731740452125711,46.47712063035403],[4.73171828247098,46.477050623982464],[4.731668138047275,46.476867376969636],[4.73164642006292,46.476791059050825],[4.731604057741116,46.47666812903927],[4.73158161817968,46.47661424872255],[4.731563019393797,46.47657868387204],[4.731510816956029,46.476478419672894],[4.731478392997894,46.476418025659335],[4.73144348354273,46.47635325601255],[4.731369681984369,46.47641859192613],[4.731349021333126,46.476445384636364],[4.731300201533353,46.47650917114767],[4.731299949489895,46.47650944516702],[4.731286125381323,46.476529829603166]]],[[[4.731919236651073,46.48319437764245],[4.732095999636733,46.48358718272852],[4.732138415575437,46.48360896657483],[4.732238888983696,46.48366058331445],[4.732331260334405,46.48372394140049],[4.732402171935491,46.48377258351741],[4.732486562351267,46.48383507171644],[4.732503652982347,46.48384769222085],[4.732526659354921,46.48387004034222],[4.732602947842143,46.48394426990234],[4.732643417198189,46.48398274545379],[4.732689801146903,46.48402680554257],[4.732719869624014,46.48401698274625],[4.732745538473183,46.484008217377834],[4.732788327735372,46.48398838441748],[4.732828539054879,46.483969491194166],[4.732968749417656,46.483864148679324],[4.732990406996595,46.483848148653756],[4.733079447567293,46.48378204042139],[4.733132718435494,46.48372277921127],[4.733216435505022,46.48361225852731],[4.733234256556359,46.48358631920242],[4.733278864258793,46.483521154806965],[4.733304662933107,46.483475459896354],[4.733351177229117,46.48339234323454],[4.733368525758591,46.483359746098664],[4.73338093026246,46.48333569023338],[4.733436360468062,46.483262345674596],[4.733535064676392,46.48311061696418],[4.733596623923709,46.482988092869824],[4.733625421292793,46.482930103285426],[4.733657535043289,46.48283288426381],[4.733665453747873,46.482762061590435],[4.733668051197994,46.48272482453898],[4.733668786251509,46.48271103314532],[4.733661596537459,46.482624317661305],[4.733649383690031,46.482564158055034],[4.733245776396063,46.48257442260463],[4.733064823645117,46.482558702910296],[4.732893422741298,46.48251942070243],[4.732739156133406,46.48250644821925],[4.732563876640775,46.48248460724235],[4.732441697669937,46.482451513343456],[4.732356476794843,46.482428487030866],[4.732202332509182,46.48246450837939],[4.731930149810007,46.48251159518062],[4.731803409884876,46.482548371574126],[4.731700055213883,46.48257839875245],[4.731629550726556,46.48257946698639],[4.731629029436436,46.48257947488442],[4.731727313411787,46.48311244274242],[4.731919236651073,46.48319437764245]]],[[[4.734546934266223,46.49859658098217],[4.734648292032121,46.49857666952062],[4.734761869187832,46.49856368782539],[4.73491737659836,46.4985404325793],[4.734944246644945,46.49853642214591],[4.735111858806163,46.49850829946525],[4.735118214954355,46.49850721226363],[4.735118345314825,46.49850721028515],[4.735118863891707,46.498507112347916],[4.735368051376668,46.498472707448],[4.735383272021129,46.49847148567486],[4.735429191805637,46.49846772636233],[4.735497403254953,46.498471824713015],[4.735494408987963,46.49842692685276],[4.73546074979659,46.498344666451786],[4.735390854664115,46.49819342454945],[4.735390709977253,46.49819297641189],[4.735427065968015,46.498183778130446],[4.735427584541265,46.498183680191815],[4.735400586919906,46.49812221414113],[4.735382877912478,46.498082133045216],[4.735383135765955,46.49808203906437],[4.735554888968777,46.498028363952656],[4.735571935917173,46.49802306142258],[4.735568820159019,46.498019415985716],[4.735564213135063,46.49801399185241],[4.735564986693586,46.498013709908655],[4.735570007659494,46.49801165221585],[4.73557734643448,46.49800865866801],[4.735585103606923,46.49801880851647],[4.735662701543682,46.49799412302756],[4.735678266111259,46.498020096157084],[4.735681439194798,46.49802554205621],[4.735694028040674,46.49801130051363],[4.735707121121234,46.49799651091344],[4.735707373241861,46.497996236885335],[4.735750272447152,46.49795496545106],[4.735810893200821,46.497909101724396],[4.73581116538329,46.49790945785889],[4.735829148013675,46.497929449847476],[4.735861597863281,46.49796552425529],[4.73586053779293,46.497964999950405],[4.735848074802412,46.49795861430908],[4.735840644331868,46.497958727129976],[4.735830313050119,46.49796194626518],[4.735811571574963,46.49797547063971],[4.735805239912984,46.49798142111529],[4.735792831571147,46.49799313806038],[4.735767181218404,46.498023159478294],[4.735757494686352,46.49803843776532],[4.735748929794878,46.49805207781994],[4.735744918879809,46.498065378532196],[4.735744924611827,46.49806555857871],[4.735745231186753,46.49806699499248],[4.735746648032279,46.498074629156804],[4.735777261509321,46.49811856727851],[4.735822638882621,46.49818380718781],[4.735861669290463,46.49817258669138],[4.735909101400073,46.49815898694033],[4.735909619972224,46.49815888899951],[4.735973793916826,46.49814269327458],[4.735973788184046,46.49814251322808],[4.73595922744058,46.49810301487723],[4.735959746012107,46.4981029169362],[4.736016488019489,46.49809088704123],[4.736037343455289,46.4981396567447],[4.73599911669983,46.49814744256111],[4.736033357823031,46.49820699715177],[4.736033493915735,46.49820717521873],[4.736033621408962,46.49820708321595],[4.736033615675977,46.49820690316945],[4.7360714755492,46.498187594365525],[4.736115101246798,46.498165045652364],[4.736104938871158,46.49807936633269],[4.736200460469899,46.49806053283163],[4.736211233390354,46.49807937331853],[4.736211508443065,46.4980798194753],[4.736266193455859,46.498076917439704],[4.736326713098744,46.498072936028485],[4.736327744505963,46.498072560096574],[4.736329549468563,46.49807190221572],[4.736409132920048,46.49806042587923],[4.736510782803135,46.49804564210987],[4.736493315186164,46.49800907011181],[4.736480801637224,46.497988815019916],[4.736425678059772,46.49791651804875],[4.73642527264712,46.49791607387243],[4.736340350627716,46.49780496033445],[4.736254486590158,46.49770520945904],[4.73625346092304,46.49770576543681],[4.736248485880225,46.49770926353178],[4.736106003075248,46.497740068590204],[4.736105614866034,46.49774016455231],[4.736097204621586,46.49774227373844],[4.736085675176321,46.49770786317539],[4.736085669443217,46.49770768312886],[4.736011068727803,46.49771998425244],[4.736010550160009,46.49772008219371],[4.736004357253254,46.49770990861967],[4.73592353656708,46.497723475004186],[4.735923406208514,46.49772347698359],[4.735914440130055,46.49772451379475],[4.735904306556608,46.49772574846621],[4.735880208796603,46.49772260176288],[4.735863051571089,46.4977203404058],[4.735862657629218,46.49772025632054],[4.735862651896849,46.49772007627401],[4.735876415855782,46.497640338314525],[4.735841584936948,46.497570434954255],[4.735819424929586,46.49752573802955],[4.735880005562587,46.497519594316714],[4.735902106245265,46.49751736733563],[4.735909940233123,46.49748896741156],[4.735944547767675,46.49736342921354],[4.735967299080193,46.49728742763732],[4.735970219668351,46.4972685593292],[4.735972156216081,46.49725565037172],[4.735974573328694,46.497192296712804],[4.735978779791099,46.49714008416438],[4.735982418202777,46.49713147256973],[4.735987027811373,46.49712059455742],[4.736011490457251,46.49711472901419],[4.736027931152962,46.497110876685106],[4.735978446204875,46.49696166690786],[4.735967312429762,46.496931483463186],[4.735931314951149,46.496902758367305],[4.735926160647659,46.49688833587901],[4.735921185429461,46.4968754418067],[4.735903178358945,46.49682599836235],[4.735869969844307,46.49678245994476],[4.735863182611499,46.49677409672371],[4.735811204056076,46.49671039813076],[4.735766068663913,46.49665272015634],[4.735753979767327,46.49663759234887],[4.73574577150745,46.49662555795819],[4.735715433935046,46.496582065975055],[4.735682222774466,46.49653024140065],[4.735676191943742,46.49652105608377],[4.735637401287597,46.49646193073022],[4.735637395556103,46.496461750683636],[4.735611282992781,46.49647313527477],[4.735608452423902,46.496474349116575],[4.735559863873766,46.49643518718305],[4.735562668651097,46.496433163132856],[4.735562535429978,46.49643307508857],[4.735540084110157,46.4964201761126],[4.735475784621358,46.49644465967839],[4.735453231704497,46.49644905505198],[4.735441956677414,46.49645129774875],[4.735423373142449,46.496453381189525],[4.735411029480451,46.49645482950428],[4.735336586443024,46.49645974234388],[4.735330210481161,46.49646019939495],[4.735329819414456,46.496460205331125],[4.735303636384547,46.496391521546094],[4.735266771397074,46.49629453879143],[4.73526649349597,46.496294002608934],[4.735266108160697,46.49629418859151],[4.735248766564406,46.49625743436725],[4.735247448688074,46.4962570040371],[4.735167515233853,46.496257406702334],[4.735150172276935,46.49625748980067],[4.735045203472442,46.49626214523472],[4.734927656018574,46.49628545515656],[4.734871796626773,46.496296480411026],[4.734871700602011,46.4963057587465],[4.734871595853975,46.49633935524462],[4.734871204788085,46.49633936117924],[4.734684209264244,46.49635651939178],[4.7346840789089,46.496356521369776],[4.73456477069501,46.4963695900184],[4.734536063871936,46.496369124909975],[4.734498223581152,46.496368528169356],[4.734460125444235,46.496368025395014],[4.734360569786552,46.49636656359529],[4.734218385060938,46.49636565832331],[4.734217993994788,46.4963656642557],[4.734198429233733,46.496365600779825],[4.734166602476612,46.49636545310709],[4.734149037503316,46.496362657284536],[4.734136848597991,46.4963607706439],[4.734077212013643,46.49634735464453],[4.734048682886701,46.496344274782594],[4.734044624692546,46.49634379593783],[4.734044621829434,46.49634370591451],[4.734034794319597,46.49630944947878],[4.734034272898574,46.496309457387795],[4.733806503097684,46.49633218629776],[4.733806114894445,46.49633228225206],[4.733920137782772,46.49661642477767],[4.733958245554141,46.49670744467293],[4.734003415256717,46.49681547012496],[4.734011205150789,46.49681436123518],[4.734026912431333,46.49681205145348],[4.73407827455011,46.496799023304675],[4.73411444944816,46.496784153969124],[4.73415860906726,46.49676610123113],[4.734326676613219,46.49669915393565],[4.73432668234041,46.49669933398227],[4.734354630269206,46.49678663501513],[4.734387631835643,46.49689340385859],[4.734394182312737,46.49691483043562],[4.7344320056452,46.497033775193586],[4.734466703536508,46.49714466134945],[4.734483092088928,46.497196561357555],[4.734483309743815,46.49720340312877],[4.734487179731071,46.49737014804331],[4.734486785793852,46.497370063953326],[4.734463221159327,46.49736726913332],[4.734329677775983,46.497351101642764],[4.734275863071853,46.49734444248416],[4.734234617126752,46.49733930390579],[4.734213997700891,46.497338896159185],[4.734203557630368,46.49733869426192],[4.73413944876089,46.49734462040587],[4.734137108048449,46.49734483604516],[4.734170630661467,46.497467989183626],[4.734179424043494,46.497510727566144],[4.734191436016051,46.49756854833731],[4.734196820358581,46.49759431581623],[4.734220992083387,46.4977022994382],[4.73422516477898,46.49771457528436],[4.734239007871096,46.49775615625951],[4.73426505672398,46.49784114437759],[4.734275232777904,46.497874044502595],[4.734275235641476,46.4978741345259],[4.734326256540206,46.49803485020097],[4.734226267756942,46.49805266909085],[4.734186539486235,46.49806245854359],[4.73418654234967,46.49806254856689],[4.734255257736462,46.4982219150579],[4.734275851060119,46.498262492961736],[4.734282486200033,46.49828247718997],[4.734285657661965,46.49829197615334],[4.734313643568963,46.498380447475526],[4.734320032334961,46.49840088577278],[4.734330063847727,46.49843333775092],[4.734359911284428,46.498486024329225],[4.73436814529233,46.49849886902522],[4.734372259433971,46.49850520134969],[4.734412996877634,46.498572223451376],[4.734450431064004,46.49863380158291],[4.734450688921696,46.49863370760417],[4.734450549969195,46.49863343951205],[4.734503289008318,46.49861444590684],[4.734513202250344,46.498606279566935],[4.734546934266223,46.49859658098217]],[[4.735702930800291,46.497688726289795],[4.735663963375825,46.49766094686659],[4.735679965859387,46.49765151710344],[4.735681567416703,46.4976526636564],[4.735717768656875,46.497679584403585],[4.73570933695362,46.497685116424535],[4.735703330473529,46.497688990422155],[4.735702930800291,46.497688726289795]]],[[[4.73394411417025,46.470095127315155],[4.733813371211339,46.47018546709596],[4.733802575198083,46.4701985105105],[4.733798631871339,46.470205685648416],[4.733793720594734,46.47021521721887],[4.733777013034477,46.47027194282367],[4.733771263881646,46.47029202496129],[4.733770549259065,46.47029825043684],[4.733767747992875,46.470324952813456],[4.733765779777195,46.47036145986771],[4.73376520095947,46.470376059526224],[4.733766974260931,46.47040314282764],[4.733770015745408,46.47044551829963],[4.733788153708527,46.470503516525156],[4.733866797738981,46.4706974986938],[4.733897118875111,46.470765579689115],[4.734006884374255,46.471011778793574],[4.734015985980294,46.4710315455124],[4.734049818215945,46.47110344607458],[4.73409658832096,46.471180464246636],[4.734201655328777,46.471319824790456],[4.734273275940098,46.47143222239598],[4.734345177107798,46.47156983449818],[4.734435785020801,46.47174228879903],[4.734655610494114,46.47164104896752],[4.734796761890432,46.47157459818542],[4.734796889323507,46.47157450618362],[4.73493393389681,46.47151009905239],[4.734934061329503,46.47151000705042],[4.735018831124526,46.47147017121742],[4.735032960366139,46.471463561913666],[4.735170004382057,46.4713991544982],[4.735331741193865,46.47132419432806],[4.735368467280547,46.47130670395323],[4.735438064939649,46.47127349298351],[4.735605728709345,46.471196370852034],[4.735622964842455,46.47118908381214],[4.73564084385348,46.471181516803206],[4.735766257381834,46.47112854370357],[4.735798407165325,46.47111472538877],[4.735825816231377,46.47110350096163],[4.735911903505579,46.47106823785654],[4.735912288660478,46.47106805187103],[4.735843747238785,46.470679732688104],[4.735814896467699,46.47056371409382],[4.735784645018557,46.47040367391543],[4.735770914330296,46.47029580187031],[4.73577090860111,46.47029562182296],[4.73574957131346,46.47009617692507],[4.735743467000708,46.47003952732302],[4.735733532921614,46.470005903029886],[4.735698946039142,46.4699349150652],[4.735535780672179,46.4696001818987],[4.73561406120736,46.46956954091088],[4.735614576644004,46.46956935294727],[4.735697736546726,46.46953638610536],[4.735697866837953,46.4695363841262],[4.735743176499372,46.469518312882826],[4.735743040479178,46.46951813481467],[4.735677452836244,46.469406907387295],[4.735675551424895,46.469404504455575],[4.735657455085315,46.46938064133026],[4.735635756448286,46.46935827399548],[4.735632928683302,46.469355434798196],[4.735296471458644,46.46914600495032],[4.735275494701328,46.46913812740476],[4.73526883271425,46.46913768817478],[4.735251846293955,46.46913641499738],[4.735212504353816,46.469137192589784],[4.735043416181293,46.46914066092891],[4.735022181662775,46.46916566177409],[4.734987023176735,46.46920780666956],[4.734746999217613,46.469435988439585],[4.734532892968891,46.46963891770056],[4.734381983291566,46.46978369466229],[4.734349097734317,46.46981535705334],[4.734348970304596,46.46981544905468],[4.734343253139984,46.46982012925683],[4.734283295153667,46.46986949543251],[4.734139771697154,46.469963722338406],[4.734043976893356,46.47002984433991],[4.734019846689507,46.470045792145],[4.733993179300215,46.47006394005855],[4.733993051869312,46.47006403205948],[4.733944244462875,46.47009512533798],[4.73394411417025,46.470095127315155]]],[[[4.735227169897464,46.494542079669806],[4.735266442886163,46.494591830883884],[4.735459312106467,46.49480037996392],[4.735496339350886,46.49483692537356],[4.735545997958768,46.49488516782544],[4.735736846003304,46.49503015996927],[4.735830254935692,46.49510079512052],[4.735894105185388,46.49514008545563],[4.735992529343911,46.49520028663908],[4.736021308201774,46.49517436069917],[4.736037940092534,46.49516014777008],[4.736078957560379,46.495125389542764],[4.736136970566946,46.49507145915702],[4.736209677175305,46.49500388562237],[4.736231094723311,46.49498842911175],[4.736245883023183,46.4949777567568],[4.736261884618747,46.49496832690796],[4.736266287918617,46.494967359362015],[4.736272116489788,46.49496609996821],[4.736285412389982,46.49496589802752],[4.736309755671001,46.494984982729534],[4.736335008743272,46.49501215962324],[4.736343382988925,46.4950212192465],[4.736358928307436,46.49504250910537],[4.736359319363863,46.495042503165664],[4.736410514691271,46.49503659174504],[4.736414501135053,46.49503481992366],[4.736417847285828,46.495033418095176],[4.736451186838932,46.49501147577535],[4.736451311456968,46.49501129374876],[4.736460156468436,46.494998279837525],[4.736484547171193,46.49496152234251],[4.736331770152645,46.49461969753159],[4.73631111426061,46.49454030211233],[4.736241816705959,46.49420297349536],[4.736228786139445,46.494137782874084],[4.736145298769136,46.49372339234953],[4.735462427804088,46.49379608757247],[4.735453980894071,46.49379702640936],[4.735440334342122,46.493798494516625],[4.734984921239744,46.493851341396436],[4.734984929833342,46.493851611466475],[4.734981639429505,46.493899847153486],[4.734966813183003,46.49412244714199],[4.735028588747944,46.49424823356971],[4.735089452175316,46.49434944556987],[4.735185829990319,46.494497043290544],[4.735193653913229,46.49450521067977],[4.735218061072358,46.49453041918058],[4.735227169897464,46.494542079669806]]],[[[4.735676862229069,46.49847171225473],[4.735707292039042,46.49846890853117],[4.735732507431907,46.49846618396713],[4.73579729642867,46.49845700421842],[4.735876678537768,46.49844327965119],[4.735907025199021,46.49843786520017],[4.735907679866697,46.49843794532649],[4.735884827633191,46.4984001940671],[4.735879593053754,46.498391447003954],[4.735867244399872,46.498372270145914],[4.735867111173525,46.498372182101996],[4.735845660562066,46.49837845220515],[4.735815813921638,46.49838728158572],[4.735815677829197,46.4983871035185],[4.735749077054179,46.49829021213133],[4.735748558480492,46.498290310071404],[4.73571094472885,46.49830096861866],[4.735678423053564,46.49825444751381],[4.735678165199781,46.49825454149532],[4.735655436807096,46.49826164156348],[4.735640325129462,46.498266284256786],[4.735591537676595,46.49827828326767],[4.735489040549293,46.49830334668145],[4.735509829684999,46.49835004594435],[4.735538764404238,46.49842319124317],[4.735539707215761,46.49845280889576],[4.735540063965648,46.49845991875432],[4.735572139804789,46.49846375501931],[4.735632218800991,46.49847049861778],[4.735676862229069,46.49847171225473]]],[[[4.736803443417942,46.48577111324377],[4.736797766241323,46.485773000850145],[4.736790278780062,46.485775366298896],[4.736764768508528,46.48577683473486],[4.736743034938256,46.48577815571181],[4.736746198931181,46.48583656110807],[4.736749804214153,46.48590063401837],[4.736582362186182,46.485936953271],[4.736581843731442,46.48593705121505],[4.736528106358817,46.48594885582598],[4.736417914669435,46.485973136715394],[4.73641778433897,46.48597313869538],[4.736414053485594,46.48597472651274],[4.73632577038366,46.48601137391945],[4.736268846440345,46.48603367458231],[4.736270887386905,46.48603634558811],[4.736274563957469,46.48604124342191],[4.736274972146876,46.48604177762305],[4.736304275816255,46.486077539398664],[4.736439663273109,46.48624255689079],[4.736439799337286,46.48624273495763],[4.736482837127965,46.48629621136645],[4.736529001625258,46.48635369327016],[4.736667181886035,46.48652037934808],[4.736682911030933,46.486539324623884],[4.736683047096644,46.48653950269044],[4.736719907918276,46.48658325556786],[4.73700422634898,46.486920739339375],[4.737004614479603,46.486920643374056],[4.737505719210473,46.4867772060663],[4.737651860920972,46.48662889577545],[4.737652121584948,46.4866288918127],[4.737888815523002,46.48658881607968],[4.738050677803352,46.48656149641429],[4.73863932217138,46.4864646385224],[4.738640228751938,46.48646444459812],[4.738886562907277,46.486424130069004],[4.739278828507212,46.486335390086865],[4.739460922721166,46.4862965021522],[4.739654929590248,46.486255000800696],[4.739655059921268,46.48625499881703],[4.740555384247394,46.48614726213695],[4.740555514578126,46.486147260152265],[4.741138810791208,46.486115949464555],[4.741138941121842,46.486115947479206],[4.741202672643193,46.48598428927437],[4.741202797224747,46.48598410724233],[4.741332183512919,46.48600564363504],[4.741421690704952,46.486031930562774],[4.741583985684302,46.48610808634759],[4.741657887066212,46.486151993831434],[4.741694708453093,46.48618214563269],[4.741771831963471,46.48624527830646],[4.741870141023174,46.48628584149872],[4.741965148816538,46.486325103914425],[4.742074432785413,46.486362257256644],[4.742101838805165,46.48636706344149],[4.742144324949481,46.486374521918044],[4.742144049907267,46.48637407577465],[4.742119005659289,46.486324830516615],[4.742163181935278,46.48622193101153],[4.742180715480692,46.48615852671371],[4.742200223017755,46.4860875266855],[4.742200997593956,46.48603014212522],[4.742201098105872,46.48602104381426],[4.742199279083954,46.48600900254695],[4.742112115668744,46.485990786539986],[4.741908796248195,46.48594885175052],[4.741813239138579,46.48592094612313],[4.74179178829966,46.485914788182235],[4.741521004456952,46.48583857447621],[4.741196514230165,46.48572607066135],[4.741110814066086,46.48569648315713],[4.740986587176017,46.485673156662656],[4.740844720779364,46.485656853731044],[4.740825354415047,46.485654716882614],[4.740824963426413,46.485654722837616],[4.740691680421689,46.48565405072695],[4.740317404749276,46.485652544752824],[4.740071038043288,46.48564674859532],[4.739878053722652,46.485642571127514],[4.739444315641393,46.485632780596696],[4.739304801606062,46.48563706531773],[4.739174022501169,46.485641307023556],[4.738873456009765,46.48567776382532],[4.73865354799809,46.48576568213066],[4.738627800603619,46.48577607122636],[4.73857297578532,46.485794648376746],[4.738425796021897,46.48584480266876],[4.73838150436444,46.48585430288457],[4.738296434178357,46.48587306970085],[4.738197546812361,46.48587970739734],[4.73807375818483,46.48589464956789],[4.738013230878567,46.48590205478241],[4.737876159528771,46.48590936288261],[4.737851299238449,46.48590667859525],[4.737535303568218,46.48586410747099],[4.73753151252019,46.48586380483348],[4.737455816162239,46.48585757002866],[4.737461777968681,46.48588098689005],[4.737466999214361,46.485901622931465],[4.737508093111873,46.48606185791313],[4.737513382327973,46.48609690363895],[4.737528613959994,46.4861984478029],[4.73752948358873,46.48627075838205],[4.737529649952131,46.48627597973888],[4.737530562608579,46.48634964066797],[4.73752437642069,46.48640512590955],[4.737520200239605,46.486441846660384],[4.737515832070119,46.48644389453668],[4.737515701738569,46.486443896517905],[4.737505048971052,46.48644513925844],[4.737485171345184,46.48644742289668],[4.737484780350504,46.48644742884025],[4.737483013785194,46.48629785441676],[4.737482993707382,46.486297224253015],[4.73748019477514,46.48625439491015],[4.737480186170384,46.486254124839974],[4.737480796061793,46.48624871154915],[4.737484628413167,46.48620938408251],[4.737477102456699,46.48614915359795],[4.737466745488102,46.486065548727545],[4.737459386618307,46.486026931780835],[4.737452510532481,46.48599118963875],[4.73742002869509,46.4859007157212],[4.73741857051342,46.48589587426862],[4.737408527996497,46.48586306239978],[4.737402149748639,46.48584703736006],[4.737364820176046,46.485829501318534],[4.737335138677837,46.48581464109152],[4.73729540298235,46.485795250194],[4.737255147586649,46.48578001026401],[4.737227439890473,46.48576980349315],[4.737179865983178,46.485754044302624],[4.73715627883622,46.485746296763814],[4.737083098519898,46.48572489222027],[4.737053912951624,46.485717409878404],[4.737008562054226,46.48570594004915],[4.737008162462477,46.48570567592084],[4.736962872341185,46.48571248874928],[4.736962614548909,46.48571258273389],[4.736904155629852,46.485727611623425],[4.736902991262919,46.485727899518416],[4.736885030243134,46.48573303607455],[4.736835650863457,46.48573018375801],[4.736813967363869,46.4857289821123],[4.736810381948429,46.48575560635538],[4.736809101833948,46.48576454243893],[4.736809113302423,46.485764902532594],[4.736803443417942,46.48577111324377]]],[[[4.736725420495601,46.47316308811804],[4.736728900014092,46.47316591738489],[4.736729033180274,46.473166005428176],[4.73682098225896,46.47326971631418],[4.736821115425544,46.47326980435735],[4.736839968007033,46.473288702122126],[4.736850070169035,46.47329890630161],[4.73685915990432,46.47330597351749],[4.736859562271072,46.473306327670464],[4.736909127690807,46.473344032979355],[4.736939290656193,46.47336194820792],[4.736978584290238,46.47336774570545],[4.737040404265467,46.47337680345752],[4.737040516072595,46.47338031437774],[4.737040665148787,46.47338499560474],[4.738466799850214,46.473727269717415],[4.738634033329517,46.47376741727668],[4.73862754903964,46.4738911782098],[4.738628200547246,46.47389116829732],[4.738924875257362,46.47390232579621],[4.739033339521756,46.47390643951608],[4.739033469823299,46.47390643753311],[4.7391740026367,46.47391051342499],[4.739387402592044,46.47389393544553],[4.739387923798044,46.47389392751207],[4.739641143513213,46.473866925611574],[4.739655954807872,46.47386534912156],[4.739656215410715,46.47386534515424],[4.739656864046632,46.473865245212366],[4.739673059845245,46.47386211649989],[4.739673838782505,46.47386201457424],[4.741063657555177,46.473563890875916],[4.74106404845713,46.473563884920104],[4.741154701250951,46.473569528936906],[4.741195585937385,46.47357205832887],[4.741366338175093,46.473591703025754],[4.74146276930087,46.473602752849],[4.741526371367103,46.473696174075734],[4.741583822661645,46.473780682282225],[4.741583825536013,46.4737807723057],[4.741653116130485,46.47381961606244],[4.741628848604939,46.47389249008833],[4.741623671080663,46.47391814810668],[4.741627036915431,46.47393782154301],[4.741629110262748,46.47394967882446],[4.741627646359765,46.473993653968904],[4.741630970034854,46.474007924010685],[4.741630590627611,46.47400829006233],[4.741626793680441,46.47401186055521],[4.741620969394265,46.474017263291934],[4.741606899715122,46.47404206609223],[4.741590581377594,46.47408626762627],[4.741587991632063,46.474090900526626],[4.741572470395838,46.47411923806817],[4.741567356059442,46.4741468765994],[4.741567361808162,46.47414705664633],[4.74155683610108,46.47418486518278],[4.741531136875032,46.47426190409322],[4.741460385461385,46.47436106558119],[4.741438919944204,46.47441147010182],[4.741405338075784,46.47449070064839],[4.741405340949894,46.474490790671844],[4.741373872573189,46.47457088967222],[4.741345010211855,46.474638699802455],[4.741310090596483,46.474704620743935],[4.741304554575938,46.474714972769185],[4.741302072088052,46.47471888348929],[4.74126644245622,46.47477481776823],[4.741252137678188,46.474800434704036],[4.741239927346994,46.474822236899215],[4.741227484155907,46.47484899634021],[4.7412280082446,46.47484907842181],[4.741314005770037,46.474859927110764],[4.741465060342805,46.47487906126237],[4.741421193748336,46.474979164004566],[4.74136991301257,46.47509613221541],[4.741292943560672,46.475278250191565],[4.741272330315009,46.47551463055245],[4.741277933268698,46.475551292615876],[4.741277941890568,46.47555156268625],[4.741269909557951,46.47562256800254],[4.741269921053738,46.47562292809636],[4.741251292273108,46.47578263097367],[4.741263805861639,46.47589691577013],[4.741291636180395,46.47602952102981],[4.741314404885567,46.47613833558968],[4.741352531138579,46.476131990328625],[4.741484151534576,46.47610989963877],[4.741512493247944,46.47610334316151],[4.74152918208736,46.47609930600955],[4.741601298193355,46.47607956305611],[4.741671083101686,46.47606030592167],[4.741699997737349,46.47605536187593],[4.741725324153069,46.47605236392386],[4.741733241231774,46.476051252518175],[4.741769133033347,46.476052506821596],[4.74187679119814,46.47605572952363],[4.741916606578379,46.47605737431188],[4.742164382902869,46.476080076999814],[4.74218166389003,46.47608233543294],[4.742204692747911,46.47608495657152],[4.742241895369806,46.47609051397178],[4.742301413142541,46.476104918001916],[4.742517043457282,46.47618647362307],[4.74254234334667,46.4761989674655],[4.742552934711394,46.47620402986654],[4.742575585336519,46.476215213089716],[4.742622334372467,46.47623800778205],[4.742843094871254,46.47636992224674],[4.742984101133914,46.476453876009735],[4.743000170408204,46.47646308798295],[4.743039854456719,46.476485089593275],[4.743111605228991,46.47652326452197],[4.743148596899431,46.47654260514451],[4.743239728323711,46.4765834565908],[4.743245281813832,46.47658589376006],[4.743245548183928,46.47658606983134],[4.743245811676766,46.476586155879204],[4.743481503048441,46.47655698120881],[4.743481763663866,46.47655697723275],[4.743481497293151,46.476556801162026],[4.743500021944087,46.47655309598377],[4.743538869646311,46.476544847574395],[4.743430991882358,46.4763186231605],[4.743410501564582,46.476277144536205],[4.743410498687069,46.47627705451282],[4.743409010636848,46.476275365935756],[4.743359806376029,46.476220635126815],[4.743285027599594,46.47613666229602],[4.743212547702253,46.47605526630258],[4.74319728216081,46.47603856651458],[4.743194172903051,46.47603510131908],[4.743157325524641,46.47599171054726],[4.743129140391353,46.47597052432283],[4.743101224523464,46.47594960418641],[4.742967817941716,46.47585049343024],[4.742781700433643,46.475717420433256],[4.742713549477551,46.47566946314859],[4.742660610997715,46.47562838915861],[4.74266047781595,46.47562830112226],[4.742658847996164,46.475626254428676],[4.742654355206519,46.47562028843331],[4.742649729236143,46.47561423440143],[4.742650022361,46.475611167643834],[4.742650834706853,46.47560394987338],[4.742704330543899,46.475544140009255],[4.7427322717348,46.47551282082639],[4.742742849199761,46.475501130905265],[4.742793706227951,46.47544442352554],[4.743135112837673,46.47506822911267],[4.743147071689382,46.475054896867775],[4.743156643945195,46.4750443931131],[4.743202304386756,46.4749923582356],[4.743362052971848,46.47481032703457],[4.743362183275392,46.474810325046676],[4.743399548339112,46.47482506644759],[4.744172812801208,46.47453739051668],[4.74418168279353,46.47453347230516],[4.744258938278789,46.474499238406196],[4.744338876823235,46.474455146157474],[4.74440128912146,46.474421499001195],[4.744479230530525,46.47435573090598],[4.744487736215648,46.47434857580673],[4.744489386958961,46.47434719959652],[4.744535326978462,46.474308039515265],[4.74463710826127,46.47427027857341],[4.744639042638338,46.47426961856946],[4.744749261750571,46.47432855110988],[4.744821149824319,46.474366993059434],[4.744948891823941,46.474435745402744],[4.745049973831871,46.47449022374825],[4.745118486670538,46.47452502429665],[4.745167253230444,46.47454976862014],[4.745299438624137,46.47447623635471],[4.745299441504674,46.47447632637809],[4.745373618185876,46.47452923388059],[4.745384241176624,46.4745352862777],[4.745623784625746,46.474671592023135],[4.745657237683034,46.4746536979965],[4.745670425527113,46.47464620108107],[4.745885284874002,46.474524480059024],[4.745885145926718,46.474524211979734],[4.745884873795162,46.47452385586784],[4.745857296956818,46.47448095477437],[4.745806145646558,46.474410222742875],[4.745779297282645,46.47435749315802],[4.745757107512947,46.47430775468902],[4.745756705725634,46.47430334752547],[4.745753913385185,46.47427312754407],[4.74575609428865,46.47425165818984],[4.745756609734582,46.47425147018062],[4.744153543946563,46.473192799000884],[4.74415327471153,46.47319253290823],[4.744080622217909,46.47313419734369],[4.744027503058999,46.47309150553704],[4.743977694599924,46.47305858052123],[4.743871476559886,46.47299012914493],[4.743734509313917,46.4729017916786],[4.743701152776767,46.47290230068313],[4.743690077363903,46.47290246968638],[4.743676329782635,46.472900607914596],[4.743650010191311,46.47289695649553],[4.743630597250675,46.472889146653145],[4.74359704123771,46.47285894570591],[4.743569819370092,46.472835223017825],[4.743563922199671,46.47283017915934],[4.743563519792911,46.47282982502995],[4.743500527408091,46.47278818430761],[4.743500127879531,46.472787920201434],[4.743527782411244,46.47277623983691],[4.743489569865745,46.47273494155737],[4.743472484735688,46.47274285795791],[4.743407873913071,46.47277293548547],[4.74338632037817,46.47278380220131],[4.743374389621311,46.472789838601265],[4.743325971492299,46.47282894597126],[4.743325464683005,46.472829404039885],[4.743284125084215,46.47278815340042],[4.743275332602716,46.4727822530242],[4.743260017387439,46.47277212892304],[4.743244779858331,46.47276443545292],[4.743240408076287,46.47276225046269],[4.743240144601927,46.472762164414746],[4.743234478464849,46.47276026937216],[4.743214443365946,46.47273706743684],[4.74318473176403,46.47268438095818],[4.74317590274612,46.47267325722632],[4.743167759746986,46.47266320383681],[4.743113609819591,46.47258414013944],[4.74309022413351,46.47254991101169],[4.74305868401432,46.47250526838761],[4.743045299188982,46.47248619814661],[4.743007803354913,46.47242651504318],[4.742979623201109,46.4723768674438],[4.742977704956082,46.47236987145076],[4.742974603377029,46.47235848020769],[4.742972509661664,46.47234599278338],[4.742970890261017,46.47233611007706],[4.742954631183657,46.47231276043511],[4.742905865540955,46.472243071588665],[4.742855634252645,46.47217646736631],[4.742850192251929,46.472169344981445],[4.742792925883769,46.472180396009925],[4.742779537768089,46.47217753791017],[4.74269689486949,46.472136916998224],[4.742653308084241,46.472115064889444],[4.742620311030238,46.4721023282055],[4.742585657516794,46.47209078764831],[4.742547049092606,46.472077866313974],[4.742484374898464,46.47205837676269],[4.742467794447939,46.47204944272831],[4.742455644099538,46.47204044113839],[4.742411764172593,46.47200940654221],[4.742390558114161,46.471994418451324],[4.742371151426122,46.47198678844085],[4.742270684345402,46.471947249616065],[4.74218143351344,46.47191195299763],[4.742181303216776,46.47191195498418],[4.742095568926001,46.47190920905677],[4.742041694074159,46.471903995887516],[4.741762524626599,46.47185286011978],[4.741650413036414,46.471836465417375],[4.741536697717374,46.47181883410565],[4.741515738190821,46.471815640917036],[4.741502515017577,46.4718138609638],[4.741501730364718,46.47181378285492],[4.741452369128192,46.47178661426468],[4.741447858577789,46.47178416112071],[4.741431720035781,46.47178089444524],[4.741428572804643,46.47178031193727],[4.74124111275196,46.471776143385455],[4.741216304714846,46.4717749001999],[4.741203254962127,46.471774468579284],[4.741184655174719,46.471771689709676],[4.741166055389207,46.47176891083707],[4.741151391344821,46.471762829568334],[4.741118105526946,46.47174919618552],[4.741101283925378,46.47174494913138],[4.741076054401362,46.47173866856901],[4.740997559685822,46.471721761016774],[4.740960066099454,46.47171107385198],[4.740913253545927,46.4716943140093],[4.740870410240411,46.471679385089885],[4.740783288245526,46.471669904279075],[4.740754907686612,46.47166700414002],[4.740691123930402,46.471665814184114],[4.740658816235103,46.47166648646908],[4.740470726056562,46.471671152853155],[4.740437729533861,46.471670664692645],[4.740403311243316,46.471670558446505],[4.740388918348476,46.47166888624859],[4.740383425804267,46.471668339432874],[4.740366083100271,46.471664100208436],[4.740351505339906,46.47166071954308],[4.740223794851524,46.471629339659266],[4.740024637037942,46.47157310824955],[4.73994883207941,46.47155877097764],[4.739888663745639,46.47154014254069],[4.739888660874187,46.47154005251715],[4.739888267115156,46.471539968445406],[4.73984810191246,46.47152725005246],[4.73972615593646,46.47148857646869],[4.739708199186989,46.47148551736926],[4.739691163123007,46.47148271445174],[4.73965684189313,46.47147747267061],[4.739642698179366,46.47147543631711],[4.739606222222409,46.471472118737594],[4.739588006661806,46.47147320665383],[4.739567256959155,46.47147658482754],[4.739543278569514,46.471480912821626],[4.739542890553198,46.471481008795806],[4.739500119755217,46.47148877521717],[4.739433518057905,46.47150140775147],[4.739396002120088,46.47151044515056],[4.739365487697585,46.47151829515455],[4.739325845693661,46.471530156977785],[4.739282678817146,46.47154594533145],[4.739138742746096,46.47159848369641],[4.739124454968967,46.471604195255],[4.739072973716357,46.47162497370075],[4.738992051240209,46.47166682557756],[4.738991538665365,46.47166710357992],[4.738938411088638,46.47169349118702],[4.738829230706896,46.47174856251889],[4.73882111386438,46.471751568184715],[4.73881687434665,46.47175352410935],[4.738615696407369,46.47179747576927],[4.738605856997447,46.47179960695626],[4.738393874381664,46.471848135907805],[4.738365335352491,46.47185253303243],[4.738332006899721,46.471857993749374],[4.738309181305774,46.47186986959032],[4.738305593244047,46.471871815585295],[4.738103684637703,46.47189695339586],[4.737999814362467,46.47191006188718],[4.737809656729701,46.471968525447934],[4.737714397230126,46.472010504365265],[4.737709899926347,46.47201255423527],[4.737688268504988,46.47202918535105],[4.737688141075727,46.47202927735606],[4.73758581289556,46.47208262205658],[4.737490675069508,46.472132524844774],[4.73735248832487,46.4722428866947],[4.737300211588523,46.472275565284875],[4.73717437539027,46.472352144070726],[4.737112521044473,46.472391092742264],[4.737056240759895,46.47242905597385],[4.737053434405243,46.47243099004509],[4.73697500389259,46.47248568217304],[4.736974749029531,46.47248586618147],[4.736885511150692,46.4725532418613],[4.736852164125254,46.47257860726674],[4.736622451239147,46.472705040250794],[4.736377303524899,46.4728421550831],[4.73637704579243,46.47284224906659],[4.736526814939583,46.47299732052894],[4.7365272173019,46.4729976746831],[4.736539525844783,46.47300757515792],[4.736540460869227,46.47300828148602],[4.736593753111108,46.47305250519408],[4.736649074455728,46.47309903978722],[4.736704665093193,46.47314584046347],[4.736725420495601,46.47316308811804]],[[4.742371253718823,46.47347550957948],[4.742398209733105,46.4734827542839],[4.742425035454123,46.47349000096878],[4.742446739204187,46.473496064806206],[4.742456340285731,46.47349871049298],[4.742492139498963,46.473505279927615],[4.742529049039346,46.473505797910065],[4.742540269258406,46.47350607714967],[4.742554228663173,46.473506404685224],[4.742586737629459,46.4735038373981],[4.742602765463847,46.47349953995236],[4.742614458868869,46.47349422779538],[4.742624785116668,46.4734910080342],[4.742647684978754,46.47346922279335],[4.74266898757906,46.473442328069105],[4.742679145866963,46.47342569083421],[4.74269152875326,46.47340523684501],[4.742699670120336,46.473382595856584],[4.742720874869647,46.473352640324876],[4.742742177388348,46.47332574558649],[4.742788029219816,46.47326749328012],[4.742803316018231,46.47324816586391],[4.742849037148248,46.473218466865134],[4.742890286910666,46.47319162813246],[4.742921059173878,46.47317143403976],[4.742938040961652,46.473160276877984],[4.742951976096871,46.47315168806854],[4.742967063787572,46.47314245120624],[4.742990530917652,46.47313434747248],[4.743019801109035,46.47312426380398],[4.743074006211158,46.4731071347955],[4.743092961734814,46.47310063100399],[4.743108834902344,46.473087419178086],[4.743120390080155,46.473077785843486],[4.743135013703266,46.473058108226596],[4.743145892319899,46.47304362157376],[4.743173323960387,46.47300456422916],[4.743177066074071,46.47299928323883],[4.743185021751977,46.47299123595121],[4.743210026939833,46.472965995914144],[4.743236476902671,46.47294109410004],[4.74324305681484,46.47293486914248],[4.743273449414028,46.47291504101112],[4.743356086952465,46.47286163130422],[4.7433740694333,46.472869553083704],[4.743587007072596,46.472981410267074],[4.743587670078964,46.472981760420076],[4.74342805277301,46.47298824883581],[4.743344206257071,46.4730201509424],[4.743327335579892,46.47302662297005],[4.743357827661798,46.47305885222075],[4.743398932400346,46.473088667866925],[4.743401870921102,46.47309087471831],[4.743410014846125,46.47309687504768],[4.743465427125041,46.473137910935236],[4.743465172280827,46.47313809495814],[4.743440857669606,46.47315638932971],[4.74336435166409,46.473214028777406],[4.743178000363527,46.473354854812314],[4.743123014799809,46.4733924410548],[4.743014416337965,46.47346570110491],[4.742931802898005,46.47353622296383],[4.742903502410672,46.47356034231721],[4.742806739119692,46.47361234589372],[4.742711640792804,46.473663423320424],[4.742673974969164,46.473651478380134],[4.742653299157686,46.473644948572094],[4.742376372157452,46.47355820339046],[4.742239554996334,46.47351534585567],[4.742239424695842,46.47351534784228],[4.742255742336887,46.47347114621153],[4.74226295166404,46.47344788899663],[4.742266492612899,46.473436306394014],[4.742266489737423,46.473436216370544],[4.742296705200231,46.47344755449878],[4.742371253718823,46.47347550957948]]],[[[4.738761338802433,46.4843452162397],[4.738735812477307,46.48437478629241],[4.738556738804717,46.48457367637464],[4.738542597311832,46.48459226515839],[4.738456145729449,46.48470670434136],[4.738398930874838,46.484760714127006],[4.7383345282774,46.48482239883194],[4.738281301691051,46.484874726689625],[4.738236571678529,46.484919539806846],[4.738191525507482,46.48494625423953],[4.738147009212215,46.484973230796776],[4.738083703115367,46.48500796863344],[4.738025550602896,46.48502848754361],[4.737892370397644,46.485075996487595],[4.737829355430105,46.48509532829118],[4.737722321369642,46.48512451615211],[4.737670070290133,46.48513791992667],[4.737574639418164,46.48516296829264],[4.737432147115384,46.48519242471705],[4.737349837479669,46.48521186941452],[4.737312566687621,46.48522072210059],[4.737264246625984,46.48523064338884],[4.737264116297323,46.485230645369775],[4.737267050112942,46.485285901918324],[4.737275284074831,46.48544204301728],[4.737274060126212,46.48545683260923],[4.737271012519519,46.48549623821147],[4.737266029688216,46.48567545721193],[4.737264773858646,46.48571789785623],[4.737348272629145,46.485760311187896],[4.737370676967949,46.48577185948069],[4.737464800213257,46.485820325856594],[4.737497006430837,46.48582848271301],[4.737598209643513,46.48585360406892],[4.737651987598976,46.48585945146609],[4.737677757300484,46.485862031903565],[4.737799225396546,46.485868381258086],[4.737865921651006,46.485870429463446],[4.738003190871861,46.48586933298921],[4.73800345153218,46.485869329025654],[4.738158350508855,46.48585679597804],[4.73822172205184,46.48584862689498],[4.738405199047556,46.48581224147326],[4.73841318767547,46.48580923782611],[4.738512263470714,46.485771704083774],[4.738575337556679,46.485750119339095],[4.738646261255292,46.48572526280846],[4.738679823838409,46.485710521674626],[4.73879367593527,46.48566204492942],[4.738826737214346,46.485647941846615],[4.738855929331674,46.485643354656176],[4.738873440580987,46.485640476305605],[4.739067827385047,46.485610949054156],[4.739090354292878,46.48560997583051],[4.739104670441563,46.48560912753396],[4.739254907020311,46.48560170768058],[4.739359868185412,46.48560155152475],[4.7395210157069,46.48560099051024],[4.739521667354217,46.4856009805927],[4.739434672554482,46.48537542563639],[4.739388605861034,46.48525976005483],[4.739362242836287,46.48519360169175],[4.739362239964985,46.485193511668385],[4.739332347149153,46.48511479762646],[4.739284667526746,46.484989429307326],[4.739237715539287,46.48486233862251],[4.739095435907373,46.48448135831979],[4.738978926045262,46.48416834666764],[4.738978416223484,46.48416871469277],[4.738916550330123,46.48421586035967],[4.738819175790542,46.48429029612152],[4.73876349120683,46.48434320202012],[4.738761338802433,46.4843452162397]]],[[[4.738561917392797,46.48046203546891],[4.738561787075577,46.48046203745133],[4.738425118532987,46.480485642443824],[4.738423175251791,46.48048603227158],[4.738322231953922,46.48050558109903],[4.73805232274331,46.48055399914814],[4.737830899398091,46.48059375339168],[4.737913096208143,46.48066509756718],[4.73825980087097,46.480976680914964],[4.738414027567277,46.481115290111816],[4.738560307940365,46.48124591395049],[4.738679971374944,46.4812286920914],[4.738703073454956,46.48122536842119],[4.738703076324962,46.48122545844463],[4.738851045418902,46.48164210934531],[4.738915501946754,46.48182351453202],[4.738938715013023,46.48188909045929],[4.738938720753882,46.48188927050613],[4.738956849074831,46.48194258460253],[4.739030222146555,46.48215825968927],[4.739030227887745,46.48215843973611],[4.739013051317029,46.4821595116952],[4.738985854361047,46.482161186452615],[4.738955196138563,46.482164715209386],[4.738924535041691,46.48216815393451],[4.738924016626981,46.48216825188924],[4.738812603956537,46.48217850334563],[4.738711593990817,46.48218787589942],[4.738711602601028,46.4821881459697],[4.738889925227845,46.4832336337175],[4.738957410414401,46.483628541816195],[4.739035487471383,46.4840857051831],[4.739205990503391,46.483961610307276],[4.739206117957969,46.48396151830076],[4.739268185414996,46.483916621076574],[4.739268695232464,46.48391625305014],[4.739379583239302,46.48383629727028],[4.739379965601276,46.48383602125008],[4.739390955355666,46.48382900890433],[4.739403581909076,46.483820170305954],[4.73948449495766,46.48376111582086],[4.739530300709384,46.48372556271392],[4.739535645140587,46.48372142835376],[4.739554210268095,46.483706644992864],[4.739659358496024,46.48362254313233],[4.739738210251621,46.4835479382249],[4.739834936716033,46.48346144250627],[4.739865596361025,46.48343341525234],[4.739882568689569,46.48341775541047],[4.739958874399927,46.48335327661294],[4.740001203836088,46.48331912723379],[4.740081393131834,46.48325377862121],[4.74013301848745,46.4832208386683],[4.740168400034582,46.4831977831936],[4.740207525409265,46.48317764291899],[4.740233431381336,46.483164098676376],[4.740302179602548,46.483136572155765],[4.740310173479636,46.483133748421466],[4.740441525181654,46.483086354452716],[4.740441782955523,46.483086260460205],[4.740457651848262,46.48308097504954],[4.740559060103857,46.48305952591513],[4.74061319047395,46.48304789349621],[4.740656462737357,46.483039218500075],[4.740798576818981,46.483010394164594],[4.740889608814877,46.48298658089457],[4.74095496995297,46.48296324865189],[4.740968905031067,46.48295457007463],[4.740988717137139,46.48294210921971],[4.74110307337464,46.48286065778142],[4.741194999325358,46.48279134673756],[4.741238155475485,46.482758625358365],[4.741251024881214,46.48274924244331],[4.74126629855332,46.48273757121851],[4.741286401854877,46.482717900501356],[4.741290066233508,46.48271424198703],[4.741290700599885,46.482713691919265],[4.741372226148362,46.482645349783205],[4.741372735939748,46.482644981747306],[4.741347290535991,46.482636182587754],[4.741321803924598,46.48263017613203],[4.741319044161134,46.482629497642016],[4.741268705261724,46.48262918377723],[4.741013793947364,46.482624871041835],[4.740983006272551,46.482624349290994],[4.740672121673165,46.482614763847515],[4.740592104816154,46.482611929464696],[4.740405779713779,46.482599545591256],[4.740254082012774,46.482589516315564],[4.740254070522223,46.48258915622205],[4.74025156883456,46.48257613458147],[4.74024873756068,46.48256095634838],[4.740248731815427,46.48256077630161],[4.740232703768509,46.48245483121508],[4.740186961548108,46.482153172361045],[4.740166434504978,46.48202063589422],[4.740124427834008,46.48173387127093],[4.740098271721537,46.48155566639076],[4.740098257359907,46.48155521627378],[4.740085140428866,46.481471023081056],[4.740059204665831,46.4813038030236],[4.740017272763272,46.48105612634328],[4.74001726701894,46.48105594629646],[4.739962731237195,46.48073604750367],[4.739888202397235,46.480308462546084],[4.739873982166031,46.480226447729464],[4.739873851849422,46.48022644971338],[4.739251689178838,46.48033715515206],[4.739129744193175,46.48036044686098],[4.738819644772859,46.48041596315412],[4.738561917392797,46.48046203546891]]],[[[4.738823129922149,46.47008907611336],[4.73886689777187,46.47012488731312],[4.739309933438591,46.47047102800067],[4.73931594877225,46.47047571000296],[4.73932518013181,46.47048313513697],[4.739634743508989,46.47073142161316],[4.739719521123655,46.47080641788089],[4.739791423198567,46.47087008151652],[4.739791544879058,46.470869809462016],[4.740149272053145,46.470355752246924],[4.74014953838283,46.47035592832559],[4.741091724009626,46.47073480980758],[4.741091721136231,46.470734719784055],[4.741091712516043,46.47073444971345],[4.741103220375146,46.470633489039734],[4.741103472342219,46.470633214998486],[4.741223867176338,46.47052122811403],[4.741514021035649,46.470251107653844],[4.741531970773506,46.47025803946766],[4.741650369222116,46.47012032326978],[4.741600400141732,46.470098568063385],[4.741580441453371,46.47008995560103],[4.74157991166153,46.47008969347389],[4.741647075297937,46.47001715630664],[4.741647602215122,46.470017328409945],[4.741693594435569,46.47003292956646],[4.741799550909079,46.470068962614086],[4.741805236778278,46.47005923873564],[4.741820434851474,46.47003306766692],[4.741820559394542,46.47003288563373],[4.741901011495516,46.46996419877464],[4.74190837295308,46.469957961973556],[4.742097485510986,46.469809980385236],[4.742095762969533,46.4698091059739],[4.742071913728137,46.46979704028668],[4.742072041144791,46.46979694827672],[4.742321355729278,46.46957077064484],[4.742422577008727,46.46947897965437],[4.742422313551512,46.46947889360449],[4.742230786876853,46.4694002130304],[4.741837950910604,46.469234443670324],[4.741499194297876,46.46913747083242],[4.741295777338138,46.469065995199706],[4.74109128342275,46.468960760369924],[4.741063339217662,46.468955151658236],[4.741036759134967,46.468959609696434],[4.74101755149888,46.46900718771708],[4.740986314557192,46.46900460137978],[4.740986303064672,46.469004241285525],[4.740986172774908,46.46900424327071],[4.740993075359293,46.46889785863901],[4.740972000696632,46.46883792469765],[4.740904164307904,46.468730066862975],[4.740829746817126,46.46861204157977],[4.740779407679958,46.468525533256845],[4.740756504627543,46.46846139396859],[4.740736395975268,46.4684072095788],[4.740709655730805,46.468312685978965],[4.740709649985531,46.468312505931806],[4.740708151214165,46.46821651697951],[4.740677659780058,46.46804936617345],[4.740588982895974,46.467937862687194],[4.740562100266424,46.46790422674585],[4.740402693498649,46.46783514145803],[4.740259896936371,46.46780047889411],[4.740211033896351,46.46778879380872],[4.740149247820209,46.46780513632371],[4.740089847074795,46.46782270342072],[4.74004009794738,46.46784453680379],[4.739910036998738,46.46791082546539],[4.739670701222374,46.468057586689966],[4.739538481391199,46.46813795828265],[4.739532727528616,46.468141468438745],[4.739465105209495,46.46819554756173],[4.739464850374874,46.46819573157584],[4.739316101537887,46.468252396625935],[4.739268731954926,46.46828347037125],[4.739232965964759,46.46830644154928],[4.739176908893954,46.468343051529494],[4.739148797193235,46.468389413738564],[4.739022125379121,46.4684516868013],[4.738869850055345,46.46854497224248],[4.738739201104628,46.46862153613609],[4.738563652704946,46.46875354396002],[4.738563015604273,46.46875400399026],[4.738535037676403,46.46877595576622],[4.738480995928529,46.468818569231644],[4.738408795356724,46.46888856919246],[4.738389496255988,46.468904714650684],[4.738352820809141,46.46893598556461],[4.738298194489973,46.46897662635145],[4.738258099850871,46.46900695850982],[4.738092498541849,46.469115757022735],[4.738050044206576,46.46917431605095],[4.737936566430316,46.46933167831877],[4.737936317321463,46.46933204237671],[4.737890071515997,46.469394351763526],[4.737863206191107,46.46943078726919],[4.737782396432014,46.469594767814876],[4.73776999164948,46.469626840277755],[4.737739028343292,46.469722872522716],[4.737733823881553,46.46978455766768],[4.737733623521954,46.469786452126876],[4.737734194988798,46.46982075905589],[4.737736897084291,46.46997923630922],[4.737767260450255,46.469999399938196],[4.737767266185998,46.46999957998543],[4.738688625740655,46.469967100222455],[4.738688886324949,46.469967096257335],[4.73870317074572,46.46998173999901],[4.738746964794928,46.47002655757074],[4.738823129922149,46.47008907611336]]],[[[4.739734225809964,46.488360461859024],[4.739754737395624,46.4883616808043],[4.739814995733767,46.488362114633645],[4.740027592857139,46.4883635619815],[4.740031494320802,46.48836323238894],[4.740217204418443,46.48834347259144],[4.740361322069691,46.48831569933986],[4.74045395770903,46.488296905912875],[4.740464228383285,46.48829593892153],[4.740804553889163,46.488262745529404],[4.740804942022648,46.488262649551224],[4.740782714448282,46.48823218513727],[4.740761711647318,46.488203323273645],[4.740685113178762,46.488107667714374],[4.740647631976719,46.48806095329727],[4.740550557820195,46.48791616265242],[4.740529610891021,46.48788495815433],[4.740400577709292,46.487735700349006],[4.740369023697938,46.48767448486836],[4.740304387404254,46.48754910493841],[4.74028881219999,46.487477828841946],[4.740270530292984,46.48742388682671],[4.740243030841999,46.48734261469642],[4.740239609150614,46.48728034039354],[4.740189981589577,46.4872125549388],[4.739994059460921,46.48726768642549],[4.73954483404097,46.48739413306022],[4.739189182918098,46.487510867964225],[4.739189052584059,46.48751086994736],[4.73918178198467,46.48750368514618],[4.739170877524731,46.487492952955215],[4.739170741448518,46.487492774891656],[4.739058002654619,46.48757627107541],[4.739057750598995,46.487576545111374],[4.738992767248598,46.487665078924906],[4.738922059859179,46.487766309160286],[4.738921941007365,46.48776667123645],[4.738857186164682,46.487915546381004],[4.738841903471667,46.487992425892536],[4.738840701143459,46.48800379262555],[4.738839719297021,46.48801389506637],[4.738843943152604,46.48812182114724],[4.73884799075932,46.48822830883546],[4.73883709180043,46.48827909229012],[4.738822335512219,46.48834794782167],[4.73916541555874,46.48833975605455],[4.739360823700832,46.488337863494785],[4.739734225809964,46.488360461859024]]],[[[4.741126882601466,46.49862328451083],[4.741117809914221,46.49864548907435],[4.741118393520984,46.498663763767055],[4.741130482377511,46.498686997053255],[4.741133534308488,46.498692714855146],[4.741139855769577,46.498702796141224],[4.741213756177345,46.498819658278464],[4.741372204385958,46.49907636743417],[4.741397235626138,46.49911687653835],[4.741467111282364,46.49921794805021],[4.741495901114086,46.49925362633579],[4.741521537372098,46.499284489039795],[4.741558272659228,46.499323919154996],[4.741594449165818,46.49936218690135],[4.741660014828208,46.49942630646078],[4.74169877859314,46.49946390429292],[4.741801853556472,46.49954267364509],[4.741877651412209,46.499633116864636],[4.741934113381879,46.49969395243373],[4.741999469967648,46.49976374920768],[4.742041481089106,46.49982948839057],[4.742051225896178,46.499844651280085],[4.742110641917237,46.49993669497063],[4.742215900795514,46.50007559538147],[4.742277612117148,46.50016598280802],[4.742375624984797,46.50023321017761],[4.742703323039433,46.50016174618644],[4.742773272209776,46.50012627437068],[4.742800865940326,46.50011225363555],[4.742846432620643,46.50009741850993],[4.742879868813924,46.50008664116737],[4.742879996299994,46.500086549157004],[4.743086205424547,46.49998874507172],[4.743086976093957,46.4999883730541],[4.743221604924245,46.49994029617377],[4.743358418849363,46.49991569328168],[4.743448131132833,46.499890547574644],[4.743462480566895,46.499886545940015],[4.743462608051513,46.49988645392898],[4.743462863020748,46.49988626990691],[4.743539538777441,46.499832771707666],[4.743553698176044,46.49982282854105],[4.74359381494523,46.4997803356046],[4.743622100279647,46.499739013832254],[4.743633811863087,46.499713706538856],[4.743671859318502,46.49963098520525],[4.743710760944072,46.499505649159964],[4.743711024548396,46.499505735206434],[4.743830803354069,46.499539844998985],[4.743857129272386,46.49954736933923],[4.743868545688883,46.499549536942496],[4.744093838428085,46.49959176420937],[4.744193994119107,46.49962401137447],[4.744253043028002,46.49966778371506],[4.744304207638667,46.499705641831305],[4.744304743491804,46.499706083990574],[4.744354519991909,46.49948042731791],[4.744368074507605,46.4994189749684],[4.744395974902817,46.49930857749586],[4.744432453324675,46.499164634278586],[4.744524104472615,46.498886279831595],[4.744452366665711,46.49881685202683],[4.744337282411724,46.498733764901885],[4.744303360718138,46.49871302665482],[4.744237649257854,46.49867295867674],[4.744177847395817,46.49855669390725],[4.744177705515733,46.4985563358039],[4.744230638451207,46.498535353227474],[4.744260904447499,46.49852336288864],[4.744351079475604,46.498471999873416],[4.74440621621656,46.498438374209734],[4.744554578222643,46.4983998133599],[4.744693883973956,46.49836355212862],[4.744694402532271,46.49836345414798],[4.7447182187618,46.498357776736334],[4.744726113090339,46.49835585492015],[4.744746869820621,46.49835238580179],[4.744773206088744,46.49834802092429],[4.744796503029165,46.498346494503146],[4.744814333502634,46.498345321707184],[4.744814594222095,46.49834531772811],[4.744835042700072,46.49834851825599],[4.744951441774283,46.498366736575825],[4.745075936846952,46.498373032422094],[4.745185341089905,46.49836830012233],[4.745245116240969,46.498345141077905],[4.74525400443751,46.49834167291371],[4.745290117636895,46.49833715866358],[4.745301160747407,46.49833581920677],[4.745327322699067,46.49833415887232],[4.745405547825146,46.49832918181346],[4.745406069263827,46.49832917385261],[4.74537732599364,46.49814020174538],[4.74534971445534,46.49795805744344],[4.745330894598176,46.49783053966098],[4.745330477586345,46.49782973542416],[4.745321031085096,46.49781168610181],[4.745314314319549,46.497805574018905],[4.745307753849951,46.49780027015269],[4.745271739508963,46.49778749003764],[4.745216435715484,46.49777104142953],[4.7451554905908,46.49776170413784],[4.745087411849525,46.49776175260763],[4.745069598861067,46.49776346558448],[4.745008491796943,46.49776944207886],[4.744962268622427,46.497775911898934],[4.744962138264063,46.49777591388864],[4.744781995249078,46.49779127271888],[4.744719055898755,46.497805202917895],[4.744665966146118,46.497817181429625],[4.744611479874857,46.497830352098624],[4.744553123148605,46.497844842741586],[4.744523863751872,46.49785159391977],[4.744522699166292,46.49785188189176],[4.744522053134459,46.49785207188389],[4.743862941788806,46.4980165025018],[4.743857205207679,46.49802064301976],[4.743821131345746,46.49804677229359],[4.743327595524468,46.49816454125172],[4.743189486470152,46.49819745008911],[4.74290338184034,46.49827224453919],[4.742708924601299,46.4983213231946],[4.742442281477705,46.498388884652286],[4.742324704909929,46.498419498013995],[4.742297284353402,46.498426670923344],[4.742297153993385,46.498426672910014],[4.742214425345418,46.4984376608832],[4.742124949582371,46.49844974234743],[4.741949032591635,46.49846683360726],[4.7417758846901,46.49848487314294],[4.741692701499478,46.498493886188534],[4.741549475896273,46.49850957811639],[4.741412759570846,46.498537149612645],[4.741330217468622,46.4985539884481],[4.741241838828987,46.49856776377565],[4.741188192534323,46.49858686440992],[4.74116945028413,46.49859624661244],[4.741135584234346,46.498613965164324],[4.741127134697755,46.4986230104708],[4.741126882601466,46.49862328451083]]],[[[4.741491250607785,46.497683020288825],[4.741495675993431,46.49779706766896],[4.741506316476001,46.49785661995122],[4.741508364826894,46.497867666979836],[4.74148910044992,46.4979178575094],[4.741489018974312,46.497919389888175],[4.741483071266706,46.49800675533459],[4.741473210907317,46.498041040898],[4.741465051919973,46.49807142766624],[4.741441833520347,46.49812032741095],[4.741420113258463,46.498167132790826],[4.741369928424507,46.4982619270666],[4.741369931299812,46.49826201708972],[4.741313116264035,46.49832890151703],[4.741312864170041,46.49832917555748],[4.741221600298491,46.498415949015836],[4.741220965748745,46.49841649908177],[4.741182878365526,46.49844905291533],[4.741159278252439,46.49846967739897],[4.741120853348316,46.49850800063266],[4.741104812199621,46.49852436690667],[4.741101353639384,46.498546756170086],[4.741116666172879,46.49854841437359],[4.741214341556031,46.49854395457523],[4.741353221395947,46.49851878217079],[4.741383819649845,46.4985130922258],[4.741554624158557,46.498482929951656],[4.741617847873067,46.49847377073486],[4.741768281497611,46.498455086762384],[4.741835499352755,46.4984484785131],[4.741891004918743,46.498442679145306],[4.742108844038296,46.49841918487891],[4.742167499233195,46.498409914837794],[4.742307255387557,46.498387700117014],[4.742307643590465,46.498387604133875],[4.742404696257836,46.49836775135665],[4.742981008359898,46.498207744010614],[4.742981138719367,46.49820774202317],[4.74324106576247,46.498138210151495],[4.743524524618711,46.498062284316376],[4.743945420201649,46.49796102404856],[4.744167254016574,46.49790756263888],[4.744889753247397,46.49773513754666],[4.744892271808014,46.49772825401372],[4.744897378782468,46.497712594474315],[4.744919968333012,46.497530044126854],[4.744956718919172,46.49728873406033],[4.74494684386496,46.49720431185751],[4.74494053757236,46.497153970582225],[4.744942096738453,46.49713341150365],[4.744943789846565,46.49710888743164],[4.744952431490402,46.49708957125501],[4.744957395802158,46.49707760663543],[4.744980128884094,46.497050329606445],[4.74506317412402,46.496951519407205],[4.745064556180262,46.49694987710433],[4.745135519832282,46.49686070830346],[4.745169438675515,46.496808041711596],[4.745215183468832,46.49671331340507],[4.745215829484757,46.49671312340899],[4.745345600786267,46.49667250350074],[4.745499476153999,46.49663115514568],[4.74566781851829,46.49658544258701],[4.745720164424907,46.496578788900564],[4.745728982478531,46.496577213172685],[4.745880305925584,46.49654986365793],[4.745940328325812,46.496542642300625],[4.745947732637496,46.49654171861611],[4.746019319412817,46.4965127945748],[4.746037216815511,46.4965055860632],[4.746054844854094,46.49649811146164],[4.746115185753612,46.496472331332505],[4.746168406690753,46.4964441380456],[4.746201071224967,46.4964215726824],[4.746208262159332,46.49641398727732],[4.746224492668259,46.496395455746686],[4.746266980207489,46.49633347107828],[4.746332113217971,46.49624150840126],[4.74662261390408,46.49602757437911],[4.746625696858871,46.49600167802472],[4.746626097152866,46.495997889091505],[4.746668447237083,46.49579729311822],[4.746668566054964,46.49579693103448],[4.746864011101244,46.495156269666495],[4.746627941848501,46.49513132547258],[4.746649854268705,46.49507848156153],[4.746656869625717,46.49506135169348],[4.746656991325936,46.49506107963275],[4.747147057097558,46.493875603069334],[4.747112317764755,46.49385370729231],[4.747079500870255,46.493838897427196],[4.747079367636882,46.49383880939628],[4.747079541799716,46.493836104720835],[4.747079627089611,46.493826556302245],[4.747076222899651,46.49380985584347],[4.747069073211284,46.4937942934324],[4.747052028561126,46.49377924251252],[4.747044306806144,46.49377431676336],[4.747029694427547,46.49376598370276],[4.746989285104494,46.493754352126714],[4.746989154755818,46.49375435411874],[4.746916746018941,46.493745283079875],[4.746916485321626,46.49374528706377],[4.746878640386722,46.49374856740307],[4.746831048137367,46.493752897348806],[4.74676879569385,46.49375961289893],[4.746637802161759,46.4937740437092],[4.746559562911577,46.49378244448247],[4.746395843667744,46.49379305178719],[4.746374110019538,46.493794464616464],[4.746316137594012,46.49380859010287],[4.746311867798107,46.49380964606784],[4.746263610352209,46.49382578472812],[4.746240490645054,46.493836855884986],[4.746160346482617,46.49387536789289],[4.746019249851821,46.49394084022055],[4.745967251175497,46.49396640287244],[4.745889073399607,46.49400524491875],[4.745692516969632,46.49410632972485],[4.745612714993141,46.49415555409249],[4.745496491634804,46.494232174517286],[4.745429826497666,46.494276244473845],[4.745271584081926,46.494384669424534],[4.74527105403632,46.494384407315565],[4.74527079909891,46.49438459134184],[4.745243755253782,46.494370863688246],[4.745225600483509,46.49436186394409],[4.745206153057497,46.49435729721781],[4.745189499929475,46.494358542189026],[4.74518691309555,46.494359212149945],[4.745174010620139,46.494363552207545],[4.745148743662064,46.494376817525705],[4.745148358374045,46.49437700354165],[4.745122267579829,46.494397126527396],[4.745108776033891,46.49440751006337],[4.745067394771988,46.49445515677365],[4.744947063947923,46.49462352758159],[4.744942572988863,46.49462990082617],[4.744814302226952,46.49481100206027],[4.744783998106645,46.49485433650185],[4.744771539116159,46.49487254006832],[4.744773249533382,46.49488116039978],[4.7447776318027,46.49489991752848],[4.744761973782027,46.49490781220834],[4.744734652534307,46.49492209951939],[4.744651007054984,46.49498984558202],[4.744532164888211,46.495066234733635],[4.74453177959322,46.495066420747456],[4.744501622884584,46.49507768899113],[4.744396488403398,46.49511784199861],[4.744281390023028,46.49516859471387],[4.744065754654301,46.49526870676309],[4.744009733026201,46.495294960329915],[4.743908141100217,46.49533172635087],[4.74375022120504,46.495389256299916],[4.743430976844556,46.49550391711361],[4.74343058578559,46.4955039230775],[4.743430458311163,46.49550401508857],[4.743409415968584,46.49550667773756],[4.743277336279543,46.49552400332432],[4.743194805442708,46.495553272666854],[4.743182041513826,46.49555788058045],[4.743087050506116,46.49559310412852],[4.742929620226774,46.49567007992156],[4.742621146791596,46.49583212956774],[4.742525114326833,46.49588376069988],[4.742405751376106,46.4959480865183],[4.742343829952124,46.49598974054996],[4.742249355605828,46.4960534166674],[4.742038384247381,46.49620992567243],[4.741997987021633,46.49624359582197],[4.741974121709195,46.49626404440788],[4.741945766880829,46.49629500916414],[4.741914911335895,46.496329344493866],[4.741880075140996,46.496365631872976],[4.741866706159796,46.49637988601762],[4.741790442109257,46.49647066462014],[4.741777881094205,46.4964857170458],[4.741769970670828,46.496495294597494],[4.741663107316147,46.496624367425696],[4.741604465534627,46.49669524282334],[4.741571048452943,46.496755556353335],[4.741547023652017,46.496811853913975],[4.741544484582828,46.49681810721231],[4.741541129829794,46.496843737328305],[4.741527845934458,46.49695048887738],[4.741519994791401,46.4970762518528],[4.74152093123502,46.49713415062605],[4.741521898358166,46.497172594473916],[4.741509840292085,46.49725239732716],[4.741511443875352,46.4972576868482],[4.741514136324884,46.49726440085305],[4.741517386625718,46.497276330241874],[4.741517525609504,46.497276598325485],[4.741495039904733,46.497315759703596],[4.741491316077456,46.497333919882145],[4.741485294684174,46.49736589529967],[4.741487820172908,46.497575622702996],[4.741491250607785,46.497683020288825]]],[[[4.740802229971514,46.46847276636468],[4.740816199245809,46.468497952528566],[4.740816335280017,46.46849813059073],[4.740830253707942,46.468529892443485],[4.740830531522303,46.4685304286149],[4.740893592651138,46.46865204948233],[4.740945238852389,46.46873457487981],[4.740985467841562,46.46879836007559],[4.741037333020429,46.46885097974022],[4.741072618147716,46.46888646902509],[4.7410999001722,46.468912172841314],[4.741147456490999,46.46895639178528],[4.741220427937034,46.469012742779036],[4.741352182340766,46.46906072230792],[4.741361799870501,46.46905165907021],[4.741361930160365,46.46905165708459],[4.74136230953494,46.46905129103355],[4.741454493383761,46.46908879521079],[4.741484729261825,46.46910085374999],[4.741540871787834,46.46911593998681],[4.741545475049075,46.46911722083623],[4.741897966710966,46.46921569543158],[4.741898754201674,46.469215863561296],[4.742044235037453,46.469142582519325],[4.742069766018668,46.469129763977094],[4.742390297980924,46.46896221497524],[4.742630691346913,46.46883641759564],[4.742631334165921,46.46883613758976],[4.742618954440954,46.468819934130835],[4.742648821071312,46.46866537333775],[4.742686180222617,46.468471969280316],[4.742686293255605,46.46847142715206],[4.742827656768437,46.46845296882817],[4.743045824139894,46.46843126716911],[4.742932947144721,46.46823159834264],[4.742908874915442,46.468208457946346],[4.742757706142886,46.4680627830091],[4.742757439815977,46.46806260693645],[4.742799591404296,46.46805187646439],[4.742799979390494,46.468051780479094],[4.742775189433345,46.46801433028744],[4.742775056269981,46.46801424225114],[4.742761469591074,46.46799697640818],[4.742750467666088,46.46798309370099],[4.742750464790101,46.467983003677446],[4.742473087116702,46.468048569916434],[4.742483634296564,46.46791763122203],[4.742456139601153,46.4678444654581],[4.742455748740331,46.46784447141869],[4.742222403753014,46.46783983353387],[4.741339609127522,46.467801141837356],[4.741060310611209,46.46778612362767],[4.740926340380088,46.46777888800866],[4.740925558659047,46.46777889991937],[4.74078819036061,46.46777955177301],[4.740528833347884,46.467780800842725],[4.740666949432574,46.467926137076326],[4.740691000098579,46.46797314610437],[4.740719872275991,46.46802827780208],[4.740732315949595,46.468075103380286],[4.740738778260908,46.46809788203391],[4.740791809085284,46.468452569910035],[4.740802229971514,46.46847276636468]]],[[[4.743570152483187,46.47686275816112],[4.743538109558091,46.47679839859184],[4.743519600391448,46.47678219866813],[4.743515894206198,46.4767804538664],[4.743483734344781,46.47676545294031],[4.743290089479663,46.47667437685135],[4.743145964981401,46.47661118649154],[4.743124043294641,46.47660242407572],[4.743119552410231,46.47660060116342],[4.743119419225351,46.47660051312765],[4.743119022547763,46.47660033904369],[4.74270060597811,46.47665166404794],[4.742724651004643,46.47671056163268],[4.742724784189154,46.47671064966892],[4.742754781488517,46.476735501116465],[4.742846235708435,46.4768109337849],[4.742866328820489,46.476839989277714],[4.742888069079501,46.47687163159717],[4.742898282962417,46.47690975441341],[4.742933328765972,46.47703954725708],[4.742937403895715,46.47711811383085],[4.742951477375451,46.4771586996609],[4.742960246127649,46.477184235094384],[4.743323828603597,46.47713851926858],[4.743645079393849,46.4770981316672],[4.743644937573074,46.47709777356191],[4.743633080919968,46.47706129708096],[4.743628086678942,46.47702741791391],[4.743619928760428,46.476972060934756],[4.743605570386911,46.47693481201529],[4.743570152483187,46.47686275816112]]],[[[4.74408633090589,46.484500239669245],[4.744088307301063,46.48450903609492],[4.744092949154951,46.48452778930484],[4.744133178713379,46.484623727439875],[4.744158977758238,46.48468430923368],[4.744301900494287,46.48503942467168],[4.744367892134322,46.48519882719925],[4.744370430975302,46.485204822953484],[4.744390742574701,46.48523243378845],[4.744463074336294,46.485329142807736],[4.74446294400766,46.485329144796886],[4.744463216183843,46.485329500911526],[4.744463346512478,46.485329498922376],[4.744566993118392,46.485308642587555],[4.744617652074582,46.485298502358454],[4.74461664473534,46.48529554551711],[4.744603019381436,46.4852568444662],[4.744592135194814,46.48524268991629],[4.744598574588102,46.48523610678956],[4.744629120462919,46.48520456736024],[4.744629372479589,46.485204293311874],[4.744683427107801,46.48515357098323],[4.744735332301886,46.48510495298364],[4.744735711765482,46.48510458692236],[4.7447969443553,46.485094825606474],[4.744876985195955,46.485081985044886],[4.745073842195628,46.48504016064751],[4.7450994224242,46.485032744844794],[4.745177970372676,46.48500992940353],[4.745262837587103,46.48493603937319],[4.745362764817888,46.48491307747977],[4.745487452646544,46.48488154124908],[4.745571641508368,46.48484350809186],[4.745587965449042,46.484836143475015],[4.745587707675772,46.48483623747909],[4.745527462326377,46.4846201856255],[4.745486268381491,46.48447382502641],[4.745418474907364,46.4842500525392],[4.745035689537541,46.48429201444123],[4.744714754546258,46.48432726662089],[4.744338061757183,46.48436814242721],[4.744206394556304,46.484385283105844],[4.744168475926496,46.48439829103113],[4.744131511219831,46.48442074144177],[4.744103381239855,46.484450352467896],[4.744101115976386,46.48445290891626],[4.744099392172518,46.48445608757244],[4.7440870497225,46.48448194506127],[4.744086294246899,46.484495016331735],[4.74408633090589,46.484500239669245]]],[[[4.744272473142254,46.48427430264575],[4.744432102567813,46.48425493377055],[4.744630813133022,46.48423037470337],[4.745186517647086,46.48416875124692],[4.745385522784425,46.48414526716634],[4.7454366313234,46.484141064125],[4.745491244242862,46.48413635720619],[4.745557586468812,46.48413147112652],[4.745624311015285,46.48412630896726],[4.74562457166672,46.484126304986326],[4.745625145101771,46.484144219607465],[4.74623836245017,46.48411557788058],[4.74627107479176,46.4840336572898],[4.746273520479185,46.48402452313053],[4.746303871512245,46.48390958392367],[4.746300129786121,46.483792733798474],[4.746295951626966,46.48374776400932],[4.746289375885517,46.483680854442056],[4.746294168425076,46.48360656579751],[4.746302437485134,46.483465754396455],[4.746304912709599,46.4834331122291],[4.746305028620292,46.48343266012177],[4.746305014206949,46.4834322100057],[4.746311194547262,46.48329539347266],[4.746316279645455,46.48318138068815],[4.746335828160476,46.48318108199777],[4.746330120311672,46.4832960049717],[4.74632151488609,46.48347924319904],[4.746427635296429,46.483169321455634],[4.746424431032878,46.48300004395385],[4.746424191161867,46.482996625062924],[4.746414515530981,46.482877703978616],[4.746315502639426,46.4826033408332],[4.746198406728986,46.48231799547966],[4.746198264877876,46.482317637377854],[4.746042038397956,46.48186887721674],[4.746042032633652,46.48186869717026],[4.74601257671571,46.481779440166896],[4.746012437749319,46.481779172088046],[4.74595011708774,46.48160413269083],[4.745916454407885,46.48150971602616],[4.745766829586893,46.48131592518569],[4.745386737518849,46.480854731684936],[4.745302019706582,46.48074974607075],[4.745301883627177,46.4807495680143],[4.745243464631149,46.48067597449034],[4.745156588142059,46.480666493047146],[4.745056005307343,46.48065650028376],[4.744991070474125,46.4806522678562],[4.744977126507989,46.48065248075837],[4.744960185240571,46.48065273942229],[4.744938007527632,46.480656410522776],[4.744926206244401,46.480658392049534],[4.74491988981466,46.48066065010237],[4.744893341076966,46.480670332369634],[4.74484379745073,46.480702972583],[4.74476332673828,46.480775534385096],[4.744674901404333,46.480827682224486],[4.744615036468667,46.48085966928935],[4.74449249985879,46.48092557757576],[4.744390558357722,46.480979102370654],[4.744386842474889,46.480981140566016],[4.744376731612113,46.48098705919242],[4.74423392794246,46.48107156017572],[4.744233418185082,46.48107192822446],[4.744184638436222,46.48110401607686],[4.744066544813288,46.48120696378352],[4.744000039927704,46.48124742809216],[4.743965142239364,46.48126921647959],[4.743885428665227,46.48132474336645],[4.743814498917762,46.48137770435661],[4.743751093808084,46.481425416662184],[4.743694798592003,46.48147121911142],[4.743556811292111,46.4816004091312],[4.74353883543964,46.48161725573103],[4.743538455992271,46.48161762178856],[4.743538328550478,46.481617713799956],[4.743351200361042,46.48177998734115],[4.74336928321483,46.4818358233793],[4.74336928609257,46.48183591340262],[4.743400440045548,46.48182751226326],[4.743505663138183,46.481799067089355],[4.743558172295598,46.481789799724226],[4.743650743141719,46.48177343630406],[4.743651261544188,46.48177333832789],[4.743694519976786,46.48210682772264],[4.743694534368236,46.48210727783914],[4.74372871201355,46.482393260198386],[4.743728717770274,46.482393440244984],[4.743763893383146,46.482657611095746],[4.743763907775314,46.48265806121219],[4.743790755209289,46.48284526158469],[4.743817125501795,46.48302976721185],[4.743813997745878,46.48302981493361],[4.743805396417077,46.48302994616805],[4.743805854689658,46.48321962070223],[4.743806062403293,46.48328320497597],[4.743806068160366,46.483283385022524],[4.743806916489762,46.48335884839165],[4.743810519455322,46.48365502442722],[4.743810528091012,46.48365529449705],[4.743810221149939,46.483878125413234],[4.743787896016796,46.48424422887742],[4.74378776569073,46.48424423086581],[4.74358286455506,46.484201602716006],[4.743597697884697,46.48420470891613],[4.743787768569287,46.48424432088907],[4.743787898895352,46.484244318900686],[4.744098730948725,46.484292715779276],[4.7441786540846,46.48428438084532],[4.744272473142254,46.48427430264575]]],[[[4.744185358258032,46.47844395861892],[4.744273703625171,46.478756314590484],[4.744273712262379,46.47875658466048],[4.744290702855369,46.47881495913424],[4.744330808004324,46.4789519698077],[4.744352726102204,46.4790176545795],[4.744371142421578,46.47907168405077],[4.74442002956122,46.47905931917319],[4.744440075571611,46.47905423962497],[4.744526472171724,46.47902842252587],[4.74458807598391,46.479010099150116],[4.744716912880325,46.47897417696314],[4.74480943971121,46.47894844619281],[4.744865826760241,46.4790523335546],[4.744866104667861,46.4790528697153],[4.744870947142873,46.47904937322414],[4.74487616903777,46.47904551067068],[4.744876557098507,46.47904541467852],[4.744934661801683,46.47903182803772],[4.74497892085587,46.47902151506246],[4.745003644386615,46.47901186062943],[4.745016905381875,46.47900661437752],[4.745050513258919,46.47899754481559],[4.745077011492516,46.47899038515175],[4.745188350773963,46.4789577018305],[4.745396563497699,46.478896608815425],[4.74539720930199,46.47889641881775],[4.745408828016601,46.47889281881254],[4.745424822640352,46.478887440695146],[4.745506081121379,46.47888034524956],[4.745568866804627,46.478874522641796],[4.745768474875889,46.47887048290717],[4.745912635517376,46.47888971667162],[4.745954945699743,46.478895915405836],[4.746020306297059,46.47890536465597],[4.746046594362017,46.47890793524617],[4.746144269794271,46.478916800641485],[4.746202999495304,46.47892274840869],[4.746257924182961,46.478927943680816],[4.746392850796314,46.47894380531454],[4.746415881064536,46.478946425603425],[4.746493322286675,46.47896262515986],[4.746581987219867,46.478983246568525],[4.746600766181287,46.478987462937255],[4.746605949888138,46.47898648304104],[4.746650642774733,46.47897751379274],[4.74688549846472,46.47893825747443],[4.746886016834435,46.47893815948354],[4.746858190204676,46.478899765801486],[4.74682762879226,46.478869610042324],[4.746795533056917,46.478836325370246],[4.746702150447502,46.47873759778408],[4.746674522401978,46.47870946870108],[4.746603122073684,46.47863355237012],[4.74657504553726,46.47860362877178],[4.746437191134997,46.478455593257046],[4.746410996801734,46.47842744220369],[4.746305426338604,46.4783144897832],[4.74627360340135,46.478281561072215],[4.746251893988631,46.478259105762234],[4.746161806761778,46.47817365736671],[4.74610560382621,46.47812443866398],[4.746082070186871,46.47810201119543],[4.746023172458553,46.478045988509606],[4.746007629841869,46.47803289600726],[4.745995836809385,46.47802289857337],[4.745954488373701,46.47798155891129],[4.745921968179831,46.477947199681985],[4.745884048283058,46.47790706855907],[4.74578685756711,46.477811460725604],[4.745775681597995,46.47780037303563],[4.745633530502899,46.47765645526317],[4.745485218803313,46.47750740751235],[4.745347468074907,46.477362431449954],[4.745337493880474,46.47735222603819],[4.745275625015766,46.47728886284026],[4.745174854749583,46.477191327695394],[4.745098223786713,46.47711071677701],[4.74503358145858,46.47702992274542],[4.745033442509099,46.477029654665195],[4.745015076048909,46.47700570700747],[4.745014288436143,46.47700553889945],[4.7447198879108,46.476935638326424],[4.744698188298939,46.47692975497076],[4.744666232477392,46.47692114603573],[4.744648558043409,46.47691475088306],[4.744633260841948,46.47690931017641],[4.744541520948636,46.47686171405937],[4.744510343425389,46.47685705616215],[4.74436938152262,46.47684389646337],[4.744368990597525,46.47684390243049],[4.744332666983487,46.47684139458357],[4.744295300905947,46.47683890263677],[4.744143173473399,46.476839423179946],[4.744123618582768,46.47683945142556],[4.744008330219977,46.4768422917007],[4.743920661711575,46.47682822806348],[4.743717454840088,46.47679287012253],[4.743688611463172,46.476787816118204],[4.743688614341171,46.47678790614158],[4.743692164348118,46.47686224755768],[4.743693214337999,46.47688285694633],[4.743709848800767,46.476979065201554],[4.743732748677489,46.47705103981985],[4.743755768997747,46.47711454627066],[4.743810356549993,46.477264215764976],[4.743843839998878,46.47736953389649],[4.743884680336239,46.47749698637462],[4.743968889065834,46.47776977609857],[4.74402549696995,46.47794589444325],[4.744119532102929,46.47823645748835],[4.744185358258032,46.47844395861892]]],[[[4.745985442614662,46.484743877967325],[4.746133359627076,46.48471297690742],[4.746166609718171,46.48471706235937],[4.746189509203559,46.48471959465924],[4.746248361071627,46.484725090290375],[4.746349047361074,46.48473399972823],[4.746489126491633,46.484747440978246],[4.746519843928131,46.48474165763112],[4.746490383316002,46.484668612933504],[4.746390013219237,46.48442120072391],[4.74635505739088,46.484339413367564],[4.746338720139013,46.48430156454356],[4.74632042385362,46.48419439386825],[4.746249884640059,46.48420258693505],[4.746114753377169,46.48420924488556],[4.746069839941446,46.48421146217591],[4.745891330275152,46.484219413011786],[4.745696282919742,46.484232119521515],[4.745464283395491,46.48424728143343],[4.745535504611873,46.484533328066846],[4.745564743637478,46.48466059684415],[4.745589678357835,46.48473893478235],[4.745612489671416,46.48476722776987],[4.745718312156706,46.48478587664642],[4.745782236571644,46.48478282872201],[4.745985442614662,46.484743877967325]]],[[[4.746422505059697,46.48412474327058],[4.746392404292688,46.484153844592896],[4.746373203052697,46.48417314217127],[4.746356928423968,46.48418203729552],[4.746338356931695,46.48419249865498],[4.746345912103633,46.48423705657293],[4.746347518055221,46.48424648909622],[4.746348658076978,46.48425358699011],[4.746358198668123,46.48430721136325],[4.746427033190628,46.48446972171583],[4.746438077955887,46.484497023462254],[4.746480777994894,46.48460075893573],[4.746521018161262,46.484692823240536],[4.746535919762099,46.484726550884396],[4.746566746663497,46.48476489880272],[4.746571533587906,46.484767797872294],[4.746595439385393,46.484781392985276],[4.746703924689613,46.484752895091724],[4.746790418634509,46.484729867024335],[4.746961823304767,46.484675098364434],[4.747151895374592,46.484604732653715],[4.747116964952344,46.48454005790537],[4.747077497350598,46.48446806698513],[4.746987290296294,46.48430597374108],[4.746904035501693,46.48415737432694],[4.746903757548033,46.48415683817166],[4.746932789024715,46.48415135067761],[4.746740210877261,46.48372413272168],[4.746696962049635,46.48361139899328],[4.746605123395238,46.4833738540284],[4.746508255023265,46.48345558424654],[4.746489723578794,46.483471358992695],[4.746482927891905,46.48358080449324],[4.746482930774875,46.483580894516436],[4.746453639500674,46.48358233284377],[4.746464410755159,46.483914606507504],[4.74646525914274,46.48403474326313],[4.746460552339691,46.484058773074686],[4.746457349490083,46.48407683546622],[4.746449102604216,46.48408803975335],[4.746422505059697,46.48412474327058]]],[[[4.74790346018657,46.479930186328545],[4.747867429606861,46.479928755898825],[4.747835794649303,46.47993023045564],[4.747835012755637,46.47993024241357],[4.747848432277831,46.47997876361693],[4.747851671393797,46.47999033276706],[4.747851410762289,46.479990336753076],[4.74778387447807,46.479998484932835],[4.747682001653724,46.48000517667742],[4.747654490093371,46.48000920008035],[4.747618670047862,46.48001434126816],[4.74752805760235,46.480034731054964],[4.747404306303649,46.48006256264382],[4.747379285118307,46.48006699823916],[4.747287668767425,46.48025546882503],[4.747275497652668,46.48027438890961],[4.747255268379129,46.48030631181748],[4.747239732083171,46.48032600388453],[4.747178612017617,46.48040421605352],[4.747178108054243,46.48040476416192],[4.7470614108754,46.480534803999475],[4.746985610606587,46.4806146815417],[4.746985225422041,46.48061486756426],[4.746985097988405,46.48061495957952],[4.746970973591928,46.48062175039749],[4.746889441821785,46.48066109512207],[4.746763757114646,46.480710031291174],[4.746677324888558,46.48073071675755],[4.74667719457099,46.48073071874922],[4.746574235589354,46.48074832422678],[4.746546488883565,46.480753161554894],[4.746535718647237,46.48075476722263],[4.74647110298157,46.48076458125422],[4.746426705019084,46.480766520650555],[4.746399239702003,46.48076793108519],[4.746204803464281,46.48076675895816],[4.745972379395816,46.48073968706437],[4.745890098376417,46.48073121677751],[4.745779174092957,46.48071994154891],[4.74577891345781,46.48071994553021],[4.745721369133875,46.48071442974799],[4.745557646805764,46.48069927727671],[4.74540675973727,46.480681857004235],[4.745357298056127,46.48067630766793],[4.745768437713412,46.48118287125082],[4.74576857379542,46.48118304930671],[4.745904691464631,46.48135813235437],[4.745943307339516,46.48140770991697],[4.746012295215539,46.481501857113365],[4.746014067184494,46.481504261859264],[4.746078921658468,46.48168106386069],[4.746113959364635,46.48178176418272],[4.746196905452678,46.48201863479193],[4.746281891279605,46.4822540331005],[4.746304910998411,46.48231735893737],[4.746305055732829,46.48231780706228],[4.746375960494358,46.482504333788526],[4.746489704988303,46.48282341534516],[4.746525365262793,46.48291500923696],[4.74655460757455,46.48298940827796],[4.746630541299494,46.483198554954626],[4.746637654296156,46.483217090178094],[4.746677174043651,46.483319252981275],[4.746763515091464,46.48356426743085],[4.746898052076723,46.48388510236604],[4.746901723129556,46.483893872848974],[4.746978670767152,46.484077604836614],[4.747042301226429,46.484228215445455],[4.747070129062903,46.48427876815521],[4.747081476232047,46.48429922010996],[4.747122927826275,46.484347673144974],[4.747183434169563,46.48438853943625],[4.747189431524689,46.484392590851236],[4.747203638900766,46.484400569788505],[4.747219439039297,46.48440942504835],[4.747272641782629,46.48442581457878],[4.747390748946824,46.48444940794017],[4.747441285713869,46.48445584068451],[4.747475859203228,46.4844605359926],[4.747529261314006,46.484458728767606],[4.747543652545055,46.484456166981225],[4.747558298658025,46.48445342116133],[4.747581396811292,46.484441809581696],[4.747610252901012,46.484426777467355],[4.74765219843668,46.4843970443674],[4.74766392981466,46.484380652875366],[4.747679519543976,46.484358528145506],[4.747692074755151,46.48433122591197],[4.747697549954098,46.484318983107144],[4.747701160195305,46.484305507877416],[4.747710687148992,46.484269155151225],[4.747722410930741,46.484219979277036],[4.74772262542167,46.48421853492064],[4.747733739437346,46.48415847022722],[4.747738694799113,46.484134076285194],[4.747740880091251,46.48412089304497],[4.747753086306719,46.48403388152772],[4.747767585327979,46.48397772802624],[4.747804618324149,46.48383134277415],[4.747843372234759,46.48370204397232],[4.747879781061561,46.48358908319586],[4.74790467017751,46.48353979602279],[4.747904794731115,46.48353961398338],[4.747905420384435,46.483538793809466],[4.748050998506741,46.48336183679755],[4.748057144871821,46.48335426720554],[4.748065074925412,46.48235692063057],[4.748065072039895,46.482356830607394],[4.748082535107445,46.48235656351028],[4.748096218854283,46.4823563542159],[4.748118248941613,46.48235619739455],[4.748313530987774,46.48235510173223],[4.748598674159807,46.4823507395213],[4.748600498658933,46.48235071160724],[4.748605201773736,46.482350999920776],[4.748653799667446,46.482353949141704],[4.748653947307749,46.48235448728681],[4.748660928416109,46.48239328956404],[4.748666323440557,46.48242328950929],[4.748668078441882,46.48247802359665],[4.748669007901246,46.482507011057194],[4.748665976381076,46.48258325440324],[4.748664109205764,46.48263074845499],[4.748742843714299,46.48254884345391],[4.748768579478897,46.48250566768957],[4.748772165400737,46.482499578309785],[4.748810427300463,46.48242009386871],[4.748837557318601,46.482363476718504],[4.748883004425982,46.48216652455471],[4.748941130256997,46.48199495747062],[4.748975244808018,46.48191220393215],[4.749015031032611,46.48181522301098],[4.749080900394498,46.48169811814893],[4.749037318726835,46.481550714380525],[4.748997862808454,46.48132867168511],[4.748947075727227,46.48113139076339],[4.748914670491128,46.48101128645884],[4.748866977395052,46.48083728560087],[4.748826934549017,46.48067415587696],[4.748793257220769,46.48053875955071],[4.748737758396103,46.48032867099778],[4.748716557047462,46.48024892551567],[4.748644055363165,46.47997208695706],[4.748626633737244,46.479916691882984],[4.748612312442742,46.47987259785878],[4.748606597179504,46.479861066613566],[4.74857652349938,46.47980550484273],[4.748513157642173,46.479813589650824],[4.748512639267063,46.47981368764909],[4.748456015155682,46.47982058847106],[4.748417444257604,46.47982532166088],[4.748312606324831,46.479833050077055],[4.748312620753789,46.47983350019314],[4.748312202471275,46.47984485507975],[4.748311049080248,46.47987801751377],[4.748262974807928,46.479899468424975],[4.748254234551752,46.47990338495632],[4.748207619676776,46.47992562412497],[4.748175236998574,46.479932244053096],[4.748100240633547,46.47994356882506],[4.748092948728933,46.47994386049566],[4.748051812268504,46.47994584071454],[4.747921614448198,46.47993116961573],[4.74790346018657,46.479930186328545]]],[[[4.749418931348305,46.480981051943445],[4.749476843985605,46.48089234975977],[4.749379242904999,46.480755860542544],[4.749256016211342,46.480588690225254],[4.7492554747311,46.48058806804141],[4.749219601745371,46.480538719774756],[4.74919765346392,46.480508883131435],[4.749162821942485,46.48047167800369],[4.749130833946134,46.4804377618393],[4.749028909074494,46.48034934442385],[4.748975340206325,46.48029297144175],[4.748921575145255,46.48023047685668],[4.748832525089913,46.48012474944919],[4.748832386113878,46.480124481373714],[4.748748897460469,46.480037673017804],[4.748737436709527,46.4800258694239],[4.748822412532904,46.48037862397625],[4.748822722239457,46.48038015038236],[4.748834136455123,46.480423027922676],[4.748848601994024,46.48047567611276],[4.7489610817243,46.48088916542542],[4.749012617978019,46.481093550202765],[4.749071973846794,46.481326276570876],[4.749072118601316,46.48132672469234],[4.749148029752362,46.481575589917064],[4.749277082114446,46.48131458101014],[4.749287309916962,46.48129199769068],[4.749315893357514,46.48122788256278],[4.74931625832579,46.48122706637019],[4.749418931348305,46.480981051943445]]]]}},{"type":"Feature","properties":{"dt":"Mâcon","type_prod":"Vins","categorie":"Vin primeur, Vin tranquille","type_denom":"dénomination géographique complémentaire","signe":"AOC","id_app":583,"app":"Mâcon","id_denom":1714,"denom":"Mâcon Bray","insee":"71039","cvi":"1B370 78, 1B370 79, 1R371 14, 1S371 14","nomcom":"BLANOT","insee2011":"71039","nomcom2011":"BLANOT","id_aire":1346,"crinao":null,"grp_name1":null,"grp_name2":null},"geometry":{"type":"MultiPolygon","coordinates":[[[[4.726382984804576,46.47444059892168],[4.726402523935803,46.47449776641321],[4.726405837193145,46.47450771378319],[4.72640676433118,46.47451229318792],[4.726417974713184,46.47456580369381],[4.72644399237768,46.47459288102824],[4.726443995227108,46.47459297105208],[4.726444698805063,46.474598724703625],[4.726448157629246,46.4746297455258],[4.726447704800782,46.47463191397246],[4.726437915610654,46.474680968187265],[4.726448049896403,46.47476637862599],[4.726448058444731,46.4747666486975],[4.726472914239524,46.47489705030086],[4.726489668303341,46.474919764235814],[4.726517724928115,46.47495770884359],[4.726647596133535,46.47513561020716],[4.726709478277448,46.47521663605451],[4.726747565388074,46.4752666781449],[4.726839408226654,46.475252230636166],[4.726888173357708,46.47523600222514],[4.727007093117316,46.475187370316746],[4.727048014186565,46.4751704497775],[4.727103506580869,46.47515258846599],[4.727154996544898,46.475135958489055],[4.727410401776968,46.47505824316956],[4.727559591547801,46.475039235450375],[4.727561540415172,46.4750390258546],[4.727568554056539,46.47503819929046],[4.727837488171254,46.475004861600695],[4.727942763938878,46.47499471343435],[4.72795783933866,46.474993224543795],[4.727961972008542,46.47499199118375],[4.728022537241096,46.47497378251093],[4.728058200916041,46.47495964310983],[4.728086641680972,46.47494795466324],[4.72819888570123,46.474898521768736],[4.728331939164796,46.474851656176455],[4.728332199773171,46.47485165223495],[4.728466088870954,46.47483116345741],[4.728645621427159,46.4747988157792],[4.728774500725306,46.474760118829515],[4.729125950799537,46.474648522479114],[4.729196851079387,46.47462736471248],[4.729266584280301,46.47460640469577],[4.729355103848642,46.474573541698774],[4.72940108545394,46.474543574071426],[4.729426875834807,46.47452643130809],[4.729470198205995,46.47451127487908],[4.729612520133217,46.47446075487776],[4.729739022107678,46.47442524514228],[4.729760600015342,46.47441915423502],[4.729883775699379,46.47438153307836],[4.729884163753312,46.474381437137026],[4.729980271562097,46.47434944950919],[4.7300568987377,46.474328024364354],[4.730313654403894,46.47425613633677],[4.730426262692814,46.47422651042078],[4.730688691809555,46.47415678729787],[4.730855101577037,46.47410950357981],[4.730879420190285,46.47409940799646],[4.730888790062936,46.47408656662415],[4.730882827117987,46.47407530850073],[4.73088148124473,46.47407397788128],[4.730870609669172,46.474064145112415],[4.730799958820263,46.474027387075914],[4.730592212550818,46.473914076799346],[4.730591289012806,46.47391373051768],[4.730515828107776,46.473885601520784],[4.730461201647532,46.47386904582124],[4.7304127765119,46.473854827999986],[4.730322060853355,46.473822516592904],[4.730122873245636,46.47374059933925],[4.730115337555101,46.47373729088554],[4.730029314931159,46.473700855182734],[4.7298799811404,46.47361241845814],[4.72982564875613,46.473580456553954],[4.729749805138899,46.473536120797995],[4.729736439192431,46.473529838295114],[4.729667895611642,46.47349782123041],[4.729593011198121,46.47347139418502],[4.729332751947532,46.47337923162738],[4.729332485638001,46.4733790555236],[4.729237968787675,46.473329598007226],[4.729237835633186,46.473329509955235],[4.729237572178175,46.47332942387501],[4.728992112185038,46.47319002164468],[4.728868067295508,46.473122006470405],[4.728807867737156,46.47309409581007],[4.728712880101512,46.47305031921347],[4.728664298294142,46.47302700627359],[4.728557619141768,46.47297629112584],[4.728459515125746,46.47294111782657],[4.72838869233314,46.47290706294917],[4.728351365954847,46.47288925385588],[4.728221108878809,46.47283907514929],[4.728142211716864,46.472797036211965],[4.728135452368212,46.4727935357563],[4.728130293689182,46.47279118196366],[4.728103854508625,46.47277960289716],[4.728059097337029,46.47277001211172],[4.728042614039171,46.47276818983875],[4.728019468370669,46.47276592791109],[4.727974212649896,46.472769404340625],[4.727961602143133,46.47277049570219],[4.727945057876539,46.472774979024045],[4.727921803636772,46.472781635346934],[4.7279036584904,46.47279731117236],[4.727868784349359,46.47282810099889],[4.727646680902803,46.473010242051004],[4.727626504118542,46.47302351673789],[4.727584881736195,46.47305116608602],[4.72737852708494,46.473072028806364],[4.727348510465536,46.473075094487776],[4.727047641279417,46.47310414028543],[4.726851972881032,46.47312078752977],[4.726797887732771,46.47312538765217],[4.726493575257932,46.47314862966557],[4.726488292014833,46.47314645781536],[4.726452524766719,46.473132587497375],[4.726427507137744,46.47313296546872],[4.726364902672878,46.47314435904714],[4.726359713459318,46.473145157978564],[4.726347921674027,46.47314740766121],[4.726265221518634,46.47313757878501],[4.726218904376697,46.473132243990534],[4.726169063442067,46.47312678227348],[4.72606443019803,46.47311593356481],[4.725980649239401,46.47309666378487],[4.725964499841361,46.47309303483053],[4.7259447155542,46.47308576803195],[4.725877855868389,46.473061559120936],[4.725812193132156,46.47302985654183],[4.725715437214703,46.47298367239128],[4.725431343549793,46.47286718269116],[4.725305567799947,46.472818464174296],[4.725451006350089,46.47311375913846],[4.725578608856523,46.47337266603997],[4.725655645723445,46.4735248866232],[4.725726848637387,46.47366575676594],[4.725772148134596,46.473762525025215],[4.725806124287131,46.47383514621884],[4.725856397606692,46.473928416787714],[4.725856930208675,46.473928769011444],[4.725953260799022,46.47399441393417],[4.726020512138508,46.47406392054482],[4.72622523641433,46.47427563768955],[4.726259067835583,46.47431070304919],[4.726331204615064,46.47438626023302],[4.726382984804576,46.47444059892168]]],[[[4.730643581672985,46.46555705648612],[4.730736652765152,46.46564760522802],[4.730759527928351,46.46566608274477],[4.730799099668067,46.4656972769978],[4.73086644867356,46.465765878637306],[4.730940905627683,46.46584076732253],[4.730941041623036,46.46584094539652],[4.731164290655986,46.46612334605203],[4.731248063710336,46.466228896352696],[4.731782557700135,46.46692106835278],[4.732018823607691,46.46721083577008],[4.732176380905163,46.46743964964736],[4.732213539652277,46.46749330673209],[4.732244704078439,46.467542911594514],[4.732354346296034,46.46771588948739],[4.732624140173764,46.468121243922916],[4.732684810741158,46.4682297554901],[4.732754022676103,46.468352728375606],[4.73290137466018,46.46866221609176],[4.732928591326047,46.4687188158194],[4.733160265282489,46.46920004331688],[4.7332462303736,46.46946867056762],[4.733257942420125,46.469504970099386],[4.733281993844205,46.46957269601803],[4.733360401944587,46.469792171094404],[4.733459133717036,46.470048175257496],[4.733661242942633,46.470419157792364],[4.733691899529593,46.470403471315535],[4.733745256876889,46.470179205175235],[4.73407189140831,46.469936111149245],[4.734296463040089,46.46979165768301],[4.73446475633499,46.46963193601839],[4.734499049158092,46.469599441624],[4.734808670710109,46.469297069214214],[4.734874588182703,46.46921789008859],[4.734902829880226,46.469183686094546],[4.734902954444435,46.46918350406887],[4.734951999736063,46.469114848728076],[4.735035232556921,46.46899811877016],[4.735055484893336,46.468934043675056],[4.735073323286374,46.46884325527502],[4.73508130698464,46.46867623953499],[4.73513509367507,46.468314073169736],[4.735154833082908,46.46819290322748],[4.735172532195894,46.46812643505515],[4.735185555233223,46.468076880457865],[4.735185549506204,46.46807670041043],[4.735229934529804,46.46795992973341],[4.735231971874944,46.46795431462618],[4.735235158898051,46.46794796152147],[4.735317949645498,46.46778053017285],[4.735318074205118,46.46778034814668],[4.735352969262777,46.46766849509879],[4.735363787069521,46.46759060279287],[4.735393987467218,46.46751556845285],[4.735459656824152,46.467383613298345],[4.735500551825105,46.46730058063685],[4.73556510336626,46.467092535580434],[4.73559401353371,46.466694269473535],[4.735609081831089,46.46665576200783],[4.735665251673522,46.46651206211811],[4.735667018615572,46.4663832391231],[4.735658717468512,46.46635994774171],[4.735647547152112,46.466328413758276],[4.735616613374672,46.46624106809982],[4.735563343692954,46.4661112797783],[4.735544638231643,46.46603545709336],[4.735542967256553,46.465802658647384],[4.735543088946927,46.46580238659718],[4.735381216483675,46.46574143797739],[4.735269739230953,46.46569944848853],[4.735248287051697,46.46568887615712],[4.735150960634615,46.46564099740376],[4.734806381849416,46.46545411644434],[4.734658623475199,46.46535737596606],[4.734658357187635,46.465357199874454],[4.734567752205212,46.46529931119622],[4.734556941822566,46.46529136926342],[4.734414812280931,46.465187157514],[4.734225955217999,46.465015293839755],[4.734146996671948,46.46493831394553],[4.733939042404876,46.464735576413574],[4.733697856562636,46.46449605495718],[4.733490226278323,46.46429520314049],[4.733233918067113,46.464047263737605],[4.732918064966283,46.46373835077633],[4.732625799057347,46.463384045678275],[4.732615638717276,46.46338834285178],[4.732615511299643,46.46338843485127],[4.732614993052032,46.46338853277769],[4.732507341282918,46.46342574181048],[4.732447533636436,46.46343862765797],[4.732389796097506,46.4634510317487],[4.732389521250601,46.46345058558019],[4.732386772781807,46.463446123895125],[4.732294713629431,46.4632971075245],[4.73226668582945,46.46329284898999],[4.73223970596211,46.463288754694595],[4.732169697271256,46.46329233800748],[4.732156165670495,46.46329308356402],[4.732155644564706,46.463293091464486],[4.731964069815383,46.46331436947425],[4.731875774467652,46.46332903788067],[4.731766548581014,46.463349517574564],[4.731703707332932,46.4633612781401],[4.731612928640158,46.46338805298362],[4.731561665957697,46.46340324066928],[4.731399866867524,46.46346333573592],[4.731392135964926,46.46346615490757],[4.731311751671846,46.46349601440489],[4.731212157761148,46.463507881287036],[4.731126069769195,46.463518192434464],[4.731124183565409,46.46352857873842],[4.731105958591802,46.46363198178633],[4.73110607598905,46.46382463367373],[4.731106150071803,46.463868044924034],[4.730656823299188,46.46383792454583],[4.73053404233212,46.46382969681033],[4.730398385633308,46.46408123746273],[4.730279104002577,46.46430253758149],[4.730279126844314,46.46430325777265],[4.730192643082965,46.464477856637615],[4.730141904872633,46.464612374666096],[4.730129860826396,46.46463948711956],[4.730110035577603,46.46468428048984],[4.730113098549431,46.464723323240996],[4.730139577805798,46.4648061442948],[4.730183352713998,46.46487537349649],[4.730278505557063,46.46500696167734],[4.730335472700036,46.46508526795295],[4.730335741827675,46.46508553407852],[4.730390414042484,46.46518188850914],[4.730426572223683,46.465245198480446],[4.730456736473465,46.46530445613469],[4.730489698070215,46.46534917060594],[4.730643581672985,46.46555705648612]]],[[[4.731592465844301,46.47439348229755],[4.731522210034821,46.474324024380536],[4.731478874553968,46.47428946480146],[4.731478208751717,46.47428902455456],[4.731462435810192,46.47427674422876],[4.731422252824792,46.47425114356499],[4.731358541116667,46.474223557629955],[4.731270951544926,46.47419119959695],[4.731150974517342,46.47415293738717],[4.731090784593317,46.47413772720213],[4.731051814489378,46.47413390425554],[4.73105063605399,46.474133741972786],[4.730995459894553,46.474128633360586],[4.730925855737722,46.474108431874654],[4.730925215653311,46.47410880183816],[4.730883238130887,46.47412934248104],[4.73085385309987,46.474144108221275],[4.730570597608148,46.47421072457936],[4.730418525221832,46.47425382782024],[4.730418137169745,46.474253923763385],[4.73014989425806,46.474333551576365],[4.730120340445184,46.47434300572604],[4.729683628958201,46.4744831860612],[4.729501090967748,46.474544042044904],[4.729411728046371,46.47459141870184],[4.729316953909881,46.474624376393],[4.729098104066848,46.47469127530237],[4.729053817955318,46.474704824962984],[4.729032251270567,46.474711275831616],[4.728706155718505,46.474808437891],[4.728381866149423,46.474905031284294],[4.728247657104679,46.47494011564138],[4.728167210498349,46.47496447944965],[4.728079283165667,46.47499138813116],[4.727966366668403,46.475023718356056],[4.72814782533059,46.47536484989097],[4.72817236118675,46.475410953376624],[4.728172364039072,46.47541104340041],[4.728200887926841,46.475467804534105],[4.728313851757249,46.475441057525195],[4.728440139952311,46.47541104659605],[4.728440278816122,46.47541131469652],[4.728527501612915,46.47560075717063],[4.728534643627159,46.47561632078751],[4.728584748176106,46.47572463395458],[4.728657442385405,46.47588754621884],[4.728715254513657,46.47601690846806],[4.728757844802673,46.4761020078991],[4.728786375367673,46.47615894892783],[4.728786114753084,46.47615895287038],[4.728728843258346,46.476165943803885],[4.728728987832059,46.47616639195149],[4.72876329273235,46.4763026846628],[4.728889646044477,46.47680523800603],[4.728922270101659,46.47694605944233],[4.72893586707561,46.47700484756676],[4.728942799229436,46.477042570796016],[4.728982273114918,46.47725552225005],[4.729039646845666,46.477572500355066],[4.729106868019648,46.4779245455932],[4.729107131496646,46.47792463167364],[4.729135480443118,46.47792645441746],[4.729154545879627,46.47792742688389],[4.729191935740163,46.477922447867286],[4.729232294215867,46.47791652325026],[4.729277878427342,46.47790682680118],[4.72936246843441,46.4778855519233],[4.72936272620279,46.47788545795572],[4.72943233604808,46.477864589844636],[4.729491578880768,46.47783748382957],[4.729596058271473,46.47778150221115],[4.729723017422066,46.47771905569874],[4.729855376130486,46.47765832864684],[4.729917179059286,46.47762974258098],[4.729963638745121,46.477610665638814],[4.730104920865109,46.47755178468027],[4.730162271942853,46.47751849232637],[4.730188375515542,46.47750296588055],[4.730188630424934,46.47750278188738],[4.730259768272923,46.47745613097899],[4.730329999539632,46.47740967388462],[4.730493190247306,46.477297591407414],[4.730590828226132,46.47722739179353],[4.730635683217463,46.47719473875801],[4.730727706092493,46.477124263786536],[4.73077020699724,46.47707084087836],[4.730788423272985,46.477032736866356],[4.730801240156644,46.47700525246131],[4.73085836575249,46.47689504596459],[4.730867661832267,46.47687986398367],[4.730902971460962,46.47682168632091],[4.730904132982485,46.476800773191044],[4.730893477515637,46.47678544306195],[4.730893338636269,46.476785174964526],[4.730909645005443,46.476777272291926],[4.730932230787906,46.476765942027946],[4.730970722930746,46.47673410576025],[4.73098456372386,46.47672245760927],[4.731073316319287,46.476631136331356],[4.731088493311079,46.476616405649175],[4.731263626803677,46.476445327347676],[4.731292783223105,46.47641921654786],[4.731345436741103,46.47634888713285],[4.731387982726255,46.47628870826264],[4.731396338972267,46.47627678288416],[4.731396463564374,46.47627660086252],[4.731398955406318,46.47627296042969],[4.731427223500389,46.47623119139461],[4.731445235577549,46.476194891695215],[4.731446461490708,46.476192441312385],[4.731470568804652,46.47614280941001],[4.731492843202668,46.4760929350721],[4.731529317479918,46.476009881052875],[4.731553909869686,46.475963213990205],[4.731609575018511,46.47587689694434],[4.731693310279718,46.47581240106243],[4.731694584761778,46.47581148107957],[4.731706799780142,46.47580201907773],[4.731707057534637,46.475801925104825],[4.731707312430958,46.475801741108214],[4.731908454092907,46.47569853840193],[4.731911918045456,46.47569677463122],[4.731936675497015,46.47568406023914],[4.73199603573095,46.47564434170027],[4.732040799959322,46.47560889737055],[4.73207077502251,46.4755757487211],[4.732095404656666,46.475542591016996],[4.732098774252598,46.47553785645889],[4.732110043610313,46.47551093574312],[4.732129790356866,46.47545128226994],[4.732130376130603,46.47544920184968],[4.732131811147734,46.47544512708262],[4.732131808288876,46.47544503705895],[4.73213425716084,46.47544004625426],[4.732135112121776,46.47543823195484],[4.732181249685277,46.475343412580166],[4.73220972258856,46.47520139562431],[4.732219572763958,46.475174946741674],[4.732220654019652,46.47517204820689],[4.732231565425935,46.475142070622454],[4.732253270981923,46.47507842447868],[4.732253268122884,46.47507833445498],[4.732253031696033,46.475054470275936],[4.732252884673974,46.47504573600265],[4.732252743370036,46.475037181776734],[4.732252249630548,46.47500521546525],[4.732249374019911,46.47498445357118],[4.732248874463804,46.47498103859654],[4.732244880876223,46.474953808822946],[4.732227652232077,46.47492443792886],[4.732200389742204,46.47490341522697],[4.732174965825557,46.47488281498504],[4.732080773200325,46.47480678506494],[4.73207916667192,46.47480545840981],[4.732071006585858,46.47479891713256],[4.731998578076936,46.474743182615775],[4.73188830930844,46.474653525876406],[4.73188670564764,46.474652289242236],[4.731844687001841,46.47461816017412],[4.731811769137278,46.474591458801],[4.731801189338687,46.47458261243283],[4.731793689411077,46.474576331333125],[4.73178766569615,46.47457137886689],[4.731683503032611,46.474485142015915],[4.731629088596221,46.4744301250298],[4.731592465844301,46.47439348229755]]],[[[4.732095999636733,46.48358718272852],[4.732138415575437,46.48360896657483],[4.732238888983696,46.48366058331445],[4.732331260334405,46.48372394140049],[4.732402171935491,46.48377258351741],[4.732486562351267,46.48383507171644],[4.732503652982347,46.48384769222085],[4.732526659354921,46.48387004034222],[4.732602947842143,46.48394426990234],[4.732643417198189,46.48398274545379],[4.732689801146903,46.48402680554257],[4.732719869624014,46.48401698274625],[4.732745538473183,46.484008217377834],[4.732788327735372,46.48398838441748],[4.732828539054879,46.483969491194166],[4.732968749417656,46.483864148679324],[4.732990406996595,46.483848148653756],[4.733079447567293,46.48378204042139],[4.733132718435494,46.48372277921127],[4.733216435505022,46.48361225852731],[4.733234256556359,46.48358631920242],[4.733278864258793,46.483521154806965],[4.733304662933107,46.483475459896354],[4.733351177229117,46.48339234323454],[4.733368525758591,46.483359746098664],[4.73338093026246,46.48333569023338],[4.733436360468062,46.483262345674596],[4.733535064676392,46.48311061696418],[4.733596623923709,46.482988092869824],[4.733625421292793,46.482930103285426],[4.733657535043289,46.48283288426381],[4.733665453747873,46.482762061590435],[4.733668051197994,46.48272482453898],[4.733668786251509,46.48271103314532],[4.733661596537459,46.482624317661305],[4.733649383690031,46.482564158055034],[4.733245776396063,46.48257442260463],[4.733064823645117,46.482558702910296],[4.732893422741298,46.48251942070243],[4.732739156133406,46.48250644821925],[4.732563876640775,46.48248460724235],[4.732441697669937,46.482451513343456],[4.732356476794843,46.482428487030866],[4.732202332509182,46.48246450837939],[4.731930149810007,46.48251159518062],[4.731803409884876,46.482548371574126],[4.731700055213883,46.48257839875245],[4.731629550726556,46.48257946698639],[4.731629029436436,46.48257947488442],[4.731727313411787,46.48311244274242],[4.731919236651073,46.48319437764245],[4.732095999636733,46.48358718272852]]],[[[4.732048627851032,46.48144286697384],[4.732049024528499,46.48144304109605],[4.732058547647553,46.48144731005271],[4.732191188419065,46.4815060949783],[4.732218712427984,46.481518827588076],[4.732222019035867,46.481520308609525],[4.732251778514901,46.48153363779824],[4.732294141879476,46.48154560507172],[4.732318080306165,46.48155217738648],[4.73231834380575,46.48155226345948],[4.732341984424321,46.481557669413085],[4.732342772063749,46.481557837608314],[4.73237625532274,46.48156525597108],[4.732497069811858,46.481580087009156],[4.732682868854567,46.48161302693447],[4.732953471014529,46.481639456854005],[4.733140543178925,46.48164679772288],[4.73314042144122,46.481647069769835],[4.733140942722209,46.4816470618649],[4.733276623701499,46.48167427601557],[4.733373200390141,46.48169361679432],[4.73338343690871,46.481695713215814],[4.733430687011368,46.481705534418126],[4.733474392727659,46.48171459875757],[4.733483788546688,46.48171895959547],[4.733495567333406,46.48172445515937],[4.73353143643563,46.48174129403126],[4.733555641220305,46.4817562382778],[4.73356376901793,46.48178223441413],[4.733563913646253,46.481782682555206],[4.733574468896775,46.48180711073247],[4.733630882600131,46.48193703225537],[4.733735344223855,46.48215106797585],[4.7337410865261,46.48216764325579],[4.733748402600505,46.482188607943094],[4.733748793565064,46.4821886020123],[4.733772632073637,46.482200219294356],[4.733841749472387,46.48215143528167],[4.733876669133962,46.482121994032596],[4.73387679659323,46.48212190203197],[4.733901303488353,46.48208892599835],[4.733930993610342,46.48203443538412],[4.733952903142638,46.481977180661076],[4.733968818047856,46.481911820786614],[4.733981940101152,46.4818570411171],[4.733988887058946,46.4817966809136],[4.733984859874783,46.48167001777907],[4.73398484270133,46.48166947763777],[4.733974744605626,46.48149129822902],[4.7340046106623,46.481360338048354],[4.734004602075524,46.48136006797768],[4.734007743230156,46.48133173928747],[4.734015662779181,46.48125686353508],[4.73404019563207,46.48105248959259],[4.73404521323651,46.48100116534707],[4.73404550687408,46.48099809861426],[4.734051495791967,46.48092811576383],[4.734076999136916,46.48065995964209],[4.734082087364731,46.4805821546226],[4.734082803598553,46.48057187611778],[4.734087874635768,46.48049353095551],[4.734082590161349,46.48042984370359],[4.734067052157874,46.48022409623676],[4.734064562287749,46.480129383531136],[4.734063537587488,46.48009715509245],[4.734071547942184,46.479980036514945],[4.734072249858597,46.479969307891295],[4.734080601114309,46.479846509916236],[4.734001688257627,46.479853651671824],[4.734001557941696,46.479853653649045],[4.733958144041989,46.47985782495159],[4.73381844095184,46.479863907406916],[4.733754905532614,46.479862619603885],[4.733751384139873,46.47986258295757],[4.733568101347445,46.47985941884663],[4.733567840715523,46.47985942280008],[4.733545846174628,46.479852461000384],[4.733541763459083,46.479851171924174],[4.733540972979186,46.47985091371358],[4.733527679444965,46.47984697227386],[4.733528197847304,46.47984687434353],[4.733527540544856,46.47984670417976],[4.73352948383826,46.479846314435186],[4.733542168957002,46.479843420012074],[4.733576687057321,46.47983830300279],[4.733584213903775,46.47983719809244],[4.733585250708063,46.47983700223131],[4.733587715264331,46.47983660457879],[4.733587845580238,46.47983660260204],[4.73358810621205,46.47983659864854],[4.733826470959247,46.47984171916939],[4.733884448754938,46.4798363362248],[4.733886658401176,46.47983612256715],[4.7338979758499,46.47983532039485],[4.734048858914982,46.479824114523346],[4.734064796172747,46.47982099056317],[4.734082103932241,46.479815864331684],[4.734088114284029,46.479812170454885],[4.734088241737541,46.479812078453975],[4.734103052103314,46.479802216561524],[4.734113238439567,46.47979044335568],[4.734119881838003,46.47978205638719],[4.734131460830392,46.47973207363652],[4.73414764183055,46.4796341054046],[4.734148419505313,46.479629860454786],[4.734157774642881,46.47957144514471],[4.734167435264891,46.47940782692585],[4.734175989425723,46.47921351263778],[4.73418164549711,46.479157675327166],[4.734183709423559,46.47913647825921],[4.734192915591342,46.47907338171517],[4.73419464280979,46.479062097128164],[4.734213026448908,46.478935003799535],[4.734213012136531,46.4789345536816],[4.734214133577543,46.47892471935872],[4.734215832303892,46.47890433843404],[4.734216439857986,46.47888244292802],[4.734216512922026,46.47888064047884],[4.73421645459546,46.478858304742126],[4.734214064856705,46.478758546742775],[4.73421388165879,46.478752785233155],[4.734210917650421,46.47865546775623],[4.734207621250257,46.47848619176622],[4.734207450863405,46.47848493341339],[4.734207430826308,46.47848430324824],[4.734192106859853,46.47832628801274],[4.734202874273454,46.4781523853157],[4.734205339465922,46.47811100713842],[4.734208032431607,46.478064491683355],[4.734208198594994,46.47806151694971],[4.734209487827521,46.47803645875003],[4.734228398196315,46.477901341432464],[4.734230339390593,46.47785168503663],[4.734218053127242,46.47775640041949],[4.734201342995573,46.477690094451916],[4.734189730396603,46.477644696748506],[4.734170453285389,46.477550959281984],[4.734165194013536,46.47752906273123],[4.734165035079941,46.47752816447256],[4.734164445142747,46.47752601181562],[4.73415297436887,46.47748097222426],[4.734110004953752,46.4773309420939],[4.734106237731972,46.47731496732457],[4.734106220558687,46.47731442718289],[4.734098292330272,46.47728239355211],[4.734095455807831,46.47727108814618],[4.734093206355856,46.47726184537395],[4.73408432201527,46.477207939958475],[4.734083697738671,46.477204707017606],[4.734074335111191,46.47715215986434],[4.734041382968914,46.476993241201875],[4.734029173825403,46.47693317160437],[4.734006890383379,46.47682687033749],[4.733986003391644,46.47671118090394],[4.733981596331917,46.47668738000522],[4.733967620246518,46.4766291385514],[4.733948583730721,46.476567551329715],[4.733946984350905,46.4765623517081],[4.733923658015253,46.47648885065375],[4.733885122564552,46.47637162763424],[4.733864777433513,46.47630988011961],[4.733862688513594,46.47629748256011],[4.733861099263567,46.47628849996743],[4.733861997496609,46.47627164380038],[4.733866173665718,46.47618565646936],[4.733866467896399,46.47609648562112],[4.733862669217994,46.47596468508581],[4.733862597674467,46.475962434494875],[4.733862594812726,46.475962344471235],[4.733862574780539,46.47596171430577],[4.733863915828208,46.475930080421726],[4.733868378918509,46.475820311028485],[4.73387591840284,46.47568428544123],[4.733881732588822,46.4755390991868],[4.73387249983849,46.4753429831372],[4.733852278115806,46.47534662243384],[4.733672477649804,46.47537871217047],[4.733577206863836,46.475396009274846],[4.733576558198582,46.475396109182185],[4.733543638045833,46.47540219273495],[4.73346589103935,46.475421205387896],[4.73342519779111,46.475445240093066],[4.733398713790788,46.475461043283865],[4.733372467767355,46.47546792622044],[4.733367686517246,46.475469259682164],[4.733367295600802,46.475469265611665],[4.733367165295321,46.47546926758816],[4.733363256130882,46.47546932688302],[4.733336543506978,46.47546973206097],[4.733277115906124,46.47546216713569],[4.733276198046358,46.47546200092313],[4.733243087728246,46.47545799976299],[4.733161226312759,46.47544600147808],[4.733138370094056,46.475440583831094],[4.733137712845916,46.475440413664955],[4.733126157293419,46.47543779683956],[4.733085317661581,46.475428508834526],[4.733018217068166,46.475405118275255],[4.733017030018519,46.475404685941825],[4.732950210115691,46.475381921556014],[4.732903640322937,46.47536461434852],[4.73285788099149,46.47534819550322],[4.732799410941522,46.47532152159991],[4.732693733196148,46.47526566119967],[4.732691744303593,46.47526461055148],[4.732679014821088,46.47525786839746],[4.732634949611313,46.47524142377836],[4.732455958355563,46.47517586666361],[4.732402799315281,46.47515631740842],[4.73239137988152,46.4751538785806],[4.732390331724875,46.4751537143363],[4.732385218387251,46.475152801115605],[4.732375388345275,46.475151148794815],[4.732361465750742,46.475151990324036],[4.732360947390923,46.47515208824913],[4.732354967668004,46.47515262923351],[4.732332625086281,46.4751592726239],[4.732314119736866,46.47517180226505],[4.732290425410127,46.47520566638089],[4.732280735372702,46.47523715659603],[4.732258488891605,46.475320715755366],[4.732231737955168,46.47542253672697],[4.732209100727893,46.47552663707602],[4.732197879128423,46.47557148041549],[4.73219788484637,46.47557166046287],[4.732196617303253,46.47557690356339],[4.732196492715413,46.475577085585925],[4.732196370986547,46.47557735763215],[4.732192755079885,46.47558254626185],[4.732185279806585,46.475593467613315],[4.732185152359717,46.47559355961215],[4.732167947028699,46.47560597945357],[4.732032907106703,46.47568467329196],[4.731991793049953,46.47571600927929],[4.731983775292398,46.47572216528666],[4.731983392949874,46.475722441282485],[4.731981863579738,46.47572354526578],[4.731964913056584,46.47573578107915],[4.731964785609013,46.47573587307773],[4.731964655302844,46.47573587505264],[4.731961440527496,46.47573727478038],[4.731906661873629,46.47576116213667],[4.731890052462981,46.4757677185471],[4.73187447406465,46.47577389906199],[4.731863671260153,46.47577856612883],[4.731824085733709,46.47579645890379],[4.731808854860134,46.47580947923547],[4.731807588955073,46.47581066929066],[4.73175317902449,46.475866704904305],[4.731704785301769,46.47591103067988],[4.731607997620394,46.475999682168606],[4.731595713413136,46.476015179696034],[4.731586688568457,46.47602657481977],[4.731569907102247,46.47605646114127],[4.731564395976704,46.476071765969984],[4.731561893881906,46.47607918937611],[4.731510605320204,46.4762171385339],[4.73150254632578,46.47623842638491],[4.731502552041501,46.47623860643229],[4.731495048564708,46.47626096666951],[4.731462421495692,46.47630505344062],[4.731455296890875,46.476314708488395],[4.731453278849246,46.476320953686574],[4.73145328170703,46.47632104371026],[4.731452930793241,46.47632230996491],[4.731443863034637,46.47635288999487],[4.73144348354273,46.47635325601255],[4.731369681984369,46.47641859192613],[4.731349021333126,46.476445384636364],[4.731300201533353,46.47650917114767],[4.731299949489895,46.47650944516702],[4.731286125381323,46.476529829603166],[4.731285734457053,46.47652983552553],[4.731285485270944,46.476530199568565],[4.73127374611274,46.47653001714433],[4.731266839783917,46.47653012177197],[4.731250648426086,46.47653342933928],[4.731231818882282,46.47654398222929],[4.731209969923147,46.476566199497896],[4.731200131626315,46.47657661617367],[4.731077609239675,46.47670888917128],[4.730957817030629,46.476840940538565],[4.730923465484551,46.47688000950963],[4.730904731614182,46.476910015358676],[4.730890610606512,46.47693337644872],[4.730859229061092,46.47698798199968],[4.730838001452017,46.477025681297896],[4.730806229767127,46.47710497108892],[4.730791444591961,46.477123838875436],[4.730776033569088,46.477143526740974],[4.73074006547019,46.47717685584735],[4.730719418077973,46.47719175939184],[4.730700305825333,46.47720573901413],[4.730610293065346,46.47726150260579],[4.730487050744443,46.47733830457047],[4.730450382942309,46.4773619169445],[4.730431230574974,46.477374636189566],[4.730367762360497,46.47742468369151],[4.730367634906286,46.47742477568829],[4.730364069044256,46.4774274416218],[4.730227633864518,46.47752813065648],[4.73009349617961,46.47758618307546],[4.730033639486934,46.47761446957532],[4.729839824372452,46.47770647965757],[4.729766765221601,46.477741901007164],[4.729637222682954,46.47780510720257],[4.729582767217202,46.477831060038014],[4.729535262870139,46.477854205641144],[4.729508364653941,46.47786524061149],[4.72947839033685,46.47787794333199],[4.729450554226575,46.47788818187966],[4.729444413438119,46.47797410858204],[4.729443587310663,46.47801384059425],[4.729442014841046,46.478083486116674],[4.729435628626571,46.47825624103388],[4.729435470765996,46.47825948583163],[4.729433273268028,46.478321755322646],[4.729426136166382,46.47837626374217],[4.729421297876185,46.478412814058],[4.729398561484723,46.47857978190183],[4.729377030043321,46.47873952614842],[4.729350705455393,46.47880567333726],[4.729333191520759,46.47884953073888],[4.729316015254146,46.47889581483385],[4.729282732703502,46.47898512441497],[4.729282735557844,46.47898521443867],[4.729305735597778,46.478995134038925],[4.729404209725002,46.47903750650157],[4.729455256043669,46.479060241493286],[4.729476975841703,46.479070900968935],[4.729507832922079,46.47908601557491],[4.72958760776427,46.47913074240436],[4.729626081254383,46.47915168612738],[4.729647841091554,46.47916360590215],[4.729696310086468,46.47919961963088],[4.729714770286781,46.479214381407395],[4.729741784764474,46.479235768726916],[4.729756935730736,46.479248959379106],[4.729775302766671,46.479264893426084],[4.729829080003224,46.47932028120857],[4.72987314916504,46.4793655482862],[4.72989481801074,46.47938692641826],[4.72991595133632,46.47940786231794],[4.729926261782376,46.47942463882826],[4.729940834727882,46.479448376034824],[4.730009458937671,46.479556678471475],[4.730018210325364,46.47956951563049],[4.730046655219446,46.4796113264161],[4.730083132791083,46.4796803058677],[4.730097003939099,46.479706575552825],[4.730137586063174,46.47977342131276],[4.730137722090641,46.479773599387286],[4.730144109670986,46.47978178884293],[4.73018693267742,46.47983707209782],[4.730280093065272,46.479929691547234],[4.730242360909314,46.47995268946266],[4.730184171161103,46.47998428323097],[4.729990640952428,46.48003620932596],[4.729923295329264,46.48005866466215],[4.729842854372122,46.48008753278589],[4.729842857227445,46.48008762280956],[4.729864516986433,46.480116926973395],[4.729884544437851,46.480144094235065],[4.729930508313845,46.480195637298905],[4.72995659608411,46.480224784353354],[4.729988815533288,46.48025816179649],[4.730039233232799,46.48031035793499],[4.730059837135625,46.48033103162471],[4.73008043819834,46.48035161528697],[4.730160178387051,46.48044038498092],[4.730198722182815,46.48048816739563],[4.730227897135251,46.48052420280529],[4.730228406982002,46.48052383481897],[4.730295257555688,46.480469322989606],[4.730295767401469,46.480468955002976],[4.730372461263411,46.48042059878225],[4.730619024423742,46.48026492252605],[4.730619151884166,46.48026483052904],[4.730672053280967,46.480300776743064],[4.730742032245799,46.480316109191996],[4.730794307833178,46.480192646385134],[4.730817458478003,46.48013744502777],[4.730859034409815,46.48003837222603],[4.730897104828858,46.4799356597535],[4.730954434233826,46.479782488293615],[4.730980299571488,46.479710133061374],[4.730995144403563,46.479668477430955],[4.7310442289884,46.479534885246856],[4.731065967371923,46.47947628267273],[4.731066488632469,46.479476274777234],[4.73113198112267,46.47947762448916],[4.731179209494197,46.479478620359664],[4.731179991385024,46.479478608515656],[4.731297959734552,46.47947375920414],[4.731298220364796,46.479473755255874],[4.731162007185063,46.479840319548615],[4.73116188829901,46.4798406816172],[4.73157776912011,46.47988499886233],[4.731673923030437,46.47989525066952],[4.731762926740287,46.479906151144554],[4.731763057056425,46.47990614916988],[4.731765944484374,46.47996834167682],[4.7317729633203,46.48012369086767],[4.731776732211821,46.48019721845053],[4.731777253479153,46.48019721055179],[4.731844395233247,46.48019709380642],[4.731998498333396,46.480196920103324],[4.73199862865022,46.48019691812839],[4.732076960496006,46.48019609125965],[4.732228799599216,46.480194420419956],[4.732229320866457,46.48019441251915],[4.732225293905552,46.480248243526624],[4.732220020067832,46.480320286956335],[4.732221791275042,46.480351423275856],[4.732223203425633,46.480375359681254],[4.732208998679294,46.48051103567146],[4.732205100021245,46.48054838247862],[4.732198741268927,46.48058216389393],[4.732198215041692,46.480594330907614],[4.732198232197115,46.4805948710493],[4.73219704205346,46.48062308004218],[4.732179540812915,46.48067549406014],[4.732165417286907,46.480789102403264],[4.732162869614417,46.480815620697584],[4.732158731484691,46.480857744677905],[4.732143620392812,46.48098541842387],[4.732142388231575,46.48099588486346],[4.732125624601274,46.48112079157359],[4.732108020312203,46.481219231339075],[4.732105982891365,46.481237185537516],[4.732102213230411,46.48127038730082],[4.732092365772123,46.4813298005862],[4.732057951038097,46.48141210292411],[4.732056414129196,46.4814170798973],[4.732048627851032,46.48144286697384]]],[[[4.732445503869926,46.495122778051986],[4.732108885324588,46.49489235437931],[4.732107955701996,46.49489182806431],[4.731990833645822,46.49482172935473],[4.731869920235964,46.49487039591246],[4.731737708729487,46.49490004927633],[4.731737448025548,46.494900053225585],[4.731734722071071,46.494900454786496],[4.731637497288131,46.49491480709056],[4.731444248733142,46.49493205478519],[4.731293619430128,46.49498954699505],[4.731408511469961,46.49529745629669],[4.731408650399006,46.49529772439267],[4.731437501960928,46.49537258318594],[4.731437504819684,46.49537267320935],[4.731480000767353,46.495487044755414],[4.73149897303711,46.49553827555504],[4.731603989501998,46.49581850363141],[4.73160527705179,46.49582208679703],[4.731673537971041,46.49600442863599],[4.731673668325652,46.496004426661436],[4.732047251395255,46.49590392691239],[4.732097674912502,46.495890103265715],[4.732195926225366,46.49586285550221],[4.732253021824804,46.495853794291655],[4.732277156165044,46.495849915986184],[4.732287535879535,46.49584822756838],[4.732492540114913,46.495815038664475],[4.732697216717641,46.49576744367759],[4.732701093007533,46.49576630412526],[4.732701223361539,46.495766302149526],[4.7327321176254,46.49575763781864],[4.73274737065316,46.49575335362543],[4.733007418574394,46.49570401812732],[4.733051753505297,46.4956956002897],[4.733024270161707,46.49566386309996],[4.732847073736208,46.49545993607409],[4.732762695858046,46.49537790331061],[4.732753409681123,46.49536885725618],[4.732702820606816,46.49531999726186],[4.732702551318413,46.49531973114317],[4.732652175649995,46.49527347982829],[4.732589180361778,46.49522408728437],[4.73258222752174,46.49521869858923],[4.732579285385862,46.495216401444345],[4.732545717267502,46.49519016036834],[4.732445503869926,46.495122778051986]]],[[[4.734257208621474,46.50412188409095],[4.734267518544431,46.50418765649364],[4.734270503793065,46.50421589213934],[4.734277199134461,46.50427874716736],[4.734277392514826,46.50428072570027],[4.734284706743479,46.50434663360589],[4.734276780776749,46.50436809962147],[4.734270322059408,46.50437828505109],[4.73426352090218,46.50439000680728],[4.734241119111394,46.50440745925497],[4.734227501233223,46.50441811353631],[4.734203603654392,46.50443775026304],[4.734197123509052,46.504443162481266],[4.734003822726709,46.504558227128584],[4.733982190236809,46.50457116452432],[4.733973937509379,46.504590563938756],[4.733973940372807,46.504590653961976],[4.733973983324219,46.50459200431005],[4.733974938723009,46.50460153688388],[4.733977359746064,46.50461203796393],[4.733977651994063,46.50461302426481],[4.733987874138404,46.50461863350628],[4.733994110580737,46.504621961459684],[4.734088757742462,46.504665469299276],[4.734289858691258,46.50470538094941],[4.734626481284469,46.50477385899209],[4.734735949250137,46.50479120226571],[4.734779208078365,46.504797931402564],[4.735033245440626,46.504812540450715],[4.73504302074155,46.50481230204807],[4.735045234260654,46.50481217839211],[4.73508197724251,46.504810900291716],[4.735082107618052,46.504810898313266],[4.735290174047985,46.50479504132606],[4.735291214186351,46.50479493547344],[4.735300972289218,46.50479415690973],[4.735418570981923,46.50479237206859],[4.735426704394129,46.50478972675358],[4.735428251704852,46.50478916286855],[4.735452507231404,46.504780778782745],[4.735497678884247,46.504802519748836],[4.735712438945487,46.50480844659172],[4.735729225857048,46.504807201023894],[4.735732998147824,46.50480687355811],[4.735794533906443,46.50480179632176],[4.735794672881273,46.50480206441197],[4.735794806123214,46.50480215245588],[4.735795066874207,46.504802148497355],[4.735796448023256,46.504804559330026],[4.735796586998102,46.504804827420216],[4.735800270524556,46.504809905300114],[4.735941556303763,46.50482694452156],[4.735949282861625,46.504827908013176],[4.735959495155445,46.50482910396434],[4.736144501369312,46.50485097320481],[4.7366056183878,46.5049006225124],[4.736655225793501,46.5049059935866],[4.73667616620887,46.50490819739455],[4.736751294408386,46.50491624305996],[4.736813223129728,46.50492349844442],[4.736961297665787,46.50494070349319],[4.737117909539274,46.504951564043985],[4.737118564286939,46.50495164416328],[4.737408695747672,46.50496912211594],[4.737422156019373,46.50496990831657],[4.737564865015549,46.504978367581835],[4.737727571589542,46.50498400087913],[4.737849235626746,46.50499106836348],[4.737870274930227,46.504992279717044],[4.738128094927167,46.50500682442258],[4.738658950821995,46.50503856285694],[4.738857949864554,46.505049226812865],[4.73904531393137,46.50505907665284],[4.739038134636324,46.50505891564628],[4.73911862430652,46.50506327554924],[4.739134438275307,46.505060152878464],[4.73913326201941,46.50506008070297],[4.739300713995312,46.505026370483044],[4.739476529924242,46.50499316323848],[4.739489316482986,46.50498918590737],[4.739489959744365,46.50498890592084],[4.739495383822148,46.50498720219996],[4.739525853759726,46.50497737169764],[4.739581083363466,46.504946359066714],[4.739702666714848,46.50487731938971],[4.739755431165789,46.504854900522396],[4.73975428364335,46.50485572858385],[4.739765607289387,46.50485087281264],[4.739760577233024,46.504852660618106],[4.739799702844709,46.50483612346235],[4.739828772990791,46.504827394977745],[4.739826970719879,46.504828142936134],[4.739932918879327,46.504796448427676],[4.740192821628724,46.50473322914506],[4.740204080930693,46.504730445844686],[4.740203301553425,46.504730547773434],[4.740237467704272,46.504722101889875],[4.740345523364491,46.50469514845519],[4.740373325130599,46.50468346693149],[4.740373583006693,46.5046833729395],[4.740519958759924,46.504626924609155],[4.740591083520341,46.50459945231343],[4.740818584516743,46.504538706305006],[4.74104765138068,46.50448207906504],[4.741249957492151,46.50442072509325],[4.74165728227345,46.504313556295045],[4.741657928391825,46.50431336631929],[4.741977603047381,46.504218609685395],[4.742086090205152,46.50419705201174],[4.742232920485575,46.504167164230836],[4.742482013149642,46.504120946874],[4.742499449594419,46.504062497957],[4.742499446716943,46.504062407933986],[4.742486948835794,46.50399378732658],[4.742486945958342,46.50399369730358],[4.742486798320314,46.503993159152465],[4.742485408263654,46.503990478331275],[4.742485405386205,46.50399038830828],[4.742456808545879,46.50393228066511],[4.742370788772965,46.5037875031163],[4.742340428263489,46.503727260717596],[4.742334309199514,46.50371537507292],[4.742116759463931,46.50345470410681],[4.742083407906644,46.50342738161867],[4.741975938478211,46.50333787138505],[4.741974730613419,46.50333680898549],[4.741895555207361,46.503271455847546],[4.741706120016842,46.50313536859301],[4.74142557564409,46.50299310313814],[4.741387260055056,46.50297369187647],[4.741386729944629,46.50297342974988],[4.741247435699147,46.502904308335445],[4.74117964215813,46.50287264651063],[4.741149191120116,46.50285851941326],[4.741005003764319,46.50279136362988],[4.740910876824063,46.50274380053762],[4.740907696188725,46.50274222776465],[4.740811055012945,46.50269353200665],[4.74070023157383,46.5026377566779],[4.740548053801276,46.50255315895376],[4.740414071576605,46.502474678801605],[4.740413805089181,46.50247450272449],[4.740226690817196,46.502361885209744],[4.73993756069421,46.502113828309064],[4.739932749614611,46.50211020878539],[4.739901884521307,46.5020871710517],[4.739900679597715,46.502086198653096],[4.739879306305916,46.50207040194707],[4.739824495097209,46.502032687437165],[4.739818493476145,46.50202854562468],[4.73981622836798,46.50202704895735],[4.739640875206573,46.50190686606726],[4.739368669697185,46.50171898509409],[4.739368536457007,46.50171889705429],[4.739286957958712,46.50166798942388],[4.739245808690547,46.501645558302314],[4.739243685469722,46.5016444197328],[4.73906980506721,46.50154988263237],[4.739027139802923,46.50152080955034],[4.739026073889799,46.50152010522886],[4.738968763870923,46.50148170779607],[4.738814313823658,46.50137066275971],[4.738449626903856,46.501071962916576],[4.738409046527295,46.50103871483795],[4.738404360269306,46.50103491322075],[4.738384540737277,46.501018732353145],[4.738384537866756,46.50101864233],[4.738384271393001,46.50101846624812],[4.73840030883804,46.50101011638742],[4.738400305967493,46.50101002636427],[4.738143270220361,46.50074130213995],[4.738053963274386,46.50064835989672],[4.738006918855769,46.500600529061394],[4.738005030603383,46.500598576296646],[4.737970126656759,46.50056335037477],[4.73787996800478,46.500472312351526],[4.737616116475714,46.50022692783126],[4.737429386604179,46.50007683227624],[4.737409845651086,46.500061187413934],[4.73739927147791,46.50005270169412],[4.737395387641366,46.50004951831077],[4.737244068813649,46.49992599443689],[4.736984424539922,46.499767459032036],[4.736889895944661,46.499698823214516],[4.736846509777299,46.499667508632086],[4.736846379414118,46.49966751061253],[4.736822365968685,46.499687509975665],[4.736787926555903,46.499715953861376],[4.736786529841205,46.499717145947365],[4.736779036284743,46.49972347439146],[4.736782543311152,46.49972711385313],[4.7367833513014,46.499727912179694],[4.736795595785662,46.49973970505091],[4.736795216166915,46.49974007108492],[4.736795349398103,46.49974015912774],[4.736747411527247,46.499791144619195],[4.736729997779691,46.499809512570266],[4.736689637854342,46.49985272724451],[4.736596160686285,46.49993583772135],[4.736596033189965,46.49993592972474],[4.736498153366053,46.50001595465351],[4.736498025869381,46.50001604665679],[4.736395997226089,46.500105051116826],[4.736387242936051,46.50011274968241],[4.736386860444792,46.50011302569186],[4.736336789983494,46.50015440624321],[4.73631783319875,46.500177571099066],[4.736315074129822,46.500181035537956],[4.7363096777542,46.50018769236601],[4.736279784492743,46.500272899166994],[4.736273929886534,46.50028974049523],[4.736262212062321,46.500323153081034],[4.736261968534666,46.500323697179894],[4.736248557468084,46.500361278548915],[4.736243886079699,46.5003743191027],[4.736213468285821,46.5004594437795],[4.736185565192144,46.500500667751645],[4.736057333454402,46.50061060500996],[4.736004899876246,46.500647427881056],[4.735920978165108,46.500703012377656],[4.735920082803892,46.50070356637276],[4.735801829136587,46.50078281920102],[4.735716589103045,46.50084616929416],[4.73570257843831,46.50085673967192],[4.7356539593945,46.500894585263694],[4.735642249440684,46.500903679638704],[4.735604963514088,46.50093288688779],[4.73558371394248,46.500949601611644],[4.735553907614505,46.500988422505486],[4.735550649917164,46.50099261502714],[4.735529610970317,46.50102004448299],[4.735531797193097,46.50103135970344],[4.735540702522453,46.50107346581395],[4.735498645951947,46.50111670578511],[4.735490700822586,46.501129345663244],[4.735488837025599,46.50113225608994],[4.735482636785734,46.50114234761259],[4.735463534645,46.50117326025655],[4.735461421619583,46.501184730804184],[4.735452880716652,46.50123601834507],[4.735442356918329,46.50125779409979],[4.735441130621203,46.50126024451526],[4.735435529199199,46.50127275874666],[4.735394452744873,46.501420551253325],[4.735386643714014,46.501449761332076],[4.735372466819117,46.5015042867439],[4.735269031323355,46.50174183145975],[4.735252725318728,46.501770449954435],[4.735213859884923,46.501840211048744],[4.735189201641759,46.50186868609397],[4.735182416752418,46.501876805002595],[4.735112950328092,46.501944058273814],[4.735004178163943,46.502038567714905],[4.734944129433702,46.50209847262564],[4.73494387729027,46.50209874665186],[4.73491134503673,46.50213391598434],[4.734909832174135,46.50213556014128],[4.734842895074766,46.50220853912294],[4.734673915424925,46.50247688980497],[4.734548729304762,46.50268279008448],[4.734506484041912,46.50276115851266],[4.73442413306396,46.502952358390516],[4.734342981998958,46.503148493659026],[4.734302003418638,46.5032625992448],[4.734301289920977,46.50326477166734],[4.734265023380038,46.50336709709489],[4.734262068888971,46.50347513182867],[4.734261740506502,46.503493510407075],[4.73426076162585,46.50351604191832],[4.734252931642743,46.503716829184654],[4.734251065508259,46.50376477294792],[4.734235594824129,46.503975493361146],[4.734235597687956,46.50397558338437],[4.734239319328957,46.5040023667957],[4.734245075128742,46.504043890282865],[4.734245089447974,46.504044340398906],[4.734257208621474,46.50412188409095]]],[[[4.734513202250344,46.498606279566935],[4.734546934266223,46.49859658098217],[4.734648292032121,46.49857666952062],[4.734761869187832,46.49856368782539],[4.73491737659836,46.4985404325793],[4.734944246644945,46.49853642214591],[4.735111858806163,46.49850829946525],[4.735118214954355,46.49850721226363],[4.735118345314825,46.49850721028515],[4.735118863891707,46.498507112347916],[4.735368051376668,46.498472707448],[4.735383272021129,46.49847148567486],[4.735429191805637,46.49846772636233],[4.735497403254953,46.498471824713015],[4.735494408987963,46.49842692685276],[4.73546074979659,46.498344666451786],[4.735390854664115,46.49819342454945],[4.735390709977253,46.49819297641189],[4.735427065968015,46.498183778130446],[4.735427584541265,46.498183680191815],[4.735400586919906,46.49812221414113],[4.735382877912478,46.498082133045216],[4.735383135765955,46.49808203906437],[4.735554888968777,46.498028363952656],[4.735571935917173,46.49802306142258],[4.735568820159019,46.498019415985716],[4.735564213135063,46.49801399185241],[4.735564986693586,46.498013709908655],[4.735570007659494,46.49801165221585],[4.73557734643448,46.49800865866801],[4.735585103606923,46.49801880851647],[4.735662701543682,46.49799412302756],[4.735678266111259,46.498020096157084],[4.735681439194798,46.49802554205621],[4.735694028040674,46.49801130051363],[4.735707121121234,46.49799651091344],[4.735707373241861,46.497996236885335],[4.735750272447152,46.49795496545106],[4.735810893200821,46.497909101724396],[4.73581116538329,46.49790945785889],[4.735829148013675,46.497929449847476],[4.735861597863281,46.49796552425529],[4.73586053779293,46.497964999950405],[4.735848074802412,46.49795861430908],[4.735840644331868,46.497958727129976],[4.735830313050119,46.49796194626518],[4.735811571574963,46.49797547063971],[4.735805239912984,46.49798142111529],[4.735792831571147,46.49799313806038],[4.735767181218404,46.498023159478294],[4.735757494686352,46.49803843776532],[4.735748929794878,46.49805207781994],[4.735744918879809,46.498065378532196],[4.735744924611827,46.49806555857871],[4.735745231186753,46.49806699499248],[4.735746648032279,46.498074629156804],[4.735777261509321,46.49811856727851],[4.735822638882621,46.49818380718781],[4.735861669290463,46.49817258669138],[4.735909101400073,46.49815898694033],[4.735909619972224,46.49815888899951],[4.735973793916826,46.49814269327458],[4.735973788184046,46.49814251322808],[4.73595922744058,46.49810301487723],[4.735959746012107,46.4981029169362],[4.736016488019489,46.49809088704123],[4.736037343455289,46.4981396567447],[4.73599911669983,46.49814744256111],[4.736033357823031,46.49820699715177],[4.736033493915735,46.49820717521873],[4.736033621408962,46.49820708321595],[4.736033615675977,46.49820690316945],[4.7360714755492,46.498187594365525],[4.736115101246798,46.498165045652364],[4.736104938871158,46.49807936633269],[4.736200460469899,46.49806053283163],[4.736211233390354,46.49807937331853],[4.736211508443065,46.4980798194753],[4.736266193455859,46.498076917439704],[4.736326713098744,46.498072936028485],[4.736327744505963,46.498072560096574],[4.736329549468563,46.49807190221572],[4.736409132920048,46.49806042587923],[4.736510782803135,46.49804564210987],[4.736493315186164,46.49800907011181],[4.736480801637224,46.497988815019916],[4.736425678059772,46.49791651804875],[4.73642527264712,46.49791607387243],[4.736340350627716,46.49780496033445],[4.736254486590158,46.49770520945904],[4.73625346092304,46.49770576543681],[4.736248485880225,46.49770926353178],[4.736106003075248,46.497740068590204],[4.736105614866034,46.49774016455231],[4.736097204621586,46.49774227373844],[4.736085675176321,46.49770786317539],[4.736085669443217,46.49770768312886],[4.736011068727803,46.49771998425244],[4.736010550160009,46.49772008219371],[4.736004357253254,46.49770990861967],[4.73592353656708,46.497723475004186],[4.735923406208514,46.49772347698359],[4.735914440130055,46.49772451379475],[4.735904306556608,46.49772574846621],[4.735880208796603,46.49772260176288],[4.735863051571089,46.4977203404058],[4.735862657629218,46.49772025632054],[4.735862651896849,46.49772007627401],[4.735876415855782,46.497640338314525],[4.735841584936948,46.497570434954255],[4.735819424929586,46.49752573802955],[4.735880005562587,46.497519594316714],[4.735902106245265,46.49751736733563],[4.735909940233123,46.49748896741156],[4.735944547767675,46.49736342921354],[4.735967299080193,46.49728742763732],[4.735970219668351,46.4972685593292],[4.735972156216081,46.49725565037172],[4.735974573328694,46.497192296712804],[4.735978779791099,46.49714008416438],[4.735982418202777,46.49713147256973],[4.735987027811373,46.49712059455742],[4.736011490457251,46.49711472901419],[4.736027931152962,46.497110876685106],[4.735978446204875,46.49696166690786],[4.735967312429762,46.496931483463186],[4.735931314951149,46.496902758367305],[4.735926160647659,46.49688833587901],[4.735921185429461,46.4968754418067],[4.735903178358945,46.49682599836235],[4.735869969844307,46.49678245994476],[4.735863182611499,46.49677409672371],[4.735811204056076,46.49671039813076],[4.735766068663913,46.49665272015634],[4.735753979767327,46.49663759234887],[4.73574577150745,46.49662555795819],[4.735715433935046,46.496582065975055],[4.735682222774466,46.49653024140065],[4.735676191943742,46.49652105608377],[4.735637401287597,46.49646193073022],[4.735637395556103,46.496461750683636],[4.735611282992781,46.49647313527477],[4.735608452423902,46.496474349116575],[4.735559863873766,46.49643518718305],[4.735562668651097,46.496433163132856],[4.735562535429978,46.49643307508857],[4.735540084110157,46.4964201761126],[4.735475784621358,46.49644465967839],[4.735453231704497,46.49644905505198],[4.735441956677414,46.49645129774875],[4.735423373142449,46.496453381189525],[4.735411029480451,46.49645482950428],[4.735336586443024,46.49645974234388],[4.735330210481161,46.49646019939495],[4.735329819414456,46.496460205331125],[4.735303636384547,46.496391521546094],[4.735266771397074,46.49629453879143],[4.73526649349597,46.496294002608934],[4.735266108160697,46.49629418859151],[4.735248766564406,46.49625743436725],[4.735247448688074,46.4962570040371],[4.735167515233853,46.496257406702334],[4.735150172276935,46.49625748980067],[4.735045203472442,46.49626214523472],[4.734927656018574,46.49628545515656],[4.734871796626773,46.496296480411026],[4.734871700602011,46.4963057587465],[4.734871595853975,46.49633935524462],[4.734871204788085,46.49633936117924],[4.734684209264244,46.49635651939178],[4.7346840789089,46.496356521369776],[4.73456477069501,46.4963695900184],[4.734536063871936,46.496369124909975],[4.734498223581152,46.496368528169356],[4.734460125444235,46.496368025395014],[4.734360569786552,46.49636656359529],[4.734218385060938,46.49636565832331],[4.734217993994788,46.4963656642557],[4.734198429233733,46.496365600779825],[4.734166602476612,46.49636545310709],[4.734149037503316,46.496362657284536],[4.734136848597991,46.4963607706439],[4.734077212013643,46.49634735464453],[4.734048682886701,46.496344274782594],[4.734044624692546,46.49634379593783],[4.734044621829434,46.49634370591451],[4.734034794319597,46.49630944947878],[4.734034272898574,46.496309457387795],[4.733806503097684,46.49633218629776],[4.733806114894445,46.49633228225206],[4.733752901086067,46.496340384696225],[4.73368853240946,46.4963545106197],[4.733645096306475,46.496374803876826],[4.733625072633095,46.49639312087844],[4.733615329857473,46.4964107415718],[4.733535045768416,46.4965847070226],[4.733534631802366,46.49658399276594],[4.733534385401912,46.496584446835996],[4.733531850084859,46.49657854087587],[4.733529351977894,46.49657380521912],[4.73352573946755,46.496566834792176],[4.733588706318859,46.49639376241893],[4.733592456690486,46.496388661809526],[4.733593705860082,46.49638693159858],[4.733607310640221,46.496367721207356],[4.733660798651977,46.49633952978862],[4.733671058192068,46.496334060265106],[4.733698374458001,46.49631950553131],[4.733703667499107,46.49631780405949],[4.733727299234861,46.496310420468646],[4.733763452329737,46.496298974106665],[4.733763973750698,46.4962989661989],[4.733764101243294,46.496298874198615],[4.733820699850466,46.49629468335083],[4.733951291358223,46.49629603515488],[4.734008326995503,46.49628508257848],[4.73401895886041,46.49628311997918],[4.734238146751065,46.4962407061409],[4.734237860270075,46.496239899885936],[4.734188337622448,46.496113927195665],[4.733963068445261,46.49606762736047],[4.733960313819235,46.496067128741004],[4.733923162921177,46.49605949614967],[4.733923029703618,46.49605940810345],[4.733922899348956,46.49605941008058],[4.733899909975155,46.496045978550235],[4.733704474222021,46.49593302665809],[4.733615251954443,46.49592429223774],[4.733450430182174,46.4959086881611],[4.733408328072387,46.49592580877009],[4.73340652314558,46.495926466605056],[4.733376273376174,46.495938994216075],[4.733376006943413,46.49593881812237],[4.733375621604203,46.49593900409858],[4.733256932276507,46.4958443421818],[4.73322442344878,46.495818625637064],[4.733111323354744,46.49574387365235],[4.733088130524723,46.49574044245606],[4.733072407931814,46.49573815894156],[4.73299546763975,46.49573833459004],[4.732802831717401,46.49577493960189],[4.73280218280832,46.4957750395045],[4.732759230171522,46.4957818150908],[4.732659063158956,46.495798014172124],[4.732575617826671,46.49583152275187],[4.732425520509722,46.49585244127196],[4.732156601989914,46.495893533628355],[4.732007780726763,46.49593820987251],[4.731939962320586,46.49595869174791],[4.731851127689751,46.495986787365794],[4.731834469220411,46.49599199339536],[4.731714645038741,46.49603397830103],[4.731713097938043,46.496034542136655],[4.731688208249401,46.496043385431605],[4.731724506940943,46.49613506388791],[4.731758962452464,46.4962220867856],[4.731878816394977,46.49650127925493],[4.731972048595938,46.49673476077627],[4.731972051455648,46.49673485079965],[4.732042640468915,46.4969534540351],[4.732042643328754,46.49695354405847],[4.731913519442909,46.49698612296185],[4.731892700025897,46.49709848132872],[4.731883124986108,46.49715014453039],[4.731879863687249,46.49726097596549],[4.731878898922401,46.497296296723],[4.731910971237643,46.49760798199287],[4.731910988395573,46.497608522133056],[4.731829252151507,46.497634348549504],[4.731785089882012,46.49764825733568],[4.731613553158828,46.49770471553817],[4.731345726072779,46.49779280409646],[4.73134572893151,46.49779289411983],[4.731349489326137,46.49781274190514],[4.731379527986261,46.497974226856144],[4.731398984120457,46.49797906600148],[4.731794181946423,46.4980905271314],[4.731862875923221,46.498109841598186],[4.731863403080979,46.4981100137458],[4.731886780950908,46.498172616206524],[4.731911877616976,46.49824005622496],[4.731998757685594,46.49850749900075],[4.732026772140633,46.49856003378971],[4.732049379404364,46.498602472958005],[4.732086955141455,46.49867269607895],[4.732305546099059,46.498615254039244],[4.732362891401913,46.49859754263641],[4.732368187566278,46.498595931250414],[4.732407184653589,46.498583631653915],[4.732411475513892,46.498603741570065],[4.732411637340562,46.49860472985135],[4.732415096185862,46.49861917817415],[4.732415243709942,46.49861971633875],[4.732243958811849,46.49866365235712],[4.732243831311163,46.498663744355675],[4.732094164852701,46.4987025790504],[4.732027503909636,46.49873907524782],[4.731967645000583,46.498817259292444],[4.731967517499069,46.49881735129069],[4.731967256776418,46.49881735524048],[4.731967134994526,46.498817627285405],[4.732056367028971,46.499060536245345],[4.732107490897201,46.49920413856938],[4.732140440155283,46.49929703849932],[4.732213911821185,46.49950361905424],[4.732213653955525,46.49950371302792],[4.732062619084845,46.49953239084131],[4.732003632793963,46.49954364213517],[4.732062074486851,46.499687674011135],[4.732062928167644,46.49968991274432],[4.732099301238777,46.4998125728744],[4.732099445902886,46.499813021015974],[4.732113742663851,46.49986891594223],[4.732113887328228,46.499869364083786],[4.732136644518652,46.499957554824135],[4.732179779407899,46.50005903688593],[4.732189225569112,46.50008951643028],[4.732229027065869,46.50021743850776],[4.732229166011484,46.50021770660252],[4.732167438494839,46.50022890943524],[4.73216691989628,46.50022900735905],[4.732065449471055,46.5002454957293],[4.731815542281436,46.500286298900676],[4.731412184898754,46.50035374347906],[4.731412054533734,46.50035374545331],[4.731351210661792,46.500364033791996],[4.731198772110082,46.500389669408676],[4.731195547285701,46.50039079903913],[4.731194646164367,46.50039117295058],[4.731192971428163,46.50039182877612],[4.731090032087308,46.50040725771438],[4.730966453226952,46.50042579111209],[4.730966064989573,46.50042588705669],[4.730938133648411,46.50042937220365],[4.730956509307812,46.500523393744544],[4.730992466072212,46.50070694551498],[4.731005219782827,46.50077178051477],[4.731005358723839,46.500772048611],[4.731018217855573,46.50080734016363],[4.731082860452941,46.501060439339845],[4.731097593335378,46.50111776883293],[4.731210063342177,46.50154208092368],[4.731311110132583,46.50192288357638],[4.731445542056299,46.501917425294074],[4.731470422474509,46.501916418037275],[4.73158752676187,46.50191158226538],[4.731700752591496,46.50191193891415],[4.731812020031922,46.50191223504827],[4.731812411138113,46.50191222912413],[4.731845437323248,46.50191307986564],[4.732071649475141,46.50191856969996],[4.732071652335288,46.501918659723245],[4.732219770072636,46.50220435872787],[4.732219772933043,46.502204448751165],[4.732273244930454,46.50230280195563],[4.732282523194626,46.502319774037765],[4.73237699360438,46.50249334211181],[4.732383080949379,46.502491988943845],[4.732377240041171,46.50249288804469],[4.732592541834397,46.50244639362031],[4.732613918410634,46.50244183654961],[4.732735293939824,46.50241540896663],[4.732735163569925,46.50241541094239],[4.732689971210049,46.50228621974431],[4.73268982939571,46.50228586162696],[4.732673780254466,46.50224053112992],[4.732673635579196,46.50224008298926],[4.732639928409689,46.502152148369234],[4.732639286766567,46.50214837529427],[4.732638168182956,46.502141907448],[4.732638817168112,46.50214180754645],[4.732638808584828,46.50214153747662],[4.732926452522739,46.502085389744856],[4.732851809945193,46.501879097591356],[4.732852328558215,46.50187899966447],[4.732852189605302,46.50187873157055],[4.733039056470879,46.50184050302043],[4.733047867156529,46.50183865820213],[4.733178227969305,46.50181182372352],[4.733169005769624,46.50178431306139],[4.733126829819878,46.501659759754325],[4.733761443027985,46.50147730011762],[4.734008036939928,46.501406010408985],[4.734008813417936,46.50140581849916],[4.734052746062605,46.501392813050046],[4.734135943836479,46.5013676834956],[4.734305810512713,46.501307644344955],[4.73435442912607,46.50129024449406],[4.734679210667242,46.50115120791826],[4.734777776851377,46.50110900223461],[4.734840745519794,46.5010876016306],[4.734976687862106,46.50108049503998],[4.735010606126907,46.50107250478562],[4.735038958728541,46.50106585991757],[4.735046984156829,46.50106393679213],[4.735060960606645,46.50106048228726],[4.735196246697127,46.501016367973335],[4.735277535143632,46.500988654613074],[4.735278696979632,46.50098827671214],[4.735291210710989,46.50098394371215],[4.735291726445701,46.500983755750966],[4.735355242022747,46.500963157157514],[4.735530293546243,46.50090627984833],[4.73562875412698,46.50087308168858],[4.735668068535968,46.50084204230127],[4.73566844816995,46.50084167627105],[4.73588546666562,46.500669146065356],[4.735937665529395,46.50064133348851],[4.735942666657904,46.50063864561774],[4.735973948408353,46.500621598361796],[4.736004714283527,46.50059654299005],[4.736080006784668,46.50051163763544],[4.736157347923071,46.500441922397194],[4.736179718342787,46.5003989811146],[4.736201469323999,46.50032839874103],[4.736227049239441,46.500242897200295],[4.736261503969296,46.500161674144614],[4.736276006966746,46.50014199947353],[4.736282374581402,46.5001330762281],[4.736282502078713,46.50013298422508],[4.736282754206327,46.5001327101958],[4.736322812622747,46.50010048839878],[4.736356382978711,46.50007340886252],[4.736446035847062,46.4999930586801],[4.736517800347933,46.499928471611796],[4.736638760515341,46.49981143889952],[4.736674360319216,46.49977847409604],[4.736675881666117,46.499777099984755],[4.736689805835028,46.49976382878947],[4.736739297701988,46.499700210367436],[4.736774872632018,46.49965418622539],[4.736779087608292,46.49961863588487],[4.736779203632371,46.49961818378843],[4.736779703454379,46.49961340265634],[4.736778700455717,46.49960648275137],[4.736762431693935,46.4994888324819],[4.736755553407784,46.499420306085625],[4.736751162899512,46.49938074339941],[4.736736970034223,46.49921361492565],[4.736734379288283,46.499189606450926],[4.736734203043026,46.499188168059774],[4.736733506665194,46.49918268456473],[4.736730501894796,46.499157961845036],[4.736730317046667,46.49915625338417],[4.736712588035859,46.499013226451865],[4.736609882996148,46.498794303097355],[4.736610140850877,46.498794209113754],[4.736631880935262,46.49878883513949],[4.736582063102324,46.49857604352256],[4.736463716349084,46.49860305982804],[4.736414902971797,46.49861424898043],[4.73641477547826,46.49861434098364],[4.736227373597964,46.4986640218808],[4.736227115743191,46.49866411586354],[4.736172689656129,46.4986792630206],[4.736104690311664,46.49869821894135],[4.736064355968403,46.49870945931538],[4.736051156617222,46.49871272202048],[4.736050638040058,46.49871281996193],[4.736021794006404,46.49872037323398],[4.735973819708545,46.498622748794574],[4.735966429034838,46.49860772980039],[4.735958479659572,46.49859154842125],[4.735958349298931,46.498591550400704],[4.735954568840331,46.49859160780452],[4.735951440184934,46.498591655311],[4.735951049103008,46.49859166124933],[4.735936236250782,46.49856063300161],[4.735933303767352,46.498554552988494],[4.73590829530659,46.498502333723785],[4.735907773864871,46.498502341641334],[4.735598265254326,46.498510103055786],[4.735597743812487,46.49851011097193],[4.735506002975378,46.49850844140459],[4.73544999814603,46.498514965774376],[4.735092284619824,46.4985571425194],[4.734875394513175,46.49859006597047],[4.734777146872656,46.498605246970506],[4.73477649793351,46.49860534688426],[4.73477451247512,46.49860033327411],[4.734774373521112,46.498600065182366],[4.734772983981106,46.498597384265004],[4.734684474650647,46.49861529955097],[4.734683179636058,46.498615589400714],[4.734632393285398,46.49862626732231],[4.734532797369999,46.49865236664226],[4.734481119756282,46.498676027627354],[4.734478419408794,46.49867723946297],[4.734457987008968,46.49868682632261],[4.7344045671005,46.49872951778486],[4.734390886063269,46.49875044068333],[4.734386158582603,46.49875762767364],[4.734370738388535,46.49878127895525],[4.734242007289454,46.49879349939487],[4.734223195329785,46.498784327751345],[4.734185330751477,46.498766618572844],[4.734138988355557,46.49875300091327],[4.734103720787686,46.49874723118997],[4.734081830228536,46.49874378042367],[4.734066612342186,46.49874509204681],[4.734065181233611,46.498745203820256],[4.734027856363554,46.49874856201723],[4.733970657640298,46.49876266936847],[4.733930385611837,46.49878408557623],[4.733925126694911,46.498786867337394],[4.733924613839307,46.49878714531578],[4.733921020986896,46.49878900114113],[4.733808861399831,46.49885888265567],[4.733796839321673,46.49886636037948],[4.733731101760463,46.4989072568487],[4.733680600771669,46.498943328824666],[4.733680093638639,46.49894378684852],[4.733654460621788,46.498962098828294],[4.733577819328951,46.499016940756],[4.733480588073466,46.49915846879453],[4.733436843929979,46.49924298415491],[4.733396934254039,46.49938247210921],[4.733390406206659,46.499423281231635],[4.733390284430513,46.49942355327805],[4.733387272542076,46.49944368381607],[4.73338203692727,46.499475917006116],[4.733367255601704,46.49956890980661],[4.733329505270168,46.49968197544484],[4.733305676005589,46.49972421772928],[4.733274513290545,46.49976963345467],[4.733161193633153,46.49990978387832],[4.73310284950745,46.499982271342716],[4.732919681246989,46.50014896918715],[4.732830283860674,46.50025804391477],[4.732763368112155,46.50029067150555],[4.732706512023486,46.50031972406451],[4.732663787163984,46.5003419875692],[4.732651863495523,46.50034847293872],[4.732621609478348,46.50036505336501],[4.732399574436235,46.50054828112622],[4.732399441210172,46.50054819307829],[4.732399313705339,46.500548285076995],[4.73238213532436,46.50052485784466],[4.732373553290834,46.50051336928576],[4.732373278257249,46.500512923119935],[4.732524906064227,46.500392007697265],[4.732526178245944,46.50039099768561],[4.732566114428709,46.500358959228244],[4.732588235573242,46.50034502393234],[4.732596804091252,46.500339670215034],[4.732614575781045,46.50032841276051],[4.732722764054165,46.500268860291364],[4.732767242408103,46.50024431852056],[4.732791104331414,46.500223601800364],[4.732797830537861,46.50021773558972],[4.732859635639632,46.50016383963718],[4.732893167694724,46.500135500791764],[4.732901299273819,46.5001287126065],[4.732946512903559,46.50009037941671],[4.733007856350666,46.50003838177624],[4.733081784875091,46.499947374588096],[4.733138363995902,46.49987680529049],[4.733282733893229,46.49971231647923],[4.733337554150016,46.499574133653645],[4.733345816294066,46.49951402397304],[4.733339666685838,46.49946007719328],[4.733369322109277,46.49937136221698],[4.733383276936004,46.49931801128969],[4.733384083572765,46.49931466659199],[4.733385476191593,46.49930924147584],[4.733396101407243,46.49926602849843],[4.733417062432153,46.49922382967592],[4.733445026801629,46.49914756951694],[4.73345547240555,46.49911922026062],[4.733466028324435,46.49909023886348],[4.733498332262168,46.499043815034604],[4.733586260147677,46.49895835947174],[4.733644571453405,46.49892180883626],[4.733657103560233,46.498913963128054],[4.733732287537276,46.49886661877984],[4.733732672895956,46.49886643280252],[4.733808037304565,46.498816563797924],[4.733942530523004,46.49872715934624],[4.733934412442489,46.49872205860069],[4.733933613098012,46.49872153032374],[4.733878507036883,46.49868660959601],[4.733835649042604,46.498659519029616],[4.733633603010713,46.498544055241474],[4.733578266299276,46.49852237767806],[4.733528585838216,46.49848170031251],[4.733528050084495,46.498481258102665],[4.733502471307879,46.49846435314558],[4.733460923003247,46.498437422717885],[4.733447795101963,46.49839781228332],[4.733382691706983,46.49810995544622],[4.733413532546884,46.498107776566634],[4.733413538271208,46.498107956613275],[4.733414059709518,46.498107948707094],[4.733480576141957,46.498382814496786],[4.733493121458178,46.498408203221075],[4.733498139176848,46.498422447745355],[4.7336692707391,46.498525501025966],[4.733752635713399,46.49857548478113],[4.733966781256209,46.49869409732092],[4.733986524367038,46.49869974228071],[4.73398678795212,46.498699828349615],[4.734022190047269,46.498709829203825],[4.734081731849732,46.49872018443462],[4.734086688431669,46.49872019932023],[4.734087731319804,46.49872018350173],[4.734235348664882,46.49871947548591],[4.734302093629402,46.49871026692259],[4.734377123141669,46.49868679216284],[4.734391372691324,46.49867964085079],[4.734407546148446,46.498671469615665],[4.734458120760917,46.49864593399673],[4.734450431064004,46.49863380158291],[4.734450688921696,46.49863370760417],[4.734450549969195,46.49863343951205],[4.734503289008318,46.49861444590684],[4.734513202250344,46.498606279566935]],[[4.735703330473529,46.497688990422155],[4.735702930800291,46.497688726289795],[4.735663963375825,46.49766094686659],[4.735679965859387,46.49765151710344],[4.735681567416703,46.4976526636564],[4.735717768656875,46.497679584403585],[4.73570933695362,46.497685116424535],[4.735703330473529,46.497688990422155]]],[[[4.734317717401875,46.49060365852792],[4.734206725757795,46.49064821428746],[4.734119297330063,46.49068331572157],[4.734078225021745,46.49069988063295],[4.734069600906579,46.490703434001674],[4.734069470564725,46.49070343597897],[4.733956754101539,46.49074297391145],[4.733948127108989,46.49074643724756],[4.733904094048692,46.49076421787515],[4.733739826588031,46.49079426991437],[4.733707024638563,46.49080026149845],[4.733636496338516,46.49081321999105],[4.733422864526291,46.490849244106315],[4.733370072793116,46.49085815066095],[4.733369554285825,46.49085824859034],[4.732570961329986,46.49099392722574],[4.732201530065447,46.491055727724884],[4.732118416507535,46.49109535561737],[4.731842998582204,46.491226702952815],[4.731829931132721,46.49122996319999],[4.731829800789527,46.49122996517474],[4.731786519122727,46.49119342331748],[4.731761325581895,46.491172098901686],[4.731726620396056,46.491142812566906],[4.731726353992054,46.491142636469206],[4.731688955299288,46.491147616304005],[4.731648309459827,46.49115300558379],[4.731613847444178,46.491151906432826],[4.731583171094872,46.49115093005918],[4.731378599431364,46.491139708146555],[4.731377947716388,46.49113971801767],[4.731327635319659,46.49114048005729],[4.731317989937743,46.49114062614525],[4.731182106193081,46.49114880867995],[4.731019826759136,46.49116351531157],[4.731021016371852,46.49117223377275],[4.73102153028863,46.49117609886106],[4.731023537372964,46.4911900288151],[4.731023682005361,46.49119047695869],[4.731023687721069,46.49119065700566],[4.731057666481648,46.49133262806538],[4.731063873834175,46.4914336790335],[4.731063879550041,46.49143385908046],[4.731072216099876,46.49160197753616],[4.731072221815786,46.49160215758312],[4.7310891768788,46.49182814850728],[4.731095245525204,46.49190839614812],[4.731086601529443,46.49192365826393],[4.731065843916429,46.49195990924045],[4.730878563144785,46.492246995798155],[4.730813521394428,46.49234660370063],[4.730841573951742,46.49238815005037],[4.73085976154793,46.49241471455227],[4.730908760032929,46.49250809237308],[4.730940118719506,46.49256751191955],[4.730947260786459,46.49258298531865],[4.730947399706321,46.49258325341531],[4.730952287622666,46.49259344700941],[4.730979675991958,46.49265103526357],[4.730987775606664,46.49267613130146],[4.73098834843511,46.49267774382866],[4.730991498992168,46.49268661272812],[4.731023923881598,46.49277961100041],[4.731088858610723,46.492964165163876],[4.731134607888922,46.493193412730896],[4.731133096389535,46.49331421510782],[4.731131417125827,46.493495454797575],[4.731189399434762,46.49367047704429],[4.731217345372659,46.49375381588303],[4.731217487155138,46.49375417400276],[4.731254661677379,46.49384475854397],[4.731302977193141,46.49396174402846],[4.73143267155196,46.49422250438386],[4.731535840897716,46.494362526628365],[4.731647432544665,46.49447206871885],[4.731656361641352,46.4944822010691],[4.731673241628235,46.49450040905078],[4.731673377697452,46.49450058712304],[4.731739414774394,46.49458010642713],[4.731776478230775,46.494613770318885],[4.731805341538436,46.494639722619304],[4.731879549709944,46.4946931788431],[4.732095050485383,46.494822221882785],[4.732255858412496,46.49493326935498],[4.732343715153416,46.494997596678736],[4.732357736782272,46.49500792200572],[4.732415679746916,46.49505018589792],[4.732415946172233,46.49505036199388],[4.732689428190776,46.49523508717789],[4.732689697478698,46.49523535329659],[4.73273528478351,46.49527456190042],[4.732775089598674,46.49530827399669],[4.732806432962932,46.49534247460309],[4.73282830260325,46.49536583066076],[4.732868791694604,46.4954128622315],[4.73289423941015,46.49544210844482],[4.732958017950008,46.49551202417104],[4.732993959521455,46.49555137889532],[4.733025552424276,46.49558521539465],[4.733075358324375,46.49563814012852],[4.733098556213594,46.49565814353111],[4.733134691899896,46.49568308459117],[4.733149357039053,46.495693129868656],[4.733187416305165,46.49572524708966],[4.733269074658305,46.495779129893435],[4.733290748776412,46.49579222122183],[4.733318930453827,46.495808996681866],[4.733364994855334,46.49583036459501],[4.733376594808296,46.495834241714384],[4.733390819017982,46.49583861944237],[4.733403597886049,46.49584265881703],[4.733422415978766,46.49584795761925],[4.733502630646911,46.49586052151307],[4.73355740779279,46.49586878762059],[4.733557932071951,46.4958688697371],[4.733636304668147,46.49588092107091],[4.733685217454959,46.495885223045526],[4.733697644046768,46.49588638559397],[4.733760168076556,46.49589219238503],[4.733875721687387,46.49590872340521],[4.733926151439348,46.49591561420581],[4.733979457588312,46.49592273155605],[4.734013757783607,46.49593094776833],[4.734055273289283,46.49594049559376],[4.734214691746057,46.49597482459107],[4.734290042081673,46.49599025379873],[4.734305396642973,46.49599326326501],[4.734305790569966,46.49599334735564],[4.734442660970329,46.496019912095996],[4.734495279667945,46.49603001184163],[4.734596691013691,46.49604882824604],[4.734717752943998,46.49607860472816],[4.734780294431675,46.496093147178954],[4.734836127708248,46.496105899992564],[4.734935879075426,46.496125822091784],[4.735010537921525,46.49614819646705],[4.735086645056741,46.496170999147076],[4.735123768974527,46.496181874177694],[4.735135006711576,46.496186657286955],[4.735155619978179,46.496195080898666],[4.735204457253784,46.49620929072212],[4.735239727600379,46.49621929318218],[4.735276463381648,46.496230264122296],[4.735298974708668,46.49623685756207],[4.735370339146555,46.49625405783921],[4.735370602722001,46.49625414390496],[4.735339217031163,46.496194095447485],[4.735320195130474,46.49615781707353],[4.735246067402465,46.49601690693833],[4.735227839212292,46.49598097676936],[4.73521615599372,46.49595809700597],[4.735157566717652,46.49590791842396],[4.734981796671765,46.49575729247195],[4.734953007187754,46.495729628557015],[4.734945203177168,46.49572209131622],[4.734840993855554,46.4956071263579],[4.734751875786968,46.495503280720385],[4.734751742569432,46.49550319267514],[4.734692994028252,46.49542338430874],[4.734652619388492,46.49537590128948],[4.734611833712415,46.495327794026004],[4.734611564414657,46.495327527911826],[4.734576937669899,46.49534183353388],[4.734557500674288,46.49534987419713],[4.734557364593534,46.49534969612831],[4.734538929309457,46.49531953327226],[4.734488846176403,46.49523743172375],[4.734426822532241,46.4951407403629],[4.734426547508953,46.49514029420162],[4.734416762707713,46.49512378030024],[4.734390578259148,46.49507959450513],[4.734390575395532,46.495079504481794],[4.734699978421708,46.49494196139028],[4.735152381348556,46.49474505459313],[4.735305581396442,46.494678331387014],[4.735223078942124,46.49459384011819],[4.735222945726049,46.49459375207346],[4.735064356034626,46.49439684135181],[4.734907956324053,46.49417855135054],[4.734608332190286,46.49397153125058],[4.734608198976723,46.49397144320515],[4.734513912713634,46.493893615062724],[4.734492620131875,46.493876104906505],[4.734420318556452,46.49381703728012],[4.734310670437999,46.4937277333649],[4.734059733231364,46.493562935089535],[4.734059203247638,46.49356267292854],[4.733892650244403,46.493455497918205],[4.733782556335738,46.493384934170514],[4.733745001458108,46.49333992995287],[4.733721830295738,46.49331254080241],[4.733697333216742,46.493268059065294],[4.733672864801043,46.49322447755644],[4.733676673530776,46.493172000918236],[4.73373031118979,46.49316091982589],[4.733730829718327,46.49316082189487],[4.733781248737665,46.49315105052862],[4.733781506570587,46.493150956551325],[4.733852391688422,46.49313682173921],[4.733865894985164,46.49313085265219],[4.733902024567291,46.49311463302394],[4.73395996547683,46.49308304138604],[4.734007893812061,46.49305646520494],[4.734035486387714,46.49303425048635],[4.734067251570369,46.49300791945845],[4.734111774681534,46.492923481927434],[4.734128624441556,46.49289152280083],[4.734128621578487,46.49289143277745],[4.734141219895081,46.49286521235192],[4.734157340581087,46.492830832476386],[4.734157607001186,46.492831008568366],[4.734157728758782,46.49283073652083],[4.734178877667402,46.49284374557353],[4.734335806454298,46.492959982789586],[4.73439109887662,46.49300093489653],[4.734638816839628,46.493068689252404],[4.734713554435882,46.493093674510654],[4.734776429065584,46.49311469667486],[4.734776420473135,46.49311442660477],[4.734776156913804,46.493114340537616],[4.734743703138878,46.492938662326495],[4.734690328573125,46.492720249633166],[4.734690322845151,46.492720069586426],[4.734686426907684,46.49270418687821],[4.734679173681696,46.492664757606924],[4.734676808937396,46.49265191393489],[4.734673990147813,46.49263709568262],[4.7346739844199,46.49263691563587],[4.734685698416863,46.4926361974767],[4.73468765074966,46.49263607778338],[4.734716660727563,46.49263383621889],[4.734716805394138,46.4926342843577],[4.734717654744254,46.49264048607999],[4.734718660217305,46.49264749603453],[4.734794609262279,46.49307127876906],[4.734820585443259,46.493104839752036],[4.734826432441227,46.493108263624336],[4.734834271888857,46.493112828127565],[4.734838389998802,46.49311519743506],[4.734908516812827,46.493155113568235],[4.734909049661043,46.493155465748664],[4.735061559325074,46.49314504503633],[4.735227473223776,46.493113254944255],[4.735327667477647,46.49309399083303],[4.73531944056139,46.492855978993525],[4.735311020340425,46.49261598860885],[4.735294877443995,46.492616864130994],[4.735180967594453,46.492623096595445],[4.73518096186487,46.492622916548726],[4.735157248849395,46.49254572894041],[4.735144741352933,46.49250511851178],[4.735072160499038,46.49222413083582],[4.734980617355069,46.4919496455296],[4.734907928600276,46.491804570260385],[4.734812424597187,46.49161048456754],[4.734787327283244,46.49155943727878],[4.734782450199067,46.49154960394041],[4.734778128860798,46.491540842970046],[4.73475587766205,46.49149317502224],[4.734628517970056,46.49130200442122],[4.734585563519474,46.4911569280763],[4.734562194329603,46.49107820399428],[4.73452105585861,46.49098200636899],[4.734438921147937,46.490789969185286],[4.73435284539265,46.49058880492209],[4.734352460094575,46.49058899090174],[4.734331613908542,46.490597773474036],[4.734317717401875,46.49060365852792]],[[4.734164278677188,46.495205788636],[4.734188836653285,46.495198841223285],[4.734318741421284,46.49516228487062],[4.734188839516574,46.49519893124665],[4.734164278677188,46.495205788636]]],[[[4.733813371211339,46.47018546709596],[4.733802575198083,46.4701985105105],[4.733798631871339,46.470205685648416],[4.733793720594734,46.47021521721887],[4.733777013034477,46.47027194282367],[4.733771263881646,46.47029202496129],[4.733770549259065,46.47029825043684],[4.733767747992875,46.470324952813456],[4.733765779777195,46.47036145986771],[4.73376520095947,46.470376059526224],[4.733766974260931,46.47040314282764],[4.733770015745408,46.47044551829963],[4.733788153708527,46.470503516525156],[4.733866797738981,46.4706974986938],[4.733897118875111,46.470765579689115],[4.734006884374255,46.471011778793574],[4.734015985980294,46.4710315455124],[4.734049818215945,46.47110344607458],[4.73409658832096,46.471180464246636],[4.734201655328777,46.471319824790456],[4.734273275940098,46.47143222239598],[4.734345177107798,46.47156983449818],[4.734435785020801,46.47174228879903],[4.734655610494114,46.47164104896752],[4.734796761890432,46.47157459818542],[4.734796889323507,46.47157450618362],[4.73493393389681,46.47151009905239],[4.734934061329503,46.47151000705042],[4.735018831124526,46.47147017121742],[4.735032960366139,46.471463561913666],[4.735170004382057,46.4713991544982],[4.735331741193865,46.47132419432806],[4.735368467280547,46.47130670395323],[4.735438064939649,46.47127349298351],[4.735605728709345,46.471196370852034],[4.735622964842455,46.47118908381214],[4.73564084385348,46.471181516803206],[4.735766257381834,46.47112854370357],[4.735798407165325,46.47111472538877],[4.735825816231377,46.47110350096163],[4.735911903505579,46.47106823785654],[4.735912288660478,46.47106805187103],[4.735843747238785,46.470679732688104],[4.735814896467699,46.47056371409382],[4.735784645018557,46.47040367391543],[4.735770914330296,46.47029580187031],[4.73577090860111,46.47029562182296],[4.73574957131346,46.47009617692507],[4.735743467000708,46.47003952732302],[4.735733532921614,46.470005903029886],[4.735698946039142,46.4699349150652],[4.735535780672179,46.4696001818987],[4.73561406120736,46.46956954091088],[4.735614576644004,46.46956935294727],[4.735697736546726,46.46953638610536],[4.735697866837953,46.4695363841262],[4.735743176499372,46.469518312882826],[4.735743040479178,46.46951813481467],[4.735677452836244,46.469406907387295],[4.735675551424895,46.469404504455575],[4.735657455085315,46.46938064133026],[4.735635756448286,46.46935827399548],[4.735632928683302,46.469355434798196],[4.735296471458644,46.46914600495032],[4.735275494701328,46.46913812740476],[4.73526883271425,46.46913768817478],[4.735251846293955,46.46913641499738],[4.735212504353816,46.469137192589784],[4.735043416181293,46.46914066092891],[4.735022181662775,46.46916566177409],[4.734987023176735,46.46920780666956],[4.734746999217613,46.469435988439585],[4.734532892968891,46.46963891770056],[4.734381983291566,46.46978369466229],[4.734349097734317,46.46981535705334],[4.734348970304596,46.46981544905468],[4.734343253139984,46.46982012925683],[4.734283295153667,46.46986949543251],[4.734139771697154,46.469963722338406],[4.734043976893356,46.47002984433991],[4.734019846689507,46.470045792145],[4.733993179300215,46.47006394005855],[4.733993051869312,46.47006403205948],[4.733944244462875,46.47009512533798],[4.73394411417025,46.470095127315155],[4.733813371211339,46.47018546709596]]],[[[4.73515149087772,46.501073158787264],[4.735111323630568,46.5010815141202],[4.734988973787876,46.501097691474264],[4.734963502137347,46.50110059987622],[4.734835381696322,46.50111578383253],[4.734765823040893,46.50113503275687],[4.734747726377918,46.50114017094203],[4.734616793119146,46.50120223201318],[4.734616407746972,46.501202417993404],[4.734598799533956,46.501210611011366],[4.734593271090362,46.50121312668817],[4.734559477225284,46.501229130864935],[4.734258804687754,46.501342942981445],[4.734071068757852,46.501411178952964],[4.734053490544222,46.50141621909558],[4.734052198323148,46.501416598961285],[4.734041730186424,46.50141963986374],[4.734013173810848,46.50142808890365],[4.734012397332538,46.50142828081349],[4.733901718959879,46.50145878070499],[4.733757161841333,46.50149853070685],[4.733751859710288,46.501499962109875],[4.733751083230034,46.50150015401796],[4.73351468612135,46.50156399315489],[4.733176419624555,46.50166468222421],[4.733214776809318,46.50177578340707],[4.733226985765608,46.501811084586855],[4.73322685539717,46.50181108656317],[4.73308193753922,46.501843635824116],[4.733067952177922,46.50184682001684],[4.732880695464544,46.501889197588476],[4.732907715587221,46.50197191956688],[4.732907857402174,46.50197227768398],[4.732948972970783,46.502096306733684],[4.732948323986736,46.502096406637],[4.732948471525487,46.50209694480061],[4.732666858869665,46.50215408198535],[4.732680287903079,46.50219494885874],[4.732694269907613,46.50223679808337],[4.732694411721853,46.50223715620075],[4.732767278016607,46.502436810432215],[4.732767425554491,46.50243734859601],[4.732547813936047,46.50246724633533],[4.732575491342281,46.50252140730009],[4.73261874018321,46.502605864875974],[4.732618879136829,46.50260613297014],[4.732681752491883,46.50272118598435],[4.732695880049977,46.50274709120849],[4.732696016143114,46.5027472692793],[4.732768185502312,46.50287983442902],[4.732768188363658,46.50287992445229],[4.732873273797848,46.503067291591506],[4.732934298860632,46.50317750888909],[4.73325924185801,46.50376513174239],[4.733259514053044,46.5037654878826],[4.733308285322716,46.50375691273727],[4.733361078105451,46.50374764613765],[4.733361353163437,46.503748092300846],[4.73355990981827,46.5040895868292],[4.733836984164148,46.504566161210015],[4.733867188410106,46.50455615612237],[4.733876220170819,46.50455304696207],[4.733946810842818,46.504529189612214],[4.734058882710975,46.50447669239474],[4.73418886903505,46.504405099424744],[4.734222944693369,46.50436918639625],[4.734232072968886,46.50433221068642],[4.734237751635484,46.50427700377001],[4.734202729790153,46.50410685868],[4.734200213108188,46.50399494401332],[4.734194940579687,46.50376769576874],[4.734203438104587,46.50366579156887],[4.734211548704346,46.50356812636748],[4.734211726400329,46.50356551173934],[4.734215113933868,46.503524389964916],[4.734216445360843,46.503496539174535],[4.734216538504259,46.50349536689527],[4.734220398179487,46.503407583432],[4.734230383685298,46.503331956116334],[4.734233417025263,46.503308402709635],[4.734235163826098,46.50328540921687],[4.734235550715634,46.503281170215686],[4.734238203165972,46.503245643720504],[4.734238733383085,46.50323770981232],[4.734249760711394,46.50322763521673],[4.734269641993874,46.50320886998839],[4.734349713089122,46.5030197763612],[4.734354807774649,46.50300772021327],[4.734368021571454,46.50297617657192],[4.734399258641372,46.502904369926156],[4.734487591077838,46.50270028985685],[4.734507023886776,46.50266333791701],[4.734507638504224,46.502662157726185],[4.734534049843839,46.50261086937824],[4.734613565499989,46.502486361754926],[4.734625615596409,46.50246744506696],[4.734643128524858,46.5024275500271],[4.734656968083227,46.50239518625053],[4.734691913405532,46.50233746371463],[4.734693029442392,46.502335645448206],[4.734720638090696,46.5022892024843],[4.73477352707376,46.50221742746544],[4.734774776339415,46.5022156972433],[4.734803028055949,46.50217717036785],[4.734869026759983,46.50211159111704],[4.73500796477476,46.50197312183186],[4.735008092278523,46.50197302983028],[4.735179348057739,46.5018213704865],[4.735213086189752,46.50175853229067],[4.735230949460918,46.50172556696518],[4.735244119459566,46.50169267286742],[4.735268044033091,46.50163295579559],[4.735300677322368,46.501539511656006],[4.735301512528964,46.50153706717825],[4.735309623913816,46.50151325652018],[4.735373249574099,46.5012789279442],[4.735507458466357,46.50098381366472],[4.735509290733775,46.50097991298221],[4.735521597998953,46.50095270614281],[4.735324745070826,46.50102126274934],[4.7351805239478,46.50106740422379],[4.735152528080169,46.50107296291261],[4.73515149087772,46.501073158787264]]],[[[4.735266442886163,46.494591830883884],[4.735459312106467,46.49480037996392],[4.735496339350886,46.49483692537356],[4.735545997958768,46.49488516782544],[4.735736846003304,46.49503015996927],[4.735830254935692,46.49510079512052],[4.735894105185388,46.49514008545563],[4.735992529343911,46.49520028663908],[4.736021308201774,46.49517436069917],[4.736037940092534,46.49516014777008],[4.736078957560379,46.495125389542764],[4.736136970566946,46.49507145915702],[4.736209677175305,46.49500388562237],[4.736231094723311,46.49498842911175],[4.736245883023183,46.4949777567568],[4.736261884618747,46.49496832690796],[4.736266287918617,46.494967359362015],[4.736272116489788,46.49496609996821],[4.736285412389982,46.49496589802752],[4.736309755671001,46.494984982729534],[4.736335008743272,46.49501215962324],[4.736343382988925,46.4950212192465],[4.736358928307436,46.49504250910537],[4.736359319363863,46.495042503165664],[4.736410514691271,46.49503659174504],[4.736414501135053,46.49503481992366],[4.736417847285828,46.495033418095176],[4.736451186838932,46.49501147577535],[4.736451311456968,46.49501129374876],[4.736460156468436,46.494998279837525],[4.736484547171193,46.49496152234251],[4.736331770152645,46.49461969753159],[4.73631111426061,46.49454030211233],[4.736241816705959,46.49420297349536],[4.736228786139445,46.494137782874084],[4.736145298769136,46.49372339234953],[4.735462427804088,46.49379608757247],[4.735453980894071,46.49379702640936],[4.735440334342122,46.493798494516625],[4.734984921239744,46.493851341396436],[4.734984929833342,46.493851611466475],[4.734981639429505,46.493899847153486],[4.734966813183003,46.49412244714199],[4.735028588747944,46.49424823356971],[4.735089452175316,46.49434944556987],[4.735185829990319,46.494497043290544],[4.735193653913229,46.49450521067977],[4.735218061072358,46.49453041918058],[4.735227169897464,46.494542079669806],[4.735266442886163,46.494591830883884]]],[[[4.735707292039042,46.49846890853117],[4.735732507431907,46.49846618396713],[4.73579729642867,46.49845700421842],[4.735876678537768,46.49844327965119],[4.735907025199021,46.49843786520017],[4.735907679866697,46.49843794532649],[4.735884827633191,46.4984001940671],[4.735879593053754,46.498391447003954],[4.735867244399872,46.498372270145914],[4.735867111173525,46.498372182101996],[4.735845660562066,46.49837845220515],[4.735815813921638,46.49838728158572],[4.735815677829197,46.4983871035185],[4.735749077054179,46.49829021213133],[4.735748558480492,46.498290310071404],[4.73571094472885,46.49830096861866],[4.735678423053564,46.49825444751381],[4.735678165199781,46.49825454149532],[4.735655436807096,46.49826164156348],[4.735640325129462,46.498266284256786],[4.735591537676595,46.49827828326767],[4.735489040549293,46.49830334668145],[4.735509829684999,46.49835004594435],[4.735538764404238,46.49842319124317],[4.735539707215761,46.49845280889576],[4.735540063965648,46.49845991875432],[4.735572139804789,46.49846375501931],[4.735632218800991,46.49847049861778],[4.735676862229069,46.49847171225473],[4.735707292039042,46.49846890853117]]],[[[4.736789559593826,46.49286031234872],[4.73682880014258,46.4929663553358],[4.736925526228325,46.49322716043296],[4.73695251740962,46.49328844612765],[4.737038542346451,46.493483484777705],[4.737057802496186,46.4935272348157],[4.737057944316431,46.493527592928196],[4.73710299461221,46.49360310493901],[4.737114152274021,46.493621759366135],[4.737170683315745,46.49369331408227],[4.73727450634807,46.49382476508232],[4.737421109847195,46.494013658939565],[4.737497000855433,46.494119775141044],[4.737496873374231,46.49411986714551],[4.737455061695213,46.494133742468186],[4.737416477189865,46.49414657799183],[4.737409812806867,46.49416253104951],[4.737409566449621,46.4941629851281],[4.737427426004548,46.49416685676789],[4.737418922718324,46.49419058352581],[4.737413652021983,46.49420525446549],[4.737397605032355,46.49425008145454],[4.737381646006933,46.49430994827143],[4.737371170876126,46.49434955676209],[4.737398964704347,46.4944319058052],[4.737426789347064,46.49456433155305],[4.737439735496734,46.494663658682676],[4.737462007000627,46.49483462737088],[4.73751925585352,46.49496957809032],[4.737525600777345,46.49498452281994],[4.737529262463604,46.49499302351781],[4.73733295142392,46.49500825619849],[4.737288464093554,46.495007761412616],[4.737252979658798,46.49500739999599],[4.737252985395473,46.49500758004256],[4.737216897396523,46.495221586904286],[4.737205065177203,46.495292289056316],[4.737190818347907,46.49537725846093],[4.737179119282317,46.495448048650836],[4.737178582246412,46.4954516594856],[4.73717846623451,46.49545211158274],[4.737177801713657,46.49545581442161],[4.737168359454358,46.49550738607597],[4.737168889471931,46.495507648222464],[4.737261399129171,46.495554067921915],[4.737393932592111,46.495620504592246],[4.737409711439393,46.49562864100527],[4.737419260404505,46.49563362969128],[4.73744949450251,46.4956492921568],[4.737449627724757,46.4956493801989],[4.737463275032042,46.49565610793072],[4.737493755518514,46.49567131630588],[4.737523175979954,46.4956860003832],[4.737506177416098,46.49576236523271],[4.737481781578829,46.49587261757477],[4.737482181247372,46.49587288170097],[4.737497435895635,46.49588093600302],[4.737505794513094,46.495885402372885],[4.737513489886032,46.49588951855522],[4.737518447468752,46.49588548026465],[4.73752900005827,46.4958769436604],[4.737538028559542,46.49586969115562],[4.737555000769458,46.49587843987977],[4.7375785997097,46.495890510420395],[4.737578220123005,46.495890876457274],[4.737561889283678,46.49590634597159],[4.737555558052938,46.49591229654617],[4.737600667436705,46.495936379300005],[4.737672972887931,46.495974909687504],[4.737754280263863,46.49601762640349],[4.737791432165396,46.49597617130544],[4.737791698612597,46.49597634738886],[4.737791965059798,46.49597652347227],[4.737835297185163,46.49600621729721],[4.737835294315812,46.49600612727397],[4.737868093214127,46.495971313202844],[4.737924102484151,46.49591182821981],[4.737925991798201,46.495909727960026],[4.737936942356089,46.49589731239214],[4.737937475250659,46.49589766455829],[4.73800413017063,46.49594303565589],[4.738039460336355,46.49596717684613],[4.738039726784312,46.495967352928965],[4.737971151860779,46.495996766536294],[4.737906948655275,46.496024222237786],[4.737879417223342,46.49603607926224],[4.737879159383843,46.496036173248754],[4.73789622065337,46.49604771264239],[4.737947268411629,46.496082152743114],[4.737947534859851,46.496082328826176],[4.738312636552355,46.49632563254516],[4.738317565888559,46.496328890065506],[4.73852029968105,46.49646586116859],[4.73845770451366,46.49651103589155],[4.73838580280847,46.49656292697663],[4.738347385430353,46.49659332328313],[4.738326523717455,46.49660985253602],[4.738261310827277,46.49665065367343],[4.738261716245476,46.49665109784331],[4.738265651552275,46.496655901617004],[4.738273661134234,46.496665777251586],[4.738317035947236,46.49665178782665],[4.738386356814173,46.496629387897144],[4.738412327035766,46.49661764456194],[4.738433024417426,46.49660823307423],[4.738484188415568,46.49658493831699],[4.738565946437147,46.49654766824353],[4.738625593222762,46.49652046160794],[4.738727202816586,46.496643568805005],[4.738751243300086,46.49667355570287],[4.738759391941294,46.49668369939037],[4.738759530910009,46.496683967477345],[4.7387870956215,46.49671813390946],[4.73878723171948,46.49671831197321],[4.738812436861111,46.496748010944174],[4.738813114480803,46.496748811239506],[4.738833443080804,46.49677282009775],[4.738892035480437,46.49684749499603],[4.739076194437015,46.497101204150994],[4.739102953304123,46.497138715243615],[4.7391196063342,46.49716196936547],[4.739128889863514,46.49717497790347],[4.739156746221226,46.49721418355917],[4.73916917156621,46.497231647642025],[4.739169432280755,46.497231643675825],[4.739280039551161,46.49722788943251],[4.739336582516302,46.49723828754381],[4.739375686343494,46.49724985162793],[4.739386082218131,46.49725275573173],[4.739448552443465,46.49729359627854],[4.739519588112983,46.497357633783786],[4.739611434360554,46.49744441170262],[4.73961493281233,46.497447781009306],[4.739691838538405,46.49752001524215],[4.739826955937516,46.49762630949686],[4.740033269007522,46.49775664866454],[4.740100221331113,46.49779895178634],[4.740100351689708,46.497798949802174],[4.740106584851923,46.49780218740293],[4.740143314807972,46.497821082782416],[4.740144904971074,46.497821869180214],[4.740197267260542,46.497848362417955],[4.740264869797601,46.49788651247204],[4.740321847267485,46.497922752691956],[4.740335958414304,46.497931724703776],[4.740413833396561,46.49798115679136],[4.740494970940177,46.498051074409574],[4.74052741739417,46.49807877137107],[4.740679078706712,46.49820886064255],[4.74073847577799,46.498267760679845],[4.740739014462348,46.49826829287906],[4.740750460070277,46.49827955710024],[4.741079299949433,46.4981788084628],[4.741371844083478,46.49808914954673],[4.741371960066225,46.49808869744552],[4.741377046987836,46.49807646092845],[4.741434278775953,46.497936886109876],[4.741436718326731,46.49787443257416],[4.741438458119005,46.49783090375013],[4.74141640994037,46.497540773772556],[4.741432179760441,46.497360759973674],[4.741450035053226,46.49726645811566],[4.741443849073312,46.4971258677996],[4.741432949007567,46.49708676465514],[4.7414396436702,46.49683087258422],[4.741454015505178,46.4967908440736],[4.741480590004744,46.49673270635476],[4.741481192902788,46.496731166032745],[4.741502971010124,46.49668210806571],[4.741520133901199,46.49666005041525],[4.741538554328104,46.49663653253389],[4.741598490107402,46.49656942026821],[4.741602772666649,46.496564671545286],[4.741607431913851,46.49655946674886],[4.741629518525974,46.496540486413444],[4.741762660893544,46.49642569414846],[4.74190255689049,46.49626513486599],[4.742044671194215,46.496129129872884],[4.742190435910329,46.496013514259936],[4.742245069311704,46.49598458075998],[4.742309955502962,46.49594999688849],[4.742381876576257,46.495894770487965],[4.742463188941414,46.495851830140005],[4.742480504764659,46.495842739646136],[4.74259579102655,46.495781448096075],[4.742869133330323,46.49563011168686],[4.742983157815628,46.49558649209798],[4.74323004614629,46.49550112690044],[4.743230561801782,46.49550093890328],[4.743415204901674,46.495443002147134],[4.743637546581413,46.495364945554236],[4.743737331090271,46.49532874774895],[4.743860696438452,46.495283633777206],[4.744116706867738,46.495181825333596],[4.744198308425199,46.4951439230511],[4.744341629218011,46.49507850919393],[4.744372736612436,46.4950643443413],[4.744372991556055,46.495064160317064],[4.744512136319003,46.49500682592756],[4.744571501199555,46.494975026994965],[4.744600985957874,46.494946836381935],[4.744632359707055,46.494916545390225],[4.744636004517264,46.49491225661446],[4.744662271475792,46.494881323013765],[4.744739679359043,46.494785751353454],[4.744747707841279,46.494775811511715],[4.74482534731876,46.49467933558194],[4.744835751608316,46.49466620712435],[4.744852445104979,46.494633618254944],[4.74485514573351,46.49462835314517],[4.744882369477936,46.49457434771814],[4.744938900236883,46.494462161956655],[4.744974350359557,46.49442478340837],[4.744975868466898,46.494423319162316],[4.745001329145764,46.4943957302634],[4.745052490353652,46.494360273472786],[4.745028548350282,46.494349740833464],[4.744845487573015,46.49426949326732],[4.744557521831114,46.494142750595266],[4.744311225155291,46.49403437555326],[4.743959142492183,46.49379890807436],[4.74393662116755,46.493783850186645],[4.743936221483058,46.49378358608289],[4.743808699574375,46.493682314595276],[4.74356330269058,46.49352447745772],[4.74335266199622,46.49338907685981],[4.743352395543707,46.49338890078929],[4.743098205191869,46.49321291318351],[4.742908203165052,46.49308665412533],[4.742544857577435,46.49284522960482],[4.742377309331818,46.49271961815299],[4.742164331056203,46.49255984290758],[4.742095194611371,46.492526581018076],[4.742048709781272,46.492504322337744],[4.741963038671046,46.4924637467178],[4.741904511307076,46.492435997269574],[4.7419035988871,46.49243601117315],[4.741720346200029,46.492431057690574],[4.741492718503497,46.492424978615844],[4.740946142803749,46.492403582026306],[4.74094561854678,46.49240349994362],[4.740857318205814,46.49238674123696],[4.740757075998466,46.49236764243994],[4.740593808627148,46.49231059430125],[4.740496611842747,46.492276587855464],[4.740034666672201,46.49207925847505],[4.739987950028105,46.49206195618588],[4.739955352670763,46.492049842984876],[4.739925095427698,46.49204976313011],[4.739891709908062,46.492049730881746],[4.739753330597629,46.492081919384475],[4.739426733232904,46.49215786229793],[4.739426084378998,46.49215796223818],[4.739417834186594,46.492160969919716],[4.739414355072277,46.49216228379681],[4.739089865675727,46.492165329496544],[4.739050495692744,46.492165748314186],[4.739023577407038,46.49216813929799],[4.738913308820274,46.49217810291927],[4.738842357360922,46.492190080312824],[4.73879189994672,46.492198593586686],[4.738767645952528,46.49220274532211],[4.738467335097507,46.49226063250325],[4.738358719818823,46.492281558606564],[4.738358325912391,46.49228147452983],[4.738318074516412,46.49227470114354],[4.738314141193171,46.49227404042131],[4.73826184016426,46.4922574528219],[4.738213221782134,46.492266388207675],[4.738183071354689,46.49225738964048],[4.738138045554741,46.4922440238368],[4.738128172082889,46.49224111168938],[4.737896395851562,46.492288948567335],[4.737690142380552,46.49233153337992],[4.737476238349655,46.492375495036036],[4.737104403152989,46.492452028747756],[4.736987411985608,46.49247614308885],[4.736971346586452,46.492479449477216],[4.73680719608338,46.492513286894244],[4.736667016055457,46.49254225656485],[4.736710086477447,46.492653915620295],[4.736789559593826,46.49286031234872]]],[[[4.736797766241323,46.485773000850145],[4.736790278780062,46.485775366298896],[4.736764768508528,46.48577683473486],[4.736743034938256,46.48577815571181],[4.736746198931181,46.48583656110807],[4.736749804214153,46.48590063401837],[4.736582362186182,46.485936953271],[4.736581843731442,46.48593705121505],[4.736528106358817,46.48594885582598],[4.736417914669435,46.485973136715394],[4.73641778433897,46.48597313869538],[4.736414053485594,46.48597472651274],[4.73632577038366,46.48601137391945],[4.736268846440345,46.48603367458231],[4.736270887386905,46.48603634558811],[4.736274563957469,46.48604124342191],[4.736274972146876,46.48604177762305],[4.736304275816255,46.486077539398664],[4.736439663273109,46.48624255689079],[4.736439799337286,46.48624273495763],[4.736482837127965,46.48629621136645],[4.736529001625258,46.48635369327016],[4.736667181886035,46.48652037934808],[4.736682911030933,46.486539324623884],[4.736683047096644,46.48653950269044],[4.736719907918276,46.48658325556786],[4.73700422634898,46.486920739339375],[4.737004614479603,46.486920643374056],[4.737505719210473,46.4867772060663],[4.737651860920972,46.48662889577545],[4.737652121584948,46.4866288918127],[4.737888815523002,46.48658881607968],[4.738050677803352,46.48656149641429],[4.73863932217138,46.4864646385224],[4.738640228751938,46.48646444459812],[4.738886562907277,46.486424130069004],[4.739278828507212,46.486335390086865],[4.739460922721166,46.4862965021522],[4.739654929590248,46.486255000800696],[4.739655059921268,46.48625499881703],[4.740555384247394,46.48614726213695],[4.740555514578126,46.486147260152265],[4.741138810791208,46.486115949464555],[4.741138941121842,46.486115947479206],[4.741202672643193,46.48598428927437],[4.741202797224747,46.48598410724233],[4.741332183512919,46.48600564363504],[4.741421690704952,46.486031930562774],[4.741583985684302,46.48610808634759],[4.741657887066212,46.486151993831434],[4.741694708453093,46.48618214563269],[4.741771831963471,46.48624527830646],[4.741870141023174,46.48628584149872],[4.741965148816538,46.486325103914425],[4.742074432785413,46.486362257256644],[4.742101838805165,46.48636706344149],[4.742144324949481,46.486374521918044],[4.742144049907267,46.48637407577465],[4.742119005659289,46.486324830516615],[4.742163181935278,46.48622193101153],[4.742180715480692,46.48615852671371],[4.742200223017755,46.4860875266855],[4.742200997593956,46.48603014212522],[4.742201098105872,46.48602104381426],[4.742199279083954,46.48600900254695],[4.742112115668744,46.485990786539986],[4.741908796248195,46.48594885175052],[4.741813239138579,46.48592094612313],[4.74179178829966,46.485914788182235],[4.741521004456952,46.48583857447621],[4.741196514230165,46.48572607066135],[4.741110814066086,46.48569648315713],[4.740986587176017,46.485673156662656],[4.740844720779364,46.485656853731044],[4.740825354415047,46.485654716882614],[4.740824963426413,46.485654722837616],[4.740691680421689,46.48565405072695],[4.740317404749276,46.485652544752824],[4.740071038043288,46.48564674859532],[4.739878053722652,46.485642571127514],[4.739444315641393,46.485632780596696],[4.739304801606062,46.48563706531773],[4.739174022501169,46.485641307023556],[4.738873456009765,46.48567776382532],[4.73865354799809,46.48576568213066],[4.738627800603619,46.48577607122636],[4.73857297578532,46.485794648376746],[4.738425796021897,46.48584480266876],[4.73838150436444,46.48585430288457],[4.738296434178357,46.48587306970085],[4.738197546812361,46.48587970739734],[4.73807375818483,46.48589464956789],[4.738013230878567,46.48590205478241],[4.737876159528771,46.48590936288261],[4.737851299238449,46.48590667859525],[4.737535303568218,46.48586410747099],[4.73753151252019,46.48586380483348],[4.737455816162239,46.48585757002866],[4.737461777968681,46.48588098689005],[4.737466999214361,46.485901622931465],[4.737508093111873,46.48606185791313],[4.737513382327973,46.48609690363895],[4.737528613959994,46.4861984478029],[4.73752948358873,46.48627075838205],[4.737529649952131,46.48627597973888],[4.737530562608579,46.48634964066797],[4.73752437642069,46.48640512590955],[4.737520200239605,46.486441846660384],[4.737515832070119,46.48644389453668],[4.737515701738569,46.486443896517905],[4.737505048971052,46.48644513925844],[4.737485171345184,46.48644742289668],[4.737484780350504,46.48644742884025],[4.737483013785194,46.48629785441676],[4.737482993707382,46.486297224253015],[4.73748019477514,46.48625439491015],[4.737480186170384,46.486254124839974],[4.737480796061793,46.48624871154915],[4.737484628413167,46.48620938408251],[4.737477102456699,46.48614915359795],[4.737466745488102,46.486065548727545],[4.737459386618307,46.486026931780835],[4.737452510532481,46.48599118963875],[4.73742002869509,46.4859007157212],[4.73741857051342,46.48589587426862],[4.737408527996497,46.48586306239978],[4.737402149748639,46.48584703736006],[4.737364820176046,46.485829501318534],[4.737335138677837,46.48581464109152],[4.73729540298235,46.485795250194],[4.737255147586649,46.48578001026401],[4.737227439890473,46.48576980349315],[4.737179865983178,46.485754044302624],[4.73715627883622,46.485746296763814],[4.737083098519898,46.48572489222027],[4.737053912951624,46.485717409878404],[4.737008562054226,46.48570594004915],[4.737008162462477,46.48570567592084],[4.736962872341185,46.48571248874928],[4.736962614548909,46.48571258273389],[4.736904155629852,46.485727611623425],[4.736902991262919,46.485727899518416],[4.736885030243134,46.48573303607455],[4.736835650863457,46.48573018375801],[4.736813967363869,46.4857289821123],[4.736810381948429,46.48575560635538],[4.736809101833948,46.48576454243893],[4.736809113302423,46.485764902532594],[4.736803443417942,46.48577111324377],[4.736797766241323,46.485773000850145]]],[[[4.736725420495601,46.47316308811804],[4.736728900014092,46.47316591738489],[4.736729033180274,46.473166005428176],[4.73682098225896,46.47326971631418],[4.736821115425544,46.47326980435735],[4.736839968007033,46.473288702122126],[4.736850070169035,46.47329890630161],[4.73685915990432,46.47330597351749],[4.736859562271072,46.473306327670464],[4.736909127690807,46.473344032979355],[4.736939290656193,46.47336194820792],[4.736978584290238,46.47336774570545],[4.737040404265467,46.47337680345752],[4.737040516072595,46.47338031437774],[4.737040665148787,46.47338499560474],[4.738466799850214,46.473727269717415],[4.738634033329517,46.47376741727668],[4.73862754903964,46.4738911782098],[4.738628200547246,46.47389116829732],[4.738924875257362,46.47390232579621],[4.739033339521756,46.47390643951608],[4.739033469823299,46.47390643753311],[4.7391740026367,46.47391051342499],[4.739387402592044,46.47389393544553],[4.739387923798044,46.47389392751207],[4.739641143513213,46.473866925611574],[4.739655954807872,46.47386534912156],[4.739656215410715,46.47386534515424],[4.739656864046632,46.473865245212366],[4.739673059845245,46.47386211649989],[4.739673838782505,46.47386201457424],[4.741063657555177,46.473563890875916],[4.74106404845713,46.473563884920104],[4.741154701250951,46.473569528936906],[4.741195585937385,46.47357205832887],[4.741366338175093,46.473591703025754],[4.74146276930087,46.473602752849],[4.741526371367103,46.473696174075734],[4.741583822661645,46.473780682282225],[4.741583825536013,46.4737807723057],[4.741653116130485,46.47381961606244],[4.741628848604939,46.47389249008833],[4.741623671080663,46.47391814810668],[4.741627036915431,46.47393782154301],[4.741629110262748,46.47394967882446],[4.741627646359765,46.473993653968904],[4.741630970034854,46.474007924010685],[4.741630590627611,46.47400829006233],[4.741626793680441,46.47401186055521],[4.741620969394265,46.474017263291934],[4.741606899715122,46.47404206609223],[4.741590581377594,46.47408626762627],[4.741587991632063,46.474090900526626],[4.741572470395838,46.47411923806817],[4.741567356059442,46.4741468765994],[4.741567361808162,46.47414705664633],[4.74155683610108,46.47418486518278],[4.741531136875032,46.47426190409322],[4.741460385461385,46.47436106558119],[4.741438919944204,46.47441147010182],[4.741405338075784,46.47449070064839],[4.741405340949894,46.474490790671844],[4.741373872573189,46.47457088967222],[4.741345010211855,46.474638699802455],[4.741310090596483,46.474704620743935],[4.741304554575938,46.474714972769185],[4.741302072088052,46.47471888348929],[4.74126644245622,46.47477481776823],[4.741252137678188,46.474800434704036],[4.741239927346994,46.474822236899215],[4.741227484155907,46.47484899634021],[4.7412280082446,46.47484907842181],[4.741314005770037,46.474859927110764],[4.741465060342805,46.47487906126237],[4.741421193748336,46.474979164004566],[4.74136991301257,46.47509613221541],[4.741292943560672,46.475278250191565],[4.741272330315009,46.47551463055245],[4.741277933268698,46.475551292615876],[4.741277941890568,46.47555156268625],[4.741269909557951,46.47562256800254],[4.741269921053738,46.47562292809636],[4.741251292273108,46.47578263097367],[4.741263805861639,46.47589691577013],[4.741291636180395,46.47602952102981],[4.741314404885567,46.47613833558968],[4.741352531138579,46.476131990328625],[4.741484151534576,46.47610989963877],[4.741512493247944,46.47610334316151],[4.74152918208736,46.47609930600955],[4.741601298193355,46.47607956305611],[4.741671083101686,46.47606030592167],[4.741699997737349,46.47605536187593],[4.741725324153069,46.47605236392386],[4.741733241231774,46.476051252518175],[4.741769133033347,46.476052506821596],[4.74187679119814,46.47605572952363],[4.741916606578379,46.47605737431188],[4.742164382902869,46.476080076999814],[4.74218166389003,46.47608233543294],[4.742204692747911,46.47608495657152],[4.742241895369806,46.47609051397178],[4.742301413142541,46.476104918001916],[4.742517043457282,46.47618647362307],[4.74254234334667,46.4761989674655],[4.742552934711394,46.47620402986654],[4.742575585336519,46.476215213089716],[4.742622334372467,46.47623800778205],[4.742843094871254,46.47636992224674],[4.742984101133914,46.476453876009735],[4.743000170408204,46.47646308798295],[4.743039854456719,46.476485089593275],[4.743111605228991,46.47652326452197],[4.743148596899431,46.47654260514451],[4.743239728323711,46.4765834565908],[4.743245281813832,46.47658589376006],[4.743245548183928,46.47658606983134],[4.743245811676766,46.476586155879204],[4.743481503048441,46.47655698120881],[4.743481763663866,46.47655697723275],[4.743481497293151,46.476556801162026],[4.743500021944087,46.47655309598377],[4.743538869646311,46.476544847574395],[4.743430991882358,46.4763186231605],[4.743410501564582,46.476277144536205],[4.743410498687069,46.47627705451282],[4.743409010636848,46.476275365935756],[4.743359806376029,46.476220635126815],[4.743285027599594,46.47613666229602],[4.743212547702253,46.47605526630258],[4.74319728216081,46.47603856651458],[4.743194172903051,46.47603510131908],[4.743157325524641,46.47599171054726],[4.743129140391353,46.47597052432283],[4.743101224523464,46.47594960418641],[4.742967817941716,46.47585049343024],[4.742781700433643,46.475717420433256],[4.742713549477551,46.47566946314859],[4.742660610997715,46.47562838915861],[4.74266047781595,46.47562830112226],[4.742658847996164,46.475626254428676],[4.742654355206519,46.47562028843331],[4.742649729236143,46.47561423440143],[4.742650022361,46.475611167643834],[4.742650834706853,46.47560394987338],[4.742704330543899,46.475544140009255],[4.7427322717348,46.47551282082639],[4.742742849199761,46.475501130905265],[4.742793706227951,46.47544442352554],[4.743135112837673,46.47506822911267],[4.743147071689382,46.475054896867775],[4.743156643945195,46.4750443931131],[4.743202304386756,46.4749923582356],[4.743362052971848,46.47481032703457],[4.743362183275392,46.474810325046676],[4.743399548339112,46.47482506644759],[4.744172812801208,46.47453739051668],[4.74418168279353,46.47453347230516],[4.744258938278789,46.474499238406196],[4.744338876823235,46.474455146157474],[4.74440128912146,46.474421499001195],[4.744479230530525,46.47435573090598],[4.744487736215648,46.47434857580673],[4.744489386958961,46.47434719959652],[4.744535326978462,46.474308039515265],[4.74463710826127,46.47427027857341],[4.744639042638338,46.47426961856946],[4.744749261750571,46.47432855110988],[4.744821149824319,46.474366993059434],[4.744948891823941,46.474435745402744],[4.745049973831871,46.47449022374825],[4.745118486670538,46.47452502429665],[4.745167253230444,46.47454976862014],[4.745299438624137,46.47447623635471],[4.745299441504674,46.47447632637809],[4.745373618185876,46.47452923388059],[4.745384241176624,46.4745352862777],[4.745623784625746,46.474671592023135],[4.745657237683034,46.4746536979965],[4.745670425527113,46.47464620108107],[4.745885284874002,46.474524480059024],[4.745885145926718,46.474524211979734],[4.745884873795162,46.47452385586784],[4.745857296956818,46.47448095477437],[4.745806145646558,46.474410222742875],[4.745779297282645,46.47435749315802],[4.745757107512947,46.47430775468902],[4.745756705725634,46.47430334752547],[4.745753913385185,46.47427312754407],[4.74575609428865,46.47425165818984],[4.745756609734582,46.47425147018062],[4.744153543946563,46.473192799000884],[4.74415327471153,46.47319253290823],[4.744080622217909,46.47313419734369],[4.744027503058999,46.47309150553704],[4.743977694599924,46.47305858052123],[4.743871476559886,46.47299012914493],[4.743734509313917,46.4729017916786],[4.743701152776767,46.47290230068313],[4.743690077363903,46.47290246968638],[4.743676329782635,46.472900607914596],[4.743650010191311,46.47289695649553],[4.743630597250675,46.472889146653145],[4.74359704123771,46.47285894570591],[4.743569819370092,46.472835223017825],[4.743563922199671,46.47283017915934],[4.743563519792911,46.47282982502995],[4.743500527408091,46.47278818430761],[4.743500127879531,46.472787920201434],[4.743527782411244,46.47277623983691],[4.743489569865745,46.47273494155737],[4.743472484735688,46.47274285795791],[4.743407873913071,46.47277293548547],[4.74338632037817,46.47278380220131],[4.743374389621311,46.472789838601265],[4.743325971492299,46.47282894597126],[4.743325464683005,46.472829404039885],[4.743284125084215,46.47278815340042],[4.743275332602716,46.4727822530242],[4.743260017387439,46.47277212892304],[4.743244779858331,46.47276443545292],[4.743240408076287,46.47276225046269],[4.743240144601927,46.472762164414746],[4.743234478464849,46.47276026937216],[4.743214443365946,46.47273706743684],[4.74318473176403,46.47268438095818],[4.74317590274612,46.47267325722632],[4.743167759746986,46.47266320383681],[4.743113609819591,46.47258414013944],[4.74309022413351,46.47254991101169],[4.74305868401432,46.47250526838761],[4.743045299188982,46.47248619814661],[4.743007803354913,46.47242651504318],[4.742979623201109,46.4723768674438],[4.742977704956082,46.47236987145076],[4.742974603377029,46.47235848020769],[4.742972509661664,46.47234599278338],[4.742970890261017,46.47233611007706],[4.742954631183657,46.47231276043511],[4.742905865540955,46.472243071588665],[4.742855634252645,46.47217646736631],[4.742850192251929,46.472169344981445],[4.742792925883769,46.472180396009925],[4.742779537768089,46.47217753791017],[4.74269689486949,46.472136916998224],[4.742653308084241,46.472115064889444],[4.742620311030238,46.4721023282055],[4.742585657516794,46.47209078764831],[4.742547049092606,46.472077866313974],[4.742484374898464,46.47205837676269],[4.742467794447939,46.47204944272831],[4.742455644099538,46.47204044113839],[4.742411764172593,46.47200940654221],[4.742390558114161,46.471994418451324],[4.742371151426122,46.47198678844085],[4.742270684345402,46.471947249616065],[4.74218143351344,46.47191195299763],[4.742181303216776,46.47191195498418],[4.742095568926001,46.47190920905677],[4.742041694074159,46.471903995887516],[4.741762524626599,46.47185286011978],[4.741650413036414,46.471836465417375],[4.741536697717374,46.47181883410565],[4.741515738190821,46.471815640917036],[4.741502515017577,46.4718138609638],[4.741501730364718,46.47181378285492],[4.741452369128192,46.47178661426468],[4.741447858577789,46.47178416112071],[4.741431720035781,46.47178089444524],[4.741428572804643,46.47178031193727],[4.74124111275196,46.471776143385455],[4.741216304714846,46.4717749001999],[4.741203254962127,46.471774468579284],[4.741184655174719,46.471771689709676],[4.741166055389207,46.47176891083707],[4.741151391344821,46.471762829568334],[4.741118105526946,46.47174919618552],[4.741101283925378,46.47174494913138],[4.741076054401362,46.47173866856901],[4.740997559685822,46.471721761016774],[4.740960066099454,46.47171107385198],[4.740913253545927,46.4716943140093],[4.740870410240411,46.471679385089885],[4.740783288245526,46.471669904279075],[4.740754907686612,46.47166700414002],[4.740691123930402,46.471665814184114],[4.740658816235103,46.47166648646908],[4.740470726056562,46.471671152853155],[4.740437729533861,46.471670664692645],[4.740403311243316,46.471670558446505],[4.740388918348476,46.47166888624859],[4.740383425804267,46.471668339432874],[4.740366083100271,46.471664100208436],[4.740351505339906,46.47166071954308],[4.740223794851524,46.471629339659266],[4.740024637037942,46.47157310824955],[4.73994883207941,46.47155877097764],[4.739888663745639,46.47154014254069],[4.739888660874187,46.47154005251715],[4.739888267115156,46.471539968445406],[4.73984810191246,46.47152725005246],[4.73972615593646,46.47148857646869],[4.739708199186989,46.47148551736926],[4.739691163123007,46.47148271445174],[4.73965684189313,46.47147747267061],[4.739642698179366,46.47147543631711],[4.739606222222409,46.471472118737594],[4.739588006661806,46.47147320665383],[4.739567256959155,46.47147658482754],[4.739543278569514,46.471480912821626],[4.739542890553198,46.471481008795806],[4.739500119755217,46.47148877521717],[4.739433518057905,46.47150140775147],[4.739396002120088,46.47151044515056],[4.739365487697585,46.47151829515455],[4.739325845693661,46.471530156977785],[4.739282678817146,46.47154594533145],[4.739138742746096,46.47159848369641],[4.739124454968967,46.471604195255],[4.739072973716357,46.47162497370075],[4.738992051240209,46.47166682557756],[4.738991538665365,46.47166710357992],[4.738938411088638,46.47169349118702],[4.738829230706896,46.47174856251889],[4.73882111386438,46.471751568184715],[4.73881687434665,46.47175352410935],[4.738615696407369,46.47179747576927],[4.738605856997447,46.47179960695626],[4.738393874381664,46.471848135907805],[4.738365335352491,46.47185253303243],[4.738332006899721,46.471857993749374],[4.738309181305774,46.47186986959032],[4.738305593244047,46.471871815585295],[4.738103684637703,46.47189695339586],[4.737999814362467,46.47191006188718],[4.737809656729701,46.471968525447934],[4.737714397230126,46.472010504365265],[4.737709899926347,46.47201255423527],[4.737688268504988,46.47202918535105],[4.737688141075727,46.47202927735606],[4.73758581289556,46.47208262205658],[4.737490675069508,46.472132524844774],[4.73735248832487,46.4722428866947],[4.737300211588523,46.472275565284875],[4.73717437539027,46.472352144070726],[4.737112521044473,46.472391092742264],[4.737056240759895,46.47242905597385],[4.737053434405243,46.47243099004509],[4.73697500389259,46.47248568217304],[4.736974749029531,46.47248586618147],[4.736885511150692,46.4725532418613],[4.736852164125254,46.47257860726674],[4.736622451239147,46.472705040250794],[4.736377303524899,46.4728421550831],[4.73637704579243,46.47284224906659],[4.736526814939583,46.47299732052894],[4.7365272173019,46.4729976746831],[4.736539525844783,46.47300757515792],[4.736540460869227,46.47300828148602],[4.736593753111108,46.47305250519408],[4.736649074455728,46.47309903978722],[4.736704665093193,46.47314584046347],[4.736725420495601,46.47316308811804]],[[4.742371253718823,46.47347550957948],[4.742398209733105,46.4734827542839],[4.742425035454123,46.47349000096878],[4.742446739204187,46.473496064806206],[4.742456340285731,46.47349871049298],[4.742492139498963,46.473505279927615],[4.742529049039346,46.473505797910065],[4.742540269258406,46.47350607714967],[4.742554228663173,46.473506404685224],[4.742586737629459,46.4735038373981],[4.742602765463847,46.47349953995236],[4.742614458868869,46.47349422779538],[4.742624785116668,46.4734910080342],[4.742647684978754,46.47346922279335],[4.74266898757906,46.473442328069105],[4.742679145866963,46.47342569083421],[4.74269152875326,46.47340523684501],[4.742699670120336,46.473382595856584],[4.742720874869647,46.473352640324876],[4.742742177388348,46.47332574558649],[4.742788029219816,46.47326749328012],[4.742803316018231,46.47324816586391],[4.742849037148248,46.473218466865134],[4.742890286910666,46.47319162813246],[4.742921059173878,46.47317143403976],[4.742938040961652,46.473160276877984],[4.742951976096871,46.47315168806854],[4.742967063787572,46.47314245120624],[4.742990530917652,46.47313434747248],[4.743019801109035,46.47312426380398],[4.743074006211158,46.4731071347955],[4.743092961734814,46.47310063100399],[4.743108834902344,46.473087419178086],[4.743120390080155,46.473077785843486],[4.743135013703266,46.473058108226596],[4.743145892319899,46.47304362157376],[4.743173323960387,46.47300456422916],[4.743177066074071,46.47299928323883],[4.743185021751977,46.47299123595121],[4.743210026939833,46.472965995914144],[4.743236476902671,46.47294109410004],[4.74324305681484,46.47293486914248],[4.743273449414028,46.47291504101112],[4.743356086952465,46.47286163130422],[4.7433740694333,46.472869553083704],[4.743587007072596,46.472981410267074],[4.743587670078964,46.472981760420076],[4.74342805277301,46.47298824883581],[4.743344206257071,46.4730201509424],[4.743327335579892,46.47302662297005],[4.743357827661798,46.47305885222075],[4.743398932400346,46.473088667866925],[4.743401870921102,46.47309087471831],[4.743410014846125,46.47309687504768],[4.743465427125041,46.473137910935236],[4.743465172280827,46.47313809495814],[4.743440857669606,46.47315638932971],[4.74336435166409,46.473214028777406],[4.743178000363527,46.473354854812314],[4.743123014799809,46.4733924410548],[4.743014416337965,46.47346570110491],[4.742931802898005,46.47353622296383],[4.742903502410672,46.47356034231721],[4.742806739119692,46.47361234589372],[4.742711640792804,46.473663423320424],[4.742673974969164,46.473651478380134],[4.742653299157686,46.473644948572094],[4.742376372157452,46.47355820339046],[4.742239554996334,46.47351534585567],[4.742239424695842,46.47351534784228],[4.742255742336887,46.47347114621153],[4.74226295166404,46.47344788899663],[4.742266492612899,46.473436306394014],[4.742266489737423,46.473436216370544],[4.742296705200231,46.47344755449878],[4.742371253718823,46.47347550957948]]],[[[4.738823129922149,46.47008907611336],[4.73886689777187,46.47012488731312],[4.739309933438591,46.47047102800067],[4.73931594877225,46.47047571000296],[4.73932518013181,46.47048313513697],[4.739634743508989,46.47073142161316],[4.739719521123655,46.47080641788089],[4.739791423198567,46.47087008151652],[4.739791544879058,46.470869809462016],[4.740149272053145,46.470355752246924],[4.74014953838283,46.47035592832559],[4.741091724009626,46.47073480980758],[4.741091721136231,46.470734719784055],[4.741091712516043,46.47073444971345],[4.741103220375146,46.470633489039734],[4.741103472342219,46.470633214998486],[4.741223867176338,46.47052122811403],[4.741514021035649,46.470251107653844],[4.741531970773506,46.47025803946766],[4.741650369222116,46.47012032326978],[4.741600400141732,46.470098568063385],[4.741580441453371,46.47008995560103],[4.74157991166153,46.47008969347389],[4.741647075297937,46.47001715630664],[4.741647602215122,46.470017328409945],[4.741693594435569,46.47003292956646],[4.741799550909079,46.470068962614086],[4.741805236778278,46.47005923873564],[4.741820434851474,46.47003306766692],[4.741820559394542,46.47003288563373],[4.741901011495516,46.46996419877464],[4.74190837295308,46.469957961973556],[4.742097485510986,46.469809980385236],[4.742095762969533,46.4698091059739],[4.742071913728137,46.46979704028668],[4.742072041144791,46.46979694827672],[4.742321355729278,46.46957077064484],[4.742422577008727,46.46947897965437],[4.742422313551512,46.46947889360449],[4.742230786876853,46.4694002130304],[4.741837950910604,46.469234443670324],[4.741499194297876,46.46913747083242],[4.741295777338138,46.469065995199706],[4.74109128342275,46.468960760369924],[4.741063339217662,46.468955151658236],[4.741036759134967,46.468959609696434],[4.74101755149888,46.46900718771708],[4.740986314557192,46.46900460137978],[4.740986303064672,46.469004241285525],[4.740986172774908,46.46900424327071],[4.740993075359293,46.46889785863901],[4.740972000696632,46.46883792469765],[4.740904164307904,46.468730066862975],[4.740829746817126,46.46861204157977],[4.740779407679958,46.468525533256845],[4.740756504627543,46.46846139396859],[4.740736395975268,46.4684072095788],[4.740709655730805,46.468312685978965],[4.740709649985531,46.468312505931806],[4.740708151214165,46.46821651697951],[4.740677659780058,46.46804936617345],[4.740588982895974,46.467937862687194],[4.740562100266424,46.46790422674585],[4.740402693498649,46.46783514145803],[4.740259896936371,46.46780047889411],[4.740211033896351,46.46778879380872],[4.740149247820209,46.46780513632371],[4.740089847074795,46.46782270342072],[4.74004009794738,46.46784453680379],[4.739910036998738,46.46791082546539],[4.739670701222374,46.468057586689966],[4.739538481391199,46.46813795828265],[4.739532727528616,46.468141468438745],[4.739465105209495,46.46819554756173],[4.739464850374874,46.46819573157584],[4.739316101537887,46.468252396625935],[4.739268731954926,46.46828347037125],[4.739232965964759,46.46830644154928],[4.739176908893954,46.468343051529494],[4.739148797193235,46.468389413738564],[4.739022125379121,46.4684516868013],[4.738869850055345,46.46854497224248],[4.738739201104628,46.46862153613609],[4.738563652704946,46.46875354396002],[4.738563015604273,46.46875400399026],[4.738535037676403,46.46877595576622],[4.738480995928529,46.468818569231644],[4.738408795356724,46.46888856919246],[4.738389496255988,46.468904714650684],[4.738352820809141,46.46893598556461],[4.738298194489973,46.46897662635145],[4.738258099850871,46.46900695850982],[4.738092498541849,46.469115757022735],[4.738050044206576,46.46917431605095],[4.737936566430316,46.46933167831877],[4.737936317321463,46.46933204237671],[4.737890071515997,46.469394351763526],[4.737863206191107,46.46943078726919],[4.737782396432014,46.469594767814876],[4.73776999164948,46.469626840277755],[4.737739028343292,46.469722872522716],[4.737733823881553,46.46978455766768],[4.737733623521954,46.469786452126876],[4.737734194988798,46.46982075905589],[4.737736897084291,46.46997923630922],[4.737767260450255,46.469999399938196],[4.737767266185998,46.46999957998543],[4.738688625740655,46.469967100222455],[4.738688886324949,46.469967096257335],[4.73870317074572,46.46998173999901],[4.738746964794928,46.47002655757074],[4.738823129922149,46.47008907611336]]],[[[4.739754737395624,46.4883616808043],[4.739814995733767,46.488362114633645],[4.740027592857139,46.4883635619815],[4.740031494320802,46.48836323238894],[4.740217204418443,46.48834347259144],[4.740361322069691,46.48831569933986],[4.74045395770903,46.488296905912875],[4.740464228383285,46.48829593892153],[4.740804553889163,46.488262745529404],[4.740804942022648,46.488262649551224],[4.740782714448282,46.48823218513727],[4.740761711647318,46.488203323273645],[4.740685113178762,46.488107667714374],[4.740647631976719,46.48806095329727],[4.740550557820195,46.48791616265242],[4.740529610891021,46.48788495815433],[4.740400577709292,46.487735700349006],[4.740369023697938,46.48767448486836],[4.740304387404254,46.48754910493841],[4.74028881219999,46.487477828841946],[4.740270530292984,46.48742388682671],[4.740243030841999,46.48734261469642],[4.740239609150614,46.48728034039354],[4.740189981589577,46.4872125549388],[4.739994059460921,46.48726768642549],[4.73954483404097,46.48739413306022],[4.739189182918098,46.487510867964225],[4.739189052584059,46.48751086994736],[4.73918178198467,46.48750368514618],[4.739170877524731,46.487492952955215],[4.739170741448518,46.487492774891656],[4.739058002654619,46.48757627107541],[4.739057750598995,46.487576545111374],[4.738992767248598,46.487665078924906],[4.738922059859179,46.487766309160286],[4.738921941007365,46.48776667123645],[4.738857186164682,46.487915546381004],[4.738841903471667,46.487992425892536],[4.738840701143459,46.48800379262555],[4.738839719297021,46.48801389506637],[4.738843943152604,46.48812182114724],[4.73884799075932,46.48822830883546],[4.73883709180043,46.48827909229012],[4.738822335512219,46.48834794782167],[4.73916541555874,46.48833975605455],[4.739360823700832,46.488337863494785],[4.739734225809964,46.488360461859024],[4.739754737395624,46.4883616808043]]],[[[4.740474407263642,46.498420121322994],[4.740458598655424,46.49839883600499],[4.740458323566352,46.49839838985846],[4.740530616347157,46.49837098973317],[4.740559222874504,46.49836010645199],[4.740559492216263,46.498360372552014],[4.740567797671739,46.49837132433126],[4.740571203244025,46.498375865893614],[4.740579233614213,46.49838637152573],[4.740680164431121,46.498349078266955],[4.740718565519774,46.498314088021104],[4.740684790385545,46.49828154772924],[4.740682499541707,46.49827924086992],[4.740654936553602,46.49825336100173],[4.740588737900922,46.498193843941586],[4.740553702433473,46.49816267380463],[4.740521565491238,46.49813650327507],[4.74052156261734,46.49813641325192],[4.740520893577021,46.49813588303632],[4.740410217352458,46.4980517342168],[4.740374806153148,46.49802921616873],[4.740372410836708,46.49802772149587],[4.740352715379044,46.49801541195639],[4.740162831213165,46.49789725250577],[4.740162564748921,46.497897076427925],[4.740092993589194,46.497854452933915],[4.739972347790935,46.49778072307442],[4.739755273583508,46.49764829588809],[4.739719453921398,46.4976170473721],[4.739717580073711,46.497615544750495],[4.739645561292381,46.497553413726806],[4.73958199185501,46.497494486566],[4.7394985580459,46.497417938314044],[4.739449937140416,46.497377877808155],[4.739397162097758,46.49733842088815],[4.739397159225757,46.497338330864956],[4.739395960160095,46.49733753850661],[4.739385220266333,46.49733202769822],[4.73934930751019,46.49731420045197],[4.739299794527927,46.497295229105866],[4.739279949736257,46.49729048727723],[4.739208096348123,46.49728257373033],[4.739207574918547,46.497282581662915],[4.739195927163816,46.497281317791625],[4.739182477379321,46.49728080186829],[4.739104782640602,46.497277840731904],[4.738998342098086,46.497277298279705],[4.738968322571639,46.497276584043675],[4.738962838947483,46.49727639725476],[4.738879060497031,46.497274879507586],[4.738809647202982,46.49727395381222],[4.738809386488206,46.4972739577776],[4.738807819328528,46.49727389154673],[4.738759262053957,46.49727670161446],[4.738739632634337,46.497278711431846],[4.73872417177941,46.497280567779576],[4.738698494772871,46.497289244447856],[4.738669938938699,46.49730580070956],[4.738663494533631,46.49731229346582],[4.738661979047153,46.49731384765054],[4.738642654433913,46.49733359598643],[4.738598399127217,46.49738542699644],[4.73856880645012,46.497430820393085],[4.73855743814994,46.49745468085906],[4.738554870001832,46.497460033858346],[4.738554330166596,46.49746355467515],[4.738541757743492,46.497543725233804],[4.738530054056651,46.497565249058226],[4.738528819369582,46.49756742943874],[4.738514802489372,46.49759412224889],[4.738478061514239,46.497664843039416],[4.738475603613319,46.49766956389204],[4.738473082561152,46.49767230423424],[4.738472827585428,46.49767248824526],[4.738463134449282,46.497683443666574],[4.73846011492607,46.49768691212327],[4.738442139125557,46.497699884896626],[4.738431569103664,46.49770788144333],[4.738415989729185,46.497718295899936],[4.738393534601006,46.49773394871687],[4.738368602165318,46.49774144311548],[4.738368086471875,46.49774163109064],[4.738362266263383,46.49774316066032],[4.738362135904858,46.4977431626425],[4.738278978381313,46.49776523251629],[4.738274710990148,46.49776637820359],[4.738265371094509,46.497767961284566],[4.738168730362509,46.497784381740786],[4.738098704044832,46.497796974950205],[4.738014803927525,46.49781212077239],[4.73801415500375,46.497812220704525],[4.738136326084054,46.4981629749849],[4.738170673473594,46.498262607095775],[4.738171061682894,46.49826251112668],[4.738267632241332,46.49823159098925],[4.738274602780301,46.4982293234002],[4.73842482397249,46.498195786034344],[4.738489955659137,46.49818101539262],[4.738502305371234,46.49817974679229],[4.738511271475334,46.49817870977827],[4.738527566420448,46.498178461982754],[4.738535250711634,46.49818221800197],[4.738552869857958,46.49819077661631],[4.738553133447788,46.49819086267469],[4.73855604728924,46.49819225943282],[4.738558868089837,46.49819482847471],[4.738630711884111,46.49825966483665],[4.738656513208122,46.49828350043228],[4.738668873778733,46.49829484100732],[4.738759440700877,46.4983987517569],[4.738791541882615,46.49843609160275],[4.738807640443564,46.498454220391785],[4.738817499560543,46.49846073538727],[4.738817632791871,46.49846082342775],[4.738837328063875,46.49847313323072],[4.738861412526731,46.49848402526907],[4.738880137311471,46.498486352405834],[4.738883798884258,46.49848665698077],[4.738896300270111,46.49848196349173],[4.738896815968733,46.4984817755142],[4.738917814892582,46.498473620300565],[4.738996033330733,46.49844387935669],[4.739013886352815,46.49843523157605],[4.739040366693196,46.498435369177706],[4.739044798938489,46.49843530175705],[4.739048596611888,46.4984357843901],[4.739049512004468,46.498435860532496],[4.739080669812101,46.49843952964771],[4.739101652647823,46.498447226410406],[4.739155847084858,46.498510709729956],[4.739158288335842,46.498513644798855],[4.739199729336276,46.49856165047574],[4.739265611740078,46.498639907036875],[4.739346243596248,46.498734871733696],[4.739393797054326,46.498794583106644],[4.739402586448809,46.49880435673524],[4.73940339733583,46.498805245066585],[4.739431900142892,46.49883606460722],[4.739437069275503,46.49884274097447],[4.739437338614169,46.49884300707711],[4.739443428892493,46.498849939629665],[4.7394567504644,46.49885460055416],[4.73947254139585,46.498854900696685],[4.739482839926125,46.49885474400363],[4.739526011785739,46.49884661158071],[4.739526660719053,46.49884651164],[4.739536249995811,46.49884456439662],[4.739601564220882,46.49883141155657],[4.739651196647421,46.498821379443235],[4.739699012618996,46.49881164514975],[4.739729477976193,46.4988058676083],[4.73976422225852,46.49879930440878],[4.739863263600127,46.49878041428794],[4.740002918212059,46.498754961551775],[4.740088887762046,46.49873924238794],[4.740140933536294,46.49869449758013],[4.740202628026844,46.49864149986061],[4.740209002386718,46.49863689948929],[4.740210532232929,46.498635795400126],[4.74022289848752,46.49862687067856],[4.740335267501802,46.49857607372855],[4.740447748384798,46.49852878756995],[4.740468211284411,46.49852018989422],[4.740529469584292,46.49849439882965],[4.740474407263642,46.498420121322994]]],[[[4.741117809914221,46.49864548907435],[4.741118393520984,46.498663763767055],[4.741130482377511,46.498686997053255],[4.741133534308488,46.498692714855146],[4.741139855769577,46.498702796141224],[4.741213756177345,46.498819658278464],[4.741372204385958,46.49907636743417],[4.741397235626138,46.49911687653835],[4.741467111282364,46.49921794805021],[4.741495901114086,46.49925362633579],[4.741521537372098,46.499284489039795],[4.741558272659228,46.499323919154996],[4.741594449165818,46.49936218690135],[4.741660014828208,46.49942630646078],[4.74169877859314,46.49946390429292],[4.741801853556472,46.49954267364509],[4.741877651412209,46.499633116864636],[4.741934113381879,46.49969395243373],[4.741999469967648,46.49976374920768],[4.742041481089106,46.49982948839057],[4.742051225896178,46.499844651280085],[4.742110641917237,46.49993669497063],[4.742215900795514,46.50007559538147],[4.742277612117148,46.50016598280802],[4.742375624984797,46.50023321017761],[4.742703323039433,46.50016174618644],[4.742773272209776,46.50012627437068],[4.742800865940326,46.50011225363555],[4.742846432620643,46.50009741850993],[4.742879868813924,46.50008664116737],[4.742879996299994,46.500086549157004],[4.743086205424547,46.49998874507172],[4.743086976093957,46.4999883730541],[4.743221604924245,46.49994029617377],[4.743358418849363,46.49991569328168],[4.743448131132833,46.499890547574644],[4.743462480566895,46.499886545940015],[4.743462608051513,46.49988645392898],[4.743462863020748,46.49988626990691],[4.743539538777441,46.499832771707666],[4.743553698176044,46.49982282854105],[4.74359381494523,46.4997803356046],[4.743622100279647,46.499739013832254],[4.743633811863087,46.499713706538856],[4.743671859318502,46.49963098520525],[4.743710760944072,46.499505649159964],[4.743711024548396,46.499505735206434],[4.743830803354069,46.499539844998985],[4.743857129272386,46.49954736933923],[4.743868545688883,46.499549536942496],[4.744093838428085,46.49959176420937],[4.744193994119107,46.49962401137447],[4.744253043028002,46.49966778371506],[4.744304207638667,46.499705641831305],[4.744304743491804,46.499706083990574],[4.744354519991909,46.49948042731791],[4.744368074507605,46.4994189749684],[4.744395974902817,46.49930857749586],[4.744432453324675,46.499164634278586],[4.744524104472615,46.498886279831595],[4.744452366665711,46.49881685202683],[4.744337282411724,46.498733764901885],[4.744303360718138,46.49871302665482],[4.744237649257854,46.49867295867674],[4.744177847395817,46.49855669390725],[4.744177705515733,46.4985563358039],[4.744230638451207,46.498535353227474],[4.744260904447499,46.49852336288864],[4.744351079475604,46.498471999873416],[4.74440621621656,46.498438374209734],[4.744554578222643,46.4983998133599],[4.744693883973956,46.49836355212862],[4.744694402532271,46.49836345414798],[4.7447182187618,46.498357776736334],[4.744726113090339,46.49835585492015],[4.744746869820621,46.49835238580179],[4.744773206088744,46.49834802092429],[4.744796503029165,46.498346494503146],[4.744814333502634,46.498345321707184],[4.744814594222095,46.49834531772811],[4.744835042700072,46.49834851825599],[4.744951441774283,46.498366736575825],[4.745075936846952,46.498373032422094],[4.745185341089905,46.49836830012233],[4.745245116240969,46.498345141077905],[4.74525400443751,46.49834167291371],[4.745290117636895,46.49833715866358],[4.745301160747407,46.49833581920677],[4.745327322699067,46.49833415887232],[4.745405547825146,46.49832918181346],[4.745406069263827,46.49832917385261],[4.74537732599364,46.49814020174538],[4.74534971445534,46.49795805744344],[4.745330894598176,46.49783053966098],[4.745330477586345,46.49782973542416],[4.745321031085096,46.49781168610181],[4.745314314319549,46.497805574018905],[4.745307753849951,46.49780027015269],[4.745271739508963,46.49778749003764],[4.745216435715484,46.49777104142953],[4.7451554905908,46.49776170413784],[4.745087411849525,46.49776175260763],[4.745069598861067,46.49776346558448],[4.745008491796943,46.49776944207886],[4.744962268622427,46.497775911898934],[4.744962138264063,46.49777591388864],[4.744781995249078,46.49779127271888],[4.744719055898755,46.497805202917895],[4.744665966146118,46.497817181429625],[4.744611479874857,46.497830352098624],[4.744553123148605,46.497844842741586],[4.744523863751872,46.49785159391977],[4.744522699166292,46.49785188189176],[4.744522053134459,46.49785207188389],[4.743862941788806,46.4980165025018],[4.743857205207679,46.49802064301976],[4.743821131345746,46.49804677229359],[4.743327595524468,46.49816454125172],[4.743189486470152,46.49819745008911],[4.74290338184034,46.49827224453919],[4.742708924601299,46.4983213231946],[4.742442281477705,46.498388884652286],[4.742324704909929,46.498419498013995],[4.742297284353402,46.498426670923344],[4.742297153993385,46.498426672910014],[4.742214425345418,46.4984376608832],[4.742124949582371,46.49844974234743],[4.741949032591635,46.49846683360726],[4.7417758846901,46.49848487314294],[4.741692701499478,46.498493886188534],[4.741549475896273,46.49850957811639],[4.741412759570846,46.498537149612645],[4.741330217468622,46.4985539884481],[4.741241838828987,46.49856776377565],[4.741188192534323,46.49858686440992],[4.74116945028413,46.49859624661244],[4.741135584234346,46.498613965164324],[4.741127134697755,46.4986230104708],[4.741126882601466,46.49862328451083],[4.741117809914221,46.49864548907435]]],[[[4.741495675993431,46.49779706766896],[4.741506316476001,46.49785661995122],[4.741508364826894,46.497867666979836],[4.74148910044992,46.4979178575094],[4.741489018974312,46.497919389888175],[4.741483071266706,46.49800675533459],[4.741473210907317,46.498041040898],[4.741465051919973,46.49807142766624],[4.741441833520347,46.49812032741095],[4.741420113258463,46.498167132790826],[4.741369928424507,46.4982619270666],[4.741369931299812,46.49826201708972],[4.741313116264035,46.49832890151703],[4.741312864170041,46.49832917555748],[4.741221600298491,46.498415949015836],[4.741220965748745,46.49841649908177],[4.741182878365526,46.49844905291533],[4.741159278252439,46.49846967739897],[4.741120853348316,46.49850800063266],[4.741104812199621,46.49852436690667],[4.741101353639384,46.498546756170086],[4.741116666172879,46.49854841437359],[4.741214341556031,46.49854395457523],[4.741353221395947,46.49851878217079],[4.741383819649845,46.4985130922258],[4.741554624158557,46.498482929951656],[4.741617847873067,46.49847377073486],[4.741768281497611,46.498455086762384],[4.741835499352755,46.4984484785131],[4.741891004918743,46.498442679145306],[4.742108844038296,46.49841918487891],[4.742167499233195,46.498409914837794],[4.742307255387557,46.498387700117014],[4.742307643590465,46.498387604133875],[4.742404696257836,46.49836775135665],[4.742981008359898,46.498207744010614],[4.742981138719367,46.49820774202317],[4.74324106576247,46.498138210151495],[4.743524524618711,46.498062284316376],[4.743945420201649,46.49796102404856],[4.744167254016574,46.49790756263888],[4.744889753247397,46.49773513754666],[4.744892271808014,46.49772825401372],[4.744897378782468,46.497712594474315],[4.744919968333012,46.497530044126854],[4.744956718919172,46.49728873406033],[4.74494684386496,46.49720431185751],[4.74494053757236,46.497153970582225],[4.744942096738453,46.49713341150365],[4.744943789846565,46.49710888743164],[4.744952431490402,46.49708957125501],[4.744957395802158,46.49707760663543],[4.744980128884094,46.497050329606445],[4.74506317412402,46.496951519407205],[4.745064556180262,46.49694987710433],[4.745135519832282,46.49686070830346],[4.745169438675515,46.496808041711596],[4.745215183468832,46.49671331340507],[4.745215829484757,46.49671312340899],[4.745345600786267,46.49667250350074],[4.745499476153999,46.49663115514568],[4.74566781851829,46.49658544258701],[4.745720164424907,46.496578788900564],[4.745728982478531,46.496577213172685],[4.745880305925584,46.49654986365793],[4.745940328325812,46.496542642300625],[4.745947732637496,46.49654171861611],[4.746019319412817,46.4965127945748],[4.746037216815511,46.4965055860632],[4.746054844854094,46.49649811146164],[4.746115185753612,46.496472331332505],[4.746168406690753,46.4964441380456],[4.746201071224967,46.4964215726824],[4.746208262159332,46.49641398727732],[4.746224492668259,46.496395455746686],[4.746266980207489,46.49633347107828],[4.746332113217971,46.49624150840126],[4.74662261390408,46.49602757437911],[4.746625696858871,46.49600167802472],[4.746626097152866,46.495997889091505],[4.746668447237083,46.49579729311822],[4.746668566054964,46.49579693103448],[4.746864011101244,46.495156269666495],[4.746627941848501,46.49513132547258],[4.746649854268705,46.49507848156153],[4.746656869625717,46.49506135169348],[4.746656991325936,46.49506107963275],[4.747147057097558,46.493875603069334],[4.747112317764755,46.49385370729231],[4.747079500870255,46.493838897427196],[4.747079367636882,46.49383880939628],[4.747079541799716,46.493836104720835],[4.747079627089611,46.493826556302245],[4.747076222899651,46.49380985584347],[4.747069073211284,46.4937942934324],[4.747052028561126,46.49377924251252],[4.747044306806144,46.49377431676336],[4.747029694427547,46.49376598370276],[4.746989285104494,46.493754352126714],[4.746989154755818,46.49375435411874],[4.746916746018941,46.493745283079875],[4.746916485321626,46.49374528706377],[4.746878640386722,46.49374856740307],[4.746831048137367,46.493752897348806],[4.74676879569385,46.49375961289893],[4.746637802161759,46.4937740437092],[4.746559562911577,46.49378244448247],[4.746395843667744,46.49379305178719],[4.746374110019538,46.493794464616464],[4.746316137594012,46.49380859010287],[4.746311867798107,46.49380964606784],[4.746263610352209,46.49382578472812],[4.746240490645054,46.493836855884986],[4.746160346482617,46.49387536789289],[4.746019249851821,46.49394084022055],[4.745967251175497,46.49396640287244],[4.745889073399607,46.49400524491875],[4.745692516969632,46.49410632972485],[4.745612714993141,46.49415555409249],[4.745496491634804,46.494232174517286],[4.745429826497666,46.494276244473845],[4.745271584081926,46.494384669424534],[4.74527105403632,46.494384407315565],[4.74527079909891,46.49438459134184],[4.745243755253782,46.494370863688246],[4.745225600483509,46.49436186394409],[4.745206153057497,46.49435729721781],[4.745189499929475,46.494358542189026],[4.74518691309555,46.494359212149945],[4.745174010620139,46.494363552207545],[4.745148743662064,46.494376817525705],[4.745148358374045,46.49437700354165],[4.745122267579829,46.494397126527396],[4.745108776033891,46.49440751006337],[4.745067394771988,46.49445515677365],[4.744947063947923,46.49462352758159],[4.744942572988863,46.49462990082617],[4.744814302226952,46.49481100206027],[4.744783998106645,46.49485433650185],[4.744771539116159,46.49487254006832],[4.744773249533382,46.49488116039978],[4.7447776318027,46.49489991752848],[4.744761973782027,46.49490781220834],[4.744734652534307,46.49492209951939],[4.744651007054984,46.49498984558202],[4.744532164888211,46.495066234733635],[4.74453177959322,46.495066420747456],[4.744501622884584,46.49507768899113],[4.744396488403398,46.49511784199861],[4.744281390023028,46.49516859471387],[4.744065754654301,46.49526870676309],[4.744009733026201,46.495294960329915],[4.743908141100217,46.49533172635087],[4.74375022120504,46.495389256299916],[4.743430976844556,46.49550391711361],[4.74343058578559,46.4955039230775],[4.743430458311163,46.49550401508857],[4.743409415968584,46.49550667773756],[4.743277336279543,46.49552400332432],[4.743194805442708,46.495553272666854],[4.743182041513826,46.49555788058045],[4.743087050506116,46.49559310412852],[4.742929620226774,46.49567007992156],[4.742621146791596,46.49583212956774],[4.742525114326833,46.49588376069988],[4.742405751376106,46.4959480865183],[4.742343829952124,46.49598974054996],[4.742249355605828,46.4960534166674],[4.742038384247381,46.49620992567243],[4.741997987021633,46.49624359582197],[4.741974121709195,46.49626404440788],[4.741945766880829,46.49629500916414],[4.741914911335895,46.496329344493866],[4.741880075140996,46.496365631872976],[4.741866706159796,46.49637988601762],[4.741790442109257,46.49647066462014],[4.741777881094205,46.4964857170458],[4.741769970670828,46.496495294597494],[4.741663107316147,46.496624367425696],[4.741604465534627,46.49669524282334],[4.741571048452943,46.496755556353335],[4.741547023652017,46.496811853913975],[4.741544484582828,46.49681810721231],[4.741541129829794,46.496843737328305],[4.741527845934458,46.49695048887738],[4.741519994791401,46.4970762518528],[4.74152093123502,46.49713415062605],[4.741521898358166,46.497172594473916],[4.741509840292085,46.49725239732716],[4.741511443875352,46.4972576868482],[4.741514136324884,46.49726440085305],[4.741517386625718,46.497276330241874],[4.741517525609504,46.497276598325485],[4.741495039904733,46.497315759703596],[4.741491316077456,46.497333919882145],[4.741485294684174,46.49736589529967],[4.741487820172908,46.497575622702996],[4.741491250607785,46.497683020288825],[4.741495675993431,46.49779706766896]]],[[[4.740802229971514,46.46847276636468],[4.740816199245809,46.468497952528566],[4.740816335280017,46.46849813059073],[4.740830253707942,46.468529892443485],[4.740830531522303,46.4685304286149],[4.740893592651138,46.46865204948233],[4.740945238852389,46.46873457487981],[4.740985467841562,46.46879836007559],[4.741037333020429,46.46885097974022],[4.741072618147716,46.46888646902509],[4.7410999001722,46.468912172841314],[4.741147456490999,46.46895639178528],[4.741220427937034,46.469012742779036],[4.741352182340766,46.46906072230792],[4.741361799870501,46.46905165907021],[4.741361930160365,46.46905165708459],[4.74136230953494,46.46905129103355],[4.741454493383761,46.46908879521079],[4.741484729261825,46.46910085374999],[4.741540871787834,46.46911593998681],[4.741545475049075,46.46911722083623],[4.741897966710966,46.46921569543158],[4.741898754201674,46.469215863561296],[4.742044235037453,46.469142582519325],[4.742069766018668,46.469129763977094],[4.742390297980924,46.46896221497524],[4.742630691346913,46.46883641759564],[4.742631334165921,46.46883613758976],[4.742618954440954,46.468819934130835],[4.742648821071312,46.46866537333775],[4.742686180222617,46.468471969280316],[4.742686293255605,46.46847142715206],[4.742827656768437,46.46845296882817],[4.743045824139894,46.46843126716911],[4.742932947144721,46.46823159834264],[4.742908874915442,46.468208457946346],[4.742757706142886,46.4680627830091],[4.742757439815977,46.46806260693645],[4.742799591404296,46.46805187646439],[4.742799979390494,46.468051780479094],[4.742775189433345,46.46801433028744],[4.742775056269981,46.46801424225114],[4.742761469591074,46.46799697640818],[4.742750467666088,46.46798309370099],[4.742750464790101,46.467983003677446],[4.742473087116702,46.468048569916434],[4.742483634296564,46.46791763122203],[4.742456139601153,46.4678444654581],[4.742455748740331,46.46784447141869],[4.742222403753014,46.46783983353387],[4.741339609127522,46.467801141837356],[4.741060310611209,46.46778612362767],[4.740926340380088,46.46777888800866],[4.740925558659047,46.46777889991937],[4.74078819036061,46.46777955177301],[4.740528833347884,46.467780800842725],[4.740666949432574,46.467926137076326],[4.740691000098579,46.46797314610437],[4.740719872275991,46.46802827780208],[4.740732315949595,46.468075103380286],[4.740738778260908,46.46809788203391],[4.740791809085284,46.468452569910035],[4.740802229971514,46.46847276636468]]],[[[4.741510859421937,46.48259739327009],[4.741460932535926,46.4826426471902],[4.741460046151333,46.48264347130039],[4.741444218671834,46.482658213273645],[4.741411656239776,46.4826796950637],[4.741377561531941,46.48270219092882],[4.741373222551673,46.48270513918728],[4.741371820623802,46.48270615128597],[4.741317223979609,46.48274400071552],[4.741257360657603,46.48278841519083],[4.741254177322368,46.482790805435194],[4.741243355705052,46.48279898627936],[4.741199675360758,46.482831625578676],[4.741174225875691,46.482851287658214],[4.741116725376901,46.48289620646204],[4.741077474869338,46.48293283124902],[4.74106595747891,46.48294372468855],[4.741065705454781,46.48294399872917],[4.74104514204588,46.482961514802014],[4.741043748727213,46.4829627969667],[4.740979801689885,46.48301817161919],[4.740946143808343,46.483017603508884],[4.740894430339332,46.48302325484243],[4.7407950308834,46.48303818884824],[4.740790750329544,46.483038884515466],[4.740743516665784,46.48304599868916],[4.740725762942097,46.48304942143736],[4.740725505168892,46.483049515430494],[4.740657745462301,46.48306306675202],[4.740592026769555,46.48307928896332],[4.740562892603356,46.483089730102435],[4.740534525193402,46.48309151311372],[4.740449916862181,46.483124595256136],[4.740446568672623,46.48312590718204],[4.740397510103305,46.48314529812818],[4.740378808541806,46.48315170746964],[4.740377261896072,46.48315227142372],[4.740325811488493,46.48317025768584],[4.740293442113312,46.48318146855376],[4.74029163481854,46.48318203647544],[4.740265851610717,46.48319125564069],[4.74013347458019,46.48325965064745],[4.740092945021879,46.4832889090513],[4.740080463389039,46.483298195859305],[4.740044927367846,46.483324586139474],[4.740044930240177,46.48332467616286],[4.740001767181849,46.483357217041764],[4.739968396692323,46.483386096207404],[4.7399667513058,46.48338765239704],[4.739961676204905,46.48339205287971],[4.739939889450966,46.48341210924707],[4.739931280153154,46.483420166215],[4.739878341173765,46.48346915801158],[4.739764023023625,46.48358050986439],[4.739733064168267,46.48361142378974],[4.739726247764514,46.48361846271226],[4.739694674575248,46.48365055684963],[4.739685280382926,46.483658535677606],[4.739684139048866,46.48365954378802],[4.739661419709944,46.483678983823665],[4.739466577799365,46.4838207427151],[4.739415859763332,46.48385763149225],[4.739351002858778,46.48390500306139],[4.739350747950374,46.48390518707479],[4.739201856442595,46.484007787556116],[4.739155926791006,46.484039469524184],[4.739146868883336,46.484045731913774],[4.739125306036687,46.484060560818094],[4.739112438826717,46.48407003351516],[4.739108232811852,46.48407306972733],[4.738978926045262,46.48416834666764],[4.738978416223484,46.48416871469277],[4.738916550330123,46.48421586035967],[4.738819175790542,46.48429029612152],[4.73876349120683,46.48434320202012],[4.738761338802433,46.4843452162397],[4.738735812477307,46.48437478629241],[4.738556738804717,46.48457367637464],[4.738542597311832,46.48459226515839],[4.738456145729449,46.48470670434136],[4.738398930874838,46.484760714127006],[4.7383345282774,46.48482239883194],[4.738281301691051,46.484874726689625],[4.738236571678529,46.484919539806846],[4.738191525507482,46.48494625423953],[4.738147009212215,46.484973230796776],[4.738083703115367,46.48500796863344],[4.738025550602896,46.48502848754361],[4.737892370397644,46.485075996487595],[4.737829355430105,46.48509532829118],[4.737722321369642,46.48512451615211],[4.737670070290133,46.48513791992667],[4.737574639418164,46.48516296829264],[4.737432147115384,46.48519242471705],[4.737349837479669,46.48521186941452],[4.737312566687621,46.48522072210059],[4.737264246625984,46.48523064338884],[4.737264116297323,46.485230645369775],[4.737267050112942,46.485285901918324],[4.737275284074831,46.48544204301728],[4.737274060126212,46.48545683260923],[4.737271012519519,46.48549623821147],[4.737266029688216,46.48567545721193],[4.737264773858646,46.48571789785623],[4.737348272629145,46.485760311187896],[4.737370676967949,46.48577185948069],[4.737464800213257,46.485820325856594],[4.737497006430837,46.48582848271301],[4.737598209643513,46.48585360406892],[4.737651987598976,46.48585945146609],[4.737677757300484,46.485862031903565],[4.737799225396546,46.485868381258086],[4.737865921651006,46.485870429463446],[4.738003190871861,46.48586933298921],[4.73800345153218,46.485869329025654],[4.738158350508855,46.48585679597804],[4.73822172205184,46.48584862689498],[4.738405199047556,46.48581224147326],[4.73841318767547,46.48580923782611],[4.738512263470714,46.485771704083774],[4.738575337556679,46.485750119339095],[4.738646261255292,46.48572526280846],[4.738679823838409,46.485710521674626],[4.73879367593527,46.48566204492942],[4.738826737214346,46.485647941846615],[4.738855929331674,46.485643354656176],[4.738873440580987,46.485640476305605],[4.739067827385047,46.485610949054156],[4.739090354292878,46.48560997583051],[4.739104670441563,46.48560912753396],[4.739254907020311,46.48560170768058],[4.739359868185412,46.48560155152475],[4.7395210157069,46.48560099051024],[4.739521667354217,46.4856009805927],[4.73988013794873,46.48561389807395],[4.740021905552561,46.48561894531696],[4.740022296541025,46.48561893936472],[4.740039534502655,46.48561975774473],[4.740039928363566,46.48561984181576],[4.740084839265328,46.485621589906145],[4.740341695691953,46.48561695866548],[4.740571364939234,46.48561436207468],[4.740614926584642,46.48561468943063],[4.740617666376617,46.485614737774036],[4.740690951758729,46.485614882641755],[4.740776614550638,46.48561880190485],[4.740807953968719,46.485620216004314],[4.740827580979039,46.48562234888569],[4.74089561956905,46.48562968883441],[4.740897058941067,46.48562984704519],[4.740915898233638,46.485631811775235],[4.740924667669944,46.4856328490763],[4.741009868546385,46.485642719629105],[4.74113527974999,46.48567863744998],[4.741156556977958,46.48568344714999],[4.741160101745836,46.485684203754616],[4.741174047013241,46.48568399131824],[4.741177605168031,46.48568925107327],[4.741178566338879,46.48569076757175],[4.74118483743762,46.485699318481004],[4.741189768859337,46.48570266590663],[4.741201357608198,46.48571032520313],[4.741214421210484,46.48571516995056],[4.741246479370489,46.48572684063073],[4.74142477123372,46.485781316956064],[4.74154367228379,46.48581751365852],[4.741615438095601,46.4858394773309],[4.741692466043597,46.48586289191486],[4.741800010481043,46.48589052489885],[4.741855620301624,46.48590471865129],[4.741925831948059,46.48592292299817],[4.742141457105852,46.485978630595675],[4.742177414934711,46.48598582829195],[4.742178990402117,46.48598616454659],[4.742220972195444,46.48599417108096],[4.742253306681121,46.486002234587296],[4.742255278892681,46.48600274492759],[4.742267760938317,46.48600570701207],[4.742284923372754,46.48600823748236],[4.742287935351348,46.48600864190553],[4.74237714189086,46.48602142260682],[4.742433705469346,46.48603280946207],[4.74244900788667,46.48603834047821],[4.742480522167124,46.4860492985729],[4.742493568705123,46.48605360303426],[4.742493832242513,46.48605368908374],[4.742505552465857,46.48605729322652],[4.742499132426386,46.48604000814594],[4.742467710456534,46.48599113038957],[4.742460301557871,46.48597962467796],[4.742451821256038,46.48596723462793],[4.742450999004469,46.485965986223206],[4.74242885575437,46.48593407975846],[4.742394957637806,46.48588523973089],[4.742345493512484,46.48581853348878],[4.742340241846949,46.48580924656334],[4.742309032817495,46.485754781357954],[4.742262823789521,46.48565118800864],[4.742243866045901,46.48560878516619],[4.742243029424098,46.48560708664347],[4.742218768322124,46.48555377644688],[4.74219233921295,46.48546933606599],[4.742158025080825,46.485366642171726],[4.742117356482297,46.485252786731536],[4.742116922358902,46.48525144234153],[4.742109478080275,46.4852306602336],[4.74210904395725,46.48522931584357],[4.742104198669361,46.48521642002877],[4.742067946632898,46.4851550964572],[4.742062023306792,46.48514518928698],[4.742043422484817,46.48511394929658],[4.742019691845128,46.48507315030544],[4.741998036938223,46.4850361024927],[4.74199270201376,46.485024204874414],[4.741980500793622,46.48499737069424],[4.741925758557713,46.48490417492123],[4.74187763173421,46.484834385824726],[4.741853613871987,46.48479683359485],[4.741832346358025,46.48476374280224],[4.741827959163219,46.484736609389],[4.741819309363226,46.48468216052896],[4.741808952950638,46.48464367955775],[4.741804548585461,46.484628255131824],[4.741804542834853,46.48462807508522],[4.741822899759246,46.48462311184342],[4.741852885474579,46.484614819028224],[4.741852873973047,46.484614458934985],[4.74184800458255,46.484555899441894],[4.741846713541598,46.48451547897528],[4.74184406640568,46.484453012727705],[4.741839482294414,46.48433806685987],[4.741838488428832,46.48431511488703],[4.741835513590961,46.4842546351086],[4.741839878479498,46.48424024791383],[4.741840701626755,46.48423744328796],[4.741857686432066,46.48411604414124],[4.741894867685859,46.48412484447274],[4.741974297185482,46.483970429700506],[4.741974413133212,46.48396997759761],[4.742004563697246,46.48389746434965],[4.74204806922908,46.48378178550929],[4.742048185175799,46.483781333406306],[4.742060661634473,46.48375556417154],[4.74215409784887,46.4835784189703],[4.742202837118607,46.48348373599354],[4.74219577539361,46.48346267785549],[4.742130917790059,46.48326912141898],[4.74213077883895,46.483268853335495],[4.742117174970213,46.483234835174656],[4.742111079299552,46.48321952660441],[4.742110801397787,46.48321899043739],[4.74210670855676,46.48320923550246],[4.742104188227938,46.48319972679986],[4.742104043525692,46.483199278669694],[4.742088426158762,46.483143044608326],[4.742082719823403,46.48305828832299],[4.742079592616499,46.483017535565736],[4.742077252550286,46.48301775136806],[4.742041664769366,46.48302207662281],[4.742041786465744,46.48302180456644],[4.742041268048519,46.48302190253532],[4.742062723857735,46.48296294178335],[4.742087240982883,46.482877364551584],[4.742097613880794,46.48285513998821],[4.742134443580071,46.48277540956759],[4.74214494206004,46.48276119906242],[4.74217405911766,46.48272166607836],[4.742185305001707,46.4827063633702],[4.742199668022927,46.482686599853665],[4.742236381830819,46.48263181976648],[4.742269937101827,46.482572044053455],[4.742301405902693,46.48249185488766],[4.742333495839988,46.482431110751456],[4.742361353406375,46.48238889489808],[4.742373900405662,46.48236942924308],[4.742389502315567,46.48235171835731],[4.742415787508984,46.48232150539475],[4.742427831536851,46.48231078391747],[4.742445828094688,46.48229456765755],[4.742448996967521,46.48229172726317],[4.742476239480879,46.48226699378841],[4.742481120674345,46.48226061466694],[4.742487493815326,46.48225196111934],[4.742485568645791,46.48224883811933],[4.742484202153729,46.482246877475],[4.742429727832295,46.482247707981834],[4.742250601054288,46.482244314168994],[4.742237716496589,46.48224505098397],[4.742157553576225,46.48224987564008],[4.742102950884962,46.48225485103771],[4.742100483405852,46.48225515885035],[4.742051742290993,46.482259954809685],[4.741990731853853,46.48227250339691],[4.741963145917587,46.48227832788166],[4.74194496037229,46.48228454948841],[4.741943025678388,46.482285209445905],[4.741894287478462,46.48230234449471],[4.741857046295901,46.48232020497337],[4.741817253286158,46.482339815605975],[4.741779374820344,46.48235813610656],[4.741778986730587,46.482358232088174],[4.741734061299713,46.48238044278865],[4.741653872392959,46.48244570254661],[4.741596702370464,46.482505027316186],[4.741510859421937,46.48259739327009]]],[[[4.742381717105826,46.48578915981548],[4.742396261761843,46.48581586816387],[4.742414012012642,46.48584495945544],[4.742426921721544,46.48586538802517],[4.742484016161884,46.48593828260835],[4.742578606553288,46.48605834109067],[4.742622058859487,46.48608379808298],[4.742676107127794,46.48610215833775],[4.742676110004614,46.486102248361014],[4.742695087613311,46.486108533914496],[4.742744454396953,46.486119129675004],[4.742788961566192,46.48612862863957],[4.742861586500279,46.486132565016234],[4.742864977973316,46.48613260336918],[4.742865368965152,46.486132597407206],[4.742925205101113,46.486132135326706],[4.74291283444177,46.48602658514775],[4.742928535903579,46.48600788195583],[4.742966036715447,46.48597767801498],[4.742998011305155,46.48596223927714],[4.743027292104236,46.48594819261691],[4.743259109777799,46.485841440261275],[4.74331283532993,46.48580891719831],[4.743370501955855,46.48576507560256],[4.743469698725526,46.48567025295462],[4.743504115084238,46.4856373938622],[4.743710617736079,46.485574979481186],[4.743914938658441,46.4855748344207],[4.743922239974753,46.48557481308662],[4.744108706549197,46.48550973146179],[4.744182210959466,46.48548411153488],[4.744182726516975,46.4854839235331],[4.744126311852416,46.485375262723615],[4.744097542982172,46.4853196799372],[4.744145391804935,46.485299135007025],[4.744154396757136,46.485295304838985],[4.744154393877917,46.48529521481575],[4.744153878322097,46.48529540281739],[4.744127474552134,46.48519961398533],[4.744108651791927,46.48514108734443],[4.744098243196181,46.48510918225795],[4.744024327124738,46.48488135937934],[4.743962720301295,46.48468370127625],[4.743918303223561,46.48454243311903],[4.743907363595786,46.4845020698027],[4.743895465638196,46.48446028003236],[4.743749596242899,46.48442882046073],[4.743512346334509,46.48437767898426],[4.743509852864374,46.48437717661775],[4.743310816129936,46.484334458518504],[4.743152827907195,46.484299130017035],[4.742954533413383,46.48425513904503],[4.74295387602841,46.48425496893559],[4.742935685891433,46.484252904580636],[4.742930585909979,46.48425244194954],[4.742930583032837,46.48425235192626],[4.742930189177344,46.48425226786515],[4.74291615073968,46.484229154547194],[4.742909821996419,46.48421880326508],[4.74290229956843,46.48418334144692],[4.742890506578604,46.48412849024324],[4.742770054494695,46.48407223364738],[4.742552760567206,46.48398448885765],[4.742436008737932,46.483909351468306],[4.74243335045816,46.48390777078544],[4.742384103280902,46.483876367582134],[4.742381077933795,46.48387146000925],[4.742377097167599,46.483865215994015],[4.742372977448512,46.48385870389551],[4.742346067535257,46.48381633222637],[4.742302311268011,46.483707837866426],[4.742300765527889,46.483704348810754],[4.742253506867088,46.483588252115425],[4.742233132471531,46.48353821515457],[4.742221116893704,46.48354983684234],[4.74222111976964,46.483549926865656],[4.742218344661185,46.4835528513167],[4.742197251615498,46.48358235460216],[4.74213263942202,46.483674037101785],[4.742118628921537,46.48370892651034],[4.742104678793934,46.48374570640662],[4.742043334610539,46.48390705100691],[4.741986583717195,46.48402851588051],[4.741958623547651,46.484083882980286],[4.741958626423181,46.48408397300362],[4.741929840180194,46.4841420546993],[4.741914097811123,46.48417579959833],[4.741913358987194,46.484177161865496],[4.74189630953025,46.484214889636306],[4.74188891382268,46.484260936589145],[4.741894713618864,46.484303720155175],[4.741903018462128,46.484359615344594],[4.741907958766681,46.48441222932622],[4.741908770494734,46.48442131373571],[4.741907927386694,46.48444798645676],[4.741906365743959,46.484501149865665],[4.741904468764935,46.4845642257692],[4.741869999019233,46.484689313936386],[4.741870482014138,46.484692188723685],[4.741870493515803,46.48469254881692],[4.741874883603649,46.48471977225199],[4.741877466289213,46.48473531450505],[4.741982191480778,46.48491151095333],[4.742002823834478,46.48494920482366],[4.74205558164958,46.485045583156925],[4.742056267798694,46.4850466535045],[4.742092388504756,46.48511203210207],[4.742142807388929,46.485204573160296],[4.742167540967952,46.485280843288606],[4.742169998133261,46.48528837147412],[4.74221954407294,46.485439289304765],[4.74225236056602,46.48554407755441],[4.742269579802221,46.48557695978081],[4.742271380499796,46.48558026481595],[4.742311461671173,46.48565531022703],[4.742346192603935,46.48572206094065],[4.742347585064422,46.485724831795046],[4.742367418742081,46.485761997375214],[4.74238116127079,46.48578808748323],[4.742381717105826,46.48578915981548]]],[[[4.742359527212967,46.4822133818099],[4.742360700104359,46.48221336392916],[4.742509710850737,46.48220460732485],[4.74258770887286,46.482193240524],[4.742617587825663,46.482189812738575],[4.742649546160622,46.48218617310546],[4.742669413387535,46.482183618497665],[4.74267304799762,46.48218311274216],[4.742704198507983,46.48217867480646],[4.742744808668496,46.48216832831815],[4.742760911822506,46.48216222840265],[4.742786152700219,46.482152386458765],[4.742916793855409,46.482074737826906],[4.742999448497226,46.482021418480905],[4.743113732782417,46.481941947519374],[4.743198992231672,46.48188039217856],[4.743265926076003,46.48181659441147],[4.74329376203051,46.48179005033472],[4.743377471173697,46.48171671969513],[4.743388758858782,46.4817068202528],[4.743473787398031,46.48163806283946],[4.74347391483998,46.48163797082812],[4.743560859282887,46.48155981712822],[4.743609019402334,46.48151648060685],[4.74360952916808,46.48151611256091],[4.743698216304616,46.48143946330503],[4.743787129794785,46.48137397885808],[4.743914486903981,46.481279356426256],[4.74399211760808,46.481211702224336],[4.744094888296667,46.48112700188126],[4.744095015736375,46.481126909869225],[4.744095143176082,46.481126817857195],[4.74409654501283,46.481125805724844],[4.744097054771636,46.48112543767672],[4.744151621955943,46.48108677669968],[4.744189111426923,46.48106449836149],[4.744282108142444,46.48100849831952],[4.744225369675958,46.480967032652735],[4.744190782332445,46.48094144100792],[4.744178983246077,46.48093126334472],[4.74417831150221,46.480930643125696],[4.744173090902088,46.48092639957094],[4.744166932164909,46.48092135972785],[4.744166796088782,46.48092118167003],[4.744140419603878,46.480891411676964],[4.744083366998662,46.48082788426212],[4.744075356581233,46.480813865947596],[4.74406999781591,46.48080530126915],[4.744046700898424,46.48076990009115],[4.744023404011175,46.480734498908184],[4.743928160716645,46.48057752400204],[4.743911634478168,46.48055814151909],[4.743906625633442,46.480552363578454],[4.743884209756924,46.4805445095013],[4.743872965055186,46.480543510207404],[4.743872701542243,46.48054342416103],[4.743864734920826,46.4805430053177],[4.743820818017125,46.48054367542161],[4.743749124685453,46.48055233496251],[4.743747566635085,46.48055253886912],[4.743671729031016,46.480562072197834],[4.743630843944178,46.48056377677899],[4.743629543649496,46.480563886684294],[4.74359843235626,46.48056544213875],[4.743552935164336,46.480561542819885],[4.743549665720562,46.480561232429245],[4.743428751004696,46.48055145835298],[4.743428620687439,46.480551460340955],[4.743425475806704,46.48055096791213],[4.743368867963184,46.48054210417853],[4.743303233719338,46.48053229729707],[4.743228837427746,46.480517580262216],[4.743166395826056,46.48050160003405],[4.743013104126875,46.48045377057742],[4.742937275073235,46.48042277304008],[4.742762461694789,46.48034608969105],[4.742648271543659,46.480297843621734],[4.74259344713608,46.48027949525837],[4.742501711313445,46.48024846977581],[4.742464547874074,46.480236066714866],[4.74242970138774,46.48022272764531],[4.742426663842696,46.48022151301529],[4.742305115236409,46.4801755404116],[4.742164014692001,46.48013788171158],[4.742071380597125,46.48011137294357],[4.741916374772854,46.48005879461142],[4.741830745438119,46.48003524117176],[4.74183035161477,46.48003515710681],[4.741696779447582,46.48000458847509],[4.741643023105396,46.479991087015655],[4.741541987010009,46.47995867136463],[4.741434893268478,46.47992436645162],[4.741431073867231,46.47992316370924],[4.74140248777238,46.479913962097605],[4.741267720367147,46.479870441509505],[4.741189382630735,46.479838400253485],[4.741147203649184,46.47981589559431],[4.741109381698951,46.479786929771876],[4.741098433411028,46.47977070433841],[4.741087380678952,46.47975529109976],[4.741086697489269,46.479754310768826],[4.741085594614704,46.479752436159785],[4.741080505675465,46.47974413743933],[4.74107073322156,46.479715735020406],[4.741050120952782,46.47965408281267],[4.741048257301379,46.47964879724018],[4.741034294793973,46.479607579043225],[4.741029751122276,46.47959593952817],[4.741029597817137,46.47959522132616],[4.741020264218448,46.479572396382885],[4.741013233073181,46.47956043449263],[4.741007061411127,46.479550891322674],[4.740990789406553,46.47953943047392],[4.740955081374533,46.47952358220905],[4.740952041027628,46.47952227751628],[4.740921565727167,46.47950697999889],[4.740870558322052,46.47948154744246],[4.74081123465781,46.47946515819014],[4.74078416755593,46.47946268832924],[4.74076442394212,46.47946091751683],[4.740763769495066,46.47946083741806],[4.740757647575219,46.47946102073297],[4.740650569072653,46.47946391261647],[4.740546574796537,46.47947765555502],[4.740410883152447,46.47949908648609],[4.740320079278422,46.47951352901478],[4.740251910992602,46.47952231283101],[4.740247885592616,46.47952282446277],[4.740226452569916,46.4795253124392],[4.740156567181486,46.479533401807245],[4.740144934683954,46.47953249812258],[4.740133577178074,46.479532040585454],[4.740090807286199,46.47952368508725],[4.740061060281298,46.47951486109071],[4.739998462792585,46.47949392784073],[4.739996881782029,46.479493411508805],[4.739971585617216,46.47948515019502],[4.739952898179963,46.47947561738694],[4.7399460069311,46.47947211961763],[4.739919377123252,46.47945883483592],[4.739918450560242,46.479458398606496],[4.739771486682756,46.47947387582156],[4.739771495297787,46.47947414589188],[4.739827689224298,46.4798869688616],[4.739873982166031,46.480226447729464],[4.739873851849422,46.48022644971338],[4.739251689178838,46.48033715515206],[4.739129744193175,46.48036044686098],[4.738819644772859,46.48041596315412],[4.738561917392797,46.48046203546891],[4.738561787075577,46.48046203745133],[4.738425118532987,46.480485642443824],[4.738423175251791,46.48048603227158],[4.738322231953922,46.48050558109903],[4.73805232274331,46.48055399914814],[4.737830899398091,46.48059375339168],[4.737913096208143,46.48066509756718],[4.73825980087097,46.480976680914964],[4.738414027567277,46.481115290111816],[4.738560307940365,46.48124591395049],[4.738679971374944,46.4812286920914],[4.738703073454956,46.48122536842119],[4.738703076324962,46.48122545844463],[4.738851045418902,46.48164210934531],[4.738915501946754,46.48182351453202],[4.738938715013023,46.48188909045929],[4.738938720753882,46.48188927050613],[4.738956849074831,46.48194258460253],[4.739030222146555,46.48215825968927],[4.739030227887745,46.48215843973611],[4.739013051317029,46.4821595116952],[4.738985854361047,46.482161186452615],[4.738955196138563,46.482164715209386],[4.738924535041691,46.48216815393451],[4.738924016626981,46.48216825188924],[4.738812603956537,46.48217850334563],[4.738711593990817,46.48218787589942],[4.738711602601028,46.4821881459697],[4.738889925227845,46.4832336337175],[4.738957410414401,46.483628541816195],[4.739035487471383,46.4840857051831],[4.739205990503391,46.483961610307276],[4.739206117957969,46.48396151830076],[4.739268185414996,46.483916621076574],[4.739268695232464,46.48391625305014],[4.739379583239302,46.48383629727028],[4.739379965601276,46.48383602125008],[4.739390955355666,46.48382900890433],[4.739403581909076,46.483820170305954],[4.73948449495766,46.48376111582086],[4.739530300709384,46.48372556271392],[4.739535645140587,46.48372142835376],[4.739554210268095,46.483706644992864],[4.739659358496024,46.48362254313233],[4.739738210251621,46.4835479382249],[4.739834936716033,46.48346144250627],[4.739865596361025,46.48343341525234],[4.739882568689569,46.48341775541047],[4.739958874399927,46.48335327661294],[4.740001203836088,46.48331912723379],[4.740081393131834,46.48325377862121],[4.74013301848745,46.4832208386683],[4.740168400034582,46.4831977831936],[4.740207525409265,46.48317764291899],[4.740233431381336,46.483164098676376],[4.740302179602548,46.483136572155765],[4.740310173479636,46.483133748421466],[4.740441525181654,46.483086354452716],[4.740441782955523,46.483086260460205],[4.740457651848262,46.48308097504954],[4.740559060103857,46.48305952591513],[4.74061319047395,46.48304789349621],[4.740656462737357,46.483039218500075],[4.740798576818981,46.483010394164594],[4.740889608814877,46.48298658089457],[4.74095496995297,46.48296324865189],[4.740968905031067,46.48295457007463],[4.740988717137139,46.48294210921971],[4.74110307337464,46.48286065778142],[4.741194999325358,46.48279134673756],[4.741238155475485,46.482758625358365],[4.741251024881214,46.48274924244331],[4.74126629855332,46.48273757121851],[4.741286401854877,46.482717900501356],[4.741290066233508,46.48271424198703],[4.741290700599885,46.482713691919265],[4.741372226148362,46.482645349783205],[4.741372735939748,46.482644981747306],[4.741433215160564,46.48260353003832],[4.741433597503504,46.4826032540112],[4.741433982721026,46.48260306800743],[4.741443349639174,46.48259833186067],[4.741444117199476,46.4825978698297],[4.741452059195431,46.48259342559502],[4.741533026660656,46.4825198679457],[4.741545053657257,46.48250860642168],[4.741545305676967,46.48250833238001],[4.741635061928219,46.48242419294114],[4.741639238926136,46.48242025640172],[4.741706775115004,46.482354829203366],[4.741731185466365,46.482343469011845],[4.741731312912902,46.48234337700247],[4.74176302507854,46.482327942572866],[4.74188438856119,46.4822659280935],[4.74193433412869,46.48224985545256],[4.742012629330109,46.482231459278395],[4.742045754870488,46.48222762189027],[4.74209160875887,46.482222239471845],[4.742122188252089,46.482220332280484],[4.742178661417626,46.48221676943545],[4.742313022652627,46.48221472123257],[4.742345342327436,46.482214228527795],[4.742359527212967,46.4822133818099]]],[[[4.742965762018451,46.48207705334079],[4.742959899601721,46.48208128583549],[4.742957092959805,46.482083220048665],[4.742916409576183,46.482111671236794],[4.742915899800194,46.48211203927961],[4.742781928604843,46.482187487007664],[4.742705094020973,46.482202619023546],[4.742702756868853,46.48220292486203],[4.742702368781829,46.48220302084679],[4.742671221134017,46.482207548805285],[4.74265032858793,46.48221065944998],[4.74261908425061,46.48222032269796],[4.742584483189607,46.48223102785612],[4.742551042618444,46.4822454080645],[4.742537797856948,46.48225119416749],[4.742537166384913,46.48225183426553],[4.74253703893995,46.48225192627582],[4.742477593325213,46.48231344781274],[4.74239267215577,46.48241012363014],[4.742392544710192,46.48241021564026],[4.74237229632238,46.48243349145963],[4.742338709792086,46.48250452608032],[4.742337240838886,46.482507520690845],[4.74233040585424,46.48252212570298],[4.742287728635766,46.48261878789923],[4.742248761115453,46.48267648450873],[4.742190913387105,46.4827635605975],[4.742143726838238,46.48283336138472],[4.742112684648242,46.48297181744689],[4.742119355308199,46.4829928815512],[4.742132207897998,46.4830319549248],[4.742144975555566,46.48310102195594],[4.742145762334502,46.48310524311968],[4.742150150468862,46.48312832349191],[4.742246708372177,46.48339993525749],[4.742338658593844,46.48364973086641],[4.742379101925775,46.483744315309515],[4.74238333956168,46.48375451836362],[4.7424150183358,46.483827800424756],[4.742426654863136,46.48384104303125],[4.742444235675457,46.48386076991693],[4.742515716053049,46.4839065150786],[4.742570400717892,46.48394486056324],[4.742667027251635,46.483981845997405],[4.742696987988605,46.48399318797449],[4.742741483046879,46.484010522962016],[4.742742406832976,46.484010869144925],[4.742752571357642,46.48401476717968],[4.742774130878936,46.48402434582745],[4.742848461356052,46.484057257791456],[4.742919346456625,46.48407211874804],[4.742998893515455,46.484088738976645],[4.743281867130215,46.484146749744305],[4.743388914407169,46.48417114636668],[4.743399554264968,46.484173596019694],[4.743406598439344,46.484169615682255],[4.743406853335298,46.48416943165982],[4.743412733209381,46.48416573928332],[4.74358286455506,46.484201602716006],[4.743597697884697,46.48420470891613],[4.743787768569287,46.48424432088907],[4.743787898895352,46.484244318900686],[4.744098730948725,46.484292715779276],[4.7441786540846,46.48428438084532],[4.744272473142254,46.48427430264575],[4.744432102567813,46.48425493377055],[4.744630813133022,46.48423037470337],[4.745186517647086,46.48416875124692],[4.745385522784425,46.48414526716634],[4.7454366313234,46.484141064125],[4.745491244242862,46.48413635720619],[4.745557586468812,46.48413147112652],[4.745624311015285,46.48412630896726],[4.74562457166672,46.484126304986326],[4.745625145101771,46.484144219607465],[4.74623836245017,46.48411557788058],[4.74627107479176,46.4840336572898],[4.746273520479185,46.48402452313053],[4.746303871512245,46.48390958392367],[4.746300129786121,46.483792733798474],[4.746295951626966,46.48374776400932],[4.746289375885517,46.483680854442056],[4.746294168425076,46.48360656579751],[4.746302437485134,46.483465754396455],[4.746304912709599,46.4834331122291],[4.746305028620292,46.48343266012177],[4.746305014206949,46.4834322100057],[4.746311194547262,46.48329539347266],[4.746316279645455,46.48318138068815],[4.746335828160476,46.48318108199777],[4.746330120311672,46.4832960049717],[4.74632151488609,46.48347924319904],[4.746427635296429,46.483169321455634],[4.746424431032878,46.48300004395385],[4.746424191161867,46.482996625062924],[4.746414515530981,46.482877703978616],[4.746315502639426,46.4826033408332],[4.746198406728986,46.48231799547966],[4.746198264877876,46.482317637377854],[4.746042038397956,46.48186887721674],[4.746042032633652,46.48186869717026],[4.74601257671571,46.481779440166896],[4.746012437749319,46.481779172088046],[4.74595011708774,46.48160413269083],[4.745916454407885,46.48150971602616],[4.745766829586893,46.48131592518569],[4.745386737518849,46.480854731684936],[4.745302019706582,46.48074974607075],[4.745301883627177,46.4807495680143],[4.745243464631149,46.48067597449034],[4.745156588142059,46.480666493047146],[4.745056005307343,46.48065650028376],[4.744991070474125,46.4806522678562],[4.744977126507989,46.48065248075837],[4.744960185240571,46.48065273942229],[4.744938007527632,46.480656410522776],[4.744926206244401,46.480658392049534],[4.74491988981466,46.48066065010237],[4.744893341076966,46.480670332369634],[4.74484379745073,46.480702972583],[4.74476332673828,46.480775534385096],[4.744674901404333,46.480827682224486],[4.744615036468667,46.48085966928935],[4.74449249985879,46.48092557757576],[4.744390558357722,46.480979102370654],[4.744386842474889,46.480981140566016],[4.744376731612113,46.48098705919242],[4.74423392794246,46.48107156017572],[4.744233418185082,46.48107192822446],[4.744184638436222,46.48110401607686],[4.744066544813288,46.48120696378352],[4.744000039927704,46.48124742809216],[4.743965142239364,46.48126921647959],[4.743885428665227,46.48132474336645],[4.743814498917762,46.48137770435661],[4.743751093808084,46.481425416662184],[4.743694798592003,46.48147121911142],[4.743556811292111,46.4816004091312],[4.74353883543964,46.48161725573103],[4.743538455992271,46.48161762178856],[4.743538328550478,46.481617713799956],[4.743351200361042,46.48177998734115],[4.743350818033577,46.48178026337472],[4.743304538289048,46.48181717632491],[4.743304155961086,46.48181745235834],[4.743240607231691,46.48186885930883],[4.743186859990885,46.48191282128322],[4.743173776513156,46.48192364876589],[4.743173142174956,46.48192419884417],[4.743135450642046,46.48195242434781],[4.743133924200317,46.4819536185025],[4.743064284603899,46.48200619905208],[4.742965762018451,46.48207705334079]]],[[[4.743734690541484,46.477352375332245],[4.743645079393849,46.4770981316672],[4.743644937573074,46.47709777356191],[4.743633080919968,46.47706129708096],[4.743628086678942,46.47702741791391],[4.743619928760428,46.476972060934756],[4.743605570386911,46.47693481201529],[4.743570152483187,46.47686275816112],[4.743538109558091,46.47679839859184],[4.743519600391448,46.47678219866813],[4.743515894206198,46.4767804538664],[4.743483734344781,46.47676545294031],[4.743290089479663,46.47667437685135],[4.743145964981401,46.47661118649154],[4.743124043294641,46.47660242407572],[4.743119552410231,46.47660060116342],[4.743119419225351,46.47660051312765],[4.743119022547763,46.47660033904369],[4.74270060597811,46.47665166404794],[4.742724651004643,46.47671056163268],[4.742724784189154,46.47671064966892],[4.742754781488517,46.476735501116465],[4.742846235708435,46.4768109337849],[4.742866328820489,46.476839989277714],[4.742888069079501,46.47687163159717],[4.742898282962417,46.47690975441341],[4.742933328765972,46.47703954725708],[4.742937403895715,46.47711811383085],[4.742951477375451,46.4771586996609],[4.742960246127649,46.477184235094384],[4.742960390820972,46.47718468322391],[4.742971812119012,46.47722386842542],[4.742971551500364,46.47722387240031],[4.742699350468064,46.477265221399605],[4.742552220947267,46.47728754993501],[4.742522770117196,46.4772920520261],[4.742433505431046,46.477305572161676],[4.742432987068846,46.4773056701324],[4.742333410805932,46.47733105615193],[4.742258406368383,46.47735021310542],[4.742122973991352,46.47740406642238],[4.742068517159382,46.47742570209763],[4.741950238300728,46.47746965652325],[4.741925500552935,46.47747886018121],[4.74192524280812,46.47747895417712],[4.74185839206774,46.47751257747126],[4.741858264632704,46.47751266948086],[4.741813650781632,46.47753226359269],[4.741780994748543,46.47754663167009],[4.741696577793333,46.4775690840579],[4.741581521576837,46.477599659027355],[4.741526539262445,46.47761301626078],[4.741442058864361,46.47763348794512],[4.741367470459114,46.47766569770931],[4.741204279209958,46.47773627505028],[4.741187213283435,46.4777407682271],[4.741167564132525,46.4777460212966],[4.741164610096158,46.47774741731195],[4.7410814945893,46.477786151572886],[4.741056240061926,46.477799596069886],[4.741045981874556,46.47780497624941],[4.741000210938862,46.47782918109025],[4.74100008350164,46.47782927309889],[4.740960582817171,46.477849779711605],[4.740933138806399,46.47786406813975],[4.740869613569757,46.47791205092981],[4.740868214436107,46.47800709314297],[4.740868246043613,46.47800808340072],[4.740872906911568,46.47806016131141],[4.740874037471426,46.47806698919679],[4.740878412161611,46.478093762582596],[4.740867640117538,46.4781157229375],[4.740865438180525,46.47812025983987],[4.740860301283867,46.478130875953006],[4.740798498457375,46.47817973313023],[4.740769378268195,46.478202783565614],[4.740482825720086,46.47839926134861],[4.740280037449476,46.47854465570869],[4.740247027574321,46.478568395704954],[4.740145766599085,46.478622807047465],[4.740145253964759,46.47862308505468],[4.740102478717358,46.4786267986534],[4.74008902958589,46.47863024585075],[4.740083857284433,46.47863158554524],[4.740073124614496,46.47863436090934],[4.740061553360941,46.478643543809945],[4.740044261629732,46.478657317166544],[4.740208588161371,46.47884692834152],[4.740283930821289,46.478907747281745],[4.740311895955729,46.47893019849454],[4.740350684709236,46.478956808100016],[4.740351217453897,46.47895716025591],[4.740390169202149,46.47898070508232],[4.740403994723984,46.478989050918976],[4.740486223989779,46.479016440000024],[4.740558549272823,46.47905622899886],[4.740562420307413,46.479059052192206],[4.740638789952689,46.47911526183953],[4.740694665138215,46.479162506676765],[4.740708735995081,46.47917445142823],[4.740768469850305,46.47922821236212],[4.740826055579225,46.47928002450923],[4.740993767462951,46.47925288138897],[4.740993906398241,46.479253149474026],[4.741032135422659,46.47935614435756],[4.741092312561892,46.479517708798575],[4.74109245724606,46.479518156930276],[4.741056859181165,46.47952617482579],[4.741048443315047,46.479528014312265],[4.741048576503732,46.47952810235043],[4.741050192010729,46.47952969894866],[4.741057597855908,46.47953706170198],[4.741076496082886,46.479573611276955],[4.741086266530997,46.47961011977291],[4.741086416963066,46.47961074795145],[4.741095519596316,46.479642673194036],[4.741117821865792,46.47974501001472],[4.741126868141916,46.47975883260943],[4.741146860922833,46.4797724884332],[4.741177911318282,46.47979354143113],[4.741217319179068,46.47981500749269],[4.741236953652121,46.479825606476],[4.741247525480943,46.47983003883124],[4.741269595724011,46.47983933975721],[4.741269859229446,46.4798394258096],[4.741365583615848,46.47987291336944],[4.741482275538738,46.47991382712837],[4.741549933399838,46.47993396193015],[4.741622971634426,46.47995518557371],[4.741689715459124,46.4799711911324],[4.741692472217833,46.47997177959037],[4.741713619827849,46.479976681200604],[4.741742618023555,46.47998245390168],[4.741763612326314,46.479986637301636],[4.741765842072735,46.479987053655336],[4.741799951353256,46.47999364911877],[4.741791616651436,46.4799449597244],[4.741787278739916,46.47991935668559],[4.741836471919036,46.479904286254985],[4.741847963642675,46.47990077862185],[4.74190296636662,46.47988390834079],[4.742069054838107,46.47989569744201],[4.742080855264536,46.47991001838633],[4.742090623320804,46.47992193849496],[4.742063747463757,46.48000710140752],[4.742064401919272,46.480007181498856],[4.742277629955516,46.48003347310158],[4.742277641458886,46.48003383319505],[4.74227821087587,46.48005165782165],[4.742279263435519,46.48008460637369],[4.742272087748223,46.480108943844876],[4.742268195680232,46.48012179272214],[4.74226584242762,46.48012975451118],[4.74226637232027,46.48013001663472],[4.742339244471222,46.480158267602306],[4.742345770349739,46.48012583398455],[4.742351064059952,46.480099723855844],[4.742353313763898,46.480088521223934],[4.742362934153997,46.48008765401777],[4.742380747207302,46.48008612150428],[4.742381268472031,46.48008611355719],[4.742369740922213,46.48000279699873],[4.742369729418241,46.480002436905295],[4.74240990988147,46.480003175326715],[4.742458572389266,46.48000414468181],[4.74254927811749,46.48010904101596],[4.742604270048188,46.48012855771766],[4.742679039587076,46.48015497819608],[4.742679436289109,46.48015515228146],[4.74266616311679,46.48001313853828],[4.742656877027424,46.47991429626105],[4.742650404011079,46.47985044723663],[4.742622388299055,46.47957346737863],[4.742601333377324,46.47935519526747],[4.742593540733981,46.47927452378601],[4.742577044614038,46.47908059037026],[4.743191935244623,46.479053019411104],[4.744127743083384,46.47901100081703],[4.744128003710483,46.4790109968395],[4.744122033269456,46.47899145329158],[4.744121451560003,46.47898957075656],[4.744117174432099,46.478974054393326],[4.744078084290435,46.47883207446339],[4.744064520818696,46.478783014657004],[4.744173331585158,46.478769104906796],[4.744173192635476,46.4787688368256],[4.744177472811114,46.478768141031225],[4.744177600245171,46.478768049019074],[4.744181741470974,46.47876708514333],[4.744169673936656,46.47872403702429],[4.744169526350419,46.478723498873066],[4.744160748911278,46.478693640429704],[4.744098506809466,46.47845960481351],[4.744098364982174,46.478459246708866],[4.744086122550989,46.47842295629589],[4.744083676945444,46.47841578823644],[4.744076302709249,46.47839311375428],[4.744039590718615,46.4782806395799],[4.743987586272988,46.478122104182134],[4.743984124885904,46.47811170919978],[4.743914570595514,46.477901742966736],[4.743844194681842,46.477690528287795],[4.743819036730327,46.477613184112144],[4.743815722987366,46.47760332727559],[4.743752936374001,46.477413342682134],[4.743752927739585,46.477413072612045],[4.743742706614663,46.477378822868474],[4.743737598935127,46.47736178801966],[4.743737590300793,46.47736151794956],[4.743734690541484,46.477352375332245]]],[[[4.744086294246899,46.484495016331735],[4.74408633090589,46.484500239669245],[4.744088307301063,46.48450903609492],[4.744092949154951,46.48452778930484],[4.744133178713379,46.484623727439875],[4.744158977758238,46.48468430923368],[4.744301900494287,46.48503942467168],[4.744367892134322,46.48519882719925],[4.744370430975302,46.485204822953484],[4.744390742574701,46.48523243378845],[4.744463074336294,46.485329142807736],[4.74446294400766,46.485329144796886],[4.744463216183843,46.485329500911526],[4.744463346512478,46.485329498922376],[4.744566993118392,46.485308642587555],[4.744617652074582,46.485298502358454],[4.74461664473534,46.48529554551711],[4.744603019381436,46.4852568444662],[4.744592135194814,46.48524268991629],[4.744598574588102,46.48523610678956],[4.744629120462919,46.48520456736024],[4.744629372479589,46.485204293311874],[4.744683427107801,46.48515357098323],[4.744735332301886,46.48510495298364],[4.744735711765482,46.48510458692236],[4.7447969443553,46.485094825606474],[4.744876985195955,46.485081985044886],[4.745073842195628,46.48504016064751],[4.7450994224242,46.485032744844794],[4.745177970372676,46.48500992940353],[4.745262837587103,46.48493603937319],[4.745362764817888,46.48491307747977],[4.745487452646544,46.48488154124908],[4.745571641508368,46.48484350809186],[4.745587965449042,46.484836143475015],[4.745587707675772,46.48483623747909],[4.745527462326377,46.4846201856255],[4.745486268381491,46.48447382502641],[4.745418474907364,46.4842500525392],[4.745035689537541,46.48429201444123],[4.744714754546258,46.48432726662089],[4.744338061757183,46.48436814242721],[4.744206394556304,46.484385283105844],[4.744168475926496,46.48439829103113],[4.744131511219831,46.48442074144177],[4.744103381239855,46.484450352467896],[4.744101115976386,46.48445290891626],[4.744099392172518,46.48445608757244],[4.7440870497225,46.48448194506127],[4.744086294246899,46.484495016331735]]],[[[4.744119532102929,46.47823645748835],[4.744185358258032,46.47844395861892],[4.744273703625171,46.478756314590484],[4.744273712262379,46.47875658466048],[4.744290702855369,46.47881495913424],[4.744330808004324,46.4789519698077],[4.744352726102204,46.4790176545795],[4.744371142421578,46.47907168405077],[4.74442002956122,46.47905931917319],[4.744440075571611,46.47905423962497],[4.744526472171724,46.47902842252587],[4.74458807598391,46.479010099150116],[4.744716912880325,46.47897417696314],[4.74480943971121,46.47894844619281],[4.744865826760241,46.4790523335546],[4.744866104667861,46.4790528697153],[4.744870947142873,46.47904937322414],[4.74487616903777,46.47904551067068],[4.744876557098507,46.47904541467852],[4.744934661801683,46.47903182803772],[4.74497892085587,46.47902151506246],[4.745003644386615,46.47901186062943],[4.745016905381875,46.47900661437752],[4.745050513258919,46.47899754481559],[4.745077011492516,46.47899038515175],[4.745188350773963,46.4789577018305],[4.745396563497699,46.478896608815425],[4.74539720930199,46.47889641881775],[4.745408828016601,46.47889281881254],[4.745424822640352,46.478887440695146],[4.745506081121379,46.47888034524956],[4.745568866804627,46.478874522641796],[4.745768474875889,46.47887048290717],[4.745912635517376,46.47888971667162],[4.745954945699743,46.478895915405836],[4.746020306297059,46.47890536465597],[4.746046594362017,46.47890793524617],[4.746144269794271,46.478916800641485],[4.746202999495304,46.47892274840869],[4.746257924182961,46.478927943680816],[4.746392850796314,46.47894380531454],[4.746415881064536,46.478946425603425],[4.746493322286675,46.47896262515986],[4.746581987219867,46.478983246568525],[4.746600766181287,46.478987462937255],[4.746605949888138,46.47898648304104],[4.746650642774733,46.47897751379274],[4.74688549846472,46.47893825747443],[4.746886016834435,46.47893815948354],[4.746858190204676,46.478899765801486],[4.74682762879226,46.478869610042324],[4.746795533056917,46.478836325370246],[4.746702150447502,46.47873759778408],[4.746674522401978,46.47870946870108],[4.746603122073684,46.47863355237012],[4.74657504553726,46.47860362877178],[4.746437191134997,46.478455593257046],[4.746410996801734,46.47842744220369],[4.746305426338604,46.4783144897832],[4.74627360340135,46.478281561072215],[4.746251893988631,46.478259105762234],[4.746161806761778,46.47817365736671],[4.74610560382621,46.47812443866398],[4.746082070186871,46.47810201119543],[4.746023172458553,46.478045988509606],[4.746007629841869,46.47803289600726],[4.745995836809385,46.47802289857337],[4.745954488373701,46.47798155891129],[4.745921968179831,46.477947199681985],[4.745884048283058,46.47790706855907],[4.74578685756711,46.477811460725604],[4.745775681597995,46.47780037303563],[4.745633530502899,46.47765645526317],[4.745485218803313,46.47750740751235],[4.745347468074907,46.477362431449954],[4.745337493880474,46.47735222603819],[4.745275625015766,46.47728886284026],[4.745174854749583,46.477191327695394],[4.745098223786713,46.47711071677701],[4.74503358145858,46.47702992274542],[4.745033442509099,46.477029654665195],[4.745015076048909,46.47700570700747],[4.745014288436143,46.47700553889945],[4.7447198879108,46.476935638326424],[4.744698188298939,46.47692975497076],[4.744666232477392,46.47692114603573],[4.744648558043409,46.47691475088306],[4.744633260841948,46.47690931017641],[4.744541520948636,46.47686171405937],[4.744510343425389,46.47685705616215],[4.74436938152262,46.47684389646337],[4.744368990597525,46.47684390243049],[4.744332666983487,46.47684139458357],[4.744295300905947,46.47683890263677],[4.744143173473399,46.476839423179946],[4.744123618582768,46.47683945142556],[4.744008330219977,46.4768422917007],[4.743920661711575,46.47682822806348],[4.743717454840088,46.47679287012253],[4.743688611463172,46.476787816118204],[4.743688614341171,46.47678790614158],[4.743692164348118,46.47686224755768],[4.743693214337999,46.47688285694633],[4.743709848800767,46.476979065201554],[4.743732748677489,46.47705103981985],[4.743755768997747,46.47711454627066],[4.743810356549993,46.477264215764976],[4.743843839998878,46.47736953389649],[4.743884680336239,46.47749698637462],[4.743968889065834,46.47776977609857],[4.74402549696995,46.47794589444325],[4.744119532102929,46.47823645748835]]],[[[4.745782236571644,46.48478282872201],[4.745985442614662,46.484743877967325],[4.746133359627076,46.48471297690742],[4.746166609718171,46.48471706235937],[4.746189509203559,46.48471959465924],[4.746248361071627,46.484725090290375],[4.746349047361074,46.48473399972823],[4.746489126491633,46.484747440978246],[4.746519843928131,46.48474165763112],[4.746490383316002,46.484668612933504],[4.746390013219237,46.48442120072391],[4.74635505739088,46.484339413367564],[4.746338720139013,46.48430156454356],[4.74632042385362,46.48419439386825],[4.746249884640059,46.48420258693505],[4.746114753377169,46.48420924488556],[4.746069839941446,46.48421146217591],[4.745891330275152,46.484219413011786],[4.745696282919742,46.484232119521515],[4.745464283395491,46.48424728143343],[4.745535504611873,46.484533328066846],[4.745564743637478,46.48466059684415],[4.745589678357835,46.48473893478235],[4.745612489671416,46.48476722776987],[4.745718312156706,46.48478587664642],[4.745782236571644,46.48478282872201]]],[[[4.746449102604216,46.48408803975335],[4.746422505059697,46.48412474327058],[4.746392404292688,46.484153844592896],[4.746373203052697,46.48417314217127],[4.746356928423968,46.48418203729552],[4.746338356931695,46.48419249865498],[4.746345912103633,46.48423705657293],[4.746347518055221,46.48424648909622],[4.746348658076978,46.48425358699011],[4.746358198668123,46.48430721136325],[4.746427033190628,46.48446972171583],[4.746438077955887,46.484497023462254],[4.746480777994894,46.48460075893573],[4.746521018161262,46.484692823240536],[4.746535919762099,46.484726550884396],[4.746566746663497,46.48476489880272],[4.746571533587906,46.484767797872294],[4.746595439385393,46.484781392985276],[4.746703924689613,46.484752895091724],[4.746790418634509,46.484729867024335],[4.746961823304767,46.484675098364434],[4.747151895374592,46.484604732653715],[4.747116964952344,46.48454005790537],[4.747077497350598,46.48446806698513],[4.746987290296294,46.48430597374108],[4.746904035501693,46.48415737432694],[4.746903757548033,46.48415683817166],[4.746932789024715,46.48415135067761],[4.746740210877261,46.48372413272168],[4.746696962049635,46.48361139899328],[4.746605123395238,46.4833738540284],[4.746508255023265,46.48345558424654],[4.746489723578794,46.483471358992695],[4.746482927891905,46.48358080449324],[4.746482930774875,46.483580894516436],[4.746453639500674,46.48358233284377],[4.746464410755159,46.483914606507504],[4.74646525914274,46.48403474326313],[4.746460552339691,46.484058773074686],[4.746457349490083,46.48407683546622],[4.746449102604216,46.48408803975335]]],[[[4.747921614448198,46.47993116961573],[4.74790346018657,46.479930186328545],[4.747867429606861,46.479928755898825],[4.747835794649303,46.47993023045564],[4.747835012755637,46.47993024241357],[4.747848432277831,46.47997876361693],[4.747851671393797,46.47999033276706],[4.747851410762289,46.479990336753076],[4.74778387447807,46.479998484932835],[4.747682001653724,46.48000517667742],[4.747654490093371,46.48000920008035],[4.747618670047862,46.48001434126816],[4.74752805760235,46.480034731054964],[4.747404306303649,46.48006256264382],[4.747379285118307,46.48006699823916],[4.747287668767425,46.48025546882503],[4.747275497652668,46.48027438890961],[4.747255268379129,46.48030631181748],[4.747239732083171,46.48032600388453],[4.747178612017617,46.48040421605352],[4.747178108054243,46.48040476416192],[4.7470614108754,46.480534803999475],[4.746985610606587,46.4806146815417],[4.746985225422041,46.48061486756426],[4.746985097988405,46.48061495957952],[4.746970973591928,46.48062175039749],[4.746889441821785,46.48066109512207],[4.746763757114646,46.480710031291174],[4.746677324888558,46.48073071675755],[4.74667719457099,46.48073071874922],[4.746574235589354,46.48074832422678],[4.746546488883565,46.480753161554894],[4.746535718647237,46.48075476722263],[4.74647110298157,46.48076458125422],[4.746426705019084,46.480766520650555],[4.746399239702003,46.48076793108519],[4.746204803464281,46.48076675895816],[4.745972379395816,46.48073968706437],[4.745890098376417,46.48073121677751],[4.745779174092957,46.48071994154891],[4.74577891345781,46.48071994553021],[4.745721369133875,46.48071442974799],[4.745557646805764,46.48069927727671],[4.74540675973727,46.480681857004235],[4.745357298056127,46.48067630766793],[4.745768437713412,46.48118287125082],[4.74576857379542,46.48118304930671],[4.745904691464631,46.48135813235437],[4.745943307339516,46.48140770991697],[4.746012295215539,46.481501857113365],[4.746014067184494,46.481504261859264],[4.746078921658468,46.48168106386069],[4.746113959364635,46.48178176418272],[4.746196905452678,46.48201863479193],[4.746281891279605,46.4822540331005],[4.746304910998411,46.48231735893737],[4.746305055732829,46.48231780706228],[4.746375960494358,46.482504333788526],[4.746489704988303,46.48282341534516],[4.746525365262793,46.48291500923696],[4.74655460757455,46.48298940827796],[4.746630541299494,46.483198554954626],[4.746637654296156,46.483217090178094],[4.746677174043651,46.483319252981275],[4.746763515091464,46.48356426743085],[4.746898052076723,46.48388510236604],[4.746901723129556,46.483893872848974],[4.746978670767152,46.484077604836614],[4.747042301226429,46.484228215445455],[4.747070129062903,46.48427876815521],[4.747081476232047,46.48429922010996],[4.747122927826275,46.484347673144974],[4.747183434169563,46.48438853943625],[4.747189431524689,46.484392590851236],[4.747203638900766,46.484400569788505],[4.747219439039297,46.48440942504835],[4.747272641782629,46.48442581457878],[4.747390748946824,46.48444940794017],[4.747441285713869,46.48445584068451],[4.747475859203228,46.4844605359926],[4.747529261314006,46.484458728767606],[4.747543652545055,46.484456166981225],[4.747558298658025,46.48445342116133],[4.747581396811292,46.484441809581696],[4.747610252901012,46.484426777467355],[4.74765219843668,46.4843970443674],[4.74766392981466,46.484380652875366],[4.747679519543976,46.484358528145506],[4.747692074755151,46.48433122591197],[4.747697549954098,46.484318983107144],[4.747701160195305,46.484305507877416],[4.747710687148992,46.484269155151225],[4.747722410930741,46.484219979277036],[4.74772262542167,46.48421853492064],[4.747733739437346,46.48415847022722],[4.747738694799113,46.484134076285194],[4.747740880091251,46.48412089304497],[4.747753086306719,46.48403388152772],[4.747767585327979,46.48397772802624],[4.747804618324149,46.48383134277415],[4.747843372234759,46.48370204397232],[4.747879781061561,46.48358908319586],[4.74790467017751,46.48353979602279],[4.747904794731115,46.48353961398338],[4.747905420384435,46.483538793809466],[4.748050998506741,46.48336183679755],[4.748057144871821,46.48335426720554],[4.748065074925412,46.48235692063057],[4.748065072039895,46.482356830607394],[4.748082535107445,46.48235656351028],[4.748096218854283,46.4823563542159],[4.748118248941613,46.48235619739455],[4.748313530987774,46.48235510173223],[4.748598674159807,46.4823507395213],[4.748600498658933,46.48235071160724],[4.748605201773736,46.482350999920776],[4.748653799667446,46.482353949141704],[4.748653947307749,46.48235448728681],[4.748660928416109,46.48239328956404],[4.748666323440557,46.48242328950929],[4.748668078441882,46.48247802359665],[4.748669007901246,46.482507011057194],[4.748665976381076,46.48258325440324],[4.748664109205764,46.48263074845499],[4.748742843714299,46.48254884345391],[4.748768579478897,46.48250566768957],[4.748772165400737,46.482499578309785],[4.748810427300463,46.48242009386871],[4.748837557318601,46.482363476718504],[4.748883004425982,46.48216652455471],[4.748941130256997,46.48199495747062],[4.748975244808018,46.48191220393215],[4.749015031032611,46.48181522301098],[4.749080900394498,46.48169811814893],[4.749037318726835,46.481550714380525],[4.748997862808454,46.48132867168511],[4.748947075727227,46.48113139076339],[4.748914670491128,46.48101128645884],[4.748866977395052,46.48083728560087],[4.748826934549017,46.48067415587696],[4.748793257220769,46.48053875955071],[4.748737758396103,46.48032867099778],[4.748716557047462,46.48024892551567],[4.748644055363165,46.47997208695706],[4.748626633737244,46.479916691882984],[4.748612312442742,46.47987259785878],[4.748606597179504,46.479861066613566],[4.74857652349938,46.47980550484273],[4.748513157642173,46.479813589650824],[4.748512639267063,46.47981368764909],[4.748456015155682,46.47982058847106],[4.748417444257604,46.47982532166088],[4.748312606324831,46.479833050077055],[4.748312620753789,46.47983350019314],[4.748312202471275,46.47984485507975],[4.748311049080248,46.47987801751377],[4.748262974807928,46.479899468424975],[4.748254234551752,46.47990338495632],[4.748207619676776,46.47992562412497],[4.748175236998574,46.479932244053096],[4.748100240633547,46.47994356882506],[4.748092948728933,46.47994386049566],[4.748051812268504,46.47994584071454],[4.747921614448198,46.47993116961573]]],[[[4.74931625832579,46.48122706637019],[4.749418931348305,46.480981051943445],[4.749476843985605,46.48089234975977],[4.749379242904999,46.480755860542544],[4.749256016211342,46.480588690225254],[4.7492554747311,46.48058806804141],[4.749219601745371,46.480538719774756],[4.74919765346392,46.480508883131435],[4.749162821942485,46.48047167800369],[4.749130833946134,46.4804377618393],[4.749028909074494,46.48034934442385],[4.748975340206325,46.48029297144175],[4.748921575145255,46.48023047685668],[4.748832525089913,46.48012474944919],[4.748832386113878,46.480124481373714],[4.748748897460469,46.480037673017804],[4.748737436709527,46.4800258694239],[4.748822412532904,46.48037862397625],[4.748822722239457,46.48038015038236],[4.748834136455123,46.480423027922676],[4.748848601994024,46.48047567611276],[4.7489610817243,46.48088916542542],[4.749012617978019,46.481093550202765],[4.749071973846794,46.481326276570876],[4.749072118601316,46.48132672469234],[4.749148029752362,46.481575589917064],[4.749277082114446,46.48131458101014],[4.749287309916962,46.48129199769068],[4.749315893357514,46.48122788256278],[4.74931625832579,46.48122706637019]]]]}}]}
