{"type": "FeatureCollection","name": "aoc_geojson","features": [{"type":"Feature","properties":{"dt":"Bordeaux","type_prod":"Vins","categorie":"Vin tranquille","type_denom":"dénomination géographique complémentaire","signe":"AOC","id_app":685,"app":"Côtes de Bordeaux","id_denom":2077,"denom":"Côtes de Bordeaux Cadillac","insee":"33253","cvi":"1R167S","nomcom":"LOUPIAC","insee2011":"33253","nomcom2011":"LOUPIAC","id_aire":1452,"crinao":null,"grp_name1":null,"grp_name2":null},"geometry":{"type":"MultiPolygon","coordinates":[[[[-0.305163722995532,44.62948504195752],[-0.304928204148936,44.62926447969833],[-0.304916196406107,44.629266280479506],[-0.304813384508035,44.629172041433236],[-0.304718102671558,44.629090011646895],[-0.304691696343807,44.62906575204454],[-0.304669052995284,44.62904110959565],[-0.304588664779705,44.62893547730889],[-0.304424479686648,44.628730621886135],[-0.304423911939387,44.628727395075984],[-0.304426052614358,44.628725168542715],[-0.304430502738552,44.62872359379528],[-0.30467070481455,44.62869487603093],[-0.305118337774168,44.62867247879867],[-0.305251103944107,44.6286707606332],[-0.305568885300559,44.628673960556455],[-0.306147615856944,44.62868593244967],[-0.306196604520001,44.628688611691715],[-0.306241111454179,44.62869232604819],[-0.306270849590718,44.62869594160946],[-0.306309521617159,44.628703434718254],[-0.306342168755134,44.628711468491666],[-0.306412010215991,44.62873406775254],[-0.306543821242727,44.628780582941836],[-0.30663384019777,44.628811588875855],[-0.306835020519279,44.62887909505144],[-0.30691201252531,44.62890742699414],[-0.306818657014455,44.628929232717155],[-0.306653247275231,44.62896815182171],[-0.306756097042318,44.62915330435118],[-0.306885425271271,44.62913168374657],[-0.306942185881658,44.629240995014946],[-0.306968046714308,44.62929464477133],[-0.306849491912669,44.62931278940553],[-0.30605511109451,44.629438465825324],[-0.306048725235276,44.62942640254389],[-0.30535103245619,44.62958711560404],[-0.305286712110426,44.629600572829105],[-0.305163722995532,44.62948504195752]]],[[[-0.304500949430659,44.630951411395436],[-0.304426689857036,44.63097615810693],[-0.304422953141798,44.63097699067721],[-0.304232818269522,44.63102691724211],[-0.303976661097125,44.63109359455306],[-0.30375249055133,44.63115057484534],[-0.303749136980291,44.63115148604382],[-0.303693096462301,44.63116415413733],[-0.303417046794868,44.63123376750492],[-0.303414055287972,44.63123439755488],[-0.303393754522423,44.63123680646394],[-0.303392248223191,44.631236941593386],[-0.303390741923953,44.63123707672282],[-0.30313199554268,44.63130482057442],[-0.303077424129712,44.63131672359738],[-0.30281368003297,44.631383174370974],[-0.302860594146416,44.6314731389921],[-0.302502234242116,44.631565843960026],[-0.302309640172712,44.63161908439255],[-0.302251043202517,44.631633359910346],[-0.302195799828356,44.63164672424575],[-0.302015217228645,44.63169176610263],[-0.301772295051638,44.631751825465386],[-0.301488541433638,44.63182571876967],[-0.301486305668464,44.63182632618971],[-0.30144484387899,44.63183585444557],[-0.301340066772674,44.63168220142422],[-0.301267089895019,44.631567334784656],[-0.30122126900108,44.63149598866326],[-0.301137220037933,44.63136658534884],[-0.301056825416958,44.63124139788055],[-0.301036754270303,44.63121541638657],[-0.300881677030935,44.63103668445493],[-0.300754146622146,44.63088875649545],[-0.300706414010413,44.630829991918176],[-0.300625390791125,44.630726358099345],[-0.300537757943104,44.630613280389895],[-0.300409705056728,44.63044347218979],[-0.300308150275978,44.630312428673314],[-0.300192063575738,44.63015947299273],[-0.300079485188633,44.63001470211734],[-0.300009054410526,44.62993030443217],[-0.299981577912279,44.629900669401266],[-0.299930183975665,44.62984399619937],[-0.299886213567541,44.62979773370467],[-0.299830642032087,44.629740824785934],[-0.299803040648702,44.629715518487124],[-0.299621690839117,44.62955342807821],[-0.29950328091411,44.62944478272784],[-0.299312467463625,44.62926972900184],[-0.299199061955132,44.62916895330789],[-0.299117477460266,44.629094439256825],[-0.299098999728721,44.629076249043706],[-0.299078831458028,44.62905504572724],[-0.299752113000856,44.62888455922631],[-0.299657865989242,44.628768344646474],[-0.299588721187837,44.62862182609403],[-0.29980773783053,44.62856744085114],[-0.299732636421903,44.62842263204176],[-0.299790299672828,44.628347204416606],[-0.29972348942488,44.628195300077486],[-0.299712808873471,44.62816804687642],[-0.299696930264049,44.62812959566079],[-0.299657911899954,44.628038583349245],[-0.299651689512633,44.6280228205675],[-0.299567937600981,44.62794359606846],[-0.300012806498809,44.62784822681488],[-0.300088000084157,44.627833006264474],[-0.300312331098923,44.62778539931376],[-0.300609556203373,44.62772209903271],[-0.300928266517905,44.6276572551201],[-0.300878450157842,44.62756287144036],[-0.30095037635869,44.627537115495926],[-0.301042424361316,44.62751238033077],[-0.301290313598229,44.62744694767513],[-0.30163605322549,44.62735246059376],[-0.301701998728889,44.62747014978487],[-0.30174869390278,44.627543541809764],[-0.301786373620302,44.62759873165614],[-0.301823476851362,44.62765700228812],[-0.301926899688312,44.62781348814743],[-0.301939889046433,44.627834905453504],[-0.301975964383261,44.62789500886242],[-0.302087491566032,44.628073508404434],[-0.302128779972469,44.628138591997434],[-0.30214474136239,44.62816550699329],[-0.302166945350338,44.62820205690302],[-0.302186644951741,44.628234626916345],[-0.30225532573833,44.628347278370896],[-0.30233503856245,44.62848023419334],[-0.302348458812763,44.62850253964082],[-0.302355620609213,44.62851494033804],[-0.30243512306598,44.628644298194146],[-0.302612150708157,44.62859044123897],[-0.302733015033593,44.62855358037125],[-0.303271983139883,44.62839096051072],[-0.30337021283763,44.62836189379799],[-0.303397743146721,44.62835368224122],[-0.303794952719893,44.628233141277285],[-0.3038598997738,44.628288506479834],[-0.303991295212744,44.62839901168918],[-0.304169999797259,44.628548108964544],[-0.304185197575505,44.6285619812852],[-0.304213883089942,44.62859284062611],[-0.304268046620707,44.62865150151245],[-0.304372301767329,44.628770386656015],[-0.304016418298567,44.62901476007889],[-0.304129654367982,44.629248080864166],[-0.303782989858245,44.629346297551095],[-0.303924443970268,44.6296089602228],[-0.303623323133631,44.62968986613607],[-0.302865987924155,44.62989235281439],[-0.302585273445519,44.629966248477864],[-0.302813111530292,44.630404649106914],[-0.302817215575319,44.630403625402515],[-0.303413105526336,44.63024308849895],[-0.30372668930186,44.63016163045869],[-0.304119355415043,44.63006023662776],[-0.304596365140352,44.62993181071442],[-0.304644783256163,44.62991828879399],[-0.304738844192323,44.63012794424165],[-0.304453895135092,44.63020061974339],[-0.304134942674603,44.63028088880597],[-0.304250631054247,44.630452684584505],[-0.304284503067304,44.63052033203641],[-0.304961118768174,44.63034854271739],[-0.304990658796553,44.63040685846986],[-0.30501807733478,44.63046127303048],[-0.305107794694743,44.63063555669368],[-0.305181592586561,44.63077076019594],[-0.305179341076211,44.63077109784785],[-0.305178595848351,44.630771300346],[-0.305132103504877,44.630785395630234],[-0.305127259521363,44.630786711866016],[-0.304502817786868,44.630950995109],[-0.304500949430659,44.630951411395436]]],[[[-0.303885273055652,44.628224133679474],[-0.303652089766061,44.62802386304867],[-0.303551141729653,44.627935514222976],[-0.303490784316825,44.62788740028743],[-0.303377787117986,44.627800132352306],[-0.303329535853114,44.62776481180265],[-0.303216815030322,44.62768870849135],[-0.303187766645207,44.627671015121514],[-0.3031170631827,44.62763366244353],[-0.303051372272874,44.62759787189792],[-0.302986656897827,44.627559349006525],[-0.30294029184912,44.627530369386754],[-0.302759906147687,44.627410604762844],[-0.30257656349541,44.62727912448193],[-0.302665468414631,44.62722015184408],[-0.302869257416056,44.627086922965475],[-0.303433169569084,44.62680119376479],[-0.303248008442477,44.62663868275799],[-0.303068567308399,44.626470413999655],[-0.302844459437888,44.62625689571606],[-0.302943771955812,44.62620761341316],[-0.302964315299972,44.62619645710015],[-0.30298239285794,44.62618843805513],[-0.303006568874951,44.626181137776044],[-0.303032351213664,44.62617541136901],[-0.303058212623896,44.626171034167776],[-0.303089826265784,44.6261679267038],[-0.303113221898289,44.626166686763774],[-0.303134875847763,44.626168021820106],[-0.303163846191764,44.62617148090764],[-0.303256356291993,44.62625800972469],[-0.303786260396425,44.626083223245026],[-0.303853701813751,44.62605850046229],[-0.303913698554849,44.62604237998919],[-0.304007622654458,44.62613364149437],[-0.304227834544368,44.6263452016029],[-0.304406790926567,44.62624046461195],[-0.304523431980169,44.62615750400673],[-0.30466441870904,44.62605723588217],[-0.304690575720402,44.62607726793625],[-0.304829195053986,44.625994730987465],[-0.305038543512715,44.626163003551184],[-0.305160905982079,44.62626152306123],[-0.305230806484058,44.62631746007561],[-0.305318618196177,44.62638835940199],[-0.305010277065548,44.62658463988631],[-0.304917702364007,44.62650352066881],[-0.304654366213575,44.626660429784465],[-0.304746399420853,44.62673877215835],[-0.304905157877926,44.62687053361901],[-0.30465735083358,44.62701472399149],[-0.304860665840975,44.62712523987264],[-0.304902112097728,44.627147788129854],[-0.305540730089289,44.62692261696643],[-0.305802817730401,44.626821878562176],[-0.30591713954005,44.62697686351557],[-0.305983925509432,44.627070016632814],[-0.306021109828951,44.62712314754122],[-0.306057148015076,44.627169644943926],[-0.306154737737965,44.62728458293751],[-0.30623538095527,44.62738164641008],[-0.306356309361576,44.627526611884115],[-0.306508709105881,44.62771118297257],[-0.306163032346667,44.62781955980611],[-0.305378738969974,44.628071708105246],[-0.304321648137548,44.6283777812102],[-0.304134052869643,44.62843213713666],[-0.303987643976501,44.628310907912955],[-0.303885273055652,44.628224133679474]]],[[[-0.299884519632606,44.615087824501444],[-0.299831653912708,44.615257898826485],[-0.299753031279366,44.61548577852573],[-0.299730558888637,44.615541503524135],[-0.299703534543471,44.61558411910294],[-0.299608489636507,44.61569310069747],[-0.299400601706427,44.61591736180569],[-0.299384219797266,44.61591550829077],[-0.299302610520024,44.61588550768222],[-0.299199423872318,44.615848942973486],[-0.299125737862285,44.61581852543805],[-0.298984800282691,44.6157641658346],[-0.298870983301859,44.615727017196896],[-0.298681058666203,44.615669794839704],[-0.298563323255612,44.61563681758675],[-0.298442114191353,44.61560268245293],[-0.298270535960978,44.61555500340095],[-0.298127419622818,44.61551512450181],[-0.297968629965793,44.615472559614],[-0.297897827559445,44.61545259743953],[-0.297843747871933,44.61543384805752],[-0.297806958117753,44.61541953831981],[-0.297692479568713,44.61537105511126],[-0.29763158297739,44.61534575126681],[-0.297496492664797,44.615287791366256],[-0.297383919370302,44.615239521306464],[-0.297279941699643,44.615195860250715],[-0.297204316031059,44.61516459834149],[-0.297108336309262,44.615128267217266],[-0.297026326305105,44.61510431395761],[-0.296960614788233,44.61508726283831],[-0.296908804481697,44.61508142032659],[-0.29679910249943,44.61506928596467],[-0.296680076908988,44.61505950209491],[-0.296571251579532,44.61504941375147],[-0.296492654418123,44.61503851350788],[-0.296433765270507,44.615028106455206],[-0.296361206538471,44.61501044834246],[-0.296323489219759,44.61499967987523],[-0.296471963434651,44.61477530541815],[-0.296576431580645,44.614633247560086],[-0.296773813539673,44.614701603965884],[-0.296876235687347,44.61473810352104],[-0.296999266697903,44.61425994281238],[-0.296765356087576,44.61418817164313],[-0.296607661483903,44.61413836394551],[-0.296631602672516,44.61413359489228],[-0.296656545685042,44.61412654333347],[-0.296687469063765,44.61411174456152],[-0.296717562240023,44.61408922158328],[-0.296746737738434,44.61407042025547],[-0.296762544633404,44.614055982421306],[-0.296773685669059,44.61403294369502],[-0.296778654991246,44.61400143911677],[-0.296787018389972,44.61393090820434],[-0.296803535061864,44.61385743087104],[-0.296835048338806,44.61375566380847],[-0.296810723608589,44.61372151930203],[-0.296766187693611,44.613652386695954],[-0.296742832319265,44.613608932512165],[-0.296661083045505,44.61345350914932],[-0.296615563846792,44.613367556343704],[-0.296694646721553,44.61330915174687],[-0.296667121414802,44.61334322155222],[-0.296847826856799,44.613120047313245],[-0.296868733891296,44.61310870102235],[-0.296900969840491,44.61310341406272],[-0.296934549533802,44.613101691165085],[-0.296973969425038,44.613102767416045],[-0.297267585031806,44.610986376445545],[-0.297249520031661,44.610949252044335],[-0.297262362772051,44.610942381242644],[-0.297257955939508,44.61094467526817],[-0.297254873918338,44.610930801099954],[-0.297152092685397,44.61077159094156],[-0.297120029781182,44.610734523872225],[-0.297083078147345,44.61070445061402],[-0.297060830549374,44.610692860400746],[-0.297022306849346,44.61067472779427],[-0.297007289254933,44.610663822843684],[-0.297001169477863,44.610649769016675],[-0.296997483571021,44.610632038387145],[-0.296998336000627,44.6106142624227],[-0.297008200953913,44.61058882895038],[-0.29701279937367,44.61057040056745],[-0.297015689463471,44.6104645320034],[-0.297009835973719,44.610442090542605],[-0.296997429140542,44.61041759205197],[-0.296962973757697,44.61037843385089],[-0.296912054046779,44.6103359826075],[-0.296491205054144,44.61042567024437],[-0.296254768460732,44.61047867810659],[-0.296210540447182,44.610485944589364],[-0.296180792436868,44.61048845403041],[-0.296146888199857,44.61048459996916],[-0.29602856389826,44.610467226036675],[-0.295848602439067,44.610411774692416],[-0.295820655580574,44.61042567352712],[-0.295663829684867,44.610312856203386],[-0.295655863577192,44.61029957822655],[-0.295651900273234,44.610283567821156],[-0.295650182462004,44.61026713001332],[-0.295650453332733,44.610252344858665],[-0.295665230488332,44.6102332524843],[-0.295711911689059,44.61017085942105],[-0.295727490770751,44.6101460665557],[-0.295741431752394,44.61011267256157],[-0.295772720472988,44.610020013160565],[-0.295860832177882,44.60983131954127],[-0.295872717731704,44.60980807851042],[-0.295876203358734,44.60978355630906],[-0.295872264557796,44.609755020712576],[-0.295862051249597,44.60972919522215],[-0.295849378634908,44.60971308423968],[-0.295773887349767,44.609645145286215],[-0.295758659057646,44.60962415481299],[-0.29574520383624,44.60960112915296],[-0.295739073104792,44.609580407898825],[-0.295733581321973,44.60955119779879],[-0.295724581104767,44.60953317516693],[-0.29562906269481,44.6094139336362],[-0.295617847773926,44.60939039061349],[-0.295617422700574,44.60938959235737],[-0.29521785814443,44.60905352938251],[-0.295071564175927,44.60887480154364],[-0.294991995285931,44.608737063037246],[-0.294981500608407,44.60863519809025],[-0.295027408176297,44.60851426079974],[-0.295140031327492,44.60845359541813],[-0.295175730397866,44.60842991448312],[-0.295020117786668,44.60809819771331],[-0.295005530794801,44.6080816932422],[-0.294989106905728,44.608059657109635],[-0.294922212856839,44.60795100459604],[-0.294878976274245,44.60789751093221],[-0.294850149446407,44.60787043846851],[-0.294602234992631,44.60766861089291],[-0.294506846636229,44.60758387458352],[-0.294506479412723,44.6075840657429],[-0.294164908807983,44.607372415748664],[-0.293902205627854,44.60718292148924],[-0.293767587174567,44.6072038748724],[-0.293675413359245,44.60724536775581],[-0.293555427374873,44.60732895734052],[-0.293784412355731,44.60752423327032],[-0.293514563586492,44.60771762246237],[-0.293179512557777,44.60751388447848],[-0.293018510160359,44.60773096867063],[-0.293330988604506,44.6078980770847],[-0.29353166292796,44.60801031084519],[-0.293559947935325,44.60802811908604],[-0.29358042592958,44.60804183508791],[-0.293593648055155,44.60805441585287],[-0.29361267879095,44.608075743728385],[-0.293661764340458,44.6081322171141],[-0.293719251522611,44.60820943420801],[-0.29375270738151,44.608257453268],[-0.293765663496177,44.60828490909917],[-0.293783584098401,44.608326092920045],[-0.293791219686138,44.608346679274945],[-0.293802335717983,44.608387975872155],[-0.293829551981026,44.60852349169252],[-0.293841554947868,44.60856701444506],[-0.293856811771061,44.60862089224105],[-0.293886947106794,44.60872217162651],[-0.293893801019748,44.60874233076692],[-0.293908619758557,44.60876928053569],[-0.293927000477559,44.608792429834494],[-0.293951298991245,44.60881324018653],[-0.293986542941565,44.60884651893981],[-0.294002190822348,44.60887470543252],[-0.294017640338148,44.60891244886096],[-0.294053701189851,44.60903094161376],[-0.294061914439676,44.609054934688764],[-0.294077189925354,44.609083222383916],[-0.294117777172885,44.60913670528482],[-0.294141032699217,44.609165565960325],[-0.294183295369487,44.60923476708517],[-0.294204326532643,44.60926441491],[-0.294222465753006,44.60928342658942],[-0.29425252016048,44.60930559702249],[-0.294296693888809,44.609336266714735],[-0.294426710897262,44.60941132071227],[-0.294782343662958,44.609610837553035],[-0.294729635165802,44.60968665524195],[-0.294723411650965,44.609858579166016],[-0.294727494068309,44.609909005789554],[-0.294726321008518,44.609927782417316],[-0.294728393005589,44.610105676139405],[-0.294581088111751,44.61064781017994],[-0.294583161618602,44.61065738948087],[-0.294682826980231,44.61079579057302],[-0.294735789680656,44.610866744881804],[-0.294763390836101,44.61089871962549],[-0.29478149922752,44.61091719154156],[-0.294802661243673,44.61093611301059],[-0.294814955314607,44.61094574791467],[-0.29483530849932,44.61095730496444],[-0.295095329651945,44.61105524201542],[-0.295166224643426,44.61107042747632],[-0.295544355385905,44.611130240662206],[-0.295616645945084,44.61114340192034],[-0.295754486243829,44.61113856914559],[-0.295774412859602,44.61113635282178],[-0.295807686404919,44.61112941332622],[-0.295837024578622,44.611119888098266],[-0.295866572217036,44.611107473280484],[-0.29573561251095,44.61156009878854],[-0.295903108741041,44.6116352947197],[-0.296471208768059,44.61241982214567],[-0.296479673163506,44.61242867011457],[-0.29654674576703,44.61255317514289],[-0.296555201595899,44.61257481816456],[-0.296580980380126,44.612653250591464],[-0.296646508648835,44.6128678158107],[-0.296650059766736,44.61289618279234],[-0.296651855253943,44.61304335956931],[-0.296642050081294,44.613121592328746],[-0.296603284072226,44.61324817418511],[-0.296598112896195,44.61326328579231],[-0.296591660142672,44.61326942521312],[-0.296491005348455,44.61331486764203],[-0.296491010608565,44.61331495758933],[-0.296501178449307,44.61341764337844],[-0.29658122218481,44.613750983573645],[-0.296587075333229,44.61412284952482],[-0.296502445020203,44.61414465699486],[-0.296445013855153,44.61415916536517],[-0.296367045776055,44.61417194373076],[-0.296217111918268,44.614196600384716],[-0.296156447997518,44.614207600877975],[-0.295864095903757,44.61419776101],[-0.295696005013864,44.61404779593045],[-0.295654568634753,44.613999294418136],[-0.295636022486809,44.61397335699048],[-0.295583489826316,44.61385157128869],[-0.29548767587007,44.61361087754523],[-0.295419402106508,44.61343991390818],[-0.295329811265486,44.613066130795445],[-0.295288775176354,44.61306330008175],[-0.294870334073678,44.61303271017224],[-0.294814003113169,44.61302718177321],[-0.294239998759858,44.61295077032508],[-0.294187040738395,44.61303533528183],[-0.294163701093268,44.61306982024144],[-0.293777454191533,44.61297492309538],[-0.293740599386145,44.612965930179065],[-0.293724322998224,44.612959387298844],[-0.293465768342683,44.612789499972024],[-0.293416502660822,44.61275591808993],[-0.293377909811687,44.61273012740522],[-0.293334626097065,44.61270177341626],[-0.293253111696342,44.61264734758005],[-0.293166029598696,44.61258182464008],[-0.29308492426958,44.61252143963041],[-0.292933114102191,44.61241027090629],[-0.292768753064897,44.61228505941798],[-0.292566376590342,44.6121180010486],[-0.292467484541877,44.61203814262938],[-0.29243814288467,44.61201522959158],[-0.29239528475595,44.611981186037106],[-0.292358681070238,44.61195056024239],[-0.292328053858346,44.61192507247283],[-0.292298166445598,44.611899292337725],[-0.292365826129433,44.61186555943851],[-0.292348817137799,44.611807588815424],[-0.292326272095281,44.61173906079233],[-0.29231094854334,44.61169698835022],[-0.292270529374088,44.61157511078489],[-0.292230107907019,44.611492068104525],[-0.292199142964737,44.611434873773156],[-0.292177784984743,44.61138018637956],[-0.292159007887677,44.611317853341646],[-0.291980540561112,44.611385162906814],[-0.291971739070927,44.61142236779923],[-0.291883085762882,44.6115890887418],[-0.291868811641333,44.61162330305192],[-0.291856621088506,44.61166727661152],[-0.291843969968478,44.61172928468938],[-0.29184195759704,44.611766107075006],[-0.291838469443401,44.61186190143989],[-0.291837873580637,44.611897059749104],[-0.291834183487489,44.61203475849138],[-0.291834230522951,44.612113327772434],[-0.291833911787663,44.61213379087638],[-0.291833371369638,44.61221526099204],[-0.291828862921078,44.61227414313218],[-0.291701732360331,44.61234577930733],[-0.291464789532455,44.612481056615344],[-0.291227000748608,44.61261482682215],[-0.291128617435679,44.612511254719166],[-0.291106264651379,44.612484889396164],[-0.291079850284675,44.612447291958844],[-0.291022015810877,44.612364136825796],[-0.290967991018004,44.61228789629699],[-0.290853534965088,44.612122901352265],[-0.290818599718757,44.612075466036494],[-0.290793261872647,44.612049820306666],[-0.290748400065386,44.612007366054065],[-0.290596890470377,44.611914206155426],[-0.290154621141701,44.61163724355222],[-0.289778554929888,44.61139876462999],[-0.289373640058386,44.61114573573164],[-0.289337453186732,44.61112221480482],[-0.289318354938156,44.611106204321814],[-0.289295059217836,44.61108311050164],[-0.289269171430103,44.61104801993727],[-0.28921120985344,44.610962615213396],[-0.289080044557229,44.61071864466401],[-0.288944630695907,44.6104796661032],[-0.288921319478306,44.61044332742536],[-0.288888002876556,44.610397645498544],[-0.288797801844108,44.610284997896514],[-0.288757087755483,44.610242239269695],[-0.288583497441723,44.610062333576266],[-0.288517578965546,44.60999617733291],[-0.28840859662967,44.60989237807696],[-0.288185564992156,44.60968871446137],[-0.287900641921009,44.609429496394114],[-0.287614756081833,44.609173189666045],[-0.287535471808172,44.609098420310026],[-0.287506831479811,44.609074494084076],[-0.287363739965485,44.60898270161448],[-0.286684976889507,44.6085558932914],[-0.286164672353181,44.60823123056109],[-0.28582704284895,44.608021781021684],[-0.285769564984363,44.60798348461685],[-0.286200761858515,44.607655926912166],[-0.285964083269408,44.60750997131005],[-0.285857102354868,44.607446837192775],[-0.285774757888476,44.60739738677979],[-0.28596580475534,44.6072278960009],[-0.286283321857253,44.60694309449778],[-0.286515392841628,44.60673093467103],[-0.286542894453552,44.60670939266746],[-0.28657139271728,44.60669196576868],[-0.286591066425092,44.6066854336219],[-0.286614291783404,44.60668140880839],[-0.28664331945423,44.60667955405463],[-0.286662641459783,44.60667997033226],[-0.286689009100095,44.60668441185239],[-0.286716693476913,44.6066919678151],[-0.28673851768785,44.60670285174997],[-0.286903552246741,44.606820662513194],[-0.287036643261187,44.60691626691975],[-0.287168449548605,44.607002808948856],[-0.287906764265055,44.60748424607758],[-0.288276789375054,44.60772354053135],[-0.288341078467582,44.607761813133166],[-0.288361455391673,44.6077673336338],[-0.288378175584296,44.607768547899596],[-0.288393227422095,44.607767108714285],[-0.288589409441847,44.60764683713853],[-0.288740367366382,44.607555663466876],[-0.288936946721754,44.6074422272922],[-0.289237149619437,44.607262993259425],[-0.289809629518991,44.60692535728065],[-0.289840681780265,44.60690632168913],[-0.28986489284246,44.60688676899422],[-0.289883443150109,44.6068674749795],[-0.290020831947311,44.60667353480611],[-0.290224290084495,44.6064511361585],[-0.290296443318312,44.606351855304524],[-0.290466527691707,44.60612171014279],[-0.290728476223507,44.6057605205009],[-0.290749501051288,44.605718806894195],[-0.290762562725242,44.60568976481392],[-0.290772397831404,44.60565730480508],[-0.290792523593851,44.60557426036788],[-0.290800297084394,44.60554537581668],[-0.290808606399658,44.605532153348754],[-0.290824087202107,44.605518627137734],[-0.290883199806186,44.60549416001839],[-0.290813512896669,44.60544767011105],[-0.290805737628866,44.60543762991308],[-0.290799787674476,44.60541996662739],[-0.290793039680366,44.60538863135165],[-0.290788640245402,44.605319742971936],[-0.29078977281563,44.60530673429954],[-0.290793733197141,44.605296795016635],[-0.290806323422697,44.60528560751006],[-0.291145855513164,44.60511925247887],[-0.291190299477389,44.60509630345164],[-0.291216266969438,44.6050809329819],[-0.291322428652326,44.60500685834064],[-0.291345662399156,44.60498355005926],[-0.291355991016819,44.604966032506866],[-0.291377213898424,44.604914761876095],[-0.291432362465155,44.604757599674336],[-0.291500346331644,44.604574015024816],[-0.291507369140113,44.60454524289197],[-0.291509030393211,44.60451536906403],[-0.291506562262947,44.604473093863305],[-0.291502888609617,44.60444905553273],[-0.291332982486498,44.60394323013165],[-0.291579920317105,44.60398624018953],[-0.291742716157638,44.60400733899542],[-0.291958920668587,44.60400999654661],[-0.291980979891437,44.60400546469532],[-0.292006684936804,44.60399857159556],[-0.292018467124543,44.603992994451986],[-0.292032447308681,44.60398618045459],[-0.292077723335958,44.60395158286701],[-0.292101413280515,44.603936099841924],[-0.292119259401684,44.60392421491407],[-0.292150320190402,44.60391184604486],[-0.292182697934515,44.60390259154727],[-0.29222455523672,44.6038936852416],[-0.292264361605802,44.603888534298285],[-0.292429285176384,44.60388127610505],[-0.292442468325025,44.60388025244855],[-0.292557801281908,44.60387257994897],[-0.292559689841223,44.6038725236574],[-0.292612925692768,44.60386408897913],[-0.292661665759493,44.60385641900943],[-0.292662080243081,44.60385703738088],[-0.292727134259555,44.60403152139648],[-0.292935843883255,44.603990069399096],[-0.292951432102343,44.6040172665678],[-0.293132762894075,44.60397996419485],[-0.293394922654742,44.60392727675526],[-0.293424922694214,44.60401981994608],[-0.294118988423595,44.60387964695396],[-0.294124084658879,44.60390211103697],[-0.2941414787916,44.60398610970666],[-0.294190377876695,44.604143053998044],[-0.294265433382229,44.6043914845821],[-0.294451172066312,44.604882868113336],[-0.294626340168265,44.60530338471731],[-0.294682479305195,44.60544173182131],[-0.294707897044325,44.60548818817415],[-0.294773159709984,44.60558193202168],[-0.294949980637142,44.605791105370585],[-0.295182987674099,44.60606816275529],[-0.295270513011335,44.606173766742494],[-0.295532240045563,44.60648249434288],[-0.295784289176628,44.6067809680137],[-0.295844914544113,44.60685358518086],[-0.295913634561471,44.6069222665501],[-0.295966931628617,44.60696014195084],[-0.29614933378973,44.6070639958403],[-0.296266817871493,44.607125365245025],[-0.295708245632819,44.60746081879419],[-0.295787836423825,44.60752773429957],[-0.295732743925794,44.60756271640201],[-0.295792035290077,44.60761897450918],[-0.295756363283705,44.607643105371366],[-0.295830476765118,44.60770694052304],[-0.295869147059746,44.60774056697157],[-0.295903457202381,44.60777080943591],[-0.295993773461573,44.60784641523169],[-0.296016749663408,44.60782518599663],[-0.296029590041899,44.6078053404183],[-0.296220212097629,44.60799148437685],[-0.296417110221393,44.60789018901383],[-0.296634589324731,44.60814085636789],[-0.296805471571144,44.6080476350789],[-0.29690116828815,44.607995221914955],[-0.296858778959202,44.60793683806161],[-0.296967251149008,44.60788935971114],[-0.297059130025634,44.60784931449933],[-0.297148829145318,44.60795962790093],[-0.297447824901633,44.60833589875546],[-0.297813284993373,44.60879389168536],[-0.298083222635963,44.60913255414586],[-0.298247704245399,44.60933091866572],[-0.298266007464017,44.609320370648625],[-0.298468532442974,44.609573914220064],[-0.298591308443417,44.609725588091955],[-0.298768426982919,44.609978177846834],[-0.298905766671142,44.610171765579544],[-0.298913004338462,44.61018551561705],[-0.298923907437476,44.610216636428206],[-0.298931865009541,44.61023622174525],[-0.298941500804531,44.610252152777626],[-0.298972490511411,44.61029673004083],[-0.299131360717939,44.61052841947263],[-0.299179248225342,44.61059015251711],[-0.299333100136656,44.61080072698091],[-0.299387216470407,44.610865427585935],[-0.299441742273612,44.61093065656678],[-0.299647587333507,44.61117608002867],[-0.299685163235247,44.61122325366406],[-0.299698441440923,44.61124322065829],[-0.299801497984051,44.61142638825296],[-0.299791727584243,44.611446953557085],[-0.299762216212185,44.61147937152869],[-0.299565955293965,44.61152055417082],[-0.29915908815834,44.61160352698122],[-0.299021664523143,44.61206166640766],[-0.299113898440039,44.61206639083634],[-0.299233693455807,44.61207002182537],[-0.299317305958921,44.61206968738846],[-0.299355270739925,44.61206530985905],[-0.299434567291688,44.61204942606678],[-0.29947250046148,44.61204450881439],[-0.299604556390658,44.6120183992051],[-0.29960117228053,44.61204463054084],[-0.29956415230389,44.61225910331724],[-0.299539910468831,44.61240741827389],[-0.299537945265446,44.6124191004297],[-0.299528772080867,44.61248866465409],[-0.299521986633771,44.61253437001316],[-0.299519127639238,44.61256310858952],[-0.29976799430265,44.612586581660196],[-0.299895935573687,44.61260006035079],[-0.299896097573442,44.61262222119373],[-0.299880263840716,44.61285597441741],[-0.300102886732104,44.61287716708399],[-0.300023793095227,44.61326499631492],[-0.299997503836973,44.6134041819571],[-0.299992492883426,44.613428479616935],[-0.300409351010033,44.61346423355492],[-0.300393402993844,44.613573195726985],[-0.300376277721437,44.61364912473124],[-0.300369463690529,44.61368140546921],[-0.300260899300688,44.613998932836495],[-0.300090360616958,44.61448608577972],[-0.299884519632606,44.615087824501444]]],[[[-0.300480708083708,44.63218578614306],[-0.300440109788818,44.632113112362454],[-0.30016428988374,44.63219325281191],[-0.300063779189306,44.6322222944766],[-0.299796193027024,44.63230083654398],[-0.299584731739968,44.63236166361618],[-0.299509570147438,44.632384001012454],[-0.299374046866139,44.632422827513366],[-0.299276479576146,44.63245042899345],[-0.298961599832112,44.63249713204796],[-0.29869136879829,44.63253700514658],[-0.298548367198044,44.632558032810806],[-0.29850642088535,44.632449356597434],[-0.29847141213065,44.63236218863379],[-0.298428835492731,44.632249206179544],[-0.298140705207532,44.63230664200267],[-0.297799995571055,44.63237772007542],[-0.297727739564422,44.63239149966911],[-0.297722566720015,44.63237426375709],[-0.297284822632956,44.63243679221751],[-0.296866869609535,44.63249467381225],[-0.296475531118723,44.632548065664686],[-0.296112518873476,44.63260034099905],[-0.296130443869886,44.632680270098504],[-0.296150054849427,44.6327307747098],[-0.296228274440462,44.632903065202065],[-0.296274635820316,44.63300962818873],[-0.295905299449974,44.63305091836527],[-0.295800892862961,44.63305871737018],[-0.295418550006303,44.633104178172],[-0.295370062995397,44.63311012916409],[-0.295470532002276,44.63337807890545],[-0.295531405061205,44.633564492974145],[-0.295301222189264,44.63362253596632],[-0.295178635879307,44.63365610577336],[-0.295099418990187,44.63368036308637],[-0.295045227540866,44.63369882836715],[-0.29498598723981,44.63372158896858],[-0.29490503917417,44.63375508844964],[-0.294855677056853,44.63377845553429],[-0.294796096257795,44.633808344467845],[-0.294697356768721,44.63386129620495],[-0.294380111471293,44.634029607899606],[-0.294185540507948,44.633757884399124],[-0.294043587841954,44.63356379454337],[-0.293948751290337,44.6334438982768],[-0.293853668026936,44.63331977437188],[-0.293733922044381,44.633363079343574],[-0.293732195012853,44.63330762623602],[-0.293582132699041,44.63302655612499],[-0.29343434517122,44.632751995747995],[-0.293111362761198,44.63282856788516],[-0.292801443257023,44.63290195661411],[-0.292826978544291,44.632969675446475],[-0.292748222064328,44.63291111106454],[-0.292664353248794,44.632849274961586],[-0.292559819688116,44.632777151765964],[-0.292442583800403,44.63269495474224],[-0.29229689364755,44.63259225042315],[-0.292201930416625,44.63253488931949],[-0.292119397059273,44.632489412125324],[-0.29204794959062,44.6324522547102],[-0.291994443199083,44.632430601486874],[-0.291964199560362,44.63241834705393],[-0.291896311897961,44.63239676173318],[-0.291820268055744,44.63237812244748],[-0.29171826415544,44.63235575108087],[-0.291496641906605,44.63230756806712],[-0.291357761070854,44.632282510253944],[-0.291248955636495,44.63226682855935],[-0.29109925276601,44.63225092296641],[-0.290984931271462,44.6322380183126],[-0.290797863516475,44.63222403589264],[-0.290728560056406,44.632217088986984],[-0.290651372913412,44.63220479028492],[-0.290584347137736,44.63219146814782],[-0.290502561945862,44.63217173745712],[-0.290451854040741,44.632152613229316],[-0.290397130807436,44.63212955381719],[-0.290349928883265,44.632105639722795],[-0.290300532636013,44.632070077336934],[-0.290267911385825,44.63204302598109],[-0.290237216200057,44.63201006047561],[-0.29020986415431,44.63196951675195],[-0.290185362041223,44.631925914726814],[-0.290165720148209,44.631881266961074],[-0.290168522774238,44.63187739913186],[-0.290130578703789,44.63182401545081],[-0.290066500172402,44.63171851837483],[-0.29001856751935,44.63164317618578],[-0.289978855041019,44.63159191751631],[-0.289937767579205,44.63154304248636],[-0.289898333758427,44.63150303857217],[-0.289864799697646,44.631473311154146],[-0.289828295194377,44.631451060726036],[-0.289762104530363,44.6314196022477],[-0.28971581171642,44.631404761415276],[-0.289651170012993,44.63139335008625],[-0.289589409898209,44.63138590765386],[-0.289490426897261,44.63137632935429],[-0.28945053771837,44.63137391245066],[-0.289405074601154,44.63137328331674],[-0.28934186083968,44.631373362691896],[-0.28927164554932,44.6313767139698],[-0.289206495164068,44.631382527493024],[-0.289164732370145,44.6313869240901],[-0.288928373983481,44.63142342243728],[-0.288686514752594,44.63145647977996],[-0.288466169161,44.631488445920844],[-0.28824622221212,44.63152076017275],[-0.28809983395751,44.63154214535516],[-0.288043595329892,44.63155796495491],[-0.287996672899202,44.63157774227101],[-0.287939090494473,44.63160946018585],[-0.287819280450532,44.63167762944277],[-0.287719178675037,44.631739715901894],[-0.287640401883845,44.63179098609238],[-0.287598302469258,44.631822063027734],[-0.287553232207147,44.631860616887245],[-0.287520296761686,44.6318930430724],[-0.287472628143165,44.63194546017507],[-0.287409664609493,44.63202121874987],[-0.287288702238889,44.632173489157275],[-0.287216437319587,44.6322650222472],[-0.287212185824063,44.63227001434389],[-0.287140057322114,44.63235091099328],[-0.28709649984579,44.632292106817935],[-0.287069611774229,44.632252990248126],[-0.287000164316027,44.632126746980646],[-0.286902611105531,44.63198593171476],[-0.286865163224271,44.631941002062646],[-0.286809293182025,44.63187877959653],[-0.286751722628752,44.63181985143992],[-0.286647346146379,44.63172429114034],[-0.28658389740485,44.63166842106107],[-0.286550611743238,44.63163643268747],[-0.286810376852573,44.631566355252126],[-0.287202311737736,44.63145828654921],[-0.287476897249138,44.631382720837074],[-0.287440273932733,44.63129352556975],[-0.287380825651943,44.6311440085256],[-0.287504885831491,44.63112274783903],[-0.287573043584512,44.631110088019376],[-0.287618181183966,44.63109865358485],[-0.287745752590992,44.631059717800134],[-0.287925683270538,44.63100985328971],[-0.288019023288804,44.630987613758684],[-0.28805788869709,44.6309789787764],[-0.288114168461245,44.63113904188645],[-0.288216982244596,44.63112345837072],[-0.288217984718084,44.63112766345508],[-0.288261726132122,44.631157177736064],[-0.288266092943707,44.631173627034926],[-0.288295768240186,44.63116968053031],[-0.288391916425295,44.63116961294469],[-0.288400329947754,44.63119702468444],[-0.288525224386678,44.63117708958912],[-0.288529774956516,44.63119019954527],[-0.288643211736453,44.63116853284483],[-0.288665958902493,44.63116262989214],[-0.288695025242071,44.63114824927639],[-0.288710985968364,44.63113633104992],[-0.288723708301863,44.631120814903305],[-0.288734451913374,44.63110382586097],[-0.28873686083237,44.631086724423014],[-0.288735931627736,44.631064316049894],[-0.288766887111635,44.63102392909622],[-0.289131329377943,44.631002721311766],[-0.288961338792241,44.63053536238971],[-0.288857796676434,44.63054493130496],[-0.288898008954109,44.630410199735685],[-0.288924554689983,44.630326693807476],[-0.288955446203636,44.63025278982715],[-0.288981698246239,44.630196684392764],[-0.289028870028228,44.6301033739346],[-0.289074761196854,44.63002055368945],[-0.289181280706479,44.62985447452242],[-0.289211773203999,44.62980617201815],[-0.289232997122148,44.629767696443295],[-0.289238691423525,44.629755002438436],[-0.289245713512671,44.629739115256776],[-0.28925922741877,44.62969825612102],[-0.289270620997065,44.62965998301783],[-0.2892813899188,44.62961749359459],[-0.289291969317013,44.62954581595706],[-0.289307244650973,44.62940542903693],[-0.289322326169036,44.62928766411341],[-0.28933365544634,44.62918992396389],[-0.289345878401213,44.62916586267754],[-0.289363050693883,44.62914877232845],[-0.289383498041574,44.62913590951016],[-0.289421789681074,44.62911746970035],[-0.289563063471005,44.62905397582198],[-0.289738482370986,44.62897883299589],[-0.289825708840103,44.628942717523785],[-0.290024403095633,44.6288577807869],[-0.290127636668693,44.62882353123939],[-0.290267167290858,44.6287820738201],[-0.290362575656285,44.62875643674501],[-0.290438318739083,44.62873760232375],[-0.290486162033258,44.62872716734854],[-0.290547645706824,44.62871695693461],[-0.290610441844766,44.62871625848509],[-0.290681194441914,44.62871568350055],[-0.290736673445908,44.62869339756397],[-0.290745941827222,44.628690058022386],[-0.290811618542513,44.62867386580688],[-0.290922015539591,44.62864561939613],[-0.291026009512647,44.62861792397226],[-0.291218378099184,44.62856083548625],[-0.291381823121627,44.62850758154641],[-0.291524736787915,44.62845926389473],[-0.291722047433895,44.62838959287779],[-0.291822056456127,44.628352013772506],[-0.291898595442465,44.62832090039395],[-0.291962391661589,44.628291968641655],[-0.292047358458276,44.62824961134492],[-0.292140039356665,44.62819675225327],[-0.292230709850721,44.62814188056671],[-0.292294971960646,44.62810149145224],[-0.292358399407265,44.62805977559616],[-0.292401878765236,44.62802649310996],[-0.292428385782535,44.628000744420916],[-0.29245698659924,44.62797195989272],[-0.292480328693597,44.62794387265981],[-0.292515824270488,44.627897041988525],[-0.292645997375701,44.62770844915484],[-0.292679578064603,44.62767420001821],[-0.292712151748658,44.627648630915175],[-0.292746961618881,44.62762894207507],[-0.292789066632114,44.62761101815527],[-0.292837679510253,44.62759434197825],[-0.292889137170102,44.62758100498658],[-0.292915661150032,44.6275749885724],[-0.293006338462704,44.62755913129719],[-0.293265329195181,44.62752158884902],[-0.293567432922324,44.627476904071976],[-0.293693582327596,44.627459178081246],[-0.293806254523459,44.62744401615454],[-0.294020557074725,44.62741906694375],[-0.294235809714052,44.62739742286239],[-0.294413485619762,44.62738050276039],[-0.294420944525886,44.62739154348272],[-0.294427526759692,44.627400537932395],[-0.294437918518389,44.62740347190678],[-0.294454114308117,44.62740208803844],[-0.29448701974491,44.62739516016111],[-0.294513008576148,44.62739294370609],[-0.294541044499701,44.627393369356035],[-0.294575682981417,44.62739666171732],[-0.294635272081307,44.62740587795643],[-0.294778036746112,44.62743279779952],[-0.294972387144846,44.627468000789754],[-0.295086704348079,44.62747450373106],[-0.295088034131302,44.62749077302971],[-0.295087531625754,44.62750160057618],[-0.295115593727518,44.62758663361067],[-0.295144138171847,44.62766696681654],[-0.295197511699315,44.62782882526276],[-0.295247178005221,44.62797259309359],[-0.295280370206035,44.62807414251763],[-0.295341997097885,44.62825413620316],[-0.295351164053862,44.628281434899144],[-0.295389491568967,44.62839959066356],[-0.295425613441908,44.628505918370664],[-0.295499119148112,44.6287336737415],[-0.295454618983777,44.62873653252658],[-0.295378985555782,44.62873779673777],[-0.295310694035782,44.62873514767661],[-0.295313676268455,44.62878614814209],[-0.295319559397481,44.62886733730399],[-0.295322712757105,44.62890184349969],[-0.295338738826229,44.629007599128286],[-0.295347358562649,44.629064378409886],[-0.295360726885089,44.62911173530429],[-0.295428531668085,44.62932614507026],[-0.295469238646821,44.62945260967126],[-0.295503955012361,44.62956078142839],[-0.295786801991301,44.62952324271096],[-0.29604560614278,44.62948885316847],[-0.296295015529581,44.62945564427988],[-0.296350303579558,44.629611318198194],[-0.296364280382341,44.62964964637791],[-0.296706720361383,44.629595460458965],[-0.296719830514458,44.629593087063874],[-0.296727738416462,44.62961826072888],[-0.296764567726558,44.62973015354463],[-0.296766846541687,44.62973675332343],[-0.296792404229386,44.629791855908344],[-0.296785954544332,44.62983043298046],[-0.29678123739999,44.629872742772314],[-0.296788248186454,44.62993434556271],[-0.296795406646336,44.629966119240315],[-0.296799566358232,44.629985457799656],[-0.296820192603326,44.630053322181126],[-0.296866993516387,44.63019330056031],[-0.29688683210067,44.6301894649575],[-0.297139558813777,44.630141738488],[-0.297357499537369,44.630101176460826],[-0.297584781836202,44.63005853315804],[-0.297632218280335,44.63018993234081],[-0.297950768113127,44.63012852624224],[-0.298236331753911,44.63007269902031],[-0.298212619841908,44.63001682079182],[-0.298343653228725,44.62999191566024],[-0.298788128051872,44.6299089079421],[-0.29881632368123,44.6299702387297],[-0.298839806941802,44.63003513416624],[-0.298911996583462,44.63021427047474],[-0.29891736318593,44.630228346863824],[-0.299008981770925,44.630454839022036],[-0.299886339283454,44.63025239983038],[-0.300134999054204,44.63019343464916],[-0.300284926187924,44.630387729188854],[-0.300416920769809,44.63056021305666],[-0.300558508499785,44.630747818268006],[-0.30062082102205,44.630829304465394],[-0.300631415362365,44.63084214339798],[-0.300675000203542,44.63089472452855],[-0.300725877146194,44.63095546762792],[-0.300783636732226,44.631023844286794],[-0.300843333339474,44.63109297401317],[-0.300914752970633,44.63117481880767],[-0.300975033280474,44.63124744514151],[-0.301003594894704,44.63128912164932],[-0.301051021765518,44.6313620417645],[-0.301102911212806,44.63144005466576],[-0.301208792287704,44.63160610939604],[-0.301279484403524,44.631714286437266],[-0.30134001269538,44.63181051275808],[-0.301410315361994,44.6319120335919],[-0.301221598180817,44.631966868256534],[-0.301089856067266,44.63200558397346],[-0.300860967963021,44.632072610702956],[-0.300792519880111,44.632093216693974],[-0.300480708083708,44.63218578614306]]],[[[-0.299747137963925,44.62558011037165],[-0.299802290737435,44.62568812107153],[-0.299822887343101,44.62572958500244],[-0.299844591217217,44.6257705653423],[-0.300040074978883,44.626141906771345],[-0.299856356713185,44.626275341899245],[-0.299681399478303,44.62639680146964],[-0.299637903292414,44.626423239495026],[-0.299596326660854,44.62644367326548],[-0.299545586524423,44.626462758738484],[-0.299509151143985,44.626474028479045],[-0.299464455446903,44.62648644588856],[-0.299391189660972,44.62650223923162],[-0.29929190400005,44.626519710423956],[-0.299172183378922,44.62654373852981],[-0.299013403131731,44.626579474838756],[-0.298797547974613,44.626636016920195],[-0.298740304745686,44.62665394456532],[-0.298676512652311,44.62667639269745],[-0.298589300622771,44.626712605067006],[-0.298493168339079,44.62675809410495],[-0.29841936556895,44.62679705975564],[-0.298355132178358,44.62670202417832],[-0.298293983917764,44.6266014902035],[-0.298245422297697,44.62650905039147],[-0.298209249503479,44.6264342617687],[-0.29818114875841,44.62636157494637],[-0.298150647031822,44.62627373206961],[-0.298126075357446,44.62618372989947],[-0.298112396680167,44.62611169389539],[-0.298093745262124,44.62599349244688],[-0.298090481679353,44.625937724884785],[-0.298091669743509,44.62591921794659],[-0.298102425608474,44.625844290176],[-0.298111649396937,44.62580139532717],[-0.298148524271556,44.625694151341015],[-0.298191766473109,44.62556635362231],[-0.298203471955081,44.62552059144934],[-0.298214355083229,44.625454309932316],[-0.298221415219709,44.62537444659466],[-0.298225361210416,44.625312516949535],[-0.298227101433272,44.62527110692228],[-0.298228442743821,44.625229348382845],[-0.298681418143451,44.625143473376276],[-0.29897868504523,44.62508756452847],[-0.298966078085323,44.62505325054868],[-0.298954537487906,44.625024220916195],[-0.29893359831252,44.62497042273272],[-0.298872670280258,44.624808971765376],[-0.298819878729065,44.62465718941489],[-0.298794336353084,44.62457000966485],[-0.298768488698628,44.62447761295132],[-0.298665609306584,44.62428488645314],[-0.29864100396804,44.62423957742783],[-0.29883750414467,44.624143516626184],[-0.299169328234375,44.62397971123035],[-0.299364063759094,44.62388586464893],[-0.299532279751095,44.62381101073653],[-0.299670496901101,44.62375390194399],[-0.299838824827777,44.62392016461862],[-0.300089295726223,44.624170564682046],[-0.300064077555189,44.624185914783446],[-0.300075751391749,44.62419782040868],[-0.3000728760912,44.624200429212074],[-0.30013276062946,44.624253514626524],[-0.300156333469147,44.62427470609937],[-0.300413419684878,44.624185573174124],[-0.300478799813701,44.624242008360156],[-0.300591470204234,44.624375602441305],[-0.300638525821123,44.624435828652764],[-0.300654946151746,44.62445768419244],[-0.300723296495308,44.624558362128035],[-0.300746331415637,44.62458975140483],[-0.300849617195262,44.62471173175612],[-0.300956809834444,44.62484224539331],[-0.301073278358263,44.624982483493994],[-0.301156513843367,44.6250852394989],[-0.301219804732429,44.625177057854785],[-0.300690950461573,44.62527926620121],[-0.300721738143996,44.62533961791372],[-0.300437825783957,44.6254102702263],[-0.299963949242543,44.625527051847754],[-0.299747137963925,44.62558011037165]]],[[[-0.299544974913167,44.62686608642416],[-0.299584056789095,44.6269646656186],[-0.299094016970931,44.627109497835896],[-0.299069120980768,44.62700752152523],[-0.299043904033765,44.62700998633261],[-0.299009821968757,44.62681574656406],[-0.298987787787046,44.626665658935686],[-0.299157897656343,44.626623006774274],[-0.299255419333061,44.62660126333968],[-0.299347840430639,44.62658291587713],[-0.299469639951755,44.62656206928548],[-0.299499143520408,44.62655524145708],[-0.299529743805661,44.62654775014074],[-0.299555746540408,44.62653931483234],[-0.299600620002025,44.62652346809329],[-0.299642344149114,44.6265055528541],[-0.299679927587824,44.626488031552505],[-0.29972254827679,44.626466034792045],[-0.299758304224902,44.62644316173842],[-0.299790680457348,44.62642075001213],[-0.300396990601916,44.626257754939815],[-0.300812966526447,44.62614756675193],[-0.30085039733986,44.626224389448126],[-0.300939099939007,44.626407536214536],[-0.300208685361818,44.626610192473805],[-0.30022588572074,44.626645360341065],[-0.300005915808539,44.626696260982236],[-0.299520690339235,44.62680689176542],[-0.299544974913167,44.62686608642416]]],[[[-0.298321812870631,44.61700046004198],[-0.298304631201668,44.6170172818591],[-0.298044244292469,44.61690719795637],[-0.297622358593196,44.61672768760318],[-0.297429499950153,44.61664622238454],[-0.297388842140412,44.6166951911182],[-0.297358451078745,44.61673204976166],[-0.29734003162839,44.61675359379054],[-0.297504097884206,44.61682807939509],[-0.297581851736778,44.616863332374315],[-0.297503429956811,44.61694604603354],[-0.297415719769691,44.61702525244875],[-0.297358856297296,44.61709479809651],[-0.297292688707617,44.6171605666731],[-0.297247218053703,44.61714020846058],[-0.297090817705175,44.61706738588448],[-0.297088288860949,44.617069443644624],[-0.297061375498886,44.61710106247049],[-0.297001977399824,44.61717257574888],[-0.29699497909374,44.61718233564672],[-0.296976887573794,44.61722243133559],[-0.296949134066115,44.61728498101818],[-0.296926117290351,44.617337928388785],[-0.29688265882918,44.61743608740146],[-0.296686814819331,44.61740066315439],[-0.296645408555511,44.61754038907095],[-0.296627446806847,44.617608593403745],[-0.296611001065893,44.617709190093464],[-0.296611779047504,44.61792956230403],[-0.296660383210703,44.61802290199841],[-0.296286676513248,44.61785834784839],[-0.295482189330327,44.61776989506175],[-0.295434705835684,44.61780573115922],[-0.295476590156233,44.61784890338605],[-0.295529294156555,44.61788941017548],[-0.295600296775729,44.617938651904],[-0.295649626136443,44.617973222303846],[-0.295671116304897,44.61799123291496],[-0.295713336675786,44.61803367420607],[-0.295752844962597,44.61808151253953],[-0.295884795997956,44.61824751349821],[-0.295955973041956,44.61833855827162],[-0.295966869038998,44.618356614544425],[-0.29596089863692,44.61836454162095],[-0.295858659036731,44.6184412967835],[-0.295736040226416,44.61853199516762],[-0.295625956268734,44.61861700337352],[-0.295520058608108,44.61869593971259],[-0.295385869368565,44.61879590311632],[-0.295350279518461,44.618821563062035],[-0.295316551581685,44.618840229427406],[-0.295286558854724,44.6188515760328],[-0.295254403607061,44.61885830169464],[-0.295232653545978,44.618861743587416],[-0.295207817885314,44.618864196244594],[-0.295166253334604,44.618865345706865],[-0.295127910300732,44.618863335531664],[-0.295099584142353,44.61885787296783],[-0.295067458049269,44.61884567578372],[-0.295044835100717,44.618834186342156],[-0.295028629698536,44.618822415412666],[-0.29501191503513,44.61880840705823],[-0.295003927630527,44.61880125669201],[-0.294985128588709,44.61877748911484],[-0.294971271876666,44.618747627262074],[-0.294941992346399,44.61866758666702],[-0.294865833357068,44.618458923420434],[-0.294820413444025,44.618335843711655],[-0.294794117774455,44.618280943344395],[-0.294757242036176,44.61821338343601],[-0.294687313190309,44.618098332983],[-0.294654186443339,44.61804958317397],[-0.294539513388735,44.617881263612794],[-0.294375760717319,44.6176437655482],[-0.294238008344692,44.617443155708855],[-0.29414266093301,44.61730111073373],[-0.29412124832305,44.617264986578846],[-0.294096591196565,44.61721219975532],[-0.294078005884093,44.6171661699364],[-0.294060489575689,44.617106051978084],[-0.294044257127593,44.61702904624409],[-0.294035035370034,44.616955435671024],[-0.294020368570331,44.61679512692114],[-0.2939963730826,44.61653994620408],[-0.293986856443025,44.61645481109255],[-0.293963184016265,44.61638000947693],[-0.293931052989009,44.616302937114945],[-0.293882548783421,44.61620472785371],[-0.293850908738938,44.616155483050925],[-0.293815826559005,44.61610562002375],[-0.293775964530223,44.61605815208785],[-0.29375166757742,44.61603094410028],[-0.293643882043989,44.61593504261785],[-0.293452450480808,44.61576126149331],[-0.293375222098898,44.615689587989074],[-0.293320378728789,44.61562535657793],[-0.293217687014174,44.61550001904712],[-0.293206698433627,44.61548683095159],[-0.293204121071907,44.61547510412613],[-0.293209262405747,44.61546594046303],[-0.293218501614345,44.61545566351001],[-0.293298790295931,44.61543074430133],[-0.293416054323224,44.61539742442251],[-0.293598112662921,44.61534604425889],[-0.293724988596271,44.61530883334244],[-0.293760746438309,44.61529902724223],[-0.293800009480598,44.61529091871729],[-0.293868005425236,44.61528231399643],[-0.293922259723986,44.615278173604175],[-0.294075997715314,44.61526674217319],[-0.294249889117458,44.615250474734665],[-0.294329192289978,44.61524108206797],[-0.2943971880938,44.615232477021806],[-0.294516504420729,44.61521486299301],[-0.294736004897458,44.615169572775166],[-0.294856799821614,44.61514488614861],[-0.294882631131471,44.61536667331545],[-0.294920112886835,44.61569065171884],[-0.294926715023791,44.61574532833075],[-0.294928580010696,44.615764284714466],[-0.294933306657834,44.615799825048484],[-0.294669886168698,44.6158512909154],[-0.294781978061023,44.61632514057395],[-0.295231159812107,44.61626615213121],[-0.295314807655769,44.6162468979488],[-0.295355668873823,44.61605249561574],[-0.295389870420032,44.615893072165036],[-0.295439315394081,44.615657776755675],[-0.295451810941184,44.61559315969484],[-0.295453943710257,44.61557138094721],[-0.295454048807648,44.61545018754536],[-0.295451465396816,44.6153542134338],[-0.295454226109611,44.615278443494255],[-0.295456138254332,44.61521405200587],[-0.295464209838233,44.61514497158699],[-0.295480710066444,44.61509059707484],[-0.295494023891282,44.61506587180448],[-0.295513881859169,44.615049511242376],[-0.295541804790618,44.61503516272285],[-0.295619331650899,44.61500834186967],[-0.295674029990628,44.61499238370062],[-0.295744783753051,44.614972702821355],[-0.29580136656504,44.61496308577829],[-0.295849901040605,44.61495821400803],[-0.295894558611811,44.614958233396],[-0.295944931189744,44.61496538072606],[-0.296111121075918,44.615005114628026],[-0.296454636197062,44.615087313017014],[-0.29647868395868,44.615090830425416],[-0.296592594167229,44.615103740585525],[-0.29681521943461,44.61512484994435],[-0.296911714786186,44.61513764869679],[-0.296972162631767,44.615148819927704],[-0.297041940436705,44.61516421792512],[-0.297084370324218,44.615177909071946],[-0.297138900959115,44.615197906812384],[-0.297399761232226,44.61530978044552],[-0.29758217293243,44.61538741253588],[-0.297387209238587,44.61565804806119],[-0.297214811282687,44.615893950340144],[-0.297146703244053,44.61599122317371],[-0.297317051648145,44.61605669125755],[-0.297427789109699,44.6160994297643],[-0.297586504286721,44.61587546886667],[-0.297797829113088,44.61594917418736],[-0.297981342979231,44.616013257155416],[-0.298014150360712,44.615965964191766],[-0.298033875605524,44.61597321448044],[-0.298191920762665,44.61574431689898],[-0.298176403899994,44.615737842059204],[-0.298255038282469,44.61562646832812],[-0.298561728773756,44.61572597848307],[-0.298834332516451,44.615812088853694],[-0.299130141541755,44.615906696330335],[-0.299238444862673,44.615946622392826],[-0.299323492451901,44.61598363863205],[-0.299122830520857,44.616195609396684],[-0.298875612191603,44.61645276061069],[-0.298873817972978,44.616454436062014],[-0.298629412058112,44.61669501359284],[-0.298549632317484,44.61677389409079],[-0.298321812870631,44.61700046004198]]],[[[-0.298648296298205,44.622301207349004],[-0.298625775056775,44.62222682246071],[-0.298626278834887,44.62222680742188],[-0.298648296298205,44.622301207349004]]],[[[-0.298567395411076,44.622376156659755],[-0.298526669028778,44.622383048990486],[-0.298518414572512,44.62238428654644],[-0.298518409308323,44.62238419659891],[-0.298527036335023,44.62238285781662],[-0.298567395411076,44.622376156659755]]],[[[-0.298549671815599,44.62253680175145],[-0.298534140362887,44.6224611269281],[-0.298549923706049,44.62253679423221],[-0.298464503222676,44.622549616041525],[-0.298549671815599,44.62253680175145]]],[[[-0.29837489184213,44.622952175528745],[-0.298289632181882,44.622782350192665],[-0.298259295150607,44.622725318404285],[-0.299403660219349,44.62254500498171],[-0.29942496753843,44.622605099350224],[-0.299460125711036,44.622701362660656],[-0.299527692234305,44.62289216928432],[-0.299250272053078,44.62293775604158],[-0.298970217083181,44.62298360096085],[-0.298676627894221,44.62303102054556],[-0.298444110136399,44.62306778610994],[-0.298414924062632,44.623021802869836],[-0.29837489184213,44.622952175528745]]],[[[-0.298217849692799,44.62264447012557],[-0.298225120760053,44.6226609224614],[-0.298238181603144,44.622685761925794],[-0.298225005342022,44.62266110611577],[-0.298217849692799,44.62264447012557]]],[[[-0.297455148178678,44.62291348873006],[-0.297448737578389,44.6229268353076],[-0.297447847203117,44.62293749422541],[-0.297479507846626,44.62297403296665],[-0.297380411990308,44.62299465058475],[-0.297140634512221,44.62305613847984],[-0.296817446310385,44.623141108829834],[-0.29651770860663,44.623219341615744],[-0.29612924849818,44.62332085404922],[-0.295941824331906,44.62337149684424],[-0.295659732325973,44.62344730872005],[-0.295585913603367,44.623466540073885],[-0.295570175708018,44.62346926205289],[-0.29555664701116,44.62347092699295],[-0.295541480714303,44.62347047826059],[-0.29552685972201,44.62346640908047],[-0.295509902462685,44.623454750685006],[-0.295499514956024,44.62343893175563],[-0.2954878931606,44.62341495012008],[-0.295434570045157,44.623292736695404],[-0.29541201915001,44.62324367150355],[-0.295357253873632,44.623167995017454],[-0.295321668017598,44.62312256230509],[-0.295234080274947,44.62302281552411],[-0.295120333833383,44.622889969437665],[-0.295067460062971,44.62282721148752],[-0.295030405372669,44.62278254333703],[-0.295007207662258,44.62276124956922],[-0.294989983315084,44.622751491266015],[-0.29495740882879,44.62273813597778],[-0.294932318266477,44.62272978358418],[-0.294903885015828,44.6227225220076],[-0.294885129083285,44.62271893646512],[-0.294863796648944,44.622716599103775],[-0.29484789066033,44.62271644265211],[-0.294819904384481,44.62271682661025],[-0.294789079446668,44.62272044885986],[-0.294744931032713,44.62272924390243],[-0.294510010401924,44.62278319265016],[-0.294423765554903,44.62280351455152],[-0.294396309543195,44.62280649562227],[-0.294367388784288,44.62280384377187],[-0.294331267365135,44.62279455864547],[-0.29431197588129,44.62278828583764],[-0.294287068703778,44.62277659396638],[-0.294275527819974,44.62276693643036],[-0.294222508999729,44.622662824477594],[-0.29417843891379,44.62256934837496],[-0.294157160283745,44.6225290752923],[-0.294073133758357,44.6224319246723],[-0.294024062975158,44.62238887589352],[-0.29396819189474,44.622352517332914],[-0.293863136632265,44.622290593549],[-0.293819096215512,44.62227532711894],[-0.293778960329182,44.62226210679202],[-0.293676711126885,44.622235239932216],[-0.293664241327014,44.622222636582805],[-0.293635191622874,44.622185388291015],[-0.293729074389851,44.62203671080976],[-0.293792210962043,44.62189300444403],[-0.293878122911973,44.62170509868343],[-0.293967979479299,44.62150698356671],[-0.294141382633477,44.62110643599627],[-0.294165809725804,44.62105164511792],[-0.294226974998237,44.620945480701266],[-0.294275601003607,44.620864378698485],[-0.294367597437785,44.62072882201494],[-0.294478191825708,44.62055531741114],[-0.294570018289414,44.62041039475418],[-0.29459763096463,44.620364789546585],[-0.294640774933635,44.62026114451329],[-0.294700968011439,44.62011247951903],[-0.294758533320161,44.61997713819526],[-0.294776477088495,44.619953896830324],[-0.294792874276685,44.619943045883595],[-0.294814225930397,44.61993925555147],[-0.295108048136046,44.619928421345406],[-0.295320392845199,44.61992226892824],[-0.295384370436092,44.6199225233901],[-0.295648772493661,44.619932838663935],[-0.295703262552247,44.619932655083815],[-0.295747346381133,44.6199292677923],[-0.295782834174321,44.61992127124117],[-0.295814883896224,44.61990625897627],[-0.29584255143105,44.61988750292223],[-0.295872264948673,44.61986490144515],[-0.295928815754455,44.61981581966397],[-0.29599337427084,44.61976776044844],[-0.29604324258876,44.61974032280263],[-0.296082701203607,44.61972256652342],[-0.296123976149304,44.61970998210617],[-0.296154950985829,44.619702480473215],[-0.296192076092389,44.619696597449995],[-0.296223350748282,44.61969422280832],[-0.296264680100517,44.61969551280309],[-0.296295934642399,44.61969926584516],[-0.296375351761382,44.619711133128654],[-0.296538436784086,44.619736362588554],[-0.2967823979031,44.61977251423406],[-0.296864538870227,44.61978565146962],[-0.296883451793242,44.61979193509785],[-0.296902155266644,44.61980110831676],[-0.296913082415315,44.619813216697],[-0.296917649802228,44.61982659609242],[-0.296926957966867,44.61988867067819],[-0.296929074062168,44.61993131707767],[-0.296922051858623,44.61999243725754],[-0.296912586090644,44.62003119432352],[-0.296895727022997,44.62007296522715],[-0.29686621246281,44.62012484502195],[-0.29684365346866,44.62015975783473],[-0.296818481271907,44.62019528923925],[-0.296800758251389,44.62021582123869],[-0.296780463143712,44.62023120391494],[-0.296769066377444,44.62023695022408],[-0.296753177850261,44.62024355138516],[-0.296855328211777,44.62025582133137],[-0.296956580239529,44.62036272774461],[-0.297068582085142,44.620485171717824],[-0.297101321956023,44.62052077723554],[-0.297034664596763,44.62063647814831],[-0.297017825470856,44.62067212137365],[-0.29701454284312,44.62068717667619],[-0.29701772530948,44.620702759907644],[-0.297022586430687,44.620714688869],[-0.297031808821175,44.620730001774206],[-0.297056533541655,44.620751519847936],[-0.297159684535784,44.6208132270882],[-0.297227600217647,44.620854901205284],[-0.297382492590438,44.62094705139314],[-0.297452513482429,44.620992356848994],[-0.297553247933227,44.621064497895794],[-0.297623281801376,44.62112295813679],[-0.297700245188589,44.62119634910493],[-0.297805647188851,44.621309438347716],[-0.297833654075617,44.621341760969585],[-0.297858151421119,44.62141113122025],[-0.297878596859193,44.62147593696141],[-0.297842843320801,44.62162171205731],[-0.297832365471944,44.62166257184955],[-0.297839798257158,44.62170551012896],[-0.297861315520807,44.62180803773197],[-0.297869738624765,44.62184202609857],[-0.297882295717823,44.621869043132456],[-0.297963494369569,44.6220277267703],[-0.298004593132368,44.62214147364274],[-0.298030335067603,44.62221269894453],[-0.298052305853984,44.62226475440615],[-0.298059647139063,44.62229318857034],[-0.298073328229956,44.62238468697743],[-0.298094849591961,44.62250667706689],[-0.298112393808087,44.62263184942629],[-0.298014057081941,44.622607212436634],[-0.297918630227867,44.622658176426874],[-0.297745916359166,44.62275316535624],[-0.29757502794568,44.62284701827047],[-0.297455148178678,44.62291348873006]]],[[[-0.296663543933959,44.62698731356686],[-0.296588786295017,44.62700350993699],[-0.296463159692316,44.62703014405935],[-0.296142763627386,44.62709853940414],[-0.296119497858646,44.62705670392073],[-0.295809773560439,44.62710693924534],[-0.295698247560595,44.62712873681313],[-0.295639878908953,44.627140389046346],[-0.295617842489851,44.62714546135608],[-0.295646040262477,44.62721985786097],[-0.29566377363233,44.62725771361249],[-0.295709990811545,44.627348962930576],[-0.29556768335454,44.627368704889726],[-0.295433876597812,44.62737846185985],[-0.295296526968329,44.627385891485766],[-0.295064817055319,44.62706779307547],[-0.294595472482866,44.6271524287324],[-0.294569586475742,44.62722762691673],[-0.294544661940326,44.62731279804853],[-0.294496608819236,44.627306661830495],[-0.294441140310158,44.62730317948216],[-0.294396761443938,44.627301619127905],[-0.294354419146486,44.627302520974425],[-0.294303858384137,44.62730528968377],[-0.294197326446574,44.627315403441266],[-0.293929918360671,44.62734490938558],[-0.293740061882815,44.627367147508515],[-0.293665339070359,44.62737748402611],[-0.293372578155574,44.627426576094265],[-0.29312882361141,44.62746573718196],[-0.292975609835166,44.62749318935003],[-0.292838382082013,44.62752214726921],[-0.292647812413479,44.62756458816409],[-0.292500138653411,44.627777580124295],[-0.292437229543096,44.62786703605337],[-0.292401802234143,44.627915036023126],[-0.292376932855337,44.62794289842629],[-0.29233877530332,44.627976562982504],[-0.292302847691799,44.628003042829015],[-0.292208761322907,44.62806423355841],[-0.292069163457887,44.628149846754425],[-0.291970200561642,44.628205325742215],[-0.291885595886533,44.62824740187864],[-0.29183389127568,44.62826948588036],[-0.291674651688447,44.62832991372311],[-0.291461817115513,44.62840599392463],[-0.291288196410504,44.628466489098386],[-0.291163992186672,44.628504608062954],[-0.290923298055528,44.62857683144526],[-0.290820789356869,44.62860403202156],[-0.29078785124959,44.62861041912239],[-0.290663802804309,44.62862528590239],[-0.29047110703254,44.628657334088835],[-0.290320848976352,44.62869010072034],[-0.290252988854692,44.62870779931813],[-0.290138461212896,44.62874310607154],[-0.289939326040375,44.62880751232829],[-0.289796924535623,44.628858155341],[-0.289651022425028,44.628920165427935],[-0.289584253771276,44.62895008532175],[-0.289443667915968,44.62901887492057],[-0.289304057858415,44.629084932154356],[-0.289284644403926,44.629096052200026],[-0.289266280708117,44.629112186847784],[-0.289251869070016,44.62913117731241],[-0.289233206696816,44.629174622499036],[-0.289226332028465,44.62921249078211],[-0.289212955296852,44.6292881261535],[-0.289204858279904,44.629356936652684],[-0.289190910719667,44.62950710541901],[-0.289184581979047,44.62955432832026],[-0.289175114649641,44.62959966233587],[-0.289167300260777,44.629627917407475],[-0.28915181309821,44.62968036863256],[-0.289113763532563,44.6297678211709],[-0.289098296868143,44.62979468210398],[-0.289043861516043,44.629880279570486],[-0.289002237144404,44.62994540244131],[-0.288964858685229,44.6300119307109],[-0.288911189359993,44.630110660565215],[-0.288869538725206,44.63020128373474],[-0.288810190910474,44.630364877552005],[-0.288535979303808,44.63040133027399],[-0.288271172620656,44.63043678163599],[-0.287949996844502,44.63047931568017],[-0.288035105623349,44.6307052884893],[-0.288105855166502,44.63089925088149],[-0.288001063049136,44.630919848908036],[-0.287935771300973,44.63093620812235],[-0.2877111232605,44.63099821548291],[-0.287591813249266,44.631029516908185],[-0.287535748233687,44.631041817019124],[-0.287462803856935,44.63105678170955],[-0.287297222459251,44.631086575864686],[-0.287190813178189,44.63110541911922],[-0.287076267796051,44.63090041453258],[-0.286981719376934,44.630726712080175],[-0.286956653389757,44.630686369980914],[-0.286878653009266,44.63056272387474],[-0.286787641882,44.63044315895846],[-0.286646713862902,44.63048023825774],[-0.286579989353766,44.63049799084739],[-0.286483295963572,44.63051465231223],[-0.286299975708506,44.63054533293044],[-0.286084082863749,44.63058220781642],[-0.285961889830287,44.630388782814684],[-0.285821696667337,44.63016579804703],[-0.285708217266106,44.6299854492162],[-0.285844543999173,44.62989543645385],[-0.285867784752523,44.629878526668456],[-0.285923719165319,44.629831541097964],[-0.285989830711428,44.62977082734709],[-0.286064224633963,44.62969635163136],[-0.286099899487872,44.62965897880418],[-0.286154836912645,44.629594902928964],[-0.2861836520119,44.62955674290172],[-0.286219227266843,44.629511173499694],[-0.286323376553186,44.62934976314247],[-0.286389902747603,44.62925722997148],[-0.286480110020099,44.629142367478636],[-0.286575072199685,44.62901817285557],[-0.286615055655577,44.62896382220197],[-0.286659741826212,44.628899239986836],[-0.286765834835009,44.62877768759606],[-0.28688612445846,44.628639944594894],[-0.287000776665174,44.62850939726841],[-0.287130837726142,44.628357487274016],[-0.287185132501777,44.628288924745064],[-0.287229775510832,44.62822362273027],[-0.287256364009983,44.62817976195526],[-0.287279761460709,44.62813960026891],[-0.287336024421153,44.62803989311544],[-0.287400768316144,44.62794281698433],[-0.287436766666313,44.627898045512715],[-0.287475546498085,44.627855533997376],[-0.287511586630969,44.62781796960399],[-0.287547563674371,44.6277858133354],[-0.287652056849264,44.62770179102865],[-0.287785520048779,44.62759528168637],[-0.287889671378886,44.62751190004097],[-0.287947370414024,44.627462788468726],[-0.287968032687965,44.627440638769166],[-0.287982958666141,44.62741748838104],[-0.287990820548738,44.6273965304653],[-0.288005295277767,44.6273396944729],[-0.288029185348045,44.62724311263559],[-0.288083798408924,44.62702433621713],[-0.288104691436281,44.62697370665141],[-0.288126702266407,44.626935748534024],[-0.288203692705485,44.62680857307195],[-0.288252064776406,44.62672937368838],[-0.288264592071817,44.62672350456326],[-0.28830107185827,44.6267194456247],[-0.288412048915359,44.62671416101293],[-0.288562817230668,44.626696699432266],[-0.288851569152608,44.62666323738836],[-0.28916715439472,44.626629066017706],[-0.28935441763681,44.62660781396644],[-0.289409837758046,44.62660400182048],[-0.289472400550314,44.626599346300715],[-0.2894975967311,44.62659652388416],[-0.289533782332642,44.62658742744486],[-0.289608378522713,44.62656195994412],[-0.289690206571006,44.62653717815093],[-0.289804667005119,44.62650079251497],[-0.289875127459592,44.62647580836645],[-0.290052165112821,44.62640908649052],[-0.290293343779072,44.626319370138226],[-0.290393775208529,44.626282590636905],[-0.290449965902123,44.626266050289935],[-0.29050835572814,44.62625476059253],[-0.290560636986274,44.62624905902438],[-0.290616492306876,44.62624622445112],[-0.290652457483187,44.62624632485121],[-0.290691293533101,44.62625021424123],[-0.290768929179137,44.62626385085528],[-0.290830589601083,44.626276161060574],[-0.290913101072143,44.626295509165764],[-0.291003500761612,44.62632029887375],[-0.291117291918396,44.62635673618086],[-0.291219206629342,44.626390733852205],[-0.291278847356004,44.626413826399755],[-0.291392014849955,44.62645902214571],[-0.291547940061951,44.62652339793787],[-0.291584525720749,44.626540599412024],[-0.291616351523314,44.62656055568406],[-0.291638163750659,44.626577566456206],[-0.291670105572693,44.62660598908127],[-0.291806103810899,44.62674394274536],[-0.291844659085088,44.62678189961306],[-0.291867972421215,44.6267986854214],[-0.291887853031791,44.62680854532954],[-0.291908636067782,44.62681441375336],[-0.291944544244216,44.626820011817664],[-0.291979071884499,44.62682141608357],[-0.292083142129159,44.62681453144265],[-0.292253091853232,44.6268014491281],[-0.292460229463764,44.626783474193836],[-0.292799776354036,44.62675128163141],[-0.293034597048449,44.62672770519256],[-0.293138671679196,44.62671442199408],[-0.293186596854474,44.62670542502575],[-0.293252664190526,44.62668948995614],[-0.293308492355366,44.6266732292585],[-0.293372212992685,44.62664952495239],[-0.293384503795914,44.6266460951027],[-0.293399345629673,44.62664745487205],[-0.293416602430315,44.626657753125436],[-0.293461703518031,44.62675588445003],[-0.293519684455558,44.62675055224655],[-0.293988406928932,44.62665530731699],[-0.294210209030377,44.62660977046496],[-0.294176379560666,44.62651022215895],[-0.294060088418445,44.626275632321494],[-0.294107924875917,44.62622627072278],[-0.294190887666661,44.62613675659793],[-0.294321076362221,44.62598744677523],[-0.294381232348709,44.625915732265916],[-0.294397236287879,44.625891647753285],[-0.294412977315106,44.62586306584594],[-0.29443158273854,44.6258252078727],[-0.294472443732854,44.62572775799137],[-0.294501233278445,44.62566986348181],[-0.294522310788799,44.62563544587159],[-0.294538178605586,44.625615510206856],[-0.294563145795489,44.62558935635174],[-0.294616560426898,44.62554478396325],[-0.294709489137967,44.62547038018068],[-0.294803467033846,44.625394503358855],[-0.294837602445549,44.62536978806622],[-0.294865404452029,44.62535328091205],[-0.294971734092242,44.62530740090606],[-0.295020066402893,44.6252924440595],[-0.29506939630942,44.62528160225673],[-0.295287886927769,44.62524427123904],[-0.295535444885569,44.62519913486596],[-0.295833932923319,44.62514463983035],[-0.29599264365625,44.62511422629454],[-0.296062481607913,44.62509808690671],[-0.296139539902462,44.62507596540669],[-0.296191523978154,44.625058736597076],[-0.296260903184157,44.625028284123],[-0.296316249159382,44.62499734916549],[-0.29632907510423,44.624996606151385],[-0.296336596265539,44.62500223859909],[-0.296449981985844,44.62516762230463],[-0.296506994839786,44.625229895869154],[-0.29655140086483,44.62528371523464],[-0.296581362380605,44.625323548745094],[-0.296638945717712,44.62540851161833],[-0.296679400797345,44.625465962893536],[-0.296688737672987,44.62547027968761],[-0.296898091015892,44.625432046705036],[-0.296940678174622,44.62542888391881],[-0.296956695435753,44.625430928971596],[-0.296971075997316,44.62543734787985],[-0.296985315497994,44.62544782570699],[-0.296998668753709,44.62546256489569],[-0.297013398652857,44.62548789536602],[-0.297063988734244,44.62558270790168],[-0.297110868824941,44.62567880247776],[-0.297148534291478,44.625746788988494],[-0.297195768366621,44.62582304993969],[-0.297227493546369,44.62589301576973],[-0.297278264281253,44.626029721559924],[-0.297369956829228,44.6262771164033],[-0.297398435406197,44.626356279665785],[-0.297471454694551,44.626562693371824],[-0.297236059677687,44.626621707615804],[-0.296927009051777,44.62669634444955],[-0.297004558201217,44.62691550828871],[-0.296970855525731,44.626921739878775],[-0.296663543933959,44.62698731356686]]],[[[-0.29581002669309,44.623887942834216],[-0.295766854207404,44.62382282338889],[-0.295712763819302,44.62373928780262],[-0.29564730855356,44.623629690505346],[-0.295603948107349,44.62352898531183],[-0.295888664452903,44.623452734896716],[-0.296236015742353,44.62336019861754],[-0.29662730925166,44.62325535751341],[-0.297002281528602,44.623156228030474],[-0.297205483840048,44.62310358081391],[-0.297315635070271,44.62326545579831],[-0.297370319925071,44.623346179658974],[-0.297392710460602,44.62336659600945],[-0.297455965853709,44.62341913164392],[-0.297466401269014,44.62343575991799],[-0.29747025443115,44.62344339393686],[-0.297256967252521,44.62351129991397],[-0.296956727086273,44.623606848945585],[-0.296607977472905,44.623720784001875],[-0.296571770401288,44.62367122536143],[-0.29581002669309,44.623887942834216]]],[[[-0.296281285242549,44.62491081039511],[-0.296233061581348,44.6249470292687],[-0.296206446340142,44.62496440242888],[-0.296179710086416,44.624979706784806],[-0.29615212342108,44.62499341461643],[-0.296122201238103,44.625006020744166],[-0.296104086259625,44.62501340902968],[-0.296071781206478,44.625024103916616],[-0.296030103464698,44.6250363398198],[-0.295976471178152,44.62505127499223],[-0.295897691030179,44.62506984354753],[-0.295745131225926,44.62510187559317],[-0.29565199775544,44.62512096215391],[-0.295495784526942,44.62514877778403],[-0.295181415745211,44.62520356524198],[-0.295009852012983,44.62523427073803],[-0.294884894918119,44.625259351402676],[-0.294853628402011,44.62526839307509],[-0.294834022788289,44.62527618600952],[-0.29481632747751,44.62528428240113],[-0.294795095504735,44.625296629049956],[-0.294778770379219,44.62530873928911],[-0.294763683981427,44.62532261468444],[-0.294574333058048,44.62548287960121],[-0.294465079600388,44.625575880973976],[-0.294443638557816,44.625597604661955],[-0.294428174859618,44.625617978787375],[-0.294414432897236,44.625641905765605],[-0.294397779192734,44.62567429927433],[-0.294373949012648,44.625732856847826],[-0.294353268546184,44.62579997055964],[-0.294345676694455,44.6258190287452],[-0.294331730297909,44.625845935258724],[-0.294317851535892,44.625867523582805],[-0.294305163473667,44.62588358002844],[-0.294282883109838,44.62591037456109],[-0.294207808534038,44.625998842671564],[-0.294148885028423,44.62606574479626],[-0.293816828585765,44.62611591950072],[-0.293753289976782,44.625954904271126],[-0.293638817687482,44.625667188328975],[-0.293239795228938,44.62574377558955],[-0.292823064876177,44.625821790080856],[-0.292976785418933,44.62619177403003],[-0.293045219077914,44.62635886100738],[-0.293168328632227,44.62665190668318],[-0.293139181086882,44.62665836177039],[-0.293069397620932,44.626669001236806],[-0.292985895378142,44.62667806716071],[-0.292858744757004,44.62669158730367],[-0.29277060821709,44.62669907916709],[-0.292722719248028,44.626702218078584],[-0.292458686829055,44.62671819436261],[-0.292221556706364,44.62674111753804],[-0.292023325060515,44.6267560334793],[-0.291980101304245,44.62675479817766],[-0.291957250748447,44.626752415329584],[-0.291939249393315,44.626748806769015],[-0.291919552687243,44.626742095050396],[-0.291896171481902,44.626730627441574],[-0.291875382801338,44.626718181555304],[-0.291847729093872,44.62669837138485],[-0.291822631142786,44.6266769533003],[-0.291759953624242,44.62660835860876],[-0.291705421950925,44.62654961295042],[-0.291690222531681,44.62653564897753],[-0.291675185983404,44.626524473390816],[-0.291660637631127,44.62651517545488],[-0.291641528651818,44.626505562840464],[-0.291588993536934,44.626480997368944],[-0.291389749620884,44.626400792016234],[-0.291294100865225,44.626363904742014],[-0.291246116494265,44.62634596141514],[-0.291123109500207,44.626307275780626],[-0.29096103548122,44.626260743014946],[-0.290816028841467,44.626221270540704],[-0.290751319327228,44.62620860060527],[-0.290718529090902,44.626204531202575],[-0.290692991762263,44.62620150727427],[-0.290629274639393,44.62619934993622],[-0.290581616784588,44.62619995812274],[-0.290538246704229,44.62620269122341],[-0.290495380523482,44.62620757180894],[-0.290464285823507,44.626213093018144],[-0.290431417343845,44.626220649331536],[-0.29037883200943,44.62623410887334],[-0.290302662134611,44.6262585425167],[-0.290214127990961,44.62629163384426],[-0.290021703954831,44.62637359120139],[-0.289958528113299,44.626400160663174],[-0.289278457097701,44.62637643431051],[-0.289259747677524,44.62638014485311],[-0.289203147736087,44.62642859371177],[-0.289224079935385,44.626579706445405],[-0.288991541292516,44.626609964669605],[-0.288737464087659,44.62664086339252],[-0.288538948522521,44.626663890910635],[-0.288416362743516,44.62667781069776],[-0.288395149793867,44.626677540892544],[-0.288378864820036,44.62667090724201],[-0.28836034412979,44.62665839323037],[-0.288343093484384,44.626641696623956],[-0.288336821946361,44.62663152124461],[-0.288334554724669,44.626618613684386],[-0.288335614812065,44.62660434565406],[-0.288363219499539,44.62644818434924],[-0.288387570244832,44.62630113030402],[-0.288445014472168,44.6259687380217],[-0.288465019516967,44.62584451958204],[-0.28848037482733,44.62574440725892],[-0.288523900215971,44.6254135104297],[-0.288531603933588,44.62535092899511],[-0.288534773476029,44.62530794502358],[-0.288534883426262,44.625264421373195],[-0.288531230527272,44.62521479250592],[-0.288527068679247,44.62518238870657],[-0.288518797628821,44.62514443062282],[-0.288435715565104,44.62486875109432],[-0.288611947216741,44.624840169566845],[-0.288696785701439,44.6248345811924],[-0.288639194224889,44.62478817945423],[-0.288771725193827,44.62469827571523],[-0.288714396232944,44.6246563714226],[-0.288699812109636,44.6246464434673],[-0.288679030096561,44.62462759943126],[-0.288650202941653,44.62460061512112],[-0.288605406243213,44.624559419063196],[-0.28860380561254,44.62455793492537],[-0.288541370624232,44.624506361143055],[-0.288289779803302,44.62461863934985],[-0.288252944431451,44.62453224422114],[-0.288236665317104,44.624486775463104],[-0.288225235304311,44.624427106146655],[-0.288218759353462,44.624380985261546],[-0.288214812907121,44.624332806813946],[-0.288216891065132,44.62427760117173],[-0.288222086481549,44.62424338716566],[-0.288228520403792,44.6242239134027],[-0.288239530487741,44.62419853679464],[-0.288267412537517,44.624157430505],[-0.288357476660527,44.62405329301776],[-0.288462837967089,44.62393887885804],[-0.288481572806772,44.62392264318368],[-0.288498271481838,44.62391043268828],[-0.288515799320532,44.62389945897412],[-0.28853906833114,44.62388957586026],[-0.28863900326243,44.62385083037498],[-0.288864833852451,44.623770674270595],[-0.289039922586162,44.62370959833888],[-0.289273088702982,44.62363841366904],[-0.289334603534721,44.62361585857706],[-0.289380862926949,44.6235978122618],[-0.289426272104233,44.62357816935856],[-0.28951368451621,44.62353889478058],[-0.289599538180169,44.62349885559528],[-0.28975363369246,44.623428311769864],[-0.289799856044099,44.62340963564471],[-0.289832481450227,44.62339794192011],[-0.289849972306529,44.62339282586465],[-0.289889131285482,44.62338282979539],[-0.289919820385305,44.6233768702635],[-0.289964442413141,44.62336968495944],[-0.290041369892332,44.62335829403254],[-0.290273375417248,44.623338591301966],[-0.290414672568168,44.62332762614337],[-0.290451197265779,44.623324376032386],[-0.29048618433169,44.62332072117486],[-0.290642505533805,44.623301289052684],[-0.290700566927265,44.62329090999809],[-0.290765597225153,44.623276719202714],[-0.290819722589835,44.623263754170274],[-0.290858073102714,44.62325288078393],[-0.290890063313197,44.623243278055526],[-0.290914181859179,44.62323499100165],[-0.290938132328417,44.62322382560896],[-0.290972599010632,44.62320477824972],[-0.291393296814346,44.62296167105417],[-0.291897895295003,44.62332561888201],[-0.291909235390745,44.62331888364138],[-0.292076759912984,44.62321910301388],[-0.292329588473023,44.62306992626066],[-0.291856892021734,44.62272728583029],[-0.291926784705761,44.6226926759898],[-0.292219088226065,44.622590799603785],[-0.292849881590322,44.622374314947415],[-0.292879645990858,44.6223654987854],[-0.292914679059424,44.622356165189764],[-0.292948305880325,44.62234867557791],[-0.292985700536344,44.62234089346182],[-0.293092091343046,44.62232204469535],[-0.293149574297981,44.62231474510399],[-0.293209041016905,44.62230900823982],[-0.293271347034945,44.622306520585845],[-0.293347843185624,44.62230721414836],[-0.293413487239081,44.622310033192164],[-0.293488378053001,44.62231564014389],[-0.293531420341314,44.62232030413076],[-0.293692202572988,44.62234488580301],[-0.293749214934692,44.62235544060601],[-0.29378377206849,44.62236387149373],[-0.293811543943293,44.62237277494237],[-0.293834750259609,44.622381273850664],[-0.293854204510378,44.62239033512121],[-0.293878450378351,44.62240366867368],[-0.293915869257176,44.622428683540726],[-0.293947153425207,44.62245234949396],[-0.29397735208807,44.622483346259656],[-0.293994425058601,44.622503471237906],[-0.294031610841917,44.622556875926314],[-0.294052962318764,44.62259192080031],[-0.294081726072003,44.62265017186955],[-0.29411594852342,44.62271763107105],[-0.294123459326662,44.62272957127094],[-0.294194109572485,44.622824507619384],[-0.294210306127157,44.62284258629654],[-0.294230128614894,44.62285794384554],[-0.294249252571706,44.62286782584216],[-0.294268974489141,44.62287498687441],[-0.294285043502821,44.62287793178972],[-0.294299123431423,44.62287922401715],[-0.294317684851215,44.62287948159243],[-0.294333128924577,44.62287821022082],[-0.294351532616529,44.62287576935788],[-0.294538559151601,44.62283775574751],[-0.294775637343877,44.6227883379422],[-0.29480376487005,44.62278389508152],[-0.294829856730589,44.62278347751054],[-0.294848507513625,44.62278526410802],[-0.294870013500747,44.62279056974722],[-0.294891645694537,44.62279803412757],[-0.294917781174293,44.62281131112236],[-0.294935425433665,44.62282177775228],[-0.294950572070078,44.62283484178163],[-0.295045311667599,44.622933924970496],[-0.295138162399622,44.62303306441807],[-0.295205888708476,44.62310384926298],[-0.295225912209577,44.62312911215148],[-0.295283180976497,44.62320876874255],[-0.295300900689543,44.623233469590694],[-0.295307383472117,44.62324724247025],[-0.295324113320842,44.62328738071397],[-0.2954268765083,44.62353660888132],[-0.295441805888256,44.623571845059764],[-0.29545504092011,44.62357163056554],[-0.295468874691381,44.6235751826057],[-0.295478337388135,44.62358165824413],[-0.295489521839191,44.62359168671697],[-0.295579307741913,44.623716056455876],[-0.295720229210053,44.62391873370771],[-0.2957888944635,44.624012016420366],[-0.295811726532988,44.62403998870502],[-0.29587518285936,44.62410891828245],[-0.295891176060316,44.62412997626703],[-0.295946626820815,44.62421734572085],[-0.296014571375262,44.62433065304913],[-0.296102564341693,44.62448904539429],[-0.296155419094793,44.624583790685605],[-0.296180236437856,44.62461981311288],[-0.296233780319733,44.62468750642866],[-0.296257421192863,44.62471635556394],[-0.296284042810823,44.62474439494363],[-0.296319051766095,44.624779933125396],[-0.296329633468633,44.624792592544445],[-0.296334505318702,44.62480470145054],[-0.296337393217022,44.62481524765408],[-0.296337552917319,44.62483092110074],[-0.296333115267366,44.62484565043055],[-0.296326693660017,44.62485881705763],[-0.296316881905573,44.624872265021175],[-0.296296260678294,44.62489504589267],[-0.296281285242549,44.62491081039511]]],[[[-0.294951799809364,44.615073844137136],[-0.294908297308696,44.61508063784168],[-0.294796873604678,44.615103783609584],[-0.294567409758961,44.6151534257448],[-0.294442673132375,44.61516894884859],[-0.294351653419502,44.61517860084881],[-0.294252810533063,44.61519037821878],[-0.294037379135622,44.61521464197079],[-0.293784624764029,44.61523488203179],[-0.293723277258763,44.61524716298454],[-0.293559767146148,44.6152921336757],[-0.293302472393306,44.61535774026508],[-0.293171970005596,44.61539118429719],[-0.293164414227952,44.61539140950615],[-0.29315000044554,44.61539084797876],[-0.293136866600986,44.61538628371616],[-0.293125967961904,44.61538111220497],[-0.293115131818558,44.615370532579746],[-0.293057549391159,44.615298273329],[-0.292959292467344,44.61517109145007],[-0.292893424322857,44.615086554605426],[-0.292830541885561,44.61500129801723],[-0.292772901876204,44.614921561723364],[-0.292721826244263,44.6148440625842],[-0.29267108650426,44.614765832584695],[-0.292588918974049,44.61464195533137],[-0.292524803821014,44.61454853587486],[-0.292503692267478,44.614511050974336],[-0.292484674062907,44.61447053025276],[-0.292459583135943,44.6144037899951],[-0.292438390924077,44.6143390059475],[-0.292960107801799,44.614200375251],[-0.2933487833263,44.61398046935707],[-0.293380193950758,44.61400638407951],[-0.293493950295122,44.61408796128393],[-0.293616562856041,44.6141591827073],[-0.293768988248951,44.61422248709812],[-0.29389032422875,44.61427185098511],[-0.293924509820125,44.614286960440715],[-0.294011066464907,44.61431105067633],[-0.294050278238834,44.61432150503338],[-0.294103741279126,44.61433621989078],[-0.294314107095445,44.61432246894014],[-0.294317118833922,44.61432219893033],[-0.294391935336897,44.614320238402236],[-0.294415085143746,44.61432135020664],[-0.294580502307671,44.61432849162966],[-0.294677220364191,44.61433218510665],[-0.294921680985356,44.61431903814444],[-0.294932542005525,44.61431709236369],[-0.294960749418906,44.61431408863656],[-0.295116739947548,44.61429592078755],[-0.295122886090758,44.61443990425281],[-0.295268049062148,44.61443719663562],[-0.295272978880293,44.61450210486316],[-0.295282030029601,44.614669879326165],[-0.295293080218033,44.614878321302534],[-0.295300653884901,44.61502082056115],[-0.295241620173625,44.61502735679326],[-0.295114077303196,44.61504665863881],[-0.295057457484277,44.61505564569833],[-0.294951799809364,44.615073844137136]]],[[[-0.294096403454601,44.61887976586851],[-0.293996379205073,44.61889734472869],[-0.293831954627727,44.61892684489467],[-0.293682920330483,44.618954174061166],[-0.293591238617311,44.618965556979326],[-0.293520367496321,44.618970372625014],[-0.29348179905621,44.618970981622404],[-0.293430626142776,44.61896962359288],[-0.293412375502212,44.618968185288225],[-0.293391385570586,44.61896520675132],[-0.293297810590631,44.618872935799374],[-0.293079693446559,44.618650661896986],[-0.293172840519445,44.61859958983072],[-0.29302102100084,44.61844967590908],[-0.292774207365382,44.61820906456458],[-0.292646713511573,44.618086808114164],[-0.292712816637556,44.61805222047868],[-0.292510759270106,44.61772900087918],[-0.292210100996252,44.617823468691434],[-0.292320066126601,44.6180020224105],[-0.292173319567965,44.61800369181649],[-0.291949394008324,44.61806415584963],[-0.291917577708213,44.618037802197065],[-0.2918885947759,44.61800812036991],[-0.291858242062676,44.61797442465711],[-0.291817871227364,44.617924718543975],[-0.291777180029206,44.617869525607595],[-0.291747781864904,44.61782625038778],[-0.29169964906006,44.617753798917306],[-0.291653053860985,44.61768175214533],[-0.291597779402326,44.61760365662937],[-0.291551169470345,44.617544314953655],[-0.291484514299065,44.6174722349922],[-0.291446826286348,44.61743605458179],[-0.291408566550063,44.617403044837346],[-0.291372930831622,44.617376083997655],[-0.29133182208516,44.61734613253596],[-0.291284673445368,44.61730996358307],[-0.291210899125543,44.61725206169065],[-0.291127244013972,44.617186975428396],[-0.29106408028327,44.617135785517036],[-0.291026419348859,44.617106542194506],[-0.290996703091306,44.61708372992929],[-0.290900333936003,44.61700829981927],[-0.290884896026683,44.61699668568085],[-0.290743231178949,44.616877912915214],[-0.29063138787634,44.61678375129636],[-0.290544065875904,44.61670769105062],[-0.290505969674139,44.61667098189552],[-0.290423605737402,44.61670578214697],[-0.290207147921723,44.61684873587284],[-0.289959489696543,44.61701478379051],[-0.290020993872933,44.6170570133045],[-0.29002417378261,44.61705962173939],[-0.290044281645641,44.61707343964256],[-0.290123527289808,44.61712784549207],[-0.290061947203497,44.61717509164949],[-0.290118587241219,44.61721178940125],[-0.290303621443505,44.61708157529326],[-0.290372450940241,44.61711962189869],[-0.290434259573229,44.61715409317721],[-0.290745738727732,44.61732925987266],[-0.290967862132907,44.61714721134295],[-0.291099520799325,44.61725015327541],[-0.291134432215268,44.61727767639513],[-0.291287343684439,44.61739458194683],[-0.291148071549066,44.61751127059822],[-0.291083842355436,44.617564993648166],[-0.291147320687228,44.61760211795229],[-0.291067507532079,44.61766765830891],[-0.291003603370842,44.617720470584985],[-0.290871103781675,44.61783001911862],[-0.290847271427838,44.61784965081333],[-0.29061166730819,44.61772953083026],[-0.290572757546378,44.61770482974056],[-0.290422419112453,44.617619022606206],[-0.290309984308813,44.61772869373625],[-0.289870444295281,44.61755112168873],[-0.289798049505681,44.61762058499055],[-0.289656376554823,44.61756650579773],[-0.289566195903536,44.61753224805895],[-0.289447396477818,44.61748748916161],[-0.289115577616299,44.617359327961395],[-0.288955763600276,44.617111073118565],[-0.288679390436437,44.61699910084593],[-0.288526930903149,44.616786037473744],[-0.288476163812257,44.61672024077633],[-0.288429526383175,44.61665387063145],[-0.288381913073927,44.61658374514872],[-0.288233606304477,44.61637695525986],[-0.288371517590894,44.61632122121939],[-0.288190873381174,44.616059619396886],[-0.287979497099508,44.61614700346758],[-0.287957501014242,44.616152703863555],[-0.287959825471102,44.616160113319175],[-0.287960098275416,44.61617127809123],[-0.287951545374023,44.616180362800755],[-0.287940368889937,44.61618988599908],[-0.287878866809718,44.61621901768331],[-0.287863329897616,44.61623164406058],[-0.287846365700689,44.616252242055765],[-0.287838227248857,44.61626843263513],[-0.287835776717631,44.61628481437201],[-0.28785728986192,44.61632273868686],[-0.287848537468884,44.61634138034341],[-0.287837848868553,44.61635926868012],[-0.287865076173949,44.61640432137748],[-0.287870590858046,44.61642100671379],[-0.287879873021536,44.61643739973053],[-0.287912153490256,44.61647175988545],[-0.287922238521428,44.61648245245811],[-0.28792547598416,44.616492537865284],[-0.287913118688797,44.61652723520481],[-0.287913596141155,44.61653542045761],[-0.28795398349982,44.61659197524723],[-0.287966356308939,44.616609447638524],[-0.287988693568295,44.61662256882221],[-0.288070570736517,44.61665725507826],[-0.288076410848913,44.61666654219779],[-0.288040866184417,44.61671247176015],[-0.288019751387577,44.61672679591886],[-0.288027947470244,44.61674403218423],[-0.28807083801919,44.616798079643964],[-0.288064646173192,44.61685412837786],[-0.288064095159606,44.6168771212915],[-0.288079700318405,44.6169110766163],[-0.288089549291617,44.61694367147272],[-0.288108428652602,44.61704024173501],[-0.288117574543292,44.617067271067484],[-0.288217833525671,44.617118620070144],[-0.288247616881962,44.617129627428476],[-0.288287653346223,44.61712825569971],[-0.288312026783103,44.61712437667726],[-0.288357399671675,44.61711716955161],[-0.288405285992396,44.61711412249032],[-0.288426631782714,44.61711673093615],[-0.288464538016166,44.61715020269236],[-0.288485443147099,44.617171205461496],[-0.288475898587405,44.61720870249251],[-0.288481791300645,44.617218889070934],[-0.288536698776407,44.61725834229092],[-0.288556837791836,44.617266212664326],[-0.288613466208525,44.617270293850936],[-0.288628914220857,44.617282088203446],[-0.288650669892895,44.61735009993282],[-0.288748237692679,44.61736828020161],[-0.288753868064355,44.61737396937502],[-0.28875830736234,44.617385190346916],[-0.288763895880941,44.61740313491461],[-0.288836691923928,44.61746377061497],[-0.288865798853908,44.617489124494675],[-0.288919321111527,44.61749185632582],[-0.288924946264365,44.617497455542974],[-0.288929994341447,44.61751262296661],[-0.288942640404355,44.61752179756359],[-0.289061639148763,44.617582949999154],[-0.289120120623736,44.61761229501661],[-0.289179216387728,44.61765865138682],[-0.288989671993733,44.617912710642315],[-0.288744121535692,44.61821880473488],[-0.288757251076222,44.61828815448505],[-0.288872850873329,44.61834292085953],[-0.288954090931802,44.61837960782894],[-0.288992076874439,44.618401453656126],[-0.289024763008876,44.618423277023076],[-0.288968355611268,44.61855272368379],[-0.288915988252081,44.61866709278036],[-0.288902979951371,44.61866468675756],[-0.288831097898789,44.618833789237975],[-0.288775192032119,44.61882914598222],[-0.288749616603069,44.61887081447727],[-0.288739956717552,44.618932282672894],[-0.288712958768144,44.61893011280807],[-0.288541525779736,44.61891737459749],[-0.288444039387321,44.61891360828651],[-0.288337863299362,44.618910100500905],[-0.287994892678487,44.61890228617006],[-0.287766850838468,44.61889880002892],[-0.287677602913554,44.61890001393927],[-0.287615725444146,44.618903296727595],[-0.287535555449995,44.61891090811555],[-0.287193518108769,44.61895153949395],[-0.287030485804753,44.6189725182372],[-0.286931828965995,44.61898112966078],[-0.286801304569885,44.61898843635292],[-0.286713525779088,44.61898888494646],[-0.286652540331396,44.618987995873674],[-0.286602826559413,44.6189792027585],[-0.286551990039636,44.6189641357379],[-0.286498425129376,44.618941220697366],[-0.286460020018215,44.618918665662434],[-0.286428851088553,44.61889688653124],[-0.286373697421436,44.61884022969895],[-0.28633560270827,44.61879703158388],[-0.286290561021185,44.61873854219403],[-0.286231861177616,44.618660005407754],[-0.286165642441697,44.61856934797621],[-0.286088630450308,44.61846882976533],[-0.286015764158451,44.61836800801268],[-0.285968451813084,44.618290033496656],[-0.285924944171131,44.618205908854975],[-0.285874127739707,44.61810677399371],[-0.285843842303145,44.61805469353318],[-0.285820026025958,44.61802269406724],[-0.285784582186409,44.61797950707666],[-0.28570264330872,44.61790481479371],[-0.285581282573637,44.61780957968158],[-0.285539488215668,44.61780028032292],[-0.285484208808241,44.617780389257035],[-0.285311969752388,44.61770829167909],[-0.285178276741151,44.61765469042378],[-0.28508509195267,44.617620788737746],[-0.284834345391133,44.61752633613781],[-0.284690804139381,44.61747257658775],[-0.284622921938277,44.617444229594824],[-0.284464967749736,44.617376932134526],[-0.284369197316411,44.61733761040351],[-0.284556556887764,44.61716264569335],[-0.284719865856719,44.61701011066463],[-0.284783365059087,44.61696974855457],[-0.284816550212893,44.616941730825005],[-0.284856253069707,44.61690216623017],[-0.284928523102802,44.6168109950229],[-0.284665787202549,44.616686083132656],[-0.284695178532458,44.6166579079126],[-0.284759397053262,44.61660391874961],[-0.284810906205013,44.61655913756961],[-0.284845109177678,44.61652910728477],[-0.28491062892205,44.61647147518959],[-0.284920698790165,44.61646243573321],[-0.284942953284638,44.616441680932574],[-0.28499933193839,44.6163895465772],[-0.285083416903726,44.61631280100881],[-0.285085914698803,44.616310203836164],[-0.285265014463433,44.616142962030786],[-0.285427347704603,44.61599324810444],[-0.285433439918749,44.615987390406616],[-0.285488842190922,44.61592501298096],[-0.285568151707171,44.615831289294356],[-0.285622556912959,44.61576479667029],[-0.285651994765418,44.61573094325282],[-0.285854779067228,44.61562597867212],[-0.285946264199592,44.61557883669208],[-0.286104976248557,44.61549689738345],[-0.286443135651822,44.61532519296557],[-0.28648319244911,44.6153047192326],[-0.286832179693194,44.615124041515344],[-0.287083993968173,44.614983827020566],[-0.287090825995407,44.61496470194599],[-0.28708474493951,44.61495127718105],[-0.287027648111052,44.6148807125704],[-0.286987970994418,44.614836300435606],[-0.28696134293963,44.61480798908315],[-0.286951048444958,44.61480018599923],[-0.286933098429953,44.61479738617087],[-0.28687786822195,44.61479776780169],[-0.286859026272014,44.61479265179588],[-0.286845462997053,44.614780711065585],[-0.286838138362903,44.61477191858227],[-0.286836501499487,44.61476331730782],[-0.286826365007526,44.61473226271941],[-0.286814575296492,44.614718286939684],[-0.286784164122177,44.61469648546707],[-0.286752624859992,44.61467480764967],[-0.286716798527036,44.61466397971371],[-0.286690427154064,44.614659538186245],[-0.286674581326346,44.61465388250363],[-0.286669806653196,44.61464987976262],[-0.2866594912495,44.614641716860724],[-0.286658300203949,44.614640761149225],[-0.286648378500858,44.614626369369994],[-0.28664633223962,44.61462372712602],[-0.286639149438535,44.614610875739764],[-0.28662981549124,44.614593583152356],[-0.286620444656493,44.61458214841098],[-0.286612075885094,44.6145749187406],[-0.286608880539911,44.61457204036663],[-0.286603591737772,44.61456571021743],[-0.286602925508003,44.61456077432504],[-0.286602421856448,44.61455862681523],[-0.286601036952879,44.61454785555221],[-0.286595716687231,44.614540985715756],[-0.286581890935133,44.614537522525815],[-0.286556569075196,44.61453160808761],[-0.286554601487338,44.61453031505944],[-0.28654513084507,44.61452365878461],[-0.286544265144747,44.61452179235587],[-0.28654124830495,44.61451548472478],[-0.28653977950452,44.61450327429595],[-0.286540210305304,44.61448470009259],[-0.28654017883921,44.614484160405645],[-0.286538699359956,44.61447825756252],[-0.28653762388678,44.614472793220735],[-0.286531375004929,44.61446297757871],[-0.286522476393468,44.6144531506527],[-0.286497910537163,44.614434238763515],[-0.286490381279155,44.61442842577426],[-0.286479913858772,44.61441765436936],[-0.286469782471284,44.61439966466233],[-0.286467269291262,44.614395504539786],[-0.286455941631039,44.61437646917036],[-0.286450144177521,44.61436141407521],[-0.286447431721465,44.61435383593492],[-0.286437888311384,44.61432645793921],[-0.286432033182061,44.61431041341736],[-0.286422924846188,44.61429698857096],[-0.286420023403049,44.61429265978926],[-0.28636198960126,44.6141995067124],[-0.286353689517003,44.614180471384294],[-0.286353254050624,44.614179493195365],[-0.286344980192298,44.61416090760586],[-0.286340195310285,44.61415023747531],[-0.286325410669376,44.61411085136125],[-0.286321938083258,44.61408374330414],[-0.28631991326553,44.61406848588558],[-0.286316367269352,44.61404011855926],[-0.286311157426398,44.61402865013462],[-0.286299037404359,44.61401549507118],[-0.286285573848612,44.61401175076447],[-0.286271580219344,44.61401189668619],[-0.286261558423059,44.61401525830727],[-0.286253530183903,44.61402685017992],[-0.286250192855562,44.61403451816516],[-0.286246503964285,44.614042647126226],[-0.286245811327887,44.61404374897369],[-0.286240485458269,44.61404976413393],[-0.286232368291365,44.61405333941202],[-0.286230862409966,44.61405347430679],[-0.286220688533679,44.614054227437286],[-0.286202266623183,44.61404981966693],[-0.286189495703206,44.614044973501265],[-0.28618020871619,44.614041465370384],[-0.286161225736811,44.61402743317572],[-0.286157584496479,44.61402339670408],[-0.286151104772672,44.614016110817936],[-0.286142998565679,44.61400689102499],[-0.286126712271502,44.614000167127806],[-0.286105336305392,44.61399701855413],[-0.286089406582272,44.61399641110386],[-0.286050789028139,44.613996118029426],[-0.286042792705897,44.61399527461365],[-0.286027010051557,44.613990698213684],[-0.286002082259431,44.61397855477724],[-0.285977185682692,44.613973438502164],[-0.285961030502371,44.61396896327651],[-0.285918788528111,44.61393895360176],[-0.285848618416977,44.613877787676856],[-0.285830611620737,44.61386102328495],[-0.285774840112298,44.6137806875145],[-0.285750349047449,44.61374357229574],[-0.285742647222178,44.61372830349918],[-0.28573392769326,44.61370855978041],[-0.285726251807475,44.61370022820135],[-0.285717715221107,44.61369660761424],[-0.285701386836241,44.61369565155176],[-0.285672308337532,44.61369669653271],[-0.285659012671331,44.613695830481014],[-0.285646635385727,44.61369124286206],[-0.285636871392804,44.6136795494326],[-0.285629033589495,44.61365545450553],[-0.285623110306932,44.61364472810226],[-0.285612480671118,44.61363116823553],[-0.28558811500295,44.613609186689125],[-0.285562673385159,44.61359471574613],[-0.285551240727801,44.61358685629107],[-0.285543155956943,44.613571508768125],[-0.285529782604121,44.613549831046655],[-0.285509829448748,44.613532133350084],[-0.2854677351474,44.61349815456888],[-0.285449072638109,44.61348312159455],[-0.285444460985827,44.61347541970688],[-0.285444277498069,44.613472271532395],[-0.285443931492638,44.61346633497484],[-0.285441607477303,44.61345892547415],[-0.285432357649137,44.61344955943754],[-0.285419812677115,44.613442093462695],[-0.285404717631073,44.61343632518503],[-0.285381631274083,44.61343629086828],[-0.285381253496743,44.613436302102116],[-0.285377790591902,44.61343532383239],[-0.285361619886158,44.61343057867657],[-0.285335984111349,44.613419267090705],[-0.285315648043558,44.61340149064583],[-0.285298029485456,44.61339138231086],[-0.285283564205657,44.613383432801356],[-0.285253830585772,44.613373234191315],[-0.285242146051648,44.61336754468668],[-0.285238552099211,44.613364317716446],[-0.285238012155897,44.61335505308813],[-0.285240221834022,44.61334102130505],[-0.285239278243791,44.613324830692626],[-0.285234467431092,44.61331371077851],[-0.285213538386292,44.613298745165466],[-0.285181255788186,44.61327078179569],[-0.285177384363847,44.613256300109555],[-0.285170847192233,44.61324802474185],[-0.285149404120283,44.61323073170613],[-0.285131486499143,44.61322198379604],[-0.285114780840622,44.61321455140204],[-0.285101181264355,44.613208468308194],[-0.28509239318033,44.61320053017676],[-0.285087671519698,44.61319093937021],[-0.28508629706457,44.61318683546764],[-0.28508348525206,44.61317754828826],[-0.285076601779093,44.61316982383513],[-0.285064502836295,44.613163515910024],[-0.285049796160385,44.613157916247474],[-0.285043610222049,44.613155667378464],[-0.285012266069793,44.61314380462592],[-0.284996163989878,44.613133741261436],[-0.284992538615884,44.613129974596376],[-0.284988110515964,44.61312542086549],[-0.284981300446723,44.61311895567651],[-0.284970292917514,44.61311189446105],[-0.284962108035423,44.61310781284474],[-0.284960555000913,44.61310713819148],[-0.284959778483672,44.61310680086484],[-0.284959395466755,44.61310672214939],[-0.284938581137938,44.61310671029365],[-0.284912745657059,44.6131049555481],[-0.284890657241787,44.61308957383256],[-0.284877121000915,44.61307808260803],[-0.2848766488777,44.61307647477876],[-0.284874718452618,44.61306932387876],[-0.284878202674697,44.613064174477884],[-0.284879220685043,44.61306216192877],[-0.284891923509844,44.61305935144419],[-0.284904642058204,44.61305681080174],[-0.284912355182885,44.613052797115486],[-0.284915845019969,44.61304125018374],[-0.284913374326173,44.613031322133374],[-0.284911533005447,44.61302570034761],[-0.284901433058827,44.61302122514878],[-0.284879239084083,44.61301701942941],[-0.284872350034288,44.61301569249368],[-0.284863545904039,44.613013971978575],[-0.28485090151536,44.61300479693126],[-0.284845277600983,44.61299271003923],[-0.28484206748374,44.612976586817595],[-0.284842015068734,44.612975687339066],[-0.284841018411061,44.61297157220179],[-0.284840451942813,44.61296834531108],[-0.284834880449182,44.61295715789722],[-0.284827682160671,44.61295052403546],[-0.284816386014177,44.61294500315056],[-0.284798636261139,44.61293913351877],[-0.284795939428015,44.612938312663054],[-0.284785524629,44.612934928059865],[-0.284768871909623,44.6129219076157],[-0.284726290668813,44.612886050887155],[-0.284699318343977,44.612858289930266],[-0.284696915429634,44.61285601867496],[-0.284681092083101,44.61283774754792],[-0.284664849043841,44.61281876806727],[-0.284652561539801,44.612809221975176],[-0.284640856218515,44.612803172616836],[-0.284635399676083,44.61280045152344],[-0.284635394434927,44.61280036157558],[-0.284560512732118,44.61278168374652],[-0.284518638412644,44.61277094485456],[-0.284491046109812,44.61275851990788],[-0.284473443623012,44.61274868128762],[-0.284407388386277,44.61271262126238],[-0.28439112887651,44.61270634685225],[-0.284375540623903,44.612705098289815],[-0.28435683541612,44.61270880798295],[-0.284344368917875,44.612709178582946],[-0.284334457736905,44.61270794145608],[-0.284321965481616,44.612701374837506],[-0.284319090485005,44.61269749574274],[-0.284310061521889,44.612685419948775],[-0.284307076473889,44.612679651948476],[-0.284305402924809,44.61267690848517],[-0.28428546229461,44.612639928039734],[-0.284279025347221,44.612626874154266],[-0.284274487292591,44.612620431490505],[-0.28426700043026,44.61261533793689],[-0.284264707595145,44.61261495557763],[-0.284259350659279,44.61261394347535],[-0.284242902080801,44.61261091839689],[-0.284218714647091,44.612604969737866],[-0.284196851955628,44.61259345564507],[-0.284151690740312,44.61254578173001],[-0.284125253841893,44.612520707843224],[-0.284099625384003,44.61249002349404],[-0.284082785252862,44.612460789873275],[-0.284081956347364,44.61245955306185],[-0.284070188752291,44.61244593679345],[-0.284068992556763,44.61244489110701],[-0.284062985378755,44.612439212935335],[-0.284051416919668,44.6124290146841],[-0.28404550406834,44.612424955573196],[-0.283954419017207,44.61236197749717],[-0.283942426152953,44.61234449345715],[-0.283937725719517,44.612335262396215],[-0.283933041007592,44.61232630117873],[-0.283927490717286,44.612315473513476],[-0.283919747660748,44.612299485015505],[-0.283904858419902,44.612284249551365],[-0.283899774493145,44.61228142724554],[-0.283886101914152,44.61227408473424],[-0.283876338034149,44.61226887863137],[-0.283792523837333,44.61222676856873],[-0.283698872563069,44.61217819305457],[-0.28368443401769,44.61217069307902],[-0.283676238886098,44.61216643147324],[-0.28364271383727,44.612143099920445],[-0.283438925226886,44.6119383142367],[-0.283347115090702,44.61184337049338],[-0.283294935921837,44.61178563304043],[-0.283272938659069,44.611758805175036],[-0.283259231321433,44.61173137052981],[-0.28324219391745,44.61168574382194],[-0.283234526198665,44.61165155212821],[-0.283225481918786,44.61163920640699],[-0.283211778724419,44.61162483665291],[-0.283045365926279,44.61147696633483],[-0.283001844553725,44.61141843086997],[-0.283200101986725,44.61130090094234],[-0.283209987275889,44.61129520095775],[-0.283434216254349,44.611162301984244],[-0.284313193111183,44.610641236096356],[-0.284314289704588,44.610640572771274],[-0.284375368300287,44.61060424731072],[-0.28433412725349,44.610487437663764],[-0.284254588003755,44.61034329381897],[-0.284202592241898,44.610295192471604],[-0.28416333932407,44.61026446269663],[-0.284143644526143,44.610251172217986],[-0.283874166524253,44.61013988558004],[-0.283806088709028,44.61011451767326],[-0.283873040723903,44.61004260721563],[-0.284053599950083,44.60985523082758],[-0.284073223602392,44.60983482470421],[-0.284355293859727,44.60953873869607],[-0.284505014154848,44.60938066095041],[-0.284695547059469,44.60920866492859],[-0.285254913141965,44.60861924371407],[-0.285439876850728,44.60840371170678],[-0.285752341679067,44.608090499296985],[-0.286248226213966,44.60839877058385],[-0.286824952414221,44.60875653435499],[-0.287418453438873,44.609135781510226],[-0.287448599508708,44.60915957284856],[-0.28752981970597,44.60923509559129],[-0.287646952209846,44.60934243741324],[-0.288046457893928,44.609704207824905],[-0.288422726289551,44.610056757265355],[-0.288585607701099,44.61022824190495],[-0.288663987376966,44.61031339949257],[-0.288756695984037,44.610417142379745],[-0.288805422012231,44.610480476480745],[-0.288837217072095,44.61052602352128],[-0.288868440337817,44.610574741210165],[-0.28891205660501,44.61065426586885],[-0.289012847504304,44.61085760300162],[-0.289050755811586,44.610936576727035],[-0.289082997717712,44.61100923166668],[-0.2890956426562,44.611037868640004],[-0.289103418599215,44.61106088392544],[-0.289108623592068,44.61107874973007],[-0.289118289089504,44.61114712109076],[-0.289119076629026,44.61118007564699],[-0.289114607309803,44.611233189760135],[-0.28910858463496,44.61126616686054],[-0.289098742241878,44.61129204937248],[-0.289084099037118,44.61131347951436],[-0.289068264704902,44.611327466496995],[-0.289054187976077,44.61133914855572],[-0.289041286417049,44.61134502898127],[-0.289017209416107,44.61135394522114],[-0.288930371396963,44.61137031629822],[-0.288877610628818,44.61138053693411],[-0.288810793967092,44.61139631188992],[-0.288690865014012,44.61143574328265],[-0.288635785187083,44.611458106745],[-0.288597883042727,44.61147653491043],[-0.288562572746571,44.61149398487397],[-0.288582148506549,44.61153115567116],[-0.288935614789063,44.611518561216734],[-0.288999357155107,44.611514951625495],[-0.289634034478762,44.611405861218174],[-0.289749847093365,44.61147746922032],[-0.290314895247816,44.611835204136966],[-0.290676143886382,44.61205961604288],[-0.290756570376311,44.61214732442737],[-0.290807404573477,44.61222077675287],[-0.29088419157292,44.61233688611283],[-0.290969038398701,44.61246140533087],[-0.291156860946307,44.61270981347283],[-0.291235034378885,44.61282371885603],[-0.291324453467614,44.61296170736659],[-0.291421009051982,44.61310524987503],[-0.291543548710915,44.61326603899678],[-0.291673754890138,44.613428491784916],[-0.291856435017072,44.613653535074576],[-0.292131066862181,44.61399504591539],[-0.292202623068818,44.61411869899275],[-0.292333873297396,44.61437023301465],[-0.292391308723679,44.61453719635595],[-0.292411617361695,44.614573894266094],[-0.292495258763756,44.614697096982454],[-0.292528009144842,44.614745948580065],[-0.292569802163008,44.61482003015818],[-0.292594381236694,44.61484560807814],[-0.292649329127798,44.61492461374548],[-0.292716856020814,44.61502459919123],[-0.292804916609084,44.615145687741936],[-0.292938836169705,44.61531974226875],[-0.293004079892663,44.61540006281905],[-0.293120960502335,44.61554155678351],[-0.293208732583121,44.61564472295317],[-0.293295644297718,44.61574611262814],[-0.293319316118244,44.61576910443903],[-0.293418526586198,44.61586075660332],[-0.293575828392481,44.61600744268288],[-0.293689203275892,44.61611480105866],[-0.293720123090411,44.61615172309342],[-0.293748125712611,44.61619053417046],[-0.293778432573559,44.6162363947843],[-0.293802505548679,44.616279197481134],[-0.29382749773793,44.616331253507845],[-0.29384768375682,44.616385254897075],[-0.293873854082056,44.6164639466525],[-0.293889552613668,44.61655772769038],[-0.293913752622327,44.616816416387124],[-0.293920021456889,44.616904261363565],[-0.293926903988089,44.61698965523235],[-0.293935783285491,44.61705093173589],[-0.293943784122625,44.617090699508665],[-0.29395184738649,44.617125059164316],[-0.293965762307233,44.61716888552521],[-0.293991905546099,44.617234152562524],[-0.294012662332891,44.61727200827254],[-0.294112387333964,44.6174306822331],[-0.294160207555569,44.617497735789684],[-0.294257349737391,44.61763810538347],[-0.294419207610131,44.61787556999904],[-0.294541285414566,44.618054030882874],[-0.294607229316961,44.61815271114361],[-0.294642639442255,44.61820815070912],[-0.294670481476942,44.61825066069985],[-0.294708552138253,44.61835161371944],[-0.294737602086237,44.61844715914693],[-0.294753723213505,44.618502813448345],[-0.294779397801366,44.61858593501792],[-0.294791152022009,44.61863162784743],[-0.294836083965738,44.61879815244687],[-0.294651323672019,44.61880348155083],[-0.294578952114408,44.6188085228321],[-0.294490188162923,44.61881801742083],[-0.29431736214015,44.61883974953552],[-0.294096403454601,44.61887976586851]],[[-0.289134776895856,44.6128954561043],[-0.28905250228356,44.612977106786445],[-0.288904683017871,44.613012052505745],[-0.288988110853121,44.61320959957569],[-0.288996228089876,44.61323197400854],[-0.288999460401781,44.613248456901815],[-0.289003795199536,44.61330977871786],[-0.289007699099053,44.61332479995629],[-0.289068869495125,44.61346516289193],[-0.289326758759958,44.61340333275897],[-0.289396526656528,44.613399183188285],[-0.2898721747327,44.613262299098174],[-0.289618732016183,44.612745350751474],[-0.289453646560166,44.61278919099932],[-0.289435991278386,44.612804403600634],[-0.28941365050369,44.61281714268928],[-0.28938076358177,44.6128307363896],[-0.289134776895856,44.6128954561043]],[[-0.285994008804056,44.60964633836938],[-0.285770179562276,44.609792386054586],[-0.285565292434648,44.60964665503915],[-0.28554854492419,44.60965796554625],[-0.285449549761634,44.60972542380967],[-0.285173324288012,44.60991393547774],[-0.285314981216506,44.610026587376254],[-0.285052547690882,44.6102050474803],[-0.285379350728954,44.61046230644113],[-0.285479779349422,44.610399941539235],[-0.285517185922882,44.61043793407255],[-0.2856841368829,44.61059497527723],[-0.285723844579348,44.61056856530745],[-0.285905246323294,44.61045414462457],[-0.286083593820175,44.61033927385272],[-0.286329203360527,44.61018383759207],[-0.285920989448155,44.60985430693458],[-0.286020068162413,44.60978828740847],[-0.286082005348993,44.60974725002965],[-0.286107509487061,44.609730362857604],[-0.285994008804056,44.60964633836938]]],[[[-0.294090733140211,44.62101045296905],[-0.294007490781728,44.6212181022863],[-0.293920185653334,44.62142100701139],[-0.293833010664899,44.62161967287753],[-0.29366751344034,44.62198069874605],[-0.293624868481283,44.622067028451745],[-0.293614600512395,44.622085625707044],[-0.293579387470286,44.622130736355615],[-0.293564002637489,44.622145972048344],[-0.293552353472343,44.62215388803833],[-0.29353431791664,44.622162625111045],[-0.29349688666142,44.622169777777806],[-0.293436837900164,44.62217850559565],[-0.293378594196595,44.62218573791058],[-0.293172859541101,44.622207998245145],[-0.292992040794099,44.622229155256896],[-0.292953365560325,44.62223445261579],[-0.292932752816341,44.62223795022921],[-0.292917067688217,44.622241571307214],[-0.292724697143585,44.62231118787106],[-0.292392052560774,44.62242868434551],[-0.291986700753002,44.622571502708915],[-0.291710858928936,44.62267009485512],[-0.291679624859383,44.622679675308085],[-0.291661730285818,44.622684353167536],[-0.29164745649229,44.62268622003516],[-0.291634998342839,44.62268677135456],[-0.291623988506769,44.622686198277236],[-0.291615413409068,44.62268194849771],[-0.291574584335496,44.62265685424923],[-0.291535728152369,44.62262665537551],[-0.291511135661407,44.622600897246464],[-0.29149632006586,44.622580524459664],[-0.291486573954863,44.62256270379589],[-0.291435407591859,44.62254854973319],[-0.2914426090016,44.622574645694954],[-0.291450964568419,44.622594580182344],[-0.291466352348493,44.62261826979217],[-0.291480658780677,44.622636405141044],[-0.291498748853815,44.62265451788839],[-0.29152488385063,44.62267428318648],[-0.291554802500145,44.62269402587683],[-0.29158419099073,44.62271117132589],[-0.29161730535049,44.622727304736756],[-0.291619772002774,44.62273065522491],[-0.291620024157247,44.62273497272292],[-0.291619604686417,44.62274075189732],[-0.29161727501031,44.62274622755615],[-0.291610783857023,44.62275173707387],[-0.291588938294406,44.62276653419783],[-0.291315254773854,44.62292155645201],[-0.291052196233808,44.62307058497575],[-0.290964229838978,44.623119788792906],[-0.290926771988925,44.62313946585904],[-0.290898098691953,44.62315401565971],[-0.290872322062133,44.62316631668173],[-0.290857502519303,44.62317180387006],[-0.290825187022207,44.62318231732054],[-0.290798743664586,44.62318968244193],[-0.29075668304095,44.623201837653],[-0.290713735420186,44.62321176665397],[-0.290673338145595,44.62321999781174],[-0.290621254018908,44.62322902750021],[-0.290427899492121,44.62325595976312],[-0.290151566264713,44.623281397796916],[-0.290012746261399,44.623295893039746],[-0.289885487236142,44.6233139183941],[-0.289848018000846,44.623320440192884],[-0.289823746999789,44.623326118522996],[-0.289797376949087,44.62333474267705],[-0.289769689780969,44.623346739895744],[-0.289729880301184,44.62336504488358],[-0.289633583989565,44.62341422527555],[-0.289565856315194,44.62344705717514],[-0.289503701720558,44.623478101250356],[-0.28939603819595,44.62352707918782],[-0.289342836060243,44.623549386870486],[-0.289307313700449,44.62356332918202],[-0.289213377891041,44.6235945982791],[-0.289147596504795,44.62361538810922],[-0.289050511779114,44.62364458828989],[-0.288944133044686,44.62367667803028],[-0.288844020169675,44.62371236555532],[-0.288761692097261,44.623741486692076],[-0.288550980536907,44.62381479524077],[-0.288515730693108,44.62382692709351],[-0.288199604465583,44.62376722450729],[-0.28817525439286,44.623762903248966],[-0.28817051032068,44.6237745777582],[-0.288120581952279,44.62392437501161],[-0.28804900035557,44.624137709302744],[-0.287737490905724,44.624092284652775],[-0.287735449282979,44.62411568239],[-0.287733024509006,44.62414548892698],[-0.287730578743874,44.6241749356718],[-0.287714245555649,44.62437509259223],[-0.287811610113613,44.62438309835831],[-0.287781365391077,44.62451347801546],[-0.287878803772479,44.624503280476326],[-0.287934247610732,44.62461669393663],[-0.288007770733572,44.62476750333322],[-0.28795884925752,44.624778870429296],[-0.287988568145888,44.62485358363977],[-0.287965073021894,44.62485311136461],[-0.287949774676048,44.62497367553436],[-0.287944783682282,44.625011397514434],[-0.288103687148761,44.625023158484574],[-0.288102275382997,44.62505735001189],[-0.288421772543874,44.625077397022096],[-0.288423735448104,44.625117525123436],[-0.288424879638659,44.62515010882826],[-0.288426459495727,44.625203133243744],[-0.288424764509995,44.6252324675794],[-0.288410537681915,44.625364893738166],[-0.288405368565278,44.625412532526624],[-0.288402324808911,44.62543821272391],[-0.288388995188916,44.62554060745479],[-0.288373755294359,44.625662161144945],[-0.288365893909851,44.62572204413211],[-0.288352852795338,44.62582289850751],[-0.288344036244037,44.62589236097596],[-0.288323443279302,44.6260843553307],[-0.288313167698624,44.6261612497719],[-0.288301438393752,44.62625215364182],[-0.288277407648602,44.62645010708408],[-0.288272910060276,44.626483309204815],[-0.288265982585437,44.62651379039511],[-0.288252883336876,44.62656824277615],[-0.288243232058358,44.62659096593736],[-0.288225677100632,44.626627439927056],[-0.288216010054808,44.62664340572979],[-0.288192131063812,44.62668177987083],[-0.288153751432119,44.62673112767971],[-0.288123905215121,44.62677751843611],[-0.288084097919591,44.62684781290444],[-0.288005842291155,44.62699223584775],[-0.287997025270224,44.6270227732415],[-0.287956225222018,44.62721230524143],[-0.287929758016364,44.62734257265592],[-0.287925323252017,44.62735090409693],[-0.287902220495113,44.6273896154936],[-0.287883767712204,44.62741070829543],[-0.287873103300921,44.62742255893992],[-0.28786449095462,44.62743065425225],[-0.287657432084206,44.62759278506836],[-0.287488086176677,44.627726582069336],[-0.287449684488826,44.62775610731611],[-0.287434506433669,44.62776845260432],[-0.287364535914102,44.62784081543655],[-0.287341469497331,44.62786718133084],[-0.287291867211045,44.62793830748826],[-0.287265121450543,44.6279794698197],[-0.287239057946234,44.62801935038909],[-0.28716516025448,44.62814120707951],[-0.287120910851446,44.62820676767113],[-0.287106440884495,44.628231255934445],[-0.287003960523445,44.62834981788651],[-0.286846166218627,44.62853895472296],[-0.286705213498196,44.62869884715335],[-0.286573045276985,44.628873075046414],[-0.286435228792222,44.62905431866748],[-0.286161204359333,44.62941846950537],[-0.286046941237008,44.62956873717477],[-0.285976840058478,44.62965840297738],[-0.285935648669454,44.62970504032498],[-0.285896462294478,44.6297471128245],[-0.285853707050084,44.62978640808183],[-0.285820357513315,44.6298117278112],[-0.285781003708836,44.629837946882404],[-0.285730281780793,44.62986396330282],[-0.285681612110152,44.62988622440596],[-0.285637708393804,44.62989933336006],[-0.285530576488264,44.62991873716831],[-0.28545220101291,44.629931429200305],[-0.285404382307041,44.62993582422402],[-0.285336509314473,44.62994036487539],[-0.285080017043606,44.62996258640533],[-0.284838451352678,44.62998111991543],[-0.28461371706145,44.63000266671303],[-0.284362908279571,44.63002498795619],[-0.283966333283446,44.63005983968831],[-0.283880861728926,44.630067695614486],[-0.283658751509298,44.630082314555736],[-0.283536929132248,44.63008998882045],[-0.283397991091504,44.630102766774684],[-0.283355955717664,44.630108971373375],[-0.283238999577349,44.62998575951161],[-0.283063676370031,44.6298028304172],[-0.282881053555465,44.6299559362557],[-0.282810435836989,44.63001083502442],[-0.282608320407324,44.630095769907506],[-0.282613928349546,44.63001658196138],[-0.282432100411231,44.629871418571554],[-0.282263540002993,44.62973955670641],[-0.282087250651965,44.629838951198856],[-0.281838490725685,44.629980954271005],[-0.281730359908675,44.630048229319755],[-0.281551340322024,44.62987324678639],[-0.281423152285499,44.62974559114259],[-0.281447708375616,44.62971224431907],[-0.281347349649091,44.6296139471608],[-0.28122292347595,44.62967440711028],[-0.280982945871233,44.629791729241745],[-0.280738023296532,44.629908657000456],[-0.280452363510319,44.63004760746345],[-0.280242117467865,44.63014899799145],[-0.28017164384134,44.63005684086734],[-0.280001599343923,44.62984086254333],[-0.279945939795859,44.62976907967017],[-0.279827431766873,44.629619059512585],[-0.279768839532547,44.62954240788385],[-0.279697296598286,44.62945136350738],[-0.279586665915917,44.62931309320825],[-0.279556414920753,44.62927461547587],[-0.279524663896711,44.629229874970115],[-0.27949639863243,44.62917998519231],[-0.279478650343766,44.62913518955869],[-0.279473033214925,44.62911021722922],[-0.279472764036863,44.62908607734339],[-0.279478840356876,44.62906039759454],[-0.279485345896113,44.62904209363666],[-0.279498569572611,44.629022148651735],[-0.279516332068615,44.629008646565936],[-0.279542340923671,44.62898724092025],[-0.279562092267908,44.62897539178221],[-0.27973413572883,44.628887570617856],[-0.279936133601267,44.62878110965692],[-0.280161439808788,44.62866539660268],[-0.280255858713028,44.628616190493474],[-0.280282155979702,44.628593244334134],[-0.280466808643278,44.62846846546234],[-0.280585651193813,44.628390151282765],[-0.280639362282369,44.62835044282272],[-0.280670540265978,44.62832681105177],[-0.280701918066413,44.62830010980233],[-0.280742850080629,44.62825546451682],[-0.280769426221258,44.62822431048762],[-0.28082782325903,44.62814806078563],[-0.280902225217134,44.628047638527285],[-0.281030577907588,44.627872630173485],[-0.281118196710068,44.62775217267215],[-0.281341531180796,44.627440178903925],[-0.281464394823996,44.62728146161462],[-0.281502345971846,44.627224650390644],[-0.28151422015955,44.62720105095169],[-0.281856260366146,44.62728955764448],[-0.281986159828142,44.62732318316072],[-0.282101464606443,44.627353187305644],[-0.282173061305965,44.62719815427055],[-0.281572176035471,44.62706525515805],[-0.281592575829817,44.62701905674052],[-0.281602865133824,44.62699424289868],[-0.28160669847542,44.62697556763503],[-0.281622526426858,44.626889859200865],[-0.28163483602643,44.62682173542781],[-0.281644062780323,44.62677217452793],[-0.281654046005379,44.62671610367365],[-0.281666259746666,44.62665933585318],[-0.28167421516504,44.626620444980915],[-0.281677523184684,44.6266057498932],[-0.281774254735948,44.626622339752245],[-0.281789612473198,44.62656106345078],[-0.281822039817434,44.62642890897773],[-0.281836998633591,44.62636728410216],[-0.281812370071437,44.62636035667322],[-0.281815823966894,44.62635466765128],[-0.281899035083097,44.626379588066825],[-0.281880201066007,44.626413666103346],[-0.282035025730704,44.62645934602738],[-0.282125930605312,44.62648638048392],[-0.282149415187729,44.62649316161498],[-0.282166621666857,44.62646363706877],[-0.282274632997897,44.62626445269865],[-0.282397169419617,44.626022217566685],[-0.282354692356616,44.62601428864798],[-0.282474120556658,44.6257252015507],[-0.282119345705447,44.62564536487491],[-0.282151923334411,44.62556780887935],[-0.282161802838034,44.62554246653182],[-0.282172706596446,44.62550871408884],[-0.282190552145068,44.62543817323625],[-0.282189245304629,44.62538973609616],[-0.282184954743483,44.62536805836331],[-0.282176021965444,44.625325163862655],[-0.282171673792039,44.62530249669727],[-0.282159762168866,44.62524094904127],[-0.282121300036126,44.62513946296218],[-0.282115597622473,44.62511953913948],[-0.282111290694814,44.62510407906902],[-0.282093503218948,44.62502612679874],[-0.282176497337332,44.625001856603475],[-0.282191396781572,44.62499771980086],[-0.282198114364849,44.62499607861261],[-0.282213632628908,44.62499606821048],[-0.28224474773413,44.62499739662569],[-0.28226184552072,44.62499851065332],[-0.282281330926798,44.62500162615178],[-0.282352403071105,44.62501312080594],[-0.282358198647846,44.6249956486905],[-0.282396035904578,44.625001913321064],[-0.282445584934575,44.62481933248285],[-0.282513067573739,44.624567739877065],[-0.282412413456033,44.62455523186731],[-0.28220308664257,44.62452901208256],[-0.282038398248636,44.62450885465193],[-0.28206566657403,44.6244116335174],[-0.281922216820089,44.62439219667581],[-0.28189455162971,44.624469606682766],[-0.281858955708287,44.62446282480887],[-0.281789421954,44.62445173469562],[-0.281730648497248,44.62460593604747],[-0.281415975993921,44.62452562726109],[-0.281408461939457,44.6246046012335],[-0.281644637140302,44.624675888119405],[-0.281597345415086,44.62478676883529],[-0.281720149510204,44.62481564944477],[-0.281618131617745,44.62497473914446],[-0.281549826410917,44.62504326427906],[-0.281677967397101,44.6251247873969],[-0.281924773155635,44.62523558403925],[-0.281970393179543,44.62514799963341],[-0.282055609227724,44.625155380148435],[-0.282070022875106,44.62522739566546],[-0.282086599642522,44.62529105736988],[-0.282110032706788,44.62538145653303],[-0.282112340360373,44.625395083801976],[-0.282112323244563,44.62540778897459],[-0.282110143745073,44.62542236045193],[-0.282107118775589,44.62544191276058],[-0.282099206430307,44.6254750357244],[-0.282095851442332,44.62548892128245],[-0.28206854215304,44.62557244785902],[-0.282007022068621,44.62569249146577],[-0.281879493914755,44.62593352279255],[-0.281809875545536,44.62605101356437],[-0.281780176366889,44.62610001110129],[-0.28174892976144,44.626141936367],[-0.281697580772856,44.62620265960937],[-0.281652119578896,44.626312494874966],[-0.2816325857564,44.62640606229507],[-0.281599497206942,44.6265788732457],[-0.28156515809973,44.62676271401851],[-0.281545884322343,44.62687375388982],[-0.281530178256732,44.62694855610227],[-0.281511651299443,44.62700091607118],[-0.281489381504412,44.62706050539666],[-0.281440012481039,44.62718775659356],[-0.281406059970155,44.62724823343013],[-0.281359840320562,44.62732556354311],[-0.281312194437764,44.62739140266758],[-0.281166459947246,44.62757990244213],[-0.281061771890075,44.627719247997476],[-0.281052990119789,44.62773095194136],[-0.280973681714183,44.62783161008223],[-0.280827267749853,44.62802148110816],[-0.280782675940533,44.62808128245131],[-0.280728053303205,44.62815084248316],[-0.280677116782657,44.628205696205164],[-0.280525517098348,44.62834553280028],[-0.280366963301569,44.62821634477562],[-0.280120534437034,44.628372331008975],[-0.280034323511742,44.62842597879867],[-0.28021062948653,44.62857401275181],[-0.280187167682294,44.62858714349745],[-0.280100060307874,44.628631897645214],[-0.27989982704225,44.62873614405625],[-0.279824103725566,44.628774883554044],[-0.279604748277533,44.62888879742363],[-0.279494839404307,44.62894504021468],[-0.279458166088431,44.62896532065298],[-0.279421961816945,44.62900667149585],[-0.279401798106433,44.629037454684656],[-0.279393533982313,44.62905806342167],[-0.279390458739769,44.62908978118198],[-0.2793922498855,44.6291140561117],[-0.279394524615958,44.62913363128341],[-0.279406348094885,44.62917418764753],[-0.279421668787649,44.629203287128476],[-0.279457256138196,44.62924890496239],[-0.279560922168053,44.6293845888308],[-0.279824141969515,44.62971863201055],[-0.279991567317165,44.629928651328655],[-0.280105269507044,44.63007412858764],[-0.28023618405123,44.630242161515355],[-0.280308159109359,44.63033409384134],[-0.280219138729818,44.630378544401374],[-0.279991747857691,44.630491075574476],[-0.279855964836461,44.63055808814621],[-0.279680846203787,44.63064518973402],[-0.279579904974486,44.63069296695348],[-0.279407355234752,44.63055752493567],[-0.279318556326391,44.6304887073807],[-0.279203802645168,44.63055933001482],[-0.27912085769652,44.630610627504204],[-0.278766253978714,44.630826946009805],[-0.278603648279265,44.630927460511856],[-0.27846168202915,44.631011864604154],[-0.278431833827257,44.63098031259541],[-0.278410780799978,44.6309567892461],[-0.278288867735817,44.6310475362483],[-0.278256957619177,44.63107163953581],[-0.278161442794486,44.63114114972217],[-0.278149422176321,44.63114925522367],[-0.278029784958319,44.631246602113094],[-0.277950545658518,44.63119894466565],[-0.278085885963565,44.631280439077194],[-0.278211717545838,44.63135464665153],[-0.278291466003411,44.6314045414253],[-0.278320738741861,44.63142619910799],[-0.27830344319348,44.63143473141036],[-0.278272421766099,44.63144808595846],[-0.278236997493121,44.63145733620808],[-0.278187569993821,44.631466641397026],[-0.278145633605074,44.63146806552164],[-0.27807745993538,44.631467474637326],[-0.277971428285728,44.63146683524123],[-0.277872571499449,44.631465892838165],[-0.277807447192369,44.63146566186553],[-0.277765253229479,44.63146916587716],[-0.277708713560638,44.631479853136476],[-0.277665021252683,44.63149664683567],[-0.277629831060568,44.63151643211328],[-0.277606273260701,44.63152794324707],[-0.277680766233936,44.63158511253366],[-0.277736051606175,44.63163095770674],[-0.27775714766079,44.631648713256745],[-0.277777183273248,44.63166776171043],[-0.277817597010457,44.63169873023258],[-0.27788327311589,44.6317539983993],[-0.27791153774648,44.63177784859033],[-0.277880499153625,44.631797420708764],[-0.277839602502771,44.631823232062615],[-0.277854306908467,44.631835230301476],[-0.277864246280709,44.63184340528795],[-0.27795560073833,44.63191710398221],[-0.2779887247193,44.631946396480956],[-0.277967995263911,44.631960977442716],[-0.277963838852509,44.63198714078775],[-0.277977059579536,44.632019186115095],[-0.277987038510311,44.63204105573316],[-0.278013788197875,44.63208441331249],[-0.278080252722675,44.6321662386987],[-0.278258745050495,44.63236475970358],[-0.278289013657025,44.632397020157086],[-0.278299811381993,44.63241994671693],[-0.278305875393044,44.63243958973667],[-0.278304938247073,44.63245601647537],[-0.278301524347634,44.632468912518625],[-0.278297103456028,44.63247751343654],[-0.278285786056683,44.63248469704919],[-0.278271948418194,44.632526645483466],[-0.278278597843884,44.63253032272039],[-0.278280958333946,44.63253836206872],[-0.27828148161925,44.63254735695383],[-0.27827787932634,44.632557014838135],[-0.278273080517296,44.632565626965025],[-0.278263814849745,44.63257554294197],[-0.278006966882777,44.63274156428324],[-0.277671725944335,44.63294613173333],[-0.277423840741694,44.63307755619367],[-0.277217786027136,44.63318620483412],[-0.277123046910907,44.63323658897817],[-0.276754229115991,44.632896389055055],[-0.276709450209895,44.63285545789189],[-0.276538371986818,44.63294063235478],[-0.276555988513119,44.63295713974192],[-0.276521841838924,44.63297536193474],[-0.276289623498356,44.6330963177627],[-0.276173398904406,44.633154816618536],[-0.276382402649739,44.633409381902794],[-0.27649650272754,44.63354872413203],[-0.276594974879635,44.63352345900543],[-0.276645687206241,44.63352970448741],[-0.276630906634227,44.633555461919805],[-0.276625376480384,44.63357103366084],[-0.276621563293992,44.63358358106593],[-0.276618715146164,44.63359970402164],[-0.276620947252228,44.63361855969274],[-0.276624062048168,44.63363306420152],[-0.276629905932369,44.633648929465714],[-0.276698459757852,44.63380575044958],[-0.276799094977906,44.63403901963691],[-0.276799751413401,44.63406332826897],[-0.27679837834734,44.63407877677112],[-0.276792831183911,44.634100566207564],[-0.276784040989292,44.634118667423245],[-0.276773886889535,44.63413284449687],[-0.276762778187002,44.634143625917375],[-0.276748982210622,44.63415376617594],[-0.276726661493307,44.63416704250042],[-0.276710084085491,44.634174922511086],[-0.276684814557215,44.634183060216216],[-0.27645964552598,44.634256052185215],[-0.276002907226813,44.634402674931046],[-0.275860585078111,44.63444861155424],[-0.275722487797836,44.63449559412263],[-0.275616110930598,44.6345346984007],[-0.275562677125671,44.63455979916867],[-0.275516219855671,44.634581179094305],[-0.275480565405987,44.63459953572695],[-0.275409843497,44.634639835720684],[-0.275373253890594,44.63466164398297],[-0.275313312314388,44.6347050483877],[-0.275152133723794,44.63482389637617],[-0.275086742534929,44.634871246506506],[-0.274961377749251,44.634961461122764],[-0.27493460332378,44.63498279818785],[-0.274632178235892,44.63521828032361],[-0.274208025103975,44.63554801233142],[-0.273964447417169,44.635734354515066],[-0.273877113649388,44.63580154600699],[-0.273627354560347,44.6359923053861],[-0.273575198777144,44.636039442760044],[-0.273481662383874,44.636136732146404],[-0.273435800555089,44.6361814304415],[-0.273128567925377,44.63628874254368],[-0.272536806569117,44.636503232496615],[-0.272059136290517,44.63667451574549],[-0.2719721200351,44.63670160000431],[-0.271848368890526,44.636734997653406],[-0.271771537720871,44.636754932352474],[-0.271586884417346,44.63679571891204],[-0.271460226161571,44.6368246969697],[-0.271305931371779,44.63685368190765],[-0.271181857697477,44.636875014416624],[-0.271067307439893,44.63689083891466],[-0.270944794323212,44.63690644842421],[-0.270886988781178,44.63691500698746],[-0.270839514848147,44.63691893479333],[-0.270595798456836,44.63694011287565],[-0.270447775315371,44.636953232942744],[-0.270362160912237,44.63695882970608],[-0.270245597339373,44.63696606294351],[-0.270134681926804,44.636972768533255],[-0.269965112993108,44.63697994782924],[-0.269888943844148,44.63697868720736],[-0.269793546828912,44.636978806293094],[-0.269718250519767,44.63697301454132],[-0.26967509462619,44.63696654226938],[-0.269646573938407,44.636957834967085],[-0.269584280135533,44.636934718968014],[-0.269550223038983,44.636921940537626],[-0.269461258781826,44.63688285410362],[-0.269377249586163,44.63684434186403],[-0.269283327595495,44.63679810353578],[-0.269190643944055,44.63675363058134],[-0.269153909341714,44.63672732555939],[-0.269131985162295,44.63670833139812],[-0.26910581717846,44.63668144351666],[-0.269050740989331,44.63661306186971],[-0.268964891024205,44.636510179590424],[-0.268919322505248,44.63646863792539],[-0.268699801404734,44.63627383840786],[-0.268669286469625,44.63625032273016],[-0.26864086993944,44.63623034913808],[-0.268571596451838,44.63619131045372],[-0.268106747634629,44.63600286355003],[-0.268008280150364,44.635963065889044],[-0.267727977766517,44.63584944312744],[-0.267610129178077,44.635801838492426],[-0.267605872833651,44.63580025235759],[-0.267603149076793,44.63579898132779],[-0.2677388083333,44.635670627522074],[-0.267801161796601,44.63560994629682],[-0.267852716896258,44.6355523775179],[-0.267870890589181,44.63553282830769],[-0.267877369883951,44.635527050308255],[-0.26788386482702,44.63552154215681],[-0.267930812691626,44.63548897817607],[-0.268153487014685,44.63528786022789],[-0.26820134106206,44.6352448173019],[-0.268286016669294,44.635170861204344],[-0.268369589580482,44.63509747826791],[-0.268500637943786,44.63498106339535],[-0.268727254435054,44.63478271094949],[-0.268732693705827,44.6347785855215],[-0.268728721409937,44.63477536916464],[-0.268892101117969,44.63462898420789],[-0.268897136348884,44.63462442020278],[-0.268907569076519,44.63461501116619],[-0.268839343094058,44.63449610987368],[-0.268940724331429,44.63443607574266],[-0.26895792307232,44.63442583585705],[-0.268984645101997,44.63441008828153],[-0.269287691741746,44.63425677842526],[-0.269354127790858,44.63422084412126],[-0.269358170095519,44.63421874226526],[-0.269376817747484,44.634207378206725],[-0.269380041585293,44.634204219316445],[-0.2693897496283,44.634195372290336],[-0.269396202519564,44.63418914445826],[-0.269399269790173,44.634183287087595],[-0.269400038230191,44.634176957096756],[-0.269400332648292,44.63417550672821],[-0.269416823675344,44.63395732835432],[-0.269440014498403,44.6337632797984],[-0.269448492055959,44.63371365219277],[-0.269454661256272,44.63367643707849],[-0.269467578021423,44.63359892621509],[-0.269470168516154,44.63355875344103],[-0.269472199339948,44.633528508629354],[-0.269474735484571,44.633493923892466],[-0.269481580698608,44.633396589623],[-0.269486227419738,44.63339185687423],[-0.269525933584026,44.63337806774889],[-0.269560138027303,44.63336732468457],[-0.269689811844037,44.63332519439271],[-0.26990788083417,44.633214582894595],[-0.269959936820279,44.63318529080017],[-0.270084186548374,44.63311493784247],[-0.2701238589721,44.63310709633658],[-0.270145107649809,44.633101421815084],[-0.270171758786206,44.633090992148645],[-0.270222569096026,44.633066332071614],[-0.270438915580223,44.63295216629599],[-0.27045470636047,44.632943769899576],[-0.27052889352639,44.63290445184366],[-0.270548505151001,44.6328966631962],[-0.270599128348397,44.632881829780295],[-0.270668077981465,44.632856632696026],[-0.270692649391458,44.6328495081788],[-0.270709068613879,44.632845418125235],[-0.270775447086063,44.63283462355407],[-0.270851379702817,44.63281886079378],[-0.271105361432152,44.63275962435918],[-0.271119833614441,44.632754600729214],[-0.271173509836004,44.63272715226113],[-0.271372030075616,44.63262549599835],[-0.271379017132382,44.632621955343744],[-0.271372357702213,44.63261809779349],[-0.271378977293118,44.63261474822328],[-0.271402169353572,44.63260342949582],[-0.271404006677408,44.63260247407334],[-0.271407601064264,44.632605701517555],[-0.271408802674571,44.632606837298376],[-0.271409537604112,44.632606455129334],[-0.271470237142823,44.632576095506124],[-0.271472074464615,44.63257514008251],[-0.271488993488235,44.63256662003131],[-0.271536816039224,44.632542678491085],[-0.271591296582572,44.63250952946503],[-0.271649190579603,44.63246997210143],[-0.271682532384896,44.63244438677281],[-0.271707020400344,44.632416270316035],[-0.271711994434674,44.63240413927032],[-0.271715378503142,44.63239070373593],[-0.271714824932606,44.6323811691254],[-0.271708169303189,44.63236433654293],[-0.271700273612166,44.6323522260649],[-0.271690765173918,44.632344938827224],[-0.271634991221672,44.63229712292473],[-0.271633653835551,44.63229364846841],[-0.271639900688681,44.63229040001912],[-0.271690806959252,44.63227393583521],[-0.271705847244416,44.632246099058285],[-0.271730990316467,44.63220318618901],[-0.271741126800119,44.63216260973971],[-0.271750686457057,44.63213817893644],[-0.271764047938468,44.632107508529735],[-0.271778870244167,44.63208895888116],[-0.271779930845071,44.632087666030856],[-0.271786672354437,44.63207989774156],[-0.271788457430176,44.63207804282145],[-0.27179308818163,44.63207304013075],[-0.271820480553976,44.63205583032316],[-0.271828150206336,44.632051007977864],[-0.271852975563094,44.63203522571257],[-0.271868095507218,44.63202180315334],[-0.271969173622874,44.63193059915252],[-0.271970969133341,44.63192892412781],[-0.271988236320383,44.63191336559428],[-0.272002191151847,44.63189943688699],[-0.272032237644618,44.631869263609566],[-0.27205297045917,44.63184819623598],[-0.272130208430876,44.6317767097873],[-0.272157947121027,44.63175894901479],[-0.272256092981548,44.63169549340248],[-0.272293312315737,44.631671505039776],[-0.272303233618184,44.63166634567983],[-0.272346955595144,44.63164351631902],[-0.272355407066745,44.63163912130471],[-0.272429255076503,44.63160053277599],[-0.272432924400508,44.63159853194846],[-0.2724648198239,44.63158064801389],[-0.27253041653872,44.63154338498212],[-0.272565965543472,44.631523230340676],[-0.272616515638031,44.63150064919773],[-0.272741221488488,44.63144478629283],[-0.272773545092108,44.631434278094325],[-0.27279701325908,44.63142772638035],[-0.272914167647962,44.631404794566684],[-0.273021830899405,44.631387910352714],[-0.273064040769461,44.63138467799832],[-0.273115288887946,44.63138063732611],[-0.273148375170244,44.63138326158028],[-0.273165149059231,44.63138528769998],[-0.273169332082486,44.631385614331414],[-0.27317573548456,44.63138506426806],[-0.273188148714459,44.63138370548531],[-0.273206343660818,44.63139064521989],[-0.273216755948946,44.63139394098933],[-0.273241124418203,44.631396372893875],[-0.273286261720433,44.631397919356324],[-0.273422563467783,44.63139180992511],[-0.273560147530683,44.63125789514838],[-0.273644630986548,44.63120691683821],[-0.273659008487674,44.631200273796544],[-0.27367413133194,44.6311934284672],[-0.273696240905486,44.63118304233675],[-0.273740103031642,44.63116264105293],[-0.273813054497118,44.631134710367625],[-0.273820088246315,44.631131979101966],[-0.273825263857604,44.631129843502],[-0.273858133848266,44.63111571463845],[-0.273883487668404,44.6311025292498],[-0.273885687122149,44.63110129274498],[-0.273962462497,44.63106099456128],[-0.274067031338672,44.631010412040666],[-0.274089907014652,44.631000183339765],[-0.274106504759451,44.630992663527564],[-0.27417476427473,44.63096216848008],[-0.274212863531357,44.63094031586267],[-0.27432239480987,44.63087742205372],[-0.274427943521791,44.63083068460927],[-0.274429989798603,44.6308333270961],[-0.274434859051266,44.63083894947254],[-0.274535889464152,44.63096201131201],[-0.274911840068552,44.63081310270578],[-0.274907205360742,44.630791975536724],[-0.274941877085285,44.630300783208575],[-0.274864210792113,44.63025406821236],[-0.274814662354165,44.630222198039476],[-0.274891023815503,44.63014875322668],[-0.274812905163105,44.630107277631005],[-0.27494385326645,44.62997653107393],[-0.274769846750877,44.62988743878059],[-0.274582280157636,44.62979298138068],[-0.274564682975592,44.62972466348958],[-0.274546150783512,44.62965979724732],[-0.274538627523169,44.62964758583885],[-0.274527179041136,44.62963296782813],[-0.274488767787913,44.62960383107242],[-0.27456032185677,44.629636581096236],[-0.274604502364556,44.62966077138149],[-0.274655925510301,44.62968582828891],[-0.274653595364916,44.62961967104257],[-0.274714326937863,44.62954434678279],[-0.274594935398294,44.62948309986763],[-0.274425376744947,44.62939234355322],[-0.274573813442393,44.62921080136439],[-0.274614642772232,44.62915778188629],[-0.274780606658748,44.62924531057197],[-0.274831118160865,44.62919605877151],[-0.275378236080479,44.62849496569395],[-0.275329350557995,44.6284614542948],[-0.275260755590135,44.6284144708211],[-0.275609818351668,44.62816147549502],[-0.275826613260721,44.62799691720194],[-0.27603038378071,44.62784274608086],[-0.276245565384789,44.62767652276755],[-0.276450888283035,44.627516538156],[-0.276515021127724,44.62746724209229],[-0.27666142178207,44.6273550470848],[-0.276808163115299,44.627242211042656],[-0.276916460454046,44.62715826675116],[-0.276822724932815,44.6270955407681],[-0.276907360005388,44.627027795970434],[-0.277012775047052,44.626946369846465],[-0.277212996485083,44.626789868841406],[-0.277286336013162,44.6268338270352],[-0.277431369722451,44.626717706912046],[-0.277498236033675,44.62666337346188],[-0.277626025809678,44.6265631722473],[-0.278180799678883,44.62605979528324],[-0.278262970621571,44.625930221141594],[-0.278340206922449,44.625806920388655],[-0.278404082439719,44.62570771326335],[-0.278614649067046,44.62537132568815],[-0.278707836722346,44.625222953047086],[-0.278793186160214,44.62508949981399],[-0.278847848078345,44.62500110793702],[-0.278941821617639,44.624853252388384],[-0.279053223081211,44.62467316305888],[-0.279084146406192,44.62462566176974],[-0.279003203125496,44.6245876070181],[-0.279054399701206,44.62450472408923],[-0.279146434470127,44.62436260242608],[-0.27916514804421,44.62433294357269],[-0.279257429263388,44.62418856190111],[-0.27929581074022,44.62413263977513],[-0.279326565063994,44.624088747581546],[-0.2792594992746,44.624074519137416],[-0.279332054354027,44.62318781691],[-0.279358565343464,44.6229929465815],[-0.279375165649325,44.62284891860117],[-0.279375468031248,44.622828095653624],[-0.27937383832139,44.62281309668765],[-0.27936527967724,44.62277658834317],[-0.279340346103937,44.62271885095053],[-0.279313598694899,44.62264945389367],[-0.279301450122459,44.62261629582223],[-0.279297139948199,44.62259425820696],[-0.279292043721425,44.62256521582538],[-0.279290148156147,44.622539141986906],[-0.279295330967536,44.62248510612521],[-0.279300116019961,44.62242423418231],[-0.279291858649771,44.62230833548669],[-0.279284836628084,44.62227871953418],[-0.279270274589704,44.622243110185885],[-0.279257096258411,44.62221827222347],[-0.279240905707769,44.62219370385973],[-0.279209582823668,44.6221562492107],[-0.279196754137851,44.62214392528828],[-0.279123237101137,44.6220903327459],[-0.279116788758561,44.622083586115124],[-0.279104716828825,44.622064752256954],[-0.279047321370229,44.621975991318116],[-0.278919793545371,44.6217746995315],[-0.278784355231538,44.62156102784695],[-0.278720613073911,44.62146074162848],[-0.27888101928502,44.62142048105246],[-0.279104247915448,44.62136060552562],[-0.27943855201089,44.62127130292942],[-0.279516135972253,44.62125170038986],[-0.279589510412286,44.62123780916531],[-0.279828634956489,44.6211974633732],[-0.28019726249429,44.62113867593526],[-0.280344272462681,44.62111538995237],[-0.280491345133455,44.62109318315434],[-0.28061495997789,44.62107761946088],[-0.280802475885091,44.62105448180654],[-0.280915206817069,44.62104050238189],[-0.28100006212082,44.62102879221684],[-0.281129502021103,44.62100927061671],[-0.281259666070104,44.6209891867358],[-0.281377776168285,44.62097009138632],[-0.281402078426178,44.62096495460529],[-0.28142474891932,44.62095779388949],[-0.281480580829811,44.62093514165097],[-0.281628171112701,44.62087633579216],[-0.281677400223676,44.620863790965615],[-0.281976474137439,44.62078706010122],[-0.282114006750825,44.62075053763964],[-0.282212789961628,44.62072453682776],[-0.282287664562176,44.62070393152974],[-0.282338729452082,44.620696918307694],[-0.282420598664766,44.620679438982314],[-0.282471029006295,44.62066802945925],[-0.28248977364729,44.6206649497113],[-0.282500295161438,44.620663646008786],[-0.282513933578664,44.62066387158106],[-0.282524218705726,44.62066500770268],[-0.282534519548807,44.620666413668026],[-0.28254643646887,44.620669573700404],[-0.282561438864224,44.620673723316564],[-0.282623164082109,44.62069378484413],[-0.282674472599913,44.620716949022054],[-0.282714389359955,44.620732972991746],[-0.282724076015453,44.62073682999111],[-0.282733327218029,44.62073970878395],[-0.282744777276995,44.62074135090001],[-0.282755875704295,44.62074345398089],[-0.282763112041666,44.62074423013826],[-0.282771466142934,44.62074470277565],[-0.282779752138209,44.620744006085495],[-0.282788730919518,44.62074220756602],[-0.28279879079097,44.62073947588849],[-0.28281035672949,44.62073660936152],[-0.282818863379998,44.620733202996675],[-0.2828273176394,44.62072889714894],[-0.282837209857866,44.62072328712484],[-0.282859964510959,44.620711077789885],[-0.282889929903013,44.6206927073612],[-0.282983936095687,44.62062368801739],[-0.283036430677034,44.62058924041208],[-0.283042654619451,44.62058563154064],[-0.28304817530319,44.62058294460269],[-0.28305630932986,44.62057963939388],[-0.283090545348089,44.62056961178386],[-0.28337854992604,44.62047833878473],[-0.283542949955991,44.62042227452507],[-0.283724981621639,44.62036352354223],[-0.283781808222052,44.62035147280228],[-0.283814778982829,44.62034571744612],[-0.283856864675746,44.620340502126396],[-0.283903463284316,44.62033479225239],[-0.28399382655304,44.620326700412],[-0.284105799120676,44.62031922769243],[-0.284097040618641,44.62039625654697],[-0.284470986931183,44.62038342972409],[-0.284551196544077,44.62036996269468],[-0.284712546720788,44.62039147670788],[-0.284821985994469,44.62045093570579],[-0.284883002540534,44.620484802959886],[-0.284950426081624,44.62052469688261],[-0.285509996932199,44.62057969260861],[-0.285556313325808,44.62099765945249],[-0.285597787669928,44.62139747922417],[-0.285617629169779,44.62139373560441],[-0.285723144386109,44.62137284759859],[-0.285674157726526,44.62055201499691],[-0.285790407197947,44.62054648579286],[-0.28589086666182,44.62054277758401],[-0.285898035056817,44.62066573659872],[-0.285986052700674,44.62066284881853],[-0.286066435161139,44.620658836471605],[-0.286205223235846,44.62065038395512],[-0.286470987023663,44.620632117752436],[-0.286523981835052,44.62064522848464],[-0.286562411986823,44.620389091002025],[-0.286590995216577,44.62021073587645],[-0.28662454491728,44.62013053652117],[-0.28671982422724,44.620128873801484],[-0.286750910527142,44.620129751205994],[-0.286775248486197,44.62013173037731],[-0.286795566783135,44.62013617181727],[-0.286920850656136,44.62016875698242],[-0.287023150595062,44.6201966194963],[-0.287105704322767,44.62021686987679],[-0.287153120854217,44.62022519052158],[-0.287185986045359,44.62023061019209],[-0.287210339801065,44.62023285911168],[-0.287232809692129,44.620235254174865],[-0.287328440752852,44.62023312995048],[-0.287472385861267,44.620228757273495],[-0.287514623275277,44.62022614905318],[-0.28760081931294,44.62021799802162],[-0.28766687007237,44.6202083739298],[-0.287741579238378,44.620197951546814],[-0.287940402996629,44.62016761724843],[-0.288216113246792,44.62012526331462],[-0.288496267721927,44.6200812446452],[-0.288745335541957,44.620042835927045],[-0.288791539843297,44.620036865395114],[-0.289049533728682,44.620028194982595],[-0.289209729719968,44.6200234263958],[-0.289263684712208,44.620027046294936],[-0.289324141403319,44.620031824181645],[-0.289580000772053,44.62007736867575],[-0.289670620564019,44.62009314212891],[-0.289696910714016,44.62009614378893],[-0.289720828941286,44.620097413977405],[-0.289743855027937,44.62009636801356],[-0.289757760907919,44.620094692538125],[-0.290001317714062,44.62004617316765],[-0.290256072190256,44.61999497710268],[-0.290345142767461,44.619977727893286],[-0.290568957682889,44.619934660749465],[-0.290739909618021,44.619906683146574],[-0.290825821110045,44.61989367241959],[-0.290925586149519,44.61988457402064],[-0.290954478673283,44.619880289534265],[-0.290988130537946,44.61987325026488],[-0.291013103054522,44.61986664970261],[-0.291042446583241,44.61985712571449],[-0.291126982199898,44.61982703592479],[-0.291347152127083,44.61974749341756],[-0.291391949321894,44.61973687827757],[-0.291428665613788,44.61973046842153],[-0.291454976324641,44.619727341959596],[-0.291481360570616,44.61972547476026],[-0.291643896343173,44.619728381882204],[-0.291856546210207,44.61974042807811],[-0.29186432321557,44.61974398076401],[-0.291868437612083,44.61974962486039],[-0.291868700278939,44.61975412224831],[-0.291866366340391,44.61977248294758],[-0.291829408348977,44.61993676282923],[-0.291740759112631,44.620304686532194],[-0.291672585649284,44.620601989180656],[-0.291496075771995,44.62064500095254],[-0.291425401964716,44.62065323327514],[-0.290935783642625,44.620675025122246],[-0.290951192260295,44.62092595708853],[-0.290968775994307,44.62122710248483],[-0.291258613419892,44.6212386531647],[-0.29143004320129,44.621244719779526],[-0.291570370267313,44.621249640244045],[-0.291623512880859,44.62124796707825],[-0.291629243733176,44.621168955092315],[-0.291816158617078,44.62116798219738],[-0.291950749379802,44.62116541419681],[-0.291954701530235,44.62109699737934],[-0.291971913133758,44.620931593706885],[-0.291651578675173,44.62092924303479],[-0.291951691136818,44.61978183467084],[-0.291969736683325,44.61977327775994],[-0.29199456719518,44.61976424838685],[-0.292027688688268,44.619754611573],[-0.292062458037895,44.619747268364],[-0.292088726691949,44.619743422169236],[-0.29214004692759,44.619740811862535],[-0.292206774103231,44.61974278831939],[-0.292241817091513,44.619746609831225],[-0.292281625079485,44.61975425394333],[-0.292340833641372,44.6197700600913],[-0.292515185759492,44.619826225910046],[-0.292684286056305,44.61988966620764],[-0.292774147099917,44.6199248321709],[-0.292799703246314,44.61993470289711],[-0.292823307245857,44.61994355054128],[-0.292859069790912,44.6199532072003],[-0.293038937330862,44.62000010732663],[-0.293062693238728,44.62000507590828],[-0.293086732375145,44.62000841416587],[-0.293109039510752,44.620008019655565],[-0.293143499376161,44.62000185668634],[-0.29321564602971,44.619986461095884],[-0.293238771282018,44.61998063591535],[-0.29325851717573,44.619975271867816],[-0.293289061578026,44.61996039532561],[-0.293416879432561,44.61989378292023],[-0.293440954127913,44.61988477574451],[-0.293477822097706,44.619874486195584],[-0.293514002744126,44.6198653884776],[-0.293552954254684,44.619858370659735],[-0.293794004612882,44.61981883785329],[-0.293967450197078,44.61982060541427],[-0.294032976408529,44.619827932733806],[-0.294178550328699,44.6198579225954],[-0.294320713520201,44.61988783375007],[-0.294648304788853,44.619936724322784],[-0.294588272544346,44.62006871516866],[-0.294436179117675,44.62040636596896],[-0.294346305227977,44.620558799060774],[-0.294235857629183,44.62073482206793],[-0.294126855710549,44.62094206808996],[-0.294090733140211,44.62101045296905]],[[-0.285536272588816,44.62266662173535],[-0.285536806813843,44.62268877145201],[-0.285537225375559,44.62271542981143],[-0.285537371887574,44.62272443586219],[-0.285538853047098,44.62280827871352],[-0.285513511543183,44.622808581675145],[-0.285513741329198,44.62283200190183],[-0.285515080881971,44.62291341615638],[-0.285515075020538,44.62292630121357],[-0.285516419820986,44.62300780541929],[-0.285516932449892,44.623042570352226],[-0.285517512627772,44.623091479618154],[-0.285518752565128,44.62317118486549],[-0.28551961096163,44.623218373884065],[-0.285522456359439,44.62341651828165],[-0.285524043934596,44.62358010011892],[-0.285459830778662,44.62369923476372],[-0.285364226579208,44.62388372709726],[-0.28532019797829,44.623966039695176],[-0.285311999014914,44.624000703223196],[-0.285214894464515,44.62435427533531],[-0.285158069014413,44.62456770937987],[-0.285099788680153,44.62479515279032],[-0.285077526634954,44.62489375778122],[-0.285016288866767,44.625252300483396],[-0.285048306695706,44.62525612419626],[-0.28503101884649,44.62545955264098],[-0.285008499882163,44.625547262668114],[-0.284945449180796,44.625744843162515],[-0.284862622793898,44.62586290887731],[-0.284847048392181,44.62592040775993],[-0.284832035701998,44.625974556090114],[-0.284827915148782,44.62598828430113],[-0.284773139606499,44.62618498798879],[-0.284734032708649,44.6263258118595],[-0.284400916206615,44.626305978586934],[-0.284401377068727,44.62632038155241],[-0.284398909376125,44.626336493432426],[-0.284390661008484,44.62638980992332],[-0.284377345726819,44.62647958897841],[-0.284700098372916,44.62649693717747],[-0.284688011924855,44.626581814137175],[-0.28467599399854,44.62666137291468],[-0.284631736484031,44.626661877453465],[-0.284632028418216,44.6266928646095],[-0.284631775959867,44.626701522113365],[-0.284639262182603,44.626829968354514],[-0.284645112783777,44.626930350715156],[-0.284578833871736,44.62692970768314],[-0.284604554000616,44.62711122396606],[-0.284772963421009,44.627097658381814],[-0.284772968663713,44.62709774833018],[-0.2850160061058,44.62793588173154],[-0.28480921764328,44.628583390412786],[-0.284969998200609,44.62860771498359],[-0.285037060699917,44.62861527257517],[-0.284934301593937,44.62838495711937],[-0.285453693898606,44.62848313850053],[-0.285498400439792,44.628451354143344],[-0.285521882234974,44.62843209454833],[-0.285590533732918,44.628350040912025],[-0.285538723444803,44.628110642461856],[-0.285526676145786,44.628053333908234],[-0.285497976284901,44.62766493680799],[-0.285482715945657,44.62741616218267],[-0.285468434863654,44.62710626780701],[-0.285463560958888,44.626964228253314],[-0.285433866083217,44.62676652140897],[-0.285428504451951,44.626726494335294],[-0.285427895862202,44.626722547843734],[-0.285412555618654,44.62661523928438],[-0.285164310452701,44.62658387456393],[-0.285180338765417,44.626475723571055],[-0.285194072924226,44.62638016526119],[-0.285203003196747,44.62631907945646],[-0.285207738184626,44.62629641264763],[-0.285211648934808,44.626279086488665],[-0.285302606083511,44.62602778500128],[-0.2852440699971,44.62601060335426],[-0.285254391004344,44.62594740380982],[-0.285330123555361,44.625785577840965],[-0.285393584611434,44.625647003113635],[-0.285404008325376,44.62562452758641],[-0.285455003683059,44.62551236353757],[-0.285478149926712,44.62546139724836],[-0.285526972234061,44.625350919647346],[-0.28555035492616,44.62529102600029],[-0.285590160539044,44.62518820499623],[-0.285619421576601,44.62511227822437],[-0.285634726643664,44.62506965441511],[-0.285666906101734,44.62497886377558],[-0.285682856682315,44.6249343285792],[-0.285686751170956,44.624923220075665],[-0.285686546656591,44.62491971209455],[-0.28568401208969,44.624915192144144],[-0.285679593496389,44.62491081831642],[-0.285659699201022,44.62489419994698],[-0.285655684684797,44.62489026462469],[-0.285654661537648,44.6248856997344],[-0.285653465341917,44.624878166552364],[-0.285658104488847,44.62476296561612],[-0.285666857458889,44.62465989652986],[-0.285676860189356,44.62453931008288],[-0.285710713816609,44.6244382878915],[-0.285793115443445,44.62422211071688],[-0.285811154506601,44.62417444986453],[-0.285813438981916,44.62413572726219],[-0.285818281163884,44.62404998435426],[-0.285820833351522,44.62400936160618],[-0.285821999181298,44.62399040507296],[-0.285823910764659,44.623958271162074],[-0.285813258933527,44.62367818386826],[-0.285818842716643,44.62367657616693],[-0.28581342009996,44.62359005725088],[-0.285804158881919,44.62343769627184],[-0.285795254027768,44.62329793928036],[-0.285789117749899,44.62321216243182],[-0.28578558801118,44.62316460232141],[-0.285784512723293,44.62315265045044],[-0.285781806569196,44.62311272469983],[-0.28577986603342,44.623085931381816],[-0.285779021759928,44.62307144972732],[-0.285773960534446,44.62300411225865],[-0.285766848675585,44.622908092563804],[-0.285759401232752,44.62280631619008],[-0.285761936552616,44.622791373627905],[-0.285764859918506,44.622783087229216],[-0.285774658093992,44.62276937036867],[-0.285780982014419,44.62276098285264],[-0.285807547538418,44.62272973773116],[-0.285824918487828,44.62270957850197],[-0.285828119771017,44.622706059353774],[-0.285835115451165,44.62269621019367],[-0.285839917509506,44.62268768771989],[-0.285858684961103,44.62265252968069],[-0.285887896858805,44.62258228088143],[-0.285888909570049,44.622456825887596],[-0.28588916367791,44.62240275588519],[-0.285889323126615,44.62235355431877],[-0.28571691380159,44.62236318626202],[-0.285530545416054,44.622373593401925],[-0.285531340888548,44.62241970302787],[-0.285534712784374,44.622581429666205],[-0.285536272588816,44.62266662173535]]],[[[-0.293572210033833,44.619721558917796],[-0.293518550003181,44.61972946568634],[-0.293481188687699,44.61973778766081],[-0.293430268561302,44.619753722108676],[-0.293365417623491,44.61978385771488],[-0.293326236660581,44.619806380252335],[-0.293285854472713,44.61983425473352],[-0.293272925133611,44.619839685934075],[-0.293187458614421,44.61989269164386],[-0.293162523128711,44.61989992233126],[-0.293142929089867,44.61990140734986],[-0.293127774282875,44.619901138182456],[-0.293103268030232,44.619896282083175],[-0.293062399387853,44.619883443819724],[-0.293011313887733,44.619870639716744],[-0.292965795846617,44.619855957687214],[-0.292931638666584,44.6198413875884],[-0.292949177129383,44.61954559306585],[-0.293035262094734,44.619548523886145],[-0.293047544360193,44.61940245916458],[-0.292813905454865,44.619387436614026],[-0.292867115993885,44.619086794719244],[-0.292889805295696,44.6190799914486],[-0.292938018301901,44.619076031685246],[-0.293211114438517,44.61906681122899],[-0.293401023214531,44.619058898286966],[-0.293427380804555,44.619056580885406],[-0.293494546881599,44.61904664968934],[-0.293590662640289,44.61903342270285],[-0.293765929232219,44.619008104926934],[-0.293772437177901,44.61912594760328],[-0.293793178085348,44.61947439354338],[-0.293807753448971,44.61971733091385],[-0.293801147217135,44.61972086170501],[-0.29377921801772,44.61972124509237],[-0.29374307828205,44.61971808748886],[-0.293626153880823,44.61971850929761],[-0.293572210033833,44.619721558917796]]],[[[-0.292220577963601,44.63362514195232],[-0.292122613511244,44.63360715578628],[-0.292057889971785,44.633594396630926],[-0.291979477588651,44.63358060349955],[-0.291892032164396,44.63356771009871],[-0.291797836929757,44.63355591871664],[-0.29169002118235,44.63354426260762],[-0.291589013517103,44.63353898127911],[-0.291497669055448,44.63353710636692],[-0.291399999939735,44.633537131722704],[-0.291259075968594,44.6335419591936],[-0.291127767856922,44.63354938349135],[-0.290995488827714,44.6335596297893],[-0.290772427320566,44.63357762488485],[-0.290600215623013,44.63359122221005],[-0.290371863103598,44.63360937402225],[-0.290124320970961,44.63362953829434],[-0.289826311763421,44.63365417769971],[-0.289673362615729,44.63366701997909],[-0.289479714403125,44.6336830556941],[-0.289289740193197,44.63369717963004],[-0.289225505598355,44.633699271544714],[-0.289148259218924,44.63369895741403],[-0.289056258408999,44.63369232446796],[-0.288986433695454,44.63368295910676],[-0.288907901192656,44.63366709498416],[-0.288859921941226,44.63365581799739],[-0.288797461238213,44.633636411980596],[-0.288751817688764,44.63361974927288],[-0.288705565272896,44.63359914006238],[-0.288650032979991,44.63356871524984],[-0.28860752296497,44.63354087637956],[-0.288575148396275,44.63351805208353],[-0.288535577756249,44.63348868405312],[-0.288517007511897,44.633468872969715],[-0.288480313180542,44.6334239213495],[-0.28834251695341,44.63320987813195],[-0.288281935886325,44.63313184795361],[-0.288243462644278,44.63308884139608],[-0.288174578361045,44.633024213476716],[-0.288131738328889,44.63299070768035],[-0.288074669086341,44.63295339028928],[-0.287881858215974,44.63282802432855],[-0.287817288945922,44.63278543356079],[-0.288060115132728,44.63265855069276],[-0.288069352803246,44.63266764673457],[-0.288117651169864,44.632716848548604],[-0.288163540516884,44.63269232639472],[-0.28840067072792,44.63257164921973],[-0.288286978672047,44.6323165220378],[-0.28827085999447,44.63227384154657],[-0.288193636564484,44.63229983664801],[-0.288148004742224,44.63231579122826],[-0.288023905319396,44.632375348166484],[-0.287975523069222,44.632396069935496],[-0.287832438855931,44.632454659675346],[-0.287710186447396,44.63250046541233],[-0.287566199021748,44.63255007121149],[-0.287476787467914,44.63257480646716],[-0.287414223037481,44.63258603834406],[-0.287343418225906,44.632592289230345],[-0.287307197550586,44.6325619201211],[-0.287265140430808,44.63252884125616],[-0.287246592047371,44.6325029022336],[-0.287202126368673,44.63244151207272],[-0.28729945932116,44.63233842082698],[-0.287354161864831,44.63227029661067],[-0.287476961301965,44.6321170704366],[-0.287582208414862,44.63198743299616],[-0.287621069665029,44.63194627058813],[-0.287683722973361,44.63189115504182],[-0.287738093736672,44.63184980152537],[-0.287802232091279,44.63180716625442],[-0.287931227539983,44.63172773100415],[-0.288038425167329,44.63166399156306],[-0.288069376171197,44.63164946494566],[-0.288105759449243,44.63163720952029],[-0.288139324213504,44.631628552015435],[-0.288329223477939,44.63160028568944],[-0.288608101761713,44.63155936975943],[-0.288944782166303,44.63150997512146],[-0.289099095365438,44.63148817274559],[-0.289182925502428,44.631478109061845],[-0.289281934508153,44.63146867480564],[-0.28935630153277,44.63146510985046],[-0.289416486967935,44.631465030500365],[-0.289469954260849,44.63146659275211],[-0.289516745421039,44.63147051620166],[-0.28956322695015,44.63147562020723],[-0.289625307461685,44.631488549499366],[-0.289687603290751,44.631505166635954],[-0.289743721695657,44.63152620253638],[-0.289778420561233,44.631543460885624],[-0.289797447095862,44.63155812219298],[-0.289817796376308,44.631575987887686],[-0.289853204590863,44.631618364279646],[-0.28988760519388,44.63166293316739],[-0.289940770910743,44.63175010353996],[-0.289984625631894,44.6318334062612],[-0.290016612445633,44.63188849910931],[-0.290049838267291,44.63195184469067],[-0.290084286927308,44.63201019810867],[-0.290111554875609,44.63204930269169],[-0.290139573189656,44.63208180729412],[-0.290166452353473,44.63210776816653],[-0.29019469609769,44.632131165479606],[-0.290237242596749,44.63215963336244],[-0.290282759835127,44.63218711174127],[-0.29032989352245,44.6322098565376],[-0.290369552986342,44.63222777797954],[-0.290412529561849,44.63224415897525],[-0.290457311638574,44.63225904452586],[-0.290526909516748,44.63227751623053],[-0.290582944690124,44.632290625012836],[-0.290634161420055,44.63229901158338],[-0.290710025884326,44.632308105917126],[-0.290817718250257,44.6323176941663],[-0.2912758025163,44.632363522317036],[-0.291404778858734,44.63238103610137],[-0.291536233243453,44.63240856766107],[-0.291719923300959,44.632448960032775],[-0.291843536602515,44.63247834666247],[-0.291897583351531,44.63249628957049],[-0.291966631552597,44.63252477838997],[-0.292014569302435,44.63254830949219],[-0.292059646758459,44.63257471902193],[-0.292209529712077,44.632671441933304],[-0.292289964615165,44.63272635247815],[-0.292460240985214,44.63284165988574],[-0.292596840792726,44.63293778688494],[-0.292693968461793,44.63300625619758],[-0.29277414729545,44.63306324646452],[-0.292905220932336,44.63315548305111],[-0.293019703816544,44.6332488445649],[-0.29309964321349,44.63332115957166],[-0.293162208349809,44.6333811973455],[-0.293239975860066,44.63346168641398],[-0.293264736840178,44.633490232660634],[-0.293066774769968,44.63355551036735],[-0.29272045870787,44.63366043864994],[-0.29255837501026,44.63371131098754],[-0.292355022628644,44.63365844038576],[-0.292220577963601,44.63362514195232]]],[[[-0.291015936019882,44.63509593743516],[-0.290909591200433,44.63516785389377],[-0.290791667096308,44.63524245773471],[-0.290709129700826,44.63528771496445],[-0.290680145787179,44.6353035353064],[-0.290574597196857,44.63535668592932],[-0.290519169351128,44.635379961274204],[-0.290475608889669,44.63539252123533],[-0.29043256789316,44.63540101100014],[-0.290406680259473,44.63540502547049],[-0.290350411916779,44.63541390899102],[-0.290273273956114,44.63542845963035],[-0.290210003821286,44.63544710262078],[-0.290146828181596,44.63546736464619],[-0.290091767470704,44.63549044863086],[-0.290044139156024,44.635511148829856],[-0.289986528037831,44.635555393186216],[-0.28995645222569,44.635578454210915],[-0.28986080841309,44.635671586103925],[-0.289836795051798,44.63569473695445],[-0.289771368826968,44.635773723922505],[-0.289659065097792,44.63590573612136],[-0.28957793950208,44.6360206013958],[-0.289516276369595,44.63611218096664],[-0.289429471028053,44.63624001003765],[-0.289324755549905,44.636365849119436],[-0.289040654011681,44.63617499214594],[-0.288978956455645,44.63612979347274],[-0.28894871648006,44.63609816553825],[-0.288932228960872,44.63606865129562],[-0.288914927769031,44.63603168257397],[-0.288893122648313,44.635969438349754],[-0.28883920738188,44.635720281340696],[-0.288705862174715,44.63510261705632],[-0.288691647571019,44.635040687599464],[-0.288686671316532,44.635007316740065],[-0.288677222957148,44.634968672671484],[-0.288629042470116,44.63486315207729],[-0.288548875204995,44.6347155132066],[-0.288416214258716,44.634518166638486],[-0.288360686318701,44.63443593136392],[-0.288189641969068,44.63416466946474],[-0.288136744396871,44.63405613541578],[-0.288090502484728,44.63396434300451],[-0.288076162820012,44.633926204855065],[-0.288069087484786,44.633902267321304],[-0.288065124707319,44.63387328143567],[-0.288065208731487,44.633855258019736],[-0.288071554578687,44.63383425506981],[-0.288087663197435,44.63380539288648],[-0.288109440485409,44.63378284958274],[-0.288139101441358,44.63375917068074],[-0.288169077296679,44.63374088867644],[-0.288212106866482,44.63371924484131],[-0.288489914105483,44.63360789956364],[-0.288571706096313,44.63365367182117],[-0.288607865067201,44.63366998608862],[-0.288691772368683,44.6337001072253],[-0.288780025788476,44.63373334274009],[-0.288838859636121,44.63374898219826],[-0.288867308165841,44.63375642526246],[-0.288973633172949,44.63377497643285],[-0.289077333758915,44.63378747849044],[-0.289139526744642,44.63378932192269],[-0.289179764029881,44.6337911880036],[-0.289244093239384,44.6337907151862],[-0.289323355194616,44.633786644243806],[-0.289484099290106,44.633777625165735],[-0.289712064361695,44.63375930653758],[-0.28975652677116,44.63375573047119],[-0.290179551783689,44.63371962066281],[-0.29044224229024,44.63369954590879],[-0.290679339368818,44.633675547107686],[-0.290681161213453,44.63368729657927],[-0.290808202362454,44.63367810767437],[-0.290871906624302,44.63367341759258],[-0.290922793393165,44.63366964976165],[-0.291103639433505,44.633654803673046],[-0.291162152698286,44.63365197998994],[-0.291292868086348,44.63364736655577],[-0.291317411323793,44.6336462752422],[-0.291411952258146,44.63364454103027],[-0.291593161408979,44.63364887563112],[-0.291679000266204,44.63365370769211],[-0.291702157957601,44.63365482007299],[-0.29175664068174,44.633660766173804],[-0.291796469183066,44.63466010326796],[-0.29180909812479,44.63466243027288],[-0.291843420796028,44.63466672418639],[-0.291941475471869,44.63467326466319],[-0.291975282267983,44.634733528980156],[-0.291639507949728,44.634850574119895],[-0.291442710133238,44.63492293235881],[-0.291190342749015,44.63501613732283],[-0.291092678321097,44.63505517755492],[-0.291054771623562,44.63507378662913],[-0.291015936019882,44.63509593743516]]],[[[-0.288486923004916,44.637883454989364],[-0.288428410961658,44.63800963048025],[-0.288405582383272,44.63804662187497],[-0.288333553267879,44.63816175616003],[-0.288287696338314,44.63821934578219],[-0.288233398589304,44.63828799906484],[-0.288177987873476,44.63835704584749],[-0.288122466772787,44.63843717876731],[-0.288024578701985,44.63859579174716],[-0.287983214387031,44.63867198937512],[-0.287976852293016,44.63867325988631],[-0.287575294323457,44.63875999127748],[-0.287175124795634,44.63892245794883],[-0.287133518686943,44.638942617285814],[-0.287105707589206,44.63896561012577],[-0.287044300390151,44.63902276059576],[-0.287021622803736,44.63905587268715],[-0.286951568811564,44.6391595039594],[-0.286923299845162,44.639226571570376],[-0.28691253810171,44.639256265731674],[-0.286901456415263,44.63927398547912],[-0.286876710639633,44.63929760794072],[-0.286831109037663,44.63933365429338],[-0.286795465599353,44.63935868204901],[-0.286541543711427,44.63907519423365],[-0.286392694948064,44.63891193518185],[-0.286350957409332,44.63892984550712],[-0.285920053354341,44.63845501007201],[-0.285370216622416,44.637849272411465],[-0.285173666709628,44.637945669583125],[-0.285090213005628,44.63789093356376],[-0.284792259400997,44.637715615030906],[-0.284590591972022,44.637633305699595],[-0.284715332067805,44.63722079440326],[-0.284579022454503,44.6371490673042],[-0.284022199285585,44.63676726111168],[-0.283963406416952,44.63681081644968],[-0.283724671144539,44.63696937506355],[-0.283685673059615,44.63700179992534],[-0.283608789067805,44.637072743668575],[-0.283529937649816,44.63712941918992],[-0.283507333763872,44.6371443272036],[-0.283403972792556,44.63721569693709],[-0.283133418124673,44.63738700312173],[-0.282932942684942,44.63750703009642],[-0.282816804981311,44.63756706516382],[-0.282666672756848,44.637634957670045],[-0.282670649717999,44.63754725802616],[-0.282670208745668,44.63749419960065],[-0.28265307481487,44.637395052951426],[-0.282630917708488,44.63729416329739],[-0.282618067723843,44.63724255467146],[-0.282596357524762,44.637188325845116],[-0.282490351828886,44.63692836914677],[-0.282438358056881,44.63678971078878],[-0.282407561401685,44.636741968998535],[-0.282396003974785,44.63673204032383],[-0.282375072229908,44.636717163985566],[-0.282358591193984,44.636707201316874],[-0.282332462034677,44.636700588716806],[-0.282299970882782,44.63669524629423],[-0.282243801339263,44.636738362357754],[-0.282425483648035,44.637952980972265],[-0.282198195715896,44.637937745074154],[-0.282055340224984,44.637929102165636],[-0.281856938496526,44.63791580106191],[-0.28171479708699,44.63790641567883],[-0.281561569680574,44.637895196746086],[-0.281246537624566,44.63787499517541],[-0.281349782773844,44.63732049125213],[-0.281328166962895,44.6373198715147],[-0.281209411362618,44.63731546783574],[-0.281118738437343,44.63731221267517],[-0.28101708436488,44.637308922996795],[-0.280998524321953,44.63730226559717],[-0.280927212585598,44.637280414676795],[-0.280818161189464,44.637247609962365],[-0.280769251804352,44.63723338357294],[-0.280595704239045,44.63708770011102],[-0.280499095667072,44.637041010133764],[-0.28053963639594,44.636833467950474],[-0.280576535376394,44.63665441671292],[-0.280093946408512,44.6366237774045],[-0.279846520715034,44.63659417716974],[-0.279815646307913,44.636590588135775],[-0.279639827343333,44.636568413598106],[-0.279571569954379,44.63655998686283],[-0.279427677706397,44.63672860653721],[-0.279158013783107,44.63704548474026],[-0.279050817815507,44.637168143245006],[-0.279012989526062,44.63715565974853],[-0.278665470020005,44.6370454995873],[-0.278371474116557,44.636950780525986],[-0.278370667041059,44.63694341591795],[-0.278376310336791,44.636910270384604],[-0.278374191517506,44.63689988114074],[-0.278368515405532,44.636880406778886],[-0.278341489901084,44.636838859394715],[-0.27832895453824,44.636812109832164],[-0.278452349502535,44.636662030416346],[-0.278605496153456,44.63647673861175],[-0.278678798007743,44.63638968602661],[-0.27875658296627,44.63639269472836],[-0.278782150440578,44.63639617117023],[-0.278807801662857,44.63640108678955],[-0.278829684662255,44.636276183891276],[-0.278859338911047,44.63610266448379],[-0.278849026239964,44.63602953547834],[-0.279072165114603,44.636006156268245],[-0.279381016316305,44.63597239442529],[-0.279638270134867,44.63596926644513],[-0.279750294315915,44.63596864542248],[-0.279882090288282,44.63597599746127],[-0.280007036440905,44.635982741683314],[-0.279938254665025,44.63579619462475],[-0.2799423766412,44.635749938919695],[-0.279693607021443,44.63557359853515],[-0.279622475676667,44.63552227742913],[-0.2795627827078,44.63546584135242],[-0.279432572011808,44.635297065269],[-0.279725469951127,44.63517790637447],[-0.279845258646651,44.6351220912195],[-0.279919447365395,44.63508285677973],[-0.280187551491753,44.634934517778554],[-0.280413145388449,44.63481032631205],[-0.280481044791033,44.63477362085765],[-0.280542849357641,44.634742772833526],[-0.280858847905698,44.63510498299887],[-0.281242527784526,44.634893561447626],[-0.281228068837764,44.63487930370555],[-0.280933406779159,44.63459097744032],[-0.281013197507312,44.63456995720439],[-0.281149667270257,44.634534099045126],[-0.281324355429467,44.634484941974115],[-0.28145792268954,44.6344447544861],[-0.281672587352996,44.63437999324176],[-0.281751391173936,44.634355037172256],[-0.281823502412385,44.63433217196242],[-0.281971604146943,44.63428155067435],[-0.282131863236221,44.63421867438188],[-0.282221370185592,44.63418249749824],[-0.282567864834463,44.63404128540278],[-0.283044539942861,44.634516573733855],[-0.283089182679805,44.634561561275206],[-0.283177640233562,44.634520368938176],[-0.283186484933657,44.634516231710876],[-0.283210069047264,44.634505169118434],[-0.28338469519713,44.63442249175057],[-0.283174528764824,44.63421356589587],[-0.283150034614576,44.63418951481604],[-0.283126317281524,44.6341658010733],[-0.282870260998292,44.63391642948306],[-0.282917176692638,44.63389647442698],[-0.283015191841979,44.633850402984635],[-0.283433722135757,44.63364613770621],[-0.283540822595475,44.633593578664104],[-0.283637235953569,44.633546022459484],[-0.283791797221045,44.63346988739686],[-0.284008588113859,44.633383253020114],[-0.284089069375342,44.63335464120397],[-0.284241880134552,44.633300452864155],[-0.284507100264269,44.63320688196838],[-0.2847441433031,44.63313000623468],[-0.284947986645899,44.633068082944945],[-0.285262882871545,44.63298898214331],[-0.285663185951551,44.63289436634242],[-0.285894603637606,44.63284441632235],[-0.285915492124006,44.632878034967504],[-0.286179678601194,44.63322771451136],[-0.286292091104071,44.63337664858421],[-0.286359828587588,44.63346708161685],[-0.286787092419018,44.633308947355445],[-0.286838992504501,44.63329010381544],[-0.287053940813638,44.63321090668246],[-0.287175502442579,44.633166203519885],[-0.287487184319688,44.63305151051614],[-0.287653797637265,44.63327938450012],[-0.287696569149385,44.6333376712715],[-0.287716755607587,44.63336572402177],[-0.287738269941133,44.633403558663886],[-0.287917576746663,44.63365430171946],[-0.287847946250397,44.633680701380484],[-0.287558217409767,44.63378888554152],[-0.287635798793489,44.63389227043734],[-0.28774933602656,44.633846273582236],[-0.287900958411877,44.63378472688735],[-0.288048837099475,44.63408722375748],[-0.288091740811487,44.63416722169843],[-0.288343612090955,44.63455204359117],[-0.288405139625016,44.634646264498556],[-0.288518967709261,44.634825790106774],[-0.288554272162056,44.634892318130426],[-0.288589293358065,44.63497345152755],[-0.288626524830535,44.63510542827988],[-0.288789348824905,44.63585845374748],[-0.288809091252765,44.63595022359563],[-0.288834586739897,44.63604975146906],[-0.288844439418792,44.636075858965256],[-0.288858071392013,44.63610185400283],[-0.2888867524318,44.63613920494552],[-0.288941027848236,44.63618696725272],[-0.289094363778644,44.636290890379264],[-0.2893690964378,44.63647689010276],[-0.289561503308835,44.63660803284505],[-0.289219229406185,44.636970708994305],[-0.28876359222771,44.63745389333943],[-0.28863114715318,44.637597676698086],[-0.28859795187383,44.637645158417094],[-0.288557308203074,44.63772719164214],[-0.288486923004916,44.637883454989364]]],[[[-0.285525007461879,44.619752902683864],[-0.285308579374245,44.61976690662452],[-0.285072088947089,44.619800338329426],[-0.284864089471754,44.61979012315703],[-0.284702317972867,44.619735373595475],[-0.284622343641714,44.61969441099653],[-0.283750679855389,44.61975221586736],[-0.283753649637286,44.61955633188343],[-0.283771076968698,44.61955013741967],[-0.283800874258882,44.619522400918065],[-0.283816313418116,44.619508066080954],[-0.283941550437959,44.61949443262266],[-0.283981441945159,44.61949054390458],[-0.284186398031226,44.619481028300164],[-0.284305003690885,44.61944452493004],[-0.284306448169817,44.619423848202445],[-0.284352290782943,44.6194116731079],[-0.284412610992941,44.61940114004096],[-0.284477658925351,44.61939380025163],[-0.284484378655813,44.6192688066021],[-0.284484542425264,44.61925213251275],[-0.284494510585677,44.61920236916373],[-0.284517766027645,44.6191403171248],[-0.284547349754854,44.618836148018836],[-0.284527503842221,44.618839801494694],[-0.284515822642528,44.61884717683383],[-0.284389617933178,44.619071502630256],[-0.284182029606277,44.61907478962145],[-0.283831847620372,44.61907961103783],[-0.283858949026213,44.618895173924265],[-0.28388788840289,44.61869031871673],[-0.283928718724882,44.618338781463585],[-0.283668056161676,44.61827552647926],[-0.283473971441869,44.61822470904276],[-0.283542348283546,44.618177084543525],[-0.28374399194532,44.61805882264362],[-0.283936052822425,44.61794498994477],[-0.284034978455597,44.61790204360943],[-0.28420444180187,44.61780960594572],[-0.284471266713698,44.617660391766215],[-0.284490053030521,44.61764505628842],[-0.284498407113074,44.61763904130547],[-0.284591403870001,44.617572303070666],[-0.284637540085755,44.617539214999965],[-0.284742052986125,44.617579177653965],[-0.285029844835236,44.61768586444287],[-0.285247535217055,44.617765080807864],[-0.285373268401175,44.61781846815224],[-0.28552737837183,44.617891194835984],[-0.28557959319829,44.61791694366344],[-0.285628848235367,44.617950349210034],[-0.285689452137407,44.618009637493394],[-0.285721936663133,44.61804750628069],[-0.285734655447956,44.61806442800874],[-0.285786002021698,44.6181531852078],[-0.285838445208577,44.61824776653474],[-0.285894618948698,44.61835440093456],[-0.285928850497966,44.618409247365925],[-0.285985476814184,44.61849117979663],[-0.286114833553314,44.61867159529654],[-0.286179908400696,44.61876210657592],[-0.286233854484844,44.61883051292614],[-0.286258988552648,44.618859139289896],[-0.286283450928195,44.618889227290026],[-0.286304209048726,44.6189077119421],[-0.286360218408923,44.61895308036275],[-0.286417172702979,44.618988689423276],[-0.28645424510523,44.619007860162675],[-0.286505454013109,44.61902931353561],[-0.286564444969375,44.61904792239787],[-0.28661644666399,44.619057007894035],[-0.28665644764381,44.61906149461197],[-0.286662200843967,44.61917963002922],[-0.286673445241284,44.61940491598575],[-0.286792772159604,44.61941326023948],[-0.286735411996694,44.619623827585514],[-0.286672677653771,44.61984608807664],[-0.286657353453535,44.61990132714064],[-0.286409408839696,44.61990708006924],[-0.286415416460052,44.61976561829828],[-0.285525007461879,44.619752902683864]]],[[[-0.286848212342341,44.632507091921646],[-0.28676509884835,44.63253596430385],[-0.286635093360439,44.632572178006576],[-0.286549701926167,44.63259445023274],[-0.286427480259726,44.63262133166334],[-0.28623792805536,44.63265562128271],[-0.286103277167514,44.632683592758475],[-0.285942844071444,44.632723863989106],[-0.285713725546173,44.6327807739161],[-0.285586537538986,44.63281338851729],[-0.28530190716344,44.63288564371127],[-0.285074010201493,44.632944047740544],[-0.284733793679668,44.63303038805805],[-0.284620938869305,44.63306212500338],[-0.284438594085119,44.633122687954064],[-0.284196002123785,44.63320828782696],[-0.283946633243478,44.63329453903598],[-0.283878129823074,44.633320812558026],[-0.283697193905228,44.63339908294071],[-0.283621309691634,44.63343512665016],[-0.283577113392604,44.63345626268802],[-0.283563504392111,44.6334436018791],[-0.283446824858561,44.63350068043653],[-0.283456838166178,44.63351660173595],[-0.283197600916579,44.63364143871412],[-0.282939238876255,44.633768321458945],[-0.28273109371807,44.63386695105181],[-0.282455966396492,44.63397901284417],[-0.282294600798772,44.63404237301417],[-0.282127723265212,44.6341085997541],[-0.282055076641633,44.63413526545201],[-0.282029304960456,44.634134769300346],[-0.281995167437162,44.63412713301644],[-0.28197379002649,44.63411758603697],[-0.281948839211618,44.63409868421415],[-0.281910290111289,44.63406730126788],[-0.281883670513181,44.634045745856994],[-0.281810764037848,44.63400294870136],[-0.281750673887435,44.633972205336335],[-0.281693717133244,44.63394326109207],[-0.281899997218898,44.63383207429348],[-0.282072073518985,44.63373812159109],[-0.281849756970956,44.63354144807128],[-0.281656096422807,44.63364829549988],[-0.281397282526016,44.633793479120385],[-0.281326113629495,44.63375450456424],[-0.281292366411266,44.63373406168201],[-0.28148451182441,44.63362068229083],[-0.28156876565002,44.633572317614096],[-0.281702471258686,44.63349554333554],[-0.281796876689292,44.63343948849418],[-0.281759797863889,44.633407341027045],[-0.281640610545108,44.633304376822544],[-0.281580355895371,44.6332512924281],[-0.281872532766765,44.633061507161194],[-0.281985749652477,44.63299696436301],[-0.282119085198693,44.63292686824544],[-0.282351248420158,44.63280518059499],[-0.282620359002712,44.63265491323413],[-0.282727018181911,44.632594799313985],[-0.282895798832583,44.63249634779297],[-0.283130489811948,44.63235962602613],[-0.283230109209331,44.632302153538134],[-0.283500674249793,44.632150939671995],[-0.283640273015529,44.632077952418236],[-0.283815132636907,44.63199292455742],[-0.284097151275155,44.631856416260106],[-0.284253475310931,44.63179113068791],[-0.284378316623469,44.63174426073785],[-0.284480351813522,44.631708790836306],[-0.284634779435418,44.63165644598384],[-0.284824420332586,44.63159125062736],[-0.28490428963765,44.63156517925999],[-0.284948578338014,44.631545661780216],[-0.284993455014027,44.631523243465764],[-0.285048078723258,44.63149269632997],[-0.285130180235213,44.631433490143316],[-0.285225776451079,44.63135901553021],[-0.285282520765085,44.631319394798965],[-0.285315246408049,44.63130283392005],[-0.285353277993386,44.631292873127556],[-0.285403328848977,44.63128129355667],[-0.285433172215106,44.631280226171114],[-0.285481773448,44.631289233454076],[-0.285551672975307,44.631306437770256],[-0.285620138038593,44.63147433921071],[-0.285909564698241,44.63149745106726],[-0.285923585224621,44.63158858027492],[-0.285956674193868,44.63180546891367],[-0.285988790728271,44.631797936386036],[-0.286000205399179,44.63182489863331],[-0.286017303822918,44.63186493723446],[-0.286340967247424,44.631793501669954],[-0.286552833946405,44.63174593359461],[-0.286763307820343,44.63196655736339],[-0.286789959455847,44.63200162632403],[-0.286837200656385,44.632071674204504],[-0.286931856548141,44.632214738208795],[-0.286974589638376,44.63227888312265],[-0.28702234037381,44.63235116840302],[-0.287032411932806,44.632381053857394],[-0.28702790291457,44.63240110105387],[-0.287018832944643,44.632414345855686],[-0.287003301870716,44.6324271520887],[-0.286957349131617,44.6324570819041],[-0.286903255727964,44.63248373973325],[-0.286848212342341,44.632507091921646]]],[[[-0.287197545922932,44.64798327779379],[-0.287081939064151,44.64794887122468],[-0.287027149256798,44.647931398080274],[-0.286645764195225,44.64778739641202],[-0.286473374045002,44.647720797931306],[-0.28633451647447,44.64765779771065],[-0.286233658981441,44.64760357926118],[-0.286164763574596,44.6475649899354],[-0.284941990096467,44.64745977667439],[-0.283620511643613,44.6471357339367],[-0.283210536626044,44.64707267327492],[-0.282765149640713,44.647188169142275],[-0.28230040853089,44.64730946389432],[-0.282192458100779,44.647347899991644],[-0.2817545544085,44.6475009233865],[-0.281334899060256,44.64764223034622],[-0.279807769220854,44.64754482278658],[-0.278858037982374,44.646392355304535],[-0.278684272006035,44.64615873206347],[-0.278447185853524,44.645331485665025],[-0.277852430431192,44.64394691718085],[-0.277332493863362,44.642761061604745],[-0.277256282339165,44.6425313924881],[-0.277242258884973,44.64191927882971],[-0.277848214533094,44.64180489996847],[-0.277790593277249,44.64173209232912],[-0.277680693873952,44.64159370710128],[-0.277531648041563,44.64140719545275],[-0.277482184346258,44.641311890035155],[-0.277447767406224,44.64120838948913],[-0.277428812017702,44.641123352409956],[-0.277339886386377,44.64046678589464],[-0.277210052492541,44.64046730151692],[-0.277255154729821,44.64039000636368],[-0.277306793273289,44.64030792207269],[-0.277379690272683,44.640233316823654],[-0.277435940269287,44.640191462460756],[-0.27747910569137,44.64016549398192],[-0.277527200222709,44.64013964964169],[-0.27760371077574,44.64010764652503],[-0.277674634391168,44.640083738202186],[-0.277712279594642,44.64007352136404],[-0.277744626946483,44.640069859019746],[-0.277778653571311,44.64006903020653],[-0.277811550360464,44.64007481250199],[-0.277858650170261,44.64009044549325],[-0.27790413894806,44.640045846454164],[-0.277850990190353,44.64001084022796],[-0.277799821436177,44.639970819526255],[-0.277752302703633,44.63992195044906],[-0.277726004738769,44.63988641824964],[-0.277700096436508,44.639844567189776],[-0.27767673163247,44.639787863598436],[-0.277653178127335,44.639701881705996],[-0.277585418534255,44.63942871248991],[-0.277530199531052,44.63943620664234],[-0.277536397614198,44.639471163523375],[-0.27753724679927,44.63950528786417],[-0.277531788336669,44.63952860651855],[-0.277514881688034,44.639576412580716],[-0.277492722739424,44.639612030093716],[-0.277476844955958,44.639631963419916],[-0.27744409400348,44.63966122727443],[-0.277410048198259,44.63968124877154],[-0.277364978891015,44.63970051585903],[-0.27733557040367,44.63970913679878],[-0.277290949529937,44.63971658689894],[-0.277252062013549,44.639718460733704],[-0.277223657832373,44.6397183117516],[-0.277184513955858,44.63971577805426],[-0.277153050784897,44.63970860151249],[-0.277099773420035,44.63969089878459],[-0.277007088022066,44.639653099774556],[-0.276890205803812,44.63960286281768],[-0.276766584709628,44.639547419265035],[-0.276732142541716,44.639528076744426],[-0.276686211411351,44.63949997427043],[-0.276645130952196,44.63947064673461],[-0.276612691154378,44.63944016200104],[-0.276589080314334,44.63941175824747],[-0.276574314108401,44.63938570532702],[-0.276563007029558,44.63936054101152],[-0.27650841385311,44.639235562893944],[-0.276468196054088,44.63912340395835],[-0.276458529115257,44.63908737851408],[-0.27645209636839,44.63904837386544],[-0.27644815101551,44.63901307986137],[-0.276391348598772,44.63901287142622],[-0.276385456735628,44.63904827681754],[-0.27636905410144,44.63909174272918],[-0.276360978414151,44.63910261440316],[-0.276340766442409,44.63911312498133],[-0.276321348345049,44.6391177552507],[-0.276084694014685,44.63916937132423],[-0.276061344692431,44.63917150504331],[-0.276073492826695,44.639263231475226],[-0.276135749982834,44.63960468325175],[-0.276115626426996,44.63974043602413],[-0.275864117251999,44.639751494424125],[-0.275126870538465,44.639782352059505],[-0.274434998679852,44.63981222100285],[-0.274312603569109,44.63981692800418],[-0.274310974068364,44.640166760552326],[-0.274309348784192,44.6403928800137],[-0.273778593488196,44.64042644162942],[-0.273773543005928,44.640613196875236],[-0.273618981276632,44.6406442651119],[-0.273318219512754,44.640706964243094],[-0.273131061914858,44.640743952776525],[-0.273015819822858,44.6407675485394],[-0.273019369479059,44.64084168921766],[-0.272754967448761,44.6408524914232],[-0.27243926673922,44.64086661379886],[-0.272441319077969,44.640660755320226],[-0.272444275506976,44.64060083868781],[-0.272446665464813,44.640576800248276],[-0.272484972024072,44.64040194550542],[-0.27251328203292,44.64027009604213],[-0.272533738179882,44.64015947334674],[-0.272550706874232,44.64009310489184],[-0.272577006116031,44.6400179003004],[-0.272656645306806,44.63980505931207],[-0.272750844946925,44.639556105945175],[-0.272850831531711,44.63929598845324],[-0.272920507735776,44.6391137172352],[-0.27298103426975,44.63894991792208],[-0.273004892256009,44.63889136466135],[-0.273031557831102,44.63881596890639],[-0.273045735310706,44.63879933035901],[-0.273059158629255,44.63873712149781],[-0.273013000055223,44.63872461231348],[-0.272958319376367,44.63870226380796],[-0.272878356323943,44.63864876707452],[-0.27279789008285,44.638593122691596],[-0.272721673689712,44.6385454617837],[-0.272674102955767,44.63851515368379],[-0.272564538743014,44.638447395716234],[-0.272528552133288,44.638420979468435],[-0.272440705458515,44.63834906433404],[-0.272390310213768,44.63830271113322],[-0.272368553319694,44.638280108439346],[-0.272346467336434,44.63825183893358],[-0.272314622948943,44.63820547711424],[-0.272284544802013,44.63815041301584],[-0.272267548252962,44.63811199128246],[-0.27225544934134,44.638073154241134],[-0.272250172511883,44.63804096313408],[-0.272250362684606,44.63801816119812],[-0.27226248019981,44.637972570262484],[-0.272280494870498,44.63793725679955],[-0.272287517533581,44.637921280695494],[-0.272296326999662,44.63791651468855],[-0.272466177763053,44.6378489538788],[-0.272651022244248,44.63777229887062],[-0.272778539042888,44.63771896598462],[-0.272867545530649,44.637673981592755],[-0.27298199593682,44.637604276024156],[-0.273089002185474,44.63753677306172],[-0.273371187352973,44.6373305479858],[-0.273465370501305,44.63725738743136],[-0.273490882104329,44.63723383555212],[-0.273517577913416,44.63719808455306],[-0.273560430644548,44.637121128012126],[-0.273575162979417,44.63708798392403],[-0.273591116085689,44.637043270364806],[-0.273598594405775,44.6370090796643],[-0.273606206533092,44.63694461005544],[-0.273621033188048,44.63676972957669],[-0.273633851756435,44.63660590126812],[-0.273649837100863,44.63649658218773],[-0.273679023286187,44.636327763901086],[-0.273696818287661,44.63624307971166],[-0.273706529562414,44.63624080978496],[-0.273893406944775,44.63619274539747],[-0.273996824128002,44.63616778677374],[-0.274097437279332,44.63614669548183],[-0.274202937332725,44.63612500880836],[-0.274562721354145,44.63605560227262],[-0.274634924986866,44.63604075840653],[-0.274958797798209,44.635978811899236],[-0.275208409639373,44.6359288863574],[-0.275276523679054,44.63591533460233],[-0.275460403647189,44.63588087193322],[-0.275481473593894,44.63587862564612],[-0.275599216545365,44.635865675298255],[-0.275821648260278,44.635791054412074],[-0.276117474565019,44.63572209663587],[-0.276378118741066,44.63566661534465],[-0.27659685160581,44.63562607174333],[-0.276827928913689,44.63558948671371],[-0.27693676938291,44.63557319468985],[-0.277189653629396,44.63554704514856],[-0.277323461999742,44.63553695042957],[-0.277648591492298,44.63551622631779],[-0.277656631763984,44.635550317560806],[-0.277660957152131,44.63560515281971],[-0.277670604930692,44.63566037086763],[-0.277684733123947,44.63572753000438],[-0.27770594057211,44.63574717452113],[-0.278116966642595,44.635719216295115],[-0.278128948168001,44.63578851145756],[-0.278496104013614,44.63578735246902],[-0.278498206415561,44.63586252710886],[-0.278494929191339,44.63590380193825],[-0.278496345238726,44.6359411531768],[-0.278507042058805,44.63597534578868],[-0.278510982480825,44.635984509637574],[-0.278548544070389,44.635985918367666],[-0.278549131344186,44.63598950511541],[-0.278557829444498,44.636047904939474],[-0.278566332010409,44.63608342409612],[-0.278579899462066,44.636121406033695],[-0.278586379343793,44.63616770759116],[-0.278593279554736,44.63627328525392],[-0.278596491129668,44.63630896136145],[-0.278288013064799,44.63629711715536],[-0.278297604685403,44.636377385819564],[-0.27792989151442,44.636362522018736],[-0.277914640535621,44.63634765660928],[-0.277907997100438,44.636337581757616],[-0.277905510921972,44.63632738361346],[-0.277905722595453,44.63631800650068],[-0.277910915409924,44.636309653015836],[-0.277917651346725,44.636301794391066],[-0.277918481650693,44.636296543723866],[-0.277916217608957,44.63627714836545],[-0.277912324356649,44.63626879403533],[-0.277897868270454,44.63624156077783],[-0.277880614933926,44.6362117974559],[-0.277852095273155,44.63616407710701],[-0.277826049699023,44.63610682244215],[-0.277817343530778,44.636067795217436],[-0.277797278981987,44.63605478452933],[-0.276781716643544,44.63610985649351],[-0.276789396863101,44.63613125378723],[-0.276845295383182,44.63627871887847],[-0.276917947535247,44.63646037734062],[-0.277148847931917,44.63648578862624],[-0.27736554144915,44.63693736291747],[-0.277524464902377,44.63687083894626],[-0.277911388030973,44.63722888204911],[-0.277803574705454,44.63729542264604],[-0.277890739911818,44.63736203770637],[-0.277679761630406,44.63750345069066],[-0.277572723093446,44.637576815990116],[-0.277284714258853,44.63778682906954],[-0.277671474822453,44.63797277901355],[-0.278011868780644,44.63817515021501],[-0.278121358111819,44.638078825323255],[-0.278174635344935,44.6380314722422],[-0.278443503520073,44.6377918395736],[-0.278705917162568,44.63755843465725],[-0.281162672872599,44.63904190413253],[-0.281316306794931,44.63893002898146],[-0.281970429924808,44.639207772849694],[-0.281871349483198,44.639300729116776],[-0.282056957681008,44.639126812696425],[-0.282841946252967,44.63946716286323],[-0.283021366239629,44.63954445976577],[-0.283459832087312,44.639733540202684],[-0.284140409623529,44.64002958824447],[-0.284220573153497,44.64009929011278],[-0.284782543046763,44.64057528344436],[-0.285037054588124,44.64079099915716],[-0.284770530444591,44.64103814767508],[-0.285218093181555,44.6414673507944],[-0.285721195517501,44.64194635128516],[-0.28613243644028,44.64233680462199],[-0.286166590222146,44.64233813199904],[-0.285984686689713,44.64247166862738],[-0.286308637173286,44.643014290388415],[-0.286506255465507,44.64335135404728],[-0.286719425159718,44.64331239805308],[-0.286969919834127,44.64375096880254],[-0.28703808922893,44.643919960797184],[-0.28690532183585,44.6439871623018],[-0.287107054348021,44.645037103048445],[-0.287478544292133,44.646212287622944],[-0.288140782538104,44.64715905805284],[-0.288474813304325,44.64763352691127],[-0.288816588482893,44.648117315761304],[-0.288215910887785,44.64826457510517],[-0.287927226989788,44.6481843178402],[-0.28747817408621,44.64806179414433],[-0.287197545922932,44.64798327779379]]],[[[-0.285539369959531,44.63064741981879],[-0.285485166176687,44.63080851593775],[-0.285436617318086,44.63091727350002],[-0.285391637461882,44.631022320767784],[-0.285309628220041,44.63114153392184],[-0.285221026241288,44.631264547160356],[-0.285179676436659,44.63129551075335],[-0.285038835611287,44.63140556985255],[-0.285001322629672,44.63143092296235],[-0.284961348219247,44.631453015360165],[-0.284904703926685,44.63148136990153],[-0.284851450562891,44.63150295590402],[-0.28480805961568,44.631518391965955],[-0.284639424415429,44.63157377235764],[-0.284313022995104,44.631682677571035],[-0.28425523965744,44.63170448799961],[-0.284175306485602,44.63173596704201],[-0.284068152959136,44.63178104970164],[-0.284012095947616,44.63180650297691],[-0.283771726687561,44.63192366258976],[-0.283672361140307,44.63197247803782],[-0.283407461822812,44.63211045890586],[-0.28318633689512,44.632226594929975],[-0.283067606342147,44.63229391583814],[-0.282830784295748,44.63243304348367],[-0.282659442217676,44.63253301265363],[-0.282463944290443,44.6326407271161],[-0.282313146178919,44.63272296574556],[-0.282208906386138,44.632779132915076],[-0.282040770198373,44.63286918450331],[-0.281924766826619,44.63293137729472],[-0.281846786798086,44.632976942947444],[-0.281784669094892,44.633015369813386],[-0.281420557204411,44.633257028200276],[-0.281270047638713,44.633357277613776],[-0.281153452567219,44.633435345465585],[-0.280980812927293,44.63329206899909],[-0.280813070438137,44.63315486411539],[-0.280587738030782,44.63326391127265],[-0.280479793549144,44.63317845280396],[-0.280266983838931,44.6332880286292],[-0.280182199566963,44.63333379501007],[-0.280162735727242,44.633344103933396],[-0.279928715977395,44.63326490958954],[-0.279837476632652,44.63323229642974],[-0.279650526152783,44.63316828384329],[-0.279582431911303,44.6331495805331],[-0.279532150858344,44.63313773714456],[-0.279474122160422,44.63312936737911],[-0.279368434888552,44.633121690887116],[-0.279223623965576,44.633111751171434],[-0.279191171816866,44.63310703748471],[-0.279176203001636,44.63310351703295],[-0.279126200534579,44.63308995321962],[-0.279090180768435,44.63307597452525],[-0.279064165694977,44.63305827503125],[-0.279019683325725,44.63302247188438],[-0.278966889126511,44.63297394032824],[-0.278885348945883,44.63288679598181],[-0.278813696359955,44.632806926994036],[-0.278725933280248,44.632710416131395],[-0.278655718406731,44.63263573044552],[-0.278576351329413,44.63255338706503],[-0.278426051031725,44.63239700986803],[-0.278333066609568,44.63230182498567],[-0.278138818532097,44.63209926624016],[-0.278102411851891,44.632052590963454],[-0.278094037510069,44.63203878312447],[-0.278090020107396,44.63202178251648],[-0.278087536413558,44.631998609342354],[-0.278091896835832,44.6319759539973],[-0.27810149440743,44.63195872976303],[-0.278117936083356,44.63194202335534],[-0.278170019178951,44.63190677957845],[-0.278388932153365,44.63176549035046],[-0.278605639426799,44.63162534734704],[-0.278881902103471,44.63144829640988],[-0.279001708879832,44.63136689194841],[-0.279239063359448,44.63160763569621],[-0.279390702672904,44.631760998577136],[-0.279489620367407,44.631710938911574],[-0.279542933074648,44.63176188759707],[-0.279887928443447,44.63158856111031],[-0.280049817032364,44.631508249288125],[-0.280090239211685,44.63159787454431],[-0.280115886158882,44.63165477999693],[-0.280169068790485,44.631775022332604],[-0.280281669701279,44.63171941988408],[-0.280292528432327,44.631723873104626],[-0.280595774248662,44.631587735060236],[-0.280941371971231,44.6314313268722],[-0.281306960483237,44.63126720579189],[-0.281792928121872,44.631051122907024],[-0.281911296091387,44.631166094913546],[-0.282060942688773,44.63131113377141],[-0.282261029853192,44.631197787309326],[-0.282421177728387,44.63110716160698],[-0.282329936034629,44.63101598292506],[-0.282127815589687,44.63081492626099],[-0.282328976233602,44.6307070441171],[-0.282996682351108,44.630348779704356],[-0.283304997332299,44.630182929116486],[-0.283403081561533,44.63017064422934],[-0.283508555292079,44.63016174387376],[-0.283807582882518,44.63013537882003],[-0.284069660911062,44.63011155262306],[-0.28442365008114,44.63007994845537],[-0.284795273793579,44.63004565649409],[-0.285039516455538,44.63002758413941],[-0.285102072920163,44.630022751189365],[-0.285232644053924,44.63001580626563],[-0.285325662290508,44.63001403224454],[-0.285363303975614,44.63001687783161],[-0.285396054090624,44.63002022924105],[-0.285419808302466,44.63002510953588],[-0.285445220905776,44.63003246344505],[-0.285472034630084,44.63004437101536],[-0.285495982580309,44.630059066906256],[-0.285510257824733,44.63007017586887],[-0.28552069125639,44.630080317792476],[-0.285531355436207,44.630094417445726],[-0.285540570689733,44.63011612893771],[-0.285544327380914,44.630141606883036],[-0.285549950410619,44.63021208150974],[-0.285552135123631,44.63029500265212],[-0.285553857130556,44.630395958421296],[-0.285555656590303,44.630524213508366],[-0.285542929849988,44.630617579551156],[-0.285539369959531,44.63064741981879]]],[[[-0.279206559471972,44.63430172243361],[-0.27909073008973,44.63435399548516],[-0.279275657641936,44.63458485201441],[-0.279365490134103,44.6346973397704],[-0.279242710933227,44.63474729626091],[-0.279019850252663,44.63483392083747],[-0.278902907843026,44.63488009960238],[-0.278784559312274,44.634921634535274],[-0.278913969481169,44.63508971418956],[-0.278830320564823,44.63510300826341],[-0.278457271553237,44.635152458927486],[-0.278419897457545,44.63510220816333],[-0.278355131333249,44.635010601143954],[-0.278165613898007,44.63507172658028],[-0.278199563196749,44.635134693585286],[-0.278101508736436,44.63516066853902],[-0.278226403380961,44.635387811021516],[-0.278117376419687,44.63539437861689],[-0.277948248734886,44.63540254837834],[-0.27787566077696,44.635404250646104],[-0.27763226993432,44.6354178660925],[-0.277499318096983,44.63517582444081],[-0.277337128624921,44.63521865783137],[-0.277166828573489,44.63526524552475],[-0.277260187937269,44.635444938131954],[-0.277144462702314,44.6354535054592],[-0.277034741123623,44.63546766132124],[-0.276823852808634,44.6354998638714],[-0.27669406298998,44.63552047113318],[-0.27636349275623,44.635577845864894],[-0.276170079689329,44.63562412597746],[-0.275918211525068,44.63568078832645],[-0.27571451523088,44.635726020850356],[-0.275532891581214,44.635766724375095],[-0.275434841490753,44.635786299384776],[-0.275087521482491,44.635855159294344],[-0.274977508028588,44.63587734098648],[-0.274906013505113,44.63589135313689],[-0.274877945833219,44.635896960296726],[-0.274843892774649,44.63586472089596],[-0.274828484375921,44.635853644125106],[-0.274808598332127,44.63584369116622],[-0.274775448169022,44.635833500479556],[-0.274744013608803,44.63582677300885],[-0.274721863689361,44.63582346470414],[-0.274684737734765,44.63582303291754],[-0.274655579663933,44.63582290567086],[-0.274629176873547,44.63582458896813],[-0.274255658258422,44.63589215003841],[-0.274116606498234,44.6359162723453],[-0.274075269364858,44.63592155154743],[-0.274037182030912,44.63592412145182],[-0.274005803364677,44.635924870747274],[-0.273981469489295,44.63592306865116],[-0.273966620456256,44.63592161632135],[-0.273926509226615,44.63591541594836],[-0.273860280662354,44.63590278085948],[-0.273900211961039,44.63587330540982],[-0.274107859843983,44.635713617269055],[-0.274211903668396,44.63563430715318],[-0.274371675750034,44.63551072678234],[-0.274605465298659,44.63533188196973],[-0.274671938930061,44.635283599032405],[-0.274898208383016,44.63511218468908],[-0.274988568487499,44.635044992770574],[-0.275045093676321,44.635001419476374],[-0.2751215785452,44.63494301826312],[-0.27526824188401,44.63483496243253],[-0.275421456288569,44.63472238725923],[-0.275475652846786,44.63469086657453],[-0.275522909353672,44.63466369632481],[-0.275643930444205,44.634602983682086],[-0.275676728799495,44.634587594972274],[-0.2757695580982,44.63454988331404],[-0.275825242213538,44.63453093292339],[-0.276110994364122,44.6344385762309],[-0.276223952232662,44.63440197950418],[-0.276339612919337,44.63436629368057],[-0.276430613221237,44.63433620440518],[-0.2765235030207,44.634306059037044],[-0.276785049113321,44.634220635325875],[-0.276816135186497,44.63420836056844],[-0.276843190990577,44.634191880298935],[-0.276867350276937,44.63417116090594],[-0.276885993772643,44.634146730570556],[-0.276896436840959,44.634131013149144],[-0.276903642099935,44.63411169745865],[-0.276908675303241,44.6340875805483],[-0.276909457258158,44.634061967811235],[-0.276894392822942,44.63401123535538],[-0.276835535862994,44.63389097951363],[-0.27671984429782,44.633672212993574],[-0.276715271443001,44.63365216526442],[-0.276715008654435,44.633628115278334],[-0.276719700594289,44.63360463922815],[-0.276731997885284,44.6335817486317],[-0.276748337147983,44.6335567559085],[-0.276767200174336,44.6335361034552],[-0.276781128074062,44.63352172439133],[-0.276796940303756,44.63350719935392],[-0.276814326946228,44.63349370888325],[-0.276833644992128,44.633480881978016],[-0.276965108985069,44.63341102798322],[-0.277060195062147,44.63336009307198],[-0.277126273343923,44.63332461506157],[-0.277254188928391,44.63325234300858],[-0.27744506459707,44.633143063183354],[-0.277620075326608,44.633047408698985],[-0.277804355310041,44.63294841547888],[-0.277927077858881,44.63287800859906],[-0.278137609736806,44.632755259647666],[-0.278214647111927,44.63271296840175],[-0.27829556287259,44.63267227403416],[-0.278460952201346,44.63259348269631],[-0.278483244603361,44.63258624381267],[-0.278503971923941,44.632584637804804],[-0.278516683583748,44.63258840550728],[-0.278564536963658,44.63264312079218],[-0.278625378398354,44.63271285856362],[-0.278739452296694,44.6328451712202],[-0.278846946330109,44.632968488369805],[-0.278813414897669,44.6329842602285],[-0.278860122694349,44.633019276597324],[-0.27893806827253,44.63307066617661],[-0.279008536409003,44.63311065412074],[-0.279054558758872,44.633133887111484],[-0.27909432625458,44.633147214000516],[-0.279155235833102,44.63315955317429],[-0.279482893468666,44.63356629246988],[-0.279842672925227,44.63401100277259],[-0.280168903020961,44.63441255678176],[-0.28040690877086,44.63470319725873],[-0.280338058913404,44.634743084525724],[-0.280107467427557,44.63487246999389],[-0.280030228618623,44.63491783207037],[-0.279762111273695,44.63459114162217],[-0.279440138589398,44.63419765959479],[-0.279206559471972,44.63430172243361]]],[[[-0.276483201885026,44.64744175394414],[-0.276123143955182,44.647579292059255],[-0.276020450658985,44.64753890498497],[-0.275976626901246,44.647521101511636],[-0.275930515616215,44.647496517868944],[-0.275883102976213,44.64746908942841],[-0.275837869509458,44.64744006461847],[-0.275645683036744,44.647286725078224],[-0.27545061247523,44.64712283837344],[-0.275339785052063,44.64702718738988],[-0.275205628601032,44.6469015018779],[-0.275001250249545,44.646746810583025],[-0.274844333606004,44.64663342243584],[-0.274752757587138,44.6465692777958],[-0.274531456883615,44.64641004117597],[-0.274341985764036,44.64623814781391],[-0.274099309798545,44.64603683409402],[-0.273976327842359,44.645920908012016],[-0.273838006727695,44.64578209907097],[-0.273575408151001,44.64551154353296],[-0.273406828386043,44.64533416450955],[-0.273290587033264,44.64521037931901],[-0.273259432997917,44.64517598093439],[-0.273159919723701,44.645046834674226],[-0.273141300550785,44.645019633867534],[-0.273124550448994,44.644992017299494],[-0.273105849436497,44.64495688973708],[-0.273095439864892,44.644934131266304],[-0.27308603188434,44.64489602541566],[-0.273080726073305,44.64486987207376],[-0.273077008852593,44.644753747654114],[-0.273313610989743,44.64470078866297],[-0.273312076329376,44.64468740857179],[-0.27313773049632,44.644312961852634],[-0.273024663676701,44.64434153886871],[-0.273004017298204,44.64427943763735],[-0.272983734997822,44.64423012042521],[-0.272865847701818,44.64399321277697],[-0.272855910444139,44.64397206219194],[-0.272847342282768,44.6439549257605],[-0.272835187697145,44.6439216767555],[-0.272821810345805,44.64388693218117],[-0.272806863689019,44.643831690310215],[-0.272794772043149,44.643760415467476],[-0.272785683484995,44.6436691386864],[-0.272780133040892,44.64350188942603],[-0.272772138973487,44.64330560887402],[-0.272769070602716,44.64316153302962],[-0.27276342568422,44.643090427754984],[-0.27274671713548,44.642933150039056],[-0.272738064126567,44.642862404143955],[-0.27270383869896,44.64262518204758],[-0.272699371043707,44.642606933072415],[-0.272673036922446,44.64253815233005],[-0.272621694470899,44.64239082033846],[-0.272573050344704,44.64224430949471],[-0.272491060732643,44.64198651610537],[-0.272455867068546,44.641876009112146],[-0.272435453906852,44.64181137805918],[-0.272423014724765,44.641747141667466],[-0.272419169600124,44.64168093887475],[-0.272420571291008,44.641568177138],[-0.272427133206556,44.64136173458084],[-0.272431419085747,44.6411095865416],[-0.273033728490012,44.64104976495908],[-0.273049723141243,44.64124688968694],[-0.273055646918301,44.641335827262054],[-0.273065211044723,44.641454841931896],[-0.273076661580265,44.64162588094206],[-0.273119798926377,44.641775347842206],[-0.273155037396044,44.64189963926521],[-0.27319355584695,44.642028248666165],[-0.273248505144046,44.642218092872],[-0.273293042041283,44.64235904852975],[-0.273257080840959,44.6424439102987],[-0.274260467295231,44.64232066539879],[-0.274431832454273,44.64248093051793],[-0.274970519968392,44.64301992412316],[-0.275011221804127,44.643081791235126],[-0.275253277860982,44.643038127231776],[-0.275278428323147,44.64304089609705],[-0.27531917749279,44.643057979868814],[-0.275347262206734,44.643085170145156],[-0.275417506629243,44.643160218030346],[-0.275601236213534,44.64336372568193],[-0.275704957751078,44.64358474155585],[-0.27585797863577,44.64388521011859],[-0.275952730880926,44.64412775629306],[-0.276011535925697,44.64428603892321],[-0.276024138700064,44.64475673112577],[-0.276029364235954,44.64482055037941],[-0.276051319632367,44.64496370632506],[-0.276125425449782,44.64516370438982],[-0.276190646691323,44.64527602383855],[-0.276260037954793,44.645381912362716],[-0.276312301050629,44.64545370840126],[-0.276445743556093,44.64559968713119],[-0.276077628283547,44.64566357853174],[-0.276097457010901,44.64573759735364],[-0.276135194643195,44.64587866374817],[-0.276059864514096,44.64589855668714],[-0.276250806854182,44.646108697991785],[-0.276288442882543,44.64613731703034],[-0.276452682922004,44.64625940643714],[-0.276718308425661,44.646523108176495],[-0.277184069663756,44.646341166509],[-0.277298098693352,44.646504839763885],[-0.277596668151011,44.64640399113953],[-0.277828216096448,44.64692793154049],[-0.277410373441479,44.64708746088663],[-0.277292616887055,44.64713312088371],[-0.277161036157788,44.647181983806526],[-0.276829984683141,44.64731037479976],[-0.276483201885026,44.64744175394414]]],[[[-0.275494813888888,44.64823476935675],[-0.27535859942387,44.648256105252464],[-0.27518236323061,44.64839017601685],[-0.27521976715633,44.64842781279706],[-0.2748214569875,44.64854584580026],[-0.274597295810648,44.648611143875705],[-0.274474810969678,44.648647209512866],[-0.274243628749806,44.648715508048745],[-0.27414104675514,44.64852067689859],[-0.27406834002895,44.648383799087114],[-0.274049804926742,44.64837110267454],[-0.273936378683215,44.64829589080046],[-0.273733568537553,44.64816169439394],[-0.273388711983207,44.64826777724064],[-0.273053799208299,44.64836905935459],[-0.272941959854669,44.64813863980667],[-0.272801441482757,44.64788384002105],[-0.272637552612031,44.64758522043559],[-0.272549543054663,44.647556379393926],[-0.272380136070014,44.647267023419246],[-0.27222172978478,44.64731045720844],[-0.272209977133665,44.64728413421485],[-0.271972695533766,44.64735819505942],[-0.271827733651631,44.6472223733539],[-0.271850368905506,44.647214404981625],[-0.271844671230573,44.64720105797251],[-0.271642930754196,44.647209010921166],[-0.271387695715579,44.6472934231862],[-0.271108580789948,44.64738394770268],[-0.27101429030087,44.64741647210613],[-0.270967993054462,44.64744081856734],[-0.270751417691676,44.6475585052387],[-0.270547974581523,44.647667603467376],[-0.270544006495679,44.647664477109494],[-0.270534286470755,44.64762097401756],[-0.270471463915461,44.647354141794224],[-0.2703327572129,44.64675851168008],[-0.270332182849181,44.64674861721096],[-0.270341717541948,44.64654758302131],[-0.270358163078233,44.64622425324291],[-0.270359498486584,44.6462015975899],[-0.270345676343153,44.64598305337732],[-0.270321938906385,44.645593694734075],[-0.270732611418632,44.64557794060197],[-0.271136915227608,44.645563364541324],[-0.271352656607081,44.645555358437036],[-0.271386045553489,44.64555653285274],[-0.271456843670228,44.64556290747292],[-0.271498799237808,44.64556815333585],[-0.271532590388452,44.645576253828345],[-0.271666084497192,44.64561248951477],[-0.271656762260842,44.6457323337042],[-0.271662131104688,44.64579218421745],[-0.271674549900498,44.64583650836613],[-0.271708505082667,44.64591263264453],[-0.271724507319545,44.645946939270964],[-0.271802606456353,44.64610510344335],[-0.27189884922328,44.64630183581909],[-0.271980093505625,44.64646197922605],[-0.271982255165189,44.64646660066602],[-0.271985256413496,44.64647263892365],[-0.272100463247134,44.646467787270765],[-0.272165860831453,44.64658325738586],[-0.2724979375172,44.64647242056142],[-0.272546134664573,44.646539473029904],[-0.272726941795494,44.646471047384225],[-0.272729518677083,44.64637852409446],[-0.272761892648814,44.646368735435566],[-0.27275560438259,44.64634522417397],[-0.272745410822921,44.646300113396585],[-0.272735457527921,44.64627869293325],[-0.272670585084445,44.64617879563781],[-0.272544216744424,44.64597845048552],[-0.272323855575603,44.64562662915062],[-0.272316102613741,44.645603972174364],[-0.272318466456605,44.64559903657146],[-0.272329156648037,44.645594034701986],[-0.272339625579659,44.64559174250844],[-0.272642546172598,44.645585297972616],[-0.27275306888613,44.64557806133883],[-0.272824259169765,44.64557162867321],[-0.27302067557519,44.645543827883756],[-0.273067196826146,44.645536413479924],[-0.273158680279202,44.645520819836506],[-0.273197888944427,44.64551136929071],[-0.273243035764524,44.64549985071111],[-0.273279856233928,44.645488398451846],[-0.273322437162049,44.64547181987204],[-0.273387319617471,44.64543502826544],[-0.273398129886882,44.645432095132136],[-0.273410997366699,44.64543198441741],[-0.273422173475003,44.64543534774875],[-0.273439763334339,44.64544482845553],[-0.273471164963292,44.64547696686146],[-0.273619005803936,44.645623243254065],[-0.273735389853533,44.6457494567562],[-0.273830282251522,44.64585116753529],[-0.273889990932669,44.64590778683094],[-0.27398294652308,44.645989191281885],[-0.274255798281734,44.64623412301371],[-0.274465273847901,44.646417948477115],[-0.274534066245463,44.64647447861602],[-0.274635929989395,44.646546247863476],[-0.274784935017283,44.64663428100523],[-0.274860584327888,44.6466915088809],[-0.275011022824643,44.64680418788783],[-0.275170542971711,44.646923265379314],[-0.275310646626829,44.64705355026487],[-0.275352627646161,44.64709177218206],[-0.275486551002064,44.647206922234204],[-0.275701348651467,44.64738446085684],[-0.275764563705943,44.647436199841884],[-0.275791397926313,44.647454867252065],[-0.275885948322779,44.647518021946944],[-0.275920468308985,44.64753862408324],[-0.275950380408078,44.6475516137728],[-0.276054198638113,44.647585299842575],[-0.27618336032,44.64763805773948],[-0.276282010902013,44.647680546784166],[-0.27636363553763,44.647723270036714],[-0.276448776116689,44.64777435885191],[-0.276529197633503,44.64782243381618],[-0.27660594648986,44.64785944462165],[-0.276641156286985,44.64787236721949],[-0.276503820757151,44.64791347067913],[-0.276013064569597,44.64806956901485],[-0.27561671519663,44.648195205765155],[-0.275494813888888,44.64823476935675]]],[[[-0.273478607251823,44.63704209735719],[-0.273465071532263,44.63709583980709],[-0.273441174677657,44.63714718599415],[-0.273408308231716,44.63719402230692],[-0.273366477405421,44.6372364386864],[-0.273271506932504,44.6373090818456],[-0.273131258318556,44.63741694486637],[-0.273033854139856,44.63748028906316],[-0.272888170694088,44.637572814808316],[-0.27279043859863,44.637624004450096],[-0.272668659077431,44.637678338831485],[-0.272678577830279,44.63768615450534],[-0.272571104223364,44.6377325865576],[-0.272386958186879,44.637808229609554],[-0.272222283742344,44.637873654766054],[-0.272128375448703,44.63791247645292],[-0.272052841896963,44.637941743709476],[-0.271948603514239,44.63797870854663],[-0.271863548039795,44.638006996084236],[-0.271750986070619,44.638037539426755],[-0.271580033809593,44.63807963228714],[-0.271417930713083,44.63812416608234],[-0.271180761691961,44.638192996717336],[-0.271069614801584,44.63822836307906],[-0.271012255018629,44.63825114490083],[-0.270900835633515,44.63830138629833],[-0.270865456065767,44.6383180212463],[-0.270834976122872,44.63832775339867],[-0.27081282867085,44.63833102179854],[-0.270787112606663,44.638331512469605],[-0.270708727717937,44.63837690164806],[-0.270770517130631,44.638476079721634],[-0.270792777937915,44.63851389536638],[-0.270808723301272,44.63855379007538],[-0.270813575633323,44.638598247930396],[-0.270803578305171,44.63864125302989],[-0.2707658135361,44.63871463389395],[-0.270740588504444,44.638756197410466],[-0.270687847359804,44.638812901663755],[-0.270631046677227,44.63885837291653],[-0.270598589058241,44.638879696817874],[-0.270562357126599,44.638901222492365],[-0.270496625245285,44.63893632567611],[-0.270443195431199,44.63896160391196],[-0.270410004709545,44.638976822379426],[-0.27037667822813,44.63898970215135],[-0.270347652215483,44.63899839999734],[-0.270300933494925,44.63901537024554],[-0.270260394556979,44.639027922751346],[-0.27021403492511,44.63903803443984],[-0.270042134647019,44.63907690912288],[-0.269907176399316,44.639106491218364],[-0.269803184027534,44.639134706588706],[-0.269691062370369,44.63917289355389],[-0.269577431825044,44.6392177026187],[-0.26947532760532,44.63926541436266],[-0.26938173347805,44.639309720657735],[-0.26925628838562,44.639379296985496],[-0.269109266870025,44.63946852322472],[-0.269010600731089,44.639529828623964],[-0.268857944929855,44.63965246947275],[-0.268744469287113,44.63974565883847],[-0.268677214473827,44.639806755840446],[-0.268637208286844,44.639854612689405],[-0.268619119921094,44.63988217874591],[-0.268598193468424,44.639919559942065],[-0.268574432572817,44.6399863988121],[-0.268564466858368,44.64002345588407],[-0.268560008757966,44.64005755687223],[-0.26855403116407,44.64014378283165],[-0.268556054897203,44.64021130089581],[-0.268561288773936,44.64025583765116],[-0.268596412587223,44.640391396504434],[-0.268612853947995,44.64051164953042],[-0.268639937070816,44.64070439182338],[-0.268646530770564,44.640778892974105],[-0.268648798458725,44.64082450859462],[-0.268647015874148,44.64087862364948],[-0.268640224278934,44.64095081750344],[-0.268625485666525,44.64103613121619],[-0.268605980267229,44.64113717386114],[-0.268580793301549,44.641257756850884],[-0.26855211424293,44.641396463881414],[-0.268543905390419,44.64143770389803],[-0.268526747365966,44.64152047613299],[-0.268522540283088,44.64157195976967],[-0.268505493136658,44.64168275104563],[-0.268504145969308,44.64169216168858],[-0.268479496910923,44.6417893918443],[-0.268470696036563,44.641826955102815],[-0.268445422040227,44.64193952139954],[-0.268422404675972,44.64203877568932],[-0.268407043846733,44.642100320349314],[-0.268387088285277,44.64218056227537],[-0.268369053844066,44.6422612880192],[-0.268356507973357,44.642319145284496],[-0.268339904142417,44.64239189957871],[-0.268315511452776,44.64251966736393],[-0.268309607283853,44.64257453502827],[-0.268308050976291,44.642626030398006],[-0.268313316829154,44.642684171958514],[-0.268324563137081,44.64275403041809],[-0.268339280398248,44.642851087752376],[-0.268359705867294,44.642987802265715],[-0.268374626752956,44.64308836764178],[-0.268393961817392,44.64320628267615],[-0.268408272966984,44.6433093889993],[-0.268423973136062,44.643403804274],[-0.268434187198429,44.64346891775991],[-0.268453731245862,44.64359043078905],[-0.268472047498488,44.6437103582543],[-0.268493855764094,44.643857844400536],[-0.268505088244965,44.64395356314477],[-0.268521599864346,44.64405543307885],[-0.268527892017906,44.644092099571225],[-0.268530589031584,44.64417122125168],[-0.268525590436246,44.64429391051132],[-0.268516162592324,44.64441204533054],[-0.268501975134749,44.64453951149473],[-0.268498496107127,44.644610075709615],[-0.268494124048256,44.64465219345781],[-0.268504003071876,44.64468542005715],[-0.268549166883445,44.6447916688752],[-0.268607908666194,44.64492310575274],[-0.268623862480375,44.644969668332486],[-0.268643610366209,44.645035941616165],[-0.268659165287616,44.64512783832732],[-0.268665377040118,44.645215325897375],[-0.268664878934561,44.64525895098907],[-0.268658541668012,44.64530635290067],[-0.268649936423412,44.64535382187352],[-0.268645436203802,44.64538720333702],[-0.268645201265559,44.645428838360125],[-0.26864677476473,44.645599539037285],[-0.268649911201414,44.645653598843055],[-0.268657156304308,44.64575889648454],[-0.268660447708229,44.64588089018593],[-0.268661000724084,44.645981790403866],[-0.268656502621249,44.6460543670883],[-0.268643543104818,44.6461377361414],[-0.268365997264179,44.646144320447235],[-0.268085954949031,44.64617314345738],[-0.267651235731808,44.64623789418644],[-0.267551645614752,44.646205156742035],[-0.26739874388578,44.64615417206436],[-0.267259317605381,44.64610702379828],[-0.267133124335946,44.6460660618622],[-0.267046241792088,44.64606962074648],[-0.266768547593038,44.646080170008524],[-0.266783995320048,44.64604619482143],[-0.266847850916591,44.645919784058016],[-0.266871525542085,44.645870968888985],[-0.266786664985798,44.64581797262227],[-0.266735754383358,44.645782354255466],[-0.266644103045357,44.64572325128545],[-0.26660706923607,44.645698395694346],[-0.266602598339624,44.645693121570645],[-0.266598726975486,44.64568512661144],[-0.266594112535665,44.645670846331804],[-0.266590452036724,44.645646896738256],[-0.266589671970772,44.6456138516314],[-0.266592178651822,44.64555259696342],[-0.266595201168082,44.645474117196045],[-0.266601408828023,44.64537220638283],[-0.26660406673233,44.64531356026579],[-0.266607519612657,44.645249033900754],[-0.266610193151011,44.64519065763586],[-0.266611878980842,44.64514789854351],[-0.266610434314902,44.64512298243807],[-0.266612237858428,44.64510184481735],[-0.266614272868961,44.64505204729952],[-0.266606842659471,44.64501532424438],[-0.266412851556466,44.64484985908822],[-0.266389387100486,44.64483045925119],[-0.266288993907723,44.64473809571213],[-0.266183361326368,44.64464678794079],[-0.266135815032105,44.64461692670664],[-0.2660776406856,44.644580081051345],[-0.265992485600574,44.644521957060526],[-0.265925761476509,44.644546634588785],[-0.265864404575028,44.64453979734979],[-0.265760559012243,44.644525024726605],[-0.265721021706702,44.6446594564272],[-0.265698947262695,44.64473588593671],[-0.265664336551976,44.64485079973795],[-0.265648325428718,44.644901190296665],[-0.265602948266803,44.645052463699926],[-0.265562954015419,44.64518555728931],[-0.265532041889418,44.64529243264959],[-0.265491807472871,44.645421388530096],[-0.265439870544605,44.64559015559863],[-0.265414648842684,44.64567109311679],[-0.265381481195178,44.64578479285888],[-0.265355623234718,44.64586782154907],[-0.26534049529827,44.64591386098987],[-0.264883544485994,44.64588248589275],[-0.264645898265108,44.64586535650222],[-0.264504480040468,44.64585565679475],[-0.264385415907612,44.645846197837585],[-0.264393354952382,44.645793703151725],[-0.264404362400559,44.64573535120816],[-0.264424291924708,44.64560879747564],[-0.264443016624284,44.64550066051068],[-0.264460492601219,44.64539057813557],[-0.264483719590216,44.64526212494789],[-0.264517801808154,44.645111906471726],[-0.264529270144432,44.64506804763325],[-0.26454418256412,44.644998677797616],[-0.264568268972699,44.64489813141465],[-0.264592801266657,44.64478567815179],[-0.264620988278377,44.64467095446023],[-0.264655619351909,44.644549823286404],[-0.264381015067599,44.644482876312594],[-0.264210058016258,44.6444403497999],[-0.264018397985946,44.64439338852089],[-0.263970052230978,44.644382381699856],[-0.263930178957848,44.64436076275937],[-0.263841564463842,44.64447817143376],[-0.263604776232443,44.644782955530516],[-0.263562155111758,44.64483809590916],[-0.263470358846351,44.64495289508356],[-0.263389897308024,44.64505420440708],[-0.263309172109132,44.64515750373446],[-0.262920492539921,44.64493840144956],[-0.262521276855422,44.6447138422244],[-0.26242921946431,44.64466069479891],[-0.262418815773833,44.64465757789692],[-0.262391567653735,44.64463819881808],[-0.262290007186044,44.64456478809238],[-0.262202364131379,44.644502860263344],[-0.262095739252471,44.6444269858241],[-0.261983194841857,44.64434696099303],[-0.2618441433618,44.64424726468178],[-0.261741140057241,44.64417506742763],[-0.26164946622869,44.64410235559425],[-0.261753321301644,44.644025766598105],[-0.261868229262373,44.64394389564783],[-0.261987764271015,44.64385693232795],[-0.262015749471775,44.64383673421253],[-0.261731454568856,44.643615358826764],[-0.261763308110792,44.643596578395915],[-0.261872818406194,44.64352612965767],[-0.261983021899883,44.64345457910493],[-0.26207902542306,44.64339281826315],[-0.262190651784235,44.643319693740075],[-0.262041481350364,44.64316290036309],[-0.262004783184232,44.64312415749519],[-0.261922602738507,44.64303882160947],[-0.261879010384015,44.64299217281715],[-0.262078707857813,44.64287725441991],[-0.262236653480621,44.64278672446997],[-0.262750214899562,44.64249503889304],[-0.2627578034039,44.64248877795857],[-0.26275626838096,44.64248188528394],[-0.262729083387269,44.64241781304389],[-0.26270096833591,44.642344217262924],[-0.262698283770602,44.642337088207434],[-0.262679204014566,44.642308367675845],[-0.262660598951278,44.642274767532655],[-0.262618280231802,44.64219780662039],[-0.262604085241659,44.642174978848296],[-0.26256414302514,44.642067132327526],[-0.262517744603984,44.64209625370365],[-0.262374450861128,44.642191307375924],[-0.262262076230644,44.64226454431263],[-0.262150063659741,44.64233750013279],[-0.262026812659199,44.64241907701698],[-0.261887109562325,44.64251078032947],[-0.261771602652689,44.64258879455841],[-0.261703787961887,44.64263386513653],[-0.261528888300206,44.64275201573992],[-0.261512053234272,44.64276206345061],[-0.261455408743248,44.64279734340509],[-0.261342263222586,44.64286384432621],[-0.261205640028657,44.64294338197391],[-0.261032509567956,44.64304634214335],[-0.260933475364055,44.643121166377945],[-0.260844240332124,44.64318867337022],[-0.260711753549839,44.64328737052683],[-0.260627213126193,44.643350954500406],[-0.260439028331055,44.64348823670124],[-0.260323261147526,44.64357490695165],[-0.260219814177512,44.64365202314429],[-0.260161441390502,44.64369672414535],[-0.260118034129281,44.64365980040487],[-0.259953384241154,44.64352986120935],[-0.259843115827569,44.64344327979204],[-0.259675146706841,44.643308302211146],[-0.259488643077355,44.64316053560515],[-0.259346866044229,44.643046320010534],[-0.259015387694721,44.642781367708906],[-0.25922202809414,44.64270130020221],[-0.259325267418764,44.642659872078525],[-0.259348160903533,44.64264982628159],[-0.259448067302015,44.64259660264661],[-0.259553776568919,44.6425389729377],[-0.259727454609688,44.64244545986045],[-0.259851640575385,44.64237998659888],[-0.259877255807854,44.642364634416225],[-0.259989838672357,44.642301485452904],[-0.260043125403708,44.64227360368345],[-0.260151644586472,44.642231838831904],[-0.260238962559787,44.642196646016906],[-0.260264128748561,44.642186623093984],[-0.260313945796532,44.64215767217784],[-0.260371025590514,44.64212337111848],[-0.260396935256096,44.64210656846805],[-0.260525557646914,44.64202618657422],[-0.260636609565415,44.64195623420655],[-0.260759738675287,44.641879077586],[-0.260858449133353,44.64181831919241],[-0.260927889939762,44.641775183445006],[-0.260866865719346,44.64176094524102],[-0.260811507143157,44.64170067715674],[-0.260684481465422,44.64156656584284],[-0.260574419060721,44.64145078567503],[-0.260447467383037,44.641317933401695],[-0.260359656833339,44.641226815796564],[-0.260229826174401,44.64108999357419],[-0.260390828735025,44.64101307183396],[-0.260352563980028,44.64097338359424],[-0.260270881644442,44.640890014303174],[-0.260222900475868,44.64083943977662],[-0.260438502303454,44.640750815958434],[-0.260566793321019,44.64069747479492],[-0.260614494097228,44.64067777670087],[-0.260650680949033,44.640661932268074],[-0.260759465225166,44.64061826674739],[-0.260862957835887,44.64057475722278],[-0.260926483969016,44.64054720364119],[-0.260853593468493,44.6404652873842],[-0.260874165952019,44.64045440868112],[-0.261061529497651,44.640375086367555],[-0.261286973960811,44.64027995329289],[-0.261559223308087,44.64016929241741],[-0.261712955969817,44.64010420652029],[-0.261906947272049,44.64000207114769],[-0.261947215794748,44.63997826681026],[-0.262071419786096,44.639913240867905],[-0.262149286989237,44.63987183788788],[-0.262237335913789,44.63982319637899],[-0.262392089845622,44.63973654460117],[-0.262521712154748,44.639667033235604],[-0.262597746193699,44.63962667517112],[-0.262807387371869,44.63951371429442],[-0.262808495197502,44.639513231074886],[-0.262864470474057,44.63948607942687],[-0.262802013536589,44.63944052860907],[-0.262898937133565,44.63938171318155],[-0.26286893527133,44.63932781584538],[-0.26286766597425,44.63932551062122],[-0.262860102282725,44.639312578774145],[-0.262816969387197,44.639241138435175],[-0.262809400509833,44.63922811663522],[-0.262793733757045,44.63919947564613],[-0.262786915590646,44.63918634158154],[-0.262754605193504,44.63911872652416],[-0.26274816499983,44.63910558130098],[-0.262679718727101,44.63895658814019],[-0.262621784136722,44.638825665803],[-0.262791494615679,44.63877506386075],[-0.262901313073049,44.638742808732694],[-0.263021013122702,44.63870467535656],[-0.263171531842942,44.63862995099476],[-0.263410875115804,44.63851349898514],[-0.263612614828652,44.6384145555968],[-0.263638813585594,44.63840278939679],[-0.263836668812889,44.6383021582054],[-0.263842851453869,44.638304318333326],[-0.263812012003221,44.63826864692281],[-0.263989744961695,44.63813437025466],[-0.264085273473204,44.63806460227314],[-0.264129212500092,44.638032309062986],[-0.264309164731135,44.63789715537851],[-0.264473515899647,44.63777372510681],[-0.264527956260893,44.637733192457155],[-0.264608545362573,44.63767350631855],[-0.264705138405972,44.63760253497943],[-0.264756017897506,44.63756589173888],[-0.264934238998682,44.63743358131834],[-0.264957478706211,44.63741649597972],[-0.265132868188737,44.63728760269664],[-0.265221804628831,44.63722172265631],[-0.265329265197513,44.637142320366245],[-0.265479224157897,44.637031928197835],[-0.265639926397505,44.636910946582915],[-0.265756357244928,44.636829566849485],[-0.265817570319102,44.63686019548804],[-0.265818678066794,44.63685971223886],[-0.265822139432633,44.636854113643054],[-0.265824555610916,44.63685007769146],[-0.2659829419445,44.63671528801891],[-0.265990161802029,44.63670921794339],[-0.266045069164449,44.636663715001646],[-0.266051191694411,44.63665830807283],[-0.26630649683812,44.63643865964244],[-0.266372028717449,44.63647195354936],[-0.266466104420672,44.636533957853665],[-0.266567347965517,44.636588992471054],[-0.266687665837124,44.636646526780666],[-0.266757477896863,44.63667527889365],[-0.266897164498607,44.636720797358734],[-0.267030449688823,44.63676037781986],[-0.267209770808074,44.63681040089824],[-0.267429555286606,44.636866165513034],[-0.267587769462686,44.63690473806289],[-0.267692224575735,44.63692372538038],[-0.267842519846341,44.63694324949501],[-0.26797633143823,44.636952718643215],[-0.268151945851968,44.63696491615902],[-0.268258079345717,44.636973671600494],[-0.268386915269383,44.636982206138555],[-0.268482734921541,44.63698937417313],[-0.268701984686704,44.637003253878596],[-0.26883272609275,44.63701200186108],[-0.268939122915488,44.63701876658379],[-0.26904408628713,44.637026925158196],[-0.269086366249294,44.63703135119586],[-0.269237404692723,44.63704409367272],[-0.269395728423376,44.6370584225254],[-0.269480053591385,44.637063226591735],[-0.269599316167257,44.63706988042085],[-0.269785784029526,44.63707337464629],[-0.269873202730978,44.6370727707719],[-0.269909764626216,44.63708304220225],[-0.269929827720638,44.63709605432654],[-0.269998207536614,44.637080515748394],[-0.270004021748702,44.63706980158527],[-0.270181740620762,44.637053010307305],[-0.27040582574044,44.637032774439035],[-0.270431716894335,44.63707444726327],[-0.270604613219489,44.63737244070996],[-0.270695758217676,44.637527335340465],[-0.270797982783492,44.637501333853905],[-0.271037975735541,44.63744206153061],[-0.27122930588793,44.63739233826446],[-0.271181301548635,44.63730888111981],[-0.271325709147678,44.63725955522692],[-0.271260427771609,44.6370610962721],[-0.271591311115963,44.63695020618335],[-0.27187133506379,44.636856678921916],[-0.271848297422052,44.63681852609664],[-0.271863587249591,44.63682104691529],[-0.271917409479743,44.63680909169846],[-0.272025475455431,44.63677940205494],[-0.272166388890937,44.63673513416834],[-0.272347353096339,44.636669947575555],[-0.272600854467488,44.63658260987673],[-0.272779964579586,44.63651810817596],[-0.272922116823617,44.63646911720653],[-0.273071285849831,44.63642361252055],[-0.273311425070674,44.63636045627966],[-0.27358757357177,44.63629154757817],[-0.273571234500769,44.63638826255824],[-0.273510581491002,44.636732273885],[-0.273504306891145,44.636800217921746],[-0.273489467574895,44.63696185346329],[-0.273484798590824,44.63701181925446],[-0.273478607251823,44.63704209735719]],[[-0.265896352663944,44.6401136744357],[-0.265859620267772,44.640133140904],[-0.266002243143661,44.640327155133264],[-0.266116368195791,44.64048020313461],[-0.266129576829203,44.64055784270989],[-0.266159318373257,44.64077699732406],[-0.266129670834234,44.64082725023172],[-0.266185196176813,44.640916434164915],[-0.266283359857126,44.641081486998864],[-0.266465818099999,44.64104825323786],[-0.266488665771552,44.64122030706856],[-0.266502277298657,44.64134406789081],[-0.266857273975644,44.641276270681956],[-0.267031307699537,44.64124139279589],[-0.267021839798579,44.6411238168093],[-0.267183266867646,44.641080481095486],[-0.267302588613384,44.641048841770754],[-0.267489088561788,44.64100043948999],[-0.267383781471425,44.640823254560566],[-0.267270399389847,44.640637387968745],[-0.266923052574816,44.63985104679278],[-0.266479122899192,44.639965082831694],[-0.266193029597462,44.64003922265942],[-0.265896352663944,44.6401136744357]]],[[[-0.27263913031681,44.63958824691675],[-0.272605524654943,44.63968105792485],[-0.272510531679129,44.639929403914216],[-0.272452996436874,44.64012519144508],[-0.272410683455192,44.640341882953514],[-0.272372686753569,44.64051555713482],[-0.27235464263321,44.640615566219],[-0.272354709561462,44.64069494592511],[-0.272353730177472,44.6408736513031],[-0.272352896969985,44.640924494671154],[-0.272346312610909,44.641097959750994],[-0.272343002704053,44.64127565289979],[-0.27234109776847,44.64136671442933],[-0.272128903010542,44.64138335803603],[-0.271902134550202,44.641403315947],[-0.271684590524017,44.6414191258877],[-0.271692743412375,44.64150736677249],[-0.271698661751873,44.641589726930185],[-0.27170352644741,44.64166698234432],[-0.271815729619095,44.64164969514266],[-0.27211200577169,44.64160091898209],[-0.272335760079954,44.64156816500479],[-0.272334909094257,44.641644778685865],[-0.272338309302313,44.641761993574484],[-0.272359620908587,44.64184209595017],[-0.272428988976609,44.64206512244565],[-0.272518130182833,44.64233522863451],[-0.272595323649867,44.64256910624277],[-0.272615790686789,44.64270635965194],[-0.272636154225701,44.64295264216913],[-0.272655450280947,44.643187062564095],[-0.272386231342008,44.643206385866655],[-0.272227079255285,44.64321722430785],[-0.272144831211627,44.643222272016104],[-0.272157932328805,44.64328486700679],[-0.272176033575651,44.64328361034829],[-0.272220721387895,44.64345979270127],[-0.272221738560101,44.64346426779913],[-0.272225553867658,44.64365382412921],[-0.2723328050145,44.64365551486395],[-0.272333093674409,44.643693079760055],[-0.272399670872311,44.64369200990617],[-0.272415592038932,44.643790112558364],[-0.272596668733881,44.64377862481],[-0.272698043165712,44.6437703975092],[-0.272711388449478,44.64390236547488],[-0.272595948201933,44.64391614514177],[-0.27246025068185,44.64435689744738],[-0.272251396181236,44.644366053548126],[-0.272224579984774,44.64436720776868],[-0.272239602454429,44.644449839148876],[-0.272286713414414,44.64469379832684],[-0.272501324366194,44.64467942594468],[-0.272503142777578,44.6446911757653],[-0.272508054639982,44.64471707047444],[-0.272654118916383,44.6447024744207],[-0.272658968148966,44.644727289728756],[-0.272982150898975,44.64473078645395],[-0.272982272693778,44.644824130845244],[-0.27298511889103,44.64486008827334],[-0.272994822904567,44.64490980881302],[-0.273003666462753,44.644938200122276],[-0.273033116620983,44.64500193289925],[-0.273062124404608,44.64505153240159],[-0.273116039675453,44.64513229131904],[-0.273158338316326,44.6451890660289],[-0.273282113147135,44.64533173038363],[-0.273298581218085,44.64535448965672],[-0.27330442015538,44.64537026521882],[-0.273306709106094,44.645390110487206],[-0.273304803541461,44.64540944922871],[-0.273300542881735,44.64542083842531],[-0.273288795502021,44.64543371076839],[-0.273271278907793,44.645445041957984],[-0.273243892645507,44.645455944553746],[-0.273178936870156,44.64547192415572],[-0.273064657118789,44.64549269799979],[-0.272957707254088,44.64550929011566],[-0.272768391014404,44.64552895141436],[-0.272546373742452,44.645546246608966],[-0.272507476821972,44.64554802883009],[-0.272346839338696,44.6455529643513],[-0.272205782597263,44.64556254608109],[-0.272062299254252,44.645575983833304],[-0.271971216167693,44.645585437621],[-0.271912527615368,44.64558546272485],[-0.271854149148968,44.64558430726492],[-0.271808885604484,44.645580781318024],[-0.271682442320793,44.645561637136105],[-0.271605410122049,44.64554571590513],[-0.271496666779045,44.6455183888215],[-0.271451183937185,44.645511084844216],[-0.271405852576588,44.645506389387386],[-0.271366058635829,44.64550576493961],[-0.270947170156003,44.64552347652889],[-0.270528575861387,44.64553973615401],[-0.270202332342061,44.64555533464499],[-0.26977538514496,44.64557120777787],[-0.269413479115394,44.645585606173746],[-0.269394334366003,44.64528180074485],[-0.269486507280928,44.64508886491166],[-0.269752593918527,44.64435646772902],[-0.270037272963303,44.64408151891138],[-0.270039773800688,44.6437984280278],[-0.270158147879692,44.643443790653365],[-0.270183075474269,44.64327311694731],[-0.270190328960851,44.643195863392236],[-0.27019604863159,44.64313784737837],[-0.270214076412736,44.64300486108653],[-0.270240946612306,44.6427828607126],[-0.270247948372402,44.642720842194684],[-0.270252201472817,44.642520144774075],[-0.270219756787666,44.642378650156196],[-0.270190861284952,44.64225263853793],[-0.270112986157195,44.642196014354305],[-0.270055001740083,44.64215592145894],[-0.27004668634679,44.64209093214703],[-0.270024607416951,44.641925793929055],[-0.270005258968606,44.64177508168976],[-0.269999456871061,44.64171425292472],[-0.269971485337864,44.64149324436684],[-0.269956965074075,44.641380052787014],[-0.269945433080077,44.6412792071607],[-0.269930853397623,44.64117151369017],[-0.269756875834142,44.64123342572666],[-0.269626243110522,44.641278917899996],[-0.269550977321853,44.64130637331437],[-0.269549452574655,44.641345343326556],[-0.269592209747125,44.641488425166486],[-0.269660768732145,44.64171075613102],[-0.269685409430302,44.64177652400427],[-0.269732684958863,44.64195830700219],[-0.269788526608969,44.64217677925202],[-0.269779359172793,44.642181916046006],[-0.26978752583206,44.64228349199783],[-0.269801230352582,44.642434821763516],[-0.269812679648681,44.64257991096807],[-0.269822433396046,44.642708831612396],[-0.269826632637086,44.64277466354233],[-0.269684458927952,44.6427844554881],[-0.269678414903703,44.64286951225378],[-0.269668093769211,44.6429983058829],[-0.269658974386877,44.64312823532189],[-0.269649614839054,44.6432540270836],[-0.269646037196453,44.6433098171995],[-0.26955325752587,44.64331607552179],[-0.269530755552082,44.64338503993637],[-0.26949146508309,44.64351703310551],[-0.26945154589696,44.64364471986352],[-0.269439661938384,44.64368787077054],[-0.269419956568743,44.64379198313],[-0.269400998819676,44.64388940567688],[-0.269385114029986,44.64398106078142],[-0.269368256156834,44.644062472803505],[-0.268570811286135,44.64464262754697],[-0.268568671010236,44.64459268309442],[-0.268569084988993,44.644534553755385],[-0.268588778935074,44.64437800136781],[-0.268599366540052,44.64430596550495],[-0.268599724495519,44.64427297684917],[-0.268598223962142,44.64419490103405],[-0.268593789241755,44.64404014336274],[-0.268535159121227,44.643636499066254],[-0.268496266070432,44.64339031361925],[-0.268487058387456,44.64332949537365],[-0.268453317925796,44.643106854944136],[-0.268414277878813,44.642877703535106],[-0.268392543911756,44.642744541778455],[-0.268383424805636,44.642626504916194],[-0.268385978647057,44.642559572273],[-0.26840571937378,44.642403829583834],[-0.268453790351511,44.64220778369206],[-0.268495952744332,44.64203389785589],[-0.268518159587228,44.64194025395756],[-0.268541873022459,44.6418464754029],[-0.268543420046281,44.64182093024526],[-0.268571734925639,44.641643309073096],[-0.268589311931888,44.64154818019933],[-0.26861392571146,44.64143076778403],[-0.268626471120281,44.641372910509304],[-0.268643823563524,44.64127391380353],[-0.268664598517963,44.64117517630587],[-0.268693113961534,44.641007550729164],[-0.268705763611044,44.64090580976346],[-0.268711486819987,44.64084130632993],[-0.26870970296781,44.640732243253076],[-0.268691519212214,44.64054932943664],[-0.268660952373842,44.640335695977306],[-0.268638989204218,44.64019857661824],[-0.268630349954006,44.64013449792125],[-0.268628868822348,44.64007633461562],[-0.268638671308907,44.64001035901924],[-0.268657212248199,44.63996448848954],[-0.268674531297609,44.63993018738565],[-0.268709347486341,44.639877708495916],[-0.268737632466151,44.639843173200205],[-0.268778621847347,44.639805739286],[-0.268858645814681,44.63973633545128],[-0.268986827222407,44.63963559283963],[-0.269087523439621,44.639563595166784],[-0.269187670060971,44.6395017052866],[-0.269280711431219,44.639447864503715],[-0.269334238344335,44.639417718371945],[-0.269444498311002,44.639360484828615],[-0.269525596967049,44.639322675158006],[-0.26958238214232,44.63929648719695],[-0.269659620649415,44.63926392752963],[-0.269768421349065,44.639220702919054],[-0.269855752643956,44.63919243984374],[-0.269999770519514,44.63914934452218],[-0.270111121411744,44.639123974795545],[-0.270302130285063,44.639081651320794],[-0.270385218041364,44.639058559187184],[-0.270458642873508,44.63903205863806],[-0.27054714799573,44.638991416030144],[-0.270593266186166,44.63896410149274],[-0.270663115749481,44.63892166809291],[-0.270719007136932,44.63888009819949],[-0.270793842530686,44.638806161008866],[-0.270832649634684,44.63875725755878],[-0.270889153174454,44.638687106511426],[-0.270900131887028,44.63857622409918],[-0.27085443525881,44.63848035423018],[-0.270854498684167,44.63846188104862],[-0.270858448014232,44.6384386074707],[-0.270868376622312,44.63841398560128],[-0.270887292414418,44.638387656115384],[-0.270917955882993,44.63836151960372],[-0.270949792952735,44.63834255666652],[-0.271048722493705,44.63829890201627],[-0.27112579494137,44.63827004044755],[-0.271301832421383,44.63821770616863],[-0.271409403359805,44.63818595946114],[-0.271606669848196,44.6381275901217],[-0.271728828844957,44.638092798284575],[-0.271799172222139,44.638078461941426],[-0.271827410308606,44.63806924639671],[-0.271923163262766,44.63804262450984],[-0.272002526833318,44.6380206324926],[-0.272100090992449,44.63799260527189],[-0.272165040301615,44.637970138809024],[-0.272153563994782,44.63799417590024],[-0.27215132212857,44.6380142453502],[-0.27215398277993,44.63805354201944],[-0.27216010947075,44.63808732984174],[-0.272170726035224,44.63813323888574],[-0.272180879556176,44.63816465489775],[-0.272193427973644,44.638191675019065],[-0.272218234156104,44.63823419055435],[-0.272240933083065,44.638266496616595],[-0.272269794104311,44.63830060253407],[-0.272290554777031,44.638319089956546],[-0.272327688895874,44.63835223010218],[-0.272396565159058,44.638403892941554],[-0.272479937574365,44.63846395675003],[-0.272541647154958,44.638503036923225],[-0.272658192148608,44.638573651763984],[-0.272696284647779,44.63859721239854],[-0.272782780527382,44.63865889549569],[-0.272818211819024,44.63868226457721],[-0.272860637776362,44.638715247874345],[-0.272883833685688,44.63873654641979],[-0.272902504668252,44.638758159154825],[-0.272922276406616,44.63878568615938],[-0.272926289217559,44.63881566208469],[-0.272918824166209,44.638856610154214],[-0.272876634490689,44.63895805509804],[-0.272816563967785,44.63912319240359],[-0.272717201041777,44.63938752627609],[-0.27263913031681,44.63958824691675]]],[[[-0.2722781524456,44.6462870045353],[-0.272184017511591,44.64633520353321],[-0.272038656798186,44.64640762495376],[-0.272007872281226,44.646366547551786],[-0.271947838149131,44.64627822020914],[-0.271915068263057,44.646222514558644],[-0.271838205237534,44.646072603448644],[-0.271750395375493,44.64589066887696],[-0.271710730303252,44.645807505264],[-0.271697285290978,44.64577159118344],[-0.271694682052943,44.645733283832314],[-0.271701040560194,44.645712371675714],[-0.271710154731645,44.64569327015017],[-0.271722475691983,44.64567722736232],[-0.271740099036776,44.645661207849614],[-0.271759127989696,44.64564983215192],[-0.271780623410502,44.64564180741134],[-0.271808029054446,44.64563775253513],[-0.271965258153524,44.64561976347108],[-0.272098655907176,44.64560869677729],[-0.272238232146837,44.64559969963771],[-0.27226066971718,44.64560137817061],[-0.272268637136097,44.64560817045564],[-0.272400802418834,44.64581708435008],[-0.272596306013051,44.64613206799722],[-0.272504695820458,44.64616505502112],[-0.272516377032076,44.64618363111677],[-0.272460459039016,44.646205289604154],[-0.272373668457738,44.646106131094115],[-0.272196516374995,44.64619183810549],[-0.2722781524456,44.6462870045353]]],[[[-0.268659638268432,44.6366909450962],[-0.268597167623364,44.6367104528708],[-0.268557584110507,44.636726400467374],[-0.26849354493163,44.636758028469536],[-0.268393284040217,44.63679829625604],[-0.268352305725467,44.63680977983396],[-0.26825132466053,44.63683763446575],[-0.268184761305999,44.636851856793825],[-0.268132330002134,44.63686169665626],[-0.268077990438528,44.63686474503235],[-0.267970038196461,44.636863792121005],[-0.267925657756466,44.63686231108623],[-0.267873095442963,44.636856837063824],[-0.267764355531856,44.63684230157834],[-0.267676081686685,44.63682815206748],[-0.267484033029589,44.63678715594533],[-0.267199613173536,44.636713569376276],[-0.267105800643498,44.63668877070184],[-0.266894560929754,44.636623652447064],[-0.266819661139939,44.636598564840085],[-0.266733029479657,44.63656048858766],[-0.266631212465181,44.636508624696134],[-0.266420914043763,44.636387883809036],[-0.266818252254783,44.636188995233596],[-0.266908736309882,44.63614334133555],[-0.267394479740142,44.63590219189898],[-0.267518699765122,44.63583769963851],[-0.267893340153191,44.63598520590496],[-0.268258849507495,44.63613189972757],[-0.268517048651606,44.63623644366747],[-0.268544596747004,44.636247973220456],[-0.268571571606198,44.63626267334994],[-0.268603530411479,44.636284975005644],[-0.26871215384885,44.63637583095807],[-0.268858935711601,44.63650448310959],[-0.268896796397677,44.63653715228185],[-0.268928148729224,44.63656857227176],[-0.268956326276964,44.63659747314206],[-0.268979163572422,44.63663220848805],[-0.268865447335455,44.63664935758968],[-0.268823105817974,44.63665691709853],[-0.268758601717292,44.63666747472926],[-0.268712238539055,44.63667749582956],[-0.268659638268432,44.6366909450962]]]]}}]}
