{"type": "FeatureCollection","name": "aoc_geojson","features": [{"type":"Feature","properties":{"dt":"Colmar","type_prod":"Vins","categorie":"Vin mousseux \"Crémant\"","type_denom":"appellation","signe":"AOC","id_app":2,"app":"Crémant d'Alsace","id_denom":3,"denom":"Crémant d’Alsace","insee":"67411","cvi":"1B001M 1, 1B001M 3, 1B001M 4, 1B001M 5, 1B001M 6, 1B001M 7, 1B001M00, 1S001M00","nomcom":"ROSHEIM","insee2011":"67411","nomcom2011":"ROSHEIM","id_aire":16,"crinao":null,"grp_name1":null,"grp_name2":null},"geometry":{"type":"MultiPolygon","coordinates":[[[[7.439194467432825,48.495299540817854],[7.438710506167987,48.4954709055732],[7.438582668080191,48.49551893560965],[7.438571888661408,48.49558376153512],[7.438748858523697,48.49558444105855],[7.439332282840316,48.49563190726118],[7.439349063669636,48.49559794187891],[7.439397397715445,48.495499544706625],[7.439449873954198,48.495392432876635],[7.4392478018349,48.4953050242862],[7.439194467432825,48.495299540817854]]],[[[7.44006925976691,48.496019797373],[7.440018349903325,48.49600773620753],[7.439709172217916,48.496029123680856],[7.439525959902385,48.49602678690665],[7.439488556049459,48.495972503153794],[7.439474960199085,48.495952828925496],[7.439444963364789,48.49590917040597],[7.439419004956091,48.49587157784171],[7.439407053627556,48.49585211239571],[7.439364523395833,48.49576450248652],[7.439309599349269,48.495692222962695],[7.439270800292659,48.49568709682817],[7.438978803137433,48.49565359853347],[7.438829347293645,48.49563684327676],[7.43856002659057,48.49562619260205],[7.438157007236383,48.49562477597378],[7.437938879485237,48.49562473361813],[7.437621441970297,48.495636603498696],[7.437549160890577,48.4956843570299],[7.437470344190386,48.49574298687945],[7.437454539391809,48.49578529490975],[7.437431015847232,48.495848524825874],[7.437388865558521,48.495962367508405],[7.437388760829346,48.495962731830886],[7.437367145062794,48.49601967337345],[7.437314907408212,48.49615849091459],[7.437281282094324,48.496254535055705],[7.437281207772269,48.496255258647714],[7.437260340251345,48.496338662058555],[7.437247886730367,48.49641256051016],[7.437243982236874,48.49644811643544],[7.437242451865028,48.49646367113452],[7.437263333398731,48.49660146673689],[7.437289225603322,48.49664149492556],[7.437396556296508,48.49684444544884],[7.437489411460725,48.49702532159943],[7.437524740642556,48.49709995632144],[7.437564290652439,48.49718281266596],[7.437588069376099,48.49723310129474],[7.437608087755814,48.49727740360915],[7.43763992887173,48.49734766363368],[7.437664628456713,48.49740242289481],[7.437670422834472,48.497414820463824],[7.437703059763681,48.49748487051102],[7.437723927204939,48.49752959156528],[7.437724243107658,48.497530120362946],[7.437757571098521,48.49760032475797],[7.437791309523329,48.49766096302792],[7.437835933258322,48.49774128692227],[7.437898310424195,48.49785356373507],[7.437963762573085,48.497976537722955],[7.438022499309381,48.49810345694864],[7.438024836359776,48.49814067161],[7.438008745073967,48.49818920734461],[7.437995185632649,48.49821800626103],[7.437918668028528,48.49831664538905],[7.437738803806884,48.49844203445415],[7.437668446541037,48.49849494176828],[7.437593252200977,48.49858199815733],[7.437609374347759,48.4985978839413],[7.437680941497312,48.49861692254879],[7.437939770718605,48.49867482085073],[7.438176136347272,48.498712384748224],[7.43824917420678,48.49872316878927],[7.438429583849253,48.49874994010578],[7.438555112503987,48.498767410756145],[7.438601512324401,48.498772613352095],[7.43868352143862,48.49878207051278],[7.438827256852467,48.49879840947391],[7.438917524519462,48.49881413502694],[7.438987560804216,48.49882629230539],[7.439050583015903,48.49883727025288],[7.439149914925389,48.4988543685507],[7.439206193383127,48.49886415702196],[7.439249119359959,48.49887156163718],[7.439295214543326,48.4988795685117],[7.439352313297622,48.498891038164324],[7.439406505564758,48.498901805590506],[7.439516294866117,48.49892391853686],[7.439563322712501,48.498933332049795],[7.439598071599253,48.49894023149514],[7.439676740032574,48.49895666066903],[7.439776384249899,48.49897744094184],[7.439874218402506,48.49899765813322],[7.440009062853528,48.49902586129984],[7.440141333857766,48.49905569231934],[7.440188944133514,48.49906877797087],[7.440236419287059,48.499081868659154],[7.440331029544176,48.49909923274118],[7.440400857107767,48.49911211783213],[7.440443408449667,48.49911989645091],[7.440451669370343,48.49912138942035],[7.440650508825343,48.49914963037777],[7.440676599235458,48.49915514153715],[7.440791738194614,48.49917957603164],[7.440842679938322,48.49919037434107],[7.44093255467764,48.49920944687015],[7.441089808511711,48.499260507102804],[7.441201827293937,48.49930091586253],[7.441297442393853,48.49933653224296],[7.441341407905576,48.499352997497326],[7.441406458137624,48.49937029556473],[7.441492328308625,48.4993933018119],[7.441492185552219,48.49939321705233],[7.441706007654298,48.49944945786876],[7.441884171565416,48.49947847056738],[7.441981349028429,48.49949411546922],[7.442142127021149,48.49951954368336],[7.44226936609145,48.49953955944933],[7.44250836739925,48.4995777371308],[7.44251672384667,48.499570756820276],[7.442699300641674,48.49961023516081],[7.442831595613645,48.49963871086019],[7.442922818977526,48.49968647391718],[7.443134627231192,48.49979729921529],[7.44318458955097,48.49982372082899],[7.443241929788673,48.499854010907086],[7.44329756457763,48.49988337368524],[7.443315952420556,48.49986998096013],[7.443387953422556,48.49990368660327],[7.44345755803191,48.49993631059715],[7.443527307292343,48.499983435525984],[7.443594622118507,48.500029029726434],[7.44366322953111,48.50007547651607],[7.443706670993462,48.50010493521529],[7.443765787779316,48.50014497963949],[7.443810093544274,48.500175036656685],[7.444062117189796,48.50030120375831],[7.444220470133158,48.50038114156796],[7.444254657239618,48.50040058488916],[7.444602689326678,48.50058451527852],[7.44511402709609,48.50086035967586],[7.445441857128514,48.50103621436688],[7.445674716356243,48.501160122674236],[7.445720851325295,48.501186146033106],[7.445629625298699,48.50127110510044],[7.445748096512492,48.50134433550188],[7.44587085874402,48.50142019822261],[7.445887598598603,48.50142254456046],[7.445937254712525,48.501429334360026],[7.445963997747801,48.50143292782727],[7.446046728162904,48.501444425415535],[7.446149717800296,48.50145020845376],[7.446301360308573,48.50145894425493],[7.446392313291598,48.50145229341474],[7.446403338419636,48.50144800601908],[7.446414609934304,48.501461008952276],[7.446453507363192,48.50146883228764],[7.446453785284755,48.5014689119781],[7.446453650133258,48.50146891704111],[7.446589231572763,48.50149609432551],[7.446617779357902,48.50150178248253],[7.446662880571407,48.5015108149686],[7.44676465673539,48.501531059244535],[7.44682835395546,48.501543539669164],[7.446838696048818,48.501545584955274],[7.446856068024536,48.50154898869997],[7.446941711571617,48.50156605295733],[7.447029940297051,48.50158482233537],[7.447067088556245,48.50159280111309],[7.447492360140155,48.50172328242032],[7.447493193913622,48.501723521484365],[7.447678507211363,48.501780730172726],[7.44775172549128,48.50180474680323],[7.44801630974581,48.50189178159334],[7.448023415916843,48.50189403814682],[7.448031506262258,48.50189670832799],[7.448304406392076,48.501985863623084],[7.44839512704739,48.502014810259716],[7.448422860859269,48.50202368207318],[7.448422996012003,48.50202367700793],[7.448431594476714,48.502024345876634],[7.448486293782652,48.50202824257356],[7.448654056661244,48.50208790960766],[7.448655983665134,48.50211540858752],[7.448655998909993,48.502115588220086],[7.44865038346541,48.50211651950158],[7.448659383819411,48.50220340087584],[7.448664448069934,48.502253487964786],[7.448667684986594,48.502283640904885],[7.448668544275242,48.50229216838515],[7.448668551897722,48.502292258201415],[7.448791932297137,48.50229385090066],[7.448884773602455,48.50229505639711],[7.449036972177443,48.502295929094906],[7.449319803723133,48.50229758128107],[7.449424449131116,48.502298884487764],[7.449428924439166,48.50229889692954],[7.449511035286468,48.50229987346716],[7.45005783247434,48.50230613477681],[7.45011782185678,48.50230685903652],[7.450119045861459,48.50230690324816],[7.450193443272759,48.502306456568206],[7.450201676361538,48.50229164145616],[7.450297679286559,48.50211928082523],[7.450322016518015,48.5021200802699],[7.450345685611532,48.502120994862906],[7.450377674208613,48.50205221891199],[7.450573103428424,48.50207840922905],[7.450566648561668,48.5021093760756],[7.450562134174222,48.50213125995147],[7.450562141799917,48.50213134976763],[7.450635035736187,48.50213555438278],[7.450709972228259,48.50213986256785],[7.450710107381073,48.502139857500005],[7.450736988894332,48.50188638339632],[7.450753492166278,48.501707092040085],[7.450769820207805,48.50162953254556],[7.450778983870761,48.501585759692254],[7.450810374248459,48.501433301091616],[7.45092300881101,48.501148679435886],[7.450933746235365,48.501131427676334],[7.450942947860486,48.50111684647111],[7.450953534869228,48.50109942014501],[7.450962601333163,48.50108484400602],[7.450962458556861,48.50108475925795],[7.450962586080707,48.50108466437361],[7.450843085443772,48.501050491756246],[7.450755944241706,48.50102537725109],[7.450657971655615,48.5009972449527],[7.45064254298167,48.500992777767195],[7.450638652026128,48.500991662237446],[7.450633514219382,48.500990233052484],[7.4506154414462,48.500984963988536],[7.4505602694742,48.50096910243754],[7.450551090319154,48.50096638315171],[7.450448107680981,48.50093672660625],[7.450446995981751,48.50093640788163],[7.450427406097649,48.50093083526688],[7.450296218086008,48.50089313585184],[7.45027216619552,48.50088610867456],[7.45027146757233,48.50088586456249],[7.450267576632602,48.500884749020514],[7.450213373792985,48.500869121284566],[7.450198365893074,48.500864818471634],[7.450127638062166,48.500844584356074],[7.450123611979025,48.50084347387653],[7.45010997846324,48.50083938982934],[7.449990320917065,48.500804951966025],[7.449895868572209,48.50077515534747],[7.449790681998119,48.50074188669626],[7.449564136402802,48.500670098771096],[7.44944989111166,48.50063392575275],[7.449199519412478,48.50055456074498],[7.44909168204239,48.5005203997457],[7.44889189489212,48.50045715838489],[7.448859294420909,48.500446847276166],[7.448666042742421,48.50038552303512],[7.448642914475773,48.50037819061729],[7.448635673334901,48.50037593916367],[7.448589138906066,48.500361194626024],[7.448469313722665,48.50032315749592],[7.448215189288911,48.50024266972766],[7.448135483832199,48.50021727470864],[7.4480377366976,48.50018696944213],[7.447948898258038,48.50015939371318],[7.447919933938143,48.50015038772524],[7.447869667087618,48.500134791668295],[7.447716770913273,48.50008727098699],[7.447659954106642,48.50006957764069],[7.447747846122359,48.499940591658124],[7.447706084168328,48.49992296488863],[7.447677829818689,48.4999111390774],[7.447657996758553,48.499902691873416],[7.447615115584789,48.49988465650395],[7.447601480495212,48.49987895040435],[7.447455513033321,48.49981720395831],[7.447238703983352,48.49972585523697],[7.447152626231777,48.499689255402934],[7.447097579800279,48.4996636565934],[7.447090397777139,48.499660501814986],[7.447062488193054,48.49964794213128],[7.446959712711133,48.499599894124316],[7.446831837541902,48.49954044245035],[7.446768172175839,48.49950912958027],[7.446691060478023,48.499472734122286],[7.446610792824727,48.499434294404956],[7.446527483508158,48.49939515767092],[7.44647300248333,48.4993586350615],[7.446338991283181,48.49929076297121],[7.446237865432215,48.49923976931356],[7.446201179138586,48.499221231086885],[7.446124673453768,48.49918237982716],[7.445877519626538,48.49906567550327],[7.445791044126284,48.4990275579049],[7.445761610279077,48.49900820727693],[7.445695905745399,48.49897841188187],[7.44564170189468,48.49894674404318],[7.4455440036625,48.49889778389182],[7.445388807207044,48.49881827023161],[7.445300440272189,48.498773825898944],[7.445252444292678,48.49875300792967],[7.445164260521315,48.49871711633068],[7.444956060193806,48.498647245941704],[7.444863306676697,48.4986134174144],[7.444773851978017,48.498581717827975],[7.444626237515311,48.49853084201855],[7.444596789232193,48.498517708697214],[7.444418691390557,48.49844788144918],[7.444375763053618,48.49843245969906],[7.444337452476043,48.498417135323024],[7.444216494346128,48.49832885966198],[7.444139818156923,48.49827676859805],[7.444067194512284,48.49822290390977],[7.444000694398317,48.498198093028655],[7.443951035869483,48.49818003987326],[7.443890501200182,48.498158429443166],[7.443853987796166,48.49814510997471],[7.443769470078585,48.498115657573734],[7.443729361165518,48.49810310340373],[7.443677150328589,48.498085325904746],[7.443563373443358,48.49804976069147],[7.44351558242953,48.49803614253989],[7.44345961245932,48.49802039782996],[7.443577707399305,48.497850999759805],[7.443627508695601,48.49777957647492],[7.44377269762384,48.497569969356014],[7.443846957134938,48.49745762489158],[7.443886479342987,48.497399290707065],[7.443913151646093,48.49736369284248],[7.44393050108796,48.49733646312893],[7.444010940231433,48.497218661211555],[7.444071814187481,48.497127541217424],[7.444133786163888,48.497031784857704],[7.443747241493198,48.49688101144375],[7.443416612256805,48.496762922777975],[7.442910698524177,48.496584089019144],[7.442894902575715,48.496578463308516],[7.44273246860488,48.49651579614505],[7.442732183103718,48.49651562662851],[7.44267304216925,48.49649603581308],[7.442617942090687,48.49647773533989],[7.442422561605546,48.496413417793235],[7.442353664362473,48.496390678041244],[7.442070993660312,48.496297731162024],[7.441982734090289,48.49626886815794],[7.441890306313216,48.49623880956577],[7.441796744265979,48.49620816264284],[7.441692683257303,48.49618160275803],[7.441290518971553,48.49608312482525],[7.440842638614609,48.496003475572984],[7.440521220112636,48.495947565278335],[7.440476883409319,48.49597949839211],[7.44043203652983,48.496011810982225],[7.440360865006561,48.49606303874522],[7.440331344519027,48.49608423594523],[7.440232474788077,48.496059733135574],[7.440200489555585,48.496051829513405],[7.440139973642122,48.496036794019616],[7.44006925976691,48.496019797373]]],[[[7.441096946834375,48.50222052752126],[7.441143737379039,48.50224310420031],[7.441247728776942,48.502297508841515],[7.441320367365212,48.50233551676265],[7.441413149230127,48.50238403359899],[7.441490048166584,48.502424314747294],[7.441547788121081,48.50245450059212],[7.441605956437002,48.50248494068583],[7.441671495336446,48.50251915950901],[7.441739986730868,48.50255461933516],[7.441852874664496,48.502613195636386],[7.441914551593802,48.502645036014584],[7.441975815521755,48.502676801717016],[7.442042894886745,48.50271159340986],[7.442107697687666,48.50274511874293],[7.442171801960685,48.502778399880455],[7.442221928327918,48.502808329744404],[7.442286626262334,48.50285501373118],[7.44233573037247,48.50289047800106],[7.442379776793819,48.502922257177545],[7.442428546106512,48.50295376947561],[7.44247671006652,48.50298773715244],[7.442539310739556,48.50303206676504],[7.442590646191639,48.50306825833735],[7.443147945271352,48.503467091441784],[7.44327954322502,48.50355920469702],[7.44337741841437,48.50350940887553],[7.443469041912313,48.50346264014475],[7.443559494519187,48.50341645577806],[7.443637482066387,48.50337677478845],[7.443650615136117,48.50337015622527],[7.443737975950619,48.50332588948515],[7.443940937176634,48.50322341399979],[7.443941192260109,48.50322322424648],[7.444230496135104,48.50307408661135],[7.444337156501281,48.5030191855932],[7.444211474231595,48.50289450547323],[7.44406847932431,48.502752723406005],[7.44406775024645,48.502752119991705],[7.444018905852103,48.50270214030828],[7.44379388471513,48.50249639337691],[7.443725976452369,48.50244703720156],[7.443664140716252,48.502402138935224],[7.44355245632541,48.50232099382286],[7.443500886809924,48.50228364008857],[7.443452444912066,48.50224959311059],[7.443366796106361,48.50218927776512],[7.443303913976857,48.50214802256195],[7.443237597934534,48.502104643332686],[7.443236590955194,48.50210396021504],[7.443172047243675,48.50206069480946],[7.443108803759825,48.50201837181768],[7.443043260897407,48.50197451303708],[7.442976884388364,48.501930415123105],[7.442843823337133,48.50184178021375],[7.442775575993705,48.50179640069818],[7.442711326182379,48.50175339436427],[7.442649811839622,48.501712267846656],[7.442584269743162,48.50166840880229],[7.442495991896116,48.501618643063416],[7.442453990688681,48.50159498663427],[7.442519350549078,48.501539110079094],[7.442599615354963,48.5014703316787],[7.442665094832605,48.5014142703458],[7.442684823545676,48.501397493811524],[7.442737573611878,48.50135281118877],[7.44280145568532,48.5012987016908],[7.442819884213522,48.50128098267835],[7.442814234564994,48.50127831089818],[7.442767880064733,48.50125607895025],[7.44272265248665,48.5012343454141],[7.442686898741043,48.50121721284654],[7.442685343568974,48.5012164601419],[7.442651032703669,48.501200354776884],[7.442606819787321,48.501179394135534],[7.442580840643337,48.50116721167699],[7.442489470222739,48.50112413911817],[7.442486780566247,48.50112279816162],[7.442406108016145,48.50108437082923],[7.442374877203195,48.501069411532484],[7.44236683108587,48.501065658104935],[7.442321333536404,48.5010439345295],[7.442282620103747,48.50102547099384],[7.442227641295676,48.50099905654587],[7.442195156172401,48.50098369364082],[7.442131899123085,48.50095398490784],[7.44210407191112,48.50094079029664],[7.442071466931546,48.5009256120487],[7.442036021964478,48.50090891824903],[7.441980676005524,48.500882967942275],[7.441924616295881,48.50085659381449],[7.441889877616397,48.50084023394825],[7.441814221717248,48.500801798699726],[7.441804319791561,48.500796943365174],[7.441784359802448,48.500788590061205],[7.441746693570704,48.50077288032246],[7.441707614977561,48.50075650261308],[7.441632718519609,48.500725427168774],[7.441515798985964,48.50067682267344],[7.441467165067545,48.50065647757747],[7.441422317209487,48.50063761261795],[7.44136777878011,48.50061478538093],[7.441257582818536,48.500568722203],[7.441145554012528,48.50052182649306],[7.441088206304135,48.5004978428287],[7.441086508417564,48.50049700534273],[7.441000892404084,48.50046101462178],[7.440921586496872,48.50042749079298],[7.440850018253617,48.50039728147189],[7.440726721728129,48.5003454008765],[7.440621026658015,48.50030124107964],[7.440359091664609,48.50066297731909],[7.440303668047597,48.50064730074762],[7.440238232179106,48.5006286649518],[7.440199753386117,48.50061776052143],[7.440175154766809,48.500610661705416],[7.440103747787026,48.5005903570815],[7.440051337733204,48.500624664112024],[7.439925433032657,48.50070686122454],[7.439730145831558,48.500821477080684],[7.439641415023447,48.50086876558402],[7.439709148274968,48.50091452642206],[7.439744841244208,48.50089093624808],[7.43985762784732,48.50097880107841],[7.439948116340859,48.50104830830224],[7.44001733045818,48.50110194251294],[7.4400651729579,48.50114015788993],[7.43999256879072,48.501185762150875],[7.439874868064047,48.501252785488624],[7.439890460014957,48.50127679995098],[7.439927186962583,48.50132624334919],[7.439952367611268,48.50134341181626],[7.440191960441007,48.501238040555016],[7.440213126865136,48.50125103426621],[7.440126793982826,48.50132823719371],[7.440155172694046,48.501344745376976],[7.440209781166204,48.50137640049106],[7.440252277938026,48.501401120352206],[7.440324508512686,48.50136390935767],[7.440332310637285,48.50137118600477],[7.440373974663814,48.50141008291147],[7.440374711288706,48.50141077616594],[7.44045550207207,48.501489025266295],[7.440508074746453,48.501539857929124],[7.44051903842713,48.501581254851786],[7.440530491275465,48.501623624588525],[7.440538430993013,48.501653331344926],[7.440558668563654,48.501728980278834],[7.440560221513635,48.50173450847192],[7.440583432135989,48.50175562488048],[7.440727878471548,48.50168102283091],[7.440797707902679,48.50178671226264],[7.440820904485564,48.50182206518896],[7.440813349500452,48.501915332582605],[7.440817961360702,48.50192335927034],[7.440863914451075,48.50200327192452],[7.440904623868788,48.50207410029811],[7.440909475627512,48.50208175760078],[7.440934621456752,48.50212091193785],[7.440949778252305,48.502144582147814],[7.440966176800355,48.502157303617594],[7.441096946834375,48.50222052752126]]],[[[7.442471967801636,48.486332000368115],[7.4424594242567,48.486364726752335],[7.442444328590222,48.48640412617886],[7.442416105050218,48.48647735508492],[7.442402075007025,48.486516534399236],[7.442398205907099,48.486526860854994],[7.442205810750639,48.486513340084535],[7.442162418581089,48.48650991879811],[7.44214618029731,48.486508634547064],[7.442095010582943,48.48650460337315],[7.44201341384834,48.48649819722367],[7.441843133675977,48.48648492922077],[7.441830851737584,48.48648394733883],[7.441696711455538,48.48647329078585],[7.441667245468762,48.4864710599757],[7.441646915768044,48.486469478295746],[7.441624146420319,48.48646789783079],[7.441545763918709,48.48646263248544],[7.441368669277672,48.486450519911905],[7.441130098498564,48.486434310732726],[7.440981771590485,48.48642418435718],[7.440920025177141,48.48642009802059],[7.440916346690835,48.48641987528182],[7.440872594983752,48.48641700760159],[7.440785496923758,48.486411257022915],[7.440467683473027,48.48639882308247],[7.440370702989545,48.48639641540975],[7.440330766720032,48.48639538700824],[7.440259288211295,48.48639481810664],[7.440100739931006,48.486393632871405],[7.43990843744028,48.48640199986446],[7.439827002119886,48.48640549746564],[7.439839785442111,48.48654206507393],[7.439840302587857,48.48654817269443],[7.439843637667,48.486584359215975],[7.439852235983562,48.48667630245538],[7.439853968174349,48.48669515916677],[7.439854264774441,48.48669866206632],[7.439864987791997,48.48672925610229],[7.439869106904558,48.48674108560927],[7.439881494674136,48.48677693340045],[7.439925359125859,48.48690278713735],[7.439987446126289,48.486990926885596],[7.439992694096222,48.486998479331454],[7.439977280154458,48.48711898248885],[7.43992778163384,48.487331584264304],[7.439867451941824,48.487477104504556],[7.439757243199426,48.487742705320066],[7.439613844956241,48.48809018932747],[7.439611086553337,48.48810083450889],[7.439601646218473,48.4881382197865],[7.439557939727175,48.48830879694767],[7.439533534420559,48.48840476801687],[7.439509675871057,48.488492789608166],[7.439506951544454,48.488527851243376],[7.439511934996801,48.48858190641053],[7.439511799877816,48.48858191146569],[7.439532370665362,48.48871440321589],[7.439551686215201,48.48883847229589],[7.439568415828195,48.48895921422328],[7.439567763947067,48.48899473892545],[7.43956657406903,48.489046321966455],[7.439565798396693,48.48910599871656],[7.439564563445451,48.48921948372149],[7.43990702114774,48.489365881776145],[7.440359315718021,48.48955916686772],[7.440674371740249,48.48969406395217],[7.440916737701038,48.489794918836346],[7.440961535905682,48.489818110564975],[7.441044875146931,48.48986103395087],[7.441063300688916,48.48987052594555],[7.441102576384706,48.4898893290831],[7.441169267862687,48.48992134232953],[7.441184966359317,48.48992904421849],[7.441273552908648,48.48997150076195],[7.441322604729965,48.489998497668516],[7.441394830418024,48.49003823267521],[7.441415570212456,48.490049440049184],[7.441462432796452,48.49005219120169],[7.441548911360407,48.4900889598981],[7.441628938530204,48.490123176833556],[7.441698127645584,48.49015266355126],[7.441682186014612,48.49017569573499],[7.441933091242151,48.49028929388512],[7.441951058697493,48.490291774912045],[7.442006439359525,48.490311867076365],[7.442125378757972,48.49034778069341],[7.442077335601267,48.490409497186434],[7.442214289686778,48.49046924422597],[7.442269791207464,48.49052915700485],[7.442504992880099,48.490634962356744],[7.442607879989923,48.49068138772372],[7.442796652592184,48.4907431586819],[7.442862764019502,48.49076510128265],[7.442963499196134,48.490813318870885],[7.44310266290822,48.49087992010149],[7.443173880805968,48.49090293277893],[7.443247877374852,48.490926742399495],[7.443365277410543,48.49096685719064],[7.443404309344265,48.49097476634666],[7.443496399560267,48.490992942690006],[7.443651189602424,48.49102318752437],[7.443673237819477,48.49101623494328],[7.443734424945935,48.490909695184655],[7.443833206883112,48.49075092975993],[7.444011514918165,48.49046691696648],[7.444102349636996,48.490324757373564],[7.444101936654985,48.490324682737274],[7.443963365048024,48.490276261189116],[7.443882329361666,48.49024775998987],[7.443906329833959,48.49020946866862],[7.443930952596208,48.49017052331843],[7.443953243992928,48.49014085572482],[7.443953386728143,48.490140940482036],[7.444045277308972,48.490009643746596],[7.444214722927291,48.48976984219167],[7.444323542131935,48.489614394375856],[7.444354592989524,48.48957133373773],[7.444448165845555,48.48944231621847],[7.444575094306312,48.48948612751292],[7.44469406221622,48.48952717335792],[7.44477001968461,48.48955334133284],[7.444832676271842,48.48957451121196],[7.44493132866772,48.48960775803587],[7.445009613888297,48.48963419908309],[7.445087335859306,48.48966039087197],[7.445133808456549,48.48967612995798],[7.445195917237148,48.48969723007228],[7.445302426257165,48.489733606194214],[7.445403054715931,48.489767769748894],[7.445545432558779,48.48981631735253],[7.445866573101247,48.48935935908798],[7.445866715837426,48.48935944384295],[7.445895057710378,48.489330810564056],[7.446255650387745,48.48886282182165],[7.446186209634541,48.488843168325126],[7.446809303335129,48.488019797118746],[7.446793342192556,48.48798183123627],[7.446846491376252,48.4878237813225],[7.446903645881451,48.48746203882302],[7.446906403103404,48.487158919414576],[7.446833079644313,48.48678819064252],[7.446833072027227,48.48678810082503],[7.446822769523419,48.48652277332377],[7.446820396850615,48.48646123181719],[7.446864828481981,48.48633306212134],[7.446870669693218,48.48631563354519],[7.446876646012969,48.48629819990497],[7.446882772675297,48.48628094083569],[7.446884956959458,48.48627473197349],[7.446900785387058,48.48622962790287],[7.446940605079499,48.486123796318516],[7.446942250899809,48.48611922948802],[7.446948758006348,48.486100063990406],[7.446951876445982,48.48609048630498],[7.446975362543781,48.486015811748175],[7.446990231799061,48.48597218524628],[7.44700738230978,48.485921895723514],[7.447072544150211,48.48570095373974],[7.446912494518411,48.485667667158175],[7.446456975356101,48.485573731027024],[7.446458641234927,48.48551185794001],[7.44645864488666,48.48550870419795],[7.446471621068783,48.48527331937175],[7.446455682809326,48.48525319294402],[7.446394651277373,48.48517600914423],[7.44637568903243,48.485150589843656],[7.446332441723158,48.48509292265921],[7.446083702766932,48.485130986216305],[7.445966521595849,48.48515087473787],[7.445776706637618,48.4851757371874],[7.445627873256649,48.485191585336906],[7.445512660227804,48.4851755386771],[7.445391688907638,48.48515871650911],[7.445253840306225,48.48513946300692],[7.444957311896919,48.485106241044576],[7.444906590474956,48.4850994912389],[7.444772637541518,48.48507982094608],[7.444736239699451,48.48507415636421],[7.444602705523871,48.48505302855107],[7.444437721356596,48.485027041719846],[7.444346366336954,48.485012623185455],[7.444307753550815,48.485006410718384],[7.444291686936076,48.485003949006845],[7.444191135040764,48.48498816287577],[7.444172868627263,48.48498533302718],[7.444119007551224,48.48497671822383],[7.444014033308686,48.48495992624449],[7.443957837368707,48.484950948303926],[7.443870033510749,48.48493684692521],[7.443781900488449,48.48492365883963],[7.443746073744285,48.48491833298477],[7.443683069158245,48.48490897918861],[7.443548540569486,48.484890500443655],[7.443499170627947,48.48488369943816],[7.443320204697118,48.484859045620915],[7.443219280369161,48.48484525489597],[7.4432165401359,48.48484490699454],[7.443213935011687,48.484844554033664],[7.442969323709733,48.484811365337],[7.442969338930109,48.484811544972736],[7.442969196210974,48.484811460213976],[7.442890971142637,48.48515515814089],[7.442855590165378,48.48531506384894],[7.44278722365183,48.485623162201584],[7.442777055058722,48.48567111719603],[7.442709954336658,48.48567101660913],[7.442700711640996,48.485669110103395],[7.442685529798402,48.485665894221675],[7.442685537408227,48.48566598403951],[7.442685402297054,48.48566598909829],[7.442678492085013,48.485688413104484],[7.442665994332003,48.485728075734606],[7.442657797597578,48.48575451242787],[7.442649047054015,48.48578241149885],[7.442598682716374,48.485943058206644],[7.442522868794488,48.486200076462204],[7.442485095580142,48.48629817087541],[7.442471967801636,48.486332000368115]]],[[[7.445866588332857,48.4893595387227],[7.445873241658722,48.489361271709996],[7.445866715837426,48.48935944384295],[7.445866588332857,48.4893595387227]]],[[[7.446963137107214,48.494591524077855],[7.446936477155322,48.494616039777966],[7.446886491446097,48.49465963018155],[7.446839520323381,48.494700404531606],[7.446776379442717,48.49475511988307],[7.446748250419718,48.494787889892194],[7.44670616752024,48.49487830762537],[7.446936913557137,48.49501914146844],[7.447478047772409,48.49535107384979],[7.448008122932054,48.49563566415489],[7.448000711765728,48.4956409876528],[7.447943536814074,48.49568133391554],[7.447928579317434,48.49569198596714],[7.447924611073723,48.49569474765976],[7.447905853038781,48.49568617013472],[7.447886373606676,48.49567707902922],[7.44788624609041,48.49567717391066],[7.447886238470232,48.49567708409388],[7.447842844231892,48.49572646467834],[7.448256799527338,48.495867908229464],[7.448543291713279,48.49596583334061],[7.448535730740851,48.49597737955162],[7.448534651690425,48.49597904184127],[7.448524062864944,48.49599484625562],[7.448483386027247,48.49605547811864],[7.44847761583094,48.49606416402669],[7.448477016356475,48.49606508752057],[7.448464868861615,48.49608329301264],[7.448458259394027,48.49609327181085],[7.448449821012935,48.4961056618229],[7.448427092236514,48.49613976153222],[7.448399176893689,48.496175046764684],[7.449496882231382,48.49647232215044],[7.449651145821544,48.496521681225225],[7.449698248191795,48.49653676439109],[7.449746306923554,48.49654235092621],[7.44975041444278,48.49654282763928],[7.449752525378656,48.49654373962032],[7.449761142378963,48.49654783156035],[7.449810998132517,48.496555423049756],[7.449819258915952,48.49655691537087],[7.449894401571822,48.49657013620028],[7.44991224686224,48.496580729906164],[7.44995781094762,48.49660803448079],[7.450020789885658,48.49662648674038],[7.450087113405277,48.49664760673567],[7.450097982062683,48.496651073609755],[7.450114424002302,48.496656313760106],[7.450140329851425,48.496664442734385],[7.450258546998989,48.496701186781266],[7.450260627452502,48.4967017394869],[7.450264803608454,48.4967030245312],[7.450347748092098,48.49672829657322],[7.450366953855967,48.496734153871635],[7.45041802902517,48.49674971850862],[7.450485650876987,48.4967701588882],[7.450785433078065,48.49686163373449],[7.451106817879955,48.4969536492048],[7.451217304136455,48.49698554643823],[7.451242736265376,48.496992882027016],[7.451467017249064,48.49704294658184],[7.451499410200953,48.497050831958276],[7.451523068193092,48.49705643198261],[7.451560718495558,48.497065561791445],[7.451665895731931,48.497090809963474],[7.451742300448014,48.49710929837515],[7.451721304213764,48.497135044332694],[7.451652663332544,48.497219161767596],[7.451564247591087,48.4973274475152],[7.45154447293268,48.49735161586931],[7.451644770171438,48.497388039618144],[7.451731223384993,48.49741948631398],[7.451970459788226,48.49750674197319],[7.452009769153753,48.49752103536384],[7.452247061113645,48.49760773271515],[7.452316974992156,48.497583305168675],[7.452540778375659,48.497531930259015],[7.452544763942995,48.49753096981334],[7.452545822183875,48.49753065980467],[7.452676927185744,48.497545113236285],[7.452739135523052,48.49755287082567],[7.452751473657337,48.49755448028558],[7.452847121742193,48.49756647948548],[7.452937137546648,48.497577608698684],[7.452983583515171,48.497583344580775],[7.453041143748426,48.49759064569268],[7.453066893551759,48.49759373416773],[7.453105124283863,48.497598516806086],[7.453150685270984,48.497593833929834],[7.453201231202488,48.4975887837878],[7.453206042866278,48.49758797252844],[7.453260562329431,48.49757862854821],[7.45328540859343,48.497574272363735],[7.453306254037563,48.49757069701276],[7.453324244067946,48.497565426748736],[7.453327291267799,48.497564591589004],[7.453331126422905,48.497563456555206],[7.453350054803829,48.49755806097504],[7.453389723870845,48.497538281644154],[7.453406891012819,48.497529708447864],[7.453425228635556,48.49752055071263],[7.453434982687594,48.4975156795757],[7.453449205042276,48.49750595543506],[7.453469976211802,48.49749193093807],[7.453470103722383,48.49749183605076],[7.45347146055873,48.49749025339258],[7.453507130636876,48.49745053119253],[7.45366617609397,48.49705820290521],[7.45381363162813,48.49669703415226],[7.453828126753504,48.49666180065112],[7.453890912070889,48.49646572364416],[7.453895797035278,48.49643067057073],[7.45390255843218,48.49638419413426],[7.453924628403186,48.496227488170575],[7.453930817687478,48.49618544822766],[7.453929756801212,48.49616179102265],[7.453928912775892,48.49613749495954],[7.453927590005121,48.49609798950007],[7.453925949956146,48.496051558035454],[7.453931333635595,48.49594737742395],[7.453932401212244,48.49592643352095],[7.453934464484739,48.49588689108296],[7.453935895877138,48.495857463866166],[7.453920924581227,48.495829643355776],[7.454013527840931,48.49578030570897],[7.454040793319082,48.495761351987696],[7.454056446928304,48.49574454600771],[7.454072871420415,48.49569851779453],[7.454108231015735,48.49559771726081],[7.454117154832434,48.495573505104865],[7.454126832846457,48.495551787519865],[7.454135388423397,48.495532815143356],[7.454163159424537,48.4954719446108],[7.454179852073708,48.495435457198965],[7.454187045441935,48.49541959943653],[7.454191560251426,48.49541050981128],[7.454207321213135,48.49537901301444],[7.454231655149572,48.49533034522825],[7.454274504771574,48.4952443106502],[7.454298629362742,48.49519637152029],[7.454309747925369,48.49517405922398],[7.454476691349101,48.4948891952544],[7.454515831268786,48.4948249244604],[7.454528813236406,48.49480380362838],[7.454726267741449,48.49453662540326],[7.454748404493741,48.49450678132552],[7.454864274993799,48.494351599563515],[7.45503645563057,48.49411726577799],[7.455085927115772,48.49404377677568],[7.455074493882931,48.49403366393396],[7.454827704795842,48.49396589012829],[7.454630876194035,48.49391173821023],[7.454611994669651,48.49390650015885],[7.454570494678017,48.49389192947894],[7.454507640459211,48.49387014116471],[7.454402715344838,48.49383344310019],[7.454148579242749,48.49374458931601],[7.454024539165832,48.493712662993666],[7.453972838225503,48.493699285896426],[7.453665470574562,48.49366838284232],[7.45338720399602,48.493605031158445],[7.453231815487067,48.493569504963354],[7.453095652786638,48.49353848311642],[7.453078387830179,48.49356823418496],[7.45299455125337,48.49354678191859],[7.452893959657158,48.49352118282691],[7.45278115630187,48.493492257532445],[7.452650914742552,48.49345912086389],[7.452550045593698,48.49343344180278],[7.452223157917768,48.493349836501125],[7.452084325450029,48.49331449865567],[7.452047878662889,48.49330514372786],[7.451952815215318,48.4932807781253],[7.451981867515379,48.493250945449546],[7.452050167921653,48.49318044564695],[7.452188305938145,48.49320761021751],[7.452215848267257,48.49312647550795],[7.452244347347798,48.49304224139256],[7.452281273485881,48.493050857449816],[7.452682966271807,48.49248615873222],[7.452540317165575,48.492480878838656],[7.452469600698166,48.49247821601314],[7.452388958891646,48.49247520470702],[7.452203747904337,48.492468367661374],[7.452082984121809,48.49246379789838],[7.452004759405884,48.49246051544789],[7.451820958661439,48.49245272387494],[7.451697961172088,48.49243940743812],[7.451579221338613,48.49242674208991],[7.451428472766406,48.49241068204673],[7.451351116583556,48.49241124101298],[7.45118910731607,48.492412632489696],[7.451152261071712,48.492412933294794],[7.450784374251086,48.492437093284565],[7.450668149430594,48.49245884207607],[7.450525234388065,48.49248555623226],[7.450440225236646,48.492501358667695],[7.450386057041595,48.492511589424524],[7.450348033477211,48.49251878193857],[7.450255158392152,48.49253614065764],[7.45000921991351,48.492582035018394],[7.449799625307073,48.49269837795289],[7.44947336699301,48.492864866838865],[7.449200018197956,48.49297116478752],[7.448974324973277,48.493052789426656],[7.44894472108555,48.493063360026866],[7.448598194261719,48.49316996706649],[7.448496921738234,48.493203407077004],[7.44802047741961,48.49336056423352],[7.447842895994067,48.493405333396936],[7.447736625190125,48.49344697917551],[7.447617627496551,48.49349360694945],[7.44762058695426,48.49351890494586],[7.447628629483914,48.49361690537232],[7.447635506265592,48.493701163798235],[7.447639417072157,48.4937488616593],[7.447630947809248,48.493832794181905],[7.447628783486135,48.493855220713],[7.447624536629948,48.493899439991026],[7.447621185482258,48.49393344411767],[7.447605715237352,48.49395402664899],[7.447585747974498,48.493980724475314],[7.447534824863633,48.494048407707346],[7.447504498933789,48.49408882888489],[7.447487559393331,48.49411126850757],[7.447461370743942,48.49414612847352],[7.447434934652061,48.49418126801181],[7.44740875269463,48.49420342326506],[7.447341719019873,48.494260177017246],[7.447335906717441,48.49426517026013],[7.447313767026948,48.49428384021557],[7.447248255697937,48.49433936552331],[7.447232453562782,48.49435284233464],[7.447219846895512,48.494364036939956],[7.447194289095726,48.4943871598733],[7.447143420839041,48.4944331261438],[7.44710689870962,48.49446603056874],[7.447041038864826,48.49452544320072],[7.447013668460663,48.49453998417723],[7.446998030191804,48.49455859064729],[7.446963137107214,48.494591524077855]]],[[[7.455169792900283,48.50679734199714],[7.455326238483316,48.506824087231514],[7.455326373647752,48.50682408215843],[7.455328138419934,48.50682410602394],[7.455328273584367,48.506824100950865],[7.455441779158957,48.50684497921023],[7.455441786793691,48.506845069025744],[7.45544497955879,48.50684594031256],[7.455789707819177,48.50695013363056],[7.456099104456443,48.50704862434593],[7.456241153542263,48.507068700676555],[7.456496997956847,48.507106669877665],[7.456497681418673,48.50710673432106],[7.456497553890202,48.50710682921089],[7.456597953318739,48.50712026944854],[7.456611869981397,48.50712127870864],[7.45670914383297,48.507128258742846],[7.456728512925154,48.50712960389568],[7.456980682426249,48.50715464523807],[7.457074757347643,48.50715111303071],[7.457702162685166,48.50714791718024],[7.458137441900711,48.507195903566554],[7.458530773644742,48.50723375062283],[7.458539176806118,48.507233705311755],[7.458681566977763,48.50724980146601],[7.458765079775724,48.50725918885636],[7.45888515544412,48.50727278914803],[7.459008783676278,48.50728670638567],[7.459061089214881,48.5072926706018],[7.459180759540715,48.50730628582638],[7.459179440828737,48.50730831761371],[7.459776738534148,48.5074197707771],[7.460652849298834,48.507561740946464],[7.460842962195549,48.50757613137852],[7.460949405095207,48.507592043975954],[7.461394156538041,48.50765723267207],[7.461462261544479,48.50766719728003],[7.4614633581629,48.50766733626975],[7.461506368485209,48.50767400919137],[7.461535870157635,48.50767650448811],[7.46192163891723,48.50770984935513],[7.46198269277414,48.5077150329704],[7.462047059444846,48.50772090295236],[7.462269630700758,48.507740648543304],[7.462437697313856,48.507755684988155],[7.462489279307583,48.5077642878962],[7.462540050321142,48.50777292126946],[7.462600308408605,48.50778309012315],[7.462703360295853,48.50780057030163],[7.462769267327047,48.50781178813898],[7.462798434953572,48.50781672845245],[7.462876450791783,48.507830013870475],[7.462930310306966,48.50783988250444],[7.462950975288321,48.50784370080743],[7.462975366241366,48.50784828004856],[7.463032689079339,48.507859009556164],[7.463072764337969,48.507866242785006],[7.463113681198015,48.507873804768494],[7.463186004915315,48.50788712379372],[7.463242629061907,48.50789760916495],[7.463301183803213,48.50790847243378],[7.46333011192883,48.507909006602546],[7.463412945888005,48.50791039719276],[7.46353021909385,48.50791652964638],[7.464279037400585,48.50797748233693],[7.46464441542749,48.507959235743265],[7.464696191993993,48.50788097149574],[7.464768511117585,48.50777166010208],[7.46486875308666,48.50762561775807],[7.46494056386493,48.50746577775045],[7.464956972325869,48.507437138650616],[7.464967007644077,48.50741964168435],[7.464993142841288,48.50738739302409],[7.465021616679905,48.5073714550732],[7.465022652091895,48.50737087551121],[7.46507195409282,48.50736226335228],[7.465293782708936,48.507368515803705],[7.465438154195794,48.50737281607362],[7.465502291398377,48.50738554062034],[7.465550555624759,48.50739498783688],[7.465612747006935,48.50740715480584],[7.465790239732128,48.50744210501458],[7.465805255863181,48.50744487389903],[7.465994809148858,48.507479730495405],[7.466048235146742,48.50748132458793],[7.466075433826114,48.5074758862653],[7.466075561338158,48.50747579136521],[7.466103080969923,48.50745502349905],[7.466155103355288,48.50732079544156],[7.466158999925457,48.507310827640566],[7.466161952933938,48.507302517188826],[7.466196606122471,48.5072063352184],[7.466267322462062,48.50692390550186],[7.46631571758918,48.5067948595133],[7.466367143369856,48.50670615560391],[7.466455063293693,48.50654606863251],[7.466485141655486,48.50649168611678],[7.466516373167329,48.506374458534296],[7.466546418855351,48.506262411408784],[7.466539518658752,48.506206897394534],[7.466532411829109,48.50614895837653],[7.466532276667497,48.50614896346235],[7.466547697392129,48.50605782985819],[7.466709326753795,48.50589235600605],[7.466812200555502,48.505782073380374],[7.466843089257263,48.505732435670424],[7.466896051022529,48.50564745790641],[7.467034672430519,48.505414100758436],[7.467066287463862,48.50536344449403],[7.467066144649912,48.50536335976562],[7.467075018840186,48.505352934276324],[7.467075011185755,48.50535284446145],[7.467075153999692,48.505352929189876],[7.46708948731666,48.50532382715526],[7.467100699473176,48.50530105967938],[7.46708961482164,48.50532373225393],[7.467135204866411,48.50533363983095],[7.467150758693411,48.50533954189733],[7.467167995674355,48.505346101441965],[7.467252016312307,48.50534077693372],[7.467360184542544,48.50533400294746],[7.467552311830533,48.505316410175645],[7.467754315379479,48.50529060639994],[7.467779398773946,48.505287409716566],[7.467886452003574,48.50527391948763],[7.468108538841465,48.505222851145675],[7.468169979356848,48.50520873490772],[7.468311309857264,48.505166292378185],[7.468438492064934,48.50512807650252],[7.468618670563954,48.505073719209896],[7.468712356334456,48.50504180980102],[7.468691955797318,48.50498383062376],[7.468679921563969,48.504949233583424],[7.468666048379966,48.50491056103097],[7.468634525768754,48.504769835418315],[7.46862799782148,48.50474097788027],[7.468622936660303,48.50471819213124],[7.468610862864673,48.50466404420233],[7.468601432367882,48.504628177788675],[7.468592167669045,48.504592665544365],[7.468585002608581,48.50456905796538],[7.468566203636064,48.50450759454689],[7.468566188322348,48.504507414917214],[7.468566014880874,48.504506970931175],[7.46853685843694,48.504425804436586],[7.468536850780143,48.50442571462175],[7.468456459696292,48.504308183060175],[7.468423355670538,48.504260232979874],[7.468413284191845,48.50424547480158],[7.468398124719252,48.50422351970592],[7.468365923615915,48.50417661685709],[7.468365788459564,48.50417662194501],[7.468171046194406,48.50422711217267],[7.468170513224541,48.50422722233833],[7.467862849904759,48.50430665091067],[7.467658594742295,48.50435848945828],[7.467430407531669,48.504387260957856],[7.467164235683934,48.50441421783489],[7.467110250967243,48.50439489509244],[7.467110243312895,48.5043948052775],[7.467089594488271,48.504386391866156],[7.467085657005679,48.50438473798837],[7.467085521848666,48.50438474307484],[7.46706499308571,48.50438092039399],[7.466884847611634,48.50434814455968],[7.466661755698045,48.50431896681619],[7.466607730882314,48.50431189936798],[7.466585791991557,48.50430903069898],[7.466484989913967,48.50429561412752],[7.466416985367288,48.50428997366251],[7.466270701804294,48.50427745736127],[7.466221675420393,48.504273355268445],[7.466221262297155,48.50427328070989],[7.466221127140345,48.50427328579537],[7.465964089976745,48.504307194615976],[7.465957403587526,48.50430987896576],[7.465925037582275,48.50432308039774],[7.465845034982276,48.50433257779675],[7.46572078143191,48.50436017306341],[7.465730603242488,48.50435652547521],[7.465780021971216,48.504338177384405],[7.465950571075865,48.50427742866938],[7.465998342552134,48.504271576662894],[7.466041143825885,48.504266272052476],[7.466073749700359,48.504262252060876],[7.466228325346456,48.504243190874455],[7.466312688970639,48.504251459604305],[7.466407311828153,48.50426078388767],[7.466446553355325,48.504264623372386],[7.466474454424261,48.50426744792358],[7.466605720297414,48.50428034888179],[7.466689821380815,48.50428871733044],[7.466690369661644,48.504288786801354],[7.466917600554502,48.50432357531966],[7.466953998833889,48.50432905338875],[7.466958122427047,48.50432970913386],[7.466960458364473,48.504330071741194],[7.467017775555423,48.50433917760085],[7.467107112477086,48.5043532955166],[7.467107660759142,48.504353364985576],[7.467108209041202,48.504353434454565],[7.467300219363513,48.504363147560305],[7.467411417158869,48.5043458074761],[7.467436303726514,48.504341897430216],[7.467551923331198,48.50432394027311],[7.467637583988313,48.50430765123048],[7.467748467682088,48.50428662841876],[7.467956999189778,48.50423724172211],[7.468123951324491,48.50420113320772],[7.468287119419747,48.50409677864684],[7.468287246919581,48.50409668374413],[7.468284824044303,48.50401577226428],[7.46828219648204,48.503924506627264],[7.468281370996707,48.50389732656278],[7.468280315508073,48.50386267659765],[7.468280801272617,48.50384292572945],[7.468281676558575,48.5038134290611],[7.468283828671027,48.50373369688846],[7.468283798045982,48.50373333762884],[7.468284091008971,48.50372882144429],[7.468286610488605,48.50368998225655],[7.468293860631357,48.50357780124116],[7.468297873819677,48.50352944498852],[7.468115893430173,48.50352124820502],[7.468112761904516,48.50352109577584],[7.467601163041309,48.50349376950558],[7.46756152683229,48.503491657232324],[7.467533896426668,48.503488822760715],[7.467530884749426,48.50348848559927],[7.467396397252414,48.50347435542715],[7.467372597122513,48.5034719173769],[7.467341541944099,48.503468671140354],[7.467289014894266,48.50346325961435],[7.467274729178863,48.50346109418023],[7.467272393277948,48.50346073157883],[7.467193026246533,48.50344903180845],[7.467122995191576,48.50343869258783],[7.466981838644304,48.50340517047543],[7.466954315275452,48.5033988178242],[7.466934243332758,48.50339398680733],[7.46688540103617,48.50338248963614],[7.466878482583709,48.50338085783237],[7.466868124040298,48.503378634663505],[7.466840766468514,48.50337263615974],[7.466817690534269,48.50336755775905],[7.466750806304391,48.503352774956774],[7.466698585227293,48.50334140486049],[7.4666879487371,48.503339102032875],[7.466584388747334,48.5033092104282],[7.466540192820256,48.50329654714235],[7.466483060221149,48.5032800456956],[7.466444265458525,48.50326871088415],[7.466442462535668,48.50326823810836],[7.46638366223054,48.50325125875189],[7.466365729904508,48.503246076822506],[7.466296637438828,48.5032260607876],[7.466261606707381,48.5032159358317],[7.466215592712905,48.50320262001544],[7.46616902282057,48.50318914489277],[7.46613190360842,48.50317837765901],[7.466112025609112,48.503172638180764],[7.466090344697964,48.50316642591802],[7.466078813169688,48.50316316558159],[7.466062691471874,48.503158546202556],[7.465848430256711,48.503097679000525],[7.465712531051334,48.50305900196742],[7.465651673304843,48.50304173925898],[7.465571636439319,48.503018980971376],[7.465554132688198,48.50301405310972],[7.465609128240309,48.50289566108437],[7.465673994316629,48.50274671314202],[7.465761687126178,48.50254581787977],[7.465796491212987,48.50246575834336],[7.465807504372117,48.50244065574401],[7.465890817940962,48.50224884527065],[7.46590682118151,48.50221229201662],[7.46603026344927,48.501899494798025],[7.466092699221955,48.50173955517921],[7.466125230145239,48.50165669768948],[7.466080232588292,48.501648930004976],[7.465948379055586,48.501625869150715],[7.46591147783156,48.501619238419586],[7.465837389808008,48.50160580746252],[7.465796207142957,48.50159825654947],[7.465685636187637,48.50157673733552],[7.465649237373786,48.501569637107025],[7.465623319123793,48.50156619719253],[7.465557085311745,48.50155742623316],[7.465517175204093,48.50155207992617],[7.465469326948094,48.50154586091668],[7.465402703039952,48.5015372847555],[7.46533661975289,48.501528688218976],[7.465237513989702,48.50151601788332],[7.465226819290883,48.501514618158566],[7.46519501314808,48.50151049862518],[7.465160052661665,48.50150595713023],[7.465038325957091,48.50149035329155],[7.464788286130215,48.501458221666155],[7.464718372953319,48.50144922824151],[7.464668212041905,48.501442915702555],[7.46466232410879,48.50144223614952],[7.464628865659559,48.50143781820773],[7.464533710176381,48.50142535911859],[7.46451999632594,48.501423532276775],[7.46446296324102,48.501416126598905],[7.464387004153067,48.501406189053284],[7.464369587729002,48.501403870738685],[7.464336955524749,48.5013996018449],[7.464286636609843,48.50139302478198],[7.464286501460264,48.50139302986527],[7.464174804351441,48.50138056194119],[7.464174931852114,48.50138046704267],[7.464151602050521,48.50137557791326],[7.464118867918694,48.50136851960077],[7.464023633741828,48.50134876472713],[7.464011353033305,48.50134625320614],[7.463993829565744,48.50134267742141],[7.463847572963816,48.50131285764733],[7.4637652138085,48.501296222480065],[7.463652359565534,48.50127334564604],[7.463636909274328,48.50127023246219],[7.463594959668228,48.50126162841237],[7.463559043281852,48.50125541044815],[7.463357656698328,48.50121982434997],[7.463357235955735,48.50121965996588],[7.463281391932504,48.50121584440606],[7.463250753939105,48.50121429342306],[7.46314331060556,48.50120878272791],[7.463084092306141,48.50121073917874],[7.462924277083155,48.50121593756565],[7.462565359006736,48.50122510774265],[7.46240382250069,48.50122919880455],[7.462259878323421,48.50123289856643],[7.462241984854871,48.50123771600987],[7.462234824408311,48.5012396070603],[7.461947725191271,48.50131680606843],[7.461892553905344,48.50135834515112],[7.461820779841386,48.5013497804107],[7.46168510612916,48.50137578438124],[7.461643879962834,48.501383641281386],[7.46152716558023,48.50140460744473],[7.461353827848908,48.501435720988155],[7.461242759777547,48.50148161332085],[7.461059922254689,48.501557233859636],[7.46091453724958,48.50161730035624],[7.460896594881437,48.501624732404935],[7.460849709072711,48.50164415467712],[7.460708908644567,48.50170233664454],[7.46068925511638,48.501710373584515],[7.460561994770281,48.501769938659784],[7.460439288644077,48.50182726007652],[7.460318428512845,48.501883971367796],[7.46030459159207,48.5018902579124],[7.460267642975182,48.50190696383919],[7.460159551100339,48.501955986927705],[7.460100278614292,48.501982812241174],[7.460065245346436,48.50199494099095],[7.459988971831069,48.502021143639794],[7.45988585325083,48.50205691469063],[7.459800108437935,48.5020865365821],[7.459796678547603,48.50208765658612],[7.459796686189096,48.50208774640169],[7.459796551037294,48.50208775147986],[7.459740826047151,48.50210687467979],[7.45970707536018,48.502118144201454],[7.459635491209349,48.50214209805178],[7.459585934859875,48.502158826938405],[7.459563659612432,48.50216633146109],[7.459497787537513,48.502188899274536],[7.459494925969356,48.50216801286625],[7.459494143719028,48.502162005377734],[7.459481532128974,48.50212851050527],[7.459449426118764,48.502139988466446],[7.459547447594097,48.50210485983484],[7.460162950374914,48.50186845954704],[7.460663299504006,48.50166665806137],[7.460663307146923,48.50166674787691],[7.460698681942471,48.50165226342669],[7.46076445626027,48.50162537363341],[7.460766414730245,48.501624489104266],[7.460888209046422,48.501575581138596],[7.460916785200951,48.50156405521839],[7.461263711914852,48.50142352039942],[7.461323123208788,48.501399932932465],[7.461590699628556,48.501346625781565],[7.461768874465219,48.501311816029826],[7.46185610028069,48.501294841442736],[7.461937897385546,48.501273025106975],[7.46199995716732,48.501258257903814],[7.462079214432459,48.50123527550566],[7.462136775974663,48.50122022681881],[7.462268494438213,48.501185991434106],[7.46259009871673,48.50117011581734],[7.462774641151173,48.5011607444356],[7.462860369081939,48.5011564398215],[7.462931291601726,48.5011581881257],[7.462998355976977,48.501160802284026],[7.463018067300015,48.5011614126491],[7.463138806167128,48.501165432372254],[7.463368747892886,48.50117174279004],[7.463447963062489,48.50117056595719],[7.463448090563965,48.50117047105947],[7.463496166115544,48.50113955988072],[7.463567913919559,48.50117966064774],[7.46356239746707,48.501215188476785],[7.463677842325314,48.501238238274105],[7.463705565630217,48.50124377319139],[7.463737014452192,48.50125006902407],[7.46376171094841,48.50125508703918],[7.463798680478728,48.50126252677822],[7.464046278152506,48.50131376402105],[7.464101357721178,48.50132529800255],[7.464154241797803,48.501334932267966],[7.464163368180077,48.501337021794676],[7.464188284045379,48.501343022606385],[7.464207778694341,48.50134427164775],[7.464216917846596,48.5013449190417],[7.46451398111176,48.501384743916226],[7.464545621377247,48.50138850945465],[7.464703162324509,48.50140754206966],[7.464747593374558,48.50141343940728],[7.464789020543678,48.501419089312066],[7.464898535088906,48.501432990315486],[7.464920194735584,48.50143577965525],[7.464985443988724,48.50144413748269],[7.465034110642909,48.50145041599798],[7.465195295906023,48.50147084263155],[7.465346245603193,48.50149048278539],[7.465346380752921,48.501490477700905],[7.465510670830279,48.5010300869711],[7.465512098762802,48.50102615881323],[7.465514827129837,48.50101839739739],[7.465668659972763,48.500589665404945],[7.465701119331745,48.50049960239235],[7.46568190032973,48.50049681148036],[7.465517566086826,48.50047280984184],[7.465373917193721,48.50045289532545],[7.465341423212563,48.500450243380236],[7.465202871853561,48.50043923730124],[7.465082335915736,48.500429625700654],[7.465040019575754,48.50042626195071],[7.464946117860747,48.50041736020692],[7.464911229527273,48.50041524873354],[7.464859572767304,48.50041205608454],[7.464791361783099,48.500405521602204],[7.464748586492187,48.50040154429243],[7.464747490016901,48.500401405332255],[7.464659070770316,48.500393198162286],[7.464371952566115,48.50036660532456],[7.464354702230845,48.50036464118408],[7.464315680524105,48.50036016212226],[7.464295870050671,48.50035838437182],[7.464256376605864,48.50035473396236],[7.464152849127512,48.50034583324057],[7.464033341232176,48.50033555120207],[7.463964860156565,48.50032902641086],[7.463964725009697,48.500329031493806],[7.463894892482533,48.5003225574915],[7.46383244968016,48.50031688676361],[7.463832036591464,48.500316812196516],[7.463701668674922,48.50030477579259],[7.46370153352809,48.50030478087523],[7.463684127618261,48.50042518245202],[7.463617823793546,48.50043308216855],[7.463214198334615,48.50042825790907],[7.463035117487359,48.50045238181054],[7.462776783738557,48.50048678373472],[7.462632167775271,48.50050645751543],[7.462617694187453,48.500508443355045],[7.462558583497826,48.50051643242779],[7.462445857238907,48.50053166326277],[7.462459849919485,48.50056384455227],[7.462463549521674,48.500572265238645],[7.462389931841694,48.500585034489156],[7.462212226727706,48.50061577300818],[7.461964590735649,48.50065959214473],[7.461932560417465,48.5006655717201],[7.461830464207331,48.50068463717224],[7.461749214034907,48.50070012571289],[7.461728548938663,48.50070423634926],[7.461640678900926,48.50072159551421],[7.461636009872782,48.50072249184842],[7.461561812966497,48.50073483182771],[7.461538490744391,48.50073958292805],[7.46152089580285,48.500743127606526],[7.461457505499363,48.50075659305279],[7.461439528034317,48.50076042240605],[7.461352978713795,48.500777371294696],[7.461292566791424,48.50078919294901],[7.461320110622218,48.500840417312666],[7.461175607916359,48.500896486558865],[7.461130709437072,48.500913761918994],[7.461012688540312,48.500959194595595],[7.460950852569931,48.50098296316209],[7.460745879695732,48.50106292924905],[7.460636563979295,48.50110551147875],[7.460118300651279,48.50131501432095],[7.459895995444046,48.50139526971143],[7.459943391715951,48.50148223998088],[7.459945029431009,48.501503082279235],[7.45983850387038,48.50152429461425],[7.459724204490185,48.50155931435026],[7.459635484697293,48.501587426093636],[7.4593091339279,48.50167663529055],[7.459110978145381,48.501723634929164],[7.458991652496285,48.501752175151914],[7.458858670440822,48.501766811844966],[7.458729750484297,48.501781385895725],[7.458565800459907,48.501800158953024],[7.458565665308727,48.50180016402982],[7.458489531134154,48.50180888055897],[7.45842062634932,48.501816514561135],[7.458131591177098,48.501848725403256],[7.458020569568842,48.5018617253791],[7.458031026720078,48.50196395946787],[7.45802043441745,48.50186173045525],[7.45789889385669,48.50187539570446],[7.45765219400506,48.50190322213742],[7.457540129799678,48.501911935887904],[7.457431166406476,48.50192044298064],[7.457308598486194,48.50193000147908],[7.457179334033523,48.501940532137404],[7.457095590433561,48.50194746114618],[7.457054124080434,48.50195091040324],[7.45700524728687,48.50195490821864],[7.456681444355858,48.50198166331924],[7.45664711045178,48.50198448421504],[7.456534518275982,48.50199177518784],[7.456394678834125,48.50200071977845],[7.456249456173062,48.502010136617784],[7.456206240374669,48.50201374135846],[7.456150628764991,48.50201826197417],[7.456127910243969,48.50202055653663],[7.456024663234641,48.502030920068016],[7.456017665869604,48.502031543173366],[7.45592623357391,48.50203894020016],[7.455916127709403,48.502039679996386],[7.455808260273701,48.50204832464149],[7.455807862452103,48.502048429678254],[7.455712946680427,48.502056317718825],[7.455634848554551,48.502062673345485],[7.45547597973867,48.50207584517344],[7.455434832232783,48.50196341018281],[7.455365607575895,48.50197366736522],[7.455360525239471,48.50197448885548],[7.455273485649343,48.50198730684285],[7.455272952675155,48.50198741695086],[7.455180606197819,48.50200160539763],[7.455170433880039,48.502003158546245],[7.455177033928008,48.50201381320421],[7.455094864203003,48.502029691952124],[7.454989498549639,48.50205022556437],[7.454886782426863,48.50207002891974],[7.45471859948591,48.502102831214444],[7.454717000556331,48.502103161530975],[7.454536122004265,48.502142927405636],[7.454394382716962,48.50217419619071],[7.454251329894421,48.502205964604244],[7.45423644465409,48.50220949657834],[7.454272036433852,48.50231880657754],[7.454310777272068,48.50243007073972],[7.454335819744522,48.50250139301471],[7.454357885403411,48.502564807890444],[7.454249498555781,48.50260086165778],[7.45414123908108,48.50263682043758],[7.454108147356055,48.50264788337362],[7.45395531224808,48.502698579516064],[7.453942147905821,48.50270321820024],[7.453856151268022,48.50273311537791],[7.453852075964015,48.50273461983048],[7.453673892417044,48.502786987558196],[7.453435942351411,48.50287637689588],[7.453389822499323,48.502721329409134],[7.453265439289033,48.502323329210924],[7.453154282713559,48.50237146949118],[7.453043125934132,48.50241960966562],[7.452931698643867,48.50246775987502],[7.452818837867031,48.50251659446265],[7.452770973856261,48.50253731151897],[7.452715242551702,48.50255958511714],[7.452392411617581,48.50268882810681],[7.452178296054452,48.502774707850044],[7.452139472793879,48.502790129901],[7.451927307440931,48.50287503498298],[7.45192704475989,48.50287513493745],[7.451456823345965,48.503055404809686],[7.451093830712227,48.503192367195474],[7.45109330534379,48.50319256710069],[7.450910312078627,48.503268176987035],[7.450709260703157,48.50337383693699],[7.450603215541506,48.50342953173319],[7.450358728801072,48.50355700248329],[7.450261939301026,48.50360514175791],[7.450168749476548,48.503638189062784],[7.450068069097942,48.503674039969454],[7.449961181079031,48.503711835443994],[7.449916942569475,48.50372736962063],[7.44987205112285,48.50374319856329],[7.449808072724606,48.50376577985639],[7.449739080291862,48.50378999070816],[7.449647968457713,48.50382196855499],[7.44961742777771,48.50383275433182],[7.449479924209742,48.50388205873264],[7.449369253005564,48.503921617285016],[7.44943668779352,48.50410587071866],[7.449505174486176,48.50431369136416],[7.449563308544843,48.50449378825217],[7.449790654618044,48.504918205245865],[7.449791159220372,48.50491935765368],[7.44990217679976,48.5048966348683],[7.449974801979924,48.50488165840051],[7.450074198498796,48.50486739017439],[7.450116400225349,48.50486139304316],[7.450208551414554,48.50484802704275],[7.450289868997627,48.50483641866685],[7.450388995025619,48.50482216031162],[7.450435476036118,48.504815462011884],[7.450443341881796,48.504829853707555],[7.45045453203916,48.50484826545151],[7.450527271012088,48.5049671757855],[7.450626633746194,48.50513455377654],[7.450668470101292,48.505216870001796],[7.45073806907624,48.505380228064475],[7.450798143202523,48.50553520333852],[7.450815565033107,48.50558707948718],[7.450849963489611,48.5057350884795],[7.450867284994248,48.505733087469295],[7.450901952243044,48.50581080691613],[7.450959678314986,48.50596686125519],[7.45101630585773,48.506063669739845],[7.45102325043047,48.506062418220054],[7.451091544551418,48.506328541067084],[7.451172518520693,48.506322441275934],[7.451213775474278,48.50648253690408],[7.45124865808389,48.50660908335288],[7.451285784365241,48.5067285177092],[7.451364397840929,48.50691973919207],[7.451476996172624,48.50715347566418],[7.451477521579259,48.50715327575791],[7.451476679207205,48.50718646480693],[7.451476544041465,48.50718646987561],[7.451500622225832,48.50722250867977],[7.451527055940057,48.50726233352335],[7.451660217995324,48.507468358237446],[7.45187522449584,48.50780142040444],[7.45198242700398,48.50809131194312],[7.45202959575101,48.50826668299832],[7.452189110797092,48.508267277910875],[7.452232841033489,48.50826807054483],[7.452283480121251,48.50826878424401],[7.45233616962597,48.50826969132342],[7.452402467533712,48.508271169193044],[7.45245545789908,48.5082724253425],[7.452567827532208,48.50827352661114],[7.452604483240481,48.50827404385106],[7.452642880878774,48.50827431553826],[7.452719834215823,48.50827512325208],[7.452759456001644,48.50827543908624],[7.452865457471082,48.50827659873922],[7.452867492627826,48.508276612500715],[7.452906589003221,48.50827712819805],[7.452959270896398,48.50827794518562],[7.452997158388786,48.508278596302134],[7.453046445813063,48.50827936038039],[7.453089755305443,48.5082799882793],[7.453163479878264,48.50828109702955],[7.453229461699997,48.508282045685654],[7.453325047596065,48.50828350555547],[7.453401888683061,48.508284587345045],[7.453482283478275,48.50829238350439],[7.453626511701737,48.508306164249305],[7.453675459123589,48.50831090530551],[7.453781420516973,48.50832116593635],[7.453847709900561,48.508327328620325],[7.454022987919479,48.508344268818846],[7.454025165880156,48.5083443673044],[7.454111997737973,48.50835291264291],[7.454205799546121,48.508362097411364],[7.45430207258548,48.50837163988884],[7.454397241412066,48.50838095341795],[7.454465604271403,48.508387578569554],[7.454529603587215,48.50839391691384],[7.454594151226259,48.50840032475012],[7.454658691247452,48.50840664273585],[7.454765529305847,48.507969333304544],[7.454837621275196,48.50767523813239],[7.454948538323604,48.50769116834152],[7.455062610079525,48.50770752066607],[7.455188632275858,48.507725676924444],[7.455280486506758,48.50773907860018],[7.455461326065919,48.50776562901424],[7.455544053276567,48.50777694030136],[7.455611127172207,48.507785955805105],[7.455761795938156,48.5078037269864],[7.455836589691677,48.507812632799926],[7.45591344151753,48.50782182172187],[7.456042945801372,48.5078378641425],[7.456263047900201,48.50786528217489],[7.456206463243653,48.50807374001119],[7.456343314625958,48.50809644418136],[7.456387038669572,48.508103542659285],[7.456470115607214,48.50811736305458],[7.456484687753066,48.50811969926164],[7.456574757573228,48.50813442838916],[7.456619450764545,48.50814176070595],[7.45670689901385,48.50815595744194],[7.45677743449479,48.50816421163658],[7.456800305360863,48.508166866953864],[7.456928487332869,48.508181696663144],[7.456931839718145,48.50817328140654],[7.457013262036491,48.50818518130813],[7.457100954171798,48.508207027280484],[7.457201109368517,48.50823191921688],[7.45722359005786,48.50823476930877],[7.457475914884112,48.50826475957025],[7.457728915838763,48.50829472391624],[7.457877191954124,48.50831303284903],[7.457990654209108,48.50832697257091],[7.458101104629245,48.50834057478519],[7.458186815255922,48.508347086929405],[7.458254785977087,48.508352283010346],[7.458364252729007,48.50836069600229],[7.458511568368347,48.508374084611745],[7.458679516046154,48.508389311071355],[7.458855252455657,48.50840523586689],[7.458935495427009,48.50841123203258],[7.45894289781159,48.50839942090465],[7.458980226610548,48.50840306447755],[7.459153899803738,48.508420237664126],[7.459302817285511,48.508434916667824],[7.45936923548282,48.50843620594259],[7.4594378392999,48.508437683381715],[7.459570557257726,48.50842612014373],[7.459666340366187,48.50842351292001],[7.459765645478576,48.5084208634031],[7.459930297912359,48.508416479519816],[7.460111466851056,48.508434090520545],[7.460113652469841,48.508434278709615],[7.46056214431071,48.50846049608654],[7.461067562214043,48.508492771838384],[7.461149261843129,48.50849835137306],[7.461375809765747,48.508513804584446],[7.461533491133029,48.50852788114954],[7.46154674771369,48.50852909486122],[7.461547558723039,48.50852906438034],[7.461548782882494,48.50852910847403],[7.461538121209184,48.50859023816025],[7.461532835011187,48.50862053101685],[7.461528112716136,48.50864629756191],[7.461681484420216,48.508660716123025],[7.461681619588766,48.50866071104273],[7.462422374268099,48.50872720472421],[7.462937578561329,48.508772439931924],[7.462937338815274,48.508772809354944],[7.462851286479249,48.50893588616853],[7.462824212423593,48.508988983189155],[7.463089846550392,48.509025489402696],[7.463138272615797,48.50903204826533],[7.463271630528864,48.50905028076639],[7.463317728165704,48.50905656669211],[7.463362578694312,48.50906253908041],[7.463436280637224,48.50910157547968],[7.463547345095748,48.50916056127631],[7.463584128606223,48.50918008196424],[7.463691464803444,48.509236684951446],[7.463763484001812,48.50927506361489],[7.46383206798858,48.50931131884942],[7.463884898532279,48.50933933638558],[7.463939420021055,48.50936810123638],[7.463990710258643,48.50939554593222],[7.464047200746287,48.5094251377192],[7.46411422940148,48.50946064036642],[7.46421673934223,48.50947489604378],[7.464310595896158,48.50948785521421],[7.46443493466794,48.509505254307925],[7.46452428480005,48.50951784217379],[7.464525508985075,48.50951788623678],[7.464783694741085,48.50955286686441],[7.464874389092399,48.509565313813624],[7.464955726096601,48.509572976800726],[7.465086816137945,48.50958525576385],[7.465178961763205,48.50959404379821],[7.465225718092411,48.50959850218162],[7.465273690965236,48.50960291478722],[7.465307866223186,48.50960613442155],[7.465515218268234,48.50962221189927],[7.46559274514335,48.50962812562761],[7.465659494068572,48.50963327341597],[7.465737706977041,48.5096360977576],[7.465815657205487,48.50963902203238],[7.465910723130616,48.50964229349516],[7.465981861272089,48.50964484321345],[7.466051242201773,48.509647458997605],[7.46614672132235,48.50965080483041],[7.466198060747148,48.5096517566164],[7.466349878033092,48.50965424413794],[7.466543932412143,48.50965748496117],[7.466622571272659,48.50965894115807],[7.46662365263781,48.50965890047074],[7.466698144530505,48.5096594314199],[7.466772628770172,48.50965987250778],[7.466845085451701,48.50966038984148],[7.466992987882394,48.509661492106176],[7.467070859047716,48.50966189566327],[7.46718944215386,48.50966265931437],[7.46726448239537,48.50966325937684],[7.46738731704022,48.50966458366086],[7.467530338041809,48.50966568875181],[7.467531013894675,48.50966566331708],[7.467612861245651,48.50966816944781],[7.467695550252352,48.50967100425745],[7.467777127278382,48.50967352044928],[7.467860497444647,48.50967957320514],[7.468036761029932,48.509692040931114],[7.468164618000694,48.50970137473041],[7.468251946489031,48.50970772874153],[7.468424459105055,48.50972709478705],[7.468553165882899,48.50974162214357],[7.468616418788819,48.5097487019388],[7.468731718127348,48.509761841639104],[7.468883417109971,48.50977883693348],[7.468899099591712,48.50977986841659],[7.469229541237962,48.509347008954855],[7.469388063766451,48.50912758723415],[7.469537938721974,48.508902183606025],[7.469798436230493,48.50840933382294],[7.470014225543136,48.50802989426115],[7.470042044772459,48.5079061265069],[7.470049230913209,48.50787431987558],[7.470039922510596,48.507876472452544],[7.470006157243007,48.50788441153209],[7.469957919327293,48.507895959074965],[7.469945639978881,48.50789984536899],[7.469900725319503,48.507913790631456],[7.469755300834882,48.50795918207274],[7.469626600658732,48.50800033949835],[7.469590550045277,48.50800692285611],[7.469546751696305,48.50801487915372],[7.469500153139752,48.508023391380874],[7.469468111526241,48.50802928313836],[7.469390657173783,48.50804328201103],[7.469341791375415,48.50805223994818],[7.46925552507872,48.508059902886615],[7.469182316278518,48.50806644344458],[7.469136423688225,48.50807051390553],[7.469112598809356,48.50807258220626],[7.469073839390785,48.50807602368075],[7.469039787814474,48.50807901759555],[7.468988376355887,48.50808356607828],[7.468955946766211,48.508086498905705],[7.468825139382145,48.508098181019726],[7.46868470751413,48.50811626218625],[7.468650102577556,48.50812071846377],[7.468599265007564,48.50812722743393],[7.468536226816168,48.50813536698927],[7.468467820228879,48.50814415910493],[7.468366415318842,48.50815716669145],[7.468253836527172,48.50815680905409],[7.468206097084463,48.50815671383498],[7.468128513790872,48.508156480475236],[7.468127837957733,48.5081565059134],[7.467913591550047,48.5081278980576],[7.467556847089976,48.50811222144544],[7.467555750446119,48.50811208251202],[7.467399879937552,48.50810812738158],[7.467382892251384,48.508107685455066],[7.46733777197843,48.50810650019017],[7.467266824609489,48.50810457489644],[7.467202020982159,48.50810313918178],[7.467160302846645,48.508102096128965],[7.46711449909572,48.508100846397305],[7.467080929232939,48.50809994720091],[7.46704464838484,48.50809905990841],[7.467006857741391,48.50809795911073],[7.466958207844777,48.508096726317596],[7.466923954499801,48.50809576269369],[7.466875154131612,48.50809435532344],[7.466839668981549,48.50809325782173],[7.466809501256206,48.508092500838515],[7.466709452227576,48.50808959790293],[7.46661702611759,48.50808703877511],[7.466564420424266,48.508077575114875],[7.466030765939251,48.508040167992675],[7.465019900341466,48.50800710358633],[7.464594760771839,48.507987593425895],[7.463447236050735,48.50795956528104],[7.463428085403654,48.50797353041898],[7.463256652286323,48.50792852768238],[7.462955414483103,48.50786876260618],[7.462650825921932,48.507817412183954],[7.462405493175693,48.50778834135775],[7.461951107184042,48.50776451511208],[7.461294014021341,48.50769622634392],[7.460897297017146,48.50763301648746],[7.460537243518218,48.507575185350966],[7.46038730392859,48.50754847265474],[7.460236561140137,48.50752188005589],[7.460085390079046,48.507495033055214],[7.45998949580185,48.507477191633235],[7.459731812010022,48.507427225194824],[7.459658640600165,48.507413485454514],[7.459474832232214,48.50738074575571],[7.459261262906994,48.50734245619916],[7.459192613325263,48.507329267133606],[7.458676960929756,48.50727376146639],[7.457969988197125,48.50719759714046],[7.457648191684509,48.50716381964861],[7.457557728044709,48.50716676619162],[7.457450547426429,48.50716925916803],[7.457118906311034,48.50717756722813],[7.457017823358262,48.50718001106471],[7.45693949397403,48.507182141124936],[7.456880706189649,48.5071748876305],[7.456836745375296,48.50716978049221],[7.456709759476841,48.50715463555406],[7.456591403605707,48.507140518017216],[7.456371929803815,48.50710929280919],[7.456125884489339,48.507081317233364],[7.455877021934548,48.50702019923836],[7.45578284003087,48.506979404294405],[7.45543933370424,48.506900754076355],[7.455435727807311,48.50689980819351],[7.45520100137553,48.50686140458758],[7.455115999419553,48.506844051544014],[7.455133475864359,48.506791226547485],[7.454999673702815,48.506768205082665],[7.455169792900283,48.50679734199714]],[[7.454988988255447,48.50676637493921],[7.45494990690487,48.506759642362745],[7.454999673702815,48.506768205082665],[7.454988988255447,48.50676637493921]],[[7.465720614427717,48.504360235084796],[7.465720479270636,48.50436024016971],[7.46572078143191,48.50436017306341],[7.465720614427717,48.504360235084796]]],[[[7.457133205638489,48.49551568511038],[7.457204857035169,48.49536026954783],[7.457215268179219,48.49533762309393],[7.457222932430421,48.49532093649943],[7.457233267197674,48.49529739188109],[7.457244321129048,48.49527273901499],[7.457291901202357,48.495164270047525],[7.457293046367044,48.49516179425594],[7.457369969733174,48.49498707866562],[7.457407484952764,48.494902144114626],[7.457443310705124,48.49482763484837],[7.457164648145942,48.494783678694645],[7.457126995494407,48.49477770436477],[7.457093330437156,48.49477239119042],[7.457031410289907,48.49476480534635],[7.456959352863525,48.4947559783262],[7.456957114376705,48.49475516136318],[7.456987749318087,48.49469931831126],[7.456932187692415,48.49464373901239],[7.456850604075735,48.49455633943365],[7.456808533942595,48.494511155879835],[7.456778743473783,48.494479657337976],[7.456770615650697,48.49447653865532],[7.456575185554219,48.49440539794428],[7.456495118451135,48.494375697233174],[7.456376546409987,48.49433158423637],[7.456089863827726,48.494225125038646],[7.456030657139424,48.49420320053798],[7.455920221234995,48.4941622956302],[7.455871095318512,48.494144137288245],[7.455727909121619,48.4940911266267],[7.45564476321861,48.49406027952436],[7.455619997654252,48.49405120790849],[7.455526154439756,48.49401571658586],[7.455468172038485,48.49399383595747],[7.455408927706789,48.493971462060856],[7.455417864203482,48.49395698038982],[7.455251331298225,48.49389403332859],[7.455129090828351,48.494093875495544],[7.455034525817698,48.49422537165471],[7.45475508758307,48.49461095972445],[7.454531271215685,48.49492048468104],[7.454525101207253,48.49493242964257],[7.454432897325459,48.49511249203337],[7.454196154757315,48.49557468487652],[7.454194043783203,48.49557377297374],[7.454182525062408,48.49572062231556],[7.454184949878507,48.49572044120638],[7.454184898683163,48.49572143425841],[7.454222846768446,48.49571811785433],[7.454198128872565,48.495760673038355],[7.454095095929709,48.495792561920204],[7.454094960793567,48.49579256699192],[7.454073192335907,48.495812395654056],[7.454044494996937,48.49583843113479],[7.454035814092833,48.49590858656851],[7.454034322433784,48.49592134703916],[7.454031426248977,48.495944702243655],[7.454027758631148,48.49597493420855],[7.45402462712295,48.496001902353356],[7.45401923105452,48.49608040415415],[7.454018098030989,48.49609738599206],[7.454018289331962,48.49617144326607],[7.454012430708501,48.496230139813136],[7.454011727948777,48.49623782491969],[7.453994344236857,48.4963842635318],[7.453981548734596,48.49643790434002],[7.453973090181619,48.49646759526624],[7.453935512606217,48.49659974453494],[7.453917174104711,48.496651971494444],[7.453893248336689,48.49671981568744],[7.453884748105063,48.49674103850852],[7.453874467177203,48.49676683328849],[7.453855027762463,48.49681567764],[7.453837346115993,48.49685968057853],[7.45381964917885,48.496903503880304],[7.453798372335197,48.496959445175314],[7.453783498999327,48.496998206857754],[7.453776899263231,48.49701467300487],[7.453765883696823,48.49704139636116],[7.453747444475425,48.49708605842074],[7.453725650821909,48.49713751395054],[7.45368750474661,48.49722787673794],[7.45363828621192,48.497347487843584],[7.453583995358168,48.49746963191556],[7.453530285301974,48.497522014727984],[7.453504371303451,48.49754731483664],[7.453495119664646,48.49755171661354],[7.453373805241125,48.497609429295046],[7.453299488718216,48.49762032708419],[7.453253292357592,48.497627106216996],[7.453251678295866,48.49762725688237],[7.453118953549891,48.49763683213216],[7.45279743348693,48.49760078063],[7.452728993344857,48.49759307666625],[7.452611829495611,48.49758314600652],[7.452557529024705,48.49758229988126],[7.452552641066994,48.4975822129508],[7.452448369936582,48.497601171873924],[7.452407782916815,48.497608551161754],[7.4524029712388,48.49760936238879],[7.452369335257299,48.497615579870605],[7.452357587783065,48.49761773251896],[7.452192574577843,48.497670145369405],[7.451714061256876,48.497846404916565],[7.451790019530926,48.4979011312685],[7.451837254174145,48.49793531040243],[7.451829674090749,48.49794343364464],[7.451786037619011,48.49798994145735],[7.451799244365011,48.497995392843386],[7.451831713046476,48.49800895176213],[7.451963653210546,48.49806356038946],[7.451976390225672,48.4980714621436],[7.452003885927755,48.49808872155503],[7.452357446248874,48.49820349423638],[7.452973780232654,48.49834895330533],[7.452992391898924,48.4983813226351],[7.453095836359162,48.49841645582698],[7.453173857595837,48.49843479263558],[7.453357581792554,48.49848132983419],[7.453378044012415,48.498482814607826],[7.453399317092278,48.498484268952424],[7.453368748258399,48.49856011096728],[7.453351432786543,48.4985924767705],[7.453340175753312,48.49861317222494],[7.453316195775789,48.49865326659442],[7.453272954776874,48.49872516902368],[7.453256856537461,48.49875271369965],[7.45324051088269,48.498780537963],[7.453214286712399,48.49882134722266],[7.453206853870587,48.498832798818064],[7.453188648856149,48.498862675089875],[7.45317293851328,48.498888403144335],[7.453138896631393,48.498939326873746],[7.453095233283298,48.49899349486243],[7.453086395539078,48.49900436844091],[7.453068891144839,48.49902493784366],[7.453022749271714,48.49907865817444],[7.452984368302968,48.49912478900415],[7.452971084914798,48.49914078500075],[7.45279973852741,48.499316606123486],[7.45271796559035,48.499407343624455],[7.452664962174754,48.49946807887344],[7.452543608175597,48.49960679396475],[7.452543750950431,48.49960687871102],[7.452636826173754,48.49963483274224],[7.452692808247878,48.499650662925006],[7.452733790220979,48.499662280400656],[7.452814955331533,48.49968887907021],[7.452923463701595,48.49972454330619],[7.452960753237493,48.49973738046737],[7.452960888383902,48.49973737539696],[7.453071092719069,48.49974990965482],[7.453096971100432,48.4997529032314],[7.453155102644373,48.499758921496436],[7.453215291918061,48.49976522293709],[7.453245127712319,48.49976851851168],[7.453300015775198,48.49977465840341],[7.45337162606033,48.4997813421624],[7.453382567492008,48.49978246336588],[7.453409399562854,48.499785511194226],[7.453466115304646,48.49978284249557],[7.453535927188375,48.49978112400619],[7.453560689513354,48.49978055526266],[7.453580181125862,48.4997801842877],[7.453657831496324,48.499778171601534],[7.453823230468139,48.49979566203889],[7.453875295812865,48.49980208779622],[7.453903369346905,48.499806981079686],[7.454073853122198,48.49983644419783],[7.454164140184048,48.49985071602491],[7.454184156174653,48.49985492049975],[7.454189811658608,48.499856059796926],[7.454276743015286,48.499870727781726],[7.454313611012117,48.499877002870946],[7.454352498585678,48.499883112052714],[7.454395238962211,48.49988988754915],[7.454432510197472,48.499894525623894],[7.454522673110354,48.49990573835941],[7.454597289720976,48.49991429081637],[7.454619743808721,48.49991687197137],[7.454788092956814,48.499938755492714],[7.455012731541362,48.49994816417293],[7.455140565869978,48.49991128932299],[7.455242417353836,48.49988295826573],[7.455262946970675,48.499867681130254],[7.45530427646138,48.49983711670197],[7.455375868214345,48.499679272665226],[7.455378263533147,48.49967395679932],[7.455461555131964,48.49947990274798],[7.455506101389621,48.499424979869],[7.455525117569556,48.49940147004722],[7.455598197532329,48.49940151979565],[7.455811643611385,48.499478653718505],[7.455818780328043,48.499481269074096],[7.455920632280696,48.499518351869916],[7.456052605900591,48.499542950761956],[7.456063210615612,48.49954489528451],[7.456071418604164,48.49954575845545],[7.456225274538174,48.49956142636398],[7.456377824151786,48.49958245918112],[7.456863764291395,48.499649810178674],[7.456884752376982,48.49965109441572],[7.457051825624571,48.49966275094283],[7.457263720855054,48.49967695881423],[7.457424753884912,48.49968613857773],[7.45758961920603,48.49969733666079],[7.457653504312425,48.49943778410932],[7.457689679227733,48.499290819411705],[7.457763198405138,48.49930400632941],[7.457851040006077,48.49931980885681],[7.457853248150458,48.49932026653649],[7.457895432665346,48.49932688144898],[7.457968671678714,48.49933836681335],[7.458078248205515,48.499357857938726],[7.458091466541153,48.49936024472724],[7.458091871975983,48.49936022949849],[7.458340078534216,48.49940127367665],[7.458340626752925,48.49940134318636],[7.458342143902651,48.49940164660789],[7.458387987450743,48.499409835856284],[7.458391307318737,48.49941061217661],[7.458489856303636,48.499426372442514],[7.458498658366069,48.49942784384996],[7.45849960438161,48.49942780831296],[7.458500963471269,48.49942784736162],[7.458525044567081,48.49942883491293],[7.458561395098026,48.499435398440745],[7.458618962855781,48.49944594036339],[7.458712300067361,48.499460995206256],[7.458774980481614,48.49947107468111],[7.458804811182627,48.49947590080636],[7.458826349831297,48.499478875969984],[7.45884239864078,48.49948106624006],[7.458887895650309,48.49948836729111],[7.458984920134223,48.49950373391507],[7.459033586642263,48.499511636659456],[7.459104827169751,48.49952193498306],[7.45910737438357,48.49952319082673],[7.459235589375409,48.4995386468591],[7.459316823091851,48.499548479500305],[7.459346141485773,48.499552063301344],[7.459346885975551,48.499552846254964],[7.459347044041938,48.499553110624625],[7.459466638052772,48.49956762887989],[7.459506865493675,48.499591075897406],[7.459506737988908,48.49959117079103],[7.459572508433233,48.499608882598395],[7.459603868867959,48.499617345267225],[7.459680786694317,48.4996178790316],[7.459755264263136,48.499618414337014],[7.459767083045572,48.49961869106396],[7.459853356475797,48.499619233586415],[7.459922517528272,48.499619427944374],[7.459925363223714,48.49961941111507],[7.459929019791752,48.49961936381567],[7.459986242198322,48.49961946613549],[7.460011470945322,48.49961959933811],[7.460015405445653,48.499619631694905],[7.460039267455478,48.49961963604455],[7.460309525268829,48.49960749778019],[7.460348034054675,48.499605960507736],[7.460361540948161,48.49960536280951],[7.460428017174899,48.499602684373734],[7.460451795112255,48.49960170066776],[7.460551930156747,48.49959784731863],[7.46068649666578,48.4995923394307],[7.460730260809965,48.49959042431396],[7.46079603070126,48.499587411805756],[7.460851266898208,48.49958488526971],[7.460895563968134,48.49958285995883],[7.460926759589768,48.49958141715697],[7.460942158503634,48.499580748280046],[7.460959638097419,48.49958063191817],[7.461003096147729,48.499579899543214],[7.461003366438184,48.49957988938408],[7.461031545433939,48.49957964117267],[7.461053874968544,48.49957916230007],[7.461073593318187,48.499579862804154],[7.461089774962608,48.49958042592921],[7.461123211770846,48.49958142171946],[7.461181135232711,48.49958338927394],[7.46132591333138,48.49958794877396],[7.461347878170051,48.49954973040992],[7.461490541357107,48.49928730394062],[7.461581179739849,48.4991209004347],[7.461874255004842,48.49858043746956],[7.461856291414832,48.49857804928796],[7.46175207712537,48.49856421676012],[7.461728218330319,48.498561059044334],[7.461704359538141,48.498557901323736],[7.461699831036594,48.498557260634385],[7.461673096033969,48.49855376051652],[7.461659140872672,48.498550681000914],[7.461618101541754,48.498541591594],[7.461546268071172,48.49852591090696],[7.461509945924649,48.498518085787516],[7.461450400082227,48.4985050066431],[7.461443490085596,48.49850346433234],[7.461431743092255,48.49850084240309],[7.461378972138975,48.49848931061424],[7.461361029090357,48.49848557004172],[7.461320854221164,48.49847707876191],[7.461248128435603,48.498462062163426],[7.46119609442005,48.49845122341964],[7.461114370448316,48.49843402208408],[7.461114227662834,48.49843393734802],[7.461104461900773,48.4983956502179],[7.461139193004277,48.498364070128694],[7.461249532460148,48.49813763839256],[7.461272527458657,48.49809082146357],[7.461274712972475,48.49808623415798],[7.461293433829813,48.49804813767584],[7.461354594954074,48.49791771205599],[7.461391148236053,48.49781515223173],[7.461413988576246,48.49775059075579],[7.46146880663137,48.49759661624076],[7.461532369266942,48.497416363240895],[7.461534088160886,48.4974110726423],[7.461594616428473,48.49722543734216],[7.461596664288495,48.49721923334314],[7.461596529149404,48.49721923842338],[7.461608992108756,48.497184080191275],[7.461706088010989,48.49688173801803],[7.461706080366984,48.496881648202226],[7.461713606105188,48.496858569174144],[7.461813661538536,48.49654800623967],[7.461815000625814,48.49653984660721],[7.46181599791117,48.49653404250838],[7.461815862773867,48.49653404758888],[7.461815855129725,48.496533957773046],[7.461746510605749,48.496514038963376],[7.461479122786757,48.496437051288176],[7.461421871753076,48.49642064221474],[7.461402552663518,48.49641506122963],[7.461379913855671,48.49640870400279],[7.461360745198667,48.49640329756256],[7.461256579747228,48.49637405526221],[7.461209086515515,48.49636079331394],[7.461164214409658,48.49634806354237],[7.461076303470518,48.49632343607144],[7.46092440064113,48.49631310748485],[7.460476271856636,48.496294720447665],[7.46040334623491,48.496299623734075],[7.460384472927348,48.49630087367334],[7.460321150424662,48.49632622981674],[7.460254691553341,48.49635296523855],[7.46015878079807,48.49637612209908],[7.460134606121345,48.49638198628188],[7.459955375881046,48.49641854592681],[7.459887680235691,48.496416404512544],[7.45988305500801,48.49641621791101],[7.459838192308593,48.496414750183156],[7.45982189179793,48.496414371596416],[7.459815367009313,48.496414166271514],[7.459622305586648,48.49640925711536],[7.459622178089822,48.49640935200935],[7.459528618744438,48.49639800061232],[7.45952861110423,48.49639791079633],[7.459502036852909,48.496380348110364],[7.459483639121244,48.49636806457294],[7.459254144655757,48.49631415619778],[7.459183304360749,48.49629735564174],[7.459163378626055,48.49629260802371],[7.459162274611844,48.4962923791955],[7.459149123381263,48.496289179098675],[7.458895602902094,48.49623968679429],[7.458855942507962,48.49623243685904],[7.458855529458488,48.49623236227439],[7.458854703359543,48.4962322131051],[7.458853599347945,48.49623198427402],[7.45883157259097,48.49622803636253],[7.458780010174504,48.4962195216046],[7.458775061222294,48.49621871640165],[7.458771351417956,48.49621813495331],[7.458753605579325,48.4962151074317],[7.458687999521088,48.49620405674286],[7.458610213548809,48.496191661537104],[7.458479919336415,48.49617078692915],[7.458390448251908,48.49615648788069],[7.458390313115244,48.496156492957304],[7.458138395146091,48.49608756673516],[7.458061241174918,48.49606028044333],[7.458001988106854,48.49603943982631],[7.457909036891882,48.496006529728014],[7.457830208063277,48.49597867548424],[7.457690714039479,48.49592931264314],[7.457692815769397,48.49592373741808],[7.457697633812375,48.495911843059545],[7.45742620128926,48.49581427480107],[7.457190820459324,48.495767611702405],[7.456953641369001,48.49572849423009],[7.456908851084539,48.49572468002405],[7.456798445097542,48.49571287796546],[7.456673117752744,48.495704159020484],[7.456671338083445,48.49570395554229],[7.456631850968746,48.495701924351806],[7.456531214573713,48.49569660300427],[7.456397878424893,48.49568935584909],[7.456277729835521,48.495695309010806],[7.456235200267205,48.49569735645848],[7.456230697210096,48.49571455499267],[7.456230600246681,48.49571500914807],[7.455825108132653,48.49573401840982],[7.455826774110408,48.49572809917289],[7.45582917229255,48.495719629564306],[7.455819967791482,48.495719794942524],[7.455716308732216,48.49572197482887],[7.4554463387292,48.49572769528566],[7.455670834399209,48.495722871191326],[7.455502714677301,48.49568917725309],[7.455513000259905,48.49568897131279],[7.455571875903519,48.4956878421937],[7.455709117259717,48.495685212542604],[7.455734372369717,48.49568408415227],[7.455800423191035,48.49568124388556],[7.455827427427296,48.49567995970155],[7.455849717181084,48.495679032724134],[7.455875512827786,48.49567788400891],[7.455880647983401,48.49567769120645],[7.455882667384636,48.49567752528389],[7.455906382557536,48.495675823954336],[7.45601146773779,48.49566809407513],[7.456115742073451,48.49566039454704],[7.456185979764435,48.495655775004494],[7.456218478730376,48.49565374379584],[7.45627438668529,48.49565119400906],[7.456313695865062,48.495649537777936],[7.456466383760554,48.49564362415113],[7.456689439201442,48.49566651380108],[7.456775462609786,48.49567535717549],[7.457051584715231,48.49570373186856],[7.457057361794099,48.49569035987407],[7.457061904362972,48.495680007639784],[7.457133205638489,48.49551568511038]]],[[[7.460221470409437,48.48603357967807],[7.46023997729802,48.48604081315211],[7.460356517251489,48.486086710358606],[7.460428441924028,48.486114822169725],[7.460377564722211,48.48616683243622],[7.460352358104477,48.48619237831947],[7.460291989193028,48.48625231406032],[7.460292131944046,48.48625239879818],[7.460393448288151,48.48629778698639],[7.460598064747209,48.48638956979012],[7.460624836144999,48.48640153834203],[7.460643021932112,48.48640977497161],[7.460710942125523,48.486440199658745],[7.460713195597739,48.4864411961896],[7.460812424869628,48.4864859416701],[7.46084065724293,48.486495963070944],[7.460841490835302,48.486496202044165],[7.460885105087301,48.486511772225],[7.460909980192588,48.48652056826764],[7.46103298944424,48.486564419565184],[7.461057031004674,48.48657297660482],[7.461092255944358,48.48658552827529],[7.461161017417802,48.48658600660318],[7.461170566066169,48.48663610577317],[7.461176287068819,48.486666706205206],[7.461173573427922,48.48668419827735],[7.461170760444332,48.48670052273381],[7.461166820049868,48.486725899963936],[7.461162966477553,48.486749111436275],[7.461160780762135,48.486763249815326],[7.461158266124749,48.486778301599195],[7.461054222209056,48.4869223247626],[7.461116312296284,48.48696387099268],[7.461161022208053,48.4869939066111],[7.461243077634039,48.48704866824428],[7.461322872077047,48.4871023434832],[7.461398172491557,48.487152583487344],[7.461442581930255,48.48718226988939],[7.461510436353319,48.48722783407654],[7.461668688190515,48.48733379278367],[7.461721732100266,48.487369371592514],[7.461825013858116,48.48743144406393],[7.461834300687474,48.487437041715424],[7.461875144417166,48.48746145581353],[7.461905860082319,48.48747994347023],[7.461927011046931,48.48749275382033],[7.461996143720079,48.487534215010236],[7.462032847636586,48.487556171716456],[7.462101274332196,48.48759729898123],[7.462197847365008,48.48765538854484],[7.462272428206695,48.487700338965446],[7.462335295345382,48.4877382512276],[7.462348452047656,48.48774631632328],[7.462358024505409,48.487752083403],[7.462358016861617,48.4877519935866],[7.462358159620051,48.48775207832187],[7.46247677674489,48.48765030532585],[7.462503668030682,48.48762703835336],[7.462531849282538,48.48760300202954],[7.462579597259702,48.487562011127565],[7.462630756269921,48.487518098696725],[7.462580991785412,48.48756087743511],[7.462611208203038,48.48757668057827],[7.462611350961405,48.48757676531325],[7.462611215847237,48.487576770394696],[7.462654005156094,48.48760174179705],[7.462688244276831,48.48762180872389],[7.462693511057089,48.48762476428148],[7.462693939332978,48.48762501848609],[7.462765249905184,48.487666577552346],[7.462799338707237,48.487686469894946],[7.46287993643972,48.48773362646437],[7.462901342683994,48.48774624684218],[7.462975065207353,48.48778906663412],[7.463006434090507,48.48780725914309],[7.463018538080989,48.48781410230812],[7.46303817775984,48.48782507713224],[7.463062474846272,48.487842994987524],[7.46307071918696,48.48784908227799],[7.463077706774997,48.487853144447215],[7.463107077092486,48.48787015064714],[7.463169259169504,48.4879111517931],[7.463172565589281,48.487913370130585],[7.463180613677011,48.48791874396432],[7.463304865979356,48.488001020673494],[7.463329400383157,48.48801694726558],[7.46337602964471,48.48804402658666],[7.463449656086686,48.48808730023803],[7.46352467203431,48.48813097209913],[7.463529383159006,48.48813376831575],[7.463529811443094,48.488134022517244],[7.463530953534017,48.4881347003879],[7.463545515195866,48.488143343237866],[7.463601192182446,48.48817638941188],[7.463601327298061,48.488176384329314],[7.463669266344618,48.48810985489718],[7.463773349969381,48.48816378626206],[7.464061957243072,48.488297816269174],[7.464095784426403,48.48831303270083],[7.464216039466388,48.488367436571366],[7.464281590818197,48.488397047423014],[7.464342912870806,48.48842474496645],[7.46440340134847,48.48845220352979],[7.464371778835556,48.48847880257292],[7.464133971617661,48.488678769607496],[7.463694242714543,48.48904969017971],[7.463694385478662,48.489049774913276],[7.463798669800853,48.489106041438376],[7.463862389269972,48.489110942875634],[7.464005784133503,48.489171234302326],[7.464028019833823,48.489180849863715],[7.464077284098354,48.48920224336983],[7.464140468051476,48.48922951057205],[7.464169742658876,48.48924219514699],[7.464219776928058,48.489266262746014],[7.464283815045698,48.48929719200136],[7.464368347822301,48.48933798243459],[7.464457538483088,48.48938094027026],[7.464477334571566,48.48939055743335],[7.464618821298889,48.489477770913055],[7.464641895910885,48.48951474638758],[7.464441117988724,48.48971025700772],[7.464200940404705,48.49005916449468],[7.464130727496831,48.49016110029758],[7.464103695201183,48.49020023114615],[7.46402866329819,48.49031243977474],[7.464020379937323,48.49032500549797],[7.464017368965936,48.49032944374795],[7.464011705777386,48.49038552114031],[7.464030500117699,48.49040247447272],[7.464065901424757,48.49043457123568],[7.464156077788147,48.49047794275973],[7.464365558480236,48.490578817335695],[7.46441617283914,48.49060331357348],[7.464466239110113,48.49062774030734],[7.464634924429996,48.490698432688895],[7.464694133304504,48.49072197473455],[7.464700450892421,48.49072453026136],[7.464714761072848,48.490730209020526],[7.46478645479197,48.49075868752225],[7.464876262625967,48.49079612554557],[7.465040163656789,48.49086474479742],[7.465042266981091,48.49086556669484],[7.465043251082069,48.490865980185625],[7.465118641924289,48.49089648187935],[7.465228963463997,48.490945582104295],[7.465275466227695,48.49096635824387],[7.465322708354942,48.49098467374133],[7.465396587663797,48.49101333996496],[7.465453109668293,48.491003734440696],[7.465460110471818,48.49099680331632],[7.465482492125827,48.49097469658507],[7.465507463975348,48.49094798718586],[7.465512185551482,48.490942943902894],[7.465524657450758,48.49093022045487],[7.465600643621928,48.49085311544521],[7.465581066466927,48.49087313438337],[7.465659325880049,48.49090866371861],[7.465683433960609,48.490919560093154],[7.46574521096806,48.490947780498985],[7.465749710755173,48.49094490804497],[7.465752425927332,48.490943364204405],[7.465815510813815,48.49096784109827],[7.465929562936477,48.491011394074626],[7.466032137350656,48.491050693507184],[7.466187685766992,48.491110344897216],[7.466185047107288,48.491112786906875],[7.46617297045115,48.49112378357773],[7.466173113224912,48.491123868308186],[7.466172978101958,48.491123873393654],[7.46625070791131,48.49115635876157],[7.46631171547841,48.49118190473204],[7.466362739152783,48.49120323114347],[7.466426023568943,48.491230042921934],[7.466445300576457,48.49123832776176],[7.466542075772352,48.491279557023674],[7.466596090257173,48.491302572847374],[7.466596225380545,48.49130256776142],[7.466611634655141,48.491305231505386],[7.466750453320333,48.49132920002479],[7.466766132857439,48.4913318535764],[7.466839483398274,48.49136702632744],[7.466932322830135,48.49141137686424],[7.467003447778698,48.49144429059445],[7.467013470089654,48.49144895914628],[7.467091876727256,48.49148619402298],[7.467249944715545,48.49156106691679],[7.467306700772356,48.49158920525665],[7.467331186895703,48.49160134853905],[7.467662098705329,48.49169539364242],[7.467988925035621,48.49175102719174],[7.468282740433779,48.49180105493671],[7.468283018337282,48.49180113457672],[7.468326745729198,48.49180840838401],[7.468328397841667,48.491808706591904],[7.468387680200961,48.4918203503941],[7.468388406746418,48.491819331892984],[7.46838854952565,48.49181941662073],[7.468389852182542,48.491817205074945],[7.46840177511241,48.49179963637138],[7.468440304219195,48.49180953868222],[7.46844501327409,48.491810712924426],[7.468544339469132,48.49183571596586],[7.468629507947475,48.491856836957425],[7.468729284553426,48.49186803697835],[7.46878456388297,48.491874064673894],[7.468874061860122,48.49189826620174],[7.468874196984808,48.49189826111318],[7.468915510031255,48.49183903876962],[7.468973487243784,48.491851272059385],[7.46905591782954,48.491873667210925],[7.469077861994609,48.49187824703893],[7.469349073995946,48.49194615310741],[7.469340600654522,48.49196124929153],[7.469331176467254,48.4919779130538],[7.469361973137215,48.49198774587814],[7.469399184631542,48.491999679801296],[7.469399319756437,48.49199967471216],[7.469451935139184,48.491920383812314],[7.469473921902424,48.491887298476584],[7.469474153868767,48.49188683921977],[7.469474266023651,48.49188656468354],[7.469517936876835,48.491800942919355],[7.469547840128681,48.491743051096314],[7.469596751777485,48.491648942321],[7.46964499957086,48.49165676622008],[7.469693255035533,48.49166467991519],[7.469770797295401,48.49167743735031],[7.46981446353345,48.491683992085385],[7.469845086253351,48.49168860529922],[7.469941775676165,48.49170334453949],[7.46994228507607,48.491698189419],[7.46994425870774,48.49167522864013],[7.469952266304778,48.491592661981905],[7.469954665562856,48.49156833360696],[7.469954657905512,48.4915682437913],[7.470008511958394,48.49157504543155],[7.470026196154901,48.4915058100822],[7.470008519615834,48.49157513524722],[7.470008654739575,48.49157513015737],[7.470008662397015,48.49157521997302],[7.470013032301459,48.49157559599206],[7.470052453334447,48.49158005794401],[7.470181623210559,48.49159258235076],[7.470338552571621,48.49160793537911],[7.470421988957768,48.49161668598327],[7.470449072774122,48.49161954017112],[7.47046930850362,48.491621571083634],[7.47057107362039,48.49163224412614],[7.470584070362473,48.49157958421113],[7.470617892297987,48.491442072577826],[7.470636571857601,48.49136703293414],[7.470661232403972,48.49126834087386],[7.470666049278211,48.49125329221761],[7.470673682416681,48.491229937982524],[7.470676847710565,48.4912193666506],[7.470679521194322,48.49121097634684],[7.470686657584843,48.49119133509501],[7.470691551030227,48.491177184593205],[7.470692231570766,48.49117562718364],[7.470700550689315,48.49115395908012],[7.470739561344778,48.49104868936879],[7.470755888224879,48.49100329248064],[7.470765670115495,48.49097652342357],[7.470772895612032,48.490956338178336],[7.470777809797394,48.490945610846545],[7.470781699349294,48.49093717472225],[7.470798452855365,48.49089996123027],[7.470818937779461,48.49085404725255],[7.47085380572315,48.49077650542778],[7.470891005631018,48.490692928846705],[7.470802467772881,48.49062751505956],[7.470783804095395,48.490613711440936],[7.470724636410067,48.49057160931057],[7.470594312804078,48.49047875608482],[7.470538375731254,48.49043797382666],[7.470483558001072,48.49039759989633],[7.470412687897194,48.490347018168436],[7.470365906954428,48.49031345965584],[7.47029347911531,48.49026050373138],[7.47031987767412,48.49022671132596],[7.47035350547852,48.49018390646414],[7.470397409350029,48.490086742035565],[7.470437461812313,48.489998462781514],[7.470448034303785,48.48995075976096],[7.470288718675197,48.48988828231952],[7.470054485482616,48.489796099194386],[7.470054358020715,48.489796194100066],[7.470046723862144,48.489809997309855],[7.470018162613815,48.48986135135246],[7.469927905657548,48.490023785162286],[7.469927194480968,48.490024983305815],[7.469881215663989,48.490107358501895],[7.469871126743964,48.490125759369015],[7.469854243528341,48.49014396563977],[7.469829768812361,48.490170116716364],[7.469786552457882,48.49021652633852],[7.469713549648884,48.49025063237315],[7.469706505821393,48.49025387112672],[7.46963790828746,48.49028718044994],[7.469602895820572,48.49030579921644],[7.469586297138925,48.49031462389134],[7.469579658656637,48.49031784736912],[7.469577527353946,48.49031828806188],[7.469464201179945,48.49034210906937],[7.469147895337197,48.4904018673744],[7.469143354820303,48.49040266910624],[7.469132157787699,48.4904048928857],[7.469049230357323,48.49042117122481],[7.469016546801182,48.49042735783333],[7.468985859428784,48.49043310883947],[7.46883114780865,48.49046281279395],[7.468724834283263,48.49048303512909],[7.46861853425285,48.490479559483624],[7.468527775822412,48.490477120378955],[7.468491762064247,48.49047604370798],[7.468414021194986,48.49047365495142],[7.468365935740072,48.49047249218121],[7.468276647094785,48.49045071527136],[7.468214673886292,48.49043610924272],[7.468204985791713,48.49043377091291],[7.468195305352171,48.49043152239815],[7.468126392444608,48.490415015131525],[7.468093198019317,48.49040725458934],[7.468068174739827,48.49040152908008],[7.4680575331579,48.49039913653576],[7.467958895818119,48.490375819210655],[7.467899107680593,48.49036140106394],[7.467893152065991,48.49035991332219],[7.467891905364055,48.49035959984559],[7.467879055943936,48.49035674978888],[7.46771489178629,48.49031688744131],[7.467710460776522,48.49031579281021],[7.467676853460097,48.490307957596876],[7.46761295828501,48.490293063209776],[7.467479752934318,48.49026176622142],[7.467346914840657,48.49023000474288],[7.46734422510749,48.49022866433758],[7.467240475456861,48.49017715613246],[7.467187387139491,48.49015068179608],[7.467153404828696,48.49013366994794],[7.467134222141048,48.49011853377123],[7.467103824067391,48.49009426876491],[7.467094803826251,48.490087039590414],[7.467016696503427,48.4900246544667],[7.466977008089724,48.48999317041735],[7.466958682135783,48.489978542588034],[7.466935229094649,48.4899594223477],[7.466886316608791,48.48991990582079],[7.466886181489008,48.48991991090709],[7.466884162344092,48.48992007701743],[7.466810387119744,48.489927629614726],[7.466777312476556,48.48990535746712],[7.466777304824889,48.48990526765114],[7.466788414171216,48.48987655681499],[7.466798529328066,48.48985049641646],[7.46665135674104,48.48973160258673],[7.466648154573337,48.489729019999196],[7.466609555209502,48.4896975849476],[7.466525661719701,48.4896309121204],[7.466506028132748,48.489615252197815],[7.46640362405534,48.489563602562384],[7.466384931452613,48.489554214483896],[7.466323895000628,48.48952353374727],[7.466268974755481,48.489496226939956],[7.466254527030524,48.48948893167372],[7.466215023350217,48.489469153956115],[7.46617084656874,48.48944702919655],[7.466134183032216,48.48942876643075],[7.46611874361172,48.489420967849334],[7.466017189256605,48.48936973644067],[7.465983246081831,48.489353173327714],[7.465977137631601,48.489349889167265],[7.466031240241372,48.48931190147584],[7.46607808734599,48.489281034732095],[7.466111848535069,48.48925885994461],[7.466194353376407,48.48920421520072],[7.466257240805035,48.48916274311008],[7.466315243537714,48.4891228063948],[7.466399593694995,48.489067551407025],[7.465902200351187,48.488613315911245],[7.46586346216607,48.4885881931448],[7.465801611193601,48.48854952356559],[7.465732494548462,48.488506712296264],[7.465645366592358,48.48845295539825],[7.465554804796877,48.48839707506476],[7.465493833815604,48.4883591831563],[7.465475972877485,48.4883484120903],[7.465473831401211,48.48834714111807],[7.465466134816232,48.48834112347421],[7.465437941210332,48.4883188475096],[7.465381742729302,48.488274919187866],[7.465353120900889,48.48825238900716],[7.465286437005643,48.488199934922456],[7.465231523656257,48.48815676911102],[7.465199722903889,48.48813192571087],[7.465171687584682,48.48810991404366],[7.464896587320728,48.48789257281357],[7.464885604770666,48.48788298451268],[7.46486318844996,48.48786328426215],[7.464828458864491,48.48783269421252],[7.464735117727419,48.487750517399036],[7.464709762150403,48.48772813449029],[7.464558072722144,48.48759427074642],[7.464515190797605,48.487558671205655],[7.464451165013145,48.48750557605358],[7.464362184302733,48.48743161458699],[7.46433587559669,48.487409177360554],[7.464319504047148,48.48739519645734],[7.464242803627303,48.48733014370416],[7.464187586171965,48.48728338472752],[7.464133271254904,48.48723767302055],[7.464029475112546,48.4871504827878],[7.463989028464211,48.487116413327136],[7.463946386955868,48.48708044413623],[7.46391441924408,48.48705362441098],[7.463801813634874,48.486958475835486],[7.463693667035842,48.48686793493493],[7.463653965196817,48.48683464828684],[7.463630889517187,48.48681515283351],[7.463615578812261,48.48680248349459],[7.463602457868777,48.48679324583744],[7.463585436595306,48.48678118146628],[7.463585301483281,48.48678118654883],[7.463523292473007,48.48679316027437],[7.463497894391052,48.48677663548687],[7.463498029503071,48.48677663040443],[7.463499934330238,48.486756015035745],[7.463502950871328,48.486726167237826],[7.46334088609393,48.48661684022218],[7.463110072290221,48.48646099222725],[7.463014173670388,48.486396480644316],[7.462993899857487,48.48638282655538],[7.462748327423975,48.48623987726637],[7.462730783856973,48.48622963450551],[7.462656485060359,48.48618638575306],[7.462462996727362,48.48607409467385],[7.462362890515223,48.486015867914496],[7.462254741307904,48.485965061762535],[7.462103225716953,48.48589363065316],[7.462020232312651,48.48585332150885],[7.461939500147181,48.48581409862995],[7.461879443988825,48.485791668484104],[7.461657688624197,48.485708731765094],[7.461498941665105,48.48564946556522],[7.461429647712552,48.485623598182556],[7.461382195042892,48.48560591993646],[7.461330551579116,48.48558677737149],[7.461038693725759,48.48547800247918],[7.460534649932701,48.48531746481433],[7.460372852209232,48.485279666498776],[7.460306885121487,48.48526421558976],[7.460266779251739,48.48525482061926],[7.460045097259635,48.485202964124674],[7.459446749518475,48.485037947501866],[7.459164102886853,48.48496089900146],[7.458997732290341,48.48491552180372],[7.458997597182676,48.48491552688107],[7.458986596511833,48.48501568524888],[7.458984649417942,48.485034229708916],[7.458981692036071,48.48506002044251],[7.458975256313316,48.48511982093452],[7.458973559414994,48.485134932044446],[7.458967894298722,48.48518785568139],[7.458962443556169,48.48523851866365],[7.458950631032008,48.48534825851182],[7.458938603537305,48.48546503452338],[7.458938649362947,48.48546557342417],[7.458940893218899,48.48550630612895],[7.459409530407537,48.48569043675091],[7.459568827983823,48.48575301880461],[7.459585659894851,48.48575968460083],[7.459629148080581,48.48577697192578],[7.459621925205525,48.48578607357059],[7.459613585643656,48.48579638853475],[7.45987891294491,48.485899226059],[7.45993444098161,48.48592101645144],[7.459980873682571,48.485939454432774],[7.460037791104525,48.48596164307515],[7.460110278795359,48.48599000421767],[7.460221470409437,48.48603357967807]]],[[[7.466303398848718,48.50693831610943],[7.46626927257793,48.507077277129376],[7.466262453943754,48.50710546553257],[7.46625531399587,48.50713465715404],[7.466247569692992,48.507166304286876],[7.466189025881042,48.50736880534011],[7.466171751828154,48.50742865274718],[7.466159264187021,48.50747147085711],[7.466153424558226,48.507492053779174],[7.466145672366357,48.50751883564235],[7.466141064399119,48.50753477698489],[7.466137874247709,48.50754507861579],[7.465537608292344,48.50742764155366],[7.465453902657333,48.50741123811373],[7.465423419046881,48.50740517661869],[7.465247857496754,48.507399256393256],[7.46510112693766,48.507394323804725],[7.465048024989307,48.50740289870158],[7.465036319214882,48.507408745164255],[7.465022789988555,48.50741547113691],[7.464998205394485,48.50745477958809],[7.46497717839561,48.50748809754592],[7.464966406060948,48.507514452292206],[7.464956388594866,48.50753852607747],[7.464940036237718,48.50757896650846],[7.464936901948104,48.50758674312293],[7.464930954700663,48.50760129313614],[7.464919067846957,48.50763048297603],[7.464898165689005,48.50766208426522],[7.464877893428567,48.50769312124117],[7.464853754895905,48.50772970978883],[7.464806444294344,48.50780149897276],[7.464774611386234,48.50784963972277],[7.464752398194173,48.507883362644165],[7.464704615506381,48.50795598044753],[7.464704676702867,48.50796147440392],[7.464709496781651,48.50796552793782],[7.464711406960994,48.50796725814588],[7.464810389615884,48.507970383064475],[7.464861653413885,48.507972059031594],[7.464883823267036,48.507972847017804],[7.464971699338706,48.50797611924037],[7.465180554523773,48.50797808452996],[7.465348436421794,48.50797978867404],[7.465686967375828,48.507985434822565],[7.465876973368846,48.5079921626011],[7.466087519643001,48.50799964904614],[7.466182320060172,48.50800779571876],[7.466199669876562,48.50800930542293],[7.466301254207814,48.50801908892336],[7.466493479550356,48.508037535675705],[7.466508154068479,48.50803788455841],[7.466550412805879,48.508038907496875],[7.466765491178757,48.50804387955344],[7.466771874619996,48.50804399976615],[7.467203005651263,48.508052644590265],[7.467262749442691,48.50805517174389],[7.467286429163517,48.50805617277266],[7.467305821834897,48.50805778564446],[7.467624650850988,48.508083629936436],[7.467719538249185,48.50808960965667],[7.46781687397822,48.50809567735938],[7.468020535401682,48.50810828508171],[7.468105522154978,48.50810787943537],[7.468151060605704,48.508107607024414],[7.468210110703894,48.50810835776015],[7.468362005186608,48.50811020892426],[7.46857552854275,48.508082619030695],[7.468778863270451,48.50805640342995],[7.468917648047474,48.50804604289406],[7.469056567935914,48.50803567710733],[7.469353705258207,48.50800908262147],[7.469651160881832,48.50795283153849],[7.469696491499364,48.50794058266779],[7.469803981716448,48.50791148666523],[7.469844986957042,48.50789940060269],[7.469929256900524,48.507874692837675],[7.469984056528061,48.5078351465153],[7.469990949503015,48.50783011149997],[7.470051711488682,48.507763489945596],[7.470057543391552,48.50775714333725],[7.470057535731666,48.50775705352274],[7.470061069821408,48.50775079344126],[7.470089281229526,48.50769999426835],[7.470112288333783,48.50765813104971],[7.470144235102155,48.50760025326574],[7.470158013579812,48.507567837955435],[7.47017012459013,48.507539720274345],[7.470198617240386,48.50747314244643],[7.470225995637198,48.507409399758565],[7.470251318822344,48.50732474045682],[7.470262699291673,48.507286468629104],[7.470267392704142,48.50724610594486],[7.470272109089906,48.50720601270274],[7.470276305571837,48.507169362952006],[7.470275476051516,48.50716281667103],[7.470274273902343,48.50715349122945],[7.470266565825715,48.50709332238486],[7.470266443263385,48.50709188535218],[7.470265876412697,48.507085239076055],[7.470224981890856,48.507001631750654],[7.470191984773335,48.50693430596541],[7.470085987363939,48.50684891538284],[7.470074489884792,48.50683970732247],[7.46989859774228,48.50669793112478],[7.469861901909391,48.50666831749091],[7.469841222901272,48.50665161618168],[7.469820852527983,48.50663535376251],[7.46977236610726,48.50659627274704],[7.469685755909424,48.5065267307674],[7.469660414824561,48.506506240442576],[7.469628516605655,48.50648041062593],[7.469580755024824,48.50641643381332],[7.469540933372978,48.506362880279966],[7.469494842593739,48.50630100299662],[7.469444739912701,48.50623342005741],[7.469404768060086,48.50617969193051],[7.469379193974543,48.506145334458175],[7.46936740036965,48.50612946986078],[7.469354237151854,48.50611185476995],[7.469317185830545,48.50606216139172],[7.469287630515629,48.506022457514824],[7.469255200857889,48.50597925773148],[7.469233450164713,48.505949982251124],[7.469140155565134,48.50582428708273],[7.469116191118647,48.505791310602696],[7.469094672611944,48.505761575841504],[7.469047669692572,48.50569693954284],[7.468974345936712,48.50559554100481],[7.468967255222483,48.50558076075439],[7.468936081627763,48.50551570866486],[7.468907116982058,48.50545588948295],[7.468878912432365,48.505397032810926],[7.468826467139459,48.505287639903884],[7.468817718621167,48.50526931793477],[7.468810921285471,48.505254796938665],[7.46873384441477,48.50508073628629],[7.468487811384031,48.50514991698504],[7.468331427487735,48.505193917530896],[7.468188732372616,48.50523307763724],[7.467925702903409,48.50529217463889],[7.467874077629676,48.505302136975814],[7.467578829927902,48.50534118155946],[7.467430950664737,48.505356117931655],[7.467247317903313,48.50537474235808],[7.467202631050243,48.50537543297806],[7.467154692712001,48.505376155843294],[7.467111911406748,48.50538965943543],[7.467091584716294,48.505408895492096],[7.467070791708011,48.50543697917979],[7.467064220253004,48.505445786259585],[7.467063988205628,48.50544624550679],[7.467063860700302,48.50544634040808],[7.467038837628428,48.50549161272847],[7.466996265453252,48.50556962208741],[7.466971999645381,48.505614235167194],[7.466960394577216,48.50563557576019],[7.466925796057345,48.50569895865372],[7.466866553052059,48.50578183012081],[7.466828064540596,48.50582661795518],[7.466822263077946,48.50583332367413],[7.466811529733333,48.505845801359534],[7.46673641913991,48.50593341457132],[7.46669200140283,48.50598500297083],[7.466628942240046,48.50605810655987],[7.466594898182197,48.50609777139862],[7.466588358312789,48.506140365819064],[7.466589690706988,48.506175095379994],[7.466590637649309,48.50619893700052],[7.466591066582168,48.506213517520216],[7.466592582994227,48.50625995352343],[7.466577298767877,48.506314500235426],[7.466554448826252,48.50639483072186],[7.466525081183175,48.506498923274954],[7.466511211191273,48.50652233127996],[7.466484985972371,48.50656782884708],[7.466474127641373,48.50658679859078],[7.466454762149275,48.5066205048779],[7.466409380379934,48.50669898001672],[7.466382091584921,48.50674631962222],[7.46636376641545,48.50677791437866],[7.466356674523723,48.50679016488676],[7.46635242091778,48.50679753315433],[7.466335853253326,48.50684338811786],[7.466321932522447,48.506882115468215],[7.466316863003643,48.50689582162651],[7.466311166181004,48.50691171385331],[7.466307307936098,48.50692213073648],[7.466303398848718,48.50693831610943]]],[[[7.468679275126465,48.504551993457824],[7.468683783022442,48.504576241685996],[7.468689168463842,48.50460442141246],[7.468695865237643,48.504640030326456],[7.468715779499157,48.50474479131957],[7.468863191685835,48.50518083672909],[7.468921976360014,48.50531846352417],[7.468997322781006,48.50549448137218],[7.46902709774214,48.50554471910479],[7.46909536612501,48.50557251355795],[7.469104972817123,48.50557386382531],[7.469123081949848,48.505576335623765],[7.469143523850558,48.50566341645173],[7.469143404006481,48.505663601169964],[7.469152920006085,48.50567819999566],[7.469165116636851,48.50569720304608],[7.469245634371314,48.50582094648025],[7.469328430345445,48.50595073108918],[7.469403735727427,48.50606899418205],[7.469442404948698,48.506129709291],[7.469470601592946,48.506174149647464],[7.46949504127616,48.5062126945546],[7.469561226839508,48.50629237643068],[7.469775965444423,48.50647152473817],[7.469890434489698,48.506567228726254],[7.470089189105415,48.50673382335814],[7.470173594329086,48.50680452933659],[7.470226700750751,48.506853257448554],[7.470259665971685,48.506883642189145],[7.4703341454448,48.507093931020144],[7.470357693974668,48.507160170947216],[7.47034841141803,48.507285042878244],[7.470347314078766,48.5073023839796],[7.470345679307038,48.507326142632934],[7.470343708487373,48.50735550032688],[7.470339610913852,48.50741079767092],[7.470333391128941,48.50741418550601],[7.470258309852622,48.50745440569861],[7.470113312301114,48.50777189252596],[7.470057854496923,48.50811375905256],[7.47004431217191,48.508112376840586],[7.470031453339132,48.508111058992576],[7.469975299666124,48.508180840782785],[7.469935437869579,48.50823018642925],[7.469891776471632,48.50828427037782],[7.469870875262884,48.50832380164764],[7.469848790864259,48.50836535972695],[7.469820627528227,48.50841831945305],[7.469788975922201,48.508478078127034],[7.469772093083552,48.50850907849425],[7.46974640541275,48.50855608828717],[7.46972012611154,48.50860411147916],[7.469694446007047,48.508651211071786],[7.469643004106981,48.50874604402572],[7.469591477769257,48.5088398889912],[7.469548210549632,48.50891927681063],[7.469485226871223,48.50903301529479],[7.469432590674677,48.5091281633749],[7.469282156589528,48.50932953039456],[7.469132379592356,48.50953384580199],[7.468997634094604,48.50971407825508],[7.468940087708169,48.509788236712424],[7.468879029798389,48.51000092509996],[7.468816905334932,48.51021383375641],[7.468756968053884,48.51041900126523],[7.468752097855227,48.51060362476214],[7.468748074443259,48.510755238784505],[7.468746779901078,48.51080367263856],[7.46874468180882,48.51088403307482],[7.468743369988234,48.51094021640109],[7.468742708553796,48.51096267685635],[7.468741613994738,48.51099119049178],[7.468737300040932,48.51111236071434],[7.468728684361438,48.51134848358157],[7.469223925904728,48.5114152577679],[7.469223933563722,48.511415347582215],[7.469339211461322,48.511431370911154],[7.469846431983257,48.511501836301946],[7.469853012308012,48.51150266977331],[7.47028105833985,48.51156223857227],[7.470531858932793,48.51159631393344],[7.470575518860175,48.51160259884325],[7.470584172806285,48.511603894803194],[7.470619974526881,48.51160867356587],[7.470628153996425,48.511609176466195],[7.470668217310322,48.51161145205983],[7.470816020246323,48.51160813848823],[7.471469162866073,48.5115959736301],[7.471715302099081,48.51159129769697],[7.471790370271834,48.511589010665126],[7.471797820229987,48.511588910245],[7.471821251505159,48.5115885682473],[7.471850089784329,48.511588022570976],[7.471857860968756,48.511586918916215],[7.47187502543778,48.511584650502584],[7.471894735241232,48.51158201589799],[7.47192488140779,48.51157772672185],[7.472050069639159,48.51156048662413],[7.472178200981097,48.51154277510895],[7.472224302629672,48.51153635304104],[7.472259419558384,48.51153151610908],[7.472281269128444,48.51152853052088],[7.472343994479874,48.51151986030101],[7.4723770990923,48.5115152793486],[7.472405383390923,48.511511420601025],[7.472456718479974,48.511504350765335],[7.472466501932566,48.51150299105437],[7.472484597242389,48.51150050727651],[7.472668365921184,48.511475292955375],[7.472773017573787,48.51146053775626],[7.472794859419952,48.511457462259386],[7.472903805928403,48.51144218471486],[7.472911314385117,48.511441180991234],[7.472998005816822,48.51142890434355],[7.473171674239025,48.511404520299486],[7.473171809413531,48.51140451520614],[7.473197225367131,48.51127966604796],[7.473224817781122,48.51114536415428],[7.473341322068617,48.51079443826966],[7.473374871283505,48.51070451276654],[7.473451733347284,48.510499245151365],[7.473575840261207,48.5105313303946],[7.473587628886539,48.51053440016866],[7.473594150640604,48.510536136668165],[7.47364129749239,48.510548325935915],[7.473786479832389,48.51058583385553],[7.474363191659191,48.51067925034771],[7.474373776300386,48.510680923776754],[7.474586845958918,48.51071145697152],[7.474603319715909,48.51071380943635],[7.47459408464324,48.510727943292714],[7.474532756088405,48.51082125895133],[7.474532891261276,48.51082125385643],[7.47453289892927,48.51082134367043],[7.474582745971265,48.510827033490045],[7.474647383400912,48.510834418375495],[7.474830629614111,48.510855533226575],[7.474742049446239,48.51100132504588],[7.474742184619554,48.511001319950736],[7.474742192287933,48.511001409764724],[7.474895348010744,48.51104492306113],[7.475003187401601,48.51107545760661],[7.475118127832911,48.51110815715605],[7.475268361170148,48.51115078902168],[7.47529045965768,48.51115707409718],[7.475303143928927,48.51116110107815],[7.475355549134608,48.51117768672182],[7.475415668859442,48.51119091801052],[7.475415796363622,48.511190823100705],[7.47553360012702,48.51101725850529],[7.475691659280443,48.51078153667111],[7.475781159740435,48.5106481435379],[7.475848735350002,48.510547022935164],[7.475958644621092,48.510382675580594],[7.475972189262039,48.51035549435892],[7.476013791616846,48.51029481809578],[7.476070104172908,48.51020790775941],[7.47609371835107,48.510171606834035],[7.476141974281698,48.510098335494526],[7.476162758478975,48.510067006827406],[7.476180419419214,48.51004039118383],[7.476202858166473,48.51000620692073],[7.476217620156921,48.50998375522166],[7.476253264902641,48.50992636698528],[7.476259353157027,48.50991667657962],[7.476292991410658,48.50986278790556],[7.476328373322513,48.50980549964894],[7.476340697378307,48.509784671610426],[7.476391446779046,48.509699322368704],[7.47644444972194,48.5096101938824],[7.476463782125881,48.509577748539826],[7.476465332208885,48.50957525730034],[7.476493447406791,48.509528154344565],[7.476557486479586,48.50942058896615],[7.476598840861032,48.50935226297379],[7.476603921432367,48.50934188971513],[7.476610424573037,48.50932912012555],[7.476627061067335,48.50929686650868],[7.476637905700914,48.50927618431518],[7.476640016539522,48.50927232037664],[7.476673614986988,48.509192573397925],[7.476676225219137,48.50918661825019],[7.476676890472775,48.50918488120047],[7.476680645259873,48.5091764501016],[7.476700811053287,48.509131539016714],[7.476704229371026,48.50912393153475],[7.476721823260172,48.50908542466318],[7.476770757956785,48.50897725736118],[7.476777273434497,48.50896304563749],[7.476793730342854,48.508927104516836],[7.476800261151308,48.50891307241931],[7.476809978266185,48.50889189209981],[7.476810098090647,48.50889170737433],[7.476810322396343,48.50889115829536],[7.476837381152481,48.50883328265075],[7.476842767397377,48.50882172650307],[7.476848984737191,48.50880878746228],[7.476851819235225,48.50880228322981],[7.476855956454077,48.50879356738822],[7.476880680006115,48.508740104752405],[7.47688262495116,48.508735886649504],[7.476885033847788,48.50873075001621],[7.476888018847813,48.5087244203129],[7.476930172989702,48.508633718342594],[7.476935447042053,48.50862243672855],[7.476941447704071,48.5086101365742],[7.47697375719105,48.50854070982838],[7.476976696138506,48.50853384123784],[7.476976815961563,48.508533656512135],[7.476977055607668,48.50853328706071],[7.477029588685645,48.50841804589713],[7.477035408104267,48.50840521194974],[7.477061042023518,48.508352886255615],[7.477061177189783,48.508352881157826],[7.477068259121366,48.50834054021212],[7.477120837579287,48.50824647155722],[7.47714344441879,48.50820633385338],[7.477180454626699,48.5081411447839],[7.477237277190655,48.50803961760083],[7.477278717595103,48.50796597187754],[7.477350246449244,48.50797787074684],[7.477498374425577,48.50800228804537],[7.477533177395491,48.50800809347945],[7.477701122315232,48.5080359078077],[7.477797267993362,48.50805183353904],[7.477806350048003,48.508053383122785],[7.477846508943665,48.50805997757159],[7.477917068876356,48.50807164234768],[7.477938523011783,48.50807515800904],[7.478069607087551,48.508096883725464],[7.478236718560664,48.50812445844657],[7.478251164185505,48.50812688689748],[7.478258045247513,48.50812806896318],[7.478334111750413,48.50814069710608],[7.478538911218733,48.50817450838853],[7.478594477464344,48.50818367492941],[7.478601282727913,48.50816810058929],[7.478604333583339,48.508160957415136],[7.478632204415766,48.50809674335769],[7.478637177018851,48.50808511260676],[7.478659820198705,48.50803271911753],[7.478690734052473,48.507961272049144],[7.478724018126097,48.507884239224964],[7.478749278736482,48.507825980325144],[7.478776588512858,48.507763138924616],[7.478810371634921,48.507684014844585],[7.478848918235591,48.507593988696975],[7.478866278937711,48.50756864529708],[7.478874480025921,48.507556712507046],[7.478911597641958,48.50750233113906],[7.47894897015844,48.50744775992933],[7.478980058574772,48.50740216585851],[7.479014397243605,48.507351763751586],[7.479048751196881,48.50730154126067],[7.479051282618999,48.507297841601016],[7.47907734639805,48.50726009588867],[7.479077690485795,48.5072593620767],[7.479077682810544,48.50725927226274],[7.479107705048882,48.507213898580375],[7.479117776974476,48.50719847123757],[7.479136768736633,48.507170002713494],[7.479163277943861,48.5071295370587],[7.479165194938161,48.50712658140878],[7.479376407143064,48.506764233903205],[7.479618468131842,48.50613617724739],[7.479155870201556,48.50617174480044],[7.479071817443493,48.5061719430216],[7.479002527874778,48.50617194453936],[7.478911551232672,48.50617204349127],[7.478853390870956,48.50617216561354],[7.478827888605307,48.50617204661206],[7.478775254474007,48.506171779975624],[7.478709830838388,48.506171004731456],[7.478669376501497,48.50617045870472],[7.478618345972856,48.506168329422295],[7.478562133304572,48.50616585501491],[7.478500466450194,48.506166199365715],[7.478393660690296,48.506166714926195],[7.47819405023519,48.506149106731215],[7.478113839218621,48.506143482815666],[7.478116111504161,48.506133575801414],[7.478138428831805,48.50603452094932],[7.47817866816034,48.505872258049656],[7.478215262818033,48.50572923457596],[7.478251555744927,48.50559379115614],[7.4782699266722,48.5055215557835],[7.478273328470235,48.50550106401955],[7.478277438494558,48.505477752322506],[7.478277693464797,48.50547756249585],[7.478278736366603,48.50547707263165],[7.478284722034484,48.50544873446991],[7.478287327704138,48.505436382068346],[7.478290700022264,48.50542030649311],[7.478297618179047,48.50538859931327],[7.478306421382383,48.505348801787996],[7.478307814812484,48.50534289247934],[7.478317825521925,48.505298183797],[7.478327912951063,48.50525437325377],[7.478329581398153,48.50524692180607],[7.478355213540726,48.50512954081056],[7.478366125966192,48.50508110384245],[7.478374662954782,48.5050477137039],[7.478377317595235,48.505037521935684],[7.478391031155417,48.504993304254334],[7.478471411948661,48.50475654256239],[7.478573489843429,48.504456340005675],[7.478573482169449,48.50445625019148],[7.478638645263151,48.50446352273093],[7.478766885749971,48.5044790474403],[7.478767321915596,48.50447939139776],[7.478768059090734,48.50448008441245],[7.478786581443773,48.50448262925524],[7.478845160321058,48.50449060064076],[7.479002950693563,48.50451077673334],[7.479056962033259,48.50451765891647],[7.479141716549136,48.50452887730315],[7.479151593621056,48.50453021655907],[7.479155574551201,48.50453078716682],[7.479251565423829,48.5045433835419],[7.479252434398345,48.504550378844435],[7.479257035551636,48.50458994097781],[7.478981910334713,48.50455175694976],[7.478815153487989,48.50453137853219],[7.47879609816574,48.504528943907246],[7.478772919088981,48.504525853944386],[7.478725683918285,48.50452051803059],[7.478690697233259,48.504515711085105],[7.478690562077035,48.50451571618476],[7.478610191281709,48.50455262768048],[7.478610063799438,48.50455272259424],[7.478458862643401,48.505001647586376],[7.478340568202052,48.50552627914713],[7.478293926094239,48.50571833772584],[7.478208033698549,48.506071540613085],[7.478264392430521,48.506116989090664],[7.478264535264604,48.5061170738056],[7.478284452850688,48.50611848486335],[7.478292233730369,48.50611909235003],[7.478303235438374,48.50611930801283],[7.478338816284167,48.50611994792341],[7.478377659297501,48.506122266821244],[7.478546762776403,48.50612561799524],[7.478716139577709,48.50613058048205],[7.47882856187499,48.50613390737177],[7.479064664891989,48.50613743290456],[7.479148450267502,48.50613886664165],[7.479256251501898,48.50613254620156],[7.479332892083019,48.50612812236896],[7.479454581076809,48.50611929539944],[7.479457411766942,48.50611909847439],[7.47961802085232,48.50610555887352],[7.479852083238867,48.50608996776008],[7.479876281286328,48.50600660962446],[7.479908621994761,48.50589636356746],[7.4801128039728,48.50521233857236],[7.480114796217891,48.5052055055951],[7.48011647510968,48.50519976569008],[7.480262936058653,48.50472092238495],[7.480262800902053,48.50472092748639],[7.480262793225142,48.50472083767233],[7.480033702364755,48.504692992377144],[7.48005821551816,48.50467044226306],[7.480077084176304,48.50465324110204],[7.480101401201819,48.50461411927576],[7.480115719178363,48.504592854985006],[7.480140048476468,48.50455229102228],[7.480196894935384,48.504460672294286],[7.4802043593158,48.50413079065663],[7.480205058509603,48.504062825948935],[7.480229962421559,48.50394808475865],[7.480252331594037,48.503851279793324],[7.480271468883679,48.50376901342588],[7.48040403206216,48.50319743620478],[7.480449653085311,48.502898371071865],[7.4803657976953,48.50289288640698],[7.480365662543421,48.502892891508566],[7.480141800981346,48.50287854509109],[7.480079912365064,48.50287466389355],[7.480020606995673,48.50287086536978],[7.4799797513721,48.50286718139151],[7.479755097769366,48.5028467370808],[7.479753738575387,48.50284669827534],[7.479722323600239,48.50284400946104],[7.479687499130364,48.502841088901576],[7.479684630239698,48.502840836761436],[7.479645531636586,48.50283708635775],[7.479581138287648,48.502830866628656],[7.479540132223488,48.50282700797129],[7.479532479293923,48.50282630564987],[7.479543455903197,48.502784984213854],[7.479558274115861,48.50272991209936],[7.47955813896432,48.50272991720003],[7.479558131288907,48.50272982738577],[7.479502065416545,48.50271950897247],[7.479470254420084,48.50271377150714],[7.479428512968018,48.50270606609943],[7.479400810258078,48.502700804299955],[7.479399706020827,48.50270057566097],[7.47939364122802,48.50269783111054],[7.479311024337271,48.50268779378153],[7.479142232354177,48.502664158969786],[7.479140727346305,48.502662413685925],[7.479076288224092,48.50265565479667],[7.479085046536312,48.50263279831565],[7.479086183161138,48.50263023251438],[7.47911035026561,48.502575077983316],[7.479123375367926,48.502545032377775],[7.47913438216824,48.50251992854514],[7.479161598313087,48.502452855320534],[7.478622671754636,48.50231514941253],[7.478487245620766,48.50228052351257],[7.478416449532119,48.50226283126099],[7.478353676373591,48.50224699875334],[7.478379577006022,48.50220736694187],[7.478279546671584,48.50212680388245],[7.478045934834723,48.501939551776225],[7.478041573437147,48.50193611216808],[7.477918063596679,48.50187589709921],[7.477886903634741,48.501860313347784],[7.477857006070364,48.501845222586034],[7.47779281893849,48.50183187595101],[7.477789371153246,48.50183119508737],[7.477688395118115,48.50180779309886],[7.477687839176578,48.501807633864125],[7.477592364211847,48.50178672738389],[7.477590012970381,48.50178618535593],[7.477585318159488,48.501785191114344],[7.477558496062909,48.50178070662105],[7.477535797495611,48.50177687750105],[7.47750334222625,48.50177152425445],[7.477481327084984,48.501767759446864],[7.477385093286395,48.50175066579291],[7.477367614801832,48.50174763086853],[7.477332379868896,48.5017414813938],[7.477329352886096,48.5017409648513],[7.47724959317472,48.50172784494714],[7.477239415695273,48.50172615646833],[7.477229373365654,48.50172446289063],[7.477176412716978,48.501715558061576],[7.477176007269501,48.501715573355426],[7.477175872120345,48.50171557845338],[7.477060770786533,48.50165378390903],[7.477060832853138,48.50164657326079],[7.47706116508386,48.50160601400087],[7.477012818921233,48.501570174204446],[7.477003412908702,48.501563230584416],[7.476899685440114,48.50152506460325],[7.476606283701506,48.50147269788878],[7.476388054178772,48.50143371409832],[7.476387919030262,48.50143371919536],[7.476272186471866,48.501416909537085],[7.475968641303452,48.501372762863774],[7.475814574464595,48.501851797724015],[7.475726334099968,48.50184097888806],[7.475705573747028,48.50183761695776],[7.475642196170242,48.50182739228553],[7.475565346788731,48.50181659432091],[7.475448690607342,48.50180008898213],[7.475141853236354,48.501788862038104],[7.475104735047704,48.501787648517386],[7.474997187681754,48.501784134656354],[7.474997195349222,48.501784224470974],[7.474997060199676,48.50178422956645],[7.474993727886906,48.501865899044404],[7.474990095520408,48.50195199490982],[7.474978206949179,48.501976320611064],[7.474972894806735,48.501987153124425],[7.474865402657281,48.501981114144975],[7.47444967346359,48.501928398236785],[7.474419375995265,48.50192449457458],[7.474325487319572,48.501912626181166],[7.474270247599971,48.501905608055765],[7.474240370940299,48.501901868693196],[7.474116192587951,48.50188618623315],[7.474063964551001,48.501879505006656],[7.474014215219807,48.50187327094686],[7.47398598339242,48.501869739832024],[7.473924712847747,48.501861957734285],[7.473923210868099,48.501861834141685],[7.473845357246299,48.50185197396569],[7.473830824395828,48.50185008894942],[7.473669221492668,48.501829599503886],[7.473579591784746,48.50181838093961],[7.47357904352061,48.50181831150034],[7.473577669027756,48.5018180929948],[7.473490502714159,48.50180714193259],[7.473490224749761,48.50180706230539],[7.473489954450257,48.50180707249291],[7.47346746030188,48.501804045834426],[7.473393510864128,48.50179385801422],[7.473361538102723,48.5017893865026],[7.473299117565793,48.5017808364982],[7.473256862967923,48.50177504049367],[7.473239986628435,48.501772703106],[7.473196492703403,48.501766683477044],[7.473144496880356,48.50175954258525],[7.473077674983786,48.501750257304536],[7.473045026527675,48.50174581117405],[7.473016215915202,48.50174185112771],[7.472928116325065,48.50172949317566],[7.472743678014423,48.50170355579903],[7.472743415378903,48.5017036557996],[7.472635908027716,48.50169265971107],[7.472403905031362,48.50166860427219],[7.472093401404944,48.50163345001599],[7.471920261282528,48.50161438407717],[7.471813774185912,48.50160262798962],[7.471793204232164,48.50160943991029],[7.471760769638758,48.501620212867635],[7.471724810473873,48.501646886715086],[7.471668704937692,48.50199526813817],[7.471661794893682,48.50203823750992],[7.471628952115887,48.502246082043534],[7.47159921785297,48.50243632935114],[7.471593423838931,48.50247330982902],[7.471593000918144,48.50247629917487],[7.471585601631075,48.502523071296245],[7.47158307666464,48.50253956524226],[7.47157409507636,48.50259639844925],[7.471573641506573,48.502599028535634],[7.471565186712155,48.50264773258559],[7.471557845297046,48.502688826002135],[7.471535823431353,48.50283120806914],[7.471531909823359,48.50285685476536],[7.471520263063381,48.50293171892774],[7.471516772369316,48.50295437627699],[7.471512692943149,48.50297966880259],[7.471507705112813,48.503040406177895],[7.471505375614719,48.50307031815339],[7.471506337881434,48.50313722871112],[7.471507632042178,48.50322710312113],[7.471508924669637,48.503324906678415],[7.47150969969699,48.50338326445785],[7.471510094104278,48.503416497737824],[7.471510779658323,48.50345314397627],[7.471508219390564,48.503453330529446],[7.471479584782475,48.50345621130907],[7.471478497379633,48.50348796865162],[7.471432504463944,48.50349240436435],[7.471423800957963,48.503492101511206],[7.471402586641396,48.50349136891743],[7.471335060370091,48.503492921532796],[7.471191342616265,48.50349617285193],[7.471064450189044,48.50349797929182],[7.470992807981708,48.503498965924386],[7.470828281340617,48.50350146886101],[7.470806707528729,48.503501290321566],[7.470795729382066,48.50350134340854],[7.470664555218851,48.50350222945541],[7.470664562879152,48.50350231927018],[7.470664427724761,48.50350232436071],[7.470614930574436,48.50350382822755],[7.470614795420032,48.503503833318035],[7.470404059037079,48.503511409929885],[7.470067534290369,48.503521020267584],[7.469930898029475,48.50352463409301],[7.469717011914132,48.50353025571887],[7.469716471295905,48.50353027607671],[7.469714451636234,48.503530442233384],[7.469512975437201,48.503520999453805],[7.469425443083404,48.50351690697693],[7.469424354188818,48.503516857875084],[7.469389583452717,48.503514563003044],[7.469362756205476,48.50351160860738],[7.469350431477365,48.5035101805098],[7.46924258190623,48.50349838321106],[7.469120357377117,48.50348496458017],[7.468990329558776,48.50347066828224],[7.468822466221613,48.50345788642632],[7.468821917946642,48.503457816965195],[7.468542990005807,48.50343687201265],[7.468466711304941,48.503431183832475],[7.468466576150518,48.503431188920516],[7.468461036144233,48.503487081228954],[7.468460895996087,48.50348861825855],[7.468454940194246,48.50354281425695],[7.46844964451001,48.50359202972872],[7.468449224063706,48.50359664081708],[7.468449119534954,48.50359700516473],[7.468426726306888,48.50377012536919],[7.468423127359057,48.503796300657385],[7.468420790088254,48.503813418135884],[7.468406449769043,48.503983982567746],[7.468424515970358,48.50407502742781],[7.468434056760761,48.50412332393935],[7.468464618372672,48.50417326189468],[7.468671535051272,48.50451209887003],[7.468679275126465,48.504551993457824]]],[[[7.472894534908377,48.49379954797509],[7.473073122438705,48.493827146429716],[7.473086309410933,48.49382917229916],[7.473252597565873,48.493855612207035],[7.473349014015648,48.49387026902075],[7.473391774937424,48.4938773071614],[7.473434543534308,48.49388443510189],[7.473498938477972,48.49389399155834],[7.473530110992514,48.493898673254314],[7.473562221754504,48.49390322946973],[7.473581160838261,48.49390593949404],[7.473568431575047,48.49394264121329],[7.473568288781676,48.493942556491916],[7.473386950227202,48.49416870561394],[7.47333168521017,48.49423755594873],[7.473321144559481,48.49425065794922],[7.473299306104293,48.49427752121522],[7.473299441234674,48.49427751612164],[7.473299313767757,48.49427761103047],[7.473354649323921,48.494296969993925],[7.473403141282018,48.49431397388018],[7.473500364898286,48.49434761214405],[7.473504278838501,48.49434899637662],[7.47359808317771,48.49438069106048],[7.473648316662407,48.49439744899424],[7.473691721842901,48.49441203150261],[7.473716069980034,48.49442093500013],[7.473777079321922,48.49444323353529],[7.474038161873956,48.49453358686254],[7.474315400608811,48.4946273852103],[7.474376971121048,48.49464831073272],[7.474422825279869,48.49466775638277],[7.474378395713018,48.4947285398274],[7.474275447686756,48.494869289377476],[7.47422174705738,48.494943757685],[7.474216908996918,48.494950607790415],[7.474213620693263,48.494954966656756],[7.474192391916123,48.49498261802991],[7.474200867768,48.494986623481616],[7.474214295534589,48.4949930552607],[7.474307449903273,48.49501711508133],[7.474342759465069,48.495025785404124],[7.474425982277987,48.49504625499252],[7.474546016571216,48.49507551837019],[7.474662171549983,48.495097449254885],[7.474781187404702,48.49511954247065],[7.474895254261836,48.49514083103469],[7.474945319304955,48.49515083699224],[7.47500660516553,48.495158888050035],[7.475017847026423,48.4951603563345],[7.475087004128225,48.49517009283754],[7.475131731996059,48.495176335390106],[7.475194083641584,48.495184165955685],[7.475250818201935,48.49519130726524],[7.475393982037743,48.49521041687511],[7.475502001883709,48.49522121050989],[7.475554108465675,48.49522654391369],[7.4755880938546,48.495229226834],[7.475613218951454,48.49523134284741],[7.475636834588749,48.4952332454689],[7.475672464580662,48.49523613665544],[7.475813822069227,48.49524837586768],[7.475820041830809,48.495229129304896],[7.475842263308673,48.495160713071634],[7.475935711433705,48.49488174003],[7.475952029223583,48.494833099029805],[7.47595802940473,48.4948128695846],[7.475969983744499,48.49477187180206],[7.475969976076391,48.49477178198701],[7.476021395182644,48.49478335829535],[7.476065202315445,48.49482486598238],[7.476233428429206,48.49486600587916],[7.476556033632557,48.494900421304855],[7.476606518423008,48.494905815415684],[7.476840895142053,48.494929411760076],[7.477024539934151,48.49494789337073],[7.477222789690711,48.49496753569299],[7.477394104135317,48.49498449962498],[7.4775269798832,48.49500219273527],[7.477527115015035,48.49500218763689],[7.477527107344231,48.49500209782196],[7.477663425368332,48.49494739722029],[7.477677732487999,48.49480539356661],[7.477708190354204,48.49464773308386],[7.47776364722254,48.49434469197629],[7.477767185981977,48.49433374592555],[7.477824008317474,48.494141932132585],[7.477871321680229,48.49397687766633],[7.477876694359081,48.49395883426277],[7.477984219083361,48.493732128921216],[7.478009850159189,48.493670341249604],[7.47806119607962,48.49357631698148],[7.4781192786942,48.49347546084049],[7.478147218647919,48.49344070744244],[7.47820738605998,48.49345789956199],[7.478241849055782,48.49346777202555],[7.478334835010812,48.493494628279386],[7.478388181804672,48.493509734982645],[7.478388602532527,48.49350989931452],[7.478441018806084,48.49352522131935],[7.478822355204532,48.49363625543372],[7.479234729341443,48.49375512733667],[7.479527023573587,48.49383942516579],[7.479549918379834,48.49384558911621],[7.479602397088559,48.49373629366667],[7.479638302639729,48.49366150309664],[7.479679002274414,48.49358094505591],[7.479696828329016,48.49354206781094],[7.479707028220045,48.493520237890316],[7.479717452312085,48.49349785887734],[7.479735691367289,48.493459056136274],[7.479756025018235,48.49341620971925],[7.479795753718324,48.49333857160815],[7.479834312203715,48.493261518277514],[7.479853308115904,48.49326647777688],[7.479893531057091,48.493277123483324],[7.479921614216427,48.49328372222816],[7.479954819884337,48.49329156926241],[7.480013796232825,48.49330592210056],[7.480073323818784,48.49332196608822],[7.480130686381322,48.493336469898196],[7.480132489086277,48.49333694246999],[7.480135395834721,48.493337643675595],[7.480191384132882,48.49335192902495],[7.480226176062485,48.493360887460724],[7.480255980614897,48.493368592501966],[7.480322002136528,48.49338448130756],[7.480384240129967,48.49340051292204],[7.480441556810902,48.49341447769189],[7.480506227171436,48.493430417411496],[7.4805271840748,48.493436113711255],[7.480568827640099,48.4934475165033],[7.480627248469688,48.493461709812834],[7.48062863812482,48.493462107867934],[7.480641799860902,48.493430524824326],[7.480668963156648,48.49337084110138],[7.480706967711879,48.49328732082047],[7.480790820163652,48.49310736938841],[7.480860530936462,48.49295705563979],[7.480962779965372,48.49273541171863],[7.480989728964547,48.49268591778855],[7.481101983754718,48.492471915164245],[7.481183358076376,48.492316925732545],[7.481200982920109,48.49228364225889],[7.481361072804839,48.492335894634245],[7.48141329990953,48.492350591740454],[7.481434749365554,48.49235888231041],[7.48153160906419,48.49238982471029],[7.481701345674035,48.49244549674313],[7.482120642285454,48.492581937950774],[7.482216278994559,48.492612835904666],[7.482504324553935,48.49270611717093],[7.482916781461318,48.49284020101067],[7.482916908907352,48.49284010609142],[7.48303560456844,48.492715782722605],[7.483427999524875,48.4922871067055],[7.483899316534704,48.49177480300037],[7.484068227591496,48.49159415748362],[7.48405417310801,48.491589912990015],[7.483731285370407,48.491513990694756],[7.483485458798707,48.491456240626086],[7.483316969821419,48.49138502595728],[7.483035633239855,48.49126392121297],[7.48285920696854,48.49118705886044],[7.482828363631117,48.49117353691109],[7.482719850684305,48.491117265788425],[7.482668074105716,48.49109038808795],[7.482552915916307,48.49102932197082],[7.482487482996078,48.49099809438774],[7.482418696656572,48.49096411008213],[7.482291187700659,48.49089810395863],[7.482124423265298,48.49081213545193],[7.482067710768868,48.49078301110689],[7.481916570392215,48.49070537258724],[7.481737432935847,48.49061419427948],[7.481682462074275,48.49058482377467],[7.48153825079253,48.49051052730761],[7.481383898309875,48.49042859432105],[7.481211365719076,48.49061450871886],[7.480922366867069,48.49092547109861],[7.480854091243818,48.490998961719924],[7.480667464173719,48.49116909833606],[7.480415017756807,48.49139866591028],[7.480278737577527,48.4915234703582],[7.480255041395154,48.49154599014218],[7.480213677771564,48.49151880838058],[7.480213550323853,48.49151890329705],[7.480213542648959,48.49151881348204],[7.480106509193391,48.49160674191892],[7.479923667822677,48.491756190313104],[7.479653238145354,48.49197526184323],[7.479421640331755,48.49216493440907],[7.479421505207408,48.4921649395096],[7.479159594560737,48.49210454394088],[7.479159729684953,48.49210453884063],[7.479012394680887,48.49205874024121],[7.478857961447933,48.49201077654617],[7.478327037043204,48.491846459673575],[7.478283446837435,48.49183287699402],[7.478184134843651,48.49180175427145],[7.477860307212153,48.49170044227587],[7.477598122834445,48.491619329672574],[7.477597860258638,48.49161942968467],[7.477504882731369,48.491591040858175],[7.477371041040775,48.49154923642123],[7.477167799210136,48.4914852714672],[7.477061374860324,48.4914518031535],[7.477120777766138,48.49124259180379],[7.477142207015191,48.49116969964559],[7.477218691190921,48.49090812367615],[7.477292167672199,48.49065260796167],[7.477325896534843,48.49051104243598],[7.47735530006967,48.49038549849638],[7.477382562115192,48.49027138852081],[7.477216047968349,48.49028505976769],[7.477049796305005,48.49029863077003],[7.476848566779712,48.49031532323278],[7.476764087289747,48.490322925459914],[7.476663513170783,48.49033095458946],[7.476573465178791,48.490347957421186],[7.47642721408057,48.490375099659296],[7.476300282102683,48.490399891074475],[7.476228545970543,48.490413860154916],[7.476167323271312,48.49042554041924],[7.476145353386541,48.4904317754143],[7.475922219677455,48.49049200207389],[7.475794720915673,48.490527626850735],[7.475738610560081,48.490543619285916],[7.475722238967336,48.49054874200135],[7.475719335318876,48.49054966245905],[7.475611385655625,48.490585630947585],[7.47555224216997,48.490605792390674],[7.475413787568414,48.49065282269036],[7.475371591538659,48.49066666829018],[7.4753360537862,48.490675937750154],[7.47524414756523,48.49069976744891],[7.475124629578239,48.49073202693404],[7.475026174085198,48.49075853626132],[7.474915810550586,48.49078846800314],[7.47482591853905,48.49078825361864],[7.474740906224353,48.490788035368965],[7.474597556995439,48.490788845443596],[7.474529271908938,48.49078925776464],[7.474487126549481,48.49078940525018],[7.474405538255743,48.49078959827964],[7.474337276160949,48.490790279936604],[7.474300160947137,48.490790598111154],[7.474267655186662,48.490790922685754],[7.47421313258889,48.49077946275846],[7.474144546901196,48.490766821051594],[7.474142203853394,48.49076636876616],[7.474090100998382,48.49075625922209],[7.474037105964405,48.490746814024234],[7.474021823933996,48.490744056332424],[7.473936470964639,48.49076367332333],[7.473904715377659,48.490841098885404],[7.473872697117593,48.490918624438216],[7.473760118580489,48.49118155838295],[7.473621518590576,48.49150494196158],[7.473583627466339,48.491594672638406],[7.473576371140671,48.49159224305847],[7.473561866154868,48.4915874737127],[7.473541961079063,48.4915813761634],[7.473576055084097,48.49150115949636],[7.473586514065544,48.491475986519696],[7.473611461096087,48.49141566729809],[7.473621344055666,48.49139168738703],[7.473628094972461,48.49137548441765],[7.473671964334542,48.49127003037919],[7.473697143095388,48.49120925186458],[7.473718076143214,48.49115908550788],[7.473758035896775,48.49106341996524],[7.473785727311517,48.49099714042438],[7.473789098887778,48.49098899402485],[7.473794736061491,48.49097562626139],[7.473859369749145,48.49082280529526],[7.473883754329982,48.49077178792062],[7.473906777984941,48.49072388539606],[7.473787701417147,48.490673951645874],[7.473727381734387,48.49064856366527],[7.473617571164043,48.490603957002115],[7.473576045377141,48.49045090333037],[7.473552004623317,48.49036296669242],[7.473514946187684,48.49022731493211],[7.473255304318712,48.490110686299204],[7.473218544622088,48.49009927717907],[7.473218552284805,48.49009936699461],[7.473218409502457,48.49009928227257],[7.473012704620893,48.49038924331548],[7.473001515596367,48.490409037516876],[7.472975574295905,48.49045452690698],[7.472930636940986,48.490533169886284],[7.472920054498523,48.49055213027207],[7.472912861857685,48.49056474568322],[7.472845466619975,48.49068045707018],[7.472819904630597,48.49072403991813],[7.472736825956444,48.490865661671805],[7.472683918494906,48.490946226788196],[7.472649587271984,48.490998249489124],[7.472643709494759,48.49100721114441],[7.47263006780755,48.49102844929797],[7.472545701673933,48.49115975737824],[7.472539000591091,48.49117019172461],[7.472490497236569,48.49124518446672],[7.472579244325578,48.49127328602364],[7.472760293088365,48.491331427368976],[7.472914729212018,48.49138111060362],[7.473022305580933,48.49141381827079],[7.473029125836825,48.49141590390284],[7.472976627354642,48.4915203313326],[7.472964655925683,48.49154366906189],[7.472958610307991,48.491555430287974],[7.472952901095611,48.49156636789488],[7.472933395597138,48.491604676597845],[7.472919074129464,48.49163224769559],[7.472892297095052,48.49168542736264],[7.472889977739428,48.491690019998074],[7.472881044385295,48.49170765673623],[7.472878276480875,48.49171334752931],[7.472876285870609,48.491717026730484],[7.47286362620641,48.491741832051915],[7.472848968253713,48.491770226756614],[7.472836869249272,48.49179365937697],[7.472806362935934,48.49185238582979],[7.472804402964414,48.491856424291164],[7.472800549184347,48.491863687781674],[7.47278269487942,48.49189751909853],[7.472775048603964,48.49191276460113],[7.472761333631288,48.4919395018692],[7.472756926812146,48.491948227869884],[7.472753791819191,48.49195438301515],[7.472719214902431,48.492021011820185],[7.472715631347787,48.49202826512116],[7.472711800529215,48.49203579805415],[7.472703083670939,48.49205279588016],[7.472668430004267,48.49211852651084],[7.4726359250069,48.492180842285784],[7.472615407005471,48.492219999999584],[7.472583414525532,48.492283557892925],[7.472572261161844,48.49230695482753],[7.472562565604034,48.492326782752954],[7.472543395957612,48.492364267751846],[7.472542812272667,48.49236537100069],[7.47251202808564,48.49242879321763],[7.472474637286388,48.49250534931086],[7.472373480863686,48.49253997729185],[7.47223102462349,48.492543363694665],[7.472223412947304,48.492552660965295],[7.472112959066351,48.492686483357055],[7.471890670348486,48.49303013753633],[7.471716386398506,48.493305665632285],[7.471729445475153,48.49332526676198],[7.471742211323297,48.49334460862729],[7.471910715989796,48.493412955325454],[7.472002024748601,48.49344879991775],[7.472023496150135,48.49345736162593],[7.472055913619426,48.493470286357976],[7.47212655702076,48.4934990705519],[7.472224860012529,48.49353744463516],[7.472244498199346,48.493545174349606],[7.472334116916559,48.49358027145308],[7.472444307362075,48.493624504659145],[7.472497084915712,48.493645672375656],[7.472624891872875,48.49369617951715],[7.472695834004439,48.49372369067432],[7.472713781820474,48.49373067308671],[7.472733998979887,48.49373883142409],[7.472766011410765,48.49375177123831],[7.472801636827266,48.493765746224824],[7.472878356984592,48.49379583273302],[7.472894534908377,48.49379954797509]]],[[[7.489375029543449,48.49565557836712],[7.489432178460101,48.49565485817867],[7.489539831729424,48.495653398766976],[7.489580340665521,48.49565150589248],[7.490231378903837,48.495561639081494],[7.490382006570811,48.49557441142494],[7.490445226616168,48.49557967828614],[7.491383204911281,48.495658437141216],[7.49161679022574,48.49565049782812],[7.491653148464134,48.49564921186303],[7.491738042216191,48.49564635921967],[7.491789407807603,48.49564459531224],[7.491867124153246,48.495641834022074],[7.492438519664829,48.49562245822602],[7.492564590096449,48.49561759573825],[7.492584477583948,48.495617113203096],[7.492715319503221,48.49561414234823],[7.492806772161144,48.495613473480816],[7.492938737019291,48.495612532289265],[7.493031181779414,48.49561236632112],[7.493053953215243,48.495612315154474],[7.493160749319278,48.49561034427462],[7.49327244865163,48.495608638182],[7.493493422619735,48.495605407593224],[7.493524128338869,48.49560460539139],[7.493544408426204,48.49560870320199],[7.49360331836905,48.49562061917694],[7.494138550591469,48.49571550649157],[7.494755983377905,48.4958251191124],[7.494756118510184,48.49582511399443],[7.494780430662405,48.49580824454267],[7.494833561229314,48.49577172189273],[7.494927901696398,48.495542254463125],[7.495011374562906,48.49533941919772],[7.495129399224484,48.49509526825734],[7.495219221581241,48.49490958257508],[7.495303542937842,48.49471824828907],[7.495407289478411,48.494483107615594],[7.495456529100085,48.49438383830091],[7.495405313974791,48.494392085746476],[7.495283451755093,48.494411208856434],[7.495246271059199,48.4944171225056],[7.495243846445338,48.494417304453],[7.495216665981285,48.49441968560032],[7.495208701093945,48.49442007740532],[7.495179941800806,48.494421437081705],[7.495149703792137,48.49442294286762],[7.495023698075119,48.49442852661386],[7.494955917390137,48.49443172466774],[7.494861276889397,48.494436300442246],[7.494831841934875,48.49443768562482],[7.494756968706413,48.494441963146855],[7.49475100764244,48.494442008709946],[7.494737043183321,48.494441996976846],[7.494700183842499,48.49444375342786],[7.494648332909458,48.49444616776387],[7.494622268462416,48.49444733513427],[7.494564313628596,48.4944497102939],[7.494525570173696,48.49445162815317],[7.49451300319849,48.49445210409981],[7.494376870383695,48.49445816080071],[7.494326513537901,48.49446060851713],[7.494290600071975,48.494462329018624],[7.49420270820054,48.494466558582026],[7.49411500958149,48.49446987970697],[7.494061590942539,48.49447298389105],[7.493948001449851,48.49447791608669],[7.493896949272867,48.49448174153187],[7.493887663872117,48.4944825436739],[7.49382738867869,48.494484736021],[7.49376715622688,48.49448584545369],[7.493746852649804,48.494484631956475],[7.493686609870431,48.494480876046346],[7.493668595790429,48.49447948573693],[7.493623630288172,48.49447524141639],[7.493613920661383,48.494474257491866],[7.493610519343827,48.49447411596695],[7.493603836441197,48.494473648172274],[7.493570174766567,48.49447158886832],[7.493561179276832,48.49447102842602],[7.493509990162914,48.49446692961267],[7.493458441858246,48.494463385010384],[7.493423652977139,48.49446082771325],[7.493352971100554,48.49445548457767],[7.493308584648578,48.49445166874199],[7.493299708898502,48.49445092353566],[7.493250697281901,48.4944469223773],[7.493248925211241,48.4944468092608],[7.493197759237959,48.494442979754695],[7.493178783886804,48.49444144555647],[7.493143964244074,48.494438528921584],[7.493040887416709,48.494430087051285],[7.493010361978507,48.49442349368762],[7.492946427237415,48.494409875487094],[7.492945879025064,48.49440980613678],[7.492914504352555,48.494402794374],[7.492851944040049,48.49438939440552],[7.49275128776262,48.49436806568705],[7.492651457732253,48.49434688581745],[7.492636683404331,48.494343750809875],[7.492552843940152,48.4943256598244],[7.492372089392986,48.494287179391364],[7.49228150567806,48.494267901837006],[7.492189126880638,48.494248241638864],[7.492128099524491,48.49423532390616],[7.492066230645611,48.49422207757533],[7.492001327409798,48.49420822522631],[7.491942605023822,48.49419531025962],[7.491874111564848,48.494180692684395],[7.491811011269541,48.49416731262422],[7.491787462327045,48.494161446053525],[7.491661651854009,48.49413449083555],[7.491511400590433,48.494102333356906],[7.491429372426611,48.49408480378805],[7.491347209189498,48.49406727927639],[7.491184129808119,48.49403254331315],[7.491104302379748,48.49401538076682],[7.491023919104321,48.49399805899329],[7.490940501519228,48.493980131152114],[7.490862755022525,48.49396352043713],[7.490831811726747,48.49396153771374],[7.490654139930518,48.49394951914731],[7.490427966024003,48.49393627200352],[7.489631178304083,48.49388640526253],[7.489485886109408,48.49387730481909],[7.489466934144525,48.493876039470024],[7.489434361728762,48.4938740279118],[7.48941241388237,48.49387260557362],[7.489412556701123,48.49387269027595],[7.48937605485008,48.49390236416864],[7.489279589676922,48.493847625228014],[7.48918112855344,48.49379332213834],[7.489172304590419,48.49378842983233],[7.489057558068007,48.493726002489836],[7.488993408763767,48.493690855204655],[7.488971785088855,48.49367896832546],[7.488924778376012,48.49365245339274],[7.488911098671319,48.49364468116665],[7.48885714545222,48.493698532464144],[7.48845463233139,48.49410048826504],[7.488285774157653,48.494303844410865],[7.488085914534969,48.49460748822745],[7.487976758039489,48.49509178599526],[7.4879476032991,48.495232641401245],[7.488048090129452,48.49531534207895],[7.488470925244051,48.495459377270706],[7.488826051584191,48.49557894054652],[7.488870161794354,48.49559060766394],[7.488986215133011,48.49561442085447],[7.489034265113437,48.495621433638306],[7.489071882454449,48.49563010249843],[7.489114889720365,48.49563838725632],[7.489172929672415,48.49565123935001],[7.489203733298251,48.49565791328413],[7.489232029803514,48.49565747364379],[7.489318158581061,48.495656378118625],[7.489375029543449,48.49565557836712]]]]}}]}
