{"type": "FeatureCollection","name": "aoc_geojson","features": [{"type":"Feature","properties":{"dt":"Bordeaux","type_prod":"Vins","categorie":"Vin tranquille","type_denom":"dénomination géographique complémentaire","signe":"AOC","id_app":685,"app":"Côtes de Bordeaux","id_denom":2077,"denom":"Côtes de Bordeaux Cadillac","insee":"33152","cvi":"1R167S","nomcom":"DONZAC","insee2011":"33152","nomcom2011":"DONZAC","id_aire":1452,"crinao":null,"grp_name1":null,"grp_name2":null},"geometry":{"type":"MultiPolygon","coordinates":[[[[-0.276164545697153,44.65299028712917],[-0.276130567814783,44.65307022568126],[-0.276039964888471,44.65328348506409],[-0.276015715921694,44.653339708079145],[-0.275991246261983,44.65339647825615],[-0.275842861813538,44.65374056959203],[-0.275787591424465,44.65386898450816],[-0.275786367396587,44.65387181402017],[-0.275784801934238,44.65387528438134],[-0.275754323412262,44.65393944091462],[-0.275866818496664,44.65396584233816],[-0.275838313997639,44.654079137574705],[-0.275805019293194,44.65419906227266],[-0.275766278080676,44.6543490630962],[-0.275710234517434,44.65455102633139],[-0.275671346830603,44.65469634602173],[-0.275641156799651,44.65478283994901],[-0.275619205066578,44.65484602298591],[-0.275538154763058,44.6550781912518],[-0.275434405497126,44.65537590731947],[-0.275414357991235,44.655421914005615],[-0.275392067255189,44.65547276269311],[-0.275370133618999,44.65552324037818],[-0.275348846230537,44.65557180671491],[-0.275232321573284,44.65583872481125],[-0.275166824534147,44.65598888728599],[-0.275089627224639,44.656165796987224],[-0.275054979183343,44.65624512432168],[-0.274965198467185,44.656450969867095],[-0.274950368769495,44.65647817023169],[-0.274486477999796,44.656324675342574],[-0.274270237672536,44.656253138708436],[-0.274060177659779,44.65618367127523],[-0.27386761787498,44.656119902496144],[-0.273800690631448,44.65609782626848],[-0.2736772531731,44.656056969449516],[-0.273596937529776,44.656030423863974],[-0.273562841025238,44.656121447943555],[-0.27352804988132,44.656217898858735],[-0.273571123108921,44.65625744098493],[-0.273594726044093,44.6562769256017],[-0.273521866083612,44.65643298157683],[-0.273498563365901,44.65649034733818],[-0.273474755379103,44.65655205307808],[-0.273681936538994,44.65660890212961],[-0.273752750700765,44.65662834043074],[-0.27382586992296,44.65664834116883],[-0.274210983126839,44.656753983424],[-0.274344274301702,44.65679058329626],[-0.274610594665219,44.65686361012556],[-0.274720690143693,44.65688990375991],[-0.274905198338476,44.65693237462604],[-0.275139792760172,44.65698732781686],[-0.27514953303277,44.65712444906979],[-0.275131739854036,44.65720489906193],[-0.275106166911012,44.6573209005691],[-0.2750898115732,44.6574499645478],[-0.275063120149281,44.65765529302206],[-0.275129016888273,44.65767046102423],[-0.275122733165588,44.65775345345733],[-0.275117387547573,44.6578894898297],[-0.275114906194259,44.65799228279984],[-0.275117145836954,44.65809376457226],[-0.275107983034682,44.658092504198564],[-0.275095094966763,44.65821389670316],[-0.275109445293967,44.658217526356026],[-0.275090734823446,44.658334315772315],[-0.275187167675236,44.65841651830666],[-0.275178129747581,44.658556358386804],[-0.275173439781952,44.6586276801189],[-0.275162632394999,44.658789197778965],[-0.275159007921473,44.65883976384363],[-0.275151189074272,44.65895280669395],[-0.275147942722174,44.65895776851368],[-0.275172481028187,44.65904975955207],[-0.275116040775581,44.65916685563475],[-0.275080446968896,44.65924080473727],[-0.275000010192285,44.65937293819472],[-0.274998224864308,44.65937263065488],[-0.274994242206704,44.659382299730154],[-0.274809194117243,44.65934588174741],[-0.274559198455756,44.65929327583508],[-0.274422916776206,44.659263972952644],[-0.274184977160037,44.65921677589881],[-0.273912770777983,44.65916212311348],[-0.273885256379319,44.65923826538895],[-0.273597034449123,44.65916219057541],[-0.273415233932549,44.65912297102062],[-0.273178184335623,44.65907151057479],[-0.272796430224078,44.658997842075344],[-0.272536906267332,44.65894848718674],[-0.272341359038411,44.65891165507515],[-0.272275592852391,44.65889657162569],[-0.272086423011265,44.65885216175421],[-0.271853000484323,44.65879572555608],[-0.271404308127796,44.658688892288964],[-0.271139067254525,44.65862582723655],[-0.270937376134837,44.658578812439515],[-0.270786187033698,44.658542737822025],[-0.270630955305004,44.658521830053715],[-0.270499935952956,44.65850263872847],[-0.270304713339036,44.658477867521746],[-0.270171825058527,44.65847431918447],[-0.269918309761053,44.658467490157975],[-0.269654680762032,44.65844519132769],[-0.269417437958313,44.65842508511812],[-0.268710793413561,44.658365334012124],[-0.267900245229922,44.65829675559154],[-0.267922124092095,44.658040662792885],[-0.267938426734711,44.65785600744289],[-0.267954695070129,44.65766423486269],[-0.267975524399321,44.657448810224665],[-0.267997974892558,44.657222164729205],[-0.268012007796406,44.65709848709419],[-0.268015798230594,44.65704196968573],[-0.268041406721405,44.65685235388946],[-0.268060800656924,44.656699233864856],[-0.268077286314422,44.656602605171045],[-0.268101075987334,44.656446922401],[-0.268122815367936,44.656312474771056],[-0.268154035389962,44.65611079933144],[-0.268172974239599,44.65599553661481],[-0.268195063864218,44.655849725476315],[-0.268222779811441,44.655681221928226],[-0.268227440116577,44.65562882362309],[-0.268251263200188,44.65548025811321],[-0.268272243432444,44.6553523204379],[-0.268290206464999,44.65523330218103],[-0.268326534694342,44.65503048459117],[-0.268334677954432,44.65497284738169],[-0.268366589854771,44.65478529787429],[-0.268392001310427,44.65462713434316],[-0.268439069659148,44.6543853444734],[-0.268489139111198,44.65410391006176],[-0.268521746234395,44.65396751925985],[-0.268609828680861,44.65370379283052],[-0.268721951093001,44.65341493731401],[-0.268799998257016,44.65322629403098],[-0.268865901242959,44.65306549157676],[-0.268870760623637,44.65304264160847],[-0.268901199116839,44.6528101735034],[-0.268911868383949,44.65271777142079],[-0.269310220135215,44.65272590559779],[-0.269417278192646,44.652728326218046],[-0.2694316897664,44.6526373451696],[-0.269484498093584,44.65264245123141],[-0.269511071815366,44.652497858836306],[-0.269516389389045,44.65246985933764],[-0.26910322470931,44.652423959728516],[-0.269118092132216,44.652306024072814],[-0.26906816158838,44.65230047233698],[-0.269062483709559,44.65233749289195],[-0.268971553166206,44.652328017479206],[-0.268996682154489,44.65215850908329],[-0.269003533599251,44.65209820692269],[-0.269033036876337,44.65204975947882],[-0.2691112902955,44.652049608103894],[-0.269274111270702,44.65205587629763],[-0.269384988767701,44.65206322980888],[-0.269509274459593,44.652075412741596],[-0.269634062120879,44.65209406820338],[-0.269845680185368,44.65213637582988],[-0.270369165074584,44.65227136630813],[-0.270448672803297,44.652290639439656],[-0.270752043947904,44.65231959883702],[-0.27095916515815,44.6523409529902],[-0.270930362442977,44.65243839707059],[-0.270903115571814,44.65253002843147],[-0.270877021732679,44.65261108345708],[-0.270835884105974,44.65274610556718],[-0.270806295430949,44.65285393487853],[-0.271095700409925,44.652892317056924],[-0.271335212510185,44.65299101299117],[-0.271583548184938,44.65304817949047],[-0.271492213951423,44.65317306379825],[-0.271423990925964,44.653250319747734],[-0.271391987656186,44.65328829964484],[-0.271287079411085,44.65339682598594],[-0.271248628251415,44.653434636203116],[-0.271312426400214,44.65345941944423],[-0.271312683656153,44.65345950193685],[-0.271262783289726,44.6535066613707],[-0.271223105170963,44.65353856098666],[-0.271136205445281,44.65359636615416],[-0.271059937324382,44.65363943998744],[-0.271124423162363,44.653665194146285],[-0.271401357142398,44.65377350530017],[-0.27154064071002,44.65382867266933],[-0.271592657036424,44.65383533297778],[-0.271687035217563,44.65361070293912],[-0.271676598651554,44.65360488467146],[-0.271667296384908,44.65361642300298],[-0.271564392181018,44.653570361126306],[-0.27155635975535,44.65356681442396],[-0.271564780678283,44.65357052983932],[-0.271667643088758,44.65361587211649],[-0.271676194480915,44.65360444610918],[-0.271686893528263,44.65361043681851],[-0.271762220370638,44.65364244743426],[-0.271744544360196,44.65366847008288],[-0.271816086846519,44.65369617753364],[-0.271824992231,44.653695193159905],[-0.271904934860892,44.65372625614907],[-0.271979989671669,44.65375575175046],[-0.271997150462729,44.65373172660783],[-0.271980472839603,44.65375537703332],[-0.272059314077225,44.65378268812234],[-0.272088468629568,44.65371740055787],[-0.272277063906544,44.65370875527217],[-0.272284767137924,44.65366969223011],[-0.272121288081075,44.653615241879905],[-0.272120899581836,44.65361507316886],[-0.272139057334714,44.6535930007957],[-0.272126657330068,44.65358597921611],[-0.272139352104933,44.65357199772123],[-0.272160431271427,44.65352415909727],[-0.272237802491227,44.65355007188448],[-0.272461564122001,44.653623101398054],[-0.27276645180625,44.6537236437513],[-0.272999135286858,44.65379812010823],[-0.272985667919907,44.653679310466664],[-0.273024096067956,44.653567254143894],[-0.273035811537744,44.65352338682057],[-0.27262565156402,44.65337730495534],[-0.272507855046529,44.65333564936877],[-0.272443719664181,44.65331376013303],[-0.272151909653405,44.653210126803444],[-0.272141084000941,44.6532063023957],[-0.272093083270406,44.65313185504391],[-0.272137535686763,44.65307350328513],[-0.272178590214149,44.65301750468559],[-0.272199079951018,44.65299211952057],[-0.272265487146054,44.65301835676221],[-0.272302436646196,44.65303294132719],[-0.272500641336869,44.65310717763657],[-0.272662358508582,44.65316825716624],[-0.272675745843128,44.653155336359106],[-0.272732458326754,44.65309508965404],[-0.272758372312928,44.65306747140724],[-0.272779674199855,44.65304737825251],[-0.27281480232739,44.65302192005527],[-0.272823141995164,44.65301554607307],[-0.272853925804881,44.65297832266839],[-0.272853280051842,44.65297807147091],[-0.272894020817022,44.65291451309327],[-0.272780125115582,44.65287697726214],[-0.272825035413573,44.652811313185786],[-0.272880957724837,44.652720093835796],[-0.27295309422463,44.65274282718893],[-0.272989416063141,44.65269012202828],[-0.272989542077443,44.652690118297734],[-0.27333051437318,44.65212786303984],[-0.273589851379481,44.65211153436434],[-0.273698716679596,44.652105968100315],[-0.273730014937016,44.65210585226692],[-0.273764899058815,44.65210662139178],[-0.273796732180673,44.65210919283746],[-0.2738470410596,44.65211473124397],[-0.273918434291516,44.65212685362473],[-0.274201856459029,44.6521687386551],[-0.274416616048127,44.65219769923914],[-0.274511899715133,44.65220821262421],[-0.274589222099536,44.65221592405403],[-0.274724374597168,44.65221957979077],[-0.274954177134687,44.652227189504316],[-0.274875584912596,44.65237134218237],[-0.2751741943656,44.65245512408094],[-0.27525158383298,44.65230983543846],[-0.275293001517122,44.65223409192289],[-0.275402948211833,44.652229753411454],[-0.275582859759314,44.652217304890456],[-0.275674162177641,44.652211446090824],[-0.275781342695705,44.6522029542417],[-0.275938872251772,44.65218549171441],[-0.276019511026944,44.652178597033085],[-0.276099875438914,44.65217783753853],[-0.276161448226097,44.652177364528576],[-0.276206591787428,44.6521787299121],[-0.276299729217551,44.652184890238516],[-0.276420813126504,44.652200584318756],[-0.276461639979948,44.65220586192264],[-0.276467488895267,44.652206589631426],[-0.276501957557205,44.652211064500044],[-0.276357414803377,44.65254296867652],[-0.276295128629606,44.652687450190065],[-0.276170103578971,44.65297732756918],[-0.276164545697153,44.65299028712917]]],[[[-0.275270813269556,44.64982904737021],[-0.275270186972178,44.64983564355558],[-0.275269555445001,44.64984214979138],[-0.27525947538441,44.64993147170029],[-0.275235979205945,44.65018734383873],[-0.275220902760371,44.65033619266697],[-0.275181995152877,44.650711279192],[-0.275166407154448,44.650868703122015],[-0.275156469947208,44.65095180359962],[-0.275155764679862,44.65095921306694],[-0.275147537510261,44.65107172707877],[-0.275139332947834,44.651199828514436],[-0.275111987231021,44.65165873027134],[-0.275102346491569,44.651820753598045],[-0.275086475947522,44.652129651762586],[-0.275084085115921,44.65216017794149],[-0.275084278610101,44.652163506079695],[-0.274936230555277,44.65216167445354],[-0.274853388748541,44.6521589023032],[-0.274769433749322,44.65215652348278],[-0.274656549616645,44.652149414986816],[-0.274574627579446,44.65214292109795],[-0.274434301455384,44.65212626314756],[-0.274177057022581,44.652089550358134],[-0.274003529212878,44.6520641438495],[-0.273841913618484,44.65204388070354],[-0.273749066416569,44.65203401544309],[-0.27373451799979,44.652031292582535],[-0.273651107990731,44.65203394263615],[-0.273513853352862,44.652039718716594],[-0.273401559113785,44.652047098312515],[-0.273257367337742,44.65205731438118],[-0.272896419318905,44.652086742088784],[-0.272835648535929,44.65209232549761],[-0.272683774378514,44.652105020846356],[-0.272492531222588,44.65212014277572],[-0.272239198850838,44.65214205783078],[-0.272265469332387,44.65202279291411],[-0.272150256701001,44.652008182022826],[-0.27212341720096,44.6520046513727],[-0.27206444629185,44.65199558416673],[-0.271821290047928,44.65196232349762],[-0.271759089287986,44.651956325162175],[-0.271709968377307,44.65194732669277],[-0.271613731721652,44.65193125265031],[-0.271589281308983,44.65192756107016],[-0.271555300950845,44.65192496243116],[-0.271472334929322,44.65191786642784],[-0.271372961809577,44.65190864282126],[-0.271270179208692,44.651905917422724],[-0.271358339544064,44.6516264179613],[-0.271182046085436,44.65155333361755],[-0.271227522601545,44.65147566960905],[-0.271010555486128,44.65139991400751],[-0.270758731674139,44.6517303885923],[-0.270687384916692,44.65169078099983],[-0.270585726104258,44.651655223741926],[-0.270486551321151,44.65160157203973],[-0.270494068440101,44.65158972620476],[-0.270372408602411,44.651511870760416],[-0.270386921759716,44.651724898668355],[-0.270420898770309,44.65220360925874],[-0.270312032122783,44.6521787170434],[-0.270057823503615,44.65211379238615],[-0.269907514215414,44.65207516824138],[-0.269801340601675,44.65205316933128],[-0.26966497828181,44.65202647667046],[-0.269609667343816,44.65201739002954],[-0.26957578764656,44.6520121747809],[-0.269537649617017,44.65200753597664],[-0.269434916789394,44.65199696832175],[-0.269403299412488,44.65199375851844],[-0.26933221459863,44.65198910279625],[-0.2692923795618,44.65198784795124],[-0.269088720137018,44.65198260715049],[-0.268893110662517,44.65197469514358],[-0.268886137418236,44.651961115366696],[-0.268869797464601,44.651947091703484],[-0.268841514621366,44.651927384166555],[-0.268811392313051,44.651912957059174],[-0.268784434509006,44.6519030316997],[-0.268761014020074,44.65189750696324],[-0.268750062090743,44.65189584847633],[-0.268741745245491,44.65189609437353],[-0.268728413984838,44.6518969390479],[-0.268709185470603,44.651900571102345],[-0.268685504001432,44.651905776476426],[-0.268661958229693,44.65191332054481],[-0.268635964513253,44.65192436094476],[-0.268620693073107,44.651933102040395],[-0.268611082522695,44.6519393330588],[-0.268609179635569,44.651945696617446],[-0.268608241594394,44.65195563582191],[-0.268503674125945,44.65192214495995],[-0.268387274295482,44.65188269650393],[-0.268384876663065,44.65183266940998],[-0.268373147805954,44.65183067343767],[-0.268307500537218,44.65181747661979],[-0.268216059538954,44.651799185489],[-0.268161956998769,44.65178916137397],[-0.268132126913052,44.65186897450554],[-0.26812533171602,44.65188674570625],[-0.268077547719603,44.651870317574],[-0.267990364487129,44.65183838475787],[-0.267892046055703,44.65180380757631],[-0.267749545345849,44.651753957045074],[-0.267703504875816,44.65173711680789],[-0.26761530874403,44.651705123544005],[-0.26757991964312,44.65169346480325],[-0.267541573293828,44.651685227310615],[-0.267501545466822,44.65168064367009],[-0.267447294693268,44.65167458817985],[-0.267421773160915,44.651672008597345],[-0.267391042586516,44.65167102462471],[-0.267355901579416,44.65167017098823],[-0.267309093591825,44.651670563180794],[-0.267141061665315,44.651674537799],[-0.266826320748152,44.651680144220954],[-0.266599226248926,44.65168433146064],[-0.266707178513586,44.65123638753517],[-0.266946301959005,44.6511849903896],[-0.267249348772212,44.651119269227685],[-0.267337872400661,44.651100344192976],[-0.267401732723564,44.65108710372887],[-0.267449913880554,44.651077750583234],[-0.267514870141789,44.651068171934405],[-0.267573445985289,44.6510617552653],[-0.267672823290725,44.651053682087465],[-0.26781206255856,44.65104298891365],[-0.268017615603141,44.651028713470886],[-0.268081006625881,44.65102044221297],[-0.26811372925219,44.651014429071054],[-0.268131566164572,44.65101074814653],[-0.268163003348002,44.65100215996606],[-0.268194777574124,44.650990678477434],[-0.268218439363404,44.650980788361835],[-0.268234860360488,44.65097228364862],[-0.268258696643084,44.65095887430052],[-0.268285883781518,44.650942302343445],[-0.268314511496712,44.65092010132927],[-0.2683468278559,44.65088968187839],[-0.268373663103203,44.65085834320656],[-0.268392643163242,44.65082867842271],[-0.268419652947179,44.65077859289775],[-0.268428400121998,44.650733552492746],[-0.268432605519119,44.65071901148723],[-0.268447466678753,44.650426904738694],[-0.26845827722158,44.65018681779936],[-0.268464277310203,44.65002481323994],[-0.268473409203981,44.64981018534614],[-0.268478736429964,44.649695325196845],[-0.268483947460292,44.64955235597744],[-0.268487241884359,44.6494851309519],[-0.26848998666541,44.64944324145624],[-0.268494550755959,44.64939354921237],[-0.26850018915635,44.64936454917063],[-0.268511834965183,44.64931726057549],[-0.268536578873703,44.649243364407816],[-0.268562236776045,44.649183046944025],[-0.268588332260711,44.64913244778863],[-0.268632662183638,44.64905022355361],[-0.26865859425435,44.64900116098329],[-0.268726409603886,44.648884273036934],[-0.268765050225114,44.64881059665282],[-0.268784675071513,44.64876595543888],[-0.268797507514359,44.648732597875615],[-0.268822930766536,44.64865084249089],[-0.268836931477877,44.648594113396214],[-0.268875728869972,44.64841437971858],[-0.268935099549875,44.64814762778708],[-0.268939209196383,44.648135792723515],[-0.268943954821141,44.64812186645811],[-0.268953126991586,44.64810591711216],[-0.268973172798966,44.64808811445971],[-0.268991680506364,44.648085134369396],[-0.268992305308247,44.64808502578962],[-0.268994557726695,44.64808468887227],[-0.269011311074983,44.6480841033641],[-0.269052087276892,44.64808857414585],[-0.269091731821874,44.64811704608798],[-0.269101654937073,44.64813143962955],[-0.269105113006048,44.6481366535163],[-0.269119359839395,44.648158127532696],[-0.269134361148064,44.64816867663094],[-0.269148613117092,44.64817501299011],[-0.26916188983286,44.64817759381198],[-0.269163149877528,44.64817755655014],[-0.269170594580564,44.648177516604605],[-0.26922246071245,44.64817733437418],[-0.269258060375471,44.64818177795675],[-0.269308043259951,44.64819264409004],[-0.26932915691799,44.64819976865086],[-0.269360354717378,44.64821101008914],[-0.269409293243754,44.64823650394316],[-0.26941072627555,44.64823727250035],[-0.269434153587853,44.648249464557196],[-0.26946239446873,44.64826412727232],[-0.269491076543738,44.6482624680723],[-0.269526804435581,44.64826042027589],[-0.269544961184353,44.64827096610363],[-0.269555186296549,44.648277511612264],[-0.269565679081695,44.6482843195161],[-0.269579048381194,44.64829284442865],[-0.269600618432107,44.64830130700509],[-0.269632336022327,44.64831280330978],[-0.269648185804718,44.648314046514976],[-0.269658454835267,44.64831482404639],[-0.269724836322235,44.648318987796415],[-0.269767126929264,44.648316926026816],[-0.269790789715923,44.64831577562308],[-0.269827141023692,44.64831794418945],[-0.269937680915689,44.648323955343145],[-0.270032510954816,44.64835070453141],[-0.270071511529851,44.648359372262895],[-0.270100911032197,44.64836354845917],[-0.270177765290966,44.648371997468516],[-0.270278484641553,44.648387129002],[-0.270316231824701,44.64839159882738],[-0.270334140866286,44.64838917684828],[-0.270390991994198,44.64838136795508],[-0.270463950835772,44.6483727220934],[-0.270470127572744,44.648381279475814],[-0.270475135074891,44.64838491571436],[-0.270477896057774,44.648386816327964],[-0.270482504658831,44.64839010395018],[-0.270505361719772,44.64839681630031],[-0.270513625143175,44.64839783329531],[-0.270526335291019,44.648399349467304],[-0.270528372256787,44.64839964962255],[-0.270611749574782,44.64840087722269],[-0.270655897604608,44.64840254454139],[-0.270697577761847,44.648405185898774],[-0.270737708638488,44.64840940485005],[-0.27077753273921,44.648403991706914],[-0.270834022139692,44.64839430109718],[-0.270851568147198,44.64839432258995],[-0.270890313638424,44.64839641997291],[-0.270993734193685,44.64840372197291],[-0.271017459664553,44.64840365070367],[-0.271070204124032,44.648399026514696],[-0.271139516572421,44.648399318317736],[-0.271158190748294,44.648401378778345],[-0.271174674530021,44.64840701811659],[-0.271182128402112,44.648411482979476],[-0.271196915367983,44.648420506381974],[-0.271205287839063,44.648425574791936],[-0.271266346727557,44.648461972248285],[-0.271317989894629,44.64848837640711],[-0.271324231395091,44.64849152557231],[-0.27132870360256,44.64849463698859],[-0.271334241306565,44.64849870802246],[-0.271338125922884,44.648500395157264],[-0.271344467314527,44.64850309084402],[-0.27134930773915,44.64850384865175],[-0.271358862583732,44.64850536799527],[-0.271372754479462,44.64850549753722],[-0.271395252571716,44.648501678127865],[-0.271408216709491,44.64849669917443],[-0.271436204131897,44.64848307615603],[-0.271470382649574,44.64844782509632],[-0.271480748318041,44.648441571464886],[-0.271497997241536,44.6484343031987],[-0.271511102389898,44.64843175287584],[-0.271523529860999,44.64843057417048],[-0.271574174769033,44.64844196033474],[-0.271583019955013,44.64844647410213],[-0.271591554397968,44.64845433092419],[-0.271592100206915,44.64845503560614],[-0.271593060596262,44.64845635874924],[-0.271608930851852,44.648477514122014],[-0.27162123436941,44.64848724169545],[-0.271640912820162,44.648502247376136],[-0.27166499940666,44.64850621997629],[-0.271675194732934,44.64850790054674],[-0.271724265625981,44.648516089472345],[-0.271750352002394,44.648521895061364],[-0.271811697022636,44.64853278424105],[-0.27183248848949,44.64853000639837],[-0.271911264431483,44.64852154783582],[-0.271931615183703,44.648517701765996],[-0.271949183997413,44.64851159531673],[-0.271958998586212,44.64850454701042],[-0.2719720220096,44.648494069870914],[-0.271991088442113,44.64848332376885],[-0.272019660843053,44.648479774969324],[-0.272090561967666,44.64848785823531],[-0.272142504895493,44.6484955114478],[-0.272201098751289,44.6485068422609],[-0.272216553729454,44.64851215148255],[-0.272234717512267,44.648518461774955],[-0.272245982370242,44.64852551689613],[-0.272248213275993,44.64852698263599],[-0.272250213070617,44.64852881563395],[-0.272258217475144,44.64853623757517],[-0.272268268700271,44.648546302060716],[-0.27228042605324,44.648553510969776],[-0.272296112162739,44.64855845292215],[-0.272305551486591,44.64856015581305],[-0.272312948605053,44.64856146863112],[-0.272339213925332,44.648566007326195],[-0.272460424205246,44.64858620693388],[-0.272539217845584,44.6486084729848],[-0.272545249819294,44.64861018661641],[-0.272575395646105,44.64863155000424],[-0.272581321919897,44.648635789685045],[-0.272584351271507,44.64863579011277],[-0.272728048330095,44.64863676226616],[-0.272763340252592,44.64863589769077],[-0.27277244339221,44.648638331330105],[-0.272783347185312,44.64864134239205],[-0.27283029421996,44.64866076665317],[-0.272838503109894,44.64866953406744],[-0.272841337345779,44.6486726939176],[-0.272849687921568,44.648681727449684],[-0.272866668985377,44.6486937492324],[-0.27288636064138,44.64870028450239],[-0.272887646823999,44.64870069694644],[-0.272906576639911,44.64870932716814],[-0.272922005024866,44.64871634906572],[-0.272941982945308,44.64873215660229],[-0.272947279229922,44.6487364149161],[-0.272954297200208,44.648742063927735],[-0.272983746455778,44.64875795146733],[-0.27298452339247,44.648758288882746],[-0.273001594515207,44.648767514744456],[-0.273015405759651,44.648774944925044],[-0.273028456330458,44.64878014501534],[-0.273028582336016,44.648780141284746],[-0.273067471599656,44.64879556910836],[-0.273112918981851,44.648808730350076],[-0.273133020658421,44.64881363155983],[-0.27314413528427,44.648813753005236],[-0.273157796730722,44.648812087060584],[-0.273177749157424,44.64880572963215],[-0.273194335436691,44.648802265101274],[-0.273205675940307,44.64880192933066],[-0.273225867618558,44.64880403462266],[-0.273238924015839,44.64880716211533],[-0.273257953795171,44.648815338798165],[-0.273271135056938,44.64882278760122],[-0.27327974410642,44.64882757854427],[-0.273293313843732,44.64883519605139],[-0.273371818532516,44.64888071702326],[-0.273430338856353,44.6489146655898],[-0.273465311122271,44.64893219156003],[-0.273546627615059,44.64896744735995],[-0.273609582051358,44.6489908124267],[-0.273620810587205,44.64899723776162],[-0.273622945784501,44.649003571948455],[-0.273622214205217,44.64901053165226],[-0.273619193049668,44.649019361242935],[-0.273583984890324,44.649060770593614],[-0.273580751285272,44.64907897733391],[-0.273643029387514,44.649160209455594],[-0.273686235218334,44.64917388737502],[-0.273692708588113,44.649174506623346],[-0.273701465754437,44.64917532855582],[-0.273728855631148,44.64917749091769],[-0.273765318524741,44.64917722208742],[-0.273789578600853,44.64918200004131],[-0.27380714988654,44.64918679585907],[-0.273811507286375,44.64918792828373],[-0.273812153000264,44.64918817947523],[-0.273834889451035,44.64919714734335],[-0.27384027581299,44.64919860971335],[-0.273852944412206,44.649199405906465],[-0.273861129603469,44.64919907340713],[-0.273863392492026,44.64919891628979],[-0.273869015735534,44.649197938823576],[-0.273874019401409,44.6491971599141],[-0.273886075298301,44.649191757041606],[-0.273905339695217,44.64918659121569],[-0.273925108114183,44.64918141045996],[-0.273939312433063,44.64917170904831],[-0.273968047346052,44.649149233005595],[-0.273987481183441,44.64913829546249],[-0.274077115643971,44.649127711706065],[-0.274119233642483,44.64912484245708],[-0.274169904377981,44.649121449575],[-0.274235762747036,44.6491231032255],[-0.274305342732553,44.649127980475306],[-0.27433652848133,44.649130300574114],[-0.27434900779711,44.64913218356988],[-0.274357403163145,44.64913112397277],[-0.274371054724925,44.649127115456096],[-0.274374651396271,44.64912601777886],[-0.274386014990702,44.649117391594565],[-0.274406252885503,44.649102916086164],[-0.274434796191447,44.64909017687334],[-0.274488845005289,44.64907758323702],[-0.274556665581741,44.64906304987567],[-0.274569859621772,44.649062028332985],[-0.274576317302989,44.64906237768076],[-0.274596524811246,44.649064752571554],[-0.274603816435619,44.64906859129017],[-0.274615663631394,44.64907914300866],[-0.274616199027118,44.649079667776654],[-0.274617285504219,44.64908098716141],[-0.274623799139338,44.6490888135202],[-0.274660451827496,44.64912872536643],[-0.274685460736857,44.64916375604809],[-0.274697799463716,44.649182763020306],[-0.274716144158537,44.64920303375692],[-0.274726306261658,44.64921282444036],[-0.274736684296508,44.64921981548781],[-0.27474754021589,44.649226341856156],[-0.274758197444126,44.64922945013879],[-0.274765132512069,44.64923149732021],[-0.274771942089257,44.649231385710905],[-0.274774719459988,44.6492313935438],[-0.274787997196719,44.649231811168555],[-0.274792974708723,44.64923058246954],[-0.274803050509672,44.64922803138864],[-0.274814843853519,44.649222455980905],[-0.274823550294463,44.64921589076008],[-0.274824605918908,44.64921450792249],[-0.27482895965146,44.64920906278895],[-0.274830546471585,44.64920378972302],[-0.274835885185669,44.649184889843184],[-0.274837702588847,44.64918141203635],[-0.274854275237991,44.64916902731606],[-0.274880775208853,44.649160223008174],[-0.274902024230166,44.649154457587976],[-0.274925629744125,44.64915231663998],[-0.274957272495147,44.64915381208652],[-0.275016908543837,44.64915916367769],[-0.275035468070395,44.649159244593534],[-0.275044861523976,44.64915581265924],[-0.275065523337564,44.64914646042314],[-0.275070291161416,44.64914379625135],[-0.275093526389426,44.64913094380194],[-0.275119975517067,44.649114752372824],[-0.275144994723473,44.649106532494926],[-0.275176327918519,44.64910704589948],[-0.275236777997678,44.6491112018963],[-0.275266341384233,44.64911384011201],[-0.275336710836724,44.64911058392056],[-0.275336400310747,44.64911392698733],[-0.275334426836985,44.64913425896983],[-0.275301793466401,44.64946960364118],[-0.275270813269556,44.64982904737021]]],[[[-0.26879741858565,44.64836560619214],[-0.268764213676119,44.64851120520005],[-0.268740574600635,44.64861065833477],[-0.268726195024307,44.64866956111702],[-0.268701524683232,44.648744716609],[-0.268677800468268,44.648801372764524],[-0.268645068617913,44.64886811659785],[-0.268614221605109,44.64891948698207],[-0.268543156601559,44.64904998655904],[-0.268488241083558,44.64916514143483],[-0.26846648637527,44.64921876587559],[-0.268448581193311,44.649269122855],[-0.268426797187514,44.64934617524248],[-0.268417458050812,44.64941799407485],[-0.26841289825437,44.6494851664],[-0.268410294222123,44.64954471215331],[-0.268403712672862,44.64967276458485],[-0.268393480153463,44.64986625050547],[-0.268382557280659,44.65003696048198],[-0.268375374934553,44.65023080677034],[-0.268371279392445,44.65042564306502],[-0.268366732838088,44.65060400363299],[-0.268363669350251,44.650670861433355],[-0.26835574973367,44.65072146382796],[-0.26834205972153,44.65077268733456],[-0.2683165963601,44.65081461774095],[-0.268297833282592,44.650839320363175],[-0.268276640222844,44.65086130158702],[-0.268254629225709,44.65088006323423],[-0.26823253471758,44.650897385677794],[-0.268201066906966,44.65091849927313],[-0.268175429949053,44.65093133110975],[-0.268147850634787,44.65094331931634],[-0.268128284582951,44.650952007091824],[-0.268092856824352,44.650961434061124],[-0.268074289951801,44.65096558707889],[-0.268062796107651,44.65096763882303],[-0.2678843356236,44.650981113535266],[-0.267745974165305,44.650989528253504],[-0.267684016993774,44.65099640537544],[-0.26760367866049,44.65100193355417],[-0.267559584493205,44.65100557951413],[-0.267518461614529,44.65101039909728],[-0.267450586299861,44.65101970360547],[-0.267365277314996,44.65103528997779],[-0.26725828595732,44.65106007696515],[-0.267005977476602,44.6511170003743],[-0.266722806143608,44.65117501534895],[-0.266613200122987,44.651198257081084],[-0.26656768582737,44.651207891475075],[-0.266454080274715,44.6512274668446],[-0.266397377820423,44.651235719750105],[-0.266331933615745,44.65124341996088],[-0.266167343545648,44.65125666227768],[-0.26603406333806,44.651265645544946],[-0.265876094386023,44.65127770067831],[-0.265622008025218,44.65129746038236],[-0.265597577402981,44.65129845232817],[-0.265464358703159,44.65131067683487],[-0.26505379313931,44.65134424761664],[-0.265024066433471,44.65135404583724],[-0.265101332903551,44.65119750570681],[-0.265124708870449,44.65114347370623],[-0.265177015672668,44.651022360745614],[-0.265188834813827,44.65099543096808],[-0.265285278328847,44.65083003474029],[-0.2653344679515,44.650755327269735],[-0.265385449408572,44.65067669237551],[-0.26521920722511,44.65065051653089],[-0.265301997468913,44.650502192792736],[-0.264821770244983,44.65043573246024],[-0.264713921874708,44.65041305745637],[-0.264726919082167,44.6503563586127],[-0.264530873032098,44.65032772804551],[-0.264509874713044,44.65037051678775],[-0.264474096817927,44.65036301336923],[-0.26442778807001,44.65035239694015],[-0.264203835515895,44.65030179349693],[-0.2642377992097,44.650216993945605],[-0.264128560772769,44.65020517191721],[-0.263583950563006,44.650155924916234],[-0.2634774342529,44.650378472463004],[-0.263365282608468,44.65061488205251],[-0.263319212597914,44.65061056539054],[-0.2632637614738,44.65060337197448],[-0.263195381078429,44.65059088360861],[-0.263001621114526,44.650569030751925],[-0.26299417147344,44.65055591523861],[-0.262966913756485,44.650527706261904],[-0.262910557801971,44.65048963371792],[-0.263055574691649,44.65022567395178],[-0.263072405721584,44.650193730891],[-0.263235109866206,44.64989302702725],[-0.263111342078057,44.649863521991875],[-0.262946999291035,44.64982431181153],[-0.262776898014227,44.650132441831815],[-0.262620130490246,44.650418012502804],[-0.262417215022565,44.650384084600226],[-0.262144817108199,44.65033824047757],[-0.26199306333634,44.65031154224454],[-0.262015035161095,44.65026809458506],[-0.262151480065836,44.65001952651719],[-0.262063193204766,44.6500032998813],[-0.261785805961373,44.64995408811035],[-0.261738128768434,44.65004190440823],[-0.261625015190429,44.65024437121852],[-0.261610411876103,44.65027120249392],[-0.261365402226038,44.6502776196546],[-0.261332609495778,44.65027588392393],[-0.261299692822015,44.65026982685353],[-0.261255338414929,44.650258070217824],[-0.261144682086142,44.65021520124887],[-0.260746087727861,44.65004332669148],[-0.260793294569659,44.64998661056745],[-0.260803932496702,44.64997413278032],[-0.260907765885932,44.65002125798871],[-0.260966859953502,44.65004997002986],[-0.261006114454104,44.6500106982131],[-0.261040432663012,44.65002788690214],[-0.261060347314531,44.6500382921423],[-0.261150621777437,44.64993840716174],[-0.261113211683996,44.64992013836251],[-0.26115410514431,44.64987865565065],[-0.261193816565263,44.64983855934926],[-0.261210478827093,44.64982112830455],[-0.261218121627463,44.64982450700391],[-0.261289019436828,44.64975186423615],[-0.261403115796441,44.649636138842055],[-0.261435834297381,44.649649680336935],[-0.261474220732716,44.64961286675556],[-0.26140109412394,44.649581595541264],[-0.261445162263519,44.64953172950238],[-0.261473458669709,44.64950377345578],[-0.261549237711258,44.6495437965461],[-0.261656054082835,44.649354670787126],[-0.261310216870647,44.64926332653207],[-0.26123542150219,44.649242466399265],[-0.261044067246285,44.6495564464321],[-0.260958572077936,44.649697457911216],[-0.26083043324618,44.64963383984665],[-0.260772711765578,44.64969861504946],[-0.260717809329711,44.649742312879376],[-0.260702740302471,44.64975456093535],[-0.260717688527612,44.64974240654622],[-0.260600567657832,44.649694681937646],[-0.260510118578968,44.6498068257134],[-0.260432207682768,44.6499066158261],[-0.260375794529829,44.64988278015987],[-0.260268690818388,44.649835841022394],[-0.260067033621191,44.64974943139699],[-0.259781656397482,44.649620978764574],[-0.259344111570098,44.649432407391835],[-0.259538204440519,44.64919178440079],[-0.259567282877863,44.64915551626462],[-0.259619786848791,44.64908999452927],[-0.259652742362299,44.649048746450205],[-0.259682177854225,44.649012107338535],[-0.259787579864365,44.6488791599246],[-0.25953379086153,44.64877518466561],[-0.259513224987759,44.64876660045279],[-0.259366242004958,44.64894879881236],[-0.259070092396875,44.64931695352668],[-0.258775130406941,44.64919292577948],[-0.258545550365303,44.649099407496706],[-0.258360196742244,44.649019812785916],[-0.258347734738739,44.64901603531496],[-0.258220330379476,44.64893229960527],[-0.258091832792303,44.64883183669664],[-0.257991762231565,44.648747114979884],[-0.257911646565949,44.64868442114165],[-0.257852824888012,44.64864290482402],[-0.257738733632665,44.64856454292439],[-0.257612401662018,44.64848185622806],[-0.257359822268859,44.64834630425343],[-0.257119789903361,44.6482334486008],[-0.256912685841138,44.64814214826711],[-0.256666049285918,44.6480503902886],[-0.256397047969365,44.6479494692843],[-0.256202868272606,44.64788301598734],[-0.256027359021749,44.647833852967004],[-0.255939967794441,44.64779371779177],[-0.255899273061359,44.647777526353984],[-0.255472323022899,44.647590520738795],[-0.255296752504243,44.6475140570525],[-0.255456952480546,44.647361659937204],[-0.255808710749624,44.647025126014945],[-0.255906765703606,44.64693312572967],[-0.255718340659892,44.64686352882369],[-0.255598276414197,44.64683021241258],[-0.255599018085049,44.64682775777622],[-0.255559258331609,44.64682117978161],[-0.255486349747505,44.64688748055307],[-0.255374998965135,44.64683895012306],[-0.255429533677328,44.64678886851364],[-0.255458503803112,44.646787835185116],[-0.255583282900125,44.64662972318126],[-0.255606873157218,44.646598933888626],[-0.255498426078678,44.646550408191594],[-0.255315337424341,44.646461731781976],[-0.255222266216096,44.64653295107462],[-0.255191835905454,44.64651744830412],[-0.254969619622012,44.64641127208003],[-0.254909829661041,44.6463813161188],[-0.254744289206381,44.64648494348801],[-0.254808977810695,44.646531965069784],[-0.254577081111356,44.64679567740226],[-0.254556949400482,44.64681861574178],[-0.254506272990039,44.646797852107],[-0.254459958637767,44.6467783115855],[-0.254433669667962,44.64680827902846],[-0.254479557969046,44.646829183656045],[-0.254419680922713,44.64689167611299],[-0.254305431590406,44.64701145308137],[-0.253987861340452,44.64684086468838],[-0.253887874321787,44.646781456209084],[-0.253876955067475,44.64677159592283],[-0.253863504137,44.646755052397246],[-0.253856859896538,44.64674272358974],[-0.253852091424766,44.64672790677869],[-0.253846660532037,44.646705991295974],[-0.253844638137585,44.64669064314012],[-0.253852690945367,44.646648688236795],[-0.253863906593564,44.64662871557236],[-0.253913842916327,44.6465536312468],[-0.254049377742682,44.64635222518315],[-0.254203110362724,44.64612063922571],[-0.254245931274705,44.646055675572214],[-0.254252927583332,44.64604132338119],[-0.254257874112004,44.64602207584385],[-0.254261667138692,44.64600907939801],[-0.254266590377796,44.64591513682565],[-0.254248425580978,44.645889091058464],[-0.254219072773427,44.64585508512644],[-0.254209418838696,44.645845277735354],[-0.254166437277102,44.645811312575226],[-0.2541185521547,44.64577767195253],[-0.254008731222097,44.645696567912225],[-0.253848765645712,44.64557765469783],[-0.253839952259932,44.64556710171073],[-0.25383723880971,44.64555727020902],[-0.253755844826088,44.64551380334978],[-0.253747393789536,44.64551170940716],[-0.253516615930094,44.64533802478318],[-0.253207537929544,44.645189710496865],[-0.252916422686389,44.64507267329433],[-0.252796943567688,44.645027533275744],[-0.253213502213041,44.64443618117359],[-0.252764507401181,44.64423837200017],[-0.2528316739089,44.64414476055199],[-0.252673499492832,44.64408517125391],[-0.252575558738189,44.644045794651284],[-0.252317713801793,44.64396057477266],[-0.252191642146952,44.64417287291066],[-0.252447547649515,44.64424634664932],[-0.252061794799725,44.64483579823091],[-0.251826665237303,44.64478775220199],[-0.251340320169163,44.64468627509784],[-0.250832088703523,44.644579492730216],[-0.250725600181928,44.64455820629543],[-0.250558459080135,44.644515997279115],[-0.250379990904086,44.644463398799054],[-0.250118059040967,44.64436856285051],[-0.250042307045644,44.644341866922765],[-0.249966985001026,44.6443160593364],[-0.249677575528773,44.644315917689056],[-0.249524735085918,44.64431374305759],[-0.249481172693187,44.64431340175191],[-0.249133391051073,44.64430560382652],[-0.248658434738939,44.6442964064349],[-0.24849140491152,44.64429329583084],[-0.24832835514985,44.64428916698965],[-0.248059789722962,44.644278407167214],[-0.247753200740791,44.64426705187493],[-0.247378348437203,44.644249411621885],[-0.247256957270901,44.64424324648581],[-0.247144411850082,44.6442372718937],[-0.246905766816223,44.64422445904484],[-0.246693741967636,44.644213657034854],[-0.24663676696005,44.64421271741176],[-0.246545089323083,44.64421405838958],[-0.246479819241778,44.64421372271568],[-0.246093537292563,44.64421236202469],[-0.246047208244736,44.64421219071507],[-0.245570862349048,44.64420950831886],[-0.245382018254638,44.64420892566282],[-0.245189519783682,44.64419529493962],[-0.244622609861474,44.64413219507409],[-0.244151248537438,44.644080164117156],[-0.243828274646891,44.64404504118914],[-0.243449827733526,44.64394297673424],[-0.243177913063939,44.64386959184977],[-0.242970752547716,44.643811696493316],[-0.242907134807438,44.643794010514455],[-0.242769555701711,44.6437543466403],[-0.242666166553009,44.643723230567325],[-0.242635663490484,44.643712952600396],[-0.242610000064861,44.643703433689],[-0.242592519473989,44.64369574710483],[-0.242562318600968,44.64367536874367],[-0.242548512697728,44.64366135727116],[-0.242532349192289,44.64364146816985],[-0.242507292074562,44.643596430960606],[-0.242451877714298,44.643491014321],[-0.242419972404789,44.64342347207671],[-0.242267155131009,44.643125569605054],[-0.242118890795057,44.64282780377588],[-0.242098366623123,44.64278695848901],[-0.241866665799885,44.64232440893825],[-0.241845298049878,44.64228205661748],[-0.241829396228999,44.64224476994917],[-0.241798521673383,44.64215124779785],[-0.241747946229347,44.641974147506836],[-0.241725468119694,44.64189713820917],[-0.241713530955702,44.641858563930555],[-0.241621900103673,44.641617162990954],[-0.241550591068456,44.64142625428128],[-0.241526632212396,44.641362983998995],[-0.241481389301657,44.64130925802593],[-0.241458262916532,44.64128677981861],[-0.241424852082676,44.64125883662187],[-0.241405693342531,44.641243900781205],[-0.241374472557903,44.64122111930284],[-0.241091197121123,44.6410421022939],[-0.240821393785453,44.640869086922194],[-0.240725956811944,44.64080277630296],[-0.240636023746374,44.64073999845593],[-0.240602570430352,44.64071349792484],[-0.240531703450277,44.64065088186115],[-0.240478540564566,44.64059108054235],[-0.24047684794558,44.64058139908565],[-0.240479145600255,44.64057087982978],[-0.240484175145556,44.64056397469109],[-0.240710181406704,44.640392461144],[-0.240812256211543,44.64031747649444],[-0.241042882724293,44.640136365992504],[-0.241140057043219,44.64005737999113],[-0.241327387128798,44.63991123676108],[-0.241378788061012,44.639868011971586],[-0.241449945710918,44.63979528485947],[-0.241486525508352,44.63972915807734],[-0.241527137204342,44.63964975806573],[-0.241542831444617,44.63961325678237],[-0.241564708358342,44.63955260689454],[-0.241577239327993,44.63950718811493],[-0.241586796744817,44.63945834253754],[-0.241593803549984,44.63940245365683],[-0.241595767680341,44.63933788260895],[-0.241594298371229,44.63929918159079],[-0.241589519171189,44.63925120697367],[-0.241584187293093,44.6392177550799],[-0.241571685131427,44.63916496120858],[-0.241536647374409,44.63904290863389],[-0.241496298673412,44.638887763963304],[-0.241453229088227,44.63871603011402],[-0.241416354884634,44.63856204499053],[-0.241411842553452,44.638540642809176],[-0.241395748612793,44.638401275630486],[-0.241394907380305,44.638371296155675],[-0.241395930040657,44.63834081150919],[-0.241400084987128,44.638312127160525],[-0.241406799214506,44.638286251040725],[-0.241422462105674,44.63824921008893],[-0.241437197897321,44.63822237790887],[-0.241551796644303,44.63804710151103],[-0.241615367633142,44.63794783631168],[-0.241706593475525,44.63781379134812],[-0.241844247645832,44.63761594352614],[-0.241873537038106,44.63757228576759],[-0.241979393186186,44.63742276432964],[-0.242092902874173,44.63725932270279],[-0.242437845116594,44.637334801645714],[-0.242901119860904,44.637435910919166],[-0.243646866536335,44.6375991894317],[-0.243863462119002,44.637645993517836],[-0.243975454211872,44.63767766652644],[-0.243995152418381,44.63768006178694],[-0.244008630868055,44.63768182866655],[-0.244021846995896,44.63768342303832],[-0.244270710759055,44.6378435294467],[-0.244515782572326,44.63800131388275],[-0.244889529079632,44.63824154865709],[-0.244941428599496,44.63827498487237],[-0.244982997285709,44.638302146860504],[-0.245516153821984,44.63865005773203],[-0.245798936086192,44.638831420455496],[-0.245861052161555,44.638871313976],[-0.245886677351639,44.638873624968625],[-0.246155255192714,44.638896012170534],[-0.246498850274263,44.63892592649817],[-0.246836819433602,44.63895456338247],[-0.247247964595588,44.63898942906171],[-0.247352545352998,44.63899752938271],[-0.247551848989522,44.63901347874665],[-0.247563753831168,44.63901421020624],[-0.247673492821991,44.63901765353019],[-0.248730782899366,44.63911389865711],[-0.249227905147614,44.63915370856685],[-0.249289334961581,44.63915757924852],[-0.249293266451764,44.63915791419117],[-0.249304808951353,44.63915892642534],[-0.249485288489712,44.63917668714326],[-0.249535096540817,44.639180358730805],[-0.249535222526468,44.63918035502699],[-0.249540545049479,44.63918073916932],[-0.249578076177791,44.63919035804579],[-0.249605910128056,44.63920251457454],[-0.249620934300421,44.639209191006096],[-0.250047888063083,44.639384592773645],[-0.250105667002913,44.63940830291118],[-0.250178710427497,44.63944066457974],[-0.250400655867131,44.639536224881475],[-0.250671108067118,44.639652253283465],[-0.250709800404931,44.639668865678146],[-0.251244923435194,44.639901270691794],[-0.251449695728387,44.63999003578919],[-0.251453579163223,44.63999172361676],[-0.251550392371254,44.64003356687258],[-0.251517234537845,44.64002976679265],[-0.25148864340055,44.640026372987705],[-0.250997297935901,44.63996874285328],[-0.250985883429774,44.6399961995861],[-0.250934288679209,44.64012124831802],[-0.250929832245233,44.64014462597082],[-0.25092762711694,44.640161089579486],[-0.250930727458416,44.64020388744546],[-0.250279160343015,44.64033973204348],[-0.2498559144287,44.640427863229824],[-0.249201097550199,44.640564337499825],[-0.249172518152627,44.64055896048099],[-0.249136667722902,44.640554427903496],[-0.249038968021272,44.640543153516205],[-0.248983768721864,44.64053792817762],[-0.248721582069779,44.64052148672749],[-0.248559653040707,44.64053660764473],[-0.248516112510991,44.640554105785874],[-0.248534274183312,44.64059330743464],[-0.248553950516698,44.64064345712714],[-0.248593306430119,44.640776643990954],[-0.248709471491894,44.64106876764486],[-0.248717349190691,44.641093764949346],[-0.248776410226031,44.641312601205236],[-0.248763815499832,44.641426861545334],[-0.24729204231665,44.6415147990037],[-0.24659350364299,44.641488554490635],[-0.246270525744907,44.641356758859985],[-0.245351088345547,44.64098135788959],[-0.245012920209458,44.6408618082318],[-0.244999891255386,44.640854712188805],[-0.244461527511628,44.64059200785665],[-0.244324206583628,44.64052602858215],[-0.244310621260972,44.6405662527357],[-0.244276997772402,44.6406617573848],[-0.244597951843626,44.640819927962454],[-0.244536370821842,44.640907693582776],[-0.244442821902666,44.64104081814655],[-0.244349405526927,44.64117844387335],[-0.24455515854733,44.64132819239704],[-0.244604618592568,44.641363052034194],[-0.244613843660538,44.64136764680175],[-0.244760543779872,44.641432089049786],[-0.24532637906596,44.64167857816162],[-0.24551227701659,44.64175961890188],[-0.245776159141588,44.64187332941375],[-0.245741847138232,44.6419721886292],[-0.24528861822235,44.6422039952208],[-0.245037366709802,44.64232931596799],[-0.243852177713719,44.643129615822446],[-0.244251664197224,44.64321358129593],[-0.244489391901703,44.643252196062285],[-0.245008877818303,44.64333570020177],[-0.245090081356072,44.643347552650226],[-0.245123288988626,44.64335000170128],[-0.24511404560092,44.64301860436802],[-0.245115683624308,44.64297035124577],[-0.24511260076849,44.64291025303267],[-0.245102743340671,44.64289468430971],[-0.245095113360157,44.642856434376945],[-0.245091303225014,44.64282753310751],[-0.245094354200913,44.64281257656889],[-0.245106597336679,44.64279068256699],[-0.245263497446576,44.642633352020326],[-0.245460702466745,44.642518447674156],[-0.24552696708084,44.64249226444687],[-0.245502034342411,44.642453801738334],[-0.245558390124961,44.64242430530316],[-0.245735198060031,44.64233874213354],[-0.245998550811118,44.642224147057526],[-0.246249530031661,44.642122619215485],[-0.246283250610553,44.64211207801674],[-0.246320718245563,44.642103048615695],[-0.246471985708544,44.64208022508392],[-0.246745542470833,44.64204200605169],[-0.24682604748357,44.64203081134601],[-0.247088050810657,44.641997976572476],[-0.247188062154727,44.64198801065616],[-0.247434389149494,44.64196347451388],[-0.247607099297978,44.64194920995669],[-0.247640761447422,44.641946418904766],[-0.248126188945966,44.64190773801091],[-0.248261695693997,44.64192240744125],[-0.248480553320269,44.64194679114963],[-0.248526938389241,44.641700618166276],[-0.2488675398158,44.64167610136919],[-0.249005394329466,44.641665832442456],[-0.249050729744997,44.64165756197467],[-0.249079513616268,44.641648967066644],[-0.249125026179933,44.641635014871056],[-0.249183914529781,44.64162102989765],[-0.249369409098941,44.641594312952215],[-0.24945753988079,44.641568745956995],[-0.249566302709759,44.64154860925815],[-0.249639679085243,44.641542938114114],[-0.249710597885048,44.641538420407855],[-0.249999614572454,44.64156263061204],[-0.250061335366876,44.6415671231133],[-0.250078252210965,44.64156284139069],[-0.250088344787465,44.64155839990387],[-0.250108396489733,44.64154501569842],[-0.250146033396703,44.641517058355774],[-0.25015870139379,44.641515694743944],[-0.250171100383304,44.641516231204506],[-0.250184302831698,44.64152413248991],[-0.250202161115262,44.64154054676956],[-0.250210513652742,44.64154750941988],[-0.250224338604231,44.64155088724418],[-0.250243054170186,44.6415493458016],[-0.2503513135512,44.641535800648676],[-0.250484468616455,44.64151845980191],[-0.250503970394319,44.641510858289465],[-0.250571583081091,44.64147309911111],[-0.250578676330177,44.64147135876811],[-0.250590614309835,44.64147046708918],[-0.250611779305243,44.64147200716021],[-0.250722779737373,44.64148847545903],[-0.250751939246661,44.64149077153236],[-0.250774615260099,44.64148568961069],[-0.25084273580333,44.64146548542693],[-0.250883688496709,44.64145563113013],[-0.250948653483682,44.64144416957987],[-0.251003829845894,44.641438041656016],[-0.251027647259196,44.6414374312664],[-0.251052717962704,44.641438856381946],[-0.251096951962854,44.641444313126655],[-0.251129661385106,44.6414447026292],[-0.251165368630261,44.641444553433764],[-0.251202521705523,44.64144102788635],[-0.251232001149673,44.641435745762145],[-0.251259906414737,44.641429428694266],[-0.251288191061142,44.64142093798577],[-0.251310721660131,44.64141333734223],[-0.251321489366602,44.64141184928396],[-0.251335184584327,44.64141297820848],[-0.251347817144057,44.641417562306415],[-0.251381131999808,44.64143937846609],[-0.251391765704089,44.64144212918883],[-0.251411538212273,44.64144578243781],[-0.251501371874505,44.641447555039015],[-0.251514569740384,44.64144662619981],[-0.25152853014705,44.64144360255671],[-0.251631915368474,44.64140902527852],[-0.251646505711965,44.641405983089555],[-0.251659650252027,44.641406317245064],[-0.251673739020307,44.64140770486018],[-0.251631280233183,44.6414898664626],[-0.251850531743524,44.64161947236867],[-0.25207056616877,44.64174950535836],[-0.25197331549549,44.642179004908066],[-0.252411597878774,44.642285586925425],[-0.25234727236648,44.642413083409124],[-0.253316808903632,44.64253358370021],[-0.253332306654921,44.642498167524444],[-0.253735719618237,44.642641181286564],[-0.253853668245656,44.64268393238622],[-0.253921276865515,44.6425565184847],[-0.25403213357865,44.64258136739548],[-0.254258181714421,44.64263400079234],[-0.254235778239878,44.642683135909905],[-0.25447825803601,44.64272744614918],[-0.254566961433817,44.642788267266305],[-0.25461722265787,44.642839047362465],[-0.254645045289636,44.64286625031156],[-0.254822202216762,44.64296825707655],[-0.255074831941741,44.64290423330074],[-0.255349361712246,44.64312095675232],[-0.255493193520209,44.643235927657265],[-0.255763904345223,44.64337121910907],[-0.256073698393984,44.643298301116204],[-0.257132332838371,44.64366059487107],[-0.257176038953058,44.64379004717588],[-0.257613217791595,44.64390114699633],[-0.257646730001351,44.643943769494754],[-0.257747382528401,44.64407145331966],[-0.257908922718915,44.64427645349571],[-0.258104590717619,44.64441683452996],[-0.258016039177505,44.644491887665104],[-0.257777203936745,44.64469850584463],[-0.257807765712861,44.644722834156234],[-0.257753717129761,44.6447747047638],[-0.257650698989432,44.644863699447995],[-0.257568516854001,44.644904865780276],[-0.257276074899475,44.64504881869716],[-0.257238687443802,44.64505487603526],[-0.256965633591932,44.64511941624836],[-0.256842795081877,44.64514285813414],[-0.256491005233709,44.64520340958358],[-0.256341867782402,44.6452304188371],[-0.256520112820206,44.64538600280687],[-0.256644501748564,44.64549199434515],[-0.256788337266337,44.64534269023932],[-0.257687581019905,44.645558301967384],[-0.257977660197869,44.645329810377206],[-0.258095699675118,44.64523866069012],[-0.258069391391875,44.645211503972],[-0.25821376012847,44.645136968134246],[-0.258354279762967,44.64506353669261],[-0.25851268042156,44.645218531163835],[-0.258676991228361,44.645377495987134],[-0.258852752857617,44.645546755260895],[-0.259099143678596,44.645784933686905],[-0.259302613466336,44.64598148779141],[-0.259408867086412,44.64608368615605],[-0.259878151663938,44.64618211767091],[-0.259969627688598,44.64620122520628],[-0.260025334311474,44.64621291777083],[-0.260086789065331,44.646225792347344],[-0.260153356749127,44.64623977755567],[-0.260223373334177,44.646254471943706],[-0.260287767839888,44.64626798054219],[-0.260356456815045,44.646281542654556],[-0.260043880987345,44.6466992010713],[-0.259876917780748,44.64692424802312],[-0.259763848342998,44.64709039958277],[-0.259628328051501,44.647289560233695],[-0.259539609027242,44.64742066403798],[-0.259427404013527,44.647586519427996],[-0.259378924824136,44.64765831976717],[-0.259367646590643,44.647670636080804],[-0.259349839620232,44.64769882292571],[-0.25954416283946,44.64780914706107],[-0.260070583295919,44.648107275468575],[-0.260231324497476,44.648132359510484],[-0.260257192415578,44.64809951969884],[-0.260465169986258,44.64801607695489],[-0.260553636263145,44.647948232640765],[-0.260851581306488,44.64748054613145],[-0.261020284476463,44.647202735565706],[-0.261099111139543,44.647099223732326],[-0.261408385659348,44.646700941706364],[-0.261586346872645,44.64647412611618],[-0.261754375928501,44.64653359263913],[-0.261931114052053,44.64659523474125],[-0.262143276519678,44.646322627418826],[-0.262230593784572,44.646208862644684],[-0.262333622518388,44.646246549124434],[-0.262675111930805,44.646372077139155],[-0.263000919108473,44.64649049832073],[-0.263423378674347,44.64664760326496],[-0.263522829805964,44.64668233077224],[-0.263008444924965,44.64736572516558],[-0.26294511386025,44.64744688585849],[-0.262818882264081,44.64760793296583],[-0.262677469541762,44.64778582686708],[-0.262520212175214,44.647984371443265],[-0.262364288657202,44.64817981288479],[-0.26230583646808,44.64825371100077],[-0.262244552722412,44.648331026483035],[-0.262128646191316,44.648476450400366],[-0.262260374819686,44.648506172016376],[-0.262294270783273,44.6485727496716],[-0.262312378892292,44.64860645478132],[-0.262323110472329,44.648617401080465],[-0.262368030849557,44.64865202693195],[-0.262376678186977,44.64873160378463],[-0.26244391589262,44.648746198686744],[-0.262412695694431,44.64879775839489],[-0.262559833659379,44.64887559094621],[-0.262705529631145,44.64895031223705],[-0.262760649559617,44.64897796923978],[-0.26310418551561,44.64848478268578],[-0.263130646439826,44.64844913142835],[-0.263301057842228,44.64820748838258],[-0.263558044037137,44.6478414688131],[-0.263474589086421,44.647804016449065],[-0.263506587471107,44.647746306378004],[-0.263542698909149,44.647683338952596],[-0.263602607342496,44.64757578838871],[-0.263702856237214,44.6473976668341],[-0.263782023934541,44.647271797109084],[-0.263874059011378,44.64712185009651],[-0.263985624809533,44.64690816351755],[-0.264100231281263,44.64669033236228],[-0.264194271892302,44.64672098415275],[-0.264251149181869,44.64674849835179],[-0.264281308634239,44.646752743718736],[-0.264339528490403,44.646783822387285],[-0.264389559480241,44.64679991527883],[-0.264539009932826,44.64682838993559],[-0.264558077666299,44.64684161275048],[-0.26456824709728,44.646853746779016],[-0.264599423943466,44.64687336978761],[-0.264634656433836,44.646886745952266],[-0.26466605335236,44.646894919246016],[-0.264699751392655,44.64689924020936],[-0.264746338121117,44.646903811255584],[-0.26479537281607,44.64690488603741],[-0.264813700432551,44.646905335910596],[-0.264836952549268,44.64690582055188],[-0.264859035790724,44.64691444906339],[-0.264964386845452,44.646955128140505],[-0.265021833979531,44.646977218897085],[-0.265029067338277,44.64698006879401],[-0.265089354340388,44.64700324699296],[-0.265158811715389,44.64703002877333],[-0.265178660944823,44.6470327763475],[-0.265207893448029,44.647031912922074],[-0.265247642357791,44.64702956751507],[-0.265272291859721,44.64702802850486],[-0.265310029943219,44.647025832573426],[-0.265328005664332,44.64702674327662],[-0.265340173983075,44.64702980780221],[-0.265349322588208,44.647035214121594],[-0.265353962061062,44.647039041655546],[-0.265391020516622,44.64706867247084],[-0.265393403256884,44.64707058437607],[-0.26541578729287,44.64708875491688],[-0.26543578859997,44.647105013549044],[-0.265451445892109,44.647113831761565],[-0.265471797430747,44.64712088943751],[-0.265492029928289,44.647123715739575],[-0.265501038661103,44.6471245308766],[-0.265509160163857,44.647125282117095],[-0.265514110752562,44.647125766607886],[-0.265539518909174,44.64713078271902],[-0.265553564263185,44.64714009905368],[-0.265560387510519,44.647144582903564],[-0.265562744190165,44.647146045055386],[-0.265593917197525,44.647163415314836],[-0.265664808828286,44.64718880286431],[-0.265667517449538,44.64718980409756],[-0.265673837566167,44.64719214030821],[-0.26572182111149,44.647209914976386],[-0.265729044107115,44.64721258492787],[-0.26576178481914,44.64722215988816],[-0.265808252890438,44.647235564194496],[-0.265869716225173,44.64725942806872],[-0.265919576850438,44.6472703894017],[-0.265922704262928,44.647261196505],[-0.265923096118426,44.64725271515273],[-0.265923477544811,44.647244053900614],[-0.26596802169008,44.647250396764214],[-0.266003544100085,44.647262232178115],[-0.266043575697029,44.64727564633754],[-0.266063280012149,44.64728677771081],[-0.266086011069496,44.64730439724992],[-0.266132300423015,44.64733213324234],[-0.266161914741028,44.64734873846627],[-0.266162959267757,44.64734933833371],[-0.266167920311555,44.64735000269515],[-0.266172214837055,44.64735005602069],[-0.266180557097369,44.647350260066766],[-0.266193394583821,44.64734744797076],[-0.26620866247415,44.64733212971191],[-0.266213867623069,44.64732611916209],[-0.266217176671365,44.64732223702576],[-0.266220832437549,44.647317804021235],[-0.266231507008168,44.64731469540923],[-0.266243750133116,44.64731469409237],[-0.266280591886241,44.64733622167311],[-0.266293478153704,44.64734295914975],[-0.266343537950571,44.647355175868064],[-0.266397295246497,44.647363679152775],[-0.266471499859872,44.64737653396016],[-0.266482844498885,44.647378451350164],[-0.266547696136976,44.647384554354424],[-0.266635405638583,44.647393045425346],[-0.266684494866338,44.64740375890414],[-0.266698123217597,44.64740587910131],[-0.266704743173491,44.647406854834415],[-0.266719186565562,44.647405617095146],[-0.266732408085845,44.64740072119493],[-0.266745876393765,44.64739572789637],[-0.26676817697611,44.64738632881189],[-0.266808044395678,44.64739037673432],[-0.266842571637559,44.647382868925725],[-0.266863190796765,44.64737712367145],[-0.266907246475107,44.64737068582356],[-0.266999259484838,44.64735544216883],[-0.26706558029287,44.64734987802939],[-0.267136043896566,44.64735698619016],[-0.267138836823213,44.647357264064425],[-0.267208625898452,44.64735709368556],[-0.267266962368022,44.64734879196417],[-0.267286150498633,44.647351018081295],[-0.26730102002996,44.64736148119907],[-0.267318885146713,44.64737789275135],[-0.267316331386679,44.64738391509753],[-0.267316221034066,44.64738418867126],[-0.267308007987174,44.64740362357814],[-0.267296208667588,44.64742433583079],[-0.267284889274745,44.647453323471964],[-0.267283679808431,44.64748687793138],[-0.267303607564589,44.6475192670508],[-0.267308345526414,44.6475269660728],[-0.267319348732015,44.647529524198546],[-0.267331123607799,44.647532329828294],[-0.267358711480273,44.64753574934046],[-0.26740373192027,44.64753288694512],[-0.267445791680194,44.647529030790146],[-0.267478688135716,44.64753040118293],[-0.267543861470114,44.64753334046059],[-0.267576722992824,44.647529756132265],[-0.267588076080569,44.64752311327329],[-0.267600536317167,44.64751814966554],[-0.267652721076653,44.64754958527026],[-0.267677273384837,44.64757030431167],[-0.267677883812213,44.64758082844682],[-0.267677708490997,44.64758651018681],[-0.267677691264324,44.6475905653801],[-0.267680997078465,44.64759533328541],[-0.267682099016636,44.64759692258716],[-0.267687944979499,44.64760413832326],[-0.267688894828008,44.647605281600086],[-0.267703135270994,44.64761360076587],[-0.267715018962752,44.647620457823656],[-0.267737222140502,44.64763331713147],[-0.267756148456381,44.64764843579556],[-0.26777879149125,44.64766452584139],[-0.26780906779143,44.64768165170264],[-0.267834685887699,44.64768810276092],[-0.267864992206516,44.64769486574859],[-0.267895882913662,44.64771170311313],[-0.267912434545309,44.64773157736361],[-0.267912280896481,44.6477354563822],[-0.26791209072361,44.6477387057517],[-0.267911099442955,44.64776513555823],[-0.267915113571141,44.6477712340811],[-0.26792441463592,44.647777086213615],[-0.267929348871688,44.647779463268414],[-0.267939742230213,44.64778456227769],[-0.26794216238877,44.64778494125596],[-0.267969046578018,44.64778928246369],[-0.268011978651234,44.647798285199165],[-0.268022623254001,44.64780553927257],[-0.268033527981712,44.64781945335987],[-0.268034755937948,44.64782103893333],[-0.268035165256709,44.647821567457825],[-0.268052197214064,44.6478344894743],[-0.268055462103397,44.647836375248296],[-0.268069687004928,44.64784442451802],[-0.268072919043152,44.64785009563567],[-0.268073081572849,44.647850721559756],[-0.268073689175639,44.64785466817896],[-0.268073232122238,44.6478554926275],[-0.268071981747795,44.64785787229834],[-0.268064887462826,44.64786177628916],[-0.268035692448383,44.647874172677284],[-0.268015402728659,44.64788342247119],[-0.268006359431967,44.64789071792631],[-0.268002608297509,44.6478978569366],[-0.268001850724178,44.64790220432922],[-0.268001501694872,44.64790924276817],[-0.268003510215546,44.647915580785686],[-0.268006564843102,44.64791819360986],[-0.268009341373556,44.64792036413434],[-0.268014621555558,44.64792435283338],[-0.26802365576829,44.6479277800363],[-0.268040842169065,44.64793466051427],[-0.268061878073287,44.64793827354653],[-0.268103078297775,44.64794570557362],[-0.268122737061426,44.6479538645123],[-0.268130872062979,44.647961372975445],[-0.268130903371502,44.647961912674624],[-0.26813116350593,44.64796857268965],[-0.268131150759898,44.64797488035526],[-0.268133936964283,44.64797939329817],[-0.268139416987805,44.64798247504266],[-0.268143721230104,44.647984870713174],[-0.268149076019848,44.64798579366044],[-0.268151496188451,44.64798617263418],[-0.268152126208979,44.647986154009],[-0.268164716183172,44.647985601605235],[-0.268170150782522,44.64798354875586],[-0.268180838880229,44.64797196976756],[-0.26819268633329,44.647962969523626],[-0.268195096832327,44.64796100607492],[-0.268203897777052,44.647956060475835],[-0.268206339584643,44.647954636726055],[-0.268222719342172,44.64795631498425],[-0.268232514815174,44.647959809769326],[-0.268295839990253,44.64800920688729],[-0.268350221258894,44.64805238089812],[-0.268355123464637,44.648056380756906],[-0.268366413837043,44.64806388602119],[-0.26837700189271,44.64806798809096],[-0.268382971060048,44.6480686225509],[-0.268390930203371,44.64806874765636],[-0.268401693511506,44.648067167981594],[-0.268407931861864,44.648063739795404],[-0.268423458088887,44.64804417868218],[-0.268427423899626,44.64803856507938],[-0.268428600444562,44.64803708862825],[-0.268453718713172,44.64800228663113],[-0.268496525996435,44.647963447575705],[-0.268520245377867,44.6479502218118],[-0.268541428258336,44.647938963224654],[-0.268548065472909,44.64793588365369],[-0.26855971599778,44.64793436783508],[-0.268573586118205,44.64793630045091],[-0.2685846312116,44.64793957804995],[-0.268590457954916,44.647942108896416],[-0.268593716897463,44.64794606722651],[-0.26859461829633,44.64795072599064],[-0.268595336284236,44.647954399032045],[-0.268597902536294,44.64797252419386],[-0.268604137857021,44.64797774608386],[-0.268613249645576,44.647984685008126],[-0.268621873827772,44.64798974616167],[-0.268622136273685,44.64798991861021],[-0.268625480225264,44.64799099109334],[-0.268627926491708,44.64799181980585],[-0.268671082515858,44.64799162504882],[-0.26870928188069,44.64799301849917],[-0.268750181758235,44.64800397323178],[-0.268762943215119,44.648008551626376],[-0.268791921189723,44.648031572394736],[-0.268793337805891,44.64803423363219],[-0.268798899144351,44.648045242106996],[-0.268809297861338,44.64806565858771],[-0.268821318240483,44.64808791930465],[-0.268835014724557,44.648121663793134],[-0.268844775235925,44.648135431434746],[-0.26884799767277,44.648138760108786],[-0.268845077230733,44.64815803865057],[-0.268842435634554,44.64817559696803],[-0.26879741858565,44.64836560619214]]],[[[-0.268484684398936,44.653824808378516],[-0.268457554520617,44.65389895534647],[-0.268446315657219,44.65393586995923],[-0.268418207143043,44.65404536675267],[-0.268398076558573,44.654133543280146],[-0.268309217550492,44.65459930646304],[-0.268285480023645,44.65474498608224],[-0.268261323465468,44.65487256710919],[-0.268239711756338,44.65500484843992],[-0.268208790581641,44.65516596804222],[-0.268187886253948,44.6553017425316],[-0.26814277585688,44.65559906885689],[-0.268126940816882,44.655698201227146],[-0.268086437871916,44.65595745741428],[-0.268045458683151,44.65622591832712],[-0.268007900118927,44.656457605641094],[-0.267979536598466,44.656628020487794],[-0.267922371553693,44.657002652282664],[-0.267900795618497,44.657176921214116],[-0.267873776165506,44.65752065727548],[-0.267855650657892,44.657765285922146],[-0.267821499595097,44.65818194710485],[-0.267815681762686,44.658253571887336],[-0.267801329027589,44.658373925117615],[-0.26774480199281,44.65835703419952],[-0.267116021935459,44.658187927703636],[-0.266509508139249,44.65802392663286],[-0.26651744237772,44.65801053699157],[-0.265821682840512,44.65781393800968],[-0.265488557317566,44.657722950163844],[-0.265619681408004,44.65743263582111],[-0.265819794573347,44.65698881823074],[-0.265565250461059,44.65692055869251],[-0.266123008600556,44.65657925789702],[-0.265904931935208,44.6565150578848],[-0.26533248302031,44.65641131579508],[-0.265383089776489,44.65633701695512],[-0.265206108681567,44.65628484724981],[-0.265230178460997,44.65623403844569],[-0.265042221003408,44.65616236971116],[-0.26430464151669,44.655999524733375],[-0.263774349899916,44.65588245622589],[-0.262527809929162,44.6553254597388],[-0.262043257502009,44.655106477411714],[-0.261368173045032,44.6549237489111],[-0.261237634608007,44.65513069394424],[-0.261126363892804,44.65530850752064],[-0.260709682104436,44.65518897474665],[-0.260176672085295,44.6559123697373],[-0.259837416388267,44.65579361405768],[-0.259837027910788,44.65579344530335],[-0.26005504635342,44.65548165465869],[-0.260319640183928,44.655078205925435],[-0.260588041084363,44.65466644477188],[-0.260828980402385,44.65430153599419],[-0.260828471120533,44.654301460910574],[-0.26086711843837,44.65424292482158],[-0.261301097385724,44.65356461616172],[-0.261446776758665,44.653342357257905],[-0.261723996471516,44.65290005804102],[-0.262017635017698,44.65243618930618],[-0.262099460854379,44.65230807993843],[-0.262322239077972,44.652013534101414],[-0.262346739023004,44.651976679455494],[-0.262396324497801,44.651919622104515],[-0.26267882604288,44.651607995442895],[-0.262741726170459,44.6515389215755],[-0.263133952782957,44.65169863322828],[-0.263271833163725,44.65176250197648],[-0.263419667933437,44.65182823922757],[-0.263481374972233,44.651856242181026],[-0.263516436452057,44.65187097542008],[-0.263751679215644,44.651979093958204],[-0.264067294283655,44.65211925892571],[-0.264198749607632,44.65183911869928],[-0.264215679503198,44.65180888449831],[-0.264139758759312,44.6517817521197],[-0.264241045740567,44.65153430928571],[-0.264312711511929,44.65135513880314],[-0.264796850919838,44.65146284382957],[-0.26526282385638,44.651561982825065],[-0.265395711976667,44.6515897745722],[-0.265482778657653,44.65160666542892],[-0.265723113089046,44.65165885498868],[-0.26589370727613,44.65169472297296],[-0.266104827413459,44.6517372325393],[-0.266162053777583,44.651746714840534],[-0.266277233870178,44.65175862974172],[-0.26622438007044,44.65192688394785],[-0.266583395676985,44.65197295238766],[-0.266700745425808,44.65202444860603],[-0.266715311892808,44.65203401976728],[-0.266727877801108,44.652043920351566],[-0.266754761195732,44.65208304216405],[-0.266801464721552,44.652137436659785],[-0.266815327317631,44.65214792964999],[-0.266838046560515,44.65216095416665],[-0.266876329714791,44.65217027502907],[-0.266922525653353,44.652178911538996],[-0.266941138328318,44.6521798933137],[-0.266957961546057,44.65217831494125],[-0.266990638828233,44.652169330053056],[-0.267009597090213,44.65215885836849],[-0.267025941174648,44.652146842054755],[-0.26703977785215,44.65212859253864],[-0.26704635107099,44.65211569360126],[-0.267074922795801,44.65200762526645],[-0.267367525745854,44.65201204328901],[-0.267367630890036,44.6520116797647],[-0.267547148238423,44.65200331068645],[-0.267513667102038,44.65215729722097],[-0.267559182468442,44.652160727535666],[-0.267483848498857,44.65250282723977],[-0.26755707525817,44.65250958336201],[-0.267981964845164,44.65253784213291],[-0.268024112623676,44.65241576644845],[-0.268047355831258,44.65241823304125],[-0.268058784260008,44.65242375199914],[-0.268224850520597,44.65250552333209],[-0.268176905273305,44.65288231511154],[-0.268157289500339,44.6530141769245],[-0.268780165267962,44.65304766289005],[-0.268687626403337,44.65328241749626],[-0.268595945795003,44.653508046111654],[-0.268555607498177,44.65360691176722],[-0.268529706670645,44.65368048179145],[-0.268484684398936,44.653824808378516]]],[[[-0.262788172498835,44.65136229857602],[-0.262714453805237,44.651449442234274],[-0.262624868042945,44.651548136883086],[-0.262561160574656,44.65161417096898],[-0.262468440850374,44.65172196836437],[-0.262423923176611,44.651777164229394],[-0.262320209006543,44.65190655046605],[-0.262221119401704,44.65203733190861],[-0.262116903439335,44.65217114784134],[-0.262070075340358,44.652236593474534],[-0.262037087475613,44.65227946514755],[-0.261952413106486,44.652401981957865],[-0.261872616481567,44.65252372405943],[-0.261831560468536,44.65258422377486],[-0.26178398196797,44.65265852160733],[-0.261694303590691,44.6528014592335],[-0.261634585799201,44.65289719946072],[-0.26154644275356,44.65303396459228],[-0.261425772876733,44.65322376927484],[-0.261337932924308,44.65336142632621],[-0.261262947218805,44.653474736472255],[-0.261169621101846,44.65362012394328],[-0.261084636649006,44.653756975718146],[-0.260994296549524,44.65389290413942],[-0.260874083328993,44.65407539628082],[-0.260767313827493,44.65424154338354],[-0.26061364933603,44.65423652423659],[-0.260467503270863,44.654232724822506],[-0.260285444071853,44.65422565925045],[-0.260195126433203,44.65421588818496],[-0.259907919488254,44.65418272881266],[-0.2599114668792,44.65417640704528],[-0.259692162886847,44.65416268972185],[-0.25960310974433,44.65415513349647],[-0.25949795749321,44.65414859244699],[-0.259331710459705,44.65413772530822],[-0.259059850020586,44.65411888839026],[-0.258734266558622,44.654096588457264],[-0.258548215884262,44.653952859999656],[-0.258482834661297,44.65390279700966],[-0.258420549684485,44.653856066680966],[-0.258376230514217,44.65382313336196],[-0.258301802868185,44.653762884837946],[-0.258275865115172,44.65374220451828],[-0.258264088784463,44.653730657861594],[-0.258251050527299,44.65371257081148],[-0.258232482512474,44.65368617696012],[-0.25820280062201,44.653626952412836],[-0.258161377754561,44.65353933073433],[-0.258072832168219,44.653350649639336],[-0.258060677333807,44.65333037404839],[-0.258042985291101,44.653306026749824],[-0.258014125195536,44.65327191692383],[-0.257994934282179,44.65325220908368],[-0.257976090217546,44.65323195039687],[-0.2579377893727,44.65319829896122],[-0.257775270492909,44.65306631029595],[-0.257553094713412,44.65288715282285],[-0.257418026791857,44.652775799573796],[-0.257399422358476,44.65275967851702],[-0.257339992988189,44.65269898754719],[-0.257173668294022,44.6525229593903],[-0.257098397097336,44.65244588562383],[-0.257067199748711,44.652414998079756],[-0.257018891223728,44.652374162584664],[-0.256955456613861,44.652322780016846],[-0.256821213712898,44.652214735671535],[-0.256620982205635,44.65206133052484],[-0.256405440199942,44.65190071720435],[-0.256270963229621,44.651801689533556],[-0.25621631109091,44.65176464471776],[-0.256227332379405,44.65175440870331],[-0.256436372117217,44.65155362769024],[-0.256478252307533,44.65151166723492],[-0.256362513479571,44.65142452208325],[-0.256558473810714,44.65123115414745],[-0.256360974137238,44.65110091499111],[-0.256108812484544,44.65093561325452],[-0.256071451765994,44.65097059258031],[-0.256001878960024,44.65092434604751],[-0.25564552566974,44.65068597428552],[-0.255556872311058,44.650624070731936],[-0.255584892921556,44.65059783637257],[-0.255436195644947,44.65050165942219],[-0.255505170016059,44.650428356396766],[-0.255654946755374,44.65024617137778],[-0.255755202301814,44.65012662487852],[-0.255806602272729,44.65006375060308],[-0.255824349378399,44.65003448489688],[-0.255900212381526,44.64989475257724],[-0.255947641328248,44.649806856272505],[-0.256037140591394,44.64964536768883],[-0.256158298143956,44.649428884420274],[-0.256161178939543,44.64941321164619],[-0.255993422181144,44.649295161122524],[-0.255820995837918,44.6492186054388],[-0.255313890776838,44.64896836398871],[-0.255379357769116,44.64891958237641],[-0.255415614849152,44.648893916449694],[-0.255483716337145,44.64885577951741],[-0.255521036054231,44.64883539837209],[-0.255577933387767,44.648806511570385],[-0.255611293597682,44.64878750844443],[-0.255644157454664,44.648764285057545],[-0.255669831213084,44.648745508271936],[-0.25571072013581,44.64870826268523],[-0.255730503977078,44.64868803747685],[-0.255778860428326,44.648629307503086],[-0.255808838405997,44.64858454419844],[-0.255824892495097,44.64855875229101],[-0.255865175960044,44.648478274762795],[-0.255879511218304,44.648446766840486],[-0.255923793286698,44.64837869592028],[-0.256106823588859,44.64840727423393],[-0.25615968270539,44.648415538625336],[-0.256324124010211,44.648441330272185],[-0.256434707950603,44.648581337629466],[-0.25649713442036,44.648073837412504],[-0.256788559043788,44.64817617000013],[-0.256882784161658,44.64821222876069],[-0.257068543456675,44.64829019196574],[-0.257145684189648,44.648327654894054],[-0.25734464219167,44.64842649324491],[-0.257450103195696,44.64848222349397],[-0.257542241327964,44.64853456187493],[-0.257702842843008,44.64863362881497],[-0.257793719596247,44.64869906920488],[-0.257808173290066,44.64870891509118],[-0.257901721823371,44.64878562972997],[-0.258081869621304,44.64893674069922],[-0.25816956130509,44.6490103840149],[-0.258212080656342,44.64903408960524],[-0.258253282745128,44.64905684286299],[-0.258290465336736,44.64907556980283],[-0.258352144858339,44.649105378309144],[-0.258483254121105,44.649163685546284],[-0.258623606760236,44.64922685609317],[-0.258750538651469,44.64928276325987],[-0.259009495540244,44.64939532807864],[-0.258758758365313,44.64963870103039],[-0.258777738365862,44.64964823317665],[-0.258818826657425,44.64966900732108],[-0.258821949725432,44.649670627232226],[-0.258808402814326,44.64968301035763],[-0.258647091366794,44.64982706564827],[-0.258866384128793,44.64993034797895],[-0.258997897647689,44.649993418279706],[-0.259177698503581,44.649822056560346],[-0.259177714115496,44.64982232641138],[-0.259698468896803,44.650061516249906],[-0.259906210586405,44.649888788816305],[-0.259998819229289,44.64980739739003],[-0.259998950443284,44.649807483624585],[-0.2602178916226,44.649904646653745],[-0.260552366746555,44.650054806903455],[-0.26077401851721,44.650152970200644],[-0.260907326952066,44.650212110908036],[-0.260977245544119,44.65024464844844],[-0.261107402076502,44.65029730431713],[-0.261131769872729,44.650306136528556],[-0.26116825440642,44.65031713422031],[-0.261198005227232,44.650323014407036],[-0.261216716127773,44.650325706199396],[-0.261272516602074,44.650325862216626],[-0.261383890540885,44.65032879387625],[-0.261505314027909,44.650330888325456],[-0.26155677707515,44.65033243361408],[-0.261602516585475,44.650335409190944],[-0.261650586772496,44.65033939723461],[-0.261757423526133,44.650355527445164],[-0.261804010847125,44.650364424784094],[-0.261939821730841,44.65038609734055],[-0.262059604418788,44.650405629654934],[-0.262107657069768,44.65041367269688],[-0.262428674611848,44.65046862434382],[-0.262511261583585,44.65048231580345],[-0.262644835118455,44.650506756655425],[-0.262752275499431,44.65052458008512],[-0.262779437689501,44.650531527395806],[-0.262806041798751,44.650541915121316],[-0.262826014266285,44.65055330949789],[-0.262843045854836,44.65056623232996],[-0.262859504709027,44.65058016320675],[-0.262878967330858,44.65060454759342],[-0.262892614950102,44.65063532077432],[-0.262903737165389,44.65066607838491],[-0.262918981989974,44.65071788875427],[-0.262930733075064,44.65077475795667],[-0.26293725061527,44.650817545194656],[-0.262937218143887,44.650843135683026],[-0.262940801215175,44.650861411143715],[-0.262947801244966,44.65088201856331],[-0.262956362239468,44.65089906585677],[-0.26296242155441,44.65090996981036],[-0.26297051364619,44.65091892158397],[-0.262982809060594,44.65093288522544],[-0.263009160785823,44.65095634543739],[-0.263061416218126,44.65099553012519],[-0.263114072523262,44.65103073838326],[-0.263007829527388,44.65112731199719],[-0.2629447976293,44.65118755972608],[-0.262900830454032,44.651234810399345],[-0.262788172498835,44.65136229857602]]],[[[-0.260661999849526,44.649772521857344],[-0.260596548613145,44.649860771732385],[-0.260661873840933,44.64977252557385],[-0.260661999849526,44.649772521857344]]],[[[-0.260153288162723,44.65519862454936],[-0.260018586128518,44.65539478820161],[-0.259765130316718,44.655768263560375],[-0.259765261544234,44.65576834979542],[-0.259652863595639,44.65593114762484],[-0.259592679686355,44.655907692816875],[-0.2594415692012,44.655848714428025],[-0.259255364991548,44.65577446153029],[-0.259294940622086,44.655723197092584],[-0.259417006420048,44.65555948392419],[-0.259453364033764,44.65552678560681],[-0.259469232156286,44.65549559235502],[-0.259595501432864,44.65529328065657],[-0.259612059783824,44.65526747327224],[-0.259668608898859,44.65517795471581],[-0.258915601837648,44.65513194383166],[-0.258944483339657,44.654884928582995],[-0.258850187223956,44.65488058979334],[-0.258860594473048,44.654728818343756],[-0.258838555117723,44.65466207022483],[-0.258797794840357,44.65462957276361],[-0.258809465759627,44.654471276608284],[-0.258701461636551,44.654435084556575],[-0.258682917324096,44.65413198099518],[-0.258895334521031,44.65415103922494],[-0.258959996498888,44.65415156604738],[-0.259310114222084,44.65417899882713],[-0.259704305367336,44.65420891546214],[-0.259887532420244,44.65424270842668],[-0.259889268932684,44.65422472653953],[-0.260072401554464,44.65424816003156],[-0.260320195387657,44.65427428177492],[-0.260431345867319,44.65427758163208],[-0.260740724716405,44.6542837754023],[-0.260816096302804,44.65429921286735],[-0.260740713249052,44.65428575802838],[-0.260485556907066,44.65467766653557],[-0.260281051864711,44.655004737709234],[-0.260153288162723,44.65519862454936]]],[[[-0.257417158902867,44.65284592589069],[-0.257539957312011,44.652945927166414],[-0.257573839135751,44.652975203738585],[-0.257717102928108,44.65308856792765],[-0.257789476382967,44.65314824658765],[-0.257888039379328,44.65322859818749],[-0.257948567072051,44.65327988574587],[-0.257975297572438,44.65330991356655],[-0.257987259883076,44.6533268609972],[-0.257993901759723,44.65333693711097],[-0.25803484038738,44.65341619344632],[-0.25808981733084,44.65352864481348],[-0.258148448435962,44.6536518910449],[-0.258169283004199,44.653691283172996],[-0.258188007073671,44.65372037555096],[-0.258206668729058,44.65374838851968],[-0.25822049025069,44.65376474051907],[-0.258234134884071,44.65377803419878],[-0.258261070374533,44.653798504917255],[-0.258291248834565,44.65382266442023],[-0.25838244161916,44.65389341153762],[-0.258425931896038,44.65392510783141],[-0.258516819807142,44.6539971252901],[-0.25863925842999,44.65409082885239],[-0.258615881643327,44.65411224174028],[-0.258621127114966,44.65412217877432],[-0.258625393392081,44.65413701027838],[-0.25852850158412,44.65423834951204],[-0.258380788783457,44.65459591010908],[-0.258377780247875,44.65465519703199],[-0.258365542599092,44.65489973925194],[-0.258334665942836,44.65551822141809],[-0.255449078196198,44.65596246585635],[-0.25486753145651,44.65603067603805],[-0.254877791710278,44.65607497536279],[-0.254522758768982,44.656111196085675],[-0.254221072198836,44.65614215130024],[-0.254251758018093,44.656264690280054],[-0.254258487891892,44.65629377592272],[-0.254314018783835,44.656376568707934],[-0.254328721985461,44.656401635310154],[-0.254412587970185,44.65669299523078],[-0.25382020395429,44.65670268089944],[-0.253561782205805,44.65670686163171],[-0.252730894472933,44.656718063131734],[-0.252811344277343,44.65583114846091],[-0.252805269218055,44.655830876669775],[-0.252688541322822,44.65582503004209],[-0.252537310584479,44.655818486311205],[-0.252529543715613,44.65574519020628],[-0.252487837920176,44.655750922255244],[-0.252310259810341,44.65577560831042],[-0.252144122594981,44.65579292947219],[-0.25207227153611,44.6555039180266],[-0.251987619488072,44.655297097183116],[-0.251924651446717,44.65515099909386],[-0.251574051206094,44.65511085244187],[-0.251466554660743,44.655098696148414],[-0.251380772922107,44.655058149277714],[-0.25118678001247,44.6549668123707],[-0.251343659227557,44.65473883238021],[-0.251436081813203,44.65460357210828],[-0.251158820198625,44.65446269420418],[-0.250876777855762,44.65431988384068],[-0.250895629025694,44.654294370877764],[-0.25093567000602,44.654240122553304],[-0.2511410843941,44.653973863409426],[-0.251300673960413,44.653764455221285],[-0.25141748534649,44.653603428977576],[-0.25134984444526,44.65356658354535],[-0.251284833010751,44.653531552923596],[-0.251211082560761,44.65349164335069],[-0.250977914057735,44.65336226328893],[-0.250952585639539,44.65334552797672],[-0.251158109972058,44.6530746702824],[-0.250911204877038,44.65298939428801],[-0.250759314557748,44.652936284259326],[-0.250557302662865,44.65313459469344],[-0.250545732770963,44.653130970304325],[-0.250520458788682,44.653119549405915],[-0.250359130306163,44.65304725396413],[-0.250281046963667,44.65301098523436],[-0.25027663784062,44.653008952372396],[-0.250145634840672,44.65294810928901],[-0.250028389450088,44.65289379960515],[-0.249936706377575,44.65285153308221],[-0.249600526518634,44.65319894213106],[-0.249533019928656,44.6532672423977],[-0.249354422597243,44.653447021830644],[-0.249131622599797,44.653674593343894],[-0.248883036330348,44.65393004324543],[-0.248738206870124,44.65408035664505],[-0.248617079794615,44.654206095996855],[-0.248547946375255,44.65416523807599],[-0.248485352628352,44.6541283327269],[-0.248377417153174,44.65406473736272],[-0.247734486095622,44.65368545841197],[-0.247970055187082,44.6534296728192],[-0.248078149416991,44.6533121560827],[-0.248176138592475,44.65320547820559],[-0.248239714293679,44.65313684378684],[-0.248376733289568,44.65298901312672],[-0.248474426283866,44.652883785321485],[-0.248583465815898,44.65276299655772],[-0.248617868084207,44.6527247730135],[-0.248766443077017,44.65256723152785],[-0.248897202216772,44.6524247200117],[-0.24893627482937,44.6523821242589],[-0.2490443479694,44.652266499297646],[-0.249066579429937,44.65224268939947],[-0.248820443975606,44.65198240562843],[-0.248688439520224,44.65184284006508],[-0.248473562578603,44.651621102394536],[-0.248331701190837,44.651649868784276],[-0.248258569565702,44.651587773808124],[-0.248123861206206,44.65147351602807],[-0.247854915215758,44.65161657217665],[-0.247822589270288,44.65158571535264],[-0.24727827806709,44.651863454167376],[-0.247212521756166,44.651898633636314],[-0.247190100842703,44.651864422195466],[-0.247163954071096,44.651820318719636],[-0.247153481578031,44.651802875960165],[-0.247136626091856,44.65176886146435],[-0.247130241520282,44.65175445225328],[-0.247116308729142,44.6517229649094],[-0.247098834259022,44.65167383124187],[-0.247077340456912,44.6516140933337],[-0.247035395570535,44.65151927518008],[-0.247011349828482,44.651474389149435],[-0.246986016929053,44.65143783041736],[-0.246944831458037,44.65138903269861],[-0.246886783794554,44.651330188107],[-0.246832776281137,44.65128230753663],[-0.246753965842138,44.651220198206246],[-0.246650908912358,44.65115132229502],[-0.246566128018055,44.65109073972463],[-0.246527008777817,44.65106026225416],[-0.246480345228026,44.651014959074],[-0.246441375283662,44.65096735758352],[-0.246355475000528,44.65085229530502],[-0.24620658540202,44.65065393501481],[-0.246087323789066,44.65049876509745],[-0.246005935094524,44.65037654209508],[-0.245950943209655,44.65028526033873],[-0.245889965876522,44.650173340468065],[-0.245879329858392,44.65015085664407],[-0.245810973703569,44.65000725687294],[-0.245751090909152,44.649885843990035],[-0.245729356521852,44.649841610725254],[-0.245652254080321,44.649684211588216],[-0.245608007604763,44.649687402740476],[-0.244186058938864,44.64989033318551],[-0.244224171460323,44.65011158915178],[-0.244263199493885,44.65035092898627],[-0.244287127247837,44.650503402066654],[-0.244299890751157,44.65059790607232],[-0.244300325896493,44.65060546196269],[-0.244299017601469,44.65061342942751],[-0.244281606478428,44.650661785106465],[-0.244281339039536,44.65066810017123],[-0.244283477993632,44.65067893987765],[-0.244303513191842,44.65073313462116],[-0.244315595302185,44.65075881986177],[-0.244275289848898,44.65081730821009],[-0.244053858359978,44.65065891727189],[-0.243726641681019,44.65116895086698],[-0.243528333727613,44.65148012838758],[-0.243285915223688,44.65184954469873],[-0.242496908280773,44.65156075114532],[-0.242288566966463,44.6521451426466],[-0.242096851230631,44.6526829134565],[-0.242094562099038,44.652689197695324],[-0.242034696303325,44.65266230043607],[-0.24192853646761,44.65261621713773],[-0.241729438470566,44.65253005989435],[-0.241628658010329,44.65248751281958],[-0.241554314758921,44.65245689505856],[-0.241544568533812,44.652452044941384],[-0.241532493703301,44.652444019387886],[-0.241507101015756,44.652432690079245],[-0.241437623932546,44.65240985863793],[-0.241280368410392,44.652362029085886],[-0.241219893742893,44.6523420871928],[-0.24110810177727,44.652314369071924],[-0.241051885621581,44.652300429253366],[-0.241033565235865,44.65229574034326],[-0.240905585002193,44.65226309040241],[-0.240870525558378,44.65225267504515],[-0.240879706616062,44.65223015047666],[-0.240886451704077,44.6522135540091],[-0.24093511781965,44.65208309993197],[-0.241042278756002,44.65181532606402],[-0.241088675417672,44.65169809348373],[-0.24101881178308,44.65165536039146],[-0.240735316849108,44.65153266103402],[-0.240638345207814,44.65149045201534],[-0.240727055193139,44.65133638865943],[-0.240849626639482,44.65112366673145],[-0.240930805234356,44.65098351962327],[-0.240873520250868,44.65096852985841],[-0.240577833270973,44.650888355811446],[-0.23982564228004,44.65074100773342],[-0.239827513347145,44.65071428244693],[-0.239851151699014,44.65065781603684],[-0.239855194528917,44.65062715268227],[-0.239879399595444,44.6504729981319],[-0.239920683872013,44.65022076164404],[-0.239957706303634,44.649990995565545],[-0.239999060103035,44.649718033378456],[-0.239987373009808,44.64967503641491],[-0.239939024757861,44.64950156369913],[-0.239827113379967,44.64909415463273],[-0.239727415022386,44.648730087526964],[-0.239903062930119,44.648604112141314],[-0.24012440549004,44.64844967626696],[-0.241032691943341,44.647818011119355],[-0.241302099499242,44.64763035729734],[-0.24126387542502,44.64757146951669],[-0.241204067980803,44.647475281234875],[-0.24115003239876,44.6473894657394],[-0.241137209903798,44.64737281224003],[-0.240647591789018,44.647668647201954],[-0.240159548216373,44.64795902756222],[-0.239556561414197,44.64832485620936],[-0.23905534515791,44.64762673962174],[-0.238738768960662,44.646886450170065],[-0.238815551835688,44.646860864034956],[-0.238801026220004,44.64636230085474],[-0.238790997818495,44.646010022863265],[-0.238777449450913,44.64579849831359],[-0.238782826131812,44.6457976199667],[-0.238937405765165,44.64574218298159],[-0.239086993968115,44.64567896298967],[-0.239217503578584,44.64567027333733],[-0.239343271665672,44.645662533395466],[-0.239346129281656,44.645672721365315],[-0.239437076455891,44.64566302828298],[-0.240122269609014,44.64559248977266],[-0.240138707865094,44.645474514010886],[-0.240108983467496,44.64535708037055],[-0.240107395714634,44.6453536129019],[-0.239915480923256,44.6453786999732],[-0.239901146011197,44.645265500593716],[-0.239884448588039,44.64514633357921],[-0.239689454143107,44.64518808942839],[-0.239676601332512,44.64514674855259],[-0.239641203956805,44.645040383513894],[-0.239615011876501,44.644955823859334],[-0.239590802538744,44.64487940544145],[-0.239784995299593,44.644834699848786],[-0.239801168110495,44.644604554130815],[-0.239815965362819,44.64460069655367],[-0.240063766461393,44.64449621294545],[-0.240122054798253,44.644471708507275],[-0.240296689221382,44.64437882968121],[-0.240495499414286,44.64427839406967],[-0.240653101679811,44.64419880851983],[-0.240815236045362,44.64411683729875],[-0.240748567184035,44.64382010137675],[-0.240650124270105,44.6438201040728],[-0.240681094179353,44.6436125005956],[-0.240497150781073,44.64360491818621],[-0.240393439043817,44.643739328098974],[-0.240287419053937,44.643809472259434],[-0.24014761507565,44.643900068745594],[-0.239955121300699,44.64402473642917],[-0.239825562351306,44.64410476050496],[-0.239801363046483,44.64412069709084],[-0.23975102311356,44.64414514862063],[-0.239597932061912,44.64421541017378],[-0.239515763981761,44.64425043533059],[-0.239244725684722,44.64430856504331],[-0.239087202983347,44.64435444780569],[-0.238942894303261,44.64439967285777],[-0.238910170046984,44.64421024483192],[-0.23879576734512,44.64375479428164],[-0.238777837221914,44.6437634288505],[-0.2386803037094,44.643809986193595],[-0.238611855690924,44.64384217593276],[-0.23837899637857,44.64396946501283],[-0.238307759974672,44.6440080434223],[-0.238095950346633,44.644106332920245],[-0.238012805384607,44.64428248619039],[-0.237959987697493,44.64439999532125],[-0.237926895120515,44.64447421803729],[-0.237911470704008,44.64455720379828],[-0.237879689421957,44.6447442866357],[-0.237841392153183,44.64493219104191],[-0.237839599757664,44.644940532979724],[-0.237834585057566,44.64496527786811],[-0.237504419990055,44.644822584373316],[-0.237250550941655,44.64469855946914],[-0.237199557201921,44.64467212099696],[-0.237104801150301,44.64459353320524],[-0.236884311500074,44.64440680982375],[-0.236767534778008,44.6443095846327],[-0.236726626153779,44.64427194826105],[-0.23646396674891,44.64402338711764],[-0.236315613735435,44.64380706947738],[-0.236246573072693,44.64363780591885],[-0.236219284585362,44.64354724090688],[-0.236216574305498,44.643537408980734],[-0.236216715439315,44.64352668265484],[-0.236219074015981,44.64351940540777],[-0.236301942502658,44.643311996206656],[-0.236333823885275,44.64323204295498],[-0.236368146390576,44.643146251666394],[-0.236392650307648,44.643085075498114],[-0.236401474343901,44.643062922251744],[-0.236493576273171,44.64274603838795],[-0.236497132930792,44.6426343874137],[-0.236460153830081,44.64264096636249],[-0.236457297267367,44.64261320834092],[-0.2364572714321,44.64261275858508],[-0.23641479535976,44.64223142724289],[-0.236392341131046,44.642044851810184],[-0.236437261372437,44.64203371545245],[-0.236972464297209,44.64190136147973],[-0.236889859154551,44.64166293659036],[-0.237549081818018,44.6415080264582],[-0.239036769073241,44.64116332098298],[-0.239197474035837,44.64111806565571],[-0.239305929826889,44.641085964493115],[-0.239396971074931,44.64105608551959],[-0.239453123080156,44.64128861642372],[-0.239524802827803,44.64155853533988],[-0.239632506830041,44.641961110697856],[-0.240048935637773,44.64186592089886],[-0.240320111719862,44.64180382034789],[-0.240255897452804,44.64160234113762],[-0.240625119284571,44.64150051373183],[-0.2409134681629,44.641802823842504],[-0.240872611781313,44.64181438351653],[-0.240774883976796,44.64184211706882],[-0.240840122846798,44.64202626631285],[-0.241599912281215,44.64184919143254],[-0.241651804727803,44.642000934292405],[-0.241674807450105,44.642078288632305],[-0.240863842540491,44.642267496475675],[-0.240860071177421,44.642313829703916],[-0.240823461222744,44.642750279064295],[-0.241259353613292,44.642662082780326],[-0.24187280504817,44.642538583207276],[-0.241878036140099,44.64254834108911],[-0.241994067810705,44.64277947545368],[-0.24232873740532,44.64345002538177],[-0.242400147326069,44.6435877703009],[-0.242430537511921,44.643639949425854],[-0.242452821092911,44.64367407546836],[-0.24251933048748,44.643757361800844],[-0.242586821441301,44.643905943825914],[-0.242635087381804,44.64401652577756],[-0.242717140770471,44.64420540705039],[-0.242837430111561,44.64448408037107],[-0.242863578630806,44.64454368217977],[-0.243252512892285,44.64544177008053],[-0.243423629310834,44.64581617286553],[-0.243557687228663,44.64607299731909],[-0.243594340230141,44.64612868670643],[-0.243669374115819,44.64622622900937],[-0.243801939727305,44.646354069664916],[-0.243855401156094,44.64637944170263],[-0.243961103785816,44.646426527292185],[-0.244094758489721,44.64647900962011],[-0.244256955643411,44.646533987968525],[-0.244444676615239,44.64659821842761],[-0.24457982149339,44.64663930348888],[-0.244902564010244,44.64673588173672],[-0.245129746269151,44.646805890702204],[-0.245395382924173,44.646886123290145],[-0.245533575627541,44.64692531569492],[-0.24573288974195,44.646984788652],[-0.245889293789643,44.64703993479393],[-0.245681209786571,44.647310226406184],[-0.245574700680951,44.64745076056448],[-0.245419602181283,44.6476527296953],[-0.245346730123257,44.64775055841544],[-0.245303487828739,44.64779525751165],[-0.245356858029054,44.64781900972087],[-0.245285179502225,44.64790031450168],[-0.245259724070023,44.64793169679803],[-0.245415735336045,44.647995324910745],[-0.245578821011335,44.64807000800601],[-0.245586251527532,44.64806095975764],[-0.24570401059926,44.64811129401173],[-0.245618739375836,44.64819984592768],[-0.24546889666907,44.64835724001257],[-0.245568189746861,44.648395952624156],[-0.245580614481702,44.64839910187734],[-0.245622148639148,44.64840581157349],[-0.245624456016974,44.64839547208104],[-0.245628584489082,44.64838607025762],[-0.245641622858899,44.64836919860463],[-0.245673313144173,44.64834087687644],[-0.24568981776956,44.64832939973923],[-0.245709372451735,44.648318283567114],[-0.24573026492479,44.6483084796606],[-0.245808689523182,44.648276352998415],[-0.245873804023673,44.648245428003555],[-0.245919731188358,44.64821885066589],[-0.245971191886999,44.64818535310198],[-0.246004188607956,44.648157803841535],[-0.246033101279955,44.64812947345729],[-0.246121207342529,44.64816680208681],[-0.246474731597653,44.64821471763439],[-0.246805578526634,44.6482589731407],[-0.246860656006951,44.64826852832628],[-0.246926544547905,44.64828389297344],[-0.246972693207806,44.648298395710775],[-0.247045925335733,44.64832291532848],[-0.247111096732426,44.6483499242391],[-0.247152312543289,44.648368626434426],[-0.247233743421908,44.64841056533462],[-0.247252532835579,44.64841902374468],[-0.247308870000996,44.648443859250705],[-0.247430299100899,44.6484899391946],[-0.24748729706058,44.648508718291545],[-0.247539739636804,44.64852510828984],[-0.24768627711346,44.648568828525256],[-0.247753953150186,44.64858891565561],[-0.247917828049895,44.64863122522746],[-0.248112860536135,44.648662257260064],[-0.248184361607381,44.64867862762389],[-0.248203936295666,44.64868318836929],[-0.248414599474368,44.648735745808146],[-0.248744484627779,44.648817957383386],[-0.249053079997284,44.64889430626637],[-0.249167475932309,44.64892563393947],[-0.249217293979644,44.64894246071974],[-0.249310766881529,44.648983053108104],[-0.249346776067267,44.64900118673029],[-0.249379011724253,44.649017358878766],[-0.24947494644003,44.64907436767938],[-0.249569304770407,44.649141243998656],[-0.249648004211361,44.64919704731153],[-0.249777067914696,44.64928569945016],[-0.24986486336736,44.64934601071536],[-0.249991585483343,44.64943563249632],[-0.250170809540562,44.64955794991274],[-0.250274475688801,44.64962860669921],[-0.250365389843947,44.649690447776685],[-0.250526131961382,44.64980087379544],[-0.25066934725741,44.649898479656166],[-0.250699191938162,44.64991913681989],[-0.250777815725085,44.64997359008422],[-0.250787212559764,44.649983315250076],[-0.250800936139693,44.65000021156265],[-0.250872823622388,44.65004729416129],[-0.251150433601495,44.65024708926579],[-0.251213507574614,44.650292358471155],[-0.251314109180934,44.65036454615854],[-0.251383885113207,44.6504143936592],[-0.251456300793118,44.650466235863384],[-0.251514373980852,44.65050795774932],[-0.251541500379516,44.65052743320804],[-0.25158691072001,44.650559706213045],[-0.251718876049865,44.650652595937956],[-0.25177718087747,44.65069395047335],[-0.251846639498454,44.65074047321775],[-0.251862787940764,44.65075126116253],[-0.251887610405002,44.650761433553285],[-0.252043792089998,44.65081243333884],[-0.252439090027561,44.65091667783668],[-0.252869433377664,44.65103322515864],[-0.252897345472098,44.65104006270074],[-0.253040113483208,44.65107514706776],[-0.2530608208084,44.65108399863585],[-0.253091353232136,44.65109030851091],[-0.253126037708534,44.65108982854223],[-0.253158587863158,44.65108517650025],[-0.253200555236877,44.651075291645554],[-0.25323169595539,44.65106590556836],[-0.253274174049728,44.65104519323274],[-0.253308718559345,44.65102480444402],[-0.253365064577945,44.65099287155811],[-0.25339318509399,44.650968346812824],[-0.253455444911602,44.650907677028535],[-0.253720634455949,44.650653980088336],[-0.253929252655353,44.65067090661178],[-0.254145908401799,44.65068930813175],[-0.254335044504228,44.65071203335012],[-0.254344305671334,44.65071284197833],[-0.254573480006188,44.65080809293802],[-0.254766556024895,44.6508989999767],[-0.254972115668704,44.65099404433937],[-0.255170858433386,44.651093433824556],[-0.255232729566872,44.65112873478912],[-0.255257828290909,44.6511436738059],[-0.255364082413493,44.6512130785903],[-0.255532438674227,44.65133705947154],[-0.255604407289077,44.65138981332679],[-0.255815375930722,44.65154344454443],[-0.255901795217913,44.651603791890835],[-0.256050309557273,44.651714210134735],[-0.25613671252973,44.651776449974655],[-0.256285178237754,44.651881643355075],[-0.256407269351655,44.65197166505059],[-0.256601208089917,44.65211885854833],[-0.25672758507874,44.65221749374572],[-0.256843288493012,44.65230617141324],[-0.256918885592801,44.65236269207808],[-0.256965081790931,44.6524062929543],[-0.257058257690118,44.652491759603954],[-0.257101633770377,44.65253679506867],[-0.257231975673369,44.65267558933758],[-0.257288648166637,44.6527366318952],[-0.257288599360165,44.65273661465988],[-0.257353384128689,44.65279085928265],[-0.257377901360362,44.65281536599968],[-0.257417158902867,44.65284592589069]],[[-0.257288516949969,44.652736545657305],[-0.257288555485329,44.65273659916612],[-0.257288599360165,44.65273661465988],[-0.257288516949969,44.652736545657305]],[[-0.257281818512927,44.65273422010056],[-0.257298810709347,44.65275083919447],[-0.257288555485329,44.65273659916612],[-0.257281818512927,44.65273422010056]],[[-0.253534544408565,44.65504416845149],[-0.25350509966158,44.65513540890458],[-0.253482920224027,44.65520381953488],[-0.253456089803105,44.65526164468231],[-0.25345184130709,44.65527114048162],[-0.253450437186724,44.655334254379184],[-0.253439546965096,44.65535989396919],[-0.253454309836569,44.65543190292511],[-0.254066890960938,44.65538747509187],[-0.254362603798297,44.65536462515044],[-0.254695608346801,44.655340496448],[-0.254506413548953,44.65482760879459],[-0.254162763825807,44.654868449199405],[-0.253568249233142,44.65494144956545],[-0.253534544408565,44.65504416845149]],[[-0.247748749547598,44.648897131339275],[-0.247693768862817,44.64898560600496],[-0.247646820879315,44.64906672651586],[-0.247741520763873,44.64909358847352],[-0.247830253240244,44.6491176522589],[-0.247837612012275,44.649120499580434],[-0.247883633676501,44.64904958785679],[-0.247902566512296,44.649056149786645],[-0.247924770158437,44.64901873535656],[-0.247996688233952,44.64890002889047],[-0.248012734774345,44.64890469332812],[-0.248149730822167,44.648723795699375],[-0.248184497986996,44.64867880382326],[-0.24811338012251,44.648662512303744],[-0.247918221628221,44.64863148397402],[-0.247748749547598,44.648897131339275]]],[[[-0.256074637398624,44.648108087244026],[-0.256013500449564,44.64816187766939],[-0.255980469755162,44.64819312530608],[-0.255941189749149,44.648236360553966],[-0.255904297351065,44.64828159784957],[-0.255867492028697,44.64833052681333],[-0.255821748602715,44.648401704268224],[-0.255739814589049,44.64854774234187],[-0.255700993060427,44.648605470668734],[-0.25566442106641,44.648649707302965],[-0.255631010623656,44.64868312849582],[-0.255585927062525,44.64871986685314],[-0.255561100199666,44.648735825468606],[-0.255494343398692,44.648773202026135],[-0.255432595423924,44.64880115037938],[-0.255393480415087,44.64882104373865],[-0.255336848057754,44.64885451792102],[-0.255295140219706,44.64888196618777],[-0.255240295300238,44.64892016317342],[-0.255180645306268,44.648969133833745],[-0.255137092831091,44.64900834981362],[-0.255107999835797,44.649037859363915],[-0.254976619687541,44.648928918027146],[-0.254901623056937,44.648897968026354],[-0.254750464799902,44.64883556155806],[-0.254315877419652,44.648656254721296],[-0.253932810594326,44.64854940479128],[-0.253838190475409,44.64867256801513],[-0.253718059726533,44.648649072694816],[-0.25358915151054,44.64862439391815],[-0.253447510782077,44.6485672019438],[-0.253343692686027,44.6485267372265],[-0.252808857780799,44.64831838806757],[-0.252633285879119,44.64824624517609],[-0.252436693937511,44.64816417834374],[-0.252279650657884,44.64810031993349],[-0.252219979832451,44.64810522899125],[-0.251845733107818,44.64800234746651],[-0.251602340140416,44.647933819818626],[-0.251492527853005,44.64792722840264],[-0.251280427320263,44.647913193240456],[-0.251202561424603,44.64789151576753],[-0.25080572310714,44.647722979201525],[-0.250785690467413,44.64775204091907],[-0.250673228138582,44.647673263787915],[-0.25047152472051,44.64760314745464],[-0.250191157180115,44.64752155775291],[-0.250052248058706,44.6474634703983],[-0.249945362743696,44.64740038679482],[-0.249720239122456,44.64726338023853],[-0.249702575691912,44.647289759103536],[-0.24938598716281,44.6471600358439],[-0.248925353145351,44.6469728245143],[-0.248884304422171,44.64696357892612],[-0.248841466390741,44.64696051292449],[-0.248643597630376,44.64697650945946],[-0.248699416315592,44.64702082174177],[-0.24863766222002,44.64710778400082],[-0.248827675230219,44.64717004771625],[-0.248761625802207,44.64726569608525],[-0.248893444075129,44.647340932795125],[-0.249061639113102,44.64744068955713],[-0.24934586001068,44.64761101058016],[-0.249383162531944,44.64761000425619],[-0.249470457657495,44.647637622938305],[-0.249964633157122,44.64780663648192],[-0.250172886037407,44.64795089639745],[-0.25037680724432,44.648120692447925],[-0.250814797131251,44.648298022011375],[-0.250939433172473,44.648349319969725],[-0.250784324805136,44.64852021182668],[-0.250498314547407,44.648837495833305],[-0.250606206074561,44.64890045934606],[-0.250709913645337,44.64896309527206],[-0.250924993755318,44.649089943526754],[-0.251227192068072,44.649256577967385],[-0.251368491759602,44.64911979024071],[-0.251455302254657,44.64916300960763],[-0.251484578128458,44.64917818697348],[-0.251615942433409,44.64924541488232],[-0.251722659386651,44.64930111354737],[-0.251760975041155,44.64932638684576],[-0.251891391096456,44.64940778857787],[-0.252004036884156,44.649478720280754],[-0.252199795795598,44.6496053236399],[-0.252320834097525,44.64968168467839],[-0.252431988264433,44.649755182762696],[-0.252456514085909,44.64976896787708],[-0.252527954206649,44.649703343171105],[-0.252722223381178,44.64979755225618],[-0.252814727150123,44.649840963534224],[-0.252923244417644,44.64989282380525],[-0.253182226949965,44.65003441460169],[-0.253097068451862,44.650124771360304],[-0.25313046954961,44.650152351323165],[-0.25321579987121,44.650174258437886],[-0.253234812279064,44.65021496637227],[-0.253321639273392,44.6502365590574],[-0.253599929545551,44.65031027346356],[-0.253702630154001,44.650337886154176],[-0.253806706586248,44.65036527805286],[-0.253883564938426,44.6503847309091],[-0.25376566610996,44.65050046988855],[-0.25356315655018,44.65069420556201],[-0.253376142647886,44.65087432972534],[-0.253290006428683,44.650956515984035],[-0.253254548535606,44.65098513106601],[-0.253228685947347,44.65100066908293],[-0.253189198479742,44.65101633770595],[-0.253151301234401,44.65102457103238],[-0.253112524587032,44.651028505252874],[-0.25308517481033,44.65102921991423],[-0.25303602382621,44.65102399850034],[-0.25295985208987,44.65100551596933],[-0.252670071381751,44.65093177750458],[-0.252372733487027,44.65085393565877],[-0.251905742991499,44.65073224729924],[-0.251892267759097,44.65072840880004],[-0.251881959781669,44.650722584964974],[-0.2518226415656,44.65068117018513],[-0.251598026365174,44.65051829211882],[-0.251445543475869,44.65040888604763],[-0.251239865013572,44.65025914611544],[-0.251017414685415,44.65009872622462],[-0.250992988219212,44.65007790980941],[-0.250948170890908,44.65004715090747],[-0.250877335813225,44.64999643327435],[-0.250767173384471,44.6499182191298],[-0.250637294966711,44.649826438374056],[-0.250586322033293,44.64979180568341],[-0.250496879507922,44.64972703819695],[-0.250388910735119,44.64965182273053],[-0.250190530948138,44.64951691372128],[-0.250134058626003,44.64947883838787],[-0.250002480404938,44.64938818817446],[-0.249906334805459,44.649323166797544],[-0.249800399291302,44.649248161352595],[-0.249730795958816,44.64920344377347],[-0.249572620249827,44.649091499630565],[-0.249437691299889,44.64899743327529],[-0.249389261478079,44.64896966329079],[-0.249281718780219,44.64891272529192],[-0.24920220758968,44.64887784956214],[-0.249151861133376,44.64885842531279],[-0.249077008549408,44.64883647755275],[-0.248981493848824,44.64881081202379],[-0.248701948731267,44.64874135816341],[-0.24828400209704,44.64863794673389],[-0.247971340655836,44.6485610845225],[-0.247959663518405,44.64856214841873],[-0.247950575476453,44.64856214511216],[-0.247919513495994,44.648557561400104],[-0.247825301886408,44.64853915497927],[-0.247681865287428,44.64850543538892],[-0.247560866837009,44.648473399158185],[-0.247510471518403,44.64845748965104],[-0.247436809143082,44.6484320819354],[-0.247293687419373,44.64837753877885],[-0.247212324412758,44.648343346800964],[-0.247115016410566,44.648295296705605],[-0.247031338861029,44.64826036165711],[-0.246934971095385,44.64822642998987],[-0.24685575824759,44.64820325729826],[-0.24676936672045,44.64818254796148],[-0.24672125076969,44.648173328902125],[-0.2466297971713,44.64816114771543],[-0.246571195256543,44.64815394850051],[-0.246683877796568,44.64793439178134],[-0.246706238510209,44.64789093610125],[-0.246756853736126,44.647792408535736],[-0.246847526462296,44.647615846509076],[-0.246921279923837,44.647472038250015],[-0.24681210218656,44.647432626064244],[-0.247105603357678,44.64753852666021],[-0.247315782309679,44.64729592239225],[-0.247274699513088,44.64726856648038],[-0.247249963945681,44.64725766976031],[-0.2472753087935,44.64726818817084],[-0.247334193969037,44.64719491657856],[-0.247230137702109,44.647130485916136],[-0.247086514783699,44.647040907236665],[-0.247086756421617,44.64704071993296],[-0.247145686493613,44.64699231558529],[-0.247232398290995,44.646880653699235],[-0.247389061932345,44.646673139567106],[-0.247447116091889,44.646622688405685],[-0.247577554149647,44.64650325429379],[-0.247668868349885,44.64644299581085],[-0.247765911029887,44.64638139761092],[-0.247935643687461,44.646247383242134],[-0.247972999038871,44.6462079017859],[-0.248190925793702,44.645902806831224],[-0.248357908223505,44.645675165336414],[-0.2484027008831,44.64562240022858],[-0.248462143892252,44.645475677558565],[-0.248584886518142,44.64532574314466],[-0.248747707020854,44.64514417590963],[-0.248984005196036,44.64488422163944],[-0.249288172182553,44.64453838592805],[-0.249411218143912,44.644391595219545],[-0.249683766598254,44.6443904311836],[-0.249926438122986,44.64438987453939],[-0.249946249358815,44.64439199519003],[-0.25004333723265,44.64442536225391],[-0.250185172309906,44.64447741649458],[-0.250319215728381,44.64452348254248],[-0.250476931352228,44.64456858205956],[-0.250590392051136,44.64459696206936],[-0.250815808988852,44.64464295360986],[-0.250595594687339,44.64498245073303],[-0.251108298074446,44.64515136410706],[-0.251200921167491,44.6450154674624],[-0.251234390125396,44.64496555705671],[-0.251376438708944,44.64475882709879],[-0.251437758712752,44.64477162022884],[-0.251779082322457,44.64484240293669],[-0.251929983681767,44.64487436561509],[-0.252146589515502,44.644918541337866],[-0.25201674899109,44.6451093253659],[-0.251901237298789,44.6452794144841],[-0.252224330362985,44.64536884298571],[-0.252485060936073,44.644994541720315],[-0.252608362869751,44.64502938791312],[-0.252718649387156,44.64506614870265],[-0.252873406574648,44.64512115322407],[-0.253003381352288,44.64517319257881],[-0.253207079274629,44.64526045510631],[-0.253356681592068,44.64533327094113],[-0.253446305180061,44.64537937917662],[-0.253523953782219,44.64542574968521],[-0.253661762081867,44.64552161829937],[-0.253813324202893,44.645628344849136],[-0.253911286522012,44.645698625309244],[-0.254096883798863,44.6458330025553],[-0.25412022752482,44.645854751137165],[-0.254136758167483,44.645874357583175],[-0.254146545873226,44.64588866621238],[-0.254156870036574,44.6459100772174],[-0.25416096175671,44.64592410300205],[-0.254162351595914,44.64594379473298],[-0.254163353043341,44.645963317690416],[-0.254159788575889,44.6459890119831],[-0.254149118697351,44.646018429470516],[-0.254142269148145,44.64603313774757],[-0.254069432443304,44.64614439702599],[-0.254002022632544,44.646249099167946],[-0.253942937924595,44.6463296788159],[-0.253870112150567,44.646438955356295],[-0.253767055598202,44.64659300199515],[-0.253761042459233,44.64660471221639],[-0.253753162528884,44.64662999289291],[-0.253749127637426,44.64665191667532],[-0.253746689210299,44.646673072641725],[-0.253747793105363,44.64669655713893],[-0.253752276959755,44.64672174422205],[-0.253760429148294,44.646749256126945],[-0.253769958389844,44.64676564478169],[-0.253793082776871,44.64679451807317],[-0.2538188350965,44.646818628633994],[-0.253866845609663,44.64685442821183],[-0.254123792730849,44.64699157103653],[-0.254338105291595,44.64710293736465],[-0.254410254421454,44.64714145006014],[-0.254446447232254,44.6471605677553],[-0.254560920693965,44.647219459190566],[-0.254725603721926,44.64730849859693],[-0.254958045164906,44.64743212475995],[-0.255015017408467,44.64746135277453],[-0.255201805664471,44.64753973916385],[-0.255324563094178,44.64759343024262],[-0.255130512251411,44.64783062015417],[-0.254945946354118,44.64805068107667],[-0.255136614600755,44.64816778802592],[-0.254900323370262,44.64844073089918],[-0.255017852479923,44.64848691752138],[-0.255089709557579,44.648472277377046],[-0.255107829473993,44.64845165076137],[-0.255412957009909,44.64807468319442],[-0.255676475550879,44.647748767363],[-0.255893884029203,44.647845893453244],[-0.255989538390931,44.64788704674552],[-0.256004387642072,44.64789282653901],[-0.256212702930602,44.64795489926349],[-0.256267752037023,44.64797048757671],[-0.256268569231005,44.6479737072345],[-0.256193045732871,44.64802098354865],[-0.25612368472862,44.64807006057795],[-0.256074637398624,44.648108087244026]]],[[[-0.248368864124787,44.64543832273314],[-0.248305740130908,44.64555623041025],[-0.248229837400537,44.64566703497636],[-0.248085091702822,44.64588194908562],[-0.247980518718612,44.64603621462731],[-0.247865408799249,44.646204755620005],[-0.247672690380924,44.6463626016579],[-0.247560231299697,44.646434834314626],[-0.247504605206284,44.646474852355425],[-0.24743244723121,44.64654337807111],[-0.247333096793473,44.64663721056017],[-0.247283656260401,44.64669695956674],[-0.247171805192556,44.64684107621578],[-0.24708306015446,44.6469546899374],[-0.246954994478412,44.64706495333268],[-0.246886060488122,44.6471237429418],[-0.246824536983757,44.64716438434309],[-0.246688166241733,44.64710865113036],[-0.246621484440758,44.64708168638946],[-0.246533349029741,44.64705039598205],[-0.246423642589737,44.64719453893802],[-0.246128843924577,44.647072636391606],[-0.245865603662497,44.64697269267798],[-0.245541292101973,44.646864269608926],[-0.245402952556907,44.64681814359762],[-0.245228068628309,44.6467642601223],[-0.244990541962374,44.64668995975574],[-0.244724200753843,44.646606232909164],[-0.244604799306816,44.64656675831946],[-0.244077784704991,44.64638589077171],[-0.243973640782033,44.64634614799446],[-0.243925022680628,44.64632378749244],[-0.243865525163075,44.646290032833086],[-0.243826616105898,44.64625873751045],[-0.243803795728814,44.64623724181661],[-0.243641262184279,44.64603828827068],[-0.243485806229188,44.64577371217638],[-0.243328318277206,44.645419002576304],[-0.243106132844216,44.64491382702735],[-0.243010146604186,44.644702198241475],[-0.242698358657147,44.64400187518033],[-0.242609339653402,44.64380599002323],[-0.243577107673919,44.6440689901999],[-0.243664737919946,44.644093810160705],[-0.243799213394437,44.644129959929074],[-0.244116463144248,44.644517192751955],[-0.243907859833855,44.64460089298256],[-0.243997177852305,44.644784334351456],[-0.244051341762169,44.64490303221135],[-0.244086217327222,44.644888403207794],[-0.244145602052662,44.644863233710836],[-0.244335007721016,44.64478586305509],[-0.24437229737209,44.644832883592],[-0.244438458873372,44.64491662965571],[-0.244457170389137,44.64490842173154],[-0.244624859401795,44.644841869576744],[-0.244957459095704,44.64470875592811],[-0.245089926526008,44.64465522063219],[-0.245061836340899,44.644618922829245],[-0.244883385480093,44.64440656265063],[-0.245210043162162,44.6442820922672],[-0.245355004660719,44.64429648785476],[-0.245687292941519,44.64429826513702],[-0.245793432891652,44.644298212186484],[-0.246177221389237,44.6443000976794],[-0.246561111590487,44.64429936586792],[-0.246877151890348,44.64430828438716],[-0.247121998637183,44.644319203180956],[-0.247608297230179,44.64433906651876],[-0.247844809236063,44.644347705698195],[-0.248104518839245,44.644358095541875],[-0.248282535002552,44.6443634968945],[-0.248502076926622,44.64436893910797],[-0.248574234039236,44.64437051285211],[-0.248856431480213,44.64437690626292],[-0.249314394430594,44.64438687263963],[-0.249022972797705,44.644728279190915],[-0.24882894916473,44.64495527484524],[-0.248588721999166,44.645201828756555],[-0.248487961493905,44.645306155758824],[-0.248368864124787,44.64543832273314]]],[[[-0.247053451848682,44.647067287447456],[-0.247008127535639,44.64710429954021],[-0.246946805178219,44.647157189125906],[-0.247228359621461,44.64727263075646],[-0.247231543970171,44.647268752889474],[-0.247228007533134,44.64727309161417],[-0.246946169975764,44.64715711767945],[-0.247007718419252,44.647103770938074],[-0.247053451848682,44.647067287447456]]]]}}]}
