{"type": "FeatureCollection","name": "aoc_geojson","features": [{"type":"Feature","properties":{"dt":"Colmar","type_prod":"Vins","categorie":"Vin mousseux \"Crémant\"","type_denom":"appellation","signe":"AOC","id_app":2,"app":"Crémant d'Alsace","id_denom":3,"denom":"Crémant d’Alsace","insee":"67125","cvi":"1B001M 1, 1B001M 3, 1B001M 4, 1B001M 5, 1B001M 6, 1B001M 7, 1B001M00, 1S001M00","nomcom":"EPFIG","insee2011":"67125","nomcom2011":"EPFIG","id_aire":16,"crinao":null,"grp_name1":null,"grp_name2":null},"geometry":{"type":"MultiPolygon","coordinates":[[[[7.419343235807479,48.360185298695754],[7.419308011403617,48.360166789692386],[7.419273901972459,48.36014706762149],[7.419248865882853,48.36013394523765],[7.419231051525,48.36012469827181],[7.41921455301498,48.36012306151514],[7.419087627754391,48.360110679458856],[7.418990837960973,48.36011095899993],[7.418821446381353,48.36011133572164],[7.418768891837015,48.360111855957186],[7.418738435479197,48.360111461091364],[7.418717579491967,48.36011106825785],[7.41866803453395,48.36011039477697],[7.418656883506088,48.360109639632306],[7.418636895551648,48.360108313281316],[7.418604131528232,48.360106202332],[7.418559003362574,48.36010338150624],[7.418493070957532,48.36009917465067],[7.418438559166633,48.36009571286132],[7.41838852568896,48.360092444315235],[7.418234074229695,48.36008235041666],[7.418219462838744,48.36008064308103],[7.41820853610645,48.36007933886326],[7.418094585565719,48.360062056058965],[7.417870939817729,48.36002985437467],[7.41769597331796,48.360002503542766],[7.417669766376473,48.36039699108235],[7.417660845079127,48.36051608871743],[7.417666124622921,48.36051616200022],[7.417665990920793,48.360517788966014],[7.417795807750494,48.36051952179867],[7.417902507175221,48.36052130635289],[7.418009692928782,48.360522441890325],[7.418010366889819,48.36052241673434],[7.418264158549635,48.360546464387454],[7.418295373277438,48.36054944426005],[7.418314463145852,48.36055134485681],[7.418317061949316,48.36055169839732],[7.418318290179865,48.36055183276935],[7.418430048540064,48.36057036865413],[7.418503529043924,48.36058393554663],[7.418573247698672,48.36061548456843],[7.418627010023171,48.360638978671595],[7.418677311973934,48.36066152061363],[7.419008677858422,48.360736556428975],[7.418977231425639,48.36080963808275],[7.418979291074904,48.36081001173784],[7.41898299089235,48.360810594489024],[7.419111370723051,48.36083382569673],[7.419154575616443,48.36092313346772],[7.419165154581121,48.360994285703605],[7.419175834751262,48.36106020778784],[7.41919078612473,48.361151201151316],[7.419249627509168,48.361239925091375],[7.419253461014723,48.361238880867205],[7.419253775913562,48.36123940976916],[7.419692478896271,48.361119493515645],[7.419693137759023,48.36111928869443],[7.420007360099458,48.3610707905823],[7.420066601223493,48.3610677673923],[7.420273679294063,48.361057240975455],[7.420341562269057,48.36105407514208],[7.420368902656702,48.36105278378485],[7.420416780815351,48.36102558476647],[7.420416788369137,48.36102567459426],[7.420444873718993,48.36103967408125],[7.420451930645585,48.36104319515039],[7.42046557213676,48.36104944393919],[7.420513658141801,48.361071347016136],[7.420567680292536,48.36108987453211],[7.42061473618425,48.361105958897745],[7.420681341892682,48.36112780101937],[7.420737663205026,48.36114633270287],[7.420782844825544,48.36115942326838],[7.420818970258999,48.36116933776926],[7.421017446863509,48.36122374013622],[7.421066352311609,48.36120875743291],[7.421083355392751,48.361203526744205],[7.42114797452357,48.3612322911696],[7.421156333760983,48.36124486465895],[7.42116932611419,48.361264293667574],[7.421159086207592,48.361280805823554],[7.421147178277176,48.36129999346946],[7.421160547934004,48.36130300837856],[7.421422669313856,48.36136332295503],[7.421588960719839,48.36136783430008],[7.421700665698633,48.36137123071735],[7.421729574499533,48.36137411562964],[7.42205374733484,48.36138282065054],[7.422023306098274,48.36146298435587],[7.422009367321714,48.36149981941058],[7.422096480222885,48.361533960593334],[7.422172266813068,48.361563658928496],[7.422236577145409,48.36158873981881],[7.422261739446222,48.361598522826206],[7.422275178488323,48.3616039679913],[7.422290160730158,48.361610076379336],[7.422303142494718,48.3616149078559],[7.422374471066478,48.36164143855554],[7.422414338541191,48.361657250150124],[7.422455329741858,48.361673560406906],[7.422474461670268,48.361680775270585],[7.422487023970084,48.36168544218031],[7.422554039295928,48.361712133931455],[7.422597128081616,48.36172926686927],[7.422638111837359,48.36174548723432],[7.422675866853119,48.36176029635519],[7.42274760144161,48.36178843365124],[7.422753751600144,48.36179081704199],[7.422805080625833,48.36181106619304],[7.42286984129603,48.36183667059065],[7.422917434958445,48.36190734065226],[7.42351175272124,48.361777540427376],[7.423793494233153,48.36177367921202],[7.424021893466211,48.36177063960272],[7.424027841473939,48.36181078660882],[7.424039021880779,48.36188579086941],[7.424042629015163,48.361910976981534],[7.424048759784309,48.36195490177576],[7.424051574401537,48.36197227793137],[7.424085042734799,48.36197309955778],[7.425041751133568,48.36200077534237],[7.425170097999182,48.362004267285386],[7.42521927824811,48.36200540230183],[7.425248549669051,48.36214911496613],[7.425196873700653,48.36224683396076],[7.425178666194137,48.36228112572528],[7.425200939109092,48.36228227547391],[7.425231083129913,48.36228376172508],[7.425255886922764,48.362284456405035],[7.425274325053927,48.362285028624626],[7.425455567428532,48.36227113389935],[7.425503492960907,48.36226699921918],[7.425567129108977,48.362261556246594],[7.425643121091032,48.36225511060792],[7.425683393479528,48.36225162243694],[7.425694439180488,48.362251119335774],[7.425715579447495,48.36225005858264],[7.425794281097799,48.362242069769785],[7.425838171606744,48.3622397979156],[7.425895018829248,48.36221154040207],[7.425917034073224,48.36219999411569],[7.425926750459472,48.36219494507816],[7.425986814861564,48.362163143034344],[7.426114934199116,48.36209969060602],[7.426163581038855,48.362089671515875],[7.426229104833601,48.36207613778285],[7.426287725131295,48.36206412370817],[7.42621160276873,48.361922884020764],[7.42620710238364,48.361914401727574],[7.426177444178877,48.36185766000464],[7.426155257295001,48.36181577741136],[7.426200146648663,48.36181734279752],[7.426206789409846,48.361817544949375],[7.426262529065509,48.36181789358327],[7.426273897206643,48.36181800913838],[7.426306628278249,48.3618148928547],[7.426342047676219,48.36181158592126],[7.426419364167975,48.361804819893784],[7.42649908425093,48.36179769359852],[7.426559731553196,48.36179209150749],[7.426609034766634,48.36178826527895],[7.426754319951981,48.36179058137862],[7.427038008271053,48.361795380330896],[7.42708121957613,48.361796287262194],[7.427087719978154,48.36179640457884],[7.427112785589657,48.36179699895999],[7.427247579539618,48.361799977176915],[7.427591933928169,48.36197759002581],[7.427591926361998,48.361977500198535],[7.427592068723185,48.36197758498372],[7.427726618854519,48.36187973835869],[7.427760836264448,48.361889451847325],[7.427771225831779,48.36189239728482],[7.427787345145755,48.36187025793999],[7.427824071741423,48.3618198640755],[7.427866990384538,48.361759506647076],[7.427951024899006,48.361641472364056],[7.427973051418844,48.36160919986383],[7.427983769300963,48.36159357026826],[7.428018480653504,48.36155136163932],[7.428026694623654,48.36154132244005],[7.428088542930197,48.3615050370971],[7.428153962476757,48.36146780712172],[7.428171507436883,48.361457779272044],[7.428251565458843,48.36140972901421],[7.428362767686388,48.361342941988035],[7.428392969883876,48.36132586250199],[7.428413486348594,48.361314191562684],[7.428487420022693,48.361251231706994],[7.428504578898241,48.361236622615536],[7.428515526424838,48.361226931653725],[7.428708181328783,48.36105644341916],[7.428759080542568,48.361012187071935],[7.428765381218088,48.36100672491906],[7.428765260732097,48.36096356652724],[7.428961168651927,48.36098417045579],[7.428988167840022,48.3609868547273],[7.429028662843086,48.36099083620938],[7.429028909722343,48.36099055664016],[7.42911170565709,48.36088193915755],[7.429111139454385,48.360876824047786],[7.42909256264198,48.36083769035062],[7.42908935034077,48.36083808088359],[7.428561512636819,48.36090928398556],[7.428561250620116,48.36090938389923],[7.428560846243548,48.36090939902882],[7.428556316282768,48.36091019928844],[7.428105011275476,48.36098944019948],[7.42809223767281,48.360991900496714],[7.427497726051652,48.36110794489441],[7.427412458723206,48.36112465087835],[7.427391677926855,48.361125157845414],[7.42734526378997,48.361126353273995],[7.426869628455201,48.36113990786557],[7.426832871251841,48.36113695728889],[7.426612343247003,48.361119433244085],[7.426356774084831,48.361100065331776],[7.426222282613316,48.36108941548498],[7.426206233344117,48.36108830354598],[7.426153284590703,48.361084156030266],[7.426084106408211,48.36107836261111],[7.426057819102712,48.36107610161351],[7.425213384305994,48.36101341950535],[7.425209849445945,48.36101319121939],[7.425193245926415,48.36101191964566],[7.425175760675124,48.36101302389932],[7.424695046989423,48.361043339910715],[7.424637835613625,48.3610463796614],[7.424637812930641,48.36104611017882],[7.424598842906283,48.36096385457412],[7.424546532745709,48.360850018397],[7.424527297894164,48.360807844962494],[7.424494972864837,48.360756338830434],[7.424445896477988,48.36067770491961],[7.424360722376072,48.360539686037185],[7.424278240386842,48.36044328748574],[7.424267416484722,48.36043035576083],[7.424183890436339,48.36032958077496],[7.424113572154428,48.36025399346687],[7.424042212261183,48.360177273620074],[7.424035084599129,48.360169700443166],[7.423927815894445,48.3600535027695],[7.423893353086058,48.360015142363196],[7.423837100699631,48.3599604754054],[7.423744942209721,48.35986957445441],[7.423569745321007,48.35969491065348],[7.423489561507751,48.35963221702772],[7.423487523279537,48.35963049099779],[7.423410340284979,48.35956489175828],[7.423302079097137,48.35947864723788],[7.42317617856053,48.359357918839024],[7.423055200347614,48.359200872187195],[7.422765092040308,48.35933011772269],[7.422699454749567,48.35935834185917],[7.422439059702997,48.359419704635314],[7.42236867428174,48.3594477455438],[7.421896392037002,48.35962957119316],[7.421808781422658,48.35977593902169],[7.421811274818547,48.359955074798265],[7.421881882627607,48.360042186622486],[7.421882789601174,48.360043324169915],[7.421883389212807,48.36004402264969],[7.421923835252553,48.36009405458619],[7.421875010068234,48.36012444352459],[7.42148554654735,48.360369854559],[7.421383390478386,48.36042530359789],[7.421181518119834,48.36049447943608],[7.42112755171647,48.36051037213751],[7.4205388859271,48.36066707284776],[7.420532919651551,48.36067008907723],[7.420361356247351,48.360755612807324],[7.420306243005421,48.36077073695215],[7.42027186896714,48.360738229423184],[7.420233395984934,48.360702000230965],[7.4202242684047,48.36069314988237],[7.420166183719007,48.36063755854148],[7.41998046668179,48.360514555282236],[7.419886949055839,48.36045244739413],[7.419794577957926,48.36039110761448],[7.419791918731438,48.36039003548327],[7.419777760982276,48.36038407623035],[7.419685005985041,48.36034068257674],[7.419646794437151,48.36032363685595],[7.419556175957546,48.3602831369574],[7.419400624583805,48.360211720786936],[7.419343235807479,48.360185298695754]]],[[[7.429259931347456,48.34139076209636],[7.429219704692649,48.34151977612858],[7.429077860179818,48.341965281787516],[7.428884211491829,48.342708923214424],[7.429005185232725,48.34271529852231],[7.429120573906737,48.34272116187897],[7.429176736872474,48.342723565113765],[7.429237915694014,48.342726141006594],[7.429360392967774,48.34273110799633],[7.429476282865166,48.34273650168746],[7.429586902575454,48.34274191234128],[7.429669057804981,48.34274478406381],[7.429695222606357,48.34274569686457],[7.429699564732583,48.34274589475244],[7.42980302026862,48.34275130308053],[7.429919337194694,48.342756950689314],[7.42992042272669,48.34275700015925],[7.430026985023159,48.342762382089404],[7.430078371437666,48.34276424284191],[7.430135732067814,48.3427664205602],[7.430339288347716,48.34277592019674],[7.430446547158099,48.34278154600808],[7.430525229384736,48.34278490763078],[7.430555893804658,48.34278628253841],[7.430656594046991,48.34279107240451],[7.430704080458272,48.34279316903763],[7.430761059615508,48.34279563107522],[7.430867202701309,48.3428008477299],[7.430960423869265,48.34280510640611],[7.431085670591842,48.34280924701895],[7.431195196009851,48.342812894926745],[7.431343711360606,48.34281886720355],[7.431430523856066,48.34282246440859],[7.431508382592884,48.34282567600065],[7.431542161351366,48.3428271142373],[7.431604276057916,48.34282956375276],[7.431704099870869,48.34283357455382],[7.431782388585847,48.34283226427012],[7.431836250493194,48.34283141830099],[7.431883718790749,48.34283009089237],[7.431983498647893,48.3428271644922],[7.432067856933583,48.34282409476974],[7.432072977264186,48.342823902974004],[7.432080807647718,48.342823789889216],[7.432170010726595,48.34282207052008],[7.43231916040818,48.342817925287314],[7.432389685303833,48.342815914200905],[7.432473662026624,48.34281312881701],[7.432595496191694,48.34281045706054],[7.432699655975314,48.34280817697975],[7.432783004375875,48.34280595558577],[7.43286740801546,48.34280342426316],[7.432932265991337,48.342801535048174],[7.432967614721319,48.34280075137408],[7.433008488011264,48.342799760708274],[7.433095115711332,48.3427979569041],[7.43338667750223,48.34278991635868],[7.433436174476446,48.342788602424726],[7.433630087174255,48.34265004335468],[7.433853429870001,48.34259121154759],[7.434022027078155,48.342548398227954],[7.434074416428906,48.34253490061836],[7.434175370779093,48.34250903987894],[7.434286571581801,48.3424812631419],[7.434523093432412,48.34242004374466],[7.434631775951285,48.34238965768829],[7.434888114121834,48.34231498901216],[7.434984416551206,48.34228686888485],[7.435098591093163,48.34225429405428],[7.435118131636779,48.34224878565855],[7.435207766454481,48.34222334829417],[7.435256179423743,48.342209188179595],[7.435323054918173,48.342189560022824],[7.435420628554165,48.34216049074758],[7.435441193940296,48.342154313092934],[7.435552374890272,48.342123111590276],[7.435562403235934,48.34212021251051],[7.435679966728128,48.342086158362044],[7.435786678134587,48.3420548538486],[7.435786940043727,48.342054753917544],[7.435883548890416,48.34202707209123],[7.436004951316038,48.34199206266874],[7.436125956929237,48.3419571581046],[7.436159476887719,48.341947520913784],[7.436283607255527,48.341930431349795],[7.436429249251585,48.34191037237704],[7.436635968361704,48.3418820756187],[7.436761049197888,48.34186504001439],[7.436792051803785,48.34186081365491],[7.436808481145166,48.34185848544751],[7.436842949155719,48.34185367856558],[7.436943075536569,48.341840462115904],[7.437036808333824,48.341826764444264],[7.437096657571501,48.34181839242025],[7.437197913127209,48.341804142169835],[7.437311631451884,48.34178861343161],[7.437346645920149,48.341783876017956],[7.437490730839216,48.341764595000996],[7.437640142994178,48.34174277108353],[7.437677242956268,48.34170668638514],[7.437566058866236,48.34149756059659],[7.437558033145345,48.341482542511024],[7.437614560556201,48.34147645748642],[7.437750128916101,48.34146037912733],[7.437791745459629,48.341455393948344],[7.437800420269367,48.34145407734503],[7.437862895564327,48.341444795403966],[7.437876510319625,48.34144275283454],[7.437945377366988,48.34143232998421],[7.438106431636854,48.34140592358411],[7.438199571323305,48.34139161640857],[7.438237697936073,48.3413853201809],[7.438255182250974,48.34138268185388],[7.438292022089978,48.34137715477541],[7.438350612456509,48.34136828863625],[7.438374600518198,48.34136423486195],[7.438423108013501,48.34135601725282],[7.438441632330104,48.341352889322515],[7.438495476377372,48.34134384070744],[7.438729686566586,48.341279365042844],[7.438744443934755,48.34127484647048],[7.438746950936927,48.341274121632615],[7.438787055379966,48.34126243439136],[7.438999066456438,48.34120239547489],[7.439171346681885,48.34115366908437],[7.439245257969787,48.3411357570896],[7.439438612094192,48.34108849241329],[7.439520471116603,48.34106866000449],[7.439503491051202,48.341011625157115],[7.43947023682543,48.340899511439474],[7.439454970029757,48.34084835972003],[7.439448373462618,48.34082625934196],[7.439433444438589,48.34077590595707],[7.439407929137714,48.340689814679365],[7.439380903763702,48.3405986436423],[7.43936148232526,48.34053350013366],[7.439358627092058,48.340523694892035],[7.439349941826257,48.34049446387776],[7.439373348913472,48.340465921082874],[7.439370224753737,48.340449727944815],[7.439362290119798,48.34040857391656],[7.439346060414838,48.34032519803014],[7.439343222672445,48.340310796393574],[7.43933403807432,48.340262840710956],[7.43932090983744,48.34019538847043],[7.439313576653385,48.340156554792166],[7.439306981346797,48.340121658377186],[7.439304760164164,48.34010975675461],[7.439295643883086,48.3400626095138],[7.439293987917556,48.34005420107117],[7.439288868364607,48.340027179182925],[7.439284699003274,48.34000660974309],[7.439283930808045,48.3400023131658],[7.439275884320314,48.33996143365763],[7.439271187674577,48.339937820175294],[7.439274611436476,48.33991273054538],[7.439279713827775,48.339875502853204],[7.439279124601172,48.33984290422826],[7.439277259469561,48.3397311445631],[7.439276213443658,48.33967071830127],[7.439276202349797,48.33966738455372],[7.439275130066813,48.33960344488531],[7.439266921251779,48.33948858905894],[7.43926140964411,48.339410488055414],[7.439253835781424,48.33939121781126],[7.439243987142487,48.339365815152284],[7.4392215881605,48.339308623097786],[7.439200052473574,48.33925365146099],[7.439193319153644,48.33923633215094],[7.439157635117838,48.3391738713431],[7.439134959869476,48.339151833535446],[7.439115979075098,48.33913353194771],[7.439062700868958,48.33908200407891],[7.439049617557546,48.33906951875116],[7.439048771233828,48.33906909994207],[7.438985536134324,48.33903731981957],[7.43898468981163,48.339036901010004],[7.438750094860604,48.33894937224442],[7.438349863577289,48.33909009405587],[7.438208737715539,48.33913954324201],[7.437814302820757,48.33926409577268],[7.437564624998002,48.33931175845724],[7.437320341956457,48.33934326836698],[7.436938228499212,48.33937039476938],[7.436660609248575,48.339421716595126],[7.436660797033801,48.33942234034003],[7.436660400403019,48.33942244532572],[7.436661578488375,48.339425194632476],[7.436673004758296,48.33946450571816],[7.436677957064804,48.33948315349846],[7.436677972221689,48.33948333315487],[7.436703870724039,48.33956121031176],[7.436695190443022,48.339535223002024],[7.436656248987068,48.33954145922848],[7.436605284163213,48.339517327869345],[7.436602048810681,48.33951582716759],[7.436542243345634,48.339527892016854],[7.436541973872281,48.33952790212157],[7.436480191128403,48.33953895973395],[7.43645364542332,48.339544731082874],[7.436430272770067,48.33954966254672],[7.436380016716373,48.33955956698882],[7.436328293694648,48.339569706639196],[7.436322980000956,48.3395708070057],[7.436263787471713,48.33958212782765],[7.4362174084143,48.33959152637847],[7.436159337540304,48.33960172374156],[7.436123166485258,48.3396087570362],[7.436115854461933,48.3396102026562],[7.436089635459943,48.33961343852552],[7.436022751937225,48.33962171343338],[7.435925096970109,48.33963213324664],[7.435866288392043,48.33963839317843],[7.435813909293209,48.3396439614667],[7.435710663477473,48.33965540172114],[7.435698867228465,48.33965656487056],[7.435615762099014,48.33966481691701],[7.43551945066805,48.3396863599446],[7.435350917915281,48.33972340627319],[7.435228508362831,48.33974962201514],[7.435175167024368,48.339766219781424],[7.435114185123038,48.33978517651641],[7.435023381276407,48.33981273041245],[7.434990828359139,48.33982260142765],[7.434951570473655,48.33983470623405],[7.43485552088107,48.339864168759405],[7.434756617851566,48.339899865788134],[7.434678338281342,48.3399284818678],[7.43466391859303,48.33993379829224],[7.434586447349818,48.33996238400917],[7.434440295643899,48.340014810305185],[7.43433510043234,48.3400544373863],[7.434215288350894,48.340097045205894],[7.434159718394846,48.34012408890956],[7.434131929608315,48.34013756583727],[7.433953194473397,48.34022356288258],[7.43381551395005,48.34028990860323],[7.433686422233936,48.34033628785315],[7.433600223699944,48.34036718238027],[7.433556626301621,48.3403823328922],[7.433448410839299,48.340419819494755],[7.433383444389439,48.340438023462205],[7.433333131048653,48.34045207385497],[7.43320691607225,48.340486089509746],[7.433196872762874,48.340488808736865],[7.433053400493477,48.340528156659595],[7.432979341190874,48.34054913410767],[7.432901973914162,48.340570956341324],[7.432816597907871,48.34059397969488],[7.432771140916497,48.34060631598474],[7.432682120799811,48.34063100766871],[7.432641057159793,48.340642548526915],[7.432583611329224,48.34065857792542],[7.432502112216128,48.34068109534963],[7.432499605156224,48.34068182005563],[7.43241849504876,48.340704142621895],[7.432332526655969,48.340726557016204],[7.432249882807927,48.34074992814928],[7.432162351917986,48.3407746537462],[7.432033861498883,48.34081055556337],[7.432020525263873,48.34081429915465],[7.431988142226846,48.34082299147359],[7.431905938620053,48.340845174407065],[7.431850602770739,48.340860583723966],[7.431784302959095,48.3408790169353],[7.431483427220366,48.34096246603714],[7.431417389063932,48.34098079912008],[7.431409577091119,48.341040475475026],[7.43132827374168,48.341041267736266],[7.431292797487653,48.34104052383872],[7.431239714064852,48.34103935801194],[7.431142430928008,48.34105904133908],[7.431140035864841,48.34105949148457],[7.43101122321796,48.34108035551133],[7.430885515589427,48.34109957121198],[7.430749441850076,48.341120887089524],[7.430709712774411,48.34112742111346],[7.430526657927274,48.34115743465454],[7.430410478743256,48.34117584247619],[7.43040821084201,48.341176197732985],[7.43031508455527,48.34119067844084],[7.430275190360414,48.34119685805],[7.430193942488008,48.34120954220981],[7.430140328797012,48.34121812781923],[7.430085375239532,48.341226853682876],[7.429978904717784,48.341244987668055],[7.429857941083863,48.34126276306078],[7.42978728464259,48.34127441960609],[7.429718888513845,48.341285631037096],[7.42959716282439,48.341313617320715],[7.429490547900232,48.341338064084745],[7.429395271006574,48.34135911260841],[7.42938385721439,48.34136161246701],[7.429261075932192,48.341389908242896],[7.429260859410334,48.341390547130835],[7.429259931347456,48.34139076209636]]],[[[7.431717872137429,48.36192113467234],[7.431720899898976,48.361955443546535],[7.43166866316311,48.36194532449389],[7.431684669613999,48.3620998955861],[7.431671718754949,48.362113086055246],[7.431683219062135,48.36218213071462],[7.431552464736372,48.362191801955234],[7.431545852047828,48.36211978087591],[7.431449369112243,48.36213177333883],[7.431342749234374,48.36214702875787],[7.431197494659767,48.362146699525866],[7.431069958824348,48.36214642770142],[7.431001308745218,48.36214692505092],[7.430991580780164,48.36214701887906],[7.430692029693905,48.3621513835771],[7.430426294759232,48.36219277874761],[7.430408869011181,48.36223470157372],[7.430366203878376,48.362241885339124],[7.430236818979946,48.36255499581027],[7.430209355427598,48.36261901088726],[7.430318343497158,48.3626206086649],[7.430497018193011,48.36262437386469],[7.430560713472999,48.362610005061335],[7.430603884672828,48.36260721770756],[7.430624020838019,48.36260547278123],[7.430875584378732,48.362567581375956],[7.430927314413924,48.36255564269314],[7.431143850005683,48.36255618743235],[7.43114625649864,48.36258313049003],[7.431245810324348,48.362578682741095],[7.431422340324266,48.36257144324018],[7.431425481524161,48.36259907967562],[7.431622485444663,48.36259089316064],[7.431742169315637,48.362586232000595],[7.43186104731411,48.3625688051965],[7.431966807391826,48.36253051323707],[7.432013378471066,48.36251191883062],[7.432112395253642,48.362454595559555],[7.432165461984165,48.36242323249969],[7.432256176293726,48.362408571937124],[7.432285228483391,48.36240351921562],[7.43239913205652,48.36238483634539],[7.432643971112562,48.362389094323646],[7.432843577937169,48.36239414463651],[7.433139238134241,48.36239974232587],[7.433456795883474,48.36240523999535],[7.433935047084621,48.36241453957374],[7.433961626127067,48.36241543627083],[7.433982490718193,48.36241591624726],[7.434000883527149,48.36241594814783],[7.434144172754955,48.36241220250349],[7.434157937050998,48.362411867103035],[7.434177671489977,48.36243581816069],[7.434259508195412,48.36269902951794],[7.434399577523158,48.362952039422005],[7.434507562120089,48.36308117756759],[7.434601358217409,48.36307739328274],[7.434617556611757,48.36307705675471],[7.434707098197653,48.36307253067093],[7.434748607127205,48.36305484571775],[7.434808666950128,48.36309035191426],[7.435069786511379,48.363180140870895],[7.435166099632303,48.363214198441355],[7.435262261406142,48.363268896959084],[7.435330369106945,48.36330842667063],[7.435461117918035,48.36341724713547],[7.435480012580536,48.36343924702655],[7.435505128049465,48.36346606001144],[7.435563057338108,48.36353399542853],[7.435632173310496,48.36363674491167],[7.435689172825378,48.363740128617096],[7.435714277981191,48.36378604541518],[7.435780718379864,48.363908358987146],[7.436051906969901,48.36396677053506],[7.436138095617163,48.36398498686732],[7.436264561411662,48.36401097506127],[7.436585788564483,48.36407904426605],[7.43676091572337,48.36411600382356],[7.43683502596732,48.36413530315823],[7.436988203878689,48.36417335542916],[7.437224780247394,48.3642318002142],[7.437343612468492,48.364261858094316],[7.437470976842788,48.36429366855841],[7.437576441218577,48.36430953928359],[7.437756809204113,48.36433647887137],[7.437836345649538,48.364344760878716],[7.437865556904605,48.36434799104613],[7.437874206863446,48.36434793708405],[7.437985961290089,48.3643486132395],[7.438229505718489,48.3643518272379],[7.43842383737101,48.36433273630436],[7.438453778804381,48.36432539598172],[7.438613310424738,48.364294543509125],[7.438614819829573,48.36425637002138],[7.438448250083592,48.36372023855753],[7.43824147866185,48.36310992097958],[7.438185312378665,48.362758611921464],[7.438114804527834,48.362363956472265],[7.43810288775864,48.36236215051032],[7.438102390643566,48.36235946582096],[7.438173757231237,48.36229344195901],[7.438188422973748,48.36229577561715],[7.438262527371629,48.36229741247995],[7.438427340426572,48.362301955786904],[7.438505053960953,48.36230309672249],[7.438652926683157,48.36230719360867],[7.43870116394172,48.362308358411845],[7.438883395939154,48.362312608329574],[7.439075371119675,48.36231694312908],[7.43909745645727,48.362317466535025],[7.439275434579784,48.362314576391334],[7.439343536275455,48.36231238271094],[7.439473352954518,48.36230922599337],[7.439533682061116,48.3623078643875],[7.439598833427225,48.36230596143812],[7.439797015511254,48.362302132494094],[7.439954233389377,48.3622983980163],[7.440146461692598,48.36229452147893],[7.440241717745149,48.36229202956025],[7.440240820153685,48.36228620601047],[7.440284541387038,48.36230754423867],[7.44029169309109,48.36230736606893],[7.440293389643456,48.362317845423746],[7.440576509313971,48.362312631112076],[7.44072271774139,48.36230822730271],[7.440899076402123,48.362303773472],[7.440999276109221,48.36230217680094],[7.441197891002965,48.362297067714906],[7.441304942439666,48.36229494337008],[7.441413768965647,48.36229302265612],[7.441517270188888,48.362290490664286],[7.441619102565882,48.362289012426636],[7.441804581565394,48.362283674342486],[7.441818068599554,48.362283258342345],[7.441976327354036,48.36231264303522],[7.442217780581401,48.36235521546171],[7.442381237886634,48.36238530564363],[7.442547355171126,48.36241646721829],[7.442560600105702,48.362381187175636],[7.442850389751349,48.361781343167706],[7.442917428068249,48.36164338958888],[7.442911930068735,48.361642334401274],[7.442915172804311,48.36163590489215],[7.442364483433499,48.36153744695797],[7.442340843650685,48.36153292750404],[7.44235200773637,48.36149862666709],[7.442195458386754,48.361455841921206],[7.442177317214524,48.361492387035305],[7.442017227085342,48.36145730428895],[7.441922878939621,48.36144011937224],[7.441814837267473,48.36141930313521],[7.441714905982134,48.36139845278935],[7.44162024867776,48.36137920668152],[7.441503810366386,48.361356632692996],[7.441440965662874,48.36134421261034],[7.441351043276446,48.36132659084851],[7.441234402100734,48.36130321321412],[7.441190080777631,48.36129397275626],[7.441102465202063,48.36127644447946],[7.440973195727882,48.36125083707903],[7.44089037389827,48.36123402990342],[7.440759232723596,48.361208672722796],[7.440721548514668,48.36120116553215],[7.440623408310736,48.36118069765344],[7.440597154677309,48.36117564514633],[7.440451114829465,48.36114679157391],[7.44031441548885,48.36111965998472],[7.440150196506395,48.36108689235279],[7.440090819086772,48.36107389095295],[7.440044248198627,48.361068429023],[7.440038669199199,48.361034396060965],[7.439946570748524,48.36047871097799],[7.439937962728249,48.36043442883656],[7.439865648351351,48.36044435031402],[7.439475997728979,48.360497713519216],[7.439265725230431,48.36052641576347],[7.439196233609072,48.360536140842164],[7.439132342466917,48.360544934947626],[7.438992916802238,48.36056395093942],[7.438931825847983,48.36057227947362],[7.438705117646294,48.36060330919099],[7.438510508611961,48.36063016111422],[7.438320683582162,48.360656022322445],[7.43827444041118,48.360662442088675],[7.438117643014778,48.36068391063339],[7.438040531001978,48.36068986575146],[7.437885483012329,48.360701626506355],[7.437873771383026,48.36070224584021],[7.437688562019006,48.36070270186689],[7.437524171098608,48.3607030979971],[7.437356133241007,48.360703540509],[7.437277996668373,48.36070376643215],[7.437190941152857,48.36070405632284],[7.437106716244098,48.360704240038295],[7.437022768498541,48.360704503415],[7.436948818021663,48.36070466231024],[7.436864061529433,48.360704955890924],[7.436777283173093,48.36070532519917],[7.43674657499989,48.360570588922194],[7.436723132382825,48.36057480175275],[7.436680380156323,48.360582531813755],[7.436599397895923,48.36059710149541],[7.436597001990181,48.360597551744725],[7.436518288381228,48.360611766000616],[7.436443430592632,48.36062520490373],[7.436356997589611,48.36064087982592],[7.436275493738033,48.36065087317046],[7.436199882748166,48.360660195041866],[7.436124930524656,48.36066931195231],[7.436038334853063,48.360679856409156],[7.435867434851983,48.360700859257115],[7.435794496797723,48.36070981035876],[7.435714467853888,48.36071965792434],[7.435558557837986,48.36071639939713],[7.435476210759727,48.36071479947596],[7.435387348241187,48.36071290298275],[7.435312444997138,48.36071138445203],[7.435228203280655,48.3607097652439],[7.435142321340218,48.360707937103435],[7.434979244733093,48.36070467601931],[7.434892966014907,48.360702952676505],[7.434767678021086,48.360700438078965],[7.434731918882758,48.360699705322844],[7.434601613323115,48.360697018100005],[7.434552037299643,48.360695991953584],[7.434470229448213,48.36069437113321],[7.434439487898528,48.36069381074939],[7.434407113701364,48.36069313130195],[7.434407181899953,48.36069393974431],[7.434412385218141,48.36073798921758],[7.434530286089008,48.36157457615307],[7.434375817221104,48.36163010431155],[7.434379945277732,48.36164698059345],[7.43423098016951,48.36167959445035],[7.434155217805503,48.36169676024577],[7.434070403076922,48.36171561675946],[7.433926677416727,48.36173821187626],[7.433883804194164,48.36174612562459],[7.433854131589569,48.361751832774836],[7.433778822886531,48.36175834826309],[7.433709707107026,48.361764541620374],[7.433696061101646,48.36169413564124],[7.433616710231457,48.36170242443112],[7.433617176805789,48.36170474983295],[7.433613290516519,48.36170516573305],[7.433627101513717,48.361775925979806],[7.433474478784012,48.36179083393846],[7.433474594004211,48.36179380327546],[7.433469494561376,48.36179426460984],[7.433483478307944,48.36202739783066],[7.433478769651365,48.36202928629816],[7.433193125479534,48.362017367098225],[7.433174641901892,48.362016257149214],[7.433157925805929,48.36201526122171],[7.433078495230486,48.36201138767587],[7.432929542296081,48.36200408035142],[7.432880352748025,48.3620012367752],[7.432864453005005,48.36200030034458],[7.432758213504152,48.361997610804366],[7.432664188849157,48.361995454958596],[7.432542979595088,48.361993235709996],[7.432405894887107,48.361991971259194],[7.432285526257044,48.36199170270275],[7.432223316236287,48.36199159917559],[7.432197464428855,48.36199130564054],[7.432166040598656,48.36199068007709],[7.432063719304502,48.361989555302635],[7.432027570091435,48.361989016526586],[7.431920657990681,48.361963913889156],[7.43186827731209,48.361952088211495],[7.431827125522104,48.36194353661899],[7.431782416075081,48.361934487441395],[7.431717872137429,48.36192113467234]]],[[[7.432796092711476,48.35381204969873],[7.432775694772117,48.353865168308225],[7.43282712553456,48.35387063104855],[7.432844446298096,48.35387241528374],[7.432798624677177,48.35404732523606],[7.432791656463997,48.35407371847056],[7.432727735388533,48.35406764219911],[7.432704423907008,48.35406536143659],[7.432697616630887,48.35411130275531],[7.432692517138801,48.3541422216568],[7.432675525174091,48.354280638019404],[7.432675960927712,48.35432910148984],[7.432675968501461,48.35432919131731],[7.432655834140732,48.35439987167179],[7.432616408676901,48.35453840732559],[7.432609908324393,48.35456874789988],[7.432609706936314,48.35456956644263],[7.432586902875745,48.354651880977414],[7.432476861322913,48.354839648756474],[7.432424795444661,48.35493089881061],[7.432423544589077,48.354930495101925],[7.432148422019776,48.35484726331269],[7.432087217539127,48.35502256859961],[7.431994786024395,48.35513218081983],[7.431911563767024,48.35516980981793],[7.431426568757954,48.35497224478748],[7.43136372032754,48.35503344050705],[7.431290927004513,48.35510176686685],[7.431244611997028,48.355147385036716],[7.431224884481216,48.355166776638676],[7.431161316269269,48.35522745850828],[7.431144461435787,48.3552440392086],[7.431126110401803,48.35526211769997],[7.431119109495889,48.35527048980465],[7.431098458099119,48.3552949621851],[7.43109587761957,48.3552980324608],[7.43109353641013,48.35530073333423],[7.431037931849087,48.35536607306219],[7.431018702364464,48.35538977130059],[7.430980497757115,48.35543697801984],[7.430920461795877,48.35551230567572],[7.430867064748446,48.35557657143044],[7.430812861890079,48.35564411131413],[7.430798149623118,48.355662053513285],[7.430772636728213,48.35569301558476],[7.43072915099697,48.35574654744817],[7.430728410460092,48.355747386169725],[7.430725605802989,48.355751005492664],[7.430723399333169,48.35575370131221],[7.430690408246767,48.355795396184654],[7.430687349167835,48.35579920525282],[7.430671193589867,48.35581927401408],[7.430610790264595,48.35589506576593],[7.430581767064342,48.35591165133914],[7.430542939703186,48.35593383035584],[7.430530008326932,48.35594242442206],[7.430513162262359,48.35595269691737],[7.430491818451959,48.35596575099708],[7.4303988908481,48.3560214038666],[7.430397499114927,48.35602253729491],[7.430349313875394,48.35606362937968],[7.430304475343628,48.35610432583121],[7.430295175369502,48.35611269382282],[7.43026749347807,48.356138780850266],[7.430249365035751,48.356130628579116],[7.430176559053995,48.35609776007386],[7.430146530114655,48.356112040293105],[7.430119225559552,48.356124956974774],[7.430062826423245,48.356150406765316],[7.430026621727238,48.35616681044252],[7.429992154009095,48.3561829688705],[7.429922964087882,48.356215475440365],[7.429762098144862,48.35628962025839],[7.429628424480806,48.3563511228209],[7.429442145868618,48.356436581022464],[7.42931965391765,48.35649279874037],[7.429218045523128,48.35654012481901],[7.429153724848489,48.35660957430394],[7.429135508879143,48.35662926936432],[7.429036985212054,48.35673568258601],[7.429002535529831,48.356772925931324],[7.428890373444954,48.356893996749605],[7.428832660376222,48.35700176613497],[7.428646651050763,48.35716750145738],[7.428490442661423,48.3573066200575],[7.428481977405432,48.357328112805355],[7.428468745582534,48.35736203895024],[7.428468610799421,48.35736204399335],[7.42846864106744,48.35736240330347],[7.428468648634445,48.357362493131006],[7.428513638234027,48.35761888669139],[7.428545039999902,48.35761446775537],[7.428582334408709,48.35760937777134],[7.428611617460042,48.3576054886469],[7.428643438695495,48.35760123420997],[7.428636223936993,48.35771621503091],[7.428629745180382,48.35785919271013],[7.428658348520275,48.357967606867206],[7.42865855897908,48.35796850009868],[7.428739589635313,48.35827391677968],[7.428749296433666,48.3583185187678],[7.428760755054266,48.358371075048865],[7.428770477023821,48.35841585668691],[7.428772213697754,48.35842363132678],[7.428783137922697,48.35847305372814],[7.428810378114589,48.35859737829582],[7.428810385682355,48.358597468123236],[7.428832768743256,48.35869944677597],[7.428841814032653,48.3587410097408],[7.42884707135606,48.35875847469537],[7.428857090838645,48.35879234180482],[7.428872375242348,48.358843763692356],[7.428889582709627,48.35890196202274],[7.428974824517817,48.358987711490606],[7.429109656887013,48.35912603199797],[7.429204679482133,48.35922033625869],[7.429313407312604,48.3593408904143],[7.429315383721675,48.35934027578933],[7.429315533647241,48.35934045039996],[7.429380868111472,48.359412977432754],[7.429400269644951,48.35946190230542],[7.429490641460698,48.35970479251814],[7.429545808940306,48.35984600375789],[7.429559581933398,48.35988108199326],[7.431191532537768,48.35938917766533],[7.431250060890489,48.35937130720358],[7.431258700849198,48.35940162137588],[7.431275991387694,48.359465583416],[7.431278117686978,48.359473163219754],[7.431278500845048,48.35947450053534],[7.432385220266398,48.35950010364071],[7.433343358439076,48.35952270128964],[7.433467487919818,48.35952273757905],[7.433446179785471,48.359457664696556],[7.433445804148237,48.35945641721504],[7.433445263419825,48.359454815473974],[7.433431534674575,48.35941387872421],[7.433428746127863,48.35940325998432],[7.433425356249062,48.35939032088642],[7.433403487617833,48.35931860078562],[7.433441102523131,48.359318903952534],[7.433422614616744,48.359258411186865],[7.433430335382575,48.359258572544256],[7.433888435175254,48.359266553521614],[7.433891278712671,48.35918805053029],[7.433498615199421,48.359181583393344],[7.433498749986713,48.35918157834452],[7.43349184553155,48.359181476525805],[7.433706153228568,48.359184622621044],[7.43385778169198,48.359186872363736],[7.434086167922196,48.35919021126753],[7.434088692528476,48.35909991567521],[7.434077744472152,48.35909996537529],[7.434053676613424,48.359099965909586],[7.434059667048391,48.35902350766604],[7.434068164973242,48.35893830483208],[7.434371582410431,48.358939913582674],[7.434371106907796,48.35891343878242],[7.434370230519248,48.358867785370975],[7.434371927463811,48.35882699164908],[7.434371740871447,48.35876707486179],[7.434371004348415,48.35870384457006],[7.434311013800452,48.358702758021224],[7.43425142761293,48.35870165629295],[7.434235103568953,48.358649192516715],[7.434218417461893,48.358594038973365],[7.434217680469143,48.358575683950676],[7.434215863920744,48.35853330974849],[7.434213463524966,48.35847599899987],[7.434211085865294,48.35841895773005],[7.434204287901576,48.358253408235974],[7.434265902930212,48.35825452406998],[7.434280258316736,48.3582547972452],[7.43427397430558,48.35821556406807],[7.434267735765919,48.35817686985211],[7.434260194852006,48.35813876509426],[7.434253323496837,48.35810378913476],[7.434244131253624,48.358054121924354],[7.434240021450631,48.35803264926062],[7.434235376889593,48.358008042746526],[7.434228414644896,48.35797198885671],[7.434225509159186,48.35795677884157],[7.434221893046058,48.3579347470143],[7.434213371581446,48.357881810671074],[7.434213506365339,48.35788180562143],[7.434204961765084,48.357820579931044],[7.434200957650795,48.35779234497888],[7.434185168540841,48.35768209997731],[7.434169086018464,48.35757799350855],[7.434167307494083,48.357566525930444],[7.434161214250994,48.357523140479714],[7.434150898829649,48.35745053701706],[7.434132457728336,48.357331290130205],[7.434115392053337,48.35721712803252],[7.434096083406728,48.35709881473791],[7.434068797987002,48.35690997299178],[7.43406091127103,48.35685494027465],[7.434073703103571,48.35678858985552],[7.4342657914708,48.35682978288268],[7.43459497652862,48.356935044169695],[7.434675041309103,48.356884015013584],[7.434724828258069,48.356852322745716],[7.434732917859932,48.35684724374155],[7.434775911892424,48.35673182242778],[7.434787599515818,48.35670047637741],[7.434793209478296,48.35668683961381],[7.434817725155994,48.35662644765992],[7.434846914826208,48.35655254411043],[7.434869914245051,48.3564886045057],[7.434876800524628,48.356470864908125],[7.434897765163772,48.35641646320694],[7.434930792865889,48.356331962906474],[7.434963955241583,48.356247457541],[7.434977175019051,48.35621344081559],[7.434982522899424,48.356199903966306],[7.435000112426584,48.35615518048491],[7.435025900709284,48.35608744175342],[7.435032122191171,48.35607143916172],[7.435050763879991,48.356023161901916],[7.435076529298559,48.35595515367116],[7.435082496347926,48.35593934083091],[7.435115028180565,48.35585377767454],[7.435119151081266,48.35584335049794],[7.435132550904341,48.35580986765754],[7.435138449716926,48.35579324636788],[7.435143706575067,48.35577863158058],[7.435160359954541,48.355734033243536],[7.43517415322081,48.35569720153516],[7.435199568664342,48.355631459144604],[7.435227679023733,48.35555759585285],[7.435252099473064,48.355492881950084],[7.435305278479033,48.35535878597768],[7.435337297526685,48.3552703583537],[7.435365109267686,48.35519776774364],[7.435375595693848,48.355171422709105],[7.4353953133261,48.355121483013775],[7.435402489901949,48.355102380806066],[7.435454459445503,48.354965176131145],[7.435487677469655,48.3548781452682],[7.435509829450397,48.3548218065111],[7.435520427769044,48.354795186923496],[7.435530830671692,48.35476785376756],[7.435554653932145,48.354705685234606],[7.435582434759919,48.35463273523406],[7.435589521898397,48.35461417702287],[7.43559817922071,48.35459339729081],[7.43560637322292,48.35457353603536],[7.435609875101224,48.35456376287878],[7.435622636661094,48.354529132401694],[7.435655331834216,48.35444392326524],[7.435675577158849,48.35439062957956],[7.435690273595516,48.35435169133661],[7.435726761024302,48.35425534644478],[7.435762712518025,48.35416226562534],[7.43579599180666,48.354077575184924],[7.435829531306921,48.35399116285692],[7.435833317810706,48.35398155924111],[7.435835087656983,48.35397689722556],[7.435870663113977,48.35388256887506],[7.435906165955774,48.35379058612006],[7.435936948030813,48.35370995410103],[7.435943489902044,48.35369294817811],[7.435982606267909,48.35359091768015],[7.43602043112399,48.35349281035627],[7.436028144684738,48.353472065937495],[7.436039166212215,48.35344245671702],[7.436060980896232,48.353386941397865],[7.436060973316842,48.353386851570555],[7.436060965737451,48.35338676174324],[7.436078555065365,48.3533436599518],[7.436167596533403,48.35333500572697],[7.436228210315083,48.35332912917016],[7.436226813667789,48.35327412343925],[7.436223025990526,48.353136304810356],[7.436222047691802,48.35310227935664],[7.436220874918571,48.35306114238778],[7.436220087774665,48.35303098455907],[7.436219046452313,48.35298659864839],[7.436218055594317,48.3529476175319],[7.436217373635023,48.352925115231635],[7.436216720333033,48.352901350296364],[7.43621574038115,48.352865702892714],[7.436183425955415,48.352735892140956],[7.436183154967442,48.352719862457924],[7.436183087689048,48.35271265606249],[7.436181293355799,48.35261287981367],[7.436179555621238,48.35250255839282],[7.436157223034759,48.3524173390689],[7.436127539290978,48.352304280511554],[7.43612523233744,48.35229616684204],[7.436113294203734,48.3521979422564],[7.436100457497058,48.35209227209224],[7.436139930562688,48.35208421429927],[7.436180204649838,48.35207603635434],[7.436199533906321,48.352072788660706],[7.436217268673052,48.35206987106936],[7.436266885597868,48.35206026153005],[7.436346034603967,48.352044949213976],[7.436507904682398,48.352015001510075],[7.436509903472222,48.35201465624388],[7.436544234140957,48.35200814276487],[7.436588207500033,48.35200054688727],[7.436611391931864,48.35199652381612],[7.436548361748716,48.35164691104402],[7.436432290388996,48.35099714246276],[7.436358027794622,48.35097902054892],[7.436182944630748,48.350942060035266],[7.436136300685242,48.350929210468344],[7.435977312298461,48.35088912320502],[7.435953797455034,48.350884417734456],[7.435894942981971,48.35087265656335],[7.435806440507983,48.35061203716475],[7.435743105826609,48.35065613281821],[7.435724977092665,48.3506687971756],[7.435674962312471,48.35070572526161],[7.435589185104154,48.35076904477612],[7.435490569313212,48.35084203679589],[7.435420855234609,48.35089385061115],[7.435381411795293,48.350923083301645],[7.435371865109976,48.35093010936211],[7.43533152372066,48.35095991635718],[7.435310139297163,48.35097405433439],[7.435284011002215,48.350991253670976],[7.43518881868911,48.35105195203373],[7.435116800545305,48.35109889585923],[7.435094757330124,48.35111323870461],[7.435015975253063,48.351164941527855],[7.434948161633179,48.35120884409708],[7.434850261286158,48.35127270742474],[7.434819500814534,48.35129269346725],[7.434823653138316,48.35129704343382],[7.434836575030806,48.35131079680166],[7.434810585007153,48.351316817013206],[7.4347173515675,48.35133824304512],[7.43467266887987,48.351355056192695],[7.434640134713885,48.35136844040151],[7.43461543653482,48.3513785572856],[7.434366432891585,48.35151025924402],[7.43429607401779,48.35154803907584],[7.434276025974556,48.35155879264395],[7.434139235667931,48.35163123130865],[7.433975104921969,48.351761013791354],[7.433965348965066,48.351768768453304],[7.433948373322017,48.35178229040889],[7.433905152080102,48.35181643997888],[7.433904388922679,48.35181700924008],[7.433957463677156,48.35185160592086],[7.43399121597514,48.35187349994454],[7.433967339843194,48.35198153694376],[7.433979222570297,48.35201983962399],[7.433997564635745,48.35207862590479],[7.433905242888641,48.352138134169756],[7.433721831632468,48.35219321534537],[7.433674264157315,48.35223194308855],[7.433636819145202,48.352262451895605],[7.433635444313409,48.352265386964945],[7.433573537268729,48.35239539398027],[7.433478418329555,48.35259008350078],[7.433468276447806,48.352609296701395],[7.433466280769172,48.35261288580478],[7.433430258763022,48.35268271984989],[7.433404059182643,48.352735965881344],[7.433398906916329,48.3527582361589],[7.433394843238415,48.3527757798687],[7.433378543051254,48.352845415739154],[7.433375180366221,48.35286004962562],[7.433375839367992,48.35286786461969],[7.433376731612688,48.35287684232272],[7.433379734062672,48.35290763801454],[7.433381383783765,48.35292559846866],[7.433378110713249,48.35294770823271],[7.433373624992789,48.35297788332658],[7.433372241274037,48.35298712651182],[7.43337128902027,48.352993469973185],[7.433346679740435,48.35301908235032],[7.433305074636666,48.353061190977506],[7.433296973473016,48.35306933413098],[7.43329391631275,48.35307476521794],[7.433282547746772,48.35309546612197],[7.433241578048689,48.35316755796388],[7.43314784887528,48.3532921785217],[7.433134784060152,48.3533087978275],[7.433128307674082,48.35331697021432],[7.43308319413527,48.35337840385175],[7.432972821254566,48.35352851836183],[7.432898291858885,48.35358582729303],[7.43277240688808,48.353614512043],[7.432814120780486,48.3536458401989],[7.432804440459066,48.35367053280516],[7.43279517803999,48.35369376797801],[7.432780926296807,48.353729985815754],[7.432777916043622,48.353737577794696],[7.432796570904405,48.35374075384483],[7.432821808500711,48.353745034997246],[7.432796092711476,48.35381204969873]]],[[[7.433243686794966,48.34393654121341],[7.433331038684181,48.34393849487348],[7.433424896364514,48.343940655267744],[7.43345917701596,48.34394162362079],[7.433531661169841,48.34394359353487],[7.433668543015139,48.343946214219706],[7.433808992096539,48.343952666000526],[7.433831923611704,48.34395369906816],[7.433904109592312,48.34395694149519],[7.43400186306584,48.343962019254654],[7.434052240977178,48.3439647271297],[7.434108001249951,48.3439671431726],[7.434209339941413,48.34397145562589],[7.43438386852918,48.34397969340287],[7.434892592807196,48.34400288964767],[7.434973358977063,48.34400689117962],[7.435036883328639,48.34401000701134],[7.435058864078488,48.34401098536778],[7.43519344356067,48.34401675440459],[7.435380617697662,48.344025868406945],[7.435492191539298,48.344031328011354],[7.435666285971892,48.34403921973993],[7.435937445387164,48.34405203297614],[7.436024117903832,48.344055542034845],[7.436064403384252,48.344057185636025],[7.436298972071939,48.34407209075059],[7.436369421795658,48.344075577007544],[7.436452697025271,48.344080474699],[7.436564084965167,48.34408693150493],[7.436661518061443,48.3440930103329],[7.436673886268589,48.34409380814753],[7.436755170646993,48.344099140725135],[7.437066942121084,48.344117457326426],[7.437186221420339,48.34412451875522],[7.437308353208281,48.34413174343005],[7.437544643987272,48.34414622107381],[7.437597627960868,48.344149370391456],[7.437655635535782,48.34415278184122],[7.437792421514009,48.34417026988681],[7.437886529239561,48.34418178905295],[7.438005494810275,48.34419634074138],[7.438081789643824,48.344205013487134],[7.438139800752664,48.344211668608345],[7.438186196620352,48.34422164296117],[7.43823548287953,48.34423222977847],[7.438318292274546,48.34424921867721],[7.43833108926164,48.34425189259326],[7.43858697035181,48.34430627395483],[7.438671480369664,48.34432419005502],[7.438742085093529,48.34433911335248],[7.438809255756792,48.34436299642828],[7.438871767446643,48.344384531103806],[7.438992065435397,48.344426065502546],[7.439041616280583,48.34445259192998],[7.439096268392012,48.34448190066192],[7.439302348067166,48.34459482945727],[7.439322223368247,48.34460769072522],[7.439369507879263,48.3446634082962],[7.439448395272139,48.34465954743898],[7.439581081574661,48.34465727249793],[7.439750748635107,48.344646310753525],[7.439751287632989,48.34464629052959],[7.440105881723356,48.34460658223997],[7.440189976021696,48.34458594484018],[7.440294322786682,48.34456022199536],[7.440352427675299,48.344508750116205],[7.440379726337009,48.34448465694253],[7.440430592439816,48.3444066933135],[7.440411163801777,48.344208634683554],[7.440318723229334,48.34414803384576],[7.44015282654466,48.344032337323306],[7.440044593939472,48.343954396538464],[7.439972079793606,48.34391845939],[7.439891384558236,48.343876881768914],[7.439751915306028,48.34380840315984],[7.439617741242525,48.343741798299014],[7.439533357063069,48.343701350097014],[7.439525320036208,48.34369741637065],[7.439485666324146,48.343677637679946],[7.439387968672901,48.34364120327818],[7.439265310338151,48.343610120780006],[7.43911670551137,48.343572712498414],[7.439070493783303,48.34356651632691],[7.43899952891859,48.34355692338635],[7.438898225666043,48.34354342226589],[7.438833115634029,48.34353433048169],[7.43882846600156,48.34353369389969],[7.438556413413337,48.34349586965443],[7.438500198507911,48.34348806603604],[7.438444664934236,48.34348032694619],[7.438330595501892,48.34346451074545],[7.438292163078785,48.34345919393187],[7.438199559790755,48.343446267013604],[7.438182189205353,48.34344385475273],[7.438177809081829,48.343443208036746],[7.438156620803285,48.343434000329424],[7.43807383002718,48.34339799698292],[7.438043534526633,48.34338498568919],[7.437980273381513,48.34337537353917],[7.437912085579155,48.34336504501719],[7.437795297177211,48.3433474379386],[7.437718214483029,48.34333582089772],[7.437655230529648,48.34332628829425],[7.437602437659856,48.343318986703686],[7.437553297344394,48.34331812629494],[7.437396802924933,48.34331534455139],[7.437226630926527,48.34331226451585],[7.437205242472604,48.343311895144176],[7.437199590707929,48.34331219720199],[7.437140894377262,48.343315029129904],[7.437063363873059,48.34331892775275],[7.436948950754478,48.343324659938624],[7.436883794150055,48.343327824101486],[7.43684811667822,48.34332952238137],[7.436763848811193,48.34333367344243],[7.436749446104851,48.343334393724966],[7.436661479437177,48.34333796250923],[7.436509680838059,48.343344375177544],[7.43649298743563,48.343345181318064],[7.436469429542058,48.34334633494958],[7.436403479560214,48.34334970881761],[7.436374674128499,48.3433511492933],[7.436301590148709,48.343354880696346],[7.436228857350454,48.34335796810255],[7.436168109406158,48.343360516016205],[7.436113829289623,48.34336282140987],[7.436052549925909,48.34336547929965],[7.436017126739099,48.34336698756965],[7.436005680859811,48.34336750679534],[7.435794942799619,48.34335143749661],[7.435731814213746,48.34334659513225],[7.435636844286452,48.3433392517972],[7.435331833072106,48.343316082490894],[7.435320527886579,48.34331506447201],[7.435263081469891,48.34331027920166],[7.435234631546683,48.34330792136834],[7.435185471238719,48.34330201445476],[7.435179736122722,48.343301328307774],[7.435164447531735,48.34329955846648],[7.435039502896585,48.34328459734666],[7.435038544519148,48.34328445304499],[7.435024191586671,48.343282558003104],[7.434793438151008,48.34325354014222],[7.43457688039727,48.34322615249492],[7.434517043369921,48.343218662993564],[7.434404728992075,48.34320439931413],[7.434380133781501,48.34320126603126],[7.434379587221303,48.3432011964027],[7.434247526988244,48.3431819955354],[7.434219366197124,48.34317665293157],[7.434212171623065,48.34317629176869],[7.434204572810387,48.343175945754425],[7.433969085410478,48.34316611735155],[7.433861107852729,48.343161602965],[7.433721387624219,48.34315575479351],[7.433592657608481,48.34315039577126],[7.433575207181291,48.34315023863596],[7.433503519026244,48.343149680753434],[7.433368271656463,48.343155198898174],[7.433205648041254,48.343161472262075],[7.432963637638313,48.34317207133222],[7.432710473669878,48.343191468153805],[7.432603833316254,48.34319960830188],[7.432528121116128,48.34321064478244],[7.432459751796966,48.3432205951374],[7.432404203149233,48.34323511145145],[7.432364655944903,48.343245423853176],[7.432078480786424,48.34333183752834],[7.431838212476608,48.3434048164911],[7.431659433603415,48.34345999271659],[7.431456404372767,48.34352094291825],[7.431217481813317,48.343593870146115],[7.431009131268969,48.34365745183583],[7.430972619594396,48.34343750467782],[7.430880544902229,48.34343563605611],[7.430588899131148,48.34342988633079],[7.430453912811678,48.34342728127859],[7.430161743280253,48.34342173033981],[7.430057765479281,48.34341976607509],[7.429871333092342,48.343416202926925],[7.429597714864444,48.34341103740471],[7.42870786110826,48.343362705766395],[7.428597614550829,48.34371484308394],[7.428569298929431,48.3438055638853],[7.428576643429633,48.343806100004336],[7.428576016505029,48.343808286146235],[7.429529881140382,48.3438686406414],[7.429718036306013,48.3438797993789],[7.429910279410997,48.34389134544364],[7.430083826187528,48.34389115578301],[7.430333466342132,48.34389406416077],[7.430537237589621,48.34389643674121],[7.431512088914459,48.343907419353386],[7.431584759170811,48.34390839225511],[7.431708449107147,48.34391006748266],[7.431888660702745,48.343911968462834],[7.432141123199242,48.34391467721456],[7.432415153022802,48.34391666763519],[7.432490795343173,48.343917618761],[7.432500535080561,48.34391770446482],[7.43252344383884,48.34391846830128],[7.432637860464091,48.34392238229319],[7.432753383827648,48.34392499314815],[7.433002300663612,48.343930536253666],[7.433243686794966,48.34393654121341]]],[[[7.437923191714738,48.365925922206536],[7.437820099795031,48.365954207089395],[7.437791843254751,48.365962295036105],[7.437716783660067,48.365983040947334],[7.437614456724263,48.366026795998636],[7.437529174732574,48.366062613032696],[7.437483862904203,48.36608332496409],[7.437490506046889,48.36614759516491],[7.437495574423787,48.36620282321966],[7.437529213591356,48.36654200019953],[7.437534631831809,48.36660938005841],[7.437540072837636,48.366677029392626],[7.437551320459061,48.36680384394886],[7.43756529801265,48.36693416058298],[7.437571373502653,48.366999713573854],[7.437574551339697,48.36705176848433],[7.437582429706975,48.36717231145727],[7.437588995482781,48.36729813003809],[7.437591661989461,48.367355340408594],[7.437595512376592,48.36742016579625],[7.437599488292611,48.367483274374614],[7.437603644530882,48.36754691685399],[7.437608190800624,48.367603966638825],[7.43761799605187,48.36777616079102],[7.437635910144365,48.36814530291011],[7.437640548439631,48.36827551896443],[7.437648503931038,48.36840497988485],[7.437665629499865,48.368814430787324],[7.437673394207057,48.36896885941247],[7.437730642730661,48.369818257132565],[7.43773397825242,48.36985615869515],[7.437806196065438,48.37092765745763],[7.437827830223484,48.371249531619625],[7.437832296092581,48.37125116642122],[7.437832371942481,48.37125206468126],[7.43785133671954,48.37125883293416],[7.437855487444343,48.371259938886325],[7.437971451904392,48.371303890968925],[7.438121113793833,48.37136090725],[7.43819400723843,48.37138809124679],[7.438970509938187,48.37168184435093],[7.438986801401557,48.371688982997604],[7.43911985882412,48.371738330509274],[7.439227432755658,48.371778991621504],[7.439230235360265,48.37178014807798],[7.439473933975854,48.37187283463611],[7.439574697431523,48.3719113178537],[7.439622309856373,48.37192899623878],[7.439697483386918,48.37195753562091],[7.439766008856814,48.37198902758081],[7.439770085567212,48.37199085712786],[7.43993594570837,48.37206186166489],[7.439953806169383,48.372065156707066],[7.439963837724411,48.37206703325558],[7.439998149748283,48.372072955284],[7.440020797206039,48.37207688178247],[7.44006863093952,48.37208436922033],[7.440139990293807,48.37208376549476],[7.440190264649204,48.372083321743396],[7.440199455156273,48.37208324738633],[7.440219319187004,48.37208304304948],[7.440264020398094,48.372082267625025],[7.440275368019913,48.37208211235858],[7.440347901009275,48.37207939194981],[7.440486900081314,48.3720741785517],[7.440546930161991,48.37208355121792],[7.440608735689525,48.372093127591825],[7.440615239191713,48.37209486608616],[7.440632007767478,48.37209964375015],[7.440691443304804,48.372113183726476],[7.440718467584563,48.37211928879566],[7.440747836937091,48.37212593666968],[7.440795262375941,48.372136593000604],[7.44080422300653,48.3721385997602],[7.440813257735928,48.372139882856004],[7.440893049350741,48.37215103718751],[7.44091775535089,48.37215371486468],[7.441043433105043,48.372165310509246],[7.441116052956375,48.37217321941153],[7.441136337467099,48.37219399489059],[7.44115351750622,48.37221164284679],[7.441232918607094,48.37228859225598],[7.441242124330467,48.3722886974695],[7.441251195233754,48.3722888077399],[7.441261441563231,48.372288423362626],[7.441311317416152,48.372286462213836],[7.441349247413996,48.37228557996004],[7.441366384749847,48.37228511728213],[7.44143790772359,48.37228324509981],[7.441468819481055,48.372282535987566],[7.441569266204196,48.37227723576129],[7.441627776281099,48.372273418675306],[7.441681313191626,48.37226996836083],[7.441684767201378,48.37227082999138],[7.441692514508377,48.37227288220635],[7.441729500223798,48.37228483094984],[7.441767685986546,48.37229817642715],[7.441787340931328,48.37230509840538],[7.441802379794656,48.37231021113664],[7.441838991468749,48.37232253432297],[7.441843953117973,48.372325231705425],[7.441844380354443,48.37232548600764],[7.441910950330813,48.37239462623751],[7.441938694313836,48.37240764254503],[7.441996863545035,48.37243339432016],[7.442041408596779,48.372453169293365],[7.442170200097525,48.3724487874954],[7.442305216094674,48.37244444233028],[7.442315101692133,48.37244299007188],[7.442318307010886,48.3724425093581],[7.442346329105631,48.372430013856246],[7.442384779947044,48.372412891833],[7.442460297241852,48.37237987113024],[7.442464873710593,48.37237321144402],[7.442466324505897,48.372371174572486],[7.442522942926484,48.372383377596854],[7.442550992967162,48.37238881299527],[7.442580968463697,48.372394626687715],[7.442602059155748,48.372399332006175],[7.442816157719268,48.3723817460497],[7.442835495892774,48.372380119242784],[7.442882147541264,48.372375214668985],[7.443011050283611,48.372402546698986],[7.443068166327774,48.372417434111235],[7.443159084330799,48.372430602372994],[7.443169624973978,48.37243209910827],[7.443182749986553,48.37243376918343],[7.443258780889626,48.37244362132461],[7.443390564680121,48.3724618337664],[7.443556501761861,48.37248408072112],[7.443664978930286,48.37249857198771],[7.443690440991118,48.37250058994535],[7.443720686318145,48.372506393228335],[7.443731684620539,48.372508503511135],[7.443747739638054,48.372511234987],[7.443793694405589,48.37251888159049],[7.443797845354714,48.37251998733349],[7.443809751325833,48.37252323497807],[7.443838965584923,48.37253123958809],[7.443863616843766,48.37253806380649],[7.443936304093688,48.372545157488126],[7.44401639891201,48.37255828081431],[7.444052606796075,48.37256422064195],[7.444066197097919,48.37256659404091],[7.444091190192597,48.37257106250523],[7.444184816541027,48.37258746242779],[7.444212439612117,48.37259264313841],[7.444280797579165,48.37260611676263],[7.444313807811439,48.372612627102555],[7.44450188888045,48.37265521749834],[7.444526265117903,48.37267637950391],[7.444609104898928,48.372742744907264],[7.444609239719894,48.372742739845854],[7.444609112495703,48.37274283473273],[7.444789120346115,48.37290584529955],[7.44481212944034,48.37291723651522],[7.44482921774078,48.37292578625105],[7.444859309799809,48.372940966519195],[7.444901759991753,48.37296154000037],[7.444924184264544,48.37297241248816],[7.445110800308984,48.37306002220418],[7.445172445699662,48.3730404965281],[7.445231313627183,48.37304729731217],[7.445277804482172,48.37305167924974],[7.44535949705983,48.37305329765562],[7.445434148521888,48.373054819945786],[7.445533278696473,48.37305632414041],[7.445548627522602,48.37305709946246],[7.445566148693,48.3730579734334],[7.445596142259668,48.373071985782936],[7.44563317327404,48.37308924818619],[7.445669042153326,48.37310556299943],[7.4456974463528,48.37311837345628],[7.445701618230637,48.373118126688844],[7.44571237358153,48.373117362374906],[7.445798431575172,48.37311142747897],[7.445817253434177,48.37311008991354],[7.445841745406146,48.37310862953268],[7.445859638708515,48.373107507050904],[7.445889739999505,48.37310520524359],[7.445927414846333,48.373122082938714],[7.446000013016336,48.37315368885541],[7.446027620958454,48.373195454681955],[7.446038327577615,48.373210101103076],[7.446050002195673,48.37321380777372],[7.446092954097186,48.37322751359351],[7.446168934049544,48.37324953078761],[7.446192777014406,48.37325638489696],[7.446300573696417,48.37328838086847],[7.446318856612301,48.373293461328224],[7.446347255147653,48.37330140587011],[7.446380843057634,48.37330194665272],[7.44653278239413,48.37330417002448],[7.44664737400624,48.373306173939916],[7.446664961696751,48.37330623425682],[7.446681740454037,48.37330632495368],[7.446749221600363,48.373299825548195],[7.446769480943336,48.37329789317772],[7.446900052860029,48.37328415802388],[7.446964691472155,48.37328082902757],[7.447019772908621,48.37327803920147],[7.447064414226327,48.37327654261051],[7.447123623894593,48.37330495622561],[7.447125310170946,48.373305703881826],[7.447127558539492,48.37330670075675],[7.447220379829414,48.37334872006226],[7.447229948612645,48.37335151450405],[7.447297398996008,48.37336862497055],[7.447315089536343,48.373373096757376],[7.447369323371594,48.373387459663306],[7.44741674641631,48.37338207379472],[7.447532172665549,48.373368366228036],[7.447575775041237,48.373362583156705],[7.447589420485189,48.373360808994995],[7.447643206507888,48.373352300452915],[7.447649729174822,48.37335106419716],[7.447761909471771,48.37332936836769],[7.447796043830328,48.37332358046334],[7.447873448481247,48.37331607682851],[7.447965210650757,48.373307222738056],[7.447991371713003,48.37330470798786],[7.448014550499777,48.373265359828714],[7.448033857934661,48.373233005535376],[7.448041437362225,48.37322028547585],[7.448225119512458,48.37291043155563],[7.448318560382323,48.37275364210409],[7.44845287961378,48.37252854437401],[7.448690260035884,48.37212773216252],[7.448700717428105,48.37211066867826],[7.448719135558729,48.37208060040516],[7.448729211286865,48.372063821591794],[7.448743667004883,48.37203966931115],[7.448778473590757,48.37200348842136],[7.448807374175777,48.37184002240011],[7.448816842031552,48.37178091424648],[7.448824013607603,48.371736220028325],[7.448833644607981,48.371675844182555],[7.44885190379849,48.371573602920705],[7.448855593236972,48.37155327940919],[7.448874819715201,48.37144009834765],[7.448887904902588,48.37136301224556],[7.448906123196436,48.37125230204235],[7.448937408364705,48.371073877932055],[7.448938850655938,48.37106535329208],[7.448949166580609,48.371001887881796],[7.448953906932593,48.37097161264557],[7.448959939539482,48.37093263818312],[7.448985823098683,48.37078307231911],[7.448987138162564,48.37077464256839],[7.448990950592245,48.37075098030443],[7.44899834033905,48.37070726905349],[7.449003633048755,48.37067553127135],[7.448989273939314,48.37057460580527],[7.448991456662762,48.37056524233505],[7.448994339763719,48.37055296898918],[7.44900104555306,48.37052514298707],[7.449006373393511,48.370503406211505],[7.449030285015779,48.370405638160015],[7.449052961036039,48.370314044084324],[7.449063882767737,48.370273714408306],[7.44906461355448,48.370271163833124],[7.449081940929444,48.370202658972936],[7.449093533993749,48.37015428416909],[7.449122924666794,48.37008929082497],[7.449130550426083,48.37007233367436],[7.449149558802219,48.37003007806611],[7.449161738567465,48.37000141553646],[7.449173029916204,48.369975039171884],[7.449209241344678,48.36989636288772],[7.449214492224787,48.36988490165092],[7.449250353732545,48.36980209338182],[7.449261902886978,48.36977237319933],[7.449264702887499,48.369765509628714],[7.449274948113382,48.36974115500843],[7.449282587572402,48.36972915343929],[7.449301663391656,48.36969888003773],[7.449927656154684,48.368671331742526],[7.450079767215524,48.36842177265193],[7.450229634907696,48.36817608227562],[7.450269363437807,48.36812619897891],[7.450508375352822,48.36783129018926],[7.450535652335351,48.367802059838986],[7.450544089066621,48.36779309196282],[7.45055437265245,48.36783947315049],[7.450441450034348,48.367972037081934],[7.450366679755068,48.36805847135379],[7.450257530065247,48.368184495309265],[7.449867010533029,48.36883995678764],[7.449348019544478,48.36971128524828],[7.449322726403397,48.36975278589148],[7.449308507973691,48.36978612073849],[7.449289786713325,48.369830167820474],[7.449254462437469,48.36991133390975],[7.449240638693762,48.36994294179602],[7.449221826069739,48.36998591095782],[7.449191236044643,48.370055905525646],[7.449159854324749,48.37012773205516],[7.449150115748363,48.37015008516782],[7.449143207617949,48.37016593401503],[7.449131116058593,48.37022279800512],[7.449127229112503,48.370240786086384],[7.449118866846524,48.3702793975821],[7.449096461850605,48.370383777270206],[7.449085950741576,48.37042895751414],[7.449073532084798,48.37048195899786],[7.449073539688872,48.37048204882319],[7.449122879519491,48.37051371589619],[7.449095987352375,48.37063538530522],[7.449092649287778,48.370655064861346],[7.449091005839448,48.37066440806675],[7.449077613472002,48.37074105523792],[7.449073151875552,48.37076663423544],[7.449066154908563,48.37080699662007],[7.449046983732808,48.37091603060268],[7.449021663792414,48.37106106973521],[7.449014072819145,48.37110559953655],[7.449006147876603,48.371152574884526],[7.448995858294951,48.37121315575052],[7.448990081543919,48.37124716448378],[7.448976981327,48.371324070953264],[7.448969917831276,48.37136524680932],[7.44895684036751,48.3714424227456],[7.448940639040202,48.371537017384014],[7.448932410420464,48.37158679756063],[7.448932306018836,48.37158716192803],[7.448932232033164,48.371587885596526],[7.448924134107273,48.37163441686209],[7.448906826365815,48.37173671249159],[7.448857627113203,48.3720182658648],[7.448776305886385,48.37215522665404],[7.448750175886551,48.37219964203611],[7.448708559174162,48.37227041108587],[7.448680762093542,48.37231750230564],[7.448649302601407,48.37237085867945],[7.448621647837998,48.372418034641036],[7.448565844503399,48.3725129457549],[7.448562174517452,48.37251912108851],[7.448557682446215,48.37252676908697],[7.448544549857214,48.37254897928157],[7.448462239671551,48.37268705823069],[7.448390603104179,48.37280743475244],[7.448355913432529,48.37286577836474],[7.448317889675649,48.37292947366462],[7.448225413018476,48.37308487519265],[7.448223163132893,48.3730886542713],[7.448159926973339,48.373194837883595],[7.448118950348936,48.37326360012645],[7.448110070359837,48.373278531714824],[7.448106071829176,48.37328562047904],[7.448083447596002,48.37332512804447],[7.448113855570416,48.37333443845115],[7.448214401560883,48.373365443592824],[7.44853696226703,48.37337008460274],[7.448811752491168,48.373419142260055],[7.44883216243555,48.37342378197196],[7.448881719474975,48.37343561661555],[7.448978900481322,48.373458817818644],[7.44926730582949,48.37351691457452],[7.449455035263632,48.373577622862946],[7.449697395285922,48.37362222033296],[7.449743008265696,48.37363059842545],[7.449756804453424,48.373635396447135],[7.449844032868229,48.37366563923901],[7.449998919796473,48.37371064023661],[7.450241954235479,48.37374881340182],[7.450325960479609,48.373777735195446],[7.45042819439205,48.37377434280267],[7.450437362359358,48.373773998176695],[7.450489264030767,48.37379115069399],[7.450650559964677,48.37384474082748],[7.450722233421143,48.37387655896237],[7.450744995289985,48.37388660671128],[7.450849574639792,48.37391250197301],[7.450854153140083,48.37391386173717],[7.450863452572374,48.37391666602143],[7.450900538311115,48.37392815769462],[7.450991795239323,48.373956446010006],[7.451017078682367,48.373964326358276],[7.451244308117341,48.374001109278716],[7.451248130952268,48.374003128215975],[7.451257882667912,48.37400807813018],[7.451265805595594,48.374012195690696],[7.451289859250039,48.37402471788092],[7.45131879145865,48.374078868152864],[7.45133822459927,48.374115083026574],[7.451392919848537,48.37418277252103],[7.451403948940007,48.374196415164946],[7.451411361829388,48.374205688220385],[7.451444272347386,48.37427167364898],[7.451449815064293,48.374282819237685],[7.45149211517733,48.37427762437091],[7.45152745768423,48.37427332186585],[7.451571764927266,48.37426787128165],[7.451576656643061,48.374268137910526],[7.451597991439264,48.37426931817228],[7.451675292305575,48.374273350204156],[7.451782711577915,48.37431040177666],[7.451821041651161,48.374322206831984],[7.451837699958099,48.374327257446794],[7.451886499325034,48.374354077803346],[7.451911753630595,48.37436799650498],[7.451961510285955,48.374370991525126],[7.452038849378008,48.37437547244399],[7.452128462964049,48.37437795985419],[7.45214710778885,48.374384107169305],[7.452229068741048,48.37441121225756],[7.452297431918837,48.3744534266332],[7.452311698227637,48.37446217157823],[7.452432599426688,48.374537012787],[7.452451723800262,48.374548819018756],[7.45251222196179,48.37456844085006],[7.452526130641239,48.374572964001096],[7.452540466629543,48.37457774141373],[7.452628175558621,48.374600845409795],[7.452710219743618,48.37462254038915],[7.452751590340488,48.37463350991797],[7.452771448754043,48.37463961149771],[7.452832987684444,48.37465874347435],[7.452878392218304,48.37467262502099],[7.452935060120182,48.37469013792618],[7.452948552425021,48.37469134258036],[7.453063315870927,48.374701714280526],[7.453083367881469,48.37470690741771],[7.453162204875937,48.37472746116926],[7.453177349915542,48.37473220807752],[7.453207505177694,48.37474170695938],[7.453267950559972,48.374760699628595],[7.453370459187332,48.37476531431931],[7.453401655045536,48.37477432345675],[7.453451173099416,48.37478886106351],[7.453477333744333,48.37480229480299],[7.453504341416461,48.37481614723124],[7.453539002681288,48.37483412720232],[7.453559694536469,48.37486921307866],[7.453565558505113,48.37487935527642],[7.453561839337253,48.37491526928143],[7.453560021619483,48.37493372031966],[7.453577531698574,48.37494243321592],[7.453601817917897,48.374954495661285],[7.453609448682626,48.37495835373122],[7.453619193185035,48.37496321362287],[7.453640120446551,48.374956388971064],[7.453671979412453,48.374946089323046],[7.453721593269788,48.374953774776245],[7.45374338074827,48.37495710030134],[7.453748079014637,48.374958275231386],[7.453763702574836,48.374962283178846],[7.453826893806993,48.37497855906274],[7.453886361038102,48.374993983783575],[7.453901707354772,48.37499791203193],[7.453952182555459,48.37501097165565],[7.454029071876576,48.37503087723654],[7.45405299599384,48.37503547399344],[7.454083933277412,48.37504142890937],[7.45411322220316,48.37504708538492],[7.454166023180962,48.37505726397925],[7.454210432296145,48.375065775818534],[7.454253747590435,48.375074148570725],[7.454287577175093,48.375080715511054],[7.454315221903151,48.375078143571805],[7.454342200112205,48.37507568681314],[7.454403406670814,48.375070140061666],[7.454493733398994,48.37506187567423],[7.454503145212172,48.375064405123815],[7.45450591025751,48.3750651120928],[7.454530391190968,48.3750714900288],[7.454574512339376,48.37508298623661],[7.454583861018444,48.37508317516552],[7.454609869437633,48.375083638390166],[7.454648477589278,48.37508434843488],[7.454687363008282,48.37508513814595],[7.454751933081896,48.3750634248737],[7.454805468407558,48.37505194887824],[7.45480546079304,48.37505185905358],[7.454809631101746,48.37500691688997],[7.454814938268087,48.37494985705138],[7.454862319265868,48.374739737207086],[7.454910008947318,48.374536454133356],[7.454924589281332,48.374473908997366],[7.454968153150754,48.374293759450346],[7.455015669045328,48.374035785248644],[7.455049831360071,48.37385004201417],[7.455075397853233,48.373802222105155],[7.455076675303002,48.37379974103111],[7.455121301326045,48.373716691287115],[7.455127855496114,48.373667964786094],[7.455139267928476,48.37355210277969],[7.455142710910142,48.373517730929315],[7.455143205386163,48.37351239575586],[7.455143508612784,48.37350959089531],[7.455143878127424,48.3735059725387],[7.455146250634788,48.37348290488085],[7.455151686735157,48.37342737198281],[7.455153903815394,48.373405661841474],[7.455153992947788,48.37340511781958],[7.455156038499997,48.373389361478296],[7.455167376148744,48.37330612254804],[7.455174775854931,48.37325141686132],[7.455193816333245,48.37311066736564],[7.455214525106541,48.37295769003821],[7.455228814468409,48.37282631064616],[7.455253061082867,48.37260498583913],[7.455359090608849,48.372202883621895],[7.455359082993798,48.372202793797086],[7.455451877756636,48.37161907417781],[7.455471199783784,48.371503995582614],[7.455480687449894,48.371448400199036],[7.455501894533806,48.37137470190729],[7.455523996993825,48.37122861039958],[7.455525579810502,48.37122494637112],[7.455547408667255,48.37117294151823],[7.455548244347852,48.371165250591616],[7.455554633368108,48.37111139380837],[7.455562531290518,48.371054596666134],[7.455569712524836,48.37099413192238],[7.455572316286776,48.37097060494051],[7.455579653738038,48.370904006730484],[7.455586260692324,48.37083995913102],[7.455593781123744,48.37075956696531],[7.455595307768366,48.37074247843354],[7.455597617358796,48.37072824400264],[7.455617235143824,48.37060549467252],[7.455646027320005,48.37041229325955],[7.455679698953343,48.37018412509644],[7.45568279000578,48.37016634689353],[7.45568278239047,48.370166257068604],[7.455682983479273,48.37016543849618],[7.455684819214787,48.37015518679856],[7.455691474288101,48.370120423593725],[7.455713552421139,48.37000596194917],[7.455728654773786,48.36992726680058],[7.455744286451632,48.369846839600974],[7.455747692779512,48.36982959019341],[7.455755566633096,48.36977729945387],[7.455781227967656,48.36960620292167],[7.455792061005414,48.369532985009066],[7.4558041698745,48.36945088813193],[7.455807671442465,48.36942678664883],[7.45581273906854,48.36939244360808],[7.45581550483271,48.36937242484093],[7.455817172975431,48.36936019698571],[7.455833382808291,48.36910952710494],[7.455834387582821,48.369094260419864],[7.455836940267869,48.36905577678176],[7.455840032366008,48.36900132307893],[7.455847630741439,48.36890750119313],[7.455847697012811,48.368906687693865],[7.455847870713383,48.36890235579678],[7.455850440236544,48.36885449990675],[7.455853284722554,48.36880510176711],[7.455855359064189,48.368767357017276],[7.455852204022594,48.36872854753633],[7.455851907022369,48.368725044360666],[7.455849987944945,48.36870240845611],[7.455845390525385,48.36864977606812],[7.45584356655833,48.368636237860635],[7.455817146198569,48.368504858276374],[7.455810972281782,48.36844958186987],[7.455810009673667,48.36844141793969],[7.455761361365987,48.36842910150502],[7.455697091316093,48.36841277734011],[7.455679971426648,48.36840864579201],[7.455652489585857,48.368401930564204],[7.455656585355055,48.3683688856465],[7.455670617753287,48.368253645324785],[7.455670610138276,48.36825355549973],[7.455657098469537,48.368226579997916],[7.455542649331592,48.36799641705154],[7.455493468747487,48.36791878958033],[7.455402253340251,48.36777443948663],[7.455304457877751,48.36774549971808],[7.455135542966308,48.36781565593611],[7.455084330120804,48.36783848920038],[7.455031807225637,48.36786182230059],[7.454803680498395,48.36778705401996],[7.454405344354276,48.3676905753134],[7.454172001386661,48.36763402447244],[7.453849353260215,48.36755614263661],[7.453445918604389,48.36745850097166],[7.453356867736827,48.36743698027211],[7.453372643100129,48.36741088522769],[7.453384517827669,48.367391424956374],[7.453280291726556,48.367385523728835],[7.453224714484043,48.3673823880086],[7.453181076317457,48.36737970425189],[7.453056423821711,48.36737213822004],[7.453000554162927,48.36736874306086],[7.452837887405512,48.36735783085433],[7.452610731110746,48.367343937425055],[7.452483306560286,48.36733557394755],[7.452385124128692,48.36732917428894],[7.452208519306027,48.367318154678266],[7.452081964589888,48.36731047895137],[7.452033705082867,48.367307518022734],[7.451955853539022,48.36729846105312],[7.451843716749713,48.367285376824675],[7.451688334549742,48.36726625929666],[7.451676716249203,48.36726480386902],[7.451662379000298,48.36726318035317],[7.451429903287337,48.36723596800448],[7.451346087922829,48.36722515244989],[7.451432617599672,48.36712430792633],[7.451507937105088,48.36703641036875],[7.451638285056751,48.366763156569846],[7.451748861342086,48.36653110615445],[7.451837517530603,48.366266989203645],[7.451958243375581,48.36590731916078],[7.45204486170744,48.36561597467356],[7.45206350224707,48.36555345702694],[7.452067769423005,48.365535184100295],[7.452073607571089,48.36550991349283],[7.452090320414736,48.365383128624984],[7.452099035481202,48.36532476894791],[7.452114252024717,48.36522182980841],[7.452142575637053,48.36504054120701],[7.452153050746271,48.36497103157357],[7.452159501061471,48.36492744525269],[7.452165839391508,48.36488413347659],[7.452160209369435,48.364879929757734],[7.452136115187723,48.36486209274329],[7.451720575945937,48.364750573419904],[7.451482626116809,48.36466977075539],[7.45148249131719,48.364669775824645],[7.451482618509466,48.36466968092982],[7.451449052153434,48.36463579967399],[7.45136556136122,48.3645952352186],[7.450889519507465,48.36436803216358],[7.450810039728615,48.36433010998282],[7.450258483663825,48.36409258758781],[7.450195914807288,48.36406592396871],[7.449931477891751,48.36395331352298],[7.449740238715653,48.36386831851929],[7.449712700540928,48.36385610731958],[7.449575040274893,48.36379541052646],[7.449446723506633,48.363738056941976],[7.449350448612895,48.36369499801464],[7.44925206067766,48.36365093709921],[7.449247699482551,48.36364893834884],[7.449102836650381,48.363583014960604],[7.448980317182718,48.36352544299998],[7.44876878173535,48.363419492477625],[7.44862842310472,48.36334925412748],[7.448471144291045,48.363270820575146],[7.448367045547529,48.36327590415772],[7.44818183737115,48.36328448624178],[7.448090071940619,48.36329469301978],[7.447918925025218,48.3633128387808],[7.447830590693464,48.36333003523335],[7.447377443234122,48.36341464541309],[7.447044696179645,48.363456703487536],[7.446798670560321,48.363460899977305],[7.446511740617767,48.36346591162862],[7.446481420147,48.36349273235506],[7.446105271848764,48.36432462208879],[7.445842678255423,48.36508105696594],[7.445859323460066,48.36513395789501],[7.445877324552256,48.36519329590679],[7.445887092256021,48.36522563943585],[7.445870602078639,48.36525770760082],[7.445864101686873,48.365270387094235],[7.445728165800202,48.36552744347899],[7.445539517950705,48.36588397951138],[7.44551590206519,48.365926137317594],[7.445461406819834,48.36591178360832],[7.445683091660623,48.36550615793717],[7.445707109675737,48.36546236296774],[7.445716051319816,48.36543697623042],[7.445786919708471,48.36523561935901],[7.4457763726057,48.36522763513275],[7.445705632123461,48.36517469328585],[7.445627531102751,48.36512905650931],[7.445642780590796,48.36512388812563],[7.445721728986643,48.36507721914869],[7.44583373424854,48.36478186302407],[7.44602063796626,48.364307255576904],[7.445968504479351,48.36430002233949],[7.445976065960838,48.364285500745254],[7.445990964900574,48.3642570066366],[7.44611872439436,48.36403603085451],[7.446256512159155,48.36379773723587],[7.446337691825878,48.363611221136445],[7.446339066245579,48.36360828594447],[7.446387865340548,48.36349777854277],[7.446148008059219,48.36350615742499],[7.445741376160282,48.36352043923314],[7.445424063414869,48.36353235647687],[7.44526095867672,48.363538481832215],[7.44466295761023,48.36355886511174],[7.444573421729642,48.36356186661225],[7.444521913912779,48.363563620404506],[7.444447213332963,48.363566154887],[7.444378586227709,48.36356855139555],[7.444374677100723,48.36356869816972],[7.444261500370189,48.36357357828623],[7.444247781403782,48.36357445381668],[7.444234332031944,48.3635753192235],[7.444170058306494,48.363579624720145],[7.444098925084733,48.36358436793832],[7.443958800175441,48.36359359362303],[7.443882686998555,48.36359861378337],[7.443821006643532,48.36360480417431],[7.443639193042231,48.36362316388008],[7.44339716644748,48.36364747816299],[7.443249300705764,48.36366591458141],[7.442987279845423,48.363698457760194],[7.442980076683056,48.36369962924002],[7.442977807895921,48.36369998473155],[7.442743851197529,48.36373498831403],[7.442670275938771,48.36374603998628],[7.442531661308266,48.36376674149832],[7.442401844559762,48.36378594121802],[7.442244502194482,48.36380905734035],[7.442138324400135,48.363824756408995],[7.442071690084452,48.363834736223815],[7.441941468605022,48.363853950613844],[7.441841969828363,48.36386867788598],[7.441801243412056,48.3638748017969],[7.441729127772128,48.36388552776416],[7.441606536430042,48.36390382468601],[7.441516524677303,48.36391720447536],[7.441415430847885,48.36393226156249],[7.441323284987728,48.36394599160846],[7.441205380962888,48.363963751789676],[7.441103231332798,48.36397911854932],[7.44106784357348,48.363984411125436],[7.440894350535586,48.36401164567978],[7.440631167828395,48.36405287776508],[7.440424481175455,48.36408577228635],[7.440295306514612,48.36410458510501],[7.440237910154776,48.364111874444426],[7.440100803184285,48.36412963293067],[7.440079350889112,48.364133411264035],[7.43992029782119,48.36415550705363],[7.439711770928556,48.36418423410826],[7.439488461372741,48.36421405587211],[7.439348682408009,48.36423380600837],[7.439155833677646,48.36425924074691],[7.438885836614943,48.36429666941201],[7.438589573345127,48.3643609441646],[7.438576198681161,48.364389920698486],[7.438595278974851,48.36439488222955],[7.438593858590828,48.36439727837148],[7.438749257765293,48.36443758802622],[7.438900806834059,48.36449795636061],[7.439089278749868,48.3646560618155],[7.439260215919302,48.36479707275055],[7.439373557929652,48.36489338582863],[7.439558696675323,48.36500719094718],[7.439694472457123,48.36507130378792],[7.439753329250828,48.36509730100489],[7.439889752396992,48.36514345729141],[7.440022826715381,48.365188387374545],[7.440084330754241,48.365210500484736],[7.440214429048337,48.36524581001481],[7.440215949813273,48.36524620352526],[7.44025200583065,48.36525521380834],[7.440406987434093,48.365293734851335],[7.440437351885762,48.36529620026267],[7.440465806342329,48.36529846698167],[7.440560846932979,48.365306165630216],[7.440701875080352,48.36529636961923],[7.440701007851196,48.36535173025314],[7.440589531644926,48.365360778118166],[7.44067714705003,48.36552068220276],[7.440656733752077,48.3655703781968],[7.440281946405744,48.365430347613284],[7.439974955409814,48.36548935101709],[7.439316447809285,48.36561497248262],[7.438846032539709,48.365705242421726],[7.438479433423571,48.365774226517054],[7.438257878890076,48.365834527377835],[7.438144057827322,48.36586546759333],[7.438027870834112,48.365897217280654],[7.437923191714738,48.365925922206536]]],[[[7.441128855906467,48.35737156057322],[7.44112129449731,48.357306062927485],[7.441110788066947,48.357218508361925],[7.441099356210282,48.3571135969991],[7.441100711611442,48.357113636251086],[7.441121558988439,48.35711393531885],[7.441095010153357,48.35673565221862],[7.441093504013357,48.356714622640304],[7.441095892002966,48.356680470880484],[7.441112461850206,48.35643807988764],[7.441038472305427,48.356639371947935],[7.440870081342826,48.357098050112555],[7.440837988496237,48.357159899304584],[7.440822057482737,48.357196992200315],[7.440782489311498,48.357283992613105],[7.4407754571397,48.35729678195779],[7.440766900440802,48.35731233184665],[7.440762856225796,48.35732527941441],[7.440756491785568,48.35734597351127],[7.440737464541796,48.357413640227215],[7.44071567151248,48.357478977698406],[7.440703656591709,48.35751601374205],[7.440708001391081,48.357524231089045],[7.440710717614835,48.357529175416865],[7.44071912247862,48.35754544057057],[7.440745274792207,48.35759573273897],[7.440783163306152,48.35766811241215],[7.440807064552533,48.3577141636793],[7.440785774308017,48.35784787685192],[7.440783402374205,48.357863014454715],[7.440780604749157,48.357885917611206],[7.440777632974157,48.35790035682823],[7.440761872134357,48.35797628131861],[7.440759086447378,48.357989722326295],[7.440752195402011,48.35802179020508],[7.440734926918101,48.35810227681892],[7.44069573149282,48.35828973732529],[7.440670994220352,48.35840826079675],[7.440663381423729,48.35844459097016],[7.440649124249839,48.35851270940924],[7.440629427120945,48.358598062987916],[7.44159535262626,48.359016971681335],[7.441600687008121,48.3590192946203],[7.441431575968388,48.3585796793228],[7.44140975869501,48.358523097050565],[7.441395001272536,48.35847165653753],[7.441283670403262,48.3581429625948],[7.441270567923032,48.35810470634046],[7.441261417265518,48.358078016281794],[7.441252119435658,48.35803357979174],[7.441240748885829,48.35798381439071],[7.441227677803682,48.35792672366012],[7.441176496601617,48.357700211656876],[7.441174427843612,48.35769172869628],[7.441159149409925,48.35762931409192],[7.441152844685921,48.35756268796484],[7.441146138257059,48.35751851466312],[7.441142781921017,48.35748358724488],[7.441139865730898,48.357453869775114],[7.441128855906467,48.35737156057322]]],[[[7.442874323353045,48.3522958376229],[7.442826163806354,48.3523738803109],[7.442715727015004,48.35255969184208],[7.442706602219122,48.352574902855245],[7.442567089397581,48.35279902191443],[7.442536827556586,48.35284728642286],[7.442531341620999,48.35285596287416],[7.442514061856683,48.35288346487081],[7.44249545697178,48.35291768488435],[7.44247139849449,48.35295616464526],[7.442453328930772,48.35298712052666],[7.442453336521017,48.35298721035358],[7.442455721363756,48.353029833848375],[7.442132224288257,48.35303981417987],[7.441822481299465,48.35304936750786],[7.441807241510254,48.35308021706398],[7.441801713562743,48.35309159840549],[7.441785695479773,48.353122837615444],[7.441778717231559,48.35313625584789],[7.441770619771129,48.35322604077632],[7.441749963964408,48.353453627389456],[7.441736080887583,48.353585351183014],[7.441722586616833,48.353723278078235],[7.441717726933526,48.35377617584463],[7.441703244652559,48.35393441493743],[7.441695354477944,48.35400905324706],[7.441692984541866,48.35403221079685],[7.441686254980392,48.35408698096031],[7.44167801200068,48.35415424333826],[7.441670112338493,48.35422716986488],[7.441649352922018,48.354416733010034],[7.441641054891118,48.354481744638825],[7.44162275002267,48.35466355612335],[7.44160528240376,48.354664842460416],[7.441590367918992,48.35466594286526],[7.441562374413648,48.35492831729928],[7.44155398244774,48.355009822849226],[7.441518365391223,48.35535160131144],[7.441503338075683,48.355492198732186],[7.441468331662564,48.35579160166428],[7.441467264381092,48.355801373769765],[7.441454787240561,48.35591934752783],[7.441454010454126,48.355927757056655],[7.441449146651311,48.35597741084518],[7.44144543572853,48.356013504629175],[7.441443170014847,48.356036297774466],[7.441426013175866,48.35620130513846],[7.441418116501289,48.3562774754171],[7.441401783360116,48.3564426320545],[7.441395392564989,48.356506220299586],[7.441374292174774,48.35672057647231],[7.441370484888208,48.35682434760391],[7.441369370807141,48.356859172459494],[7.44136712564217,48.35692702057545],[7.441357527221374,48.35713508779841],[7.441357405181514,48.35714644642751],[7.44135705303577,48.357166284172656],[7.441370050900674,48.35724491431505],[7.441387351497432,48.35734086461889],[7.441400139080805,48.35741220361153],[7.441406238581185,48.357449190766516],[7.441411161475767,48.357478652709034],[7.441424091496396,48.357550076460655],[7.441424996727168,48.357555989848684],[7.441431134207501,48.35759342613187],[7.441434038110589,48.35760539209795],[7.441434700489903,48.357608431031714],[7.441469206506551,48.35773518455903],[7.441525775437419,48.35794383244953],[7.441546477350903,48.35802082176564],[7.441549996332399,48.35803366575966],[7.441553209911833,48.35804129474983],[7.441561791501784,48.35806124778812],[7.441577973267547,48.35810074013489],[7.44160814448671,48.358174580627995],[7.441786824330084,48.35854661358145],[7.44192499281526,48.35887763403274],[7.442083469875375,48.359108138783604],[7.442202858291339,48.35927928518415],[7.442302868196773,48.35939871394662],[7.442527156206944,48.35966072010937],[7.442636509771286,48.35977709456656],[7.442669492104567,48.359812171481245],[7.442699458008468,48.35984195492495],[7.44273281255936,48.359875035401195],[7.442753212572494,48.359895626081794],[7.442814435483283,48.35995766757994],[7.442847288985578,48.35999121739099],[7.442891253815739,48.36003624481882],[7.44313202474228,48.360248430385184],[7.443141957240008,48.36025715878653],[7.443166403112504,48.36027921953144],[7.443282920430438,48.36038433093],[7.443286810305279,48.360387158582],[7.443292573927232,48.36039135767654],[7.443440640128899,48.36049537470357],[7.443456311708115,48.36050641074989],[7.443471848504149,48.36051745185419],[7.443545927445616,48.36056999923307],[7.443655539718639,48.36064779542848],[7.443734439187171,48.360704577182645],[7.443764130953467,48.36072310674376],[7.443772577163085,48.360728646885754],[7.443817655918378,48.36075804290185],[7.443864832517933,48.36078826125426],[7.443878989305267,48.36079737166934],[7.443991966605187,48.3608701752221],[7.444103917145942,48.36094202600011],[7.444108346269274,48.36094483338046],[7.444116650165688,48.36095028873161],[7.444210121325669,48.36101147920744],[7.444284509063824,48.3610388734757],[7.444524020222242,48.36110169897691],[7.444808419599095,48.36117725621282],[7.444870767567648,48.36119338775676],[7.444882879860353,48.36119590658766],[7.44495843743,48.361211542031725],[7.445053321595513,48.36123185832778],[7.445111299332979,48.36124427907604],[7.4452632862516,48.36127785979347],[7.44541803561925,48.36131052556971],[7.445574448259686,48.3613436693495],[7.445861223045775,48.36140570831973],[7.445867560219658,48.36140709229796],[7.445876923591994,48.361409083501435],[7.446023014692048,48.361440091271106],[7.446047065150545,48.36140629717986],[7.446051782600329,48.36139972206368],[7.446075375463421,48.36136531437197],[7.446443747126145,48.360830181406115],[7.446473831886914,48.36078940213788],[7.446488697995691,48.36069819140954],[7.446619494762427,48.36071625621323],[7.44669252318816,48.360727570095804],[7.446757088283087,48.36073794032928],[7.4468526762748,48.36075219126549],[7.446920611182736,48.36076243480947],[7.447046616608109,48.36078140005668],[7.4470725022935,48.36078529352528],[7.447220431425674,48.36080767013164],[7.447358496195963,48.360828524855236],[7.447502455854926,48.36085032937281],[7.447784239544352,48.3608917354416],[7.447784511268802,48.360869377537604],[7.447784767792062,48.3608468399811],[7.447794457046053,48.36043079068798],[7.447802232873842,48.36009600382507],[7.447803898187526,48.36005016449097],[7.447804452181543,48.36001995624517],[7.447804650383716,48.36000471991539],[7.447821191594656,48.35927013810299],[7.44782214886482,48.359251088544774],[7.447823411210399,48.359224458132346],[7.447823808661207,48.35918281155352],[7.44782399771277,48.3591722613705],[7.447834897768666,48.35878491169944],[7.447843264189946,48.358383599676486],[7.447845891757606,48.358310780678075],[7.447845974398593,48.35829897292099],[7.447846248298251,48.35823029740137],[7.447849236623112,48.35815854617914],[7.447850329894911,48.35808037811504],[7.447893231729203,48.357991357347345],[7.447893224128952,48.357991267521115],[7.447901575482584,48.357524264229404],[7.447908680546251,48.357120836516316],[7.447910869526943,48.357098766941476],[7.447935154852635,48.35709974661645],[7.447944650294166,48.35710011065894],[7.447944391289175,48.35713859818635],[7.447943317476563,48.35719622006226],[7.447942604479686,48.357230939947854],[7.447939006675225,48.357348220650614],[7.447938254141115,48.357387267389655],[7.447936281843764,48.357487005280255],[7.447934760034444,48.357569695084685],[7.447934471601751,48.35762061914574],[7.447934507523071,48.35764341610492],[7.447934536335609,48.35767252116328],[7.447930743271735,48.3578434257329],[7.44793036111627,48.35788525200605],[7.447929963268674,48.35792050070078],[7.447929066313813,48.357957840724474],[7.447928237760487,48.35799598918331],[7.447995806523942,48.358003542409776],[7.448517599128786,48.35805800359316],[7.448590305012627,48.358065543627966],[7.448926716439178,48.358100748123114],[7.44899405186948,48.358107138105844],[7.449100516690562,48.35809817992269],[7.449167472657884,48.35810647642254],[7.450614557748836,48.35829708454838],[7.450628360994075,48.35829881830114],[7.450680420730659,48.358305241086256],[7.450667641958598,48.358342757657724],[7.450641783086632,48.35842221761104],[7.450640395938728,48.35842659514922],[7.450775210017807,48.358450631790205],[7.451506259708878,48.35858101509739],[7.451532543521217,48.35858642450095],[7.451548640335535,48.35858969390422],[7.451549245524019,48.358600034029635],[7.451549852847141,48.35861199609181],[7.451553252449065,48.35867449611061],[7.451554417190416,48.35869463740424],[7.451503781016386,48.359070687055876],[7.451456481801377,48.35942228081214],[7.451442871216683,48.35952182578346],[7.451414240870059,48.359731421680614],[7.451403504487286,48.36005812089184],[7.451403119293266,48.36007273351504],[7.451385063635339,48.360688246273064],[7.451452072868519,48.36071149817795],[7.45145722742737,48.360713286784446],[7.451482835010279,48.360721875579394],[7.451536526872756,48.36072039695163],[7.451539904217043,48.36072036004407],[7.451622743169857,48.360719767634286],[7.451706690865248,48.360719493913656],[7.451711423711297,48.36071949613175],[7.451712771606073,48.36071944543641],[7.451762091479631,48.360719032259176],[7.452710571665511,48.3607148941817],[7.453031467076345,48.36071354524259],[7.453777422506833,48.360752882421615],[7.453860687692495,48.36075731868554],[7.454036594684088,48.360766739314585],[7.454290709712469,48.360762403092174],[7.454474477678129,48.360759271999584],[7.454700440569217,48.36073707082788],[7.455539109047725,48.360632242477394],[7.455635945515819,48.36061652216781],[7.455658885550807,48.360612775019604],[7.456001698712826,48.360557336610995],[7.456148659542406,48.360533150625656],[7.456257609103656,48.36051517150837],[7.456257586258973,48.36051490203174],[7.456257291557689,48.360513020770085],[7.456247171179127,48.360457442095814],[7.456227385933519,48.36032932648816],[7.456225528639702,48.36031858294419],[7.456221740184789,48.36029781953504],[7.456217820782822,48.36026913117758],[7.456216700629,48.36026070279892],[7.456216632095912,48.360259894368866],[7.456212389040283,48.36023536335958],[7.456199868554409,48.36016104157427],[7.456187196592193,48.36008014729273],[7.456199828534834,48.36007922114927],[7.456211921327425,48.36007831530308],[7.456228312086766,48.360077067415034],[7.456264319121026,48.35989728946395],[7.456284238919674,48.35979092788741],[7.456351597968236,48.359795961222126],[7.456367894207499,48.35979678945254],[7.456456484072997,48.359797058426764],[7.456746995784792,48.35979783443674],[7.456818610154937,48.3597988324479],[7.456833497609968,48.35979899276331],[7.456845895606219,48.359881429253036],[7.456887800057697,48.36016037096314],[7.456850514919427,48.36016078369341],[7.456847541977442,48.36016080552623],[7.456869444897621,48.3602867687777],[7.456927859995291,48.360616903262674],[7.4569280937927,48.36061806591859],[7.456962834213239,48.36061315327228],[7.457008797866117,48.36060664653797],[7.457194801364961,48.36058044838433],[7.457288203602253,48.36056728905747],[7.457452157149184,48.360544173653636],[7.457413682208169,48.36034079729896],[7.457379441223456,48.360160240110126],[7.457377040596922,48.36014149703797],[7.457375267533935,48.36012696561182],[7.457371079579935,48.360104685354976],[7.457366733992003,48.36008214069709],[7.457346963031007,48.35996060280648],[7.457344107060701,48.35994286811528],[7.457502172390493,48.359930066885674],[7.457507541015544,48.359929594364125],[7.457518555456097,48.35992872899351],[7.457667485664358,48.35991663202254],[7.457678507716802,48.35991585646254],[7.45768038711538,48.359915695568496],[7.458131002328972,48.35987826817475],[7.458132248478674,48.35981802615279],[7.458131749414317,48.35976271593299],[7.458132602282378,48.3597153747939],[7.458133068883281,48.35968580034771],[7.458507919713513,48.35964789097875],[7.458658604029704,48.35963257270953],[7.459420454836021,48.35955493995004],[7.459446757886218,48.359633878721446],[7.459468960301287,48.35969954522355],[7.459505368274015,48.35969357773044],[7.459535502255673,48.35968856751589],[7.459658037053488,48.35966818092613],[7.459678438316326,48.35966479896616],[7.459713663650034,48.35965923641777],[7.459772075008262,48.35964964627819],[7.459891555273992,48.359629915208814],[7.459866976724859,48.35956812302443],[7.459835264023932,48.35948758590737],[7.459786331094491,48.35936345238446],[7.459914131945999,48.359314301387926],[7.459943986528812,48.35930281348253],[7.459832897987804,48.359228601493854],[7.459829627888312,48.35922512021103],[7.459765922000199,48.35915795377942],[7.459738525363347,48.35912987972965],[7.459728595559933,48.35911962060178],[7.459707574254174,48.3590678770595],[7.459677247578178,48.35899251419414],[7.45966338854274,48.35895825294647],[7.459654230324799,48.35893796224567],[7.459624983514002,48.358873732634684],[7.459611643201231,48.358840803523854],[7.45960051993638,48.35881328774187],[7.459676169846895,48.35880448987799],[7.459688009477024,48.35884044924368],[7.459706611717661,48.35889715002261],[7.459742326530846,48.35900574162139],[7.459773121574139,48.35910415564006],[7.45977312919483,48.35910424546548],[7.459789774460134,48.35912353314276],[7.459803276809134,48.359139244629496],[7.459822342989722,48.35915997299489],[7.459835838188365,48.359170818669526],[7.459892578094082,48.359216440314114],[7.459959023494939,48.35925214428354],[7.459999373829277,48.359263960467985],[7.460016702079047,48.359268984595076],[7.460125092741913,48.359285896381344],[7.460158292756137,48.35928833991432],[7.46033760850819,48.359301317218964],[7.460352572050263,48.359302375345855],[7.460391336380027,48.35930505968606],[7.46046464580265,48.35931329071237],[7.460468473136886,48.359313777263885],[7.460478307231899,48.359314938570435],[7.460624527902588,48.359350609462126],[7.460697932233034,48.35938226604678],[7.460783006740083,48.3593506742719],[7.460908054794929,48.35930414906894],[7.460921363169134,48.35930004297527],[7.460944566975727,48.35929304076841],[7.460989753883556,48.35927899223644],[7.461034004896154,48.35926506907345],[7.461090786015889,48.35924742956333],[7.461128862174838,48.35923563146582],[7.461192041857675,48.359215317690825],[7.46123922753313,48.359200923382105],[7.461256622700914,48.35919558185501],[7.461294831539056,48.35925226431287],[7.461317887579416,48.35928653919205],[7.461329003678252,48.359283687149315],[7.461337604603781,48.35928147058664],[7.461340533875241,48.35928730760736],[7.461367059064317,48.35927801741773],[7.461390171320191,48.35926993721992],[7.461348813589779,48.359180932926606],[7.461310107429566,48.35910723793649],[7.461309626843158,48.35910635492476],[7.461308846194681,48.35910512277271],[7.461303051101156,48.35909578926657],[7.461291288019535,48.3590766782071],[7.461291280396257,48.359076588381804],[7.461267347472015,48.35903675956366],[7.461260537861135,48.35902503125382],[7.461251513477015,48.359009511580254],[7.46124504205018,48.3589985815364],[7.461211566136404,48.35894190089041],[7.461322636723195,48.35892347650771],[7.461285949151693,48.358862411303214],[7.461321614127145,48.35885088423877],[7.461313044716383,48.35883913215113],[7.461309510163784,48.358834128958044],[7.461293396263557,48.358809955359185],[7.46124605360801,48.35874442568206],[7.461228299493776,48.358720043561355],[7.461227084010158,48.35871846734815],[7.461197416926233,48.35867479957928],[7.461195059761883,48.358670923469],[7.461178251939562,48.3586433517293],[7.461161444134855,48.35861577998666],[7.461155173071377,48.35861358331506],[7.461149598793169,48.358611630717824],[7.461106289750214,48.35861912044803],[7.461091900868515,48.358621645269615],[7.461062052458069,48.35862682537432],[7.46100502841633,48.35863681448281],[7.460866088310795,48.358661425411476],[7.460827171259614,48.35866649668664],[7.460762978326265,48.3586748635007],[7.460760944116831,48.35867160599973],[7.460760049152958,48.358669026463055],[7.460759868635732,48.358668492590624],[7.46075319228711,48.358645585263176],[7.460746139665884,48.358621430539294],[7.460702394072797,48.35848673880327],[7.460685196918759,48.3584338600174],[7.460675680533067,48.35840457160874],[7.460645349157177,48.35831163712323],[7.460606422189727,48.35818910917069],[7.460529125191008,48.357950610450715],[7.460634316514492,48.35793781496584],[7.460670799356763,48.35793274536111],[7.460695924855097,48.35792927525618],[7.460693361964625,48.357922973847195],[7.460690768586426,48.35791631313642],[7.460738952107315,48.357908910157306],[7.460782374951655,48.357902767938796],[7.460957383550588,48.357877788803016],[7.460953291977475,48.35784072646662],[7.460909804304597,48.35769313889243],[7.460901053300563,48.35766490299088],[7.460855648504726,48.35751702719575],[7.460745036701041,48.35716317825211],[7.460823126270873,48.35707480814446],[7.460821079408825,48.35703793905914],[7.460817658501464,48.35697850345693],[7.460818985235822,48.35695430322944],[7.460819107552585,48.35695096444677],[7.460820851808466,48.35692053070078],[7.460828674618665,48.356778488454765],[7.460836888485225,48.3567780887539],[7.461000334252104,48.35676985562135],[7.461014875081323,48.356769127317094],[7.461030763694734,48.356768348209584],[7.461552585942282,48.35669244781323],[7.461705480796766,48.35667938488619],[7.461904279090763,48.35666233838372],[7.461899079622213,48.356645683299206],[7.461896506573023,48.35663767014583],[7.461871945567219,48.35656335185452],[7.461853898629005,48.35650843258297],[7.461836635071069,48.35645159140445],[7.461835717220743,48.35644874239528],[7.462019394951308,48.3564160453826],[7.462118891940434,48.356398326684335],[7.462119026717837,48.35639832160295],[7.462109915949088,48.35633558607298],[7.462102620266501,48.35628467701028],[7.462095344765139,48.35623719147507],[7.462093303436188,48.3562242921796],[7.462091752764759,48.35621398765938],[7.462086691505447,48.3561798454631],[7.462195932301761,48.35616860789931],[7.46216501485589,48.356020997151795],[7.462156406579386,48.355978518070295],[7.462150294885706,48.35594792987827],[7.462027881872032,48.35596326855016],[7.461920591779974,48.35597677536807],[7.461881855760016,48.355827837292956],[7.461867689786824,48.35576925728436],[7.461838456963602,48.35562077192392],[7.461830134084565,48.35557368629963],[7.461825225259296,48.35554611658169],[7.461777402913896,48.355548189824034],[7.461683906992859,48.35555216513094],[7.461665323250593,48.3555530459443],[7.46165859210968,48.35555338981341],[7.46164700905828,48.35555391659301],[7.461568885125482,48.355557402416224],[7.461439973753014,48.355563073068865],[7.461366505946934,48.355565662332516],[7.461332036700033,48.35556416819176],[7.461289562350287,48.35556234500885],[7.461214317484356,48.355558332811626],[7.461154881887418,48.35555579724122],[7.461086894470316,48.355552863090544],[7.461024560002736,48.35554962570925],[7.460954759543942,48.35554603892012],[7.460950467553292,48.35550501911415],[7.460946348455289,48.35546444335462],[7.460946340833122,48.355464353529044],[7.4606380874185,48.35544064783353],[7.460613314459432,48.3554386979186],[7.460528706957908,48.355432695237795],[7.460532047790084,48.35540832896637],[7.460548662858625,48.35528704163449],[7.460550187058983,48.35527472883843],[7.460550617045556,48.35527182902074],[7.460552319336727,48.355258428157896],[7.460555059690809,48.35523813959271],[7.460555163979531,48.355237775210625],[7.460558955225189,48.35520915665317],[7.460563100237124,48.355176740020816],[7.460565151082815,48.355161073197834],[7.460566624337506,48.35514975356188],[7.460566601473089,48.35514948408501],[7.460317871785462,48.355126147442896],[7.460295815730237,48.355350638779676],[7.460173893402108,48.3553478444023],[7.460000380382493,48.35534573252295],[7.460000784058032,48.35532499136069],[7.460000758801717,48.355323099943135],[7.4598571735111,48.35531995014167],[7.459782658704357,48.35531816236058],[7.459788865983374,48.35521123487657],[7.459751243857189,48.355209228306855],[7.459710768607452,48.355207058899936],[7.459433538262543,48.35518245144851],[7.459433545882087,48.35518254127419],[7.459432561497372,48.35518528175],[7.459404474823667,48.355262215031736],[7.459381668627333,48.355324891738164],[7.45930260008621,48.355317237682435],[7.459188482984774,48.35530603805244],[7.459186098815477,48.355391104227],[7.459185189912693,48.355425020873255],[7.459103262861827,48.35541873596193],[7.459013190733058,48.35541365900065],[7.458879782499472,48.3554061596104],[7.458696380886457,48.355395857662295],[7.458696083217365,48.355397130454946],[7.45863531515023,48.355394734511165],[7.458648637857848,48.35532872007305],[7.458663753036507,48.35530607300922],[7.458665067959381,48.35530404099098],[7.458650741371645,48.35530250813191],[7.458638466881538,48.35530125841257],[7.458516131035181,48.355291989798665],[7.458401545961852,48.35528324009208],[7.458363705267135,48.35528025007575],[7.458335397849631,48.35527807238634],[7.458297160455311,48.35527518740576],[7.4582303156365,48.35526977554927],[7.458184642782823,48.35526690028813],[7.458035878934464,48.355255292543696],[7.458033616285368,48.355093084785096],[7.458033294771959,48.355062188234626],[7.458032666980523,48.35500057478314],[7.458032587371155,48.354986880648326],[7.458032535896272,48.35497192387546],[7.458032291785437,48.354932373585044],[7.458032059960127,48.35489615700162],[7.458031516937718,48.354867431496146],[7.458031122693667,48.35484843256074],[7.457878241121461,48.35485202859394],[7.45783666983852,48.35485287356375],[7.457801305768856,48.35485357482676],[7.457723996556406,48.35485549554212],[7.457706541295479,48.35497492155635],[7.457696301683995,48.355045505030695],[7.457693163790743,48.35504517265791],[7.457683472945955,48.355044095866],[7.457680604601597,48.3550437533402],[7.457680612218129,48.355043843166015],[7.457673471838365,48.3551557617356],[7.45767349468797,48.35515603121301],[7.457631818852807,48.35515724049034],[7.457555234056456,48.3551581425535],[7.457504991249661,48.35515877332845],[7.45746583804654,48.35515943697152],[7.457433835516998,48.35515992139631],[7.457430230639672,48.354989834321664],[7.457431861627827,48.35491020339206],[7.457432878638945,48.35485681837557],[7.457339270057211,48.35485466687043],[7.457289144768671,48.35485349088509],[7.457288435502674,48.354923264812044],[7.457288408978989,48.354930925388565],[7.457287796405995,48.355000245106396],[7.457288116271913,48.35500401779177],[7.457289043095376,48.35501335460344],[7.457289210644273,48.35501533077195],[7.457296497819707,48.35507417023216],[7.457025111371284,48.3550770017011],[7.457025620162362,48.35502399630055],[7.457011512242238,48.355023446251785],[7.456871010230477,48.355018374499345],[7.45686450298459,48.35501816899015],[7.456819872840286,48.35501642541074],[7.456785014989118,48.35501512482431],[7.456783941717156,48.35506625910686],[7.456573275392095,48.355064460005934],[7.456573453565411,48.35506337194515],[7.456574209657363,48.3550579367163],[7.456575085294367,48.35505231676059],[7.456578912932655,48.35501612757664],[7.456404167622253,48.35501540856918],[7.456257078524463,48.35500121241534],[7.4562644398629,48.35508167612805],[7.456265930680237,48.355108833998855],[7.455929427242012,48.3551154665003],[7.45592941962846,48.35511537667438],[7.45592766009244,48.35509940288317],[7.455759274028714,48.35510033584867],[7.455758496654942,48.35509594960036],[7.455754229125627,48.35506952706172],[7.455756753840341,48.3550865533963],[7.455490137366375,48.35506270866773],[7.455490002591749,48.35506271374159],[7.455495702046982,48.35514432136985],[7.45530847468995,48.35514947739302],[7.455294078843707,48.35508171402622],[7.455293606348493,48.35506497088117],[7.455045827359161,48.35507195540379],[7.455044968501493,48.35504107913814],[7.45504371470572,48.35500075592316],[7.454942974110566,48.355006981117505],[7.454930867237763,48.355007707185614],[7.454927108774326,48.35500802888761],[7.454921875402709,48.35500849622077],[7.454897572551597,48.355010492380586],[7.454867235290481,48.35501307613105],[7.454844145406271,48.3550150266216],[7.454839166359004,48.355015304152865],[7.454724700109053,48.35504304202616],[7.454744413742696,48.35509060029613],[7.454739480356859,48.355091416779175],[7.454769752955479,48.35516146617392],[7.45489210777041,48.355402327029076],[7.45489275343817,48.35540356429996],[7.454953792014319,48.355520755855835],[7.455115406299811,48.35583078685593],[7.455189337531626,48.35596767816417],[7.455261374653083,48.35610455061673],[7.455261524655511,48.356104725194946],[7.455294449269505,48.356169357982566],[7.455416037365266,48.35621605479769],[7.455523638377136,48.356225340705635],[7.455582478960584,48.35623042466784],[7.455692315088405,48.356226199518986],[7.455692449865992,48.356226194444915],[7.455913652572558,48.35621984891857],[7.455944292757724,48.35621923599675],[7.456004838327512,48.356217316894735],[7.456126895738565,48.356213712553426],[7.456168841999952,48.35621249365719],[7.45625538438109,48.35620941537086],[7.456290029809074,48.35620820098883],[7.456297045852438,48.35620802692702],[7.45634913087351,48.35620678666235],[7.456356972250564,48.35627695940585],[7.456345251927111,48.356275868802136],[7.456311272729765,48.356276968000515],[7.45627554142139,48.3562781331608],[7.456204917922708,48.35628079230438],[7.456178501497705,48.35628178693505],[7.456081102911331,48.356285994808395],[7.455972149223619,48.35628946618998],[7.455808971452377,48.356296060300956],[7.455732125288595,48.356298683098665],[7.455647426200159,48.35630277295056],[7.455611020970601,48.35630396328055],[7.455599160524748,48.35630440979069],[7.455582572984047,48.35630332212272],[7.455541092715703,48.3563004682038],[7.455484820448777,48.356295377644194],[7.455429506862904,48.35629043119314],[7.455401382584972,48.35628563263258],[7.455356248973199,48.35627795999548],[7.45558491517554,48.356882927377086],[7.455634594960218,48.357014423506584],[7.455834480846737,48.35754297711543],[7.455860284409034,48.35759057624799],[7.455981007502651,48.3578136551206],[7.456038207861454,48.35785998203961],[7.456073132351603,48.357854071412085],[7.456109620914511,48.357847471099596],[7.45627723275719,48.358205755165145],[7.456285352370933,48.35823933171054],[7.456286798414298,48.35824522468291],[7.456337671318981,48.35845615469798],[7.456372335271547,48.358983088220874],[7.456379002080689,48.359085655389705],[7.456313568936507,48.35911289991842],[7.456285223619211,48.35856320045282],[7.45627990489155,48.35846058249151],[7.456265766514053,48.358407047390116],[7.456216268329461,48.35822030582242],[7.456099775737205,48.357976972841946],[7.456024040191754,48.35790818490306],[7.455979723806735,48.3578862439305],[7.455941327167473,48.35786714389332],[7.455921401146951,48.357829866649816],[7.455787573610138,48.357579796795775],[7.455780236982829,48.35756502423056],[7.455774702723216,48.357553968531235],[7.455709737349513,48.357400069274725],[7.455660614222372,48.35728152842511],[7.455652108900614,48.35726094254212],[7.455569293173164,48.357059144613835],[7.455522423022519,48.3569448442813],[7.455521408791594,48.35694244942729],[7.455507051949722,48.35690865706598],[7.455498913020823,48.35688760681554],[7.455494929981118,48.356877303717646],[7.455442926726731,48.35674391252831],[7.45538120872926,48.35658682700132],[7.455345671712014,48.356496159977574],[7.455333295603568,48.356464996402195],[7.455293139963008,48.356364500744796],[7.455252616824331,48.35625807148402],[7.455239294778051,48.35624127138725],[7.455197834031355,48.35618759319015],[7.455186146821561,48.35617253379582],[7.455170363882559,48.35615222183023],[7.455142263313004,48.35611579284595],[7.455119938977129,48.356086896092144],[7.455089031875188,48.35604606711954],[7.455076399044959,48.356029421286664],[7.455020501419486,48.35600800606063],[7.455027310004297,48.35593358721377],[7.454989870158088,48.35585236340262],[7.454883972191555,48.35562223738696],[7.454755465731585,48.355340697027714],[7.454730395490476,48.35528577094014],[7.454633145824634,48.35508109133641],[7.454526713166045,48.35485738310034],[7.454511589168005,48.35482569207414],[7.454507754248485,48.354813941565254],[7.454488843838242,48.354756710987466],[7.45447049011558,48.35473955951964],[7.454452271178739,48.35472240297608],[7.454408619275835,48.35467475441482],[7.454384479841985,48.35464835888424],[7.454257521167206,48.35462439138446],[7.454212455425528,48.35461590479516],[7.454168783097099,48.35460790642156],[7.454053150018096,48.354586756507246],[7.45399668505377,48.35457617569913],[7.453967280369823,48.3545706140067],[7.453961012297211,48.35457003888941],[7.453943428651853,48.354568357712736],[7.45384970757167,48.354560080059805],[7.453808025509131,48.354556422167576],[7.453735565035407,48.35455013780852],[7.453694699239193,48.35454653927137],[7.453670720379963,48.35454437782037],[7.453549282730077,48.35453290767178],[7.453378224525577,48.354516636284345],[7.453318929633842,48.35451733559295],[7.453256265404385,48.35451816165479],[7.453121022389992,48.35451928561266],[7.453000357730712,48.35452013122506],[7.452844425887416,48.35452122229647],[7.452815719132646,48.354522302383],[7.452771251484525,48.35452406556893],[7.452718570256834,48.35452622787744],[7.452697418422019,48.35452711380193],[7.452448115628108,48.35453523165661],[7.452402262183735,48.35453659627704],[7.452335645997455,48.354538651876354],[7.452319750321262,48.35453933999291],[7.452306542509243,48.3545398368765],[7.452264371431441,48.354539981562645],[7.452244910782833,48.354540082884334],[7.452058538547274,48.35453934436947],[7.451997812201843,48.35453910562808],[7.451938486839831,48.35453944494093],[7.451910744146436,48.354539136856395],[7.451880028826908,48.354538850473645],[7.451749831065221,48.35453888195347],[7.451700440920711,48.35453839686517],[7.4516155955635,48.35453753325824],[7.451606408136698,48.35453760850156],[7.451469500907349,48.35454302844888],[7.451409630966911,48.35454491988949],[7.451340326862873,48.35454716613962],[7.451309044151411,48.35454816252208],[7.451276001774922,48.354549134967804],[7.451196238546452,48.354552405303735],[7.451190847597133,48.354552608062406],[7.451085574092959,48.35455638722393],[7.450976804060577,48.354560387904954],[7.450859423698382,48.35456489252855],[7.450808202048965,48.3545667287542],[7.450700098238713,48.354570614012225],[7.4505464139929,48.35461901657824],[7.450469782336408,48.354589007343606],[7.450471222328016,48.35456768669932],[7.450473626947224,48.35453380417523],[7.450481049500016,48.35443142785071],[7.450509915086344,48.35403294717056],[7.450520683851508,48.35388385689976],[7.450519857140513,48.353800624210876],[7.450518382922529,48.35376085000553],[7.450516849170881,48.353715581186236],[7.450511622064139,48.35367459642416],[7.450509383865241,48.35365773947636],[7.450500002659243,48.35359483341034],[7.450499911410452,48.35359375549387],[7.45049179849772,48.35353305453816],[7.450477422500795,48.3533887846327],[7.450470451245185,48.353319209725704],[7.450469196589534,48.35330438837085],[7.45046833734092,48.35329423798833],[7.450464346652262,48.35328862087084],[7.450433854620916,48.3532462432778],[7.450418163540785,48.353225386608564],[7.450405525261102,48.353208650416455],[7.450321374006041,48.35321596008453],[7.450236473831202,48.353246366612225],[7.450163089121534,48.35327066298065],[7.4501178457459,48.35328561077805],[7.449915313563821,48.3533558544307],[7.449677335399665,48.353438604373295],[7.449521061069816,48.35349151862443],[7.44947568048048,48.353504849298204],[7.449229795812057,48.35357726229749],[7.449218725874228,48.35358065217587],[7.449208711300943,48.353583732040136],[7.449099672008098,48.35361008902887],[7.449072777088334,48.35361659695741],[7.449068644780324,48.35361729297941],[7.449048934241103,48.35362082744799],[7.44887825444147,48.35364571677624],[7.448811884533236,48.353652266785524],[7.448589430840053,48.3536740556486],[7.448148093341469,48.35371668691338],[7.448067505829766,48.35372458188667],[7.448029667346162,48.35372798651079],[7.447921237224508,48.35373918064144],[7.447857863999673,48.35374120198471],[7.447802449916686,48.35374301427925],[7.447484562732028,48.35375703352825],[7.447376037661865,48.353770303299896],[7.447370805000721,48.35395297696136],[7.447365763433815,48.35412672231833],[7.447357466900543,48.35430833960752],[7.447353258923338,48.35442960836601],[7.447350422530868,48.35450955424552],[7.447364214856453,48.354909133464936],[7.447368789715945,48.35493923919461],[7.447371197727672,48.3549549183122],[7.447376967633807,48.3550007487391],[7.44741882903939,48.355330968130396],[7.447429731420662,48.355397511661614],[7.447369673055313,48.35569605679236],[7.447364902349603,48.35571957506884],[7.447231562427789,48.35638573700287],[7.447167394828519,48.356699665047465],[7.447143219597497,48.35681825957869],[7.447144858545355,48.3568296422062],[7.447145190894297,48.35683197262752],[7.447145912385546,48.35683410820302],[7.447179549780031,48.35694404235246],[7.44711940261318,48.356929902014045],[7.447107289240869,48.35689539375666],[7.447084873088036,48.35681901014195],[7.447095942725523,48.35676605897023],[7.447117248854712,48.356664693515576],[7.447174324625798,48.356380408468446],[7.447208365988811,48.35621701796685],[7.447209906937713,48.3562096609969],[7.44721559240655,48.35618097198546],[7.447360916893504,48.355445514034805],[7.44733555930667,48.355436644706856],[7.447341470494889,48.3553786607834],[7.447317935270865,48.355311420503455],[7.44731642668499,48.35529039098206],[7.447314657734962,48.35526468541958],[7.447298926471986,48.355053152869736],[7.447288724056488,48.35491656596676],[7.44728297791903,48.35470799229463],[7.447277376613888,48.354507523234645],[7.447296888412308,48.354124444489265],[7.447297806196135,48.354109721730175],[7.447299313844492,48.354087587613435],[7.447299810522045,48.354077476395],[7.447301452112534,48.354042541327125],[7.447302340258559,48.35400988737387],[7.447303146821498,48.353977867270224],[7.447305348289439,48.35394155947867],[7.447307360202988,48.35390940396589],[7.447311066882585,48.353842942165045],[7.447313294650883,48.35377338201204],[7.447317661225114,48.35372590906215],[7.447320355414608,48.35370661393711],[7.447322592512895,48.35369310316416],[7.447331368129471,48.35363861600233],[7.447344212422808,48.353568296429835],[7.44735471638701,48.35350067805061],[7.447361065315434,48.35346385393604],[7.447366395271862,48.35343256495258],[7.447371406499592,48.35340390119762],[7.447390442002719,48.353296493072705],[7.447395616363929,48.35326656161223],[7.447401756483877,48.353230466231174],[7.447406055399087,48.3531949807137],[7.447412141161564,48.35316943049497],[7.447413615610837,48.35316288700978],[7.447425729480149,48.35310151594877],[7.447454067325872,48.35296023646821],[7.447463786507454,48.352912111762336],[7.447474841752966,48.352860602692296],[7.447479598961521,48.352838526652114],[7.447498001510671,48.35275240871335],[7.447518205859502,48.35264603791737],[7.447521099500081,48.35263070020875],[7.447529784432234,48.352587930969676],[7.447533296708963,48.35257031720546],[7.447546701221455,48.352511420732405],[7.447548629112497,48.352502246945804],[7.447564856805824,48.352425582371936],[7.44756674669611,48.35241595945127],[7.447568338664417,48.35240760929803],[7.447563220147845,48.35233751412823],[7.447562900995242,48.352333741409154],[7.447562241458664,48.3523211504843],[7.447552916348771,48.35213740165168],[7.447540915883148,48.35188526803042],[7.447540199144971,48.351868804424505],[7.44753257204593,48.35172590268768],[7.447531050530719,48.35168234553341],[7.447526913493766,48.35161266400416],[7.447523348379494,48.35155134141904],[7.447518686808169,48.35149943171535],[7.4475184968413,48.35149718604776],[7.447515976340319,48.35144501565169],[7.447512052984157,48.3513906451689],[7.447505403298576,48.35129925088248],[7.447501037235599,48.351238048497855],[7.447499634196669,48.351205480576446],[7.447499086659056,48.35119261509575],[7.447531162047645,48.35107156026692],[7.447542752767109,48.35102958288367],[7.447547739752048,48.35101182355885],[7.447556685206473,48.350980128279204],[7.447604726507331,48.35090398007896],[7.447644718689527,48.35083975885584],[7.447700791478787,48.35074988200734],[7.447764876152076,48.35071476263851],[7.447828571645593,48.35067983808304],[7.447908400186482,48.35066142846141],[7.447929081417053,48.35065659607842],[7.447973370679084,48.35064637073096],[7.448073356465792,48.350623328518104],[7.448189375008245,48.35059643952633],[7.448302166700532,48.35056976182378],[7.448383813201289,48.35055047252011],[7.448461303291452,48.35047087397707],[7.448471693614517,48.35045146967766],[7.448508833043712,48.3503823090311],[7.448528272102898,48.35034841692016],[7.448559955637543,48.35029306831836],[7.448633014630579,48.35016749862933],[7.448665125035278,48.350112404273936],[7.448714517992602,48.35002349881622],[7.448730827440325,48.349995761840106],[7.448766860349024,48.34993430222172],[7.44879730977287,48.34988035160265],[7.448815410492222,48.34984822186871],[7.448850372707804,48.34978689257518],[7.448865313642933,48.349760558706194],[7.448958600986603,48.3495992645793],[7.44902379202829,48.349487777528196],[7.449002347154702,48.349480383536594],[7.448962670939489,48.34946682641453],[7.448208345475997,48.34921952945719],[7.447964167920899,48.34913931618509],[7.447901776047041,48.34911931344013],[7.447808419908451,48.34907686503705],[7.44765348595234,48.349006453203096],[7.447438825324253,48.348909179600426],[7.447287563256339,48.34884061178792],[7.446900606146509,48.348657807613776],[7.446884521882018,48.348649851362175],[7.446848540141016,48.34863200956205],[7.446811007702507,48.34861341501236],[7.44611378009209,48.348288085101345],[7.445759405200895,48.34812279660114],[7.445686216762676,48.34824368357658],[7.445615833179151,48.3483625727501],[7.445591422309627,48.34840322937376],[7.445505860602641,48.34854566731037],[7.445452868738122,48.34863362522711],[7.445292184000232,48.34890287959127],[7.445241002115639,48.348989868248005],[7.445198867590031,48.34906074736304],[7.445135213880849,48.349168119259545],[7.445082978110174,48.34925703975685],[7.445077642917677,48.34926589094112],[7.444976260662701,48.34943550567943],[7.444891160648981,48.34957864649341],[7.444817432997658,48.349702796944364],[7.444785153678168,48.349757536027184],[7.444764000412406,48.34979356442295],[7.444707426392092,48.349887153221246],[7.444607376022088,48.35005176128107],[7.444543858427942,48.350155973652285],[7.444501936486329,48.350224591599506],[7.444453192872111,48.35030527041921],[7.444388084107655,48.35041305679764],[7.444221722736713,48.350690452005416],[7.444165087951803,48.350784943813196],[7.444112000478785,48.35087182306074],[7.444079096878125,48.35085521651287],[7.444048740549137,48.350839956091825],[7.443788167511937,48.350992839129916],[7.443788032746607,48.350992844190465],[7.443786102373427,48.35099399802249],[7.443343842159903,48.35156776707791],[7.443194714026992,48.35172124002496],[7.443188765161315,48.35173083502311],[7.443183190230135,48.351740055533426],[7.443173288999053,48.35178287001936],[7.443168469349292,48.35180422728818],[7.443163812952613,48.35182431685932],[7.443001814196924,48.35208947085982],[7.442874323353045,48.3522958376229]],[[7.458627317130847,48.355434364868636],[7.458635307790332,48.35539473422097],[7.45863531515023,48.355394734511165],[7.458627317130847,48.355434364868636]],[[7.458623791837131,48.35545184897211],[7.458626170853552,48.35544004469217],[7.458627317130847,48.355434364868636],[7.458623791837131,48.35545184897211]]],[[[7.449248475238806,48.34946698463431],[7.44927819583101,48.3494763202414],[7.449337209959695,48.349494737153506],[7.449408859859862,48.34951709445264],[7.449461627391616,48.34953358347393],[7.44952078401159,48.34955208505349],[7.449614387699342,48.349581456549366],[7.449615915683921,48.34958193977045],[7.449767972057026,48.3496294786753],[7.449786884963976,48.34963570616691],[7.449825249836526,48.34964814087125],[7.449846664484543,48.349655175406276],[7.449880041132839,48.34966617564075],[7.449926203569787,48.349681290812576],[7.449954014935861,48.34969042771422],[7.450147286329996,48.34975371790596],[7.45028108607583,48.349815549730856],[7.45031794469271,48.349832546557074],[7.45035803210993,48.34985095385961],[7.450429232512482,48.349883960758206],[7.450483059719843,48.34991455716784],[7.450506100114995,48.349928018553314],[7.450536835867405,48.349946146713314],[7.450667466853261,48.35002323621493],[7.450948189983976,48.35024120345249],[7.451023683097207,48.35030414616325],[7.451226186057736,48.350473240103966],[7.451777189590556,48.35098688096922],[7.452131012022279,48.35127130218506],[7.452182440697516,48.35131505444311],[7.452373988570844,48.35147762005938],[7.452454584486389,48.35154649760402],[7.452542227101915,48.35150382091282],[7.45258469037103,48.351483209481145],[7.452609263426741,48.35147165162978],[7.452609914433197,48.35147135679771],[7.452611859845157,48.35147038247504],[7.452625487501505,48.3514652739874],[7.452678598259911,48.35145065989831],[7.45268880015076,48.35148172534504],[7.452716278042977,48.35156512697764],[7.452833295078318,48.35155162265597],[7.45287199136159,48.351547192906004],[7.452876069026797,48.35143890432702],[7.452877501422842,48.35140154380174],[7.452883913502244,48.35124739015143],[7.452927219463963,48.3510403939118],[7.452962899050539,48.35086945931287],[7.453141480110303,48.350514994528005],[7.453154866122144,48.35049745950428],[7.453164103844448,48.35048521700579],[7.45316589704637,48.35048244614516],[7.453173466533267,48.35047125766223],[7.453228858995249,48.35038942343604],[7.453241113585449,48.35037130018645],[7.453283361396139,48.35033060141253],[7.453418964970298,48.35019979105963],[7.453726064803952,48.34988950971804],[7.453790066708,48.349824742883406],[7.453821327515877,48.349793198321514],[7.453941390840423,48.34967207349491],[7.454105573230841,48.34948927276462],[7.454199789479059,48.349367858885266],[7.454210387364967,48.34935412327579],[7.454213363543575,48.349334997439556],[7.45422733817409,48.349244628910114],[7.454131006877132,48.3492150031928],[7.454066606393089,48.34919525943372],[7.453962882146178,48.34917411211954],[7.453828347873751,48.34914673507351],[7.453459227840038,48.349139720991026],[7.453251316397305,48.349136641728066],[7.453181056590775,48.34913550101391],[7.453149378276183,48.349134980978334],[7.453111192926108,48.34903368935502],[7.453109474728847,48.34903096051612],[7.453051188706849,48.34893655295563],[7.452983993536766,48.34844643478031],[7.452983091424484,48.34841024336812],[7.452977642948052,48.34820544168309],[7.452944623629722,48.3479640103039],[7.452934402744862,48.34795186923429],[7.45288797031882,48.34789684540185],[7.452788408115475,48.347833818280286],[7.452639552567469,48.34776498631954],[7.452589329909861,48.34774182472512],[7.452362579103177,48.347586441380656],[7.451498654416636,48.346994552570465],[7.451532391042356,48.34698427213923],[7.451559407284303,48.346976046773385],[7.451559399679383,48.346975956946636],[7.451219098065834,48.346569823939745],[7.451154582024881,48.346492771300355],[7.451128522532543,48.34645959879877],[7.450884277112211,48.34614852514523],[7.450807849421011,48.3460473195739],[7.45068454296984,48.345884167430484],[7.450497928550809,48.34600797266268],[7.450414591873858,48.34606310214354],[7.450329956526396,48.34611566712812],[7.450176715924549,48.34621055195405],[7.450087449475097,48.34626590418135],[7.450033094683024,48.346299307578825],[7.449976308754788,48.346334334292315],[7.449920412807066,48.34636869671661],[7.449915662612474,48.346371668849436],[7.449857066005268,48.34640766471838],[7.449794489619208,48.34644615314624],[7.449754781753962,48.34647053499862],[7.449728569194175,48.34648665965538],[7.449581463583399,48.34655662201029],[7.449562877975303,48.34656543103407],[7.44943031704191,48.346628358139945],[7.44939574957735,48.346644796874315],[7.449369105622849,48.346657423267125],[7.449325566957706,48.346678074154795],[7.449295937647666,48.346692164472465],[7.449269039339538,48.3467049806298],[7.449220075912689,48.34672223094019],[7.44888849632145,48.34683913847565],[7.448698233585691,48.34689594373473],[7.448455620430158,48.34696832372076],[7.448129553397722,48.34706573765415],[7.448064817365129,48.34708511226976],[7.448012212781093,48.34710087689201],[7.447936258047125,48.34712346662911],[7.447832785313196,48.34715475023383],[7.447756336994506,48.34717789907716],[7.447743816394287,48.34718170385761],[7.447710351979689,48.34718881900402],[7.44767954466909,48.3471953837061],[7.447634261779123,48.3472050156356],[7.447619120027618,48.347208198020866],[7.447481018390625,48.3472376289237],[7.447360176482396,48.34726334714595],[7.447319279624121,48.34727209320558],[7.447168019191249,48.347304180983365],[7.447143184577453,48.34730943972254],[7.447066293091545,48.347325756201165],[7.446968421643519,48.347346555680794],[7.446870295800587,48.34736754486143],[7.446715726697187,48.34740047727737],[7.446693414370857,48.347405190572616],[7.446483332150066,48.34745787078727],[7.446437796472207,48.34746931398915],[7.446372666295674,48.347485638618465],[7.446336927813863,48.347494641059264],[7.446240946290988,48.34751861294717],[7.446191570939654,48.3475310113347],[7.446130676854122,48.34754627553392],[7.446070718431922,48.34756141443246],[7.446027697372211,48.347572222313325],[7.445974879017916,48.347585470867486],[7.445871218004853,48.347611352998314],[7.445775775083227,48.34763530425549],[7.445659412681965,48.34766445687016],[7.445627422722716,48.347796141467896],[7.445676410891139,48.34794064356918],[7.445822622892285,48.34804707002438],[7.446586926748583,48.34840790848994],[7.447363197093138,48.348774240009746],[7.447417410036677,48.34879824502189],[7.447969259072052,48.34904928269148],[7.448062001271457,48.349079678977326],[7.448082306975077,48.34908639505032],[7.448143351277709,48.34910644835589],[7.448273087420274,48.34914906089156],[7.448302149058303,48.34915860172767],[7.448374870579598,48.34918245125359],[7.448484586006598,48.34921851705517],[7.44855007974987,48.34924002492237],[7.448613071856673,48.34926072567416],[7.448636853115264,48.34926857257481],[7.448671749632379,48.34927996655989],[7.448744471488832,48.349303815856764],[7.448781180743931,48.34931586256285],[7.448823320492104,48.349329777687835],[7.448897989940796,48.34935427457561],[7.449059995128394,48.349407567969806],[7.449076683290084,48.34941306820007],[7.449092532486281,48.34941823952057],[7.449155291443663,48.34943777730028],[7.449211811378968,48.34945547703476],[7.449248475238806,48.34946698463431]]],[[[7.449109201644611,48.34666602425622],[7.449171499488975,48.346643406534994],[7.449199314784479,48.346633439526975],[7.449274555188039,48.34659762921472],[7.449407879143416,48.34653413291847],[7.44951079552756,48.346485116553076],[7.449607606369409,48.3464390330619],[7.449624755250656,48.34643081873104],[7.449638013565731,48.34642455295266],[7.449653868118119,48.34641701807811],[7.449849615310743,48.34629566439439],[7.449941986887585,48.34623866366853],[7.450003896758967,48.34620029032197],[7.450066704193069,48.34616134250657],[7.450218411452256,48.346067506729995],[7.450312824220719,48.34600907721567],[7.450331705228724,48.34599737333808],[7.450366113628819,48.34597427192887],[7.450421503675614,48.345937134787],[7.450465389433267,48.345907819558825],[7.4504824142598,48.34589654591828],[7.450516463890989,48.34587399862956],[7.450706025004331,48.34574828024407],[7.450504116125715,48.345421465703616],[7.450404801781353,48.345260654954146],[7.450120475377974,48.34490233624491],[7.449337159846158,48.34442355689792],[7.44930786641935,48.34440645560874],[7.44929919075377,48.344401375063285],[7.449291044225475,48.34442970649287],[7.449290313808466,48.344432257118406],[7.449278657728752,48.34443828241106],[7.449267899278784,48.344443733272506],[7.449216695549933,48.34446962865078],[7.44917961688515,48.34448832453284],[7.4491675641363,48.34449445484153],[7.449146570980106,48.34450515662195],[7.449116749352703,48.34452015532139],[7.449106507061146,48.34452531642008],[7.44908417399767,48.34453615868256],[7.449067414693631,48.34454417809276],[7.449021820487237,48.34456607771824],[7.44898830943619,48.34458220634531],[7.448923660986392,48.3446089675513],[7.448766678755841,48.34467398384364],[7.4487096023168,48.34469757662226],[7.448687917997612,48.34470650204293],[7.448654089614822,48.34472047979001],[7.4486061567126,48.34474030446056],[7.448493836785918,48.34478679012022],[7.448442117629219,48.34480819886877],[7.448422790309148,48.344816224610625],[7.448383215205075,48.34483258102667],[7.448371804686712,48.344849500635235],[7.44836759761003,48.34485569635297],[7.448329255670872,48.344912196684305],[7.448323008615573,48.344921442811724],[7.448317105013485,48.34492995512486],[7.448225890968656,48.34497826031926],[7.448208032631025,48.34498767260225],[7.44832825680191,48.34513048734336],[7.448320849445178,48.345199521842034],[7.448367346094331,48.34524580395439],[7.448624348434507,48.34550657033301],[7.448692960262339,48.34557617110249],[7.448654225620763,48.345594478463575],[7.44850237790373,48.3456611034524],[7.44848856544182,48.34566720971685],[7.448398245355872,48.34570692065914],[7.448289286404293,48.34575481157138],[7.448252921792531,48.3457707768747],[7.448144216882035,48.34581847786586],[7.44810512118157,48.34583571725069],[7.448071233154582,48.34585059815555],[7.448000598884343,48.34588172895247],[7.447889162505177,48.345930703829886],[7.44783584976885,48.34595406451173],[7.44781917138652,48.345961449882374],[7.44778371936083,48.34597702027488],[7.447556281214005,48.34607694331959],[7.447314110165713,48.34617210297004],[7.447295799414006,48.346179369386675],[7.447235097554348,48.34620327782586],[7.447215646383314,48.34621464215767],[7.447188601864219,48.34623052716102],[7.447144543271457,48.346261019048924],[7.44709903711706,48.34630156781898],[7.447041198756047,48.34635294298361],[7.446962014092874,48.346402867519885],[7.44683697457818,48.34647803461324],[7.446764190973845,48.34652213146759],[7.446685848330468,48.34656923066189],[7.446627188523066,48.34660450631114],[7.446584867553659,48.34662997647198],[7.446610819898541,48.34666351434104],[7.446615978862825,48.346670169030574],[7.446697112169115,48.34677435409925],[7.446826776178894,48.34694087548679],[7.446859708401271,48.34698820855966],[7.447008334991,48.347201506455676],[7.447035030421619,48.34724222531491],[7.44714921824499,48.34721774874095],[7.447265404498314,48.34719292660758],[7.44735502708941,48.34717369846548],[7.44751277606324,48.34714001486551],[7.447543313852056,48.3471334603362],[7.447585265811409,48.347124404198226],[7.447608633184634,48.347119380733716],[7.447694685525505,48.34710109752918],[7.447748899665772,48.34708518244007],[7.447766704061538,48.34707991747732],[7.447806279504076,48.34706833731977],[7.44781695909568,48.347065142406436],[7.447868411697948,48.3470501420732],[7.447955203481265,48.347024621868115],[7.448040416118645,48.34699961151872],[7.44821309398185,48.346949055384556],[7.448477172802369,48.34687154352588],[7.448520699364158,48.34685873322721],[7.448544041689598,48.346851818145325],[7.448628198533531,48.3468271173786],[7.448759055043145,48.346788765961],[7.448818028482881,48.34677159007138],[7.448843074880839,48.346762448155566],[7.448921372113141,48.346734002512854],[7.448921506867074,48.34673399744646],[7.449028928910971,48.34669508498409],[7.449038896580689,48.34669146615775],[7.449061061925574,48.34668342375546],[7.449109201644611,48.34666602425622]]],[[[7.451583148219799,48.35277795755526],[7.451572944595435,48.35274527009929],[7.451567027168927,48.352726478958026],[7.451546629712637,48.35266281580949],[7.451526781119608,48.35260084414747],[7.451548028940111,48.35259950422948],[7.451551433664825,48.35256945882123],[7.451565310581135,48.352474679191076],[7.451576238694118,48.352386588683345],[7.451804616465891,48.352370969076794],[7.451995439460559,48.352357302492514],[7.452116246007263,48.352348612589566],[7.452336231149297,48.352305733244414],[7.452335441046408,48.35230278925629],[7.452331460105285,48.352287710010096],[7.452316755964989,48.35220986530583],[7.452231306819557,48.352208213982216],[7.452208559362429,48.35220780819736],[7.452178600760536,48.35220686268624],[7.452092244132922,48.35220407394025],[7.452090765623902,48.35215627981086],[7.452089978003098,48.35213260984645],[7.452086856956973,48.352031891337525],[7.452086503908959,48.35201973942696],[7.452067461862034,48.35192259357774],[7.452066557682468,48.35191830219122],[7.452065585044591,48.351913202367236],[7.452064726504297,48.351909449938994],[7.452064485246518,48.35190819743958],[7.45206402555047,48.351905961919904],[7.45206181619874,48.351894240293184],[7.452045133565717,48.35180899064172],[7.452044998799091,48.35180899571168],[7.452040783037614,48.35166182028597],[7.45199390836329,48.35165907808647],[7.451939964999172,48.35165588088836],[7.451836294074282,48.3516497783896],[7.451702596448675,48.35164192173037],[7.451704247394887,48.35163906613737],[7.451705300568244,48.35163713415643],[7.451705412516942,48.35163685960759],[7.451802377090388,48.351451995670374],[7.451790722106359,48.35144846915921],[7.45169556514789,48.35141996869616],[7.451821022869927,48.35126665360187],[7.451883142283247,48.351190784871974],[7.451689371093275,48.3510322671134],[7.451673388775239,48.351017549193266],[7.451599085124139,48.35094951581374],[7.451533312905657,48.35088963205089],[7.4514893699301,48.35084965301578],[7.451302893963876,48.350679866523095],[7.451173807186837,48.35056036667029],[7.451139496801726,48.350528766117655],[7.451137008100866,48.35052651679936],[7.451031664172665,48.35044153799351],[7.451005828431625,48.35042061238544],[7.450882781540224,48.35032134062056],[7.450850282969536,48.350295168712876],[7.45076086305811,48.350225811025986],[7.450742785873985,48.35021189267998],[7.450736280523311,48.35020691081921],[7.450647715109855,48.35013806159112],[7.450595476891787,48.35009749310606],[7.450580292738531,48.35008580885945],[7.450556120931179,48.35007175924984],[7.450450817957232,48.3500111989335],[7.450351906458311,48.34995427300464],[7.450256808069577,48.34991045014763],[7.450073773521568,48.34982595915997],[7.44991575565056,48.34977188635617],[7.449895711369252,48.34976507063917],[7.449818455516358,48.349738779241214],[7.449672915019343,48.349693158084634],[7.449573206755886,48.34966194357789],[7.449469468905354,48.349629438703055],[7.449393504399151,48.349605621636826],[7.449325741720507,48.34958446985855],[7.44925120096914,48.34956150029883],[7.449176660282833,48.34953853069182],[7.449113781638563,48.34951917764497],[7.449071582911323,48.3495061659592],[7.448946024390942,48.34973661827866],[7.448849230658337,48.34991399409685],[7.448667832478574,48.35024666014035],[7.448644899930524,48.35028879372945],[7.448631065197691,48.35031382439179],[7.448460342873625,48.35062410116221],[7.448217450133598,48.35064864063982],[7.448041420934428,48.35066931473528],[7.447984160361989,48.35068282113967],[7.44797183247944,48.35068571753642],[7.447936577960007,48.35069407139014],[7.447847109168423,48.350715186283566],[7.447826223688409,48.35073038924773],[7.447752727719079,48.35078370461393],[7.447688207295522,48.35088399156374],[7.44762190831285,48.35098722890012],[7.447616498289734,48.35100797783502],[7.447600566107739,48.351068951867475],[7.447584112036915,48.351131747753875],[7.447578106156135,48.351155042222246],[7.447567227258254,48.35119744341438],[7.447567370069231,48.35120392613277],[7.447567553331996,48.35121887788698],[7.447579907318223,48.35136971213302],[7.447586727441069,48.35145353057832],[7.447610702844107,48.351725759827346],[7.44763893304653,48.352409461821544],[7.447489074439456,48.35311355336779],[7.447470187867231,48.353201942270616],[7.4474542722144,48.35329508557075],[7.447445570762821,48.35334884907819],[7.447442925814022,48.35336552911086],[7.447437040051225,48.35340143470789],[7.447417762301073,48.353518764272636],[7.447407068444615,48.353584136992275],[7.447390277975685,48.3536845220939],[7.447517515997184,48.35370866649288],[7.447528368152538,48.35371069169112],[7.44769362690114,48.35370321949357],[7.44779477219183,48.353698607204954],[7.447925462898493,48.35369324484945],[7.448074119267543,48.3536781057788],[7.448122633054589,48.35367303833141],[7.448360238098457,48.35364815770842],[7.448654717997952,48.35361636273318],[7.448867953749026,48.353594289471694],[7.448916366511623,48.353586432011845],[7.44904934257195,48.353564942511206],[7.449135366942556,48.353546209215054],[7.44919444317662,48.353533355027515],[7.449316578625546,48.35349560199889],[7.449428167879991,48.35346103882074],[7.449446655722407,48.353455838121995],[7.449874579991413,48.35330268787692],[7.449956726315066,48.35327328629301],[7.449961965076069,48.353271287061716],[7.450006741260049,48.35325401397184],[7.45002774950887,48.353246645821336],[7.450050988023983,48.353238472905254],[7.450049531785817,48.35323564406869],[7.450022668483456,48.3531850198241],[7.450028115948235,48.35318229184304],[7.450044997420442,48.35317408762767],[7.450062066880471,48.35316650712715],[7.450136195850982,48.353208505506856],[7.450152758732341,48.353202926513596],[7.450210844550987,48.353183170384845],[7.451041210886759,48.352924138511526],[7.451058073541498,48.35291890855844],[7.451583155825595,48.35277804738161],[7.451583148219799,48.35277795755526]]],[[[7.452276461284798,48.36077168454264],[7.452219247490861,48.36077149374279],[7.452200038900742,48.360771405264856],[7.452189225303619,48.36077145156832],[7.452125961195342,48.36077166852826],[7.451890353474761,48.36077260064203],[7.451846559925678,48.36077280601561],[7.451764356803634,48.360772924104815],[7.451762178579961,48.360819053225676],[7.451759859959417,48.36098008032282],[7.451755443516849,48.361293565523184],[7.451753247908381,48.36133789304093],[7.451753770443942,48.36135364296894],[7.451753795406722,48.361355534379776],[7.451754706414737,48.36140461109552],[7.451757818176111,48.36158345625639],[7.451760449234541,48.36172149879885],[7.451761591575002,48.36178129011278],[7.451766968709811,48.361962933602925],[7.451770519244885,48.362003260286535],[7.451770907224867,48.36200784139873],[7.451778498578849,48.36214218297978],[7.451783428747626,48.36222913570066],[7.451784241568578,48.36224352302358],[7.45178671046418,48.3622870442942],[7.451789929185749,48.362342612347184],[7.451791338721637,48.362360852034904],[7.451793166673365,48.362384032136],[7.451796841641221,48.362456163600605],[7.45179830968123,48.36248467383377],[7.451806379708417,48.362607102608806],[7.451810431985387,48.36267570551126],[7.45181462121031,48.36274592527224],[7.45185825567124,48.362737435669935],[7.452073373139518,48.36269564297919],[7.452378604766235,48.36263694350107],[7.452382445324379,48.36263598803192],[7.452383104078815,48.36263578302919],[7.452385754313696,48.362635142669475],[7.45235586860736,48.362451537526375],[7.452627357572878,48.36242393358689],[7.452824836920078,48.36241019696203],[7.452821405122176,48.36238085947472],[7.45280425706214,48.362231107813436],[7.452777646520283,48.36198880672403],[7.452776205123676,48.3619749837129],[7.452740632377015,48.36166678745855],[7.452736240479757,48.36123342409821],[7.452731961671081,48.360817357848426],[7.452731206281838,48.360773321502165],[7.45273120194004,48.36077007763377],[7.45263211969941,48.36077047085739],[7.452612109980551,48.36077050269551],[7.452591561103576,48.36077055481237],[7.452553301538186,48.3607706423809],[7.452468417847316,48.36077104201987],[7.452371566158828,48.36077063022275],[7.452309560807407,48.36077134060282],[7.452276461284798,48.36077168454264]]],[[[7.452471168702659,48.35449453468293],[7.452507183646421,48.354493540179895],[7.4525450930248,48.35449256450505],[7.452691375457507,48.35448769170037],[7.45270080959703,48.35448733675302],[7.452759024104372,48.35448505637797],[7.452816490831465,48.35448352500852],[7.452838212173081,48.354482978084036],[7.453116207286643,48.354479997544395],[7.453189452273444,48.35447958443582],[7.453234145949636,48.35447889393523],[7.453380366370496,48.35447807766988],[7.453408156886744,48.35448054630881],[7.453474094840096,48.3544864455207],[7.453546061757859,48.354493289283255],[7.453571006830511,48.354495684736214],[7.453671461010686,48.354505241136515],[7.453772042390948,48.35451470255358],[7.453976312658678,48.354533598298424],[7.45402256081184,48.35454168002407],[7.453920331473794,48.35426221368582],[7.453877025740185,48.354143633373646],[7.453965625233266,48.354124979862036],[7.454057421148024,48.35410575541997],[7.454022068045757,48.35404274560514],[7.453983052127282,48.353973205303035],[7.453968527694807,48.353946988508206],[7.453868275481403,48.353765850538124],[7.45383507597424,48.3537059135586],[7.453487261100609,48.35376883490696],[7.453429956123842,48.35377865089649],[7.453423825114914,48.35377969262152],[7.453350637206257,48.35362754329245],[7.453336976114208,48.35359714876597],[7.453259523706262,48.353424974647766],[7.453203376739023,48.353304804716345],[7.453160857855741,48.35331838961198],[7.453093489051815,48.35333867674609],[7.452923805514624,48.35338966715194],[7.452899857560978,48.35332082115143],[7.452850564144339,48.35317939698976],[7.452825346927263,48.35318016558487],[7.452814271893076,48.35311804421065],[7.45281145803424,48.353102380394816],[7.452797059452692,48.353018576839006],[7.452779251492347,48.35291048106471],[7.452782463176325,48.35286539407404],[7.45278458254657,48.35284891385169],[7.45279219497634,48.35266263516095],[7.452686506915075,48.35267264925965],[7.452539515418758,48.35268665029694],[7.452539523026174,48.35268674012324],[7.452583214166927,48.35292326367168],[7.452529405290695,48.35292645962272],[7.452525100276017,48.3529267117047],[7.452521603877953,48.35292693336362],[7.452438836936786,48.35293302102023],[7.451915369512797,48.35300353753663],[7.451844313685219,48.35286851866955],[7.451805002731735,48.35279385241858],[7.451689528823513,48.35282721240449],[7.451609023275802,48.352850425896676],[7.4516070616447,48.35284482260046],[7.451601057196295,48.35282819743365],[7.451333526358065,48.352901969970894],[7.451267129065332,48.35292095795055],[7.451306925192114,48.352994975312036],[7.451349453634968,48.35307411640901],[7.451361572257975,48.35310547026993],[7.451363307836994,48.3531100007221],[7.451373500758152,48.35313457847021],[7.451399717037698,48.35320469107658],[7.451373718239726,48.353209003143604],[7.451248545497133,48.3532300216024],[7.451041604657234,48.353265739799845],[7.451052274452243,48.35329435469005],[7.45092558762774,48.3533086713113],[7.450824744163177,48.35332003338903],[7.450825048346422,48.35332362644382],[7.45055616521325,48.353344732197534],[7.450558238709423,48.35335006096167],[7.450569658849866,48.353489756187],[7.450578896643897,48.35360367122983],[7.450589041486563,48.35372989754161],[7.450590690178754,48.35378291169907],[7.45059186659582,48.353823958676635],[7.450595694529762,48.3539522247716],[7.450595043006271,48.353963693536485],[7.450593709541303,48.353986271760604],[7.450558742292479,48.354448421000846],[7.450626164850991,48.354473459870306],[7.450637888866752,48.35447779492489],[7.450731164781462,48.35451276507186],[7.450919343456729,48.35450929256729],[7.451024252701244,48.35450759983284],[7.451128780433964,48.35450619169097],[7.451192792418666,48.35450531606478],[7.451252618814026,48.354504507717856],[7.451401817437474,48.35450214008642],[7.451599506240143,48.35449920991935],[7.451708903140014,48.354499420360355],[7.451810221234905,48.35450002470698],[7.451938442937437,48.35450060816531],[7.451966709491388,48.35450071631155],[7.452067465677046,48.3545010712389],[7.452145181048196,48.354500760945776],[7.452193454938002,48.35450083727851],[7.452227254813299,48.35450082731436],[7.45230702221466,48.354500800167706],[7.452364562886546,48.35449854533767],[7.452413882371744,48.35449659977166],[7.452415364879936,48.35449654399773],[7.452471168702659,48.35449453468293]]],[[[7.45318555183318,48.3608564330108],[7.454040196550935,48.360887444064744],[7.454037196987347,48.36081853109287],[7.453180178188625,48.36077544425548],[7.45318238183076,48.36081582164442],[7.45318555183318,48.3608564330108]]],[[[7.452644098160795,48.34510486136694],[7.452680548957851,48.34510430072633],[7.452712141169326,48.345103832794074],[7.45284160163845,48.34510175452389],[7.452890741692824,48.34510098663581],[7.453251131020373,48.345094632838645],[7.453948971612285,48.345082424913414],[7.454489240032524,48.34507236016224],[7.454752696474406,48.34506748815212],[7.455653278505175,48.34501348422842],[7.455908282774889,48.34499820442892],[7.45591108151409,48.34489564026353],[7.455912781728717,48.34486944339161],[7.455917239723989,48.34480241147117],[7.456001192547205,48.344695619665316],[7.45600655054731,48.34468865939255],[7.455980923179865,48.34461275786466],[7.45597931461928,48.34460813255058],[7.455966535219967,48.344570586002455],[7.455944795739661,48.344507063797934],[7.45590860608825,48.34439425311019],[7.455905282425995,48.34438374490561],[7.455898657941305,48.34436299797586],[7.455943224273577,48.344357715140774],[7.456005597786421,48.34435040998497],[7.45611973780088,48.34433664960247],[7.456215967390695,48.343446400334535],[7.456217097917257,48.34343581449214],[7.456309477447797,48.34261023065598],[7.456177556754562,48.342615109015945],[7.456162046120784,48.34261551294985],[7.456136744942566,48.3426168262909],[7.45610484898261,48.34261847810882],[7.456014759390116,48.34262250176836],[7.45601395093377,48.34262253221534],[7.455943668510409,48.342625809868316],[7.455766064597626,48.34263394011712],[7.455744259101604,48.34263503161797],[7.455607548442339,48.342640810627785],[7.45558763695076,48.34264192089008],[7.455527243978964,48.34264545668017],[7.455384538337543,48.342652272200745],[7.455348981442762,48.342653791326704],[7.455313020317302,48.342655325663095],[7.455284612401828,48.34265666569032],[7.455238433644557,48.342658855082576],[7.454957001346481,48.34266999248659],[7.45494878202661,48.34267030195717],[7.454766034747227,48.34267835401044],[7.454610991208195,48.34268473197989],[7.454542834065431,48.34268756832776],[7.454529097885316,48.34268817558159],[7.454445318148987,48.342691690144655],[7.45440833767827,48.342692361446865],[7.45428423835587,48.34270180935045],[7.454278594363773,48.34270220205018],[7.454272553751228,48.34270269979402],[7.454153170389749,48.34271197002212],[7.454119202115036,48.34271469055873],[7.453974997728889,48.34272615656347],[7.453693857296882,48.34274872433908],[7.453625920649035,48.34275416513895],[7.453552686721319,48.34276728468691],[7.453386421272088,48.342795980942306],[7.453345653832918,48.34280301225721],[7.453296242166733,48.34281172060319],[7.453225926791057,48.342824189416206],[7.453088730810636,48.3428481866241],[7.452971876642141,48.34286817403688],[7.452715576697974,48.3429207133999],[7.452288541196316,48.3430082427554],[7.452291397951811,48.34301164967199],[7.452327387244679,48.34305354974482],[7.452377497415808,48.34311375209545],[7.452389074441856,48.3431275543352],[7.452387839863417,48.34314490251626],[7.452383855741509,48.343200021455544],[7.452249539762881,48.34326283813364],[7.451930842112167,48.34335115554424],[7.451678948747126,48.34343822025536],[7.45148084570381,48.343544347186935],[7.451436101992352,48.34356828843165],[7.451404583084063,48.343583982407],[7.451062089615158,48.34380322563969],[7.451019775161338,48.3438303193923],[7.450921777882652,48.34385752525206],[7.450808339993401,48.34388756466015],[7.450759029948696,48.34390068360071],[7.450743830620919,48.3439047697317],[7.450675609126196,48.343922835299686],[7.450633481991688,48.34393298061437],[7.45059505932099,48.34394217555784],[7.450445180728689,48.34397448639703],[7.450406862331476,48.34398331690295],[7.450296539575954,48.34400864286937],[7.450236345203318,48.34402253140563],[7.450232498362044,48.34402339699138],[7.450011208772145,48.344120751199334],[7.44987275949332,48.344181107117734],[7.449640540851623,48.344245169361166],[7.449535933927462,48.3442741544876],[7.449480442764458,48.3442957055769],[7.449414483375961,48.34432134490825],[7.450121943413082,48.344798290760664],[7.450354756612745,48.344955252259574],[7.450628191775139,48.34539409047275],[7.450717004997388,48.34553303815811],[7.450810951894373,48.34568152487159],[7.45095554843871,48.34558516198085],[7.450988684825619,48.345563009339806],[7.451208834843074,48.34541541342911],[7.451329425536221,48.34533410078678],[7.451356555341269,48.3453160488443],[7.451458663875012,48.345247957030494],[7.451534549287198,48.34522140248278],[7.451585231887528,48.34520372598633],[7.451635538233244,48.34519597604792],[7.451713202081733,48.34518404288473],[7.451839855104438,48.34516476964939],[7.451966342863433,48.34514514204084],[7.45205403672194,48.34513193014382],[7.452078594863305,48.34512821263282],[7.452125824642716,48.34512084857643],[7.452164521710889,48.34511488691027],[7.452172980505003,48.34511420818591],[7.452190444696177,48.345112920281665],[7.452267381188205,48.34511155733493],[7.45241275733974,48.34510906089962],[7.452523269245437,48.345106704735414],[7.452528397329674,48.34510660188252],[7.452533660163312,48.3451064939589],[7.452644098160795,48.34510486136694]]],[[[7.453082870467891,48.348544451328635],[7.453124575892868,48.34892514048134],[7.453212766635636,48.34901508846189],[7.453216961577231,48.34901673285333],[7.453314299512237,48.34905506234541],[7.453320365876119,48.34905645608052],[7.453326701759242,48.34905783967251],[7.453370032398861,48.34906026407558],[7.453414171599245,48.34906265803376],[7.453463223012069,48.349065588010916],[7.453498549596077,48.349067682803934],[7.453512543949289,48.34906850782451],[7.453518796144706,48.34906890331494],[7.453573695486988,48.349072243951355],[7.453603705590718,48.349073817897185],[7.453636703230943,48.349075549736],[7.453759395409498,48.34908282696121],[7.453838352655751,48.34908769505957],[7.453840389266256,48.349087798632524],[7.453863777755143,48.349092595457286],[7.453963232943911,48.3491128221785],[7.454037802109943,48.34912812817213],[7.454103706444231,48.34914168766568],[7.45416052450275,48.349162888273895],[7.454223073218665,48.349186306198405],[7.454262338570455,48.349035421081254],[7.454311926875027,48.348845218585495],[7.454455161642995,48.34849658682946],[7.45453456135384,48.3482625483835],[7.454552957239441,48.34820841891093],[7.454637982575615,48.34792271403294],[7.454666920339997,48.347825474117194],[7.454823920996311,48.346669270820605],[7.454882371468328,48.3460300608213],[7.454898197979324,48.345856267553245],[7.454886027010538,48.34580355902811],[7.454777660941867,48.34533184144112],[7.454755560536495,48.34523372923105],[7.454737430545826,48.34515376050758],[7.454341040079846,48.345161203731564],[7.453863805235617,48.3451701567543],[7.452892605465165,48.34519003830108],[7.452349560058813,48.345207229018236],[7.452191414986767,48.34521218829975],[7.451985979967093,48.34524136477578],[7.451681577194739,48.345284717392495],[7.451561567666161,48.345312211127],[7.45141818147413,48.34540528524824],[7.451342109252175,48.345455185981336],[7.451264040565232,48.34550705413315],[7.451178409239925,48.345563802471794],[7.451147808263641,48.34558396742282],[7.451099808831082,48.345615780614],[7.451027977482743,48.345663088538764],[7.450887215983867,48.34575525217514],[7.450836388571707,48.34578879364943],[7.450795666612022,48.34581555697851],[7.450795674215469,48.34581564680538],[7.45091122696567,48.346014955422646],[7.450977234992445,48.34612880822417],[7.451226503728606,48.346473665289906],[7.451684859464862,48.34700800316584],[7.451849701286631,48.347160310089436],[7.451852774510449,48.34716307807965],[7.452042373561795,48.34728525677458],[7.45211335512839,48.34733007564972],[7.452194624861037,48.347381446085876],[7.452237874458779,48.34740847471074],[7.452309530135245,48.34745326811334],[7.452434540148793,48.34753426179306],[7.452569193168221,48.34762056961661],[7.452602463658985,48.34763670950108],[7.452669566546322,48.347669238438634],[7.452717167949609,48.34769177773113],[7.452775047798612,48.347719156780556],[7.452827887394796,48.347728522667666],[7.452886350905541,48.34773884836955],[7.452918042512986,48.34774432415222],[7.452935468444294,48.34774736303059],[7.45297688020396,48.34786601524318],[7.452996675326919,48.347882662115325],[7.453005849661717,48.347890427032496],[7.453058977244732,48.34810271616323],[7.453063885096227,48.34812235630243],[7.453082870467891,48.348544451328635]]],[[[7.45588543638911,48.35378769131125],[7.455882464776685,48.35384196090545],[7.455869682163878,48.35405006173428],[7.455866712143453,48.354094779316455],[7.45586044309135,48.35418990395909],[7.4558575677962,48.35427561921603],[7.455854129576736,48.354381811226716],[7.455844241647832,48.354732541336055],[7.45582109618269,48.35474819123053],[7.455817894330785,48.35475029425721],[7.455891711489455,48.35475184042638],[7.455972117340874,48.354752958252135],[7.456014484262041,48.3547535257793],[7.456378380218715,48.354760639964425],[7.456379709845844,48.35454026449942],[7.456380058617954,48.35449014873506],[7.456446568751272,48.3544980072385],[7.456581717228956,48.35449895563074],[7.456586410493515,48.35443948476612],[7.456580735793605,48.354514491965766],[7.456647627462963,48.35452206565314],[7.45681912522203,48.354530746341126],[7.456832134846068,48.354411487905985],[7.456962544091102,48.354423517965],[7.456968957246445,48.35438912373597],[7.457002410113777,48.35420799894603],[7.457011225742509,48.35419396981409],[7.457048482338723,48.35413426378194],[7.456979921073613,48.35410539649982],[7.456906302486142,48.35407428659426],[7.45672935934841,48.35399975853821],[7.45667269567942,48.35397566958207],[7.456609311742057,48.3539488599483],[7.456554341586594,48.353925608292634],[7.456477247613361,48.353893367429485],[7.45595519879472,48.353744604061106],[7.455888742331012,48.35372620011324],[7.45588543638911,48.35378769131125]]],[[[7.458277068953809,48.374184433150646],[7.458342151693849,48.374192705619066],[7.45835486319172,48.37419267750049],[7.458440038140279,48.37419226349433],[7.458486668799971,48.37417275552407],[7.458500772473455,48.37416681771785],[7.458509986118408,48.3741462857798],[7.458517736642448,48.37412923317502],[7.458542489398973,48.374075045144025],[7.458596234006938,48.37395605648129],[7.458598406976097,48.37395137896331],[7.458615938426908,48.37391251147088],[7.458656698305528,48.373822216650055],[7.458666031409741,48.3738014999682],[7.458703768219411,48.37371861799793],[7.45872778024845,48.373665268796735],[7.458744751714574,48.37362777403181],[7.458766285330805,48.37358028529221],[7.458775506390494,48.37355984314902],[7.45880878503492,48.37348659072709],[7.458861752357491,48.373369613573836],[7.45891607817182,48.373249521420945],[7.458918355419113,48.37324447951886],[7.458941845336708,48.373192952134225],[7.458962907906662,48.37314629207498],[7.458965297101568,48.37314097562034],[7.458972009236025,48.37312603463665],[7.458985306294394,48.37309624756993],[7.459006831854519,48.37304866894322],[7.459014694011886,48.373031341740564],[7.459026655172163,48.37300493910812],[7.45904281965734,48.372969096668164],[7.459051808969569,48.37294911377243],[7.45906234198765,48.37290906796182],[7.459073002188101,48.37286892724668],[7.459085011089861,48.37282395981669],[7.459086143518185,48.37281977203146],[7.459104789267948,48.37274941348945],[7.459124552146885,48.37267468750567],[7.459142989128004,48.37260505770222],[7.459143897638026,48.37260141901892],[7.459144500770782,48.372598963288524],[7.459153455782929,48.37256582537209],[7.459150553817335,48.37253800007391],[7.459141187233485,48.3724483313591],[7.459138915499502,48.37242633957652],[7.459130321612092,48.37234258911868],[7.45912124996696,48.37225480162722],[7.459102472635024,48.37208609899436],[7.459101994852991,48.372082061966026],[7.458950149356664,48.37114998901668],[7.458947936895894,48.37112231794476],[7.458946260271499,48.37110255651999],[7.458916711283071,48.37095831928244],[7.458915511362881,48.37095214676862],[7.458878249779352,48.37078873586993],[7.45885742475077,48.37069949861499],[7.458856595902726,48.3706961055872],[7.458853120474879,48.370680647157336],[7.458839204818087,48.37062980759143],[7.458822100462329,48.37057007694829],[7.458815835509752,48.370547244306785],[7.458791785131547,48.3704598406331],[7.458745504671941,48.37029532755504],[7.458728802614659,48.37023395972839],[7.458412906229866,48.36945954181706],[7.458329256644634,48.369012313413236],[7.458466792845608,48.36848457515338],[7.458525769642181,48.36787094491562],[7.458431167382096,48.36756560432374],[7.45838866166559,48.367429604309976],[7.458367065720463,48.3673599501463],[7.458346245257856,48.367293060240385],[7.45831950572495,48.367209001652256],[7.458318587877411,48.36720615263866],[7.45830664297278,48.36717055773699],[7.458303090584144,48.36714302716591],[7.458300938405324,48.367125626507466],[7.458266047279293,48.36677487323638],[7.458229165091474,48.366403829562785],[7.458229074856703,48.36639319974881],[7.458228624232007,48.36635600047624],[7.458228497047823,48.36635609537818],[7.45822848942872,48.36635600555316],[7.458023566743838,48.36645275372961],[7.457895493492376,48.36651326606892],[7.457825274510139,48.36654636824399],[7.457799393231891,48.36655851676233],[7.457621449307537,48.3666417226477],[7.457529741470709,48.36668455490006],[7.457441581787326,48.36672617212679],[7.457357957295187,48.36676545582781],[7.457180970840231,48.36684880515747],[7.457003325034317,48.36693235924539],[7.456963136684376,48.36695919379733],[7.456959425383286,48.366961676437974],[7.45686543481431,48.36702225599132],[7.456850057967848,48.36703229666689],[7.456814575435477,48.36705561985086],[7.456714143605253,48.36712157814939],[7.456656759315313,48.36715933272679],[7.456510712551447,48.36725512300703],[7.456244418790822,48.367430412739],[7.45619443372579,48.36746293237387],[7.456117008924775,48.36751315557728],[7.456059893392398,48.367550899705584],[7.456054352571225,48.36755732598656],[7.456026042951456,48.3675902911849],[7.455967294084265,48.36765981607531],[7.455930658168166,48.36779077577495],[7.455957965583411,48.36794059491365],[7.455978729557182,48.36805470576675],[7.456005225701722,48.3681598600066],[7.456011801389268,48.36818637566414],[7.456025535438494,48.368238303704054],[7.456081925618891,48.36848389812922],[7.456086799904053,48.3685094865947],[7.456102548537125,48.368577198442956],[7.456132731356756,48.3687098781442],[7.456145702499445,48.36876237554707],[7.456151908840008,48.36880845932669],[7.456169320125836,48.3689133246905],[7.45616870080437,48.36893632647817],[7.456169218462767,48.36899028387891],[7.456170048000243,48.36912767293077],[7.456170537550457,48.369166943183075],[7.456170595416987,48.369170815805795],[7.456170625880982,48.36917117510567],[7.45617065783808,48.36917793227646],[7.456165448516861,48.36927121369702],[7.45616530075101,48.36927266104554],[7.456164517717973,48.36928575670867],[7.456156870229834,48.36940291936946],[7.456154210352151,48.369444921401175],[7.456150011873378,48.369500678314374],[7.45614889521912,48.36951621954688],[7.456133961434289,48.369687813532146],[7.456132233127507,48.36971049660282],[7.456130734087395,48.369731098476095],[7.456123718068635,48.36981264323812],[7.4561198173415,48.36986712736246],[7.456113627856512,48.36991854372985],[7.456110798183926,48.369940997917595],[7.456107864160215,48.36996381647907],[7.456104073190475,48.37000045436965],[7.456096712890147,48.3700715591261],[7.45609500591878,48.37008811379792],[7.456082944433452,48.37019309723408],[7.456077793819935,48.37023762600098],[7.45607538072016,48.370263398629355],[7.456072868610102,48.370288003533496],[7.456070621576483,48.37030935444304],[7.456063515112623,48.37033719607289],[7.456047940953082,48.37041032209678],[7.456033147443982,48.370484680291014],[7.45601818327173,48.370560216351535],[7.456001159432818,48.3706465532028],[7.455994283636008,48.370678711489944],[7.455993896695991,48.37068052828494],[7.455961040125092,48.37075718834097],[7.455957339023157,48.370863479025125],[7.455946323303799,48.370918591339425],[7.455944902729233,48.370925763618324],[7.455943578890184,48.37093248169855],[7.455932135042419,48.37099211569752],[7.455911120418824,48.37109040731268],[7.455883123159903,48.37121959963671],[7.455870689773493,48.37127873018754],[7.455856262952506,48.37134784802538],[7.455839316203489,48.37144148091105],[7.455830715605443,48.37148839224953],[7.455827415817892,48.37150689918575],[7.45581615449127,48.37156868894378],[7.455761153931846,48.37155805329463],[7.4557070025568,48.37200569246791],[7.455705981848189,48.37200960567494],[7.455699798931339,48.37203398823873],[7.455699121751048,48.372037167625095],[7.45568671699266,48.372090259562704],[7.455631770278131,48.372467911861456],[7.455603629259323,48.37264009247232],[7.455603377111036,48.37264190418947],[7.455598662942903,48.37264532561596],[7.455582747191713,48.37265700830033],[7.455511607941646,48.372977688575546],[7.455453613183829,48.37330346093372],[7.455444583776774,48.37335489385794],[7.45543159232154,48.37342819270915],[7.455430041296588,48.3734386138798],[7.455427308739635,48.37345583786313],[7.455388425963013,48.37373105925654],[7.455373861616945,48.37379378413376],[7.455343112217045,48.37408996560747],[7.455343119832342,48.37409005543216],[7.455328827500179,48.37425171220493],[7.455322796315121,48.37432096438428],[7.455302680110742,48.374501673528016],[7.455276899564128,48.37471927105766],[7.45527070331893,48.37477221928708],[7.455251611353243,48.37498415839193],[7.455312370844715,48.37500205689894],[7.455328744819819,48.3750069375184],[7.455392142208753,48.37502563783217],[7.455413087298467,48.375031788202776],[7.455419854541517,48.375028649982816],[7.45544094237356,48.37501893540439],[7.455474791253163,48.375017751720115],[7.455498116107479,48.37501687395736],[7.455518752061927,48.37501618749086],[7.455521044099529,48.37501610123606],[7.455572282979323,48.375028590779074],[7.455579469083484,48.37503039290365],[7.455648796664152,48.375047247912136],[7.4557128131969,48.37503177260534],[7.455732424685053,48.37502697954005],[7.455918085366458,48.37498656094077],[7.456013849637967,48.37498340729742],[7.45608155494083,48.37498112941647],[7.456153768764654,48.375004904181836],[7.456182149136192,48.37501419880009],[7.456209420444558,48.37502317470996],[7.456233214482038,48.375031019935136],[7.456264653956598,48.375047678629386],[7.456411506593748,48.37512541401472],[7.456500257877651,48.37513685164644],[7.456575802186551,48.37509462946381],[7.456612197369089,48.375045320296785],[7.456664418995555,48.37502154764889],[7.456682257837954,48.37501339692001],[7.456690335170403,48.37500975875343],[7.456883864521299,48.37497760298959],[7.456887331894259,48.37497702190744],[7.456920680219098,48.37497153130808],[7.456933980803888,48.37498004174756],[7.456973020303144,48.3750049747379],[7.457117124086574,48.37502955697896],[7.45717628528882,48.37503976515119],[7.457189777088692,48.37504574524826],[7.457204243145779,48.37505204911169],[7.457248908100135,48.375071543780706],[7.457292408098048,48.375072519358575],[7.457411806679353,48.37507532327895],[7.457445021834327,48.37507623545109],[7.457459524375643,48.37507659056301],[7.457504887094744,48.375091553302745],[7.457608974950468,48.37512593176253],[7.457685783686778,48.375151244742604],[7.457711946237557,48.37515990161814],[7.457761262443243,48.37517363407606],[7.457796633607894,48.37518401677888],[7.457799541149382,48.37518480841902],[7.457894663541164,48.37520916139692],[7.45802108495923,48.37524053592542],[7.458025918172519,48.375241705608985],[7.458030512214073,48.375243244743444],[7.458360231094287,48.375351218032584],[7.45836123584364,48.37535190108858],[7.458369851247995,48.37535779435008],[7.458391220647857,48.37537212836824],[7.458411592929413,48.375385869151245],[7.458428588098325,48.37539009518471],[7.458441296959807,48.37539322106529],[7.458479204897593,48.37540161570755],[7.458534339580916,48.37541377707943],[7.458674377300834,48.37539678903339],[7.458766016982163,48.3753848674877],[7.458994853043771,48.375375077950636],[7.459032327139583,48.37537357650228],[7.459052551087053,48.37537281482973],[7.459091219966774,48.375379017946834],[7.459111479139587,48.37538185939447],[7.459182948433191,48.37539205359506],[7.459311638865249,48.37541189717832],[7.459318486896577,48.375412900812805],[7.459408050633294,48.37542592771222],[7.459499285689785,48.375439522374094],[7.459535039466498,48.375444843923475],[7.45959999152049,48.37545474268804],[7.4596706549008,48.37546181305644],[7.459706398700492,48.375465422813434],[7.459736657969292,48.375468157812236],[7.459798540027556,48.37547375664851],[7.459903792441311,48.37548357898285],[7.459930103645057,48.37548601209574],[7.459948368605935,48.37548766696344],[7.459990891885809,48.37549147181351],[7.460082254838698,48.37550019519843],[7.460112992464049,48.375502191190755],[7.460129929642243,48.375502544377426],[7.460175467695572,48.3755036223596],[7.460270005958257,48.3755067291825],[7.460319634558224,48.37550819367849],[7.460351089667849,48.37550908124215],[7.460379174115089,48.37551009578093],[7.460424353445529,48.3755117278511],[7.460496317121931,48.37551658607125],[7.460537123429364,48.3755192839635],[7.460644062990004,48.37552507717994],[7.460706435980168,48.375533270285985],[7.460744309044273,48.375538061073584],[7.460759488287063,48.37554001229898],[7.460919052193131,48.375561844871534],[7.460958240987508,48.375559827653916],[7.460973191490793,48.375559084125015],[7.461174825867602,48.375552297752755],[7.461306851569553,48.375547683419185],[7.461456496207143,48.375543486357124],[7.461476450531795,48.3755427344322],[7.461542515521503,48.37554024492708],[7.461589735300732,48.37553882598336],[7.461619554834169,48.37553797261439],[7.461695612223073,48.37553528669652],[7.461780298497695,48.3755322755506],[7.461861240128724,48.37552976590954],[7.461903000382502,48.37553413950466],[7.461946124161391,48.37553864192219],[7.462000980307541,48.37554432417793],[7.462045070769356,48.375549060463634],[7.462070730853465,48.37555178797985],[7.462090097397475,48.375553671339794],[7.462147522905359,48.375559346807385],[7.462308324221237,48.37557184940136],[7.462498095378281,48.37558623356473],[7.462550229745202,48.375590125812494],[7.462566973593494,48.375591387055756],[7.462650041598248,48.375597988118535],[7.462732466003621,48.37560497382958],[7.462796678917119,48.375606157902226],[7.46294060466304,48.37560947357727],[7.462965946911682,48.37561005020342],[7.46301120783446,48.37561104743643],[7.463150414678455,48.37561454073819],[7.463277830599858,48.375617757473556],[7.463310489136878,48.375616886767936],[7.463430131161652,48.37561138523073],[7.463481978328139,48.37560870974605],[7.463531541068701,48.37560621047246],[7.463565395155038,48.37560826831013],[7.463722289597995,48.37561776238318],[7.463724658242057,48.37560424643825],[7.463728734045583,48.375580573619786],[7.463758391465914,48.37541698407],[7.463767593703591,48.375366084453205],[7.463772341086337,48.375340764296716],[7.463784227341773,48.3752768775045],[7.463882253016306,48.37528282364376],[7.463911349861053,48.37528461017902],[7.464043829811393,48.37529331217317],[7.464110812605153,48.375298446113185],[7.464178467015769,48.375301932680635],[7.464226029888775,48.37530455476814],[7.464256744664915,48.37530628021402],[7.464332557311268,48.375310270084604],[7.46434436695101,48.37520250166598],[7.464359193580205,48.375093628244144],[7.464618322220306,48.37509494071451],[7.464705693938173,48.37509488997931],[7.464748975321886,48.37509487984047],[7.464815823106151,48.375095242541285],[7.465017241552029,48.37509548640921],[7.465098284126589,48.3750957641853],[7.465274174855585,48.375096429679466],[7.465324385742876,48.37509678876794],[7.465395308813822,48.37509735788885],[7.465508696689644,48.375097857237826],[7.465581619239956,48.37509808049771],[7.465663193488316,48.375098247722555],[7.465794034854865,48.375098809378855],[7.465920546558789,48.37509935398347],[7.466025760976893,48.37509916991268],[7.466060652682847,48.37509911531606],[7.466187456941999,48.375099918935966],[7.466211801768252,48.375099901702455],[7.466258453778763,48.37509976386303],[7.466299600870002,48.37510010400611],[7.466317878575186,48.37510031562397],[7.4662953762759,48.37521749895469],[7.46629251235873,48.37523472825152],[7.466289625537209,48.375251688076325],[7.466272103492352,48.37534948968151],[7.466264389087942,48.37539240361371],[7.466255758838517,48.3754340905256],[7.466246904728343,48.37547632655095],[7.466241924585066,48.37550526010376],[7.466238307705406,48.375524770594915],[7.466233971017475,48.37554854349655],[7.466313622957162,48.375554730198395],[7.46636046118619,48.37555837000814],[7.466427543791186,48.375564670348304],[7.466518277018686,48.37557233122985],[7.466532443991166,48.37557350890524],[7.466539126816637,48.37557415791327],[7.466608000376422,48.37558084114808],[7.466668878436601,48.37558575341081],[7.466710689976404,48.37558913216284],[7.46678962469751,48.375596426950146],[7.466856152827482,48.37560256774634],[7.466896397506775,48.37560979024825],[7.466911203060983,48.3756121152413],[7.466989636914629,48.3756246552855],[7.467048838878947,48.37563530764433],[7.467089915473856,48.3756427690303],[7.467275199023657,48.375674346074234],[7.46728206251287,48.37567552889603],[7.467462019098544,48.3757017197094],[7.467529018265437,48.375711807287274],[7.467591229806555,48.37572126447711],[7.467622463963009,48.37572432114447],[7.467629251101422,48.37572460570822],[7.467655875623377,48.375725943957384],[7.467731215922892,48.37572913850152],[7.467752806052935,48.37573012603099],[7.467815816068013,48.375733064913334],[7.467849227739899,48.375734687671724],[7.467882227297723,48.375736235860536],[7.467941851393387,48.37573912222507],[7.468034821087362,48.37574444476753],[7.468066464755505,48.375745953961726],[7.468098243251863,48.37574745805934],[7.468229051031152,48.375753965747705],[7.468325915470862,48.37575896085453],[7.46841788798881,48.375763689948876],[7.468484584222255,48.37576703002901],[7.468642840904814,48.375775024433516],[7.468726433634997,48.37577664531089],[7.468805973939462,48.37577832897331],[7.468951416060577,48.375805820282245],[7.468950069715613,48.37579794124217],[7.468945160239208,48.37576884014299],[7.468820800781887,48.37512400646789],[7.468701536554348,48.374505653331966],[7.468689219549995,48.37444033639448],[7.468689077088863,48.37444025165946],[7.468604558229993,48.37401892357176],[7.468599611265242,48.3739941492301],[7.468506221211269,48.37353846264296],[7.468491233200413,48.373538758003804],[7.468446923098018,48.37332145786484],[7.468427683071832,48.373227205818594],[7.468355841792369,48.37285153627138],[7.468310119623271,48.37261284260397],[7.468302328488247,48.37258006548163],[7.468169156346131,48.37251065896411],[7.468149619742227,48.37250040261102],[7.468124557950862,48.372487200853854],[7.468130410628114,48.37247968088006],[7.468147737198521,48.37245758025293],[7.468083725939809,48.372407821131],[7.468067361279991,48.37239510213711],[7.46803266816844,48.3723688371351],[7.46797670593475,48.37232625350007],[7.467970529587091,48.372323603003686],[7.467938358134199,48.37230949806843],[7.467850006931805,48.372270930194816],[7.467814485378974,48.37225559997357],[7.46780819213912,48.37225475612441],[7.467722701787194,48.37224347430295],[7.467589742585427,48.372225873647324],[7.467462456064337,48.37220977091547],[7.467381949089983,48.37219983270968],[7.467337118148309,48.372194315417346],[7.46723576012329,48.37218092864438],[7.467135849580051,48.37216865862703],[7.467049916885279,48.372156942460336],[7.467012235754694,48.37213529553176],[7.466962904126517,48.37210705943438],[7.466846709229862,48.37203845273543],[7.466819223702997,48.37202218824187],[7.466781403453997,48.372016406231225],[7.466787769671112,48.371997422708176],[7.466790112036048,48.371986791209736],[7.466790602891576,48.37198460999824],[7.466809713508013,48.37184187220104],[7.466698026436287,48.371832659423184],[7.466677463017247,48.371831002237805],[7.466556819628125,48.37182302836416],[7.466462656338229,48.371816308150876],[7.466432856707031,48.37181418837198],[7.466311577479646,48.37180668880042],[7.466283667879748,48.37180611969916],[7.466290351637754,48.371676286305345],[7.466291668591766,48.37165199645749],[7.466110358200787,48.371636758971285],[7.46583160874164,48.37161285150607],[7.465557076993377,48.37158923486337],[7.465155696280122,48.3715546323476],[7.464997653737851,48.371536262797264],[7.464759706197283,48.371508651300026],[7.46440884443482,48.37146691455608],[7.464297766560949,48.371453711657644],[7.464137221638938,48.37143453422413],[7.464034332030765,48.37142219377646],[7.463890076942106,48.37141168330689],[7.463188493073563,48.37135847609793],[7.462923728927993,48.37133836001984],[7.462772580959975,48.37132630581382],[7.462645254606288,48.37131605681162],[7.46246577014642,48.3713031780217],[7.462104769907234,48.37126145628148],[7.461931207826693,48.371241865418],[7.461816188447251,48.37122682632464],[7.461732618969625,48.37121582833765],[7.461349261318479,48.37116881933164],[7.461027081708862,48.37113031724198],[7.460985841410931,48.3711256535301],[7.460544236445267,48.37106002097461],[7.460243756105105,48.37101583317916],[7.460201684206756,48.371010930195446],[7.459981558924671,48.370966958374964],[7.459934903824849,48.37095745203835],[7.459838543900857,48.37093756297138],[7.459729560037674,48.37091553614505],[7.459685939554991,48.37090672640207],[7.45967525916219,48.37090199236901],[7.459626249904057,48.37088067984523],[7.459421053922104,48.37081659037766],[7.459312555015108,48.370782740275885],[7.459225638417051,48.370756187199035],[7.459182176340238,48.370742865724154],[7.45909757221435,48.37071487377863],[7.459101349902637,48.37071157757803],[7.45914671560534,48.37071545575795],[7.459205699937445,48.37072044296326],[7.459632771478488,48.37085871724217],[7.4596894113384,48.370883887453836],[7.459698120477185,48.370887704514956],[7.460212572998233,48.37098943380174],[7.460907844785384,48.37108948400388],[7.460994382249894,48.3711019927339],[7.461934388603383,48.37122038901996],[7.462470830498543,48.37128154064164],[7.463518320328743,48.37136117996207],[7.46353653607668,48.371239653008466],[7.463539838259949,48.371219613757006],[7.463545061217841,48.37118715674326],[7.463555461227128,48.37112647970661],[7.463573457963209,48.37100874568137],[7.463574251705679,48.37100375959427],[7.463580433692466,48.370966670700966],[7.463587536596127,48.37092450081145],[7.463593835504244,48.37089038120263],[7.463614241071008,48.370765978144256],[7.463536461324797,48.37075467303041],[7.463450104413167,48.37074270001688],[7.463449010643667,48.37074256103088],[7.463405506610664,48.37073672194366],[7.463389751256787,48.370734342259276],[7.463360562905293,48.37072985577513],[7.4633149756554,48.37072337430062],[7.463290065718622,48.370719897952696],[7.46322270742108,48.37071027231077],[7.463132853119371,48.370698521037376],[7.463066581017341,48.37068894447106],[7.462948548363418,48.37067185741493],[7.462849560016948,48.37065765679905],[7.462810677929443,48.3706520938216],[7.462757681200393,48.37064435955115],[7.462600542839491,48.37062225825084],[7.462538946123874,48.37061358649832],[7.46235964779616,48.37058853550225],[7.462309416111982,48.37058150781905],[7.462323217821169,48.37053061500647],[7.462286459928054,48.370522989331256],[7.462256999695809,48.37051689081542],[7.46202512828091,48.37047156329246],[7.460640658866026,48.370201046360236],[7.460440033508578,48.37015733196357],[7.46024869771915,48.37011470903425],[7.460232034718122,48.37011119168387],[7.460152705543424,48.37009435584935],[7.460099501551874,48.37008257319867],[7.460056090341024,48.370073034831144],[7.459914812631208,48.37004177190091],[7.459857195653247,48.37002898394275],[7.459879479023122,48.369988765593085],[7.459818438445135,48.369975475812545],[7.458785954036706,48.36973592217908],[7.458561771543065,48.369683900564674],[7.458584103064897,48.369738298025624],[7.458596227485509,48.36976802883434],[7.45872052866601,48.37007585489723],[7.458730405341713,48.37009981308371],[7.458747384449164,48.37014053488934],[7.4587648008616,48.37018322268037],[7.458771618432841,48.37019981680416],[7.458773339972653,48.37020416744065],[7.458781060233213,48.37022343091787],[7.458795067719953,48.37027057245967],[7.45880360576688,48.37030106910233],[7.45887619298488,48.37055407229731],[7.458906417632039,48.37065845474519],[7.458913023751007,48.370678931627346],[7.458910781821468,48.37068757668191],[7.458910692732522,48.37068812070772],[7.458913315392858,48.37070946851739],[7.458969821549136,48.37097217857925],[7.458993460115055,48.37108500921463],[7.45899620582181,48.371098242330426],[7.458997014186375,48.371102987803845],[7.459029631663904,48.37131207997313],[7.459070214124464,48.37156403560303],[7.459091491136046,48.37169047188513],[7.45911818543865,48.37184887397502],[7.459155304145419,48.372077530940516],[7.459170345029047,48.3722213232718],[7.459173531867378,48.37224931806925],[7.459175867462275,48.37226887443485],[7.459178662724196,48.37229544219411],[7.459181961014291,48.37232793837384],[7.459185747091386,48.37236618332444],[7.459189741838402,48.372403699521406],[7.459195500069463,48.372458811173445],[7.45920026461739,48.3725053996469],[7.459207594461138,48.37256468734567],[7.459189689235153,48.37263420702475],[7.459157458824764,48.37276283879462],[7.459154453658442,48.37277205325528],[7.459142315260684,48.37281549367701],[7.45913971454803,48.37282469290312],[7.459121994946422,48.37289321433279],[7.459111484841617,48.37293352962276],[7.459107168529173,48.37295279584971],[7.458940058312666,48.37331854483235],[7.45882047024464,48.37358446232177],[7.458686650331818,48.3738771380101],[7.458574373479818,48.374119260610875],[7.458564025015235,48.37414235841255],[7.458540251765981,48.37419533810912],[7.458500938586442,48.374245298544956],[7.458500803762965,48.37424530362216],[7.458491371391084,48.37424412693284],[7.458381637373258,48.37423086774496],[7.458337675549101,48.37422603519028],[7.458260809787971,48.374217575641836],[7.458277068953809,48.374184433150646]]],[[[7.458405610370388,48.36171306516337],[7.458481140399557,48.36170120894334],[7.458488815887006,48.36170082971565],[7.458497434913699,48.36170041494672],[7.458505626709543,48.36169974593298],[7.458541478853348,48.361696773443946],[7.458714592448088,48.361682773177996],[7.458719699277798,48.361682400582445],[7.458727621485479,48.36168174170835],[7.458843608180668,48.36167656148713],[7.458932921430766,48.3616725661993],[7.45893416137251,48.36166008398737],[7.458941629126793,48.361583928081195],[7.458987641464955,48.36157958146886],[7.459026008809409,48.36157597340281],[7.459000455315354,48.36147718168537],[7.458932268203611,48.36121373873568],[7.458975457247809,48.3612095885848],[7.45898806655353,48.36120839266889],[7.459102293390294,48.36156823351552],[7.459102428181233,48.36156822843758],[7.459313402700238,48.361547844764246],[7.45931363655449,48.36154900741464],[7.459316312763228,48.36156620816373],[7.459335290620379,48.36168471183433],[7.459356963899415,48.36168515687374],[7.459369013659995,48.361685333687795],[7.459537702695926,48.36168771913075],[7.45974664573993,48.361691200907316],[7.459747335487391,48.36171208099167],[7.459747669893689,48.36172558524908],[7.459806176927876,48.3617234709167],[7.459894750028498,48.36172031380354],[7.459891358149377,48.36176639892539],[7.459890823320727,48.36177443907976],[7.459888437285379,48.36180687933005],[7.459934950356923,48.36180683888235],[7.45998105143256,48.361806723827975],[7.459983754883303,48.36180671207445],[7.459993228393082,48.361806805674405],[7.460031091946432,48.361806820765786],[7.460077874600727,48.36180677010399],[7.460096124798494,48.361806713207805],[7.460195786208883,48.36180674255223],[7.460355177872655,48.36180632325385],[7.460536069969478,48.36180590451839],[7.460562168557769,48.36180591223597],[7.460649106217371,48.36180578990433],[7.460649241008767,48.36180578482463],[7.460715827768542,48.36177299766355],[7.460818787871884,48.36177046913027],[7.460966534358034,48.36176508112989],[7.460997671139207,48.361763907632564],[7.461085720318064,48.36176094959991],[7.46116660268168,48.36175799128171],[7.461160371347835,48.36172758790062],[7.461160348477518,48.36172731842519],[7.461140671101758,48.36162452083117],[7.461135794996758,48.361598932442305],[7.461120996318634,48.36155839891131],[7.46111535655487,48.36154293190104],[7.461111122922558,48.361531286730454],[7.46110703170606,48.36151972630457],[7.461092863713899,48.36148025034876],[7.461090389653754,48.361473404933825],[7.461029303787528,48.361303322033685],[7.461028009592036,48.36129922563625],[7.461016639044744,48.36126243772308],[7.460966206536153,48.36109997327702],[7.460964136878992,48.36109311261732],[7.460960968811007,48.36108286908027],[7.460951477436134,48.36105069618486],[7.460893144099862,48.36105325512988],[7.460878729251721,48.36105388851169],[7.460808692093271,48.361057158846705],[7.460807349764734,48.361050901561136],[7.460790700635594,48.360969436540316],[7.460780396909309,48.36091972231097],[7.460780147780099,48.36091838001248],[7.460779110731082,48.36091093975849],[7.460778823488603,48.36090914833386],[7.460778574359482,48.36090780603534],[7.4607644800034,48.360842104523776],[7.460772749328727,48.3608232296985],[7.460790445282528,48.36078318361606],[7.460789720764117,48.360779426195904],[7.460789690273441,48.36077906689499],[7.460781676895424,48.3607435942321],[7.460766857330334,48.360683687246706],[7.460763524413673,48.3606683135029],[7.460759543210488,48.36065008059055],[7.460759294083087,48.36064873829174],[7.460759052578299,48.36064748581817],[7.460724811113312,48.36065030819783],[7.460691208117147,48.360553892624516],[7.460695363683524,48.360553465676475],[7.460731400651096,48.36054949428498],[7.460777747697851,48.36054432330752],[7.460738009473306,48.360396324255355],[7.460737564579687,48.36039426843396],[7.460731478482891,48.36036557167946],[7.460729637930644,48.360356629791475],[7.460567408159747,48.360379324397634],[7.460550569724585,48.360381671107284],[7.460517162425313,48.3603863543603],[7.460380799704373,48.36039996376135],[7.460323550174188,48.360405725660996],[7.460280696394957,48.360246489722066],[7.460251951614777,48.3601531350105],[7.460249912574598,48.360146633634734],[7.460248415086174,48.36014173387673],[7.460243960730793,48.36012748372904],[7.460245166193396,48.36012734819054],[7.460250646736112,48.360126600989595],[7.460249149248192,48.36012170123152],[7.460230874550448,48.36005931111917],[7.460223395074737,48.36006040398349],[7.460171931294634,48.36006901162396],[7.460163800745814,48.36007039935626],[7.460165117708312,48.36007476524283],[7.460157167674362,48.36007668684742],[7.460147099154822,48.360079138844206],[7.460143505633947,48.36007981493262],[7.460102158472104,48.360088131433],[7.460003174902149,48.360108802466904],[7.460003182523378,48.36010889229224],[7.460020714005999,48.36017527538346],[7.46003685998496,48.360236484153525],[7.460049805276951,48.360285468115244],[7.460051289904797,48.36029181015925],[7.460058962157381,48.36032486267914],[7.460067854700361,48.360362735290025],[7.460081562192938,48.36042070177391],[7.459853230094583,48.36044363340839],[7.45976458201595,48.36045544419637],[7.459660293245718,48.36046937614289],[7.459653591945576,48.360470079198144],[7.459630014036558,48.36047267970506],[7.459573611176418,48.36047885989743],[7.459533433840615,48.3604834374951],[7.459462707691156,48.36049132875528],[7.459411358159238,48.36049650746484],[7.459163871613551,48.36053115312484],[7.459149493531162,48.360474833863975],[7.459133058959291,48.360410211620064],[7.459101854955873,48.36028784304631],[7.459007138107071,48.36030781179861],[7.4588652648808,48.360337757168054],[7.458887106069493,48.36042308184271],[7.45891118432256,48.36051724336464],[7.458923243710906,48.360565359651886],[7.458928327799184,48.36058544341553],[7.458938345959873,48.36062543636832],[7.458940575343838,48.360634183398346],[7.458941841244818,48.36063954245339],[7.458706429010414,48.36067147944371],[7.458454299756657,48.360707199582876],[7.458258657266604,48.36073772772565],[7.457975828300748,48.36077658562823],[7.457972307459113,48.36076536408262],[7.457972284605543,48.360765094606386],[7.457912103312378,48.360529014117404],[7.457767841400384,48.36055472269596],[7.457533131923385,48.360596543231814],[7.457404612436178,48.36061814411062],[7.457304643574302,48.360632001375166],[7.457289946299003,48.360634086755724],[7.457259847334739,48.3606379235887],[7.457107630658681,48.360657532924414],[7.457054515549801,48.36066421887895],[7.456961336963039,48.36067682891674],[7.456770001539652,48.36069277442912],[7.456702326852908,48.360698386421554],[7.456736270662956,48.36079731315412],[7.456763559528159,48.360876755874386],[7.456877489219889,48.361212549577765],[7.45688110656794,48.36122331694947],[7.456799048298347,48.36123631909918],[7.456689774538087,48.3612536800768],[7.456792952176217,48.36143713843235],[7.456917350264495,48.3616603481557],[7.456966624687873,48.361748695075235],[7.457034896893189,48.36173576139787],[7.457069358537448,48.36172914711721],[7.457085462669464,48.36172610767959],[7.457155718605734,48.36171264867068],[7.457155710989133,48.361712558845284],[7.457301299126266,48.361684908866096],[7.457452217826666,48.36165633706208],[7.457527003159005,48.361642076468485],[7.457554554559009,48.361636893735586],[7.457608586630229,48.36162665868581],[7.457709860152751,48.36160743548542],[7.457772958931862,48.36159568743821],[7.457768167621994,48.36157586296336],[7.458161635668896,48.361538876129025],[7.458199871848127,48.36170909987497],[7.458200006639514,48.36170909479805],[7.458240156894067,48.361705780288325],[7.458267952049104,48.36170347180047],[7.458270775610619,48.361719225211935],[7.458369592941729,48.36171568338707],[7.458405610370388,48.36171306516337]]],[[[7.459614207850601,48.353547574498506],[7.459674638301791,48.35354592807324],[7.45973129518002,48.35354442382034],[7.459874647465059,48.3535401030028],[7.459949574522629,48.3535388112576],[7.460046820100574,48.35353604756576],[7.46011807024859,48.353534443719255],[7.460178882117975,48.353532512322126],[7.460206960054129,48.35353199480131],[7.460235030369055,48.3535313874481],[7.460287097406773,48.35352996579825],[7.46046272827645,48.35352523874],[7.460480502701584,48.35352438859118],[7.460503271244685,48.353523440321766],[7.460578594952411,48.353522043114296],[7.460663695907876,48.35351955643224],[7.460735617448301,48.3535163048728],[7.460780877355591,48.353514328565545],[7.460953990803792,48.35350861430812],[7.461062518851275,48.35350497392721],[7.461039852052832,48.353363720125195],[7.461001859064648,48.353127884666094],[7.460986299638313,48.35312775027421],[7.460978498628228,48.35308839459611],[7.460976401569538,48.353078020531996],[7.460969576868512,48.35304061053743],[7.460905727456728,48.352692838007606],[7.460984915625734,48.35268282419829],[7.461032145742553,48.35267698875],[7.461068401095622,48.352672468117916],[7.461124719193569,48.35266538892066],[7.461195388843922,48.35265695766805],[7.461074646555023,48.35248795144347],[7.460949155633653,48.35231236562308],[7.460709994088011,48.35197300344345],[7.460691942862782,48.35194349596794],[7.46065064632337,48.351875845706324],[7.460639312488036,48.35182193471329],[7.460637932309623,48.351815228253706],[7.46062816158203,48.351770179537255],[7.460618594986908,48.35171638215346],[7.460616792861611,48.35170788933553],[7.460606704501747,48.35166068987301],[7.460602655704037,48.35160659439044],[7.460602297516077,48.35160237257523],[7.460599663439775,48.35156813876435],[7.460547207595547,48.35086858520152],[7.460545286286271,48.350825223078],[7.460543291183388,48.35078258463999],[7.460542043783659,48.35076947513607],[7.460515856543187,48.35048948933397],[7.460483615225606,48.35015088775398],[7.460479575914603,48.35010805600896],[7.460471680205947,48.35002454833771],[7.460471672585377,48.35002445851174],[7.460462961898259,48.34992656344007],[7.460456760011467,48.34986939508711],[7.460444924582393,48.34973944736368],[7.460441911689865,48.34970712016592],[7.460436394871979,48.34963731012952],[7.460433692417944,48.34960226783112],[7.460638779327046,48.349597511076105],[7.460705554178586,48.34959580502465],[7.46075274308324,48.349594296560994],[7.461243656010599,48.34957876403079],[7.461510585086151,48.34956834011715],[7.461612537400684,48.34956377535911],[7.461701224690072,48.34956061178624],[7.461814176376913,48.34955662338318],[7.461909113504898,48.349552232759244],[7.461915574356911,48.34955189903673],[7.46195195952747,48.34955052711174],[7.462016501887437,48.349548003361775],[7.462009389343215,48.349419589691806],[7.461949884519777,48.348337679286246],[7.461872341102439,48.34833672828626],[7.461845005890824,48.3483364072832],[7.461806099290644,48.34833832484677],[7.461787922367825,48.34833919044086],[7.461782776863882,48.34828333391287],[7.461781262425442,48.34826708048768],[7.461774765298789,48.348193702804124],[7.461772427633147,48.34816774816882],[7.461768849949618,48.34812877384238],[7.461763884977554,48.348073451179914],[7.461761981804217,48.34805261662509],[7.461752486379138,48.34794709137432],[7.461750659439356,48.34792715507764],[7.461744147152475,48.34785359772189],[7.461738503838014,48.34779028052993],[7.461732608998337,48.34772399907539],[7.461720046778857,48.34758551779826],[7.461716817353838,48.347549053501986],[7.461713923315583,48.3475165415511],[7.461708417275138,48.347454841211004],[7.46170157979425,48.34737904325651],[7.46169901353259,48.347350393822104],[7.461698502840171,48.34734437547552],[7.46169655398547,48.347323001952006],[7.461694094440907,48.34729561008128],[7.46168966835893,48.34724504308268],[7.461680058891314,48.34713817037184],[7.461671333635878,48.34704171747827],[7.46166530938783,48.34697390894008],[7.461661708998308,48.34693466509767],[7.461659295222888,48.34690781217497],[7.46164938861616,48.3467974362168],[7.461648191945043,48.34678333351776],[7.461644047967665,48.34673609006445],[7.461638378000786,48.346654931354465],[7.46163830178007,48.34665403309327],[7.46169601367695,48.34665708362072],[7.461706331089084,48.34665759572966],[7.46178752286831,48.34666174337934],[7.461902242450307,48.34666751036218],[7.462801520273248,48.34673641701767],[7.462991990980642,48.34675230233039],[7.463470834055416,48.34679236428367],[7.463511165616517,48.34679769157815],[7.463524839143393,48.346799518752206],[7.463512819363586,48.34685539202748],[7.463499543769555,48.34690284198896],[7.463786521295344,48.346915356036526],[7.463851787395165,48.34691821067282],[7.464012583059511,48.34692530132993],[7.464139049847182,48.346930893351335],[7.465008564721002,48.34696918633336],[7.465067189917721,48.34697184032116],[7.465200170841749,48.34697772609522],[7.465202644576581,48.34696069136907],[7.465206740345921,48.34693251144691],[7.465233022861041,48.34669280839],[7.465233701656439,48.34668647481337],[7.465237751501901,48.346643427848356],[7.465091705487497,48.34662695116301],[7.465050484027866,48.34662228878062],[7.464591574475614,48.346570216910955],[7.464219481505587,48.346528024576976],[7.464069467315371,48.34651097545279],[7.4639403447936,48.34649638210037],[7.463607160407218,48.34645866755226],[7.462822919975804,48.346278193308166],[7.460491856850111,48.34598689013325],[7.460469373506063,48.345991161976556],[7.460427467979176,48.3459991396906],[7.460393003020001,48.3460215254119],[7.460393188302907,48.34602530319345],[7.460399861305858,48.346127871121226],[7.460407298732577,48.34624104361491],[7.460411221792914,48.34630163220432],[7.460412255297176,48.346317002646906],[7.460413966577481,48.34634514365072],[7.460419603744976,48.34643071916075],[7.460423427773947,48.34649014000056],[7.460431745996703,48.34659138429102],[7.460435489829157,48.346637110905476],[7.460237443011582,48.3467167569791],[7.460222833329683,48.34666405063687],[7.460207260368711,48.34660795629094],[7.460191250305255,48.34654989592231],[7.460187684760804,48.346503081224064],[7.4601847440268,48.346463632274514],[7.460177866812028,48.346374589086935],[7.460174278432782,48.34632750490353],[7.460163554251849,48.34618354739706],[7.460157314745285,48.34610042764314],[7.460152977298062,48.3460429185249],[7.460145777777471,48.34594848065294],[7.460143484755924,48.34591666691858],[7.460085326793079,48.34587965970582],[7.460025467884517,48.34587200345326],[7.459989256096313,48.34586742086101],[7.459431755880749,48.34584815207385],[7.458274051263719,48.34580815180971],[7.458280669250319,48.34582880875806],[7.458300975533392,48.34589292527804],[7.458343024226298,48.34602533952085],[7.458357261574662,48.34607049055062],[7.458401655787968,48.346173169105406],[7.45846804413118,48.346326383531945],[7.458533111106133,48.34647676408015],[7.458542012452496,48.34649724486246],[7.458560153222225,48.346539004706266],[7.458583514859752,48.34659291335233],[7.458599101222449,48.34662846150612],[7.458641765647338,48.34672507743634],[7.458671052563562,48.34679146877729],[7.458583694438808,48.346794309835154],[7.458537096461218,48.34670072572897],[7.458439605079552,48.34671638413174],[7.458385458994623,48.34672509262622],[7.458288926026784,48.34674089501708],[7.458233597579132,48.34675000844089],[7.458086943361362,48.34677256515489],[7.458073462765345,48.34677460496252],[7.457824902600096,48.34681496815943],[7.457765846594461,48.34682476246542],[7.457742912718621,48.346828510059865],[7.457725562325429,48.346831146176484],[7.457681115923352,48.34683786689429],[7.457630427484334,48.34684590409885],[7.457558661215322,48.34685725846725],[7.457484672641787,48.34686950752403],[7.457439478575206,48.34687697721885],[7.457330138156857,48.346894793179935],[7.457317204129102,48.34689690242379],[7.457315070916633,48.34689725311829],[7.457287766256659,48.346902066394804],[7.457070036029005,48.3469377522317],[7.456946189941731,48.34695827691928],[7.456892963795172,48.346966679722],[7.456821197202411,48.34697803364259],[7.456757485353418,48.346988723694764],[7.456725487051632,48.346993983956835],[7.456688024744437,48.34700017090676],[7.456650277693445,48.34700618834238],[7.456624401914103,48.34701031685344],[7.45621522709234,48.347077631868366],[7.456173355843394,48.34708443525259],[7.456150818390698,48.34708807748765],[7.456082679948883,48.3470975821676],[7.45608197879288,48.34709409415987],[7.456080530805253,48.34708657918569],[7.456079288359486,48.34708148952554],[7.45607867855566,48.34707907943511],[7.456228289186225,48.347054701791635],[7.456398700515328,48.34702692730712],[7.456581387205088,48.346997248443365],[7.456718894663242,48.34697521836936],[7.456872000684867,48.34695061812723],[7.456933714001414,48.346940273625265],[7.457027290775931,48.346924673831474],[7.457136488990848,48.346906773399695],[7.457201032028575,48.34689632216723],[7.457242768241513,48.34688952349467],[7.457266241193612,48.3468857556936],[7.457281316047498,48.34688338558781],[7.45730609845552,48.3468791178877],[7.457349405994242,48.34687171930778],[7.457461614254755,48.346854245861856],[7.457558724767999,48.34683887297341],[7.457574727638487,48.346836287643804],[7.457910609438003,48.34678308329084],[7.458032240093157,48.34676354216094],[7.458117987653291,48.34674967825452],[7.458134125222271,48.34674708777227],[7.458238562978905,48.346730447006266],[7.458293787117631,48.34672169796241],[7.458382468639605,48.346707362863114],[7.45841807446449,48.34670160576229],[7.458423807907912,48.34670066883134],[7.458524210511243,48.346684269955816],[7.458426062622092,48.34645304262042],[7.458155955758751,48.34581674649571],[7.458126961777123,48.34575539033504],[7.458094950652615,48.34568874104013],[7.458007604879893,48.34551153481209],[7.457998973407903,48.34549104382122],[7.457975364493728,48.345431016664946],[7.457928283282397,48.34531735523797],[7.457910606277209,48.34527467668862],[7.457894065888934,48.34523105418112],[7.457882379896986,48.34520004488175],[7.457882372281534,48.34519995505529],[7.457880984383928,48.345197934736284],[7.457851183003787,48.345152558989255],[7.457823510374666,48.34514026475514],[7.457794848823955,48.34512746709121],[7.457706837476601,48.345111408412215],[7.457693927393101,48.34510901114707],[7.457653912253615,48.34510898670382],[7.457546451790988,48.34510906998967],[7.456152565921684,48.345073350984705],[7.455607743447907,48.3451030592753],[7.455398947685532,48.345114886347275],[7.455350648845258,48.34511760609297],[7.45527897975104,48.34512210690266],[7.455101534748258,48.345132212325865],[7.454858657032115,48.345147033802235],[7.455012889515224,48.345848975768185],[7.455003465567723,48.345953140905806],[7.455000157699401,48.34598111040219],[7.45499333336096,48.34606490220099],[7.454986045208535,48.34615438858189],[7.454967164831982,48.34637191154652],[7.454955772691871,48.34650390556521],[7.454952907075324,48.346532308961834],[7.454948049264162,48.34658187382292],[7.454942213253155,48.34665499502313],[7.454940587261308,48.34667569213414],[7.454936819541564,48.34670142609669],[7.454898612074233,48.34696527378464],[7.454876530150458,48.34711470153874],[7.454865257234307,48.34719226269947],[7.454863098454305,48.34720667194501],[7.454837265967694,48.34738363521553],[7.454823604911411,48.34747768682796],[7.454808346224223,48.347656594914525],[7.454800184974355,48.34774854707856],[7.454792459315725,48.34783606729975],[7.454751466152223,48.347953766173546],[7.454731040685288,48.348012657977996],[7.454642803209891,48.34826523215888],[7.454611794602548,48.348353989252516],[7.454608624835219,48.34836284953226],[7.454578552735273,48.34844670525368],[7.454553888871307,48.34851620964201],[7.454345909712536,48.34924953748777],[7.454350854321205,48.34931747669079],[7.454200105544126,48.349527977512885],[7.454199858852351,48.349528257136924],[7.45404744211543,48.34970791177248],[7.453880109035849,48.34987587221844],[7.453727594109769,48.35002885663164],[7.453616516108572,48.35014594837738],[7.453581638194003,48.35018267530655],[7.453740675896555,48.35022318809559],[7.453759191590219,48.35028376792085],[7.453665771051148,48.35030927135581],[7.45358105673525,48.35033381627177],[7.453540813903117,48.35034551351528],[7.453472945849749,48.35036464838173],[7.453423436961293,48.350378676775726],[7.453422793581501,48.35037906143893],[7.453301929313922,48.35045245597137],[7.453161497048548,48.35072897984214],[7.453137982124184,48.35077537162472],[7.453101313657603,48.35084523709993],[7.45307722153117,48.350891200019156],[7.453060526473159,48.35100374818367],[7.453027454570013,48.351226219228565],[7.45302357475813,48.35125862554996],[7.453022515142607,48.351266865673],[7.452992415998407,48.351339277366264],[7.452987500561626,48.35142011313732],[7.452980414840752,48.35154077023565],[7.452979986677049,48.35155646594355],[7.452979167315394,48.35159308249997],[7.452976057142512,48.3517080030062],[7.453372186998541,48.35166498156239],[7.453462186776989,48.35165492636216],[7.453651297056276,48.35163384209199],[7.453650825635775,48.35165062078861],[7.453644820915089,48.35186062902924],[7.453645865399431,48.35186338321349],[7.453651253026223,48.351877508367934],[7.453659230647885,48.35189667247161],[7.45366364007913,48.35190722993276],[7.453673940370962,48.35193306507278],[7.453697957005645,48.351991545463434],[7.453708173628373,48.35201639250985],[7.453966137991866,48.35199415830614],[7.453968168571304,48.35201174396372],[7.453969957848426,48.35202807712561],[7.453983091359182,48.35213842139274],[7.454080991066919,48.352133835637204],[7.45408916737138,48.35222715495213],[7.454089032603881,48.35222716002439],[7.454092569746371,48.35225135731205],[7.454097218926364,48.35228389322159],[7.454097353694008,48.3522838881493],[7.454101598846079,48.352327613232724],[7.454105336345246,48.35236694190196],[7.454105366785416,48.35236730120685],[7.454105960368778,48.35237430765218],[7.454106229904526,48.3523742975076],[7.45410631582795,48.35237690754032],[7.454112015759019,48.35244418737863],[7.454112320161625,48.35244778042731],[7.454025936038965,48.352452653681254],[7.453897295592085,48.35245983811347],[7.453901780225546,48.35247606982993],[7.453908228931351,48.35249952674976],[7.453995730837939,48.35271052135484],[7.454114207775923,48.35270624251791],[7.454152220165146,48.35270490195042],[7.454161843990782,48.35278338827865],[7.454548393806927,48.35277082139577],[7.454536857992138,48.352870830079155],[7.454531038371743,48.352918628604],[7.454525144858189,48.35296715080886],[7.454468636219466,48.352967205208714],[7.454429566103062,48.352967233993624],[7.454383183311959,48.35332456416627],[7.454431240276619,48.35337475031645],[7.454431247887364,48.353374840142585],[7.454428479875628,48.35338206322352],[7.454425078287394,48.35339138274131],[7.454377401085539,48.35354195314357],[7.454364057069671,48.35382009222855],[7.454362951325228,48.353843743338174],[7.454375388111136,48.35390914751926],[7.454375598990177,48.3539100407077],[7.454378146982073,48.353922560563454],[7.454405481446073,48.354056880792015],[7.45438226702437,48.354060548034894],[7.454337702149851,48.35406754201308],[7.454347694326287,48.35408654012497],[7.454405786719897,48.35419771520992],[7.454425191811,48.3542336606356],[7.454533805349363,48.35442727944269],[7.45469718036539,48.354410316499695],[7.454781742618966,48.354401456394974],[7.454783487056475,48.35440130061927],[7.454784319853107,48.354407937600364],[7.454785213541938,48.35441529318975],[7.454810026244583,48.35453898485445],[7.454825083527815,48.354614563171694],[7.454827413042006,48.354680347749806],[7.454827903749753,48.35469411649661],[7.454869265399491,48.35469877733529],[7.454956092828669,48.35470866538002],[7.455082839770087,48.35472534100334],[7.455108809928435,48.35472706676294],[7.455143481733481,48.35472936607573],[7.455147428234635,48.354729668075315],[7.455202236872813,48.35473346214646],[7.455231733995108,48.35473532544534],[7.455250215480071,48.35473643195957],[7.455325362004514,48.354740902150674],[7.455341013243213,48.3547421151977],[7.455487722988003,48.35475344313425],[7.455487715375256,48.35475335330828],[7.455487921765338,48.35475100261139],[7.455489052681177,48.3547404168645],[7.455506493696777,48.35454259392957],[7.455509815612422,48.3544222586694],[7.455510700928164,48.354391226605834],[7.455501193787995,48.354344455637026],[7.455491755178912,48.354298493099904],[7.455487639255783,48.354278643056055],[7.455572164520529,48.35427573119813],[7.455645226493018,48.354273160747226],[7.455649032079084,48.3541186545521],[7.455650896383569,48.354043340318164],[7.455650649080015,48.35403244600052],[7.455650505265685,48.354025963305496],[7.455653627492377,48.35399899219184],[7.455673992665559,48.353826110314536],[7.455679373044353,48.353813021637656],[7.455732942944898,48.353680972184044],[7.455645490550374,48.35366209702337],[7.455534886644261,48.353638055871784],[7.455468353488905,48.353623529428404],[7.455432806111044,48.35361567621485],[7.455343263858382,48.353596068502526],[7.455330590893765,48.353593301543256],[7.455277989419989,48.35358203524495],[7.455249002444755,48.353575016354995],[7.455163935968558,48.35355397843963],[7.455146124264555,48.35354960265794],[7.455099991870401,48.35353809275364],[7.454994319467831,48.35351161265324],[7.454879890217602,48.35348230815434],[7.454833294603615,48.35343341885062],[7.45497323476635,48.353468611626354],[7.455047702946497,48.35348743537227],[7.455158849887097,48.353514700573236],[7.455208689591839,48.353526881904024],[7.455238215618129,48.353533880509794],[7.455299334929236,48.35354834055098],[7.455402986850265,48.35357012048257],[7.455479339864388,48.35358725098033],[7.455658096323764,48.35362737961407],[7.455753309004711,48.353648485742234],[7.455802057844691,48.353662149706075],[7.455887787915304,48.35368622602332],[7.456128582978389,48.35375483665485],[7.456138357304801,48.35375690166098],[7.456248515520247,48.353788438402006],[7.456430508526318,48.35383961801643],[7.456501280295672,48.35385948120112],[7.456537475222495,48.35387496929978],[7.456663891898245,48.35392923261997],[7.456808522115133,48.353991010168734],[7.45690220486494,48.354030736244404],[7.456903889080818,48.35402508582919],[7.456907771454175,48.3540118732767],[7.456923055556917,48.35401832647229],[7.456994156799483,48.35404844981788],[7.457074083832134,48.35408220569434],[7.457102134842264,48.35409412549141],[7.457203415544243,48.35413734992668],[7.457270606404876,48.35416599835991],[7.4573090418975,48.35418239309006],[7.45729899286413,48.35419782039185],[7.457403082268987,48.35425184252321],[7.457562622683414,48.35433477479772],[7.457611426304451,48.35436501673189],[7.457649520334104,48.35438854312622],[7.457674611283998,48.35440381834742],[7.4576935718952,48.3544153595092],[7.457811795514538,48.35448777259905],[7.457819097581449,48.35445749000855],[7.457840326908157,48.35436982167066],[7.457844652105215,48.354352266990844],[7.45784935643847,48.35433280566163],[7.457853368712675,48.35431634412087],[7.457856197868282,48.354305063571935],[7.45785730714573,48.35430060626314],[7.457861446570665,48.3542840498193],[7.457861617097977,48.354282871930096],[7.457862019086418,48.35428123475852],[7.457872038322381,48.354239946164554],[7.457876475420191,48.354222116927744],[7.45787907839257,48.35420976354376],[7.457883156869481,48.35419248849119],[7.457892806520322,48.35419627019636],[7.457995230133307,48.35423701788745],[7.458030869717353,48.35424594823869],[7.45811582653715,48.35426725863904],[7.458115818919987,48.354267168813195],[7.458116230854156,48.35426724340851],[7.45835497121764,48.35429880062658],[7.458434539091911,48.35430598588263],[7.458445793540015,48.35418201725384],[7.458452021638979,48.35411356723175],[7.458455674440674,48.354060983965915],[7.458464994508371,48.35393014949549],[7.458465610922587,48.353921475442576],[7.458469526655797,48.35354357492717],[7.458640058752171,48.35354408898646],[7.458682933338552,48.35354427594672],[7.458711349399198,48.353544557058036],[7.458846960726929,48.35354620624109],[7.458887714720674,48.35354530155645],[7.458892858851464,48.35354537808035],[7.459028836405127,48.35354656269285],[7.459085915217541,48.35354684510938],[7.459154487607945,48.35354714499577],[7.459246024297134,48.3535472103431],[7.45934399424308,48.35354820467796],[7.459363739290303,48.35354827168516],[7.459546461698769,48.35354904600173],[7.459614207850601,48.353547574498506]]],[[[7.458461505884349,48.35430830414811],[7.458448918992544,48.35445322912964],[7.458523511057336,48.354457537950424],[7.458626183934162,48.35446295152007],[7.458671683250772,48.35446538256124],[7.458670574289498,48.35451129175373],[7.458669128888561,48.35454207467066],[7.458668904494226,48.354547399779285],[7.458666932757823,48.35455603477813],[7.458662703942863,48.354577911277794],[7.458655503175153,48.35461575959296],[7.458651215199859,48.35464331542513],[7.458649782550037,48.35465193011328],[7.458645148840871,48.35467859784159],[7.458631138118475,48.35476049751839],[7.458635188943043,48.354760435021284],[7.458684892261836,48.3547598240768],[7.458905037833617,48.35475702693838],[7.458929787552642,48.35475870773425],[7.458950860294988,48.354760076496596],[7.459024951835627,48.35476485444059],[7.45902617241611,48.354764898565456],[7.459118206454604,48.35477080268499],[7.459130712284609,48.35477159307043],[7.459216635822746,48.35477718666868],[7.459342891892877,48.35478486500415],[7.459483990708086,48.35479378617499],[7.459559295306592,48.35479851807911],[7.459602905271685,48.354804173917564],[7.459613292838793,48.35480549463709],[7.459619037146531,48.354806269420855],[7.459643369734785,48.35480940759308],[7.459702826812388,48.354816989398266],[7.459773892064781,48.35482593599624],[7.459786911089608,48.35477858671408],[7.459816703607522,48.35467077040355],[7.459817687962611,48.3546680299235],[7.45982050625409,48.354659813562066],[7.459822579255999,48.354653968220234],[7.459822772601006,48.35465305980564],[7.459834015594163,48.3545895571214],[7.459842905108781,48.354539750164214],[7.459969358390956,48.35455453930079],[7.460014061622052,48.35456033400874],[7.460071885955577,48.35456779692673],[7.460162482567046,48.35457907105864],[7.460158455753689,48.35459535302302],[7.460152643161269,48.354619271769394],[7.460267669091506,48.35463322967589],[7.460376411688786,48.35464643304139],[7.460379564817369,48.35464694499452],[7.46038609409341,48.35462669385165],[7.460393168071445,48.35460011427579],[7.460397360069886,48.35458418652674],[7.460539939865761,48.35460737856383],[7.460609540130922,48.35461818213032],[7.460596199754168,48.354655360891144],[7.46059489495651,48.35465910469884],[7.460619456179678,48.35466493744051],[7.460674518697399,48.35467809116659],[7.460655780860735,48.354766387162236],[7.460652858029631,48.35477974392336],[7.460796474306377,48.35482470393125],[7.460798563905919,48.35479993423216],[7.460860848602243,48.3548105628353],[7.460906813264863,48.35481847238055],[7.46090658182793,48.35481893166869],[7.460904829418375,48.35482377370688],[7.460898460734291,48.3548411352155],[7.460892758291927,48.354858381497934],[7.460885735819438,48.35487919193894],[7.46089505286644,48.35488064301154],[7.460896138677537,48.354880692197135],[7.460899149429571,48.35488111939073],[7.460903126463155,48.35488178050104],[7.460888710459155,48.3549206218687],[7.461027106459879,48.35493432897269],[7.461027241233642,48.35493432389254],[7.461033262375563,48.354904900345986],[7.46103935211091,48.354876285228954],[7.461042078072136,48.35487654292805],[7.461068384220676,48.35487744371009],[7.461079908578463,48.35487782032307],[7.461081114476019,48.35479802492609],[7.46108034772864,48.35478102248423],[7.46107876607372,48.35474485670485],[7.461077864216015,48.35473263534084],[7.461075117767365,48.35469867617706],[7.46107470616454,48.354693825593614],[7.461076571194561,48.35471421092887],[7.461183893952449,48.35470908404618],[7.461285396141891,48.35470228410744],[7.461441339019024,48.354693341696475],[7.461447240369883,48.35478359263971],[7.461451325345951,48.35484606714857],[7.461453301822849,48.35487572991386],[7.461504754833077,48.354873429797],[7.461565911534315,48.35487076384309],[7.461701582743522,48.354865108481405],[7.461676574426437,48.354677174497354],[7.461670030914741,48.35460325820307],[7.461829129294133,48.3545916731424],[7.462495469661047,48.354542939961725],[7.462494539030531,48.35454153324405],[7.46237988305159,48.35438221120514],[7.462310586858456,48.35428578982034],[7.462286238013392,48.35425219460191],[7.462262023971221,48.35421859429608],[7.462232617787131,48.35417798071014],[7.462162803938005,48.35407067508378],[7.462106634236145,48.3539839414374],[7.462069130240969,48.35392597097303],[7.4620261265536,48.353860548243794],[7.462008902728666,48.35383443405847],[7.461805462172733,48.35353220542836],[7.461541340782407,48.353540901337496],[7.461060961226097,48.35352485750568],[7.460882245940861,48.35352988194207],[7.460746275641445,48.35353356528514],[7.460601771484126,48.35353865148025],[7.4604545185464,48.3535432103091],[7.4603417896369,48.35354673811649],[7.460106117312475,48.35355291678249],[7.460049190895175,48.35355443137273],[7.459930209157567,48.35355756364403],[7.459907552499375,48.353558237247086],[7.45988665547524,48.35355893464643],[7.459791812853435,48.3535613373119],[7.45955277113896,48.35356764184583],[7.459442252265815,48.353566940319645],[7.459325294891791,48.353566841748375],[7.459264007696992,48.353566357566706],[7.459221395012476,48.35356607083473],[7.459028234276122,48.35356496840768],[7.458828851251629,48.35356382976056],[7.458700639373538,48.353563343585],[7.458671152756987,48.3535631929168],[7.458498202347228,48.3535628601192],[7.45849799260246,48.3535731408855],[7.45849345219275,48.35386077188566],[7.458493377901417,48.353907723466214],[7.458493416618913,48.35392412254135],[7.458465610922587,48.353921475442576],[7.458452021638979,48.35411356723175],[7.458434539091911,48.35430598588263],[7.458461505884349,48.35430830414811]]],[[[7.458413368104505,48.34571981811143],[7.459034570174014,48.345739484627025],[7.459993139734289,48.34576977171574],[7.460135351477856,48.34577297216646],[7.460159528930533,48.34572970750536],[7.46016433746625,48.34572105558822],[7.460155418942566,48.34557288474009],[7.460148549228758,48.34545842921064],[7.460143934020348,48.3453801143189],[7.460137920117871,48.34527734127151],[7.460135939945792,48.345244434367984],[7.460133883583231,48.34521062920052],[7.460131550530729,48.34517196833209],[7.46011879422218,48.344954644789],[7.460115714934267,48.34490240489936],[7.460107025261649,48.34475692874818],[7.460106083307305,48.34474263620134],[7.46010445845203,48.34471710520292],[7.460102716913452,48.34468860485537],[7.460101919725593,48.344676019008396],[7.460096443692058,48.34458755369152],[7.460091036248999,48.34449989680585],[7.460084481166068,48.34439552205165],[7.460081683421945,48.34435138175033],[7.460073666377253,48.34422020824843],[7.460068474738923,48.344136688430815],[7.460065545102493,48.344089399117934],[7.460061434956756,48.34402341067618],[7.460057901037041,48.34396740311948],[7.460056989586089,48.3439534698695],[7.4600567662397,48.343949242949634],[7.460052737528718,48.34388262063683],[7.46004887884047,48.343819596456036],[7.460048586924771,48.343814561098064],[7.460046668679317,48.34377282069468],[7.460044835776099,48.343743242409445],[7.460043916713559,48.34372921933065],[7.460039946158841,48.34366646970075],[7.460038392334353,48.34364336907355],[7.460028001681018,48.343476239532244],[7.460027879779209,48.34347480230932],[7.460022348268341,48.34338408617048],[7.460016042051895,48.34328582968291],[7.46000592821028,48.34312355580326],[7.459998211066394,48.3429975073649],[7.459997497735273,48.34298590959263],[7.459996878223356,48.34297701169331],[7.459987447351786,48.342825976242914],[7.459982111232858,48.34274074963231],[7.459972111880137,48.342579823081884],[7.459967613419717,48.34250925341179],[7.459966595357277,48.34249406257509],[7.459961381203278,48.34241027316679],[7.459957438927956,48.34234626082286],[7.459952722402166,48.34226993208498],[7.459943408454148,48.34212186590662],[7.459934843562326,48.341984224668714],[7.459240588839078,48.342049411289615],[7.459196858458828,48.34205655634193],[7.459108192610674,48.34207098192674],[7.459032566128757,48.34208455558006],[7.458976106202814,48.3420946133493],[7.458866381990378,48.342114157808055],[7.458834170696463,48.34212005760034],[7.458793958706391,48.342127250136336],[7.45877154016148,48.34213386223887],[7.458770485081388,48.34213417233973],[7.458730801513816,48.342144408803414],[7.458680140047461,48.342157492007615],[7.458679743440002,48.34215759706681],[7.458663952950844,48.3421610757432],[7.458610461883977,48.342174265545154],[7.458451869633162,48.3422152958533],[7.458423829945906,48.34222257026788],[7.458384003886912,48.342232721865315],[7.458321286395304,48.342248692257854],[7.458225724120963,48.34227265871789],[7.458131053979737,48.342297582731945],[7.458093337982666,48.342307114040786],[7.458027043208872,48.34232393996493],[7.457929514090635,48.34233905903871],[7.457788091853329,48.34235781424672],[7.457540501474204,48.34239183327149],[7.457495916440368,48.34239846919141],[7.457460275353613,48.342403776900014],[7.457402836505411,48.342410266230914],[7.457373653092975,48.342413618478716],[7.457287274449044,48.342426334447715],[7.457247390100344,48.3424326129624],[7.457204698998884,48.34243926753658],[7.457178825507913,48.34244339618267],[7.457152817270718,48.34244752989891],[7.457106360977662,48.34245441638636],[7.456941840190293,48.34248133987176],[7.456854886592342,48.342495248649605],[7.456845149375853,48.342496786904356],[7.456835674030178,48.342498225180755],[7.456767744913958,48.34250853365187],[7.456725262270348,48.342514459288516],[7.456655752119953,48.34255555593688],[7.456587258898932,48.34259589332833],[7.456540323619317,48.342624244627785],[7.456485923393492,48.342657022289046],[7.45644087834106,48.342996373905926],[7.456381469018483,48.34344377167678],[7.456206049028084,48.34489732807327],[7.456195903706381,48.34498178583552],[7.456248175549923,48.34498288109597],[7.456367078738119,48.34498543187606],[7.456534015677909,48.34498851638428],[7.456558122762159,48.34498905024282],[7.456630189746955,48.3449908415925],[7.456698684749178,48.34499195641639],[7.456774509479863,48.34499342591768],[7.456844651927707,48.34499483905907],[7.457017721142703,48.34499850292981],[7.45735472487902,48.34500491243476],[7.457446032832042,48.34500724006385],[7.457529464450618,48.34500914343113],[7.457840881932273,48.345011919650396],[7.457874228544666,48.34502895635002],[7.457929331732347,48.34505706832874],[7.458001624302889,48.34516356209608],[7.458030216386657,48.34524250554586],[7.458051405071402,48.345301091955776],[7.458071406851081,48.34535683945126],[7.458111254668398,48.34547446800639],[7.45814467471544,48.34553700911891],[7.458187725904169,48.345617480363195],[7.458238984790998,48.3456528560113],[7.458280906142382,48.34568173483946],[7.458413368104505,48.34571981811143]]],[[[7.458433121741576,48.34216157368703],[7.458479967168678,48.3421497157498],[7.458680167216182,48.342098827016656],[7.458739314959352,48.34208380196698],[7.458775571377432,48.34207459578471],[7.458888946421551,48.342053472006455],[7.459092250807965,48.34201688374091],[7.459153080904683,48.34200576007368],[7.459220953213991,48.34199319948801],[7.459266238986029,48.341990050918824],[7.45936649661398,48.34198320843729],[7.459444700063478,48.34197611573337],[7.459521975542472,48.34196923818033],[7.459526533873367,48.34196879603194],[7.459621107081938,48.341960275195014],[7.459683891468022,48.34195466463679],[7.459837760958965,48.34194084473564],[7.459902289308035,48.341935078209985],[7.459933681472741,48.341932272860475],[7.459900662334782,48.341034542796315],[7.45990065471649,48.341034452969716],[7.459837517723281,48.341043861758365],[7.459816022926111,48.34104701494318],[7.459734863820785,48.341059085502565],[7.459586166935151,48.34108127121544],[7.459531704035386,48.3410893616409],[7.459466029731721,48.34109913620254],[7.459418242781053,48.341106254041115],[7.459370852415677,48.341113266798786],[7.459268475337285,48.34112856980798],[7.459128698910958,48.34114915713254],[7.459021224472114,48.34116492237311],[7.458993053575004,48.3411690479174],[7.458957271116141,48.34117427133251],[7.458880242820212,48.341185644931834],[7.458775305420871,48.34120104399138],[7.458694407700911,48.341213013854514],[7.458560637848567,48.34123589731929],[7.458537991174022,48.3412398145817],[7.458361592104732,48.341270071479734],[7.458221961981144,48.34129398639657],[7.458177858334346,48.34130150561446],[7.458151746462005,48.34130600393727],[7.458077399687357,48.341318717778776],[7.457797218465932,48.34136685179152],[7.45766439100854,48.34138969870577],[7.457645110365179,48.341391866930124],[7.457522442862474,48.34140540965396],[7.457493272926376,48.34140731962982],[7.457479559957013,48.3414081967066],[7.457447868038448,48.3414106522521],[7.457376585546777,48.341414869634654],[7.457318761767636,48.34141839972314],[7.457312167145224,48.34141873827294],[7.457198584029941,48.34142463922422],[7.457087659917177,48.34143161137573],[7.45697106148505,48.34143861694466],[7.4566985789023,48.34140535610293],[7.456609059352491,48.34141927131484],[7.456548623714459,48.34142866667085],[7.456403420061672,48.34145062660226],[7.456336427778403,48.3414608094826],[7.456212907164864,48.341480240340324],[7.456121261969754,48.3414945956856],[7.456053398653625,48.34151364232879],[7.45594540401225,48.341544022687536],[7.456062984277072,48.34184210541249],[7.456372307857401,48.34262588693668],[7.456484976277578,48.34256928746442],[7.456550702392138,48.34253617331981],[7.456570279606541,48.34252633447852],[7.456689095482818,48.34246571847927],[7.45670862091152,48.3424616488254],[7.456716456507992,48.342460001982545],[7.456867723914487,48.3424361913317],[7.45687292556561,48.342435364601414],[7.456987549885738,48.34241780018874],[7.457201656203662,48.34238423269518],[7.457259458894626,48.34237565714435],[7.457294029660987,48.34237047993038],[7.457356899216053,48.342361082658826],[7.457368815105711,48.3423597326253],[7.457385693603074,48.34235792529653],[7.457484466046691,48.34234312029194],[7.457499854759898,48.34234127895808],[7.457528222058659,48.34233786730964],[7.457601886107584,48.34232824346313],[7.457659480105522,48.34232039648266],[7.457785834058704,48.342302479477986],[7.457901761840724,48.3422859464101],[7.457926071603315,48.342282507312206],[7.457937822258425,48.34228080299143],[7.458004052517073,48.342271188631926],[7.458276451508276,48.342201359855856],[7.458345791789039,48.34218378822981],[7.458433121741576,48.34216157368703]]],[[[7.461106174455307,48.363907557046346],[7.461080163718183,48.36401694245086],[7.461039457261165,48.36420014297828],[7.461339824913348,48.364254604590265],[7.46137930691873,48.36422905653256],[7.461499151607389,48.364151368315845],[7.461552291983235,48.36370204768324],[7.461593540487701,48.36335319983492],[7.461622454115935,48.362994453871735],[7.461644569137363,48.36272130053373],[7.461644029962772,48.362721320857034],[7.461423355039805,48.36272783637928],[7.461356451625032,48.3627298173744],[7.461219948905968,48.362733880858165],[7.461112030062531,48.36273695700673],[7.461107498528185,48.362656477193894],[7.461075707695705,48.36265632366369],[7.460997237755238,48.3626558567877],[7.460888078202626,48.36265546511448],[7.460854662225691,48.362655282659446],[7.460599399650308,48.36265417901899],[7.460517880411198,48.3626528355012],[7.460518252595798,48.36261100933629],[7.460488954266771,48.362609950711175],[7.460127369205923,48.36259726319773],[7.460145365047284,48.362399779719716],[7.460156227639287,48.3622807825334],[7.460156650083015,48.36227779290706],[7.460157243028513,48.3622736253952],[7.460157487348518,48.36227172382916],[7.460113639232169,48.36227130348182],[7.460099694616187,48.362271108025375],[7.460069783494862,48.36227079329309],[7.460036637350342,48.36227060044926],[7.46000456192573,48.36227027713927],[7.459850280963452,48.36226879121468],[7.459810896252349,48.36226838280571],[7.459797094052123,48.362268272060085],[7.459758106098701,48.362267758572195],[7.45975822519067,48.36227234981467],[7.459758663911529,48.362285489686926],[7.45980952364689,48.36228726800362],[7.459787756238821,48.36249768945672],[7.459778846432554,48.36258552422881],[7.459763931587506,48.362730085670556],[7.459627157243855,48.36272775957521],[7.459583686626281,48.363122286960945],[7.459580812599712,48.36314897836286],[7.459576872112771,48.36315831827481],[7.459548268412497,48.36322761091873],[7.459540634141591,48.363246011106874],[7.459531320876335,48.36326852960215],[7.459498407879431,48.36334600456735],[7.459461554257638,48.36343281942512],[7.459392957840248,48.36363959805773],[7.459384775664794,48.3636674806513],[7.459379633817159,48.36368497591011],[7.459721297331299,48.36371779067551],[7.459802331909818,48.36372455979724],[7.45993997532657,48.36373550381832],[7.459963666173834,48.36373740466823],[7.459992682678618,48.36373991586052],[7.460126058421121,48.36375156114189],[7.460173193418525,48.363755642396015],[7.460200846734747,48.363758024678624],[7.460323787480543,48.36376781012766],[7.460361792054011,48.3637710638949],[7.460427989154346,48.36377667956189],[7.460471042190629,48.36378046395522],[7.460497205149521,48.36378281221793],[7.460516971695,48.363784680612916],[7.460536056636797,48.36378648457737],[7.460794237826069,48.3638075736163],[7.461102522313714,48.363834253143615],[7.461121052859994,48.36383589768459],[7.461106174455307,48.363907557046346]]],[[[7.461638783217051,48.363354107776146],[7.46158483781671,48.36400900522534],[7.46158319865242,48.36402952251092],[7.461766232296065,48.36398414551267],[7.461860410044445,48.363925897383915],[7.461864779633779,48.36392320952892],[7.461894580841712,48.363904694500825],[7.462299015050299,48.36365263341486],[7.462399834958121,48.363589809003955],[7.462719171053728,48.36338988541828],[7.462778622195214,48.36335268034209],[7.46277132840728,48.36321102819318],[7.462770395690816,48.36319367165092],[7.462765198456786,48.36309582522111],[7.462764677939703,48.36307376728729],[7.462743020230262,48.36272629904245],[7.462704336437543,48.36210661188135],[7.462638484168968,48.362109815577284],[7.462351025961057,48.36212605979212],[7.46209445022154,48.36214131933689],[7.462011306354412,48.362144723969024],[7.461942981988236,48.36214747979035],[7.461873579277603,48.362150276220966],[7.461659582660998,48.362158973570416],[7.461664346459844,48.36223899410487],[7.46167694315753,48.36245271661195],[7.461691316927848,48.36272242204138],[7.461663079033682,48.363062038814974],[7.461638783217051,48.363354107776146]]],[[[7.461569850345804,48.35854956193167],[7.461722637633313,48.35851127169618],[7.461830541502812,48.358484225231656],[7.461975355816395,48.35844758691113],[7.462010305613631,48.35843878996372],[7.46198308311022,48.35837295258054],[7.461939505898492,48.35826736123681],[7.461937619208165,48.3582626563875],[7.461924984464885,48.358231683354695],[7.461879686085068,48.35812174134804],[7.46186896095994,48.358095742632884],[7.461856130522679,48.358064056067256],[7.461843841678983,48.358033971112526],[7.461131906205235,48.35810838739548],[7.461137990829026,48.35812113428155],[7.461148687869045,48.358143619711825],[7.461155245453196,48.358157159784284],[7.461173649395289,48.35819557500666],[7.461239543254027,48.3583331264182],[7.461256452220987,48.358368263807655],[7.461336868328485,48.35849211131852],[7.461345574907243,48.358505480263716],[7.461399815477237,48.35859174615557],[7.461484567191301,48.358570709148275],[7.461569850345804,48.35854956193167]]],[[[7.46027452884858,48.34416748989592],[7.460277933893589,48.344217194354165],[7.460287229518666,48.34435706068184],[7.460292129993233,48.34443076908648],[7.460297335260398,48.344508070540776],[7.460301184682652,48.344564606867294],[7.460303182983851,48.3445945393566],[7.460311483396237,48.344719484313536],[7.460314690403817,48.344766853265895],[7.460319397654596,48.34484147006906],[7.46031957290444,48.34484353607451],[7.460327926325522,48.34497388582434],[7.460329876129046,48.345006433425986],[7.460332267872291,48.34504419095276],[7.46033476107856,48.34508473817332],[7.460349065220264,48.34516890568944],[7.460356398977861,48.345212334299625],[7.460361869104183,48.345286381642254],[7.46036547522517,48.34533526746141],[7.460368522707655,48.34537597400737],[7.46037137689324,48.34541758897373],[7.460372189396225,48.345430354464575],[7.460372969014918,48.34544113869767],[7.460375927478189,48.345482389277365],[7.460379789889681,48.34553748326079],[7.460382382614634,48.34557442217639],[7.46039537677327,48.34575947604342],[7.460400148392633,48.345826881291096],[7.460401126138818,48.3458400010034],[7.460410638092354,48.345862891725254],[7.460442330572113,48.345884315543366],[7.460458532748219,48.345895239315894],[7.460879008274135,48.3459453514784],[7.461201018380259,48.34598367503916],[7.461831397211871,48.34605885146694],[7.462538244757305,48.3461430357387],[7.462855627159516,48.346188918729545],[7.462964746602387,48.34621472086291],[7.463204233122955,48.34627138079146],[7.463515893109713,48.34634379108908],[7.46362690734487,48.34636961127331],[7.464883574322111,48.34652090096214],[7.465249786975003,48.346560699829],[7.465321970878654,48.346568609304036],[7.465401522950558,48.34657732204721],[7.465526781476496,48.34659097828405],[7.46566241091028,48.34660577493373],[7.465698839801292,48.34660971683713],[7.465735815334832,48.34661372821305],[7.46589736820295,48.346631331024],[7.466047741806813,48.346647823619115],[7.466102179289366,48.346653699008115],[7.466146934939834,48.34665858809158],[7.466181184980845,48.34666234174513],[7.466242721161356,48.34666903050477],[7.466323089680166,48.346677801937496],[7.466398815611891,48.346686027643266],[7.466489555061202,48.34669593944294],[7.46658944502763,48.34670694758991],[7.466696861037551,48.34672379930145],[7.466725774487601,48.34672838504305],[7.466778389248214,48.34673667189135],[7.466809901159274,48.34674161009347],[7.466863474474054,48.3467500409481],[7.467032289901156,48.346776739922255],[7.467070242057359,48.346782696525814],[7.467074076172874,48.34678327269423],[7.467274119043737,48.346814739968956],[7.467287276591366,48.34681685653507],[7.46730070364481,48.346818962925084],[7.467436082785648,48.34684034534449],[7.467454587274969,48.34684334138919],[7.467675725942445,48.34687806666616],[7.467772186898037,48.3468932584282],[7.467850151006239,48.346905543957355],[7.467894408824475,48.346912523810516],[7.467912636227312,48.3469154401338],[7.467957440705363,48.34692248943698],[7.46801347809971,48.34693127731365],[7.468126384359869,48.346949091934746],[7.468663658219762,48.34703396622341],[7.468767660934571,48.3470504043209],[7.468897282397267,48.347070831070795],[7.469121681512566,48.34712480508119],[7.469145281623893,48.34713049206238],[7.469239135472897,48.347153170472325],[7.469406935440842,48.347198107525074],[7.46941730916649,48.347200869691434],[7.46953789869874,48.34723272092363],[7.46976209119205,48.34729219852331],[7.469774555414857,48.34724640036472],[7.469833366746491,48.346982487743944],[7.469852543669,48.34689002727049],[7.469861819482,48.346844890207834],[7.469899440838997,48.346633863810325],[7.469906308085919,48.34658106790841],[7.469917138717873,48.34649856487491],[7.469926068921048,48.346430281531624],[7.469933350239306,48.34637440609816],[7.469936698714869,48.346348597098206],[7.469938525442512,48.34633510109609],[7.469941482698015,48.34631264109431],[7.469947552159941,48.34626636352458],[7.46996355019207,48.3461444656338],[7.46997794512677,48.34603551460126],[7.469935042125064,48.34552447617113],[7.469906470384937,48.345185194431046],[7.468183757423989,48.34522529809752],[7.468146301912884,48.34481633314155],[7.467917860192948,48.34483397068235],[7.46774434679135,48.344847371051806],[7.467363627864479,48.344876975009306],[7.467297014463579,48.34488210329018],[7.467070936579707,48.344898929017994],[7.467064331702274,48.34484664191892],[7.467061905432404,48.344827629352665],[7.46705765815851,48.34479354638442],[7.467049529916478,48.344729692087974],[7.467044229781506,48.34468798917638],[7.467033810473056,48.344614669285285],[7.467032487702432,48.34459750745006],[7.467021815000072,48.34454348151643],[7.467009531795449,48.344460950242],[7.467004598201857,48.344428334999314],[7.466986870211373,48.34430717013264],[7.466969427251457,48.34419095076604],[7.466952627766895,48.34407912268444],[7.466906849970394,48.3437630186944],[7.465134349318376,48.34392940662259],[7.46507978261581,48.34393470988901],[7.465060733743076,48.3436228235256],[7.46502283498504,48.34300138605378],[7.465024708288017,48.342907236371246],[7.465026967948463,48.34279694169858],[7.465027199197736,48.3427726021955],[7.465027321175072,48.34275971129217],[7.465036605962638,48.34223706013116],[7.464898181300168,48.34223219105756],[7.464758813477221,48.34222735741327],[7.464547328828722,48.34222010832883],[7.464501369498264,48.34221850829484],[7.464486044637873,48.34221791506207],[7.464434919400844,48.34221596924193],[7.46338581550362,48.34218057483768],[7.463471112353101,48.3418461883989],[7.463484345953288,48.341801443219],[7.463281349032875,48.341801801774025],[7.463234584160315,48.341801853701405],[7.463087005961372,48.341802194004],[7.463074975987292,48.34180219721814],[7.463031055900574,48.34180232198465],[7.462964400394011,48.34180213283853],[7.462844077782923,48.34180189532125],[7.462824375254169,48.34180227802533],[7.462755416401272,48.341803617463825],[7.462626668627826,48.34180604046966],[7.462549071158633,48.34180752538429],[7.462495495522246,48.341808554809276],[7.462452983811135,48.341809347153784],[7.462423160529394,48.34180993127468],[7.462361754720866,48.34181107572991],[7.46230143445252,48.3418122693265],[7.462237603317663,48.34181350518706],[7.462176474603344,48.34181472920948],[7.461983087188799,48.34181841779755],[7.461921958462858,48.34181964168861],[7.461760557773021,48.34182275444501],[7.461723039045663,48.341823448355534],[7.461693081007701,48.34182403737358],[7.461664101811761,48.34182341799296],[7.461584231685385,48.34182201421692],[7.461545790197158,48.34182139115967],[7.461536261753117,48.34182220102769],[7.46152081998466,48.34182341410157],[7.461374201950319,48.34183507040224],[7.46117416299086,48.34185117383461],[7.461143548900073,48.341853589725204],[7.461120996361193,48.34185543131027],[7.461027814283036,48.34186281954553],[7.460857715530439,48.34187653198371],[7.46078279710948,48.341882510531676],[7.460694180869909,48.34188954613387],[7.460575227563802,48.341899077080406],[7.460473594779693,48.3419072340319],[7.460154955100446,48.34193384439963],[7.460155960387054,48.342036536151255],[7.460158033854519,48.34207691905019],[7.460159018667682,48.34209490467035],[7.460166825385302,48.34224591131276],[7.460191943174999,48.342738066602436],[7.460196044509254,48.34281829339721],[7.460196290719198,48.34282278979974],[7.460196460738614,48.34282638793758],[7.460203382293019,48.34295580059191],[7.460204004240013,48.34296632044574],[7.460204166641327,48.34296982875674],[7.460211177262352,48.34309869735898],[7.46021233213424,48.34312028110218],[7.460220352909755,48.34326902672807],[7.460221393501647,48.34328926307199],[7.460226772130252,48.34338773475622],[7.460231884106537,48.3434830625084],[7.460232417036192,48.343494126395775],[7.460234239600442,48.34352676894028],[7.460235785473248,48.343554555778326],[7.460236577458346,48.343568673763166],[7.460237877116484,48.34359196420045],[7.460238912918452,48.343608956630014],[7.460243106237578,48.34368548525106],[7.46024544410959,48.343727390068835],[7.460247891057064,48.34377217440936],[7.460248396331517,48.34377972490615],[7.460251341767116,48.34382241784124],[7.460255830698764,48.34389127565139],[7.460262084512547,48.34398412726126],[7.460267073947044,48.34405729164965],[7.46027207341735,48.34413216781429],[7.46027452884858,48.34416748989592]]],[[[7.462074824715734,48.34989274054511],[7.462066963283091,48.34959142764974],[7.462022660450153,48.3495903046418],[7.460627735236081,48.34964739955097],[7.460641685001272,48.349829353032845],[7.460646754895854,48.349895485264874],[7.460646762516705,48.349895575090834],[7.460677982979109,48.35019663799578],[7.460682430825718,48.35025225041371],[7.460685415454671,48.35029061624927],[7.460694216200744,48.3504134692576],[7.46210840187253,48.350409445753414],[7.462102954075685,48.35018914393197],[7.462103088837194,48.35018913885058],[7.462074824715734,48.34989274054511]]],[[[7.463854470402257,48.365943216620316],[7.463866035347005,48.365944042082624],[7.463873240865935,48.365944491262894],[7.463901747567117,48.36594575919827],[7.463987814514551,48.36594963245395],[7.464024335481336,48.36595609499022],[7.464040809215486,48.365958988129094],[7.464131741607617,48.36597556386959],[7.464222345944549,48.36599305303796],[7.464308275526744,48.366009637091715],[7.464393470117217,48.36602552790544],[7.464567748354307,48.36605851436236],[7.464747017024751,48.366092934369135],[7.464816307787328,48.36610627079872],[7.464922727662771,48.366126857529714],[7.465010873013234,48.36614245638904],[7.465048406530661,48.36614969143767],[7.465099822150253,48.366159556777],[7.465028212372706,48.366324280007795],[7.46502042950489,48.36634250594198],[7.464994402641552,48.36640386296561],[7.464989282718396,48.36641523002192],[7.464986192449884,48.36642183467656],[7.465070093299714,48.36643840461716],[7.465190719145099,48.36646224000885],[7.465258108003413,48.366475467715105],[7.465377490266931,48.366498989382045],[7.465417519225324,48.36650694120177],[7.465548866075451,48.36653280485202],[7.465550514238387,48.36653310312715],[7.465552304836009,48.36653348614153],[7.465754479691046,48.36657325835047],[7.465830132560633,48.366588246564945],[7.465904272109356,48.36660293137513],[7.466054461473839,48.366632499127796],[7.466151563621231,48.36665163409302],[7.466211940604903,48.36666350379667],[7.466537912698744,48.36672780032877],[7.466641900408676,48.3667483872366],[7.466849382661704,48.36679012007112],[7.467136552717247,48.36684497555858],[7.467002812013146,48.36623563522473],[7.466952725602651,48.36614912487222],[7.46694908314728,48.36614286433193],[7.466931275586416,48.3660558567995],[7.466907520409811,48.36594023767838],[7.466863440158171,48.36574140060629],[7.46682862270771,48.365592677013],[7.466823094973138,48.365569005769125],[7.466782581934862,48.36538985879579],[7.466775252902603,48.36534976491532],[7.466748624750501,48.36524488742437],[7.466722230738469,48.365141172551894],[7.466701544536147,48.365047334900574],[7.466692687024023,48.3650067580096],[7.466643361457503,48.36480983084662],[7.465742774007516,48.36467034359171],[7.465659743114317,48.36465761622434],[7.465602278201252,48.36464815960578],[7.465561683477326,48.36464149080915],[7.465454462693687,48.36462417899866],[7.46542456797153,48.36462089123409],[7.465373789681194,48.364615327438884],[7.465188327547629,48.364592316101586],[7.465138462373895,48.3645863573127],[7.465085046678122,48.36457999175766],[7.464998122221018,48.36457236699577],[7.464902949670774,48.36456316092286],[7.464776387015943,48.3645521650537],[7.464713034494395,48.36454662469818],[7.464619494876247,48.36453753703516],[7.464523933320426,48.364528525559685],[7.464423473293372,48.36451915808192],[7.464406440439842,48.364517637784175],[7.464388868395372,48.36451613781975],[7.464232734485231,48.364492920014015],[7.464049079194163,48.36446091764848],[7.463673488103262,48.364398125463374],[7.46355113557201,48.36437777807833],[7.463477887381456,48.36436558145199],[7.463295964977307,48.36433486429363],[7.463195053034999,48.36431857417823],[7.463087599738185,48.36430009758161],[7.463080402078236,48.36429973817786],[7.462985604076043,48.36429493198077],[7.462936059760936,48.36429274490768],[7.462871318976955,48.36428995929967],[7.462770325470469,48.36428385460713],[7.462673686118027,48.36427965825903],[7.462565863737204,48.36427435152271],[7.46247107345379,48.36426963473877],[7.462387328958942,48.36426441135814],[7.462358919873421,48.364262688850765],[7.462287016942052,48.36426314663461],[7.462251735650762,48.36426330519018],[7.46214169780057,48.36426375866701],[7.462066979367814,48.36426450267623],[7.462031031712423,48.36426477639748],[7.461804200870958,48.36426575723945],[7.461626273499657,48.36426615595751],[7.46158152587345,48.36426631066926],[7.461286803166253,48.3650239991634],[7.461012630666614,48.365531571275554],[7.461226810776346,48.365571078759444],[7.4612522216562,48.365575708036744],[7.461475359992923,48.365615598364506],[7.46156158575051,48.365630911624706],[7.461586711837013,48.36563537134179],[7.461640679901732,48.36564505182666],[7.461697936588562,48.36565523911987],[7.46190855705299,48.36569262676859],[7.462116662345757,48.3657306495365],[7.462218868596305,48.365749414996],[7.462307874702981,48.36576561415513],[7.46235236633778,48.36577357897235],[7.462407705577768,48.36578347776509],[7.462451777586017,48.36579127814034],[7.462504779480651,48.36580072432831],[7.462551489009694,48.36580932636016],[7.462608911359135,48.36581986742923],[7.462709574128271,48.365837969767036],[7.462878669871093,48.36586727920042],[7.462901046761086,48.36587121150906],[7.463092822239046,48.3659064240027],[7.463095040084497,48.36590706128124],[7.463102240455223,48.36590904261145],[7.463223480253906,48.36591465409829],[7.463317569049009,48.36591903638926],[7.463430652141499,48.36592414420424],[7.463476677913591,48.36592628357382],[7.463517057274895,48.36592881605867],[7.463535685295472,48.36593000601298],[7.463662892096432,48.36593422059539],[7.463854470402257,48.365943216620316]]],[[[7.463904731945352,48.36189662161428],[7.463937885575728,48.361892127228195],[7.463984673487361,48.36188576694333],[7.464099882009624,48.36187141943252],[7.464227130131333,48.361855536371934],[7.464410024058821,48.361832508058335],[7.464624738691526,48.361805215375135],[7.464631429928148,48.3618028002818],[7.464634970103353,48.36180149528374],[7.464635852652538,48.361786413175025],[7.464615405303302,48.361736721326686],[7.464600911596301,48.361706179137876],[7.464546093032579,48.36159092010458],[7.464524183477419,48.361544707674646],[7.464510755474233,48.36151556708077],[7.464477559490779,48.361425625123864],[7.464469490032467,48.361403851876815],[7.464453740247537,48.36136011047802],[7.464443913510561,48.36133038347902],[7.464410412710138,48.361222520566486],[7.464400771721522,48.361187019342836],[7.464389203058403,48.36114474225888],[7.46435417175447,48.36100611849943],[7.464307663697517,48.3608215195367],[7.464301636587641,48.36079831755156],[7.463984087031079,48.36084706021765],[7.463987708251421,48.36086422528573],[7.463878740408665,48.360874012011834],[7.463886467624704,48.36096022878415],[7.463886582044424,48.360961576159454],[7.463735773401142,48.36097546386171],[7.463611769932132,48.36098653826032],[7.463606266465065,48.36098701614115],[7.463607072474796,48.36099491566127],[7.463608348884383,48.36100676239983],[7.46363731654422,48.36120139471633],[7.463570572825564,48.36120364135579],[7.463508681526293,48.36120570497152],[7.463489533777599,48.36120633692402],[7.463357925736897,48.3612106690149],[7.463252100629248,48.36121447929968],[7.463147631029554,48.361218328489606],[7.463008886704364,48.36122301939224],[7.462905024865817,48.36122765646423],[7.462828375279766,48.36123108719832],[7.462779238040781,48.3612336607834],[7.462765107997601,48.36123446388053],[7.462748694154587,48.361235443196534],[7.462706230239225,48.36123857615457],[7.462668199128953,48.36124136174147],[7.462550400291533,48.36125066914684],[7.462539482318223,48.36125108077708],[7.462507140392345,48.361252390241425],[7.462395969299195,48.36125694198434],[7.4622474613984,48.361262901208846],[7.462217426135956,48.361264303858505],[7.462209885528922,48.36126467824637],[7.462200777787877,48.36122429071857],[7.461983122792108,48.36123285638244],[7.461853502921633,48.3612446813005],[7.461858223863605,48.36127640318077],[7.461873132015142,48.36136919779515],[7.461882983493376,48.36143109419591],[7.46188503259739,48.36144408327019],[7.461888932567675,48.361467725965305],[7.461897281759017,48.361516702787625],[7.461907164055443,48.361574182505976],[7.461918494807721,48.3616535049641],[7.461919793989558,48.36166084521662],[7.46192150516926,48.36166826005075],[7.461924627449238,48.36168274058073],[7.461959200996866,48.36189887878264],[7.461977981510184,48.3620165786561],[7.461980106909267,48.36203046597379],[7.461984327211225,48.36205788130835],[7.46210129878905,48.362049957416716],[7.462242067486407,48.36204041538473],[7.462320318074092,48.36203512247024],[7.462349087268818,48.36203313675465],[7.462361996780959,48.362032289617375],[7.462401122064697,48.362029643126974],[7.462612068927917,48.362015292192126],[7.46275963555487,48.36200459211615],[7.462759645475106,48.36201107984618],[7.462841265759582,48.36200565953509],[7.462839974067035,48.361998409119586],[7.462917692991952,48.3619932259642],[7.463114013433793,48.36197861459515],[7.463238965381217,48.36196912707969],[7.46336462950853,48.36195528717075],[7.463478912568842,48.36194277742649],[7.463512554541385,48.36193925598561],[7.463550209742766,48.36193522274547],[7.46359696973493,48.36193012524657],[7.463604741872111,48.361929291479626],[7.463752524339472,48.36191317525268],[7.463896578328193,48.361897740125954],[7.463902059003443,48.36189699275709],[7.463904731945352,48.36189662161428]]],[[[7.463357693056734,48.35461811039521],[7.463364482053467,48.354635967086516],[7.463367067982229,48.35464253792952],[7.463441030269797,48.35483529389498],[7.463457824941968,48.354878635675334],[7.463559103490544,48.3548676069102],[7.463663555542359,48.35485573745926],[7.463723649279465,48.35484851470969],[7.463766875972693,48.354843279804236],[7.463776788178964,48.35484218503844],[7.463803218991545,48.35484136836341],[7.463889130567411,48.35483884886703],[7.463947510260222,48.35483691721322],[7.463960868064416,48.35483659359933],[7.463984349114909,48.35483606837149],[7.464040964013843,48.354835645047615],[7.464169527443953,48.35483385947313],[7.464245341154133,48.35483343276406],[7.464246284566488,48.35483339717736],[7.464247286219928,48.3548563382424],[7.464246718988466,48.3548719492107],[7.464245721874571,48.35490001200625],[7.46424273810281,48.35498906621213],[7.464239174354728,48.355095173667756],[7.464234992380399,48.35522743723535],[7.464233583198448,48.355264977442296],[7.464230614745999,48.35534465928224],[7.464337778209951,48.3553471952044],[7.464347195659287,48.35551859552935],[7.464333545250614,48.35551865987838],[7.464380858222317,48.35591021875868],[7.464380992998255,48.35591021367472],[7.46445604796723,48.3559024262384],[7.464491499125971,48.355899557013686],[7.46454306236041,48.35589535907916],[7.464597514371126,48.35589015101649],[7.464636408657894,48.35588643095639],[7.464761409446187,48.35586973034629],[7.464991934439907,48.3558410284891],[7.465183107258604,48.35581543291312],[7.465291990602284,48.355801592643346],[7.465454784038316,48.355780942216796],[7.46546654509343,48.35577932699143],[7.465476711731744,48.35577804226324],[7.465516127150686,48.35577249998268],[7.46552255059335,48.35577171693868],[7.465573264250526,48.355765478000684],[7.465645755534856,48.35575616449094],[7.465736708450239,48.35574453228382],[7.465931379660724,48.35572033539017],[7.46596155654002,48.355715862477965],[7.466000956599676,48.3557101403854],[7.466063438791307,48.355702375782855],[7.466135024630761,48.355693546700614],[7.466185829588772,48.35568360940784],[7.46621190212083,48.355678570410426],[7.466266442597325,48.35566804154748],[7.466392507591625,48.35564318882439],[7.466406602960006,48.3556404040504],[7.466538379196769,48.355614344384534],[7.46661941158344,48.35559894067435],[7.466670635947251,48.35558916756387],[7.466713422899706,48.35558034366479],[7.466786638243162,48.35556523486344],[7.467089617540291,48.355506129441295],[7.467263798449276,48.35547152965169],[7.467332545646639,48.35545794085555],[7.467378340596466,48.35544792180503],[7.467385511553339,48.355446389534265],[7.467473055780009,48.3554296580544],[7.46758468876965,48.355408412648565],[7.467776130130865,48.35537009665739],[7.467968606241683,48.35533282264105],[7.46806987384935,48.3553105262655],[7.468171611756865,48.35528740102382],[7.468277130879022,48.355264223044394],[7.468487667924437,48.35521833628252],[7.468544623102779,48.355206003006025],[7.468555776123611,48.355203599402174],[7.468648262701445,48.355182985761594],[7.468690255620936,48.35517437132907],[7.46876811588283,48.355161428818455],[7.468786111795001,48.355158406355464],[7.46881370450491,48.35515375993021],[7.468992481063303,48.35512394021081],[7.469190822070566,48.35508887573222],[7.469294980428299,48.35507196602492],[7.469361984846337,48.355060153977185],[7.469403275823042,48.35505282737981],[7.469470183602455,48.3550414694857],[7.46960400671152,48.35501884340887],[7.469656265011856,48.35501011127454],[7.469709593842556,48.35500124857184],[7.469779443586066,48.35498950904683],[7.469840901882618,48.35497925788754],[7.470288151765002,48.35490757605232],[7.470496065390784,48.354875391825665],[7.470659145849787,48.35485021752916],[7.470797407816452,48.354827332269444],[7.470855310896325,48.354818206121664],[7.47092868223545,48.35480813513378],[7.471024199329087,48.35479614610118],[7.471158922030627,48.35477934161255],[7.471158914391129,48.3547792517876],[7.471213023550872,48.35477162049775],[7.47127039778974,48.354764226279705],[7.471322292186291,48.354757579750135],[7.471456836829413,48.354741863005465],[7.471588421873967,48.35468976191446],[7.471607528573156,48.35462668136897],[7.471688057300836,48.35436059695915],[7.471744112730184,48.354132654088595],[7.471761410152901,48.35406261297534],[7.471672798331816,48.35278715756699],[7.471517111912982,48.35277519765924],[7.471509503830191,48.35277476421563],[7.471390185053208,48.352767557746034],[7.471254073298725,48.35275684040202],[7.471221161702874,48.35275456943301],[7.471148539046657,48.352749563450615],[7.471105382416793,48.352746057472736],[7.470989587890335,48.35273736574903],[7.470948768155984,48.35273431210932],[7.47090830689523,48.35273070423062],[7.470878533168975,48.352728765189696],[7.470800369850325,48.35272378808947],[7.470779132293999,48.35272206722347],[7.470693358202912,48.35271503461806],[7.47064289365278,48.352711444093295],[7.47063786143869,48.35271109351303],[7.470617185876177,48.352709621729026],[7.47036513278055,48.35269165854625],[7.469826719443357,48.35265134922201],[7.46982168724045,48.35265099860706],[7.469820736234086,48.35265094441302],[7.469767988401712,48.35264752987337],[7.469734603906351,48.35264446533473],[7.469686638969907,48.35264005908958],[7.469613659954716,48.35262767631926],[7.469526179164295,48.35261169597698],[7.469516165536954,48.35261000155416],[7.46940953489194,48.3525914101655],[7.469389904317814,48.35258791620498],[7.46927868900672,48.35256787580334],[7.469291068704234,48.35246539966584],[7.469222029200045,48.35245800436263],[7.469207425910603,48.35245639313063],[7.468562646790645,48.352383058361454],[7.468205628931077,48.352342200211226],[7.468212634623597,48.35230850357006],[7.468222456849061,48.35226181434474],[7.468242876658462,48.35216642411102],[7.468261252945139,48.35208516874007],[7.468219704269122,48.35208466488656],[7.468195212421599,48.352084418145125],[7.46811711667439,48.35208340176354],[7.468115087553821,48.3520833882616],[7.4680823597271,48.35208327222764],[7.467970381695051,48.35208128215808],[7.467969629749697,48.3520931154236],[7.46796803190053,48.35211885811344],[7.467895476494991,48.35211303661836],[7.467861037221194,48.35211028173041],[7.46784478634567,48.352108372083826],[7.467790172728649,48.35210367542477],[7.467748364510716,48.35210011734373],[7.467731297414042,48.35209814838306],[7.467705348406989,48.352095072918786],[7.467698310050108,48.352094978180624],[7.467619911348429,48.3520872143933],[7.46754192460028,48.35207952511672],[7.467499007760333,48.35207564834668],[7.467463587007071,48.35207247982888],[7.467438650083762,48.35207017712218],[7.467368055229832,48.352063560388935],[7.467326381838096,48.35205999707149],[7.467307578080003,48.352058273835766],[7.467257696630233,48.35205357852599],[7.467183864826808,48.35204546183246],[7.467203871037989,48.35181789090781],[7.467214621282097,48.35169619228964],[7.467128560158634,48.35170484776807],[7.467128425393729,48.351704852855185],[7.46707650796876,48.35170960614167],[7.466961952949333,48.35172023820357],[7.466931633441053,48.35172300470047],[7.466931625809216,48.35172291487504],[7.466931498676085,48.35172300978735],[7.466903320140687,48.351725515236],[7.466824144591968,48.35173246876972],[7.46682214614694,48.35180283273497],[7.466821160883383,48.351837383394745],[7.466759804169883,48.351829696707924],[7.466606064104536,48.351810357829784],[7.466543118200009,48.351801469425816],[7.466485916396707,48.3517933554409],[7.46639932039569,48.35178139458022],[7.46636552975971,48.351776722404296],[7.466371107754436,48.351321979441394],[7.46637011979599,48.351275337932606],[7.466319491908578,48.351280943367705],[7.466271320283453,48.351286816532856],[7.466181135405384,48.35129625777423],[7.466128859788471,48.35130156485804],[7.466105802471596,48.35130387685084],[7.46601801276587,48.351312867118835],[7.465972190528925,48.35131775036176],[7.46592288730859,48.3513230352927],[7.465879483662608,48.35135161718261],[7.465874876313714,48.351354674684245],[7.465834869666041,48.35138186677199],[7.46579266674023,48.35144527722243],[7.46576904800832,48.35148077208445],[7.465724472651917,48.35154967883428],[7.465643801958397,48.351548577795434],[7.465277742851708,48.35155238807446],[7.465210365576287,48.3515533984359],[7.465038466804494,48.35155582926849],[7.465005673204661,48.35155652589939],[7.464877087307595,48.351567505102324],[7.46476630811311,48.351574838610446],[7.464519617225717,48.35159604049204],[7.464513972356253,48.35159643367689],[7.464366173365913,48.35160723601397],[7.464370755054826,48.35164527123372],[7.464261269835943,48.35165670065941],[7.464134903318834,48.35166993826429],[7.46407982504449,48.35167408855768],[7.46407364872984,48.351674591881704],[7.464040926204391,48.35167771862107],[7.463996936790687,48.351681901148936],[7.463980302180194,48.35168342976338],[7.4638425618655,48.35169646529218],[7.463682775873932,48.35171258502956],[7.463572629062282,48.35173214895853],[7.463534266586465,48.351738912587216],[7.463483119145353,48.35174796068132],[7.463397344477188,48.35176318088794],[7.463352612349942,48.35177135616843],[7.463275963530834,48.35178578152718],[7.463239464818207,48.35179220442501],[7.463198564587278,48.351799333992616],[7.46315119559897,48.35180670751008],[7.463119576427766,48.35181168475581],[7.463157719427727,48.351671742131145],[7.463157711802336,48.35167165230546],[7.463136986363249,48.3515788062578],[7.463128888925419,48.35154234542869],[7.463128881300094,48.351542255603],[7.463021851970439,48.35156350371998],[7.46299087874421,48.35156971816236],[7.462870825328078,48.351593620033675],[7.46285473988029,48.35159683993189],[7.462843040678399,48.35159917350868],[7.462790420943704,48.35160998897991],[7.462770877341991,48.35161387995737],[7.462708788373912,48.35162622395864],[7.462537162487445,48.351660540943],[7.462420304904771,48.35168387126233],[7.462304779624368,48.351706970998315],[7.462217054277913,48.351724696951614],[7.462149238747251,48.35173806759545],[7.462033413203899,48.35176081792578],[7.462091642214902,48.35195308666737],[7.461977573557592,48.351969462754646],[7.46106463268795,48.3521006623839],[7.46103816233132,48.3521041833838],[7.461024649996825,48.35210586421604],[7.461065546004233,48.352165599505966],[7.461178682680238,48.352326241603556],[7.461601500189089,48.35293703850741],[7.461665524807888,48.353030324845705],[7.461675084918091,48.35304420228972],[7.461720416691175,48.353109987938325],[7.461726892668008,48.353119385886444],[7.461745420519344,48.35314653230599],[7.462180564798717,48.35378452724977],[7.462355219971051,48.353723693750034],[7.462458041066388,48.3536894486133],[7.462492624116343,48.35367796180639],[7.462511431184509,48.3536717557427],[7.462549553890379,48.3536589639764],[7.462602572609655,48.35364326755497],[7.462612728805357,48.35364027130232],[7.462640817269421,48.35363191296849],[7.462679204307776,48.35362064311312],[7.462736711157961,48.3536020739922],[7.462748996063032,48.3536544170216],[7.462761268593952,48.35369865033514],[7.462786256338545,48.35378277483372],[7.462832430996869,48.35393810073793],[7.46284702757868,48.35398900488102],[7.462857988377704,48.354027340180615],[7.462868580521796,48.35406451791053],[7.4628772301957,48.3540947400687],[7.462906778297225,48.35409083229374],[7.463071827987919,48.35406973941409],[7.463105245699033,48.354162377022156],[7.46311529677506,48.354188401113966],[7.46311770212492,48.354194438094],[7.463150432089274,48.35424871344262],[7.463223639935999,48.35437048888193],[7.463332131374068,48.35455112915293],[7.463357693056734,48.35461811039521]]],[[[7.464978305696556,48.35707032450038],[7.465383712159866,48.357002403496274],[7.465396790756525,48.35700037812754],[7.465465776966291,48.356989575010886],[7.465753358167419,48.35694168774805],[7.465749794078109,48.357007965235375],[7.465879868602801,48.35702549530349],[7.465892720935763,48.35702717305403],[7.466045901290157,48.35704770593918],[7.466137108060138,48.357034261675416],[7.466133066803962,48.357016932231744],[7.466179384729546,48.35700986771395],[7.466146457807726,48.35690081178891],[7.466179315648835,48.35689605745549],[7.466348149066583,48.3568716635951],[7.466388060242376,48.35700721950999],[7.466390506846655,48.35701532747498],[7.46661359489659,48.35697861288748],[7.466669705756762,48.356970637912276],[7.466664822699406,48.35695613375679],[7.466653528071133,48.35692186645552],[7.466643293986082,48.35689053286192],[7.466630977019063,48.35685378097276],[7.466628983111057,48.35684781864156],[7.466624077180157,48.35683304500771],[7.466709986496694,48.356822503601286],[7.46676190639566,48.35681612855477],[7.466903540025911,48.356804204801485],[7.466815039748158,48.35648827398413],[7.466705298965164,48.356094205540955],[7.466635272651484,48.355842909364284],[7.466588100430819,48.355671221716364],[7.466504929379687,48.355688508376865],[7.466443278963837,48.355701288164965],[7.466415111091455,48.355707127195345],[7.466316646817125,48.355727423924804],[7.466174751942949,48.35575692902217],[7.466161330407991,48.35575968833839],[7.466003778295756,48.355779961739145],[7.465410222503844,48.35585642621334],[7.465343330582593,48.35586480740385],[7.465339587381073,48.35586530908648],[7.465079012563252,48.355898389404025],[7.465059653168157,48.35590128249907],[7.464752938839142,48.355940338111495],[7.464657163945548,48.35595251189701],[7.464642399611607,48.35595378976907],[7.464562551151038,48.35596085701608],[7.46450966297828,48.35596537527593],[7.464483488440646,48.35596762422883],[7.464334909179589,48.35598052806266],[7.46430189155613,48.355983395555974],[7.464311567046764,48.356027276099404],[7.464234652996759,48.35603387197826],[7.464231487121885,48.35602525042984],[7.464228847622305,48.35601805083516],[7.464225234231609,48.35600575153177],[7.464220695243323,48.35599051341117],[7.464118115260741,48.355998978467234],[7.463989757366737,48.3560095872022],[7.464038045532496,48.35617222213843],[7.464072935756023,48.356290125662625],[7.464074619140943,48.356294027140564],[7.46407846903922,48.356304335038054],[7.46409206321681,48.35634022794337],[7.46409902560038,48.3563585286127],[7.464131101444724,48.356443286565096],[7.464141906150696,48.35647180529958],[7.46415506304836,48.35650573220395],[7.464209092091204,48.356632465754544],[7.464231202701576,48.35668425774667],[7.464273120191257,48.356779818444004],[7.464284955259599,48.35677747965111],[7.464490868492097,48.35673754204732],[7.464496897810388,48.35675281404939],[7.464510205042214,48.35678691547368],[7.464560936958982,48.356916206305826],[7.464591521176232,48.356994532270235],[7.464600724175881,48.35701851562183],[7.464643118105942,48.35712604325704],[7.464978305696556,48.35707032450038]]],[[[7.466417602107269,48.357752781830825],[7.466485017805929,48.35791126978196],[7.466484883025069,48.35791127486831],[7.466276418549595,48.35794987025175],[7.466358102424189,48.35817125940623],[7.466421849864183,48.358362957269826],[7.466855053115208,48.35831335693802],[7.467143534424046,48.35829985580252],[7.467164005989598,48.358298902912],[7.467180568882714,48.35829809754505],[7.467279803815617,48.35829318055703],[7.467288964717562,48.358364384581996],[7.467298586631044,48.358396462121675],[7.467327655925618,48.35849349806878],[7.467340994034297,48.35854066444875],[7.467378426420352,48.35866450875387],[7.467395734858336,48.358721798156026],[7.467404320339901,48.35882600526122],[7.46740275849663,48.35886967893795],[7.467401379623939,48.358910732428065],[7.467400779656349,48.358914810161664],[7.467395898564618,48.35894806589176],[7.467384827162519,48.35902462931342],[7.467379834167817,48.35905815960227],[7.467377502986501,48.35907527895863],[7.467378740806868,48.359113710509895],[7.467356244548772,48.3591131178111],[7.467101838256045,48.35911235695126],[7.46710421657759,48.35912443244717],[7.467105190806141,48.359129532120285],[7.467109558367913,48.35915387802252],[7.467158650140859,48.359491300698814],[7.467197046288326,48.3597760504227],[7.467221725601636,48.35995985058502],[7.467186335324835,48.35996028517212],[7.467117179835419,48.35996118309479],[7.467039652341577,48.35996221671992],[7.467038010206494,48.35997949027299],[7.467036543432216,48.35999405381845],[7.46703632990424,48.3599963147014],[7.466994823576671,48.36043078379809],[7.466992556083571,48.36045501964055],[7.466989271750649,48.36048956673248],[7.466986973719624,48.360513443274385],[7.466978122262153,48.36060659364371],[7.466961242858151,48.36078349153575],[7.466914025607741,48.36127647886058],[7.466889875166395,48.36152853482362],[7.466889323535788,48.36153477342842],[7.466888151575466,48.36154644221481],[7.466877553271566,48.361657230420356],[7.466875394955617,48.361679569744524],[7.466921132115961,48.361676762333374],[7.466966330109623,48.361673975252074],[7.466989379276279,48.36167310539286],[7.466992075085194,48.36167300365466],[7.467073351106109,48.361668314285964],[7.467127384182804,48.361664472802445],[7.467235981840247,48.36165667958794],[7.467302018869424,48.36165247508903],[7.467414990839702,48.36164523751587],[7.467500025640315,48.361640225757846],[7.467632572685711,48.36163260958848],[7.467697193039113,48.36162764732304],[7.467861929346344,48.361616923521844],[7.467984702671602,48.36160886486447],[7.467985872325648,48.36160512608278],[7.467988115018458,48.36159810273093],[7.468467687277445,48.36156873478894],[7.468562118974879,48.36156291694324],[7.468646187094684,48.36155767050921],[7.469036678166468,48.361536619546484],[7.469051212564707,48.3615358004339],[7.469296239913072,48.3615231243997],[7.469406037475755,48.361516725673376],[7.469683064171558,48.361513023306564],[7.470087407590541,48.361468827375006],[7.470141851281896,48.361455507120716],[7.470293938977479,48.361418494002486],[7.470355269389649,48.36140347174138],[7.470359902989626,48.361402305495126],[7.470430012655794,48.361317204081075],[7.470500419511773,48.36123082980337],[7.470571591753379,48.36114550791828],[7.470580306137782,48.361135086105264],[7.470609172352585,48.36109768023052],[7.470690154355434,48.36099892132729],[7.47074178876316,48.3609319093326],[7.470769810551495,48.3608957067709],[7.470884547965371,48.36044819628092],[7.470888401652149,48.36043309192547],[7.470889115964653,48.36043036154789],[7.470980948977788,48.360079235927316],[7.470991622018814,48.36003143320612],[7.470999560077463,48.3599959891929],[7.471014024934364,48.359905329560306],[7.471022421274284,48.359853017054654],[7.471026938907448,48.35981869348495],[7.471029187629232,48.35980220793025],[7.471040068928079,48.35973141844708],[7.471041801987561,48.35971999871172],[7.471045946367872,48.35969082569177],[7.471063092974409,48.3595696965555],[7.47106686900941,48.35954414197542],[7.471086737320135,48.35940732040947],[7.471089895058112,48.35937926600977],[7.471089999282094,48.35937890161954],[7.471102776622248,48.35930020062225],[7.471116151442322,48.3592205759142],[7.471127179829832,48.359148339014396],[7.471132328149115,48.359115072952314],[7.471137649445724,48.359082250920935],[7.471146965518871,48.35902485727586],[7.471223346172113,48.35895312528684],[7.471244677940658,48.35895592396141],[7.471414523472002,48.358978343771206],[7.471513865946124,48.35899216278172],[7.471603224124613,48.35900464676903],[7.471701580124891,48.35901958425506],[7.471706508730325,48.359020299179356],[7.471713347223815,48.359021212285306],[7.47198818426432,48.35905867843639],[7.47208730332439,48.35907304609824],[7.472137136262232,48.35908026462475],[7.47228868470259,48.35910058104679],[7.472414796721489,48.35911753301171],[7.472459736566133,48.35898300772648],[7.47250829446776,48.35884492137302],[7.472531818125027,48.358776537515126],[7.472545699965288,48.35873627292834],[7.472553084476174,48.35871499745326],[7.472576488519962,48.35864679832236],[7.472581018282379,48.35863329036163],[7.472587805279147,48.35861293859531],[7.472510010299919,48.35859650398554],[7.472512243919248,48.35858461472311],[7.472517877638524,48.358555475426435],[7.472549854106846,48.35843387554336],[7.472610769901419,48.358205839419824],[7.47262349331257,48.3581408373761],[7.472626298654704,48.35812613298346],[7.47264154737278,48.358044724965325],[7.472652588055698,48.35798537353291],[7.472656274992023,48.35796513890025],[7.472658407126165,48.35795523595865],[7.472665243292138,48.357924339039116],[7.472671285340335,48.35788887634103],[7.472672189875499,48.357883615576924],[7.472672947130641,48.3578798021941],[7.472687047326579,48.357805556517796],[7.472700629858858,48.357722048708055],[7.472716550173572,48.35764376923914],[7.472732663573775,48.35756458132985],[7.472732598926768,48.35755746480652],[7.472732512071092,48.35755485479741],[7.472725549140452,48.35750321255759],[7.472712163153185,48.35740468368587],[7.472710045537889,48.357392508275574],[7.472708813739087,48.35738597654036],[7.472693679039601,48.357258947761544],[7.47268811547153,48.35722851941823],[7.472687578428315,48.35722538574047],[7.472682558123276,48.35718862891952],[7.472681208910363,48.35717912787434],[7.472657637919386,48.3569751905962],[7.472634726423389,48.35677582415732],[7.472623978688137,48.35668287268755],[7.472609808684434,48.35655923170554],[7.472591223684211,48.3563979999747],[7.472586024267243,48.35635277922581],[7.47258298409974,48.35632658095326],[7.472574553484425,48.35625291630808],[7.472573578074498,48.356243040676105],[7.472556905190711,48.356096335050886],[7.472529446790289,48.355856228747946],[7.472417741222015,48.35586072046003],[7.472426461253233,48.35593302248639],[7.472338234879647,48.35594014127242],[7.472366586111796,48.35604612483887],[7.4723509090771,48.35604779862197],[7.472196236723493,48.35606535819421],[7.472125391277001,48.35607335195634],[7.471720053777624,48.35611966682187],[7.471546839989198,48.355796846382944],[7.471532475301015,48.355799641952345],[7.471499947157974,48.35580826024379],[7.471495314075799,48.3558094265395],[7.471469537203606,48.35581634792946],[7.471404084180486,48.355833689569344],[7.471312854201054,48.35585795252852],[7.471267632045539,48.35586993396887],[7.471259698331921,48.35587203597415],[7.471234297905471,48.35588020467742],[7.471086101038436,48.35592779630232],[7.471056614195908,48.3559372007051],[7.471055185143351,48.355937885486476],[7.470899675195028,48.356013958658345],[7.470843853016038,48.35604120908447],[7.470870917315068,48.356082810369806],[7.470944840757539,48.35621275493641],[7.470964239876459,48.35624689600952],[7.470973950904455,48.356264101281894],[7.471011141737292,48.356329380281416],[7.471060912818452,48.3564169827236],[7.470991809571381,48.356432749836166],[7.470991801931929,48.3564326600113],[7.470814024427871,48.35646631973183],[7.47080371483468,48.35644048616958],[7.470569340664365,48.35649547763496],[7.470436735867529,48.356527700768545],[7.470364542770088,48.35654529636727],[7.47037506112008,48.356575177176786],[7.470390041208862,48.356617775674394],[7.470393569344206,48.35662746477152],[7.470394998931019,48.356631555990056],[7.470076498215318,48.3567021596639],[7.470063595544775,48.35670625152251],[7.470059120042843,48.356707682145554],[7.470044900146673,48.35671218420593],[7.470075394547882,48.35680366901566],[7.469913523456261,48.35683041859844],[7.469852848766057,48.356840369765486],[7.469869223892736,48.35687552632527],[7.469909210566195,48.356988009526226],[7.469905752160006,48.356988680822006],[7.469901754641056,48.356989372478665],[7.469770787091651,48.35700747527623],[7.469747389589795,48.35701376571426],[7.469714903533937,48.357021300518916],[7.469597668824805,48.357048256271554],[7.469502565091942,48.357068338556246],[7.469498193774394,48.35706940476827],[7.469494742994602,48.357070165876934],[7.469480571323722,48.35701798476151],[7.469461050001423,48.356945820281446],[7.469448577473835,48.35689772020686],[7.469400614470452,48.356901333727485],[7.46910799193745,48.35692328748451],[7.469107999573758,48.35692337730946],[7.468949054185825,48.35694478849149],[7.468903873333224,48.35695091004081],[7.468904771336271,48.35695511145772],[7.46890573806318,48.356960121299295],[7.46874661419653,48.356977844296566],[7.468526728445179,48.3570029075534],[7.468450151440759,48.357005528421396],[7.468465441478068,48.35706451600505],[7.468404882772288,48.3570678837619],[7.468368546018087,48.35706988643616],[7.468356207474285,48.357071073177025],[7.468339301729897,48.35707261257437],[7.468122837995876,48.35709340065326],[7.468106435427322,48.357008592542805],[7.468101195191201,48.35698193662907],[7.468098560701487,48.356982756993],[7.468089068644264,48.35695698250032],[7.468088707472859,48.35695591477647],[7.468082433971226,48.35695687252078],[7.468074288842767,48.35695808114907],[7.468061050316948,48.35692163450261],[7.468073866868697,48.35691970883957],[7.468074533124985,48.356919593573735],[7.468064713101851,48.356894732592615],[7.468064705467327,48.35689464276759],[7.468064367200417,48.35689384451868],[7.468058056996945,48.35687687111247],[7.468055414877313,48.35687760165048],[7.468052503201482,48.35687834236467],[7.467904559649191,48.35691943204426],[7.467730606551347,48.356967901409206],[7.467581487658546,48.35700948559775],[7.467588746935425,48.357039219271556],[7.467618531982454,48.35716218081931],[7.467652615607621,48.35729912786034],[7.46766859426024,48.35736304573459],[7.467687505716821,48.35743919840212],[7.467727935946728,48.357601497974024],[7.467757001663699,48.357719169936765],[7.467778231527893,48.357821007426566],[7.467749139207307,48.35782075392982],[7.467743626876945,48.35779248625446],[7.467728296104033,48.35772187557167],[7.467708319408228,48.35765387331685],[7.467707693681277,48.35765128365522],[7.467699381284587,48.357618706128704],[7.467689326502369,48.35757835452751],[7.467683595736916,48.357553879845284],[7.467630141836208,48.357561304419136],[7.467630007056356,48.357561309506785],[7.467369038597194,48.35759143568178],[7.467317690052851,48.35759499589116],[7.467316619446446,48.35759512641456],[7.467125295962679,48.357614242735536],[7.467112560556093,48.357615534432675],[7.467111886655885,48.357615559868],[7.466971334937837,48.357645015007364],[7.466902518703782,48.35765941708408],[7.46689746575093,48.357660418808756],[7.46659417114775,48.35771755258003],[7.466487519735315,48.35773860882115],[7.466417436799462,48.35775242761681],[7.466403498541864,48.357755476776696],[7.466417602107269,48.357752781830825]],[[7.468479847667309,48.359107829325986],[7.4678675629417,48.35908525655043],[7.467904632659082,48.35872277403037],[7.467927270497979,48.35836867602583],[7.468535920752099,48.35839471959769],[7.468479847667309,48.359107829325986]]],[[[7.468549796747257,48.37093167300387],[7.468600161408546,48.37093229508921],[7.468614108351667,48.37093248954403],[7.468667873915058,48.37093334367868],[7.468690202240014,48.37093349209183],[7.46871565420022,48.37093379292968],[7.468774962416196,48.370934618021344],[7.468947733591356,48.37093692720818],[7.468967230824853,48.370937182440215],[7.468995394344477,48.37093756108351],[7.469068245073554,48.370938595704246],[7.46912281189607,48.37093932927306],[7.4691825245666,48.37094013889286],[7.469266880322114,48.370941279738666],[7.469299103542489,48.370941685273785],[7.469359220660301,48.370942479536055],[7.46947336535636,48.3709440275338],[7.469505453766053,48.370944438102505],[7.469535916769725,48.370944819915806],[7.469574379631797,48.370945440366405],[7.469656563102599,48.370946482723866],[7.469667940949112,48.37094668393892],[7.469678771900611,48.370946815688626],[7.469787089058098,48.37094822295524],[7.469837184121985,48.370948854695],[7.469885114524487,48.37094947803231],[7.469932505672412,48.37095012171112],[7.469973942089248,48.370950719871075],[7.470010906727855,48.370951216525036],[7.470078881274663,48.37095216430374],[7.470070868363827,48.3710249172498],[7.470070154820156,48.371037199481556],[7.470017313671719,48.37189634371996],[7.470143324294357,48.37189744312303],[7.470164042876917,48.37189774216777],[7.470214546008802,48.371899980396485],[7.470400339698879,48.371907472947555],[7.470541666451228,48.37191213875068],[7.470615592172531,48.37191466378869],[7.470768538819218,48.371920782886995],[7.470994611128451,48.37193909883559],[7.471000057274884,48.3719395239452],[7.47105888636051,48.371944240866426],[7.471113363123138,48.371948671569385],[7.471161846838235,48.37195260768802],[7.471222451492307,48.37195752780842],[7.471278838638546,48.37196215662308],[7.4713357650603,48.37196676504365],[7.471453296189306,48.371976293439126],[7.4715185479385,48.37197860485536],[7.471666954220112,48.37198381294512],[7.47183258921891,48.37198963165086],[7.472098330244349,48.371998877668524],[7.47214770916221,48.37200061687222],[7.472206316749199,48.37200272833495],[7.472322572934485,48.372006807176554],[7.472409929783715,48.37200981495475],[7.472414544118039,48.37201000108636],[7.472455667985074,48.37200691560519],[7.47254892478063,48.37199978801627],[7.472813918738051,48.37197959386041],[7.472880296278189,48.37197447276746],[7.472906913449095,48.371972566000345],[7.473077272308616,48.371946484875316],[7.473137223721911,48.37193737114543],[7.473254048652791,48.37191953022746],[7.473314531623332,48.371910306208015],[7.473335730360141,48.37190671171567],[7.473482234013095,48.37188162148237],[7.473600215708663,48.37186148368807],[7.473646746516138,48.37185359772746],[7.473765402164998,48.371833434296086],[7.473875409397691,48.37181494925641],[7.474140239922733,48.371770608067685],[7.474157709592168,48.37176769502983],[7.474227233645238,48.371750289045124],[7.474357012774206,48.37171780974042],[7.474454747638171,48.37169338997024],[7.474500313481036,48.37168211585273],[7.474518225785648,48.37167963659338],[7.474665464396906,48.371660013943014],[7.474669478263825,48.37165950178042],[7.474894948852852,48.371629442528665],[7.474958735601899,48.37162090377968],[7.475070935327137,48.371605939227976],[7.475103165713466,48.37160165707011],[7.475420101582871,48.3715815661091],[7.475616241123269,48.37156919500933],[7.475633171384271,48.37156630214028],[7.475740504053412,48.37154818677041],[7.476036376289818,48.371498342240706],[7.476282091957216,48.3714392194314],[7.476359095629082,48.37142071832308],[7.476290876982838,48.37117873159109],[7.476221717130636,48.37093362643845],[7.476199607129448,48.37083759113877],[7.476174694678448,48.37073247028348],[7.476173434429681,48.37072720127656],[7.476145759679678,48.37061028995891],[7.476133057807943,48.37055643217363],[7.476120378912967,48.370502843855576],[7.476109179243888,48.370455507505056],[7.476087206868438,48.370394430749826],[7.476045972952786,48.37028028488631],[7.476040289616114,48.3702643695692],[7.476024911932691,48.37022196715776],[7.475986696824273,48.3701162678516],[7.475963490358408,48.37005181343976],[7.475935338816026,48.36997375872104],[7.47590153470318,48.36988014795731],[7.475871410847647,48.36979640056672],[7.47582238736548,48.36966065169093],[7.47581515917161,48.36965200380001],[7.475794487120146,48.369626832859026],[7.475809974967431,48.369626067067735],[7.47582061730516,48.36962557458748],[7.475822143765084,48.36957838783289],[7.475831902781932,48.36928325955571],[7.475832981899474,48.369249876977634],[7.475837193264124,48.369124641019354],[7.475816017654121,48.36911102357281],[7.475813438107962,48.369109318843265],[7.475441938831478,48.3691126406694],[7.475443441728708,48.36907311440137],[7.475445707556188,48.36902031269208],[7.475447026900211,48.36899133657062],[7.475451473459199,48.368892675054184],[7.47536977112454,48.36889089773801],[7.475224387735089,48.36888774302201],[7.475191191476417,48.368887015475764],[7.475113421540196,48.36888535966395],[7.47497982767431,48.36888247987472],[7.47491356997943,48.36888101954004],[7.474804768390958,48.3688786441824],[7.474688244509635,48.36887611005759],[7.474596917315321,48.36887406523204],[7.474319700378911,48.36886805261842],[7.474171605658678,48.36886481886756],[7.47417060734204,48.36887215573824],[7.474165661634766,48.368909379033894],[7.473683385007211,48.368906158722446],[7.473685817991387,48.368883899029534],[7.473687611139058,48.36886842197619],[7.473693912499391,48.36881375570933],[7.473704005754968,48.368725784625546],[7.473713103418704,48.36864677232745],[7.473721624404912,48.36857210723189],[7.473728200136459,48.36851589866152],[7.47372819249058,48.368515808837635],[7.473735009247384,48.36845607675485],[7.473755703281341,48.36827497890266],[7.473761311161457,48.3682264664843],[7.473782530952841,48.368042014544194],[7.473797496528035,48.3679048378523],[7.473824640862704,48.36765176626343],[7.473838168877283,48.3675278904443],[7.473839893120609,48.36751160495752],[7.47383468643539,48.3675108104919],[7.473823306494591,48.36750898775077],[7.473827267716055,48.36749991686732],[7.473850394399252,48.36744749825751],[7.473989507245598,48.36713396433459],[7.473902788021177,48.36700648794828],[7.473841268667384,48.36691608677578],[7.473820610086667,48.36695777880867],[7.473680221462521,48.36693379776931],[7.473664848256026,48.36693113468874],[7.473542702060767,48.36691015870201],[7.473344814372073,48.366876365188425],[7.473271941908282,48.36686388988463],[7.47318959988054,48.36684978988973],[7.472977980077927,48.36681354096255],[7.472675373348684,48.36676171570993],[7.472477756381089,48.36672791055799],[7.472407079390733,48.36671580235123],[7.472373591319147,48.36671003877265],[7.472291939073251,48.3666960923355],[7.4722111033303,48.36668220510904],[7.472126978863987,48.36666781128425],[7.471975601219071,48.36664181038757],[7.471952541667301,48.366637815433364],[7.471870477594688,48.36662379415855],[7.471664620665349,48.36658849671083],[7.471654604309149,48.36658680248637],[7.471547151051926,48.36656842341638],[7.471376018549143,48.366539112922155],[7.470901586067312,48.36645772837216],[7.470888581046098,48.366344587333415],[7.470858883115127,48.36633886041643],[7.470735027378228,48.366315242804276],[7.46970549831804,48.366137309978726],[7.469639220434114,48.36612602530363],[7.469637560114186,48.366131945321875],[7.469634552215594,48.36614269219686],[7.469570769515137,48.366132124284015],[7.469190312011405,48.36606800079416],[7.468656062552793,48.36597805235544],[7.467728147815283,48.36582285001941],[7.467558309423077,48.365794386450524],[7.467556280023238,48.36579914889816],[7.467532054362705,48.365856203353914],[7.467462346193501,48.36584432605097],[7.467164170983153,48.36579358143229],[7.46716417861743,48.36579367125675],[7.467164036182169,48.36579358651937],[7.467245924353131,48.36623835571992],[7.467249188409087,48.36625607482763],[7.4672782956306,48.366420332913634],[7.46732495580764,48.36669882204569],[7.467294904477144,48.36669211634302],[7.467296120552462,48.36669846844043],[7.467330753640423,48.366884775731826],[7.467353222749296,48.36699161224536],[7.467368830573007,48.36706545616735],[7.467379164632442,48.36711543906913],[7.467389279923564,48.36716443898733],[7.467401389856935,48.36722417712905],[7.467409309667064,48.36726325740984],[7.467425276255136,48.36733654710114],[7.467429501968503,48.36735603215234],[7.467448087178147,48.367455355637205],[7.467452139929178,48.36747439665153],[7.467488123791151,48.36764317103091],[7.467509949809086,48.3677456162368],[7.467523153978774,48.367810269240856],[7.467531760888739,48.36785265773391],[7.467673295881948,48.36852333987257],[7.467703694262186,48.36866934623488],[7.467724651188862,48.36877110325494],[7.467785937381441,48.36906886462603],[7.467806009410235,48.36916975388587],[7.467816581010854,48.36922252122168],[7.46795035271578,48.36989565830469],[7.468055622030713,48.370418031489],[7.468157941887891,48.37092636814254],[7.46815794952461,48.37092645796662],[7.468421435535305,48.37092993981777],[7.468447029943492,48.37093032544885],[7.468496585718162,48.37093097810941],[7.468549796747257,48.37093167300387]]],[[[7.467315288374048,48.35655797394325],[7.467334168726255,48.356638543403925],[7.467338779992133,48.356656211762534],[7.467343533671976,48.356673964858494],[7.467335912414286,48.35667497343679],[7.467348901559976,48.35671962986463],[7.467607325458484,48.35669302390725],[7.467609899634101,48.35670581292758],[7.467614012685683,48.356725572689236],[7.467616978559793,48.35673978873483],[7.467620842332695,48.35675820620747],[7.467654436879332,48.356884628495095],[7.46774376053061,48.356860170125394],[7.467844453614538,48.35683266920285],[7.467998400897729,48.35679063203216],[7.46803473953015,48.35678069942763],[7.468050187885968,48.3567763314656],[7.468072387754112,48.356770266805135],[7.46807952069831,48.35676828536872],[7.468090485851866,48.35676525812442],[7.468144121505103,48.35675043715685],[7.468164053034467,48.35674472845423],[7.468080556479168,48.356535483718],[7.468289886736027,48.3565039711206],[7.468453161519914,48.35647942357792],[7.468433791501085,48.35643924346833],[7.468399400579617,48.35636709957413],[7.468364521438394,48.356293982856066],[7.468370621904548,48.35629258105964],[7.468374469344232,48.35629171489272],[7.468539950303537,48.35626131665358],[7.468553791441518,48.356258721452875],[7.468607299651675,48.35624877117673],[7.468700925031185,48.356231989454784],[7.46888556904756,48.35619798353087],[7.468875484560134,48.356176376660606],[7.468859133222169,48.35614148942029],[7.468837649383502,48.35609553180869],[7.468959407864561,48.35605660105542],[7.46904615578061,48.35602890467882],[7.46904760013393,48.35602839957176],[7.469053342040257,48.35602755195781],[7.469431488473123,48.3559699275947],[7.469546834867791,48.3559525952307],[7.46966963696848,48.35593389981575],[7.469673741771591,48.355939241710196],[7.469682923106744,48.3559534032229],[7.469706255409867,48.35598928831322],[7.469809683310083,48.35618957912805],[7.469823028421729,48.35621295516916],[7.469848111243376,48.35625670409917],[7.469900919250771,48.356240111282574],[7.470010702885417,48.35620505601256],[7.470120359235687,48.35617009555536],[7.470192640359227,48.35614718006706],[7.470202511777892,48.3561440137006],[7.47023368987131,48.3561338247343],[7.4702334710761,48.35613284175065],[7.470232918914003,48.35612952840934],[7.470232224337937,48.3561261303337],[7.470221237525645,48.3560891482409],[7.470206022674,48.35603583508424],[7.470205811517766,48.356034941925415],[7.470202430799316,48.356023805438184],[7.470168804296705,48.35591297441463],[7.47016612309264,48.355903703887165],[7.470157756469894,48.35587527371044],[7.470454711844085,48.35583756381264],[7.470401472025105,48.35554220037091],[7.470677675552141,48.355508517768826],[7.47073572127757,48.355494700422334],[7.470888795861423,48.35545836933781],[7.470961744636544,48.35543696002664],[7.47100661290889,48.35542400080795],[7.471025615485849,48.35541850690869],[7.471041088846702,48.355416029967344],[7.471066975266995,48.355411988157826],[7.471190131889703,48.35539589099074],[7.471225571959597,48.35539130798475],[7.471235603608394,48.35539002785376],[7.471338600267734,48.3553769450096],[7.471393089269279,48.35537218294624],[7.471394281107045,48.355386195632065],[7.471399848517082,48.35545483204425],[7.47139961550972,48.35550296148435],[7.471374334158451,48.35560790767588],[7.471403430306613,48.35566862627912],[7.471413449121173,48.35568627046337],[7.471438871324521,48.35573081731375],[7.471666341998773,48.355674192387546],[7.471697310388946,48.355523253548334],[7.47170254355752,48.355386083187774],[7.471696641198317,48.35534530452394],[7.471669317454414,48.35516872304559],[7.471661883421385,48.355121063501294],[7.471643108765557,48.35500047997855],[7.4716114182285,48.354796398571196],[7.47158383848176,48.35479960335815],[7.471238282728872,48.35483969320314],[7.471010315835268,48.35486659873081],[7.470872431979056,48.35488280155068],[7.470796810310866,48.35489503012052],[7.470752096861699,48.35490185570999],[7.470589639402449,48.35492799784426],[7.470564943223557,48.35493172425696],[7.470444885067103,48.35495085774652],[7.470325889730788,48.3549697707383],[7.470072791646806,48.35500960878371],[7.470040504978141,48.35501470314203],[7.470034119883169,48.35501593555654],[7.469948982398176,48.355029153777],[7.469856770627375,48.35504345014204],[7.469712969400073,48.35506798528246],[7.469589432117355,48.35508914165979],[7.46950320362938,48.35510384256891],[7.469415627358998,48.355118594312074],[7.46938176909766,48.355124288517096],[7.469361782175518,48.355127746715375],[7.469336465403702,48.355132127095004],[7.469314067825814,48.35513585654818],[7.469285943711851,48.35514061327328],[7.469188508620253,48.35515708885005],[7.468889459327394,48.35520830166881],[7.468871066718609,48.355211429239674],[7.468674871120228,48.35524469999256],[7.468667812096261,48.35524595777747],[7.46866714586246,48.35524607304677],[7.46866661440248,48.35524618322722],[7.468665948168676,48.35524629849652],[7.468494469718547,48.355284042461435],[7.468494642667602,48.3552844864983],[7.468318731695944,48.355322577783184],[7.468139677502775,48.355361868825085],[7.468077572747291,48.355375657895976],[7.46798732333075,48.35539555581508],[7.467937866734012,48.355405443002375],[7.467911802136578,48.355410572205784],[7.46767916581134,48.355455760210305],[7.46757517673962,48.35547626658576],[7.46751799466641,48.35548752657944],[7.467354427915668,48.355519743601505],[7.467204956266365,48.35554917552783],[7.46715495264642,48.355558992910716],[7.467127555414234,48.35556435246253],[7.467065439909532,48.35557642923546],[7.466886683807672,48.35561129150774],[7.466702081319525,48.35564736539731],[7.466649187516352,48.35569477874295],[7.466660738933051,48.35573525418711],[7.466735731989203,48.35599726661505],[7.46682107209896,48.35629988996178],[7.466883179864247,48.356520035361314],[7.467066303355275,48.35649834514638],[7.467241678320373,48.35647775813275],[7.467292684907735,48.35647177776292],[7.467308728950619,48.35653488221185],[7.467314535535354,48.356555479189815],[7.467315288374048,48.35655797394325]]],[[[7.468882524272628,48.3471516799591],[7.46879430802717,48.34713807010151],[7.468648429441505,48.347115643870936],[7.467982322259661,48.34701643987807],[7.467930326450954,48.34729225925347],[7.467930334083856,48.34729234907915],[7.468262693855803,48.347305932374695],[7.468605229020757,48.34731994150855],[7.468849103802723,48.34732947532272],[7.469090499665171,48.34733847146395],[7.469191054452432,48.34734296416499],[7.469213583876147,48.34734400564852],[7.469489309214072,48.34735449792328],[7.469513178548383,48.347355398626185],[7.469515888890351,48.34735547648058],[7.469740105257117,48.347365931225845],[7.469642660536465,48.34734077552482],[7.469523232712445,48.34730987176429],[7.46923253711914,48.347237766358276],[7.469207535972273,48.34723150151066],[7.469194278988139,48.347228217425766],[7.469131739318013,48.34721291712358],[7.469120557085761,48.34721018546856],[7.468882524272628,48.3471516799591]]],[[[7.473056080214178,48.355489117877205],[7.473100509029634,48.35548212195935],[7.473107178943194,48.35548105884182],[7.473196059464322,48.35546733642539],[7.473201793599528,48.35546639878525],[7.473641379044235,48.35539679626495],[7.473578197463984,48.35521201837221],[7.473609433486113,48.35520570116493],[7.47357613213446,48.35514802559184],[7.473546305963856,48.35509941024762],[7.47351702588401,48.35501590024504],[7.473874366961311,48.354958597063906],[7.473868739445012,48.35494331023454],[7.47385677716167,48.354910780808304],[7.473850576707467,48.35487605106641],[7.473849774896904,48.35487139546182],[7.474079214368721,48.35483956260298],[7.474089611937147,48.35483781782094],[7.474338124766411,48.35480292042753],[7.47432999897401,48.35476781291826],[7.47432426542637,48.35474333850624],[7.474580629621414,48.35471967831204],[7.474585533674869,48.35474075975406],[7.474586543929719,48.35474468656497],[7.474591124926356,48.35476514942431],[7.474591394470392,48.35476513923315],[7.474992231375921,48.35472168760068],[7.474999963872635,48.35474581606589],[7.475026799948096,48.35486888807309],[7.475210256569477,48.354828969307476],[7.475293454058614,48.35473579950294],[7.475366058814184,48.35472467335186],[7.475351659248986,48.354690524041885],[7.475345752230764,48.354678311705264],[7.475343302443917,48.35467335796859],[7.475305739429594,48.3545862866089],[7.475285990210454,48.354529000096655],[7.475280804876457,48.354514147163954],[7.475580229171631,48.35445632530621],[7.475605199467465,48.35452729187348],[7.475605537833541,48.35452809010226],[7.47560571084011,48.354528534128995],[7.475616030129167,48.35456716319016],[7.475618305949006,48.35456689689602],[7.475844103318096,48.35454312828102],[7.475845881292448,48.354557659490695],[7.475846285606544,48.35455764419965],[7.47584629325401,48.35455773402433],[7.475883072419925,48.35455300882749],[7.476065392024128,48.35453151490342],[7.476100615080076,48.35452756940338],[7.476212318328894,48.354515144157645],[7.476286814362142,48.354515120015854],[7.476336570781172,48.35451513043847],[7.476353347897644,48.35429137373495],[7.47635321312701,48.35429137883255],[7.476234408460425,48.354293439385344],[7.476015293273742,48.35429722111669],[7.475692317601941,48.354302317039604],[7.475669818537437,48.35430325803396],[7.475623742240097,48.354305180783925],[7.475532540677523,48.354309080378215],[7.47547866870243,48.35431472220992],[7.475219205234883,48.354341655627586],[7.475207676110494,48.354342812506566],[7.474882002501058,48.35437657431876],[7.474511586223859,48.35442157894595],[7.47437375048127,48.35443832479471],[7.474264818833858,48.35445154465129],[7.474255723191657,48.35445269954847],[7.47424970435372,48.354453467781134],[7.47417249939185,48.35446296489313],[7.474026796011656,48.35448099902148],[7.473792897330082,48.35450966620427],[7.473626584108796,48.354530191089445],[7.473460667429127,48.354550610633126],[7.473315998398741,48.354552204069655],[7.473110686974635,48.35455455748334],[7.473090592763707,48.35455198276526],[7.47302468515253,48.35454329971336],[7.472796676335615,48.35451406951358],[7.472756638033278,48.3545090945236],[7.472714420467675,48.354503931540606],[7.472731994052118,48.35500925572694],[7.472732001694333,48.35500934555178],[7.472734656961542,48.35502943066316],[7.472740909565131,48.35507749528404],[7.472713461726368,48.355079073299166],[7.472422301954063,48.35509584394734],[7.472440871370347,48.355296636297346],[7.472452565384039,48.355413432207015],[7.472460347527945,48.355489013787206],[7.472466326914049,48.35554817269862],[7.472469243320216,48.35558086384265],[7.472743303184031,48.35553788557537],[7.47279934279739,48.3555290992654],[7.472877024735681,48.35551724214271],[7.473056080214178,48.355489117877205]]],[[[7.475846853400486,48.354561137168],[7.475846929875163,48.35456203541477],[7.475847064646539,48.354562030317766],[7.475846853400486,48.354561137168]]],[[[7.476867045621153,48.36347534252227],[7.476938060260776,48.36347716227713],[7.477017908298396,48.36348108094602],[7.47707793104124,48.36348403727001],[7.477184201669695,48.363488578472094],[7.477220571325731,48.363490086436485],[7.47726447962316,48.36335307528603],[7.477271794013438,48.36333099117396],[7.477273506944307,48.36332569980443],[7.477356109784909,48.36307620521322],[7.477414204796409,48.36293270982093],[7.477510479147313,48.36269450271275],[7.477511966262284,48.362638936563464],[7.477512711600415,48.36260799944908],[7.477431734947829,48.36212408933742],[7.477441413390945,48.361939260883],[7.477592453129553,48.361582014413095],[7.477361073615347,48.36159139788901],[7.477222675662678,48.36159699347746],[7.477154899613412,48.36159982750124],[7.477126197148021,48.36160100329667],[7.477111774694876,48.36160154882892],[7.476998986657595,48.36160617545273],[7.476955330221882,48.36160800694079],[7.476841725770785,48.361612574180214],[7.476763436111451,48.36161580563269],[7.476729746422288,48.36161716995898],[7.476686756265003,48.36161888603399],[7.476613168915602,48.36162175931084],[7.47644001808319,48.361628938699454],[7.476267263922682,48.361636012718435],[7.476297789721413,48.361808687137525],[7.476316071101519,48.361893152973124],[7.476334398436581,48.361978157745504],[7.476357033329738,48.36205975552342],[7.476328892705929,48.36206118020749],[7.476310988512417,48.36206212765029],[7.475813674539777,48.362103912945514],[7.475411424597573,48.362137776315414],[7.475247973009732,48.362150895091624],[7.474974985975344,48.36217509358301],[7.474958190634633,48.362176359350286],[7.474069336471431,48.362246005752304],[7.474081069359863,48.362352076144944],[7.474081077005447,48.362352165969206],[7.474091672730853,48.36244169849797],[7.474094826700497,48.36247239801575],[7.474099947589608,48.36252302832809],[7.474101747445467,48.362533052979906],[7.474102192879289,48.36253510874783],[7.474099691553978,48.36255656013633],[7.474089711998587,48.362644257090665],[7.474082517786159,48.36270589614171],[7.474075176301924,48.36276898256731],[7.474068256990681,48.36284656126161],[7.474049097068247,48.363012282788965],[7.474044474931736,48.363050124821896],[7.474041567188475,48.36307474552346],[7.474035243939733,48.36312914257006],[7.474028087825291,48.36319123071662],[7.474026190760004,48.36320707223242],[7.474021851477635,48.363248237754895],[7.474010329110921,48.363357530015506],[7.474254960817365,48.36336711693674],[7.474352870895266,48.36337035464795],[7.474490782277147,48.363374873680876],[7.474665498159196,48.363381245311906],[7.474762075641661,48.36338471328964],[7.474805581595645,48.36338586209656],[7.474876730837264,48.36338767799109],[7.474983567989598,48.363390938149664],[7.474999835045825,48.363391404518694],[7.476833979898016,48.36347452051114],[7.476867045621153,48.36347534252227]]],[[[7.476545666656565,48.35604501511719],[7.476567063337445,48.356205779917396],[7.476570502159102,48.356231872972046],[7.476572960080204,48.356249622541704],[7.476583479120892,48.35632392903092],[7.47658744283286,48.35635459803491],[7.476595247886426,48.35641449884836],[7.476608703920093,48.35651059189654],[7.476641744926185,48.35677157332371],[7.476589714438607,48.35677822727123],[7.476510665503898,48.356788336207266],[7.476514420066533,48.35682766403777],[7.476515411524701,48.35683771928196],[7.47655658089271,48.35721797419403],[7.476569097881757,48.35733320683035],[7.476574777671575,48.3573729123957],[7.476614598406498,48.35772303007612],[7.476615245684878,48.3577290432141],[7.476619332981029,48.357765925363154],[7.476599024264148,48.35776561215023],[7.476563686179453,48.35776505637253],[7.47655045339414,48.357827194671835],[7.47651260827265,48.358011556940475],[7.476485460874774,48.3581357691648],[7.476459903024121,48.358261182838255],[7.476446556312096,48.358326749722806],[7.476436551136011,48.35838074578065],[7.476403567673973,48.358507882078285],[7.476373291036603,48.358628698130886],[7.476372086699298,48.35863360981805],[7.476368138181223,48.358649168591455],[7.476359311112013,48.35868365551718],[7.476349360929227,48.35872242025985],[7.476341502108579,48.35875398692461],[7.476323889031,48.358825031823024],[7.476322974297864,48.35882858085096],[7.4763106277641,48.358875726670455],[7.476280709156675,48.35899598842769],[7.476277713568072,48.35900844728854],[7.476265276205257,48.35905929118776],[7.476249166405933,48.35912099749442],[7.476216357949127,48.359250199629756],[7.476187955226706,48.35938509250122],[7.476266998842291,48.359390754032034],[7.476634130445343,48.359416338442585],[7.476733613557356,48.35942383988159],[7.476838811164346,48.359431755886064],[7.476871607694677,48.35943421002994],[7.477205324766156,48.35945483874032],[7.477551808304306,48.35947453299135],[7.477708237511456,48.35948384431275],[7.477870777955204,48.35949346490473],[7.478348376763893,48.359520541850614],[7.478363729776601,48.359521402754794],[7.478369459838349,48.35949343091467],[7.478378768830125,48.35944874272815],[7.478371490548246,48.35939981601816],[7.478364523069904,48.35935295016255],[7.47833722648646,48.35915951752329],[7.478332433354483,48.35912230167396],[7.478329380781063,48.359099167825725],[7.47830988837429,48.35897194382363],[7.478309536367935,48.35896781190936],[7.478306623798245,48.35893521081565],[7.478293320760755,48.35885524256906],[7.478291382491475,48.35884360111729],[7.4782907303142,48.358839120105195],[7.478273912705886,48.358729006604605],[7.478271472357681,48.35871305868754],[7.478264647493186,48.358666277526616],[7.478253145616694,48.358588403844585],[7.478235422780704,48.358458139085286],[7.478216422832578,48.35832557967721],[7.478204632065067,48.35824113859909],[7.478198889735715,48.35820071454323],[7.478194078003237,48.35816962711181],[7.478179739360264,48.35807591059091],[7.47816710055602,48.357986274983126],[7.478151952654464,48.35787988301986],[7.478144362141157,48.35781141336735],[7.47811279706602,48.35759642458545],[7.47807879322573,48.357370263812726],[7.478052680674968,48.35720499174246],[7.478001409605128,48.35703643620276],[7.4779483090554,48.35686227267733],[7.4779302793567,48.35680140706053],[7.477866351186545,48.35658584030956],[7.477798758787266,48.356616152745985],[7.477777016226224,48.35662598675578],[7.477756425437347,48.35663505627362],[7.477641612207876,48.3566856285161],[7.477595241318899,48.356707928833565],[7.477548012629965,48.35665348456746],[7.477697683558413,48.35658672482871],[7.477838098694293,48.35652400974719],[7.477838179912439,48.356523375876996],[7.477850468572793,48.356445412977784],[7.477827326480237,48.35638960691597],[7.477816436100723,48.356363345237455],[7.477796863577727,48.35631452311299],[7.477781570950919,48.35627626261151],[7.477771064933675,48.35625133809478],[7.477749406714138,48.35620025191161],[7.477735394222708,48.356165907982366],[7.477717078960882,48.35612073294595],[7.477674211838224,48.356014308199875],[7.477646410715861,48.35594507116667],[7.47765043865667,48.355944738546064],[7.477656218669058,48.355944339637475],[7.477740262762676,48.355964319165096],[7.477766659770098,48.35603135645665],[7.477768397718632,48.35603588651189],[7.477771127940524,48.35604254175882],[7.477787567551455,48.35608156989464],[7.477801106869718,48.35611512069753],[7.477845447448082,48.35622455352707],[7.477868177509363,48.35628028506566],[7.477877564171571,48.35630317930658],[7.477895014475311,48.35634613419812],[7.477930441916882,48.35643346586193],[7.477949956211612,48.3564419191377],[7.477991502605195,48.356459811782415],[7.478592240753003,48.356275686359425],[7.478701212990488,48.35624227557765],[7.478735840087724,48.35623132299748],[7.478789685206005,48.35621423629454],[7.47906089841121,48.35615531079801],[7.479123929327486,48.35614130062397],[7.479108287884891,48.356076740164575],[7.479087666954208,48.35599182216019],[7.479074261114381,48.35593763030979],[7.47905429418754,48.35585403925384],[7.479052603742383,48.35584689410841],[7.479050936257053,48.35584001843607],[7.479044373463587,48.355813773287544],[7.478951314801187,48.35543566221174],[7.478944698537677,48.35540878827888],[7.478739123212195,48.35495419298314],[7.478553702060208,48.3549995984794],[7.47854652383731,48.35500104160216],[7.478376903557284,48.355035125297086],[7.478240262829137,48.3550627341989],[7.478172342902951,48.355076478379296],[7.478243538482368,48.355253561850525],[7.478114567366132,48.355274392156666],[7.478022395640751,48.35528914399691],[7.477739487550601,48.35533454209141],[7.47745854753077,48.35539194030225],[7.477501622272063,48.355456364185656],[7.477569954961769,48.35555858145612],[7.477473809494453,48.35555843415458],[7.477381730035772,48.355579039382604],[7.477360368057228,48.35558381255847],[7.477339006074811,48.35558858573049],[7.477302921341431,48.3555967094112],[7.477298120765461,48.35558796974419],[7.477257665806613,48.35551461552469],[7.477233347570801,48.3554703884253],[7.477223680542612,48.35545372260307],[7.477222088009123,48.355450899203916],[7.477197991679652,48.35540927700658],[7.47715643113606,48.35533722617321],[7.47706265997256,48.35535384003737],[7.477061395274018,48.35535010309521],[7.477039579282371,48.35529397637658],[7.476800496052406,48.35532212462124],[7.476551016044549,48.35535679337721],[7.476552943246794,48.35536672312283],[7.476571641646526,48.355459283730454],[7.476586569818182,48.35553297291161],[7.476392147903755,48.355555285707204],[7.476391951323456,48.355667304678356],[7.476391996417205,48.3556757736758],[7.47639199297324,48.3556947878308],[7.476391819084326,48.355794370220245],[7.476391448724464,48.355867827017505],[7.476390450810567,48.35605935667746],[7.476390458459179,48.356059446502],[7.476514544158828,48.35604790446909],[7.476545666656565,48.35604501511719]]],[[[7.478687478446775,48.36747617601624],[7.479114943417912,48.36750127435657],[7.479143878706871,48.36750279279253],[7.479182993208205,48.36750473707738],[7.479181686050586,48.3675147891086],[7.479171521345637,48.36759546462441],[7.479158865138256,48.36768975139204],[7.47915740318745,48.36770116097682],[7.479346228037988,48.367791969184765],[7.479349323623985,48.36776481807694],[7.48004049616939,48.36781039261273],[7.480928336232392,48.367868974639414],[7.48104791422192,48.36787562227512],[7.481400566829411,48.36789561445897],[7.481400663339966,48.36789516023856],[7.481405007735225,48.36789535622726],[7.481409194640043,48.36783977800224],[7.48141363888301,48.3677856318464],[7.48146843086443,48.367784278483754],[7.481551727905284,48.36778256685837],[7.481615859698906,48.36778131040616],[7.481959061633333,48.36777453456649],[7.482093803459703,48.367771866014806],[7.482495243925719,48.367764505575664],[7.482494986549388,48.36776307350636],[7.482501599632852,48.367762913207834],[7.482493725251387,48.36772608463967],[7.482581789243609,48.36771842451819],[7.482907032106242,48.36769295156781],[7.482906667459057,48.36769026197253],[7.482910696265756,48.36768992917598],[7.4828951538212,48.36755210345365],[7.483015008207725,48.367542968759516],[7.483160945551501,48.367532035112085],[7.483305542458234,48.36752124216264],[7.483485539068976,48.36750847749222],[7.483485362834012,48.367506411555915],[7.48349033524951,48.36750604300007],[7.483476985893393,48.3673955287318],[7.483476556801329,48.367390498625554],[7.483512097251187,48.36738383583746],[7.483614685230099,48.36736571233193],[7.48370861053542,48.36734908832469],[7.483877587110346,48.36731970896943],[7.484078806196058,48.36729415438804],[7.484124167284481,48.367288471109305],[7.484171939492795,48.36728251625082],[7.484182003747841,48.36728159432812],[7.484464052090491,48.36724919240602],[7.484464068783815,48.367246218024526],[7.484466876655368,48.36724584131259],[7.48463529160449,48.36724000177748],[7.484639200891422,48.36723985367555],[7.484740476257461,48.36723646741747],[7.484755970935329,48.367235790278926],[7.484859896356987,48.36723176283727],[7.484908117489353,48.36722948532768],[7.484922803345359,48.367228838810945],[7.484993081663879,48.367226716832434],[7.484994968904886,48.367226645329254],[7.485027972626735,48.36722512454924],[7.485045616479244,48.36722427583102],[7.485066391458385,48.36722366893179],[7.485075565721565,48.367223411447966],[7.485103897328007,48.36722260834726],[7.485159270660157,48.36722014986128],[7.485177064642243,48.36721947566241],[7.48521076536464,48.36721819876327],[7.485270490706101,48.36721602589764],[7.485270374408241,48.36721783257745],[7.485455924471465,48.36721152284535],[7.485455859965835,48.36720918233399],[7.485456533980032,48.367209156794516],[7.485487014752571,48.367208182052664],[7.485494159302728,48.36720791133215],[7.485622687124673,48.36719583200101],[7.485866315986012,48.367172812519414],[7.485866415649284,48.36717398022083],[7.485943543875989,48.36716655172839],[7.485943451877551,48.36716547385021],[7.485943586680231,48.36716546874175],[7.486073185049654,48.36715325823084],[7.486073319852289,48.367153253122254],[7.486073396519853,48.36715415135397],[7.486085752361817,48.36715314242335],[7.486157742694078,48.367145728272156],[7.486185223889394,48.367142884523474],[7.486188174212658,48.36714259248515],[7.486260533793147,48.3671363357552],[7.486330201765687,48.36712864905624],[7.486333691297538,48.367128336578745],[7.486354590151606,48.36712601259582],[7.486378381195158,48.367124299906656],[7.486432141191366,48.367120370030435],[7.486424524302111,48.36702955371047],[7.486416915106461,48.366938827207015],[7.486416907439152,48.366938737383876],[7.486354532452405,48.36632048781811],[7.486318105654901,48.36632150792812],[7.486235276819048,48.366323926165066],[7.486236151072664,48.36637219402043],[7.486213982435691,48.36637231327344],[7.486195873151032,48.36637245890663],[7.486171074300666,48.36637186680867],[7.486124592349468,48.36637074474451],[7.486009762629735,48.36636266079185],[7.485989913076424,48.36636143052419],[7.485878761345601,48.36635365763098],[7.485813281481288,48.36635019151769],[7.485800787831525,48.366349583602094],[7.485447656548484,48.366390449726566],[7.485386189274902,48.36639755486445],[7.485288259184351,48.36641793659079],[7.485020865279309,48.36643500680255],[7.48480689204916,48.36644734907429],[7.484806757248209,48.36644735418145],[7.484636042419734,48.36645156903219],[7.484573501991922,48.366446098484246],[7.484481260745439,48.36643805843067],[7.484467523225939,48.366437137042354],[7.48435535131629,48.36642850023482],[7.484290415182617,48.36642348075032],[7.484261357721844,48.366420526396354],[7.484231214193391,48.366417523063944],[7.484171178656224,48.36641763457652],[7.484151540559788,48.366417297127995],[7.484129730321923,48.36641686173176],[7.484112753066804,48.36641759495892],[7.484108701375246,48.3664176583266],[7.484084526026637,48.366418033423386],[7.483990629324862,48.36641753513369],[7.483858603809728,48.366417129339986],[7.483724887185047,48.36641750836326],[7.483645328491196,48.36641862943761],[7.483625354957018,48.36641911562981],[7.483588057933095,48.3664194469484],[7.48354563080828,48.3664198824495],[7.483522638014507,48.3664198521866],[7.483492739720396,48.36641972301475],[7.483449287821654,48.36642082809041],[7.483243945863972,48.36642337869057],[7.483094491248757,48.36642633555141],[7.483039354506424,48.36642680164338],[7.483003540285178,48.36642707662135],[7.48299669607598,48.366427696275345],[7.482989979006312,48.36642822100041],[7.482778866795288,48.36644081169701],[7.482673574876713,48.3664462408197],[7.482634655645809,48.36644816519822],[7.482532718406098,48.36645328693158],[7.482519507889696,48.36645378717893],[7.482486354456932,48.36645513271883],[7.482446911328711,48.366457257100656],[7.482410553304423,48.366459084420505],[7.482381197280733,48.36646055647714],[7.482367828978857,48.36646079234161],[7.482264104053272,48.36646715301021],[7.482251209094128,48.3664681819599],[7.482240732896961,48.36646902920844],[7.482089879540085,48.366473029006926],[7.482047348197523,48.36647382836957],[7.481945924005624,48.36647703778488],[7.481908052497643,48.36647856179953],[7.481904547663526,48.3664786944999],[7.481891052213107,48.3664790252379],[7.481829925939562,48.36648061867476],[7.481707149494401,48.366484005515424],[7.481666535992612,48.3664850925845],[7.481664513972329,48.366485169138286],[7.481645529958681,48.36648615821269],[7.481510806719839,48.366489005904285],[7.481505699585214,48.36648937948078],[7.481499648840853,48.366489788780825],[7.481431767155938,48.36649145753491],[7.48135665980123,48.36649403058966],[7.481354772581557,48.366494102034935],[7.481332950070687,48.366495108403576],[7.481320390563805,48.366495313530606],[7.481244501973178,48.36649665450087],[7.481162069374627,48.36649896405863],[7.481161125764571,48.36649899977971],[7.48113812527937,48.366498879230605],[7.481097991261821,48.36649607307481],[7.481060845854359,48.366493424112335],[7.480979252799743,48.366488132233485],[7.480997899629322,48.36626745945642],[7.480946031928061,48.36626978332774],[7.48088486296135,48.366272459262895],[7.480771383581287,48.366277025151355],[7.480654880333962,48.366282606523036],[7.48059078400311,48.366285843677865],[7.480434888204299,48.36629255542258],[7.480394359050304,48.36629463011536],[7.480363250649047,48.366296168000105],[7.480282026898649,48.36629996313038],[7.480171612564962,48.36630558390696],[7.47998017510836,48.366314180887876],[7.479874282701655,48.36631890934151],[7.47980303416352,48.366322326628385],[7.479737177661363,48.366325539816835],[7.479677252401513,48.36632852851055],[7.479560352176106,48.36633421393357],[7.479483904597913,48.366336926637196],[7.479147532618884,48.36635073640054],[7.478348201962827,48.366383052030166],[7.478019632570904,48.366396383154616],[7.478018160545377,48.36643942285906],[7.478016772053439,48.36647074468043],[7.47801637004605,48.366480311891806],[7.477968546054445,48.3664824814764],[7.477833439416038,48.36648876378636],[7.477501572774156,48.36650149726472],[7.477514292049787,48.366573016612094],[7.477583102587888,48.36696006330195],[7.477535043861402,48.36696107010119],[7.477533506019259,48.367017629231775],[7.477532470377816,48.367057858880145],[7.477531307583628,48.3670981834499],[7.477522146670209,48.36737481690555],[7.477520933332504,48.36739549871052],[7.477519760036365,48.367413475606135],[7.477619221909207,48.367417373110804],[7.477862016502317,48.36742738323681],[7.478535751104308,48.36746677736605],[7.478687478446775,48.36747617601624]]],[[[7.478460898949419,48.363929867730974],[7.47872780162677,48.36396113128954],[7.479099080619219,48.363955643378],[7.479182042531605,48.363950070988295],[7.479196022948962,48.36394909138821],[7.479213103652882,48.36394799446796],[7.479266502481592,48.363944622078634],[7.479289903241524,48.36394310575877],[7.479403432969527,48.36393601601205],[7.479485886258823,48.36393082310891],[7.479518175822041,48.36392888024615],[7.479520594477147,48.36392869860157],[7.479648208718068,48.36392026458377],[7.479647641303449,48.363937407626274],[7.479646584680275,48.363969437912964],[7.479646037229903,48.36398522849651],[7.479644439462238,48.364028363223596],[7.479643197760984,48.364053461771846],[7.479641652537943,48.36408451929785],[7.479639927931736,48.36411981894656],[7.479635620388211,48.3642041479762],[7.480045579202454,48.36421296320052],[7.480267853809803,48.364218788273654],[7.480301054849938,48.36421960422408],[7.480352552842896,48.36422089909165],[7.480415427271873,48.36422239412104],[7.480698183894289,48.36422385644807],[7.480814259709155,48.36422441875593],[7.480854304709339,48.36422461502238],[7.480903935514942,48.364224628629415],[7.480979300011962,48.36422510986304],[7.480991881951261,48.3642251742429],[7.48104574502596,48.36422565836869],[7.481043087111863,48.36424999954353],[7.481041172190834,48.36426719361736],[7.480986052039108,48.364686596197465],[7.481003929453028,48.36468691068428],[7.481236043285384,48.36469073950268],[7.481265551517501,48.36469106420076],[7.481276650803838,48.364691184684865],[7.481464883736039,48.36469424122899],[7.481564515390182,48.36469542541104],[7.481665502675382,48.364696648297],[7.481653956040189,48.36480864609811],[7.481642294485781,48.36490343654346],[7.481851319164912,48.3649108417789],[7.482067662821482,48.364923196107085],[7.482071198189973,48.364923422696094],[7.482148833847417,48.36492832290797],[7.4822725564671,48.36493607372828],[7.482327616643828,48.3649394857189],[7.482409738961734,48.36494466643415],[7.482550322076404,48.36495349066044],[7.482643724544845,48.36495932541389],[7.482811235101085,48.36496992312586],[7.483009343274723,48.364982515776],[7.483062508723263,48.36498590907318],[7.483206492638393,48.36499496418522],[7.483312553998127,48.36500176078967],[7.483458043757017,48.36501102890634],[7.483513516143336,48.36501451485231],[7.483719377067583,48.36502762370155],[7.483736102736586,48.36502870231718],[7.483757180236202,48.3650300666568],[7.483784277645682,48.36503066228197],[7.483818684766773,48.36503134146883],[7.484022574024129,48.36503560322284],[7.484031786225719,48.365035794936645],[7.484115647287995,48.36503757440747],[7.484284313011352,48.365041097425085],[7.48444864991341,48.36504460397205],[7.484515981420583,48.365046018125135],[7.484583447728763,48.36504742713306],[7.48484587614894,48.365053074207125],[7.485076720549726,48.365057844807346],[7.48494403867468,48.364396750768194],[7.484831440729213,48.3640058678015],[7.484772469700069,48.363801290828256],[7.484623217613157,48.36356562073662],[7.484469121559198,48.36332229407866],[7.484093931845638,48.36287927023236],[7.483827787762881,48.36291395343263],[7.483822442056886,48.362914696616485],[7.483817215818166,48.362915255046836],[7.483670455438604,48.36293541281911],[7.483661485666455,48.362936473501605],[7.483612908593543,48.362942458808504],[7.483465778873506,48.362961458831506],[7.483381584545063,48.36297158667248],[7.483306955883699,48.362982884073055],[7.48323881397983,48.362990961977296],[7.483117164288929,48.363007464538384],[7.483047315989732,48.36301614764245],[7.482995257154964,48.3630225349011],[7.482842214542108,48.36304356035154],[7.482774576452522,48.36305279038118],[7.482774037282716,48.36305281080062],[7.482774568791994,48.363052700557525],[7.482752597963827,48.362994868562794],[7.482530811392943,48.36236201809184],[7.4823863974834,48.361949809486084],[7.482283510177114,48.361962717118686],[7.481786903436182,48.362019099353624],[7.481773119559604,48.3619732126708],[7.481565717910605,48.36129160494478],[7.481552110555558,48.36124778416018],[7.481513653099136,48.361250321634586],[7.481470493376227,48.36125321736275],[7.481287013185089,48.36126611171459],[7.481073127445597,48.36128240974882],[7.480725141081575,48.3613071181854],[7.480533700357824,48.361320222595644],[7.480473063990008,48.36132432020391],[7.480354629436062,48.36133249800688],[7.480333011552228,48.36126131542347],[7.480304015076971,48.361152744586384],[7.480303819040881,48.36115203109685],[7.480297671405653,48.36113225854783],[7.48029455779946,48.36112111218675],[7.480284310350607,48.36108338196082],[7.480279528938694,48.36106535997064],[7.480277952999392,48.361059562229705],[7.480251959917375,48.36096718827654],[7.479961310234593,48.36099666296551],[7.479561255328429,48.361037126205304],[7.479496250762021,48.361043911827814],[7.479495363166948,48.36106205827381],[7.479311915092006,48.36108008484078],[7.479160601648108,48.36109437187353],[7.479132965482203,48.36109694963463],[7.479088954086881,48.361100958089054],[7.479006361058689,48.36110922004589],[7.478969216170174,48.361112878501935],[7.478825138139804,48.36112797266559],[7.478274188440594,48.36113845624961],[7.47813474287209,48.361139677024056],[7.478109476297177,48.36113991205189],[7.477949022041685,48.36114372971878],[7.477866242380959,48.36127202922955],[7.477765069242467,48.3614288695889],[7.477689335409884,48.3615446469229],[7.47765702829672,48.361593989734274],[7.477539644148275,48.36194311453544],[7.477526510437153,48.36210960044893],[7.477599736892542,48.3626596766619],[7.477556105591224,48.36277928568609],[7.477538726007953,48.36282608121102],[7.47750918781469,48.362907940226926],[7.477452965397945,48.363063890612345],[7.477355990579044,48.36333357364963],[7.477339873753759,48.3633872600798],[7.477339334578416,48.36338728047451],[7.47726195094148,48.3637694947951],[7.477365582105019,48.363784318505324],[7.477471790882108,48.363804000861066],[7.477577365800827,48.36382100369977],[7.47769209919281,48.363837569883465],[7.477866154231543,48.36385838000999],[7.478367601724269,48.36391888931506],[7.478460898949419,48.363929867730974]]]]}}]}
