{"type": "FeatureCollection","name": "aoc_geojson","features": [{"type":"Feature","properties":{"dt":"Pau","type_prod":"Vins","categorie":"Vin tranquille","type_denom":"appellation","signe":"AOC","id_app":9,"app":"Béarn","id_denom":61,"denom":"Béarn","insee":"64556","cvi":"1B101S, 1R101S, 1S101S","nomcom":"VIELLESEGURE","insee2011":"64556","nomcom2011":"VIELLESEGURE","id_aire":75,"crinao":null,"grp_name1":null,"grp_name2":null},"geometry":{"type":"MultiPolygon","coordinates":[[[[-0.733528258920134,43.353069262456415],[-0.733507109143851,43.35315230843637],[-0.733454993091149,43.353290730382874],[-0.73338475337747,43.35346751361738],[-0.733343403044523,43.353591154056325],[-0.733285949481101,43.35380144876454],[-0.733226771900705,43.35406701037193],[-0.733204714582067,43.354158913639324],[-0.732963947871738,43.35417452086657],[-0.732854193398175,43.354173986950144],[-0.732711542860581,43.35417242706192],[-0.732653615267083,43.35416794236228],[-0.732603712745038,43.354155885670274],[-0.732562020909081,43.35414102382136],[-0.732485261190008,43.35410305600286],[-0.732427352560708,43.35406840011204],[-0.732317908207591,43.35400220052731],[-0.732151839665876,43.35390211103579],[-0.732000955750038,43.35380969277232],[-0.731886021696966,43.35374827537729],[-0.731773752076796,43.35369559188279],[-0.731673258555339,43.35365321911599],[-0.731567053100176,43.35362554318475],[-0.731561522063408,43.35356305169715],[-0.731546826083836,43.35350006595087],[-0.731552361175503,43.35344836011933],[-0.731564090673825,43.35341796506189],[-0.731594258234342,43.35338261077001],[-0.73162405626068,43.35336059822946],[-0.731650402079389,43.35334816121111],[-0.731742390956777,43.35332787494065],[-0.731813555448093,43.35331190973786],[-0.731895532264907,43.35329710234876],[-0.732013885827617,43.35327419473885],[-0.732078106808033,43.3532596398032],[-0.732133961584636,43.353241681100364],[-0.732211190514155,43.35320884504666],[-0.732266069097283,43.35317011590474],[-0.732306606483974,43.353113869582764],[-0.732356832629912,43.35302621780554],[-0.732268999515542,43.353024926684746],[-0.732261763636017,43.352795251067],[-0.732271636389469,43.352488703414444],[-0.732234891041348,43.35240162209895],[-0.732212197997318,43.35233522002755],[-0.732211172668416,43.35227941771187],[-0.732230878311078,43.35210933313971],[-0.732282895003906,43.35187986393691],[-0.732309520234508,43.35184319074588],[-0.73241424490259,43.351749064670095],[-0.732495212850337,43.351674941525786],[-0.732536857347063,43.35163198591652],[-0.732587516608743,43.3515834055046],[-0.732649943813859,43.351535499548255],[-0.732707224210481,43.351497677920506],[-0.732770752835181,43.3514515350832],[-0.732913718178988,43.35162176767367],[-0.732992165637947,43.35171056110529],[-0.73304689550786,43.351783782281935],[-0.733091081122979,43.35184665024794],[-0.733194185179512,43.352007361447384],[-0.733285418187005,43.352190547375834],[-0.733375098017659,43.35235928709847],[-0.733429398867251,43.35246584549961],[-0.733462172603658,43.35253352039627],[-0.733485576392803,43.352643217023676],[-0.733534332856922,43.352772752264976],[-0.733573316359018,43.35286957259872],[-0.733576543648729,43.352892696882144],[-0.733528258920134,43.353069262456415]]],[[[-0.731822789754542,43.35046098759761],[-0.731902932069638,43.350541707730045],[-0.732064526107957,43.35070049089808],[-0.731618728610412,43.35122174838882],[-0.731684134424817,43.351267403362016],[-0.73179567871349,43.351318490627065],[-0.731896190716241,43.351363113948075],[-0.731834538468765,43.351434408492686],[-0.731737288148514,43.35155817617374],[-0.731535634245417,43.35180199546074],[-0.731343570143655,43.35172342620664],[-0.731059471350961,43.35159201474694],[-0.730766452295066,43.35145433595736],[-0.730662454135144,43.35140541891985],[-0.730757160554846,43.35132235742809],[-0.730894154310553,43.35120244286216],[-0.730979909200568,43.35112599429056],[-0.731077011678117,43.351045641705966],[-0.731117247287529,43.35100759857768],[-0.731189874914743,43.35093997846613],[-0.731246041780683,43.35088877702828],[-0.731317179819927,43.35082102811004],[-0.731507525585736,43.35063127574444],[-0.731660600496287,43.35048342672896],[-0.731697643762143,43.350449456221334],[-0.731722682844957,43.35043211093002],[-0.731746564586395,43.3504197589136],[-0.731759922333325,43.35041830721628],[-0.731780471861679,43.35042309166611],[-0.731791786203379,43.350428194859525],[-0.731822789754542,43.35046098759761]]],[[[-0.731063200979719,43.349786890595574],[-0.731262858440667,43.34994084885625],[-0.731328170915346,43.34999461261638],[-0.731456548138071,43.35010744112635],[-0.731589467698348,43.35022560644218],[-0.731709030124311,43.35033189431906],[-0.731580901703949,43.35046096037225],[-0.731448982906909,43.35059438992784],[-0.731219539219895,43.35080926743064],[-0.731183416490816,43.35077746171794],[-0.731059193253651,43.350669712967154],[-0.730910492495381,43.350544166176846],[-0.730857241919105,43.35050133356855],[-0.730813464630725,43.35041233320697],[-0.730786310875347,43.350360854878645],[-0.730757367484161,43.35031223017711],[-0.730679559094681,43.35019702560028],[-0.730544351240111,43.350275900682476],[-0.730332050726397,43.350151556906454],[-0.730138759203553,43.350042497679034],[-0.730009858592866,43.3499634584627],[-0.729990105947712,43.349948109115324],[-0.729921313404293,43.349903470700596],[-0.729885688521431,43.34987552004913],[-0.729790549909991,43.349797567422634],[-0.729710930514707,43.34972295198516],[-0.729630561410702,43.34963485328709],[-0.729582836749302,43.3495782303933],[-0.729564686003949,43.34956093445435],[-0.72945684831291,43.349458382819236],[-0.729435770711718,43.34947973370244],[-0.7293836530348,43.34975351404496],[-0.729312967227924,43.350119796568784],[-0.729278115918325,43.35029814767669],[-0.728915633891455,43.35005956084617],[-0.728454425056775,43.349752329118445],[-0.728138526792533,43.3495412231265],[-0.727967247552062,43.349430860911305],[-0.727775469600252,43.34929932053931],[-0.72794695464173,43.349153634262265],[-0.728054194654006,43.34906401902704],[-0.728221715814999,43.348927655127156],[-0.728420927542151,43.34876804328658],[-0.728605937402863,43.348619728070645],[-0.728710375459577,43.34853642294565],[-0.728864485036384,43.34861225247044],[-0.728955626175552,43.34865711131436],[-0.729103003653721,43.348724256732396],[-0.729176385612725,43.34875594868443],[-0.729327391411836,43.348814322874],[-0.729501471156263,43.34888216784363],[-0.729524972402358,43.34889252468167],[-0.729618234134918,43.34894343397216],[-0.729842066444659,43.34907062319138],[-0.730026463019581,43.349171974218216],[-0.730225943013826,43.349281360323374],[-0.730420282137,43.349389482499674],[-0.730640781111617,43.349505167428205],[-0.730687994120688,43.34952911556197],[-0.730762568292573,43.349573463924024],[-0.730892230292103,43.34965472746697],[-0.731063200979719,43.349786890595574]]],[[[-0.729629878722843,43.352230783129365],[-0.729568746407611,43.35227395943671],[-0.729465631566575,43.35233776669094],[-0.729412235396705,43.3523765332809],[-0.729345906673471,43.35242141971793],[-0.729255824608707,43.35247685191406],[-0.729202805253405,43.35251191291178],[-0.729174567751409,43.352531349235],[-0.729030045369842,43.35262468307735],[-0.728844361041855,43.3527494264291],[-0.728734526227157,43.35282193039828],[-0.72862783350383,43.35288387886248],[-0.728527013284671,43.352927882766195],[-0.728464563398549,43.352952641416536],[-0.728371698565992,43.35298799520934],[-0.728297511263743,43.35300874550786],[-0.72820316653662,43.35303649502302],[-0.727934038557339,43.35296282828695],[-0.72774895093036,43.352911930880644],[-0.727717585784174,43.35276297122666],[-0.728041946188583,43.35272711169471],[-0.728863230564655,43.35209556583644],[-0.729082480315519,43.351926976090645],[-0.729353303723464,43.351725806326414],[-0.730103105859262,43.3511685844311],[-0.730361520299069,43.35133222544868],[-0.730510803070488,43.35120387201797],[-0.730702455008847,43.35127993514281],[-0.730563318117074,43.35140487673319],[-0.730468725078814,43.35149540916982],[-0.730291172117218,43.35165031509175],[-0.730111056931215,43.35181521577324],[-0.72994883309457,43.35196292778966],[-0.72975587851742,43.352131603008004],[-0.72975296882829,43.352134315135984],[-0.729733510444713,43.352152097870224],[-0.729629878722843,43.352230783129365]]],[[[-0.728568547321781,43.34858355238297],[-0.728305501967657,43.34877886816342],[-0.728108190196083,43.34893733354349],[-0.727858785261162,43.34914514653733],[-0.727766687317141,43.349228475640956],[-0.727322488271491,43.34908087058223],[-0.727182505106823,43.348981136205516],[-0.727058841798529,43.34888948489343],[-0.727175495987828,43.348806120458946],[-0.727253037069076,43.3487533738585],[-0.727447463173713,43.34861131051909],[-0.727612653659469,43.34848088188398],[-0.727820556487381,43.348318269756106],[-0.728057592629545,43.34813294812867],[-0.728274798442646,43.3482722567361],[-0.728515729168448,43.34842155404462],[-0.728667521194627,43.34851115292066],[-0.728568547321781,43.34858355238297]]],[[[-0.724081142841934,43.345143824644936],[-0.724282545558068,43.34528143308351],[-0.724499497303093,43.34543048350685],[-0.724735027967926,43.3455729495179],[-0.724968680147604,43.345711156914156],[-0.725020830702247,43.345744753683256],[-0.725088098921293,43.345794580710134],[-0.725221193619325,43.345904371053145],[-0.725393163324803,43.346052358073145],[-0.725526339547352,43.34616529739506],[-0.725729645653766,43.34633030621815],[-0.725927830124556,43.34649242918099],[-0.726228893411048,43.34673593285041],[-0.726491152896978,43.34695375524032],[-0.726725671975588,43.34714524506486],[-0.726954409346099,43.347340806354616],[-0.727046614030463,43.34741931249681],[-0.727162710889491,43.34751041390885],[-0.727360370363255,43.34764904704846],[-0.727137756871738,43.347914203618274],[-0.726923399107146,43.348163945011535],[-0.72669033464491,43.34843738617851],[-0.726395639454324,43.348096038345496],[-0.726026082978194,43.3476733337757],[-0.725612428748489,43.34718694431718],[-0.725484664847517,43.347047070580565],[-0.725334486301655,43.347024236629316],[-0.725088061652038,43.34698436503053],[-0.724819500580734,43.346939941982605],[-0.724399196755644,43.34688282367214],[-0.723197002892599,43.34609838048439],[-0.723131431805679,43.346046152313335],[-0.722956032348963,43.34591755281838],[-0.722775372806205,43.345782019473],[-0.722599303502963,43.345648759434006],[-0.722486004281062,43.34556449191397],[-0.722836661789376,43.34534618081816],[-0.723075719003215,43.3451997069107],[-0.723425006064245,43.34498126088955],[-0.723676025189752,43.344827078775104],[-0.723696448126402,43.34484330660871],[-0.723832777377695,43.34494785359456],[-0.724081142841934,43.345143824644936]]],[[[-0.722288126843531,43.3501032129548],[-0.722376062621612,43.35015962528392],[-0.722565210280559,43.35028117880649],[-0.722766813096873,43.35041211975597],[-0.72270848252306,43.350422323585846],[-0.722749436150473,43.35067209139669],[-0.722761832497993,43.35075884285687],[-0.722764990727782,43.35081150939717],[-0.72277630404752,43.35102276137644],[-0.722659431236345,43.35103227898264],[-0.721545267437916,43.351127731435575],[-0.721289795176829,43.351148592317685],[-0.721223508595541,43.35094022299722],[-0.72115969353821,43.35071852978949],[-0.721133825279551,43.350640977706504],[-0.721044158011116,43.35042026428309],[-0.720989699892922,43.35029560402534],[-0.720931565189138,43.35018088683308],[-0.720891282538994,43.35009797689485],[-0.720852313680496,43.35002393768384],[-0.720752225249077,43.34984627127436],[-0.720656871024711,43.34967501628662],[-0.720502593023936,43.34939780693147],[-0.720411039535437,43.34924524358537],[-0.720310558244023,43.349090105473174],[-0.720303154271343,43.349078652440674],[-0.720256562966099,43.34900694678006],[-0.720356211753654,43.348786293392294],[-0.720433462449438,43.34861054001525],[-0.720541859189709,43.348341943758236],[-0.720627035451385,43.348120797517296],[-0.720745165303483,43.34782142590899],[-0.720823008516716,43.347631962804435],[-0.720951996675875,43.34730204727134],[-0.721892246944809,43.34743053073556],[-0.721946924019074,43.3477132379068],[-0.721969066784076,43.34780379643881],[-0.721986119457699,43.34791488375381],[-0.722026329428198,43.3481837695099],[-0.722040806986582,43.34828747052524],[-0.722123681883765,43.34886892690233],[-0.722112529034819,43.348870121387236],[-0.722104520755571,43.34887796212031],[-0.721879776940615,43.34900367745908],[-0.721627083017532,43.34914566458876],[-0.721776441394522,43.349497521465075],[-0.721931470485217,43.349870257149725],[-0.722288126843531,43.3501032129548]]],[[[-0.720908401996694,43.36187126194944],[-0.720895913870431,43.3618747536978],[-0.720736547191909,43.36192040404233],[-0.720570415809014,43.36196070310457],[-0.720565811174591,43.36196203231282],[-0.720523682449583,43.361938534839716],[-0.720448502502875,43.361911671368716],[-0.72026938118127,43.36185983431732],[-0.720107769837509,43.3618115374438],[-0.7200323894655,43.36177774591093],[-0.719919557298692,43.3617259695907],[-0.719706507856629,43.36163233971225],[-0.719569404876444,43.36156788875549],[-0.719420024311486,43.361508272885565],[-0.719356340403912,43.36149884534114],[-0.71929867228646,43.36150037839597],[-0.719240754098845,43.36150759384748],[-0.719157879958561,43.361508732854645],[-0.719023060497464,43.36147770530312],[-0.718952481449954,43.36145707693447],[-0.719060132834798,43.36128919412748],[-0.719131725353053,43.36117838896631],[-0.719251515853442,43.36099207634736],[-0.719348871549771,43.360844450761086],[-0.719410155362418,43.36074795937388],[-0.71960073926018,43.36073464974138],[-0.719960622335014,43.3607110131533],[-0.720001470669971,43.360735725619094],[-0.720124496615634,43.36081921270727],[-0.72029038392081,43.360926081940605],[-0.720519062149237,43.36108203530011],[-0.7206970296084,43.36120199749891],[-0.720843895739295,43.36129718208687],[-0.720877672916731,43.361561969551104],[-0.720900958106917,43.361780916847074],[-0.720908401996694,43.36187126194944]]],[[[-0.719952020053156,43.349385590230845],[-0.71990222610628,43.349487810310485],[-0.719722172244964,43.34960432832671],[-0.719700954496176,43.34961019169826],[-0.719465936603099,43.34963619866447],[-0.719137980014358,43.34967539867756],[-0.719041449861444,43.34968457293824],[-0.71882371042498,43.34972016093774],[-0.718582734919444,43.34982400251232],[-0.718644242213523,43.34994707040201],[-0.718667151145157,43.34999032179995],[-0.71872685900974,43.3500778778819],[-0.718882678037167,43.35030262177827],[-0.718950166895602,43.35039981675071],[-0.718920175295987,43.35041696905698],[-0.718734931696339,43.35051817353124],[-0.71833158814867,43.350739273097844],[-0.71834302529384,43.35076922998708],[-0.718285469267541,43.35080291041026],[-0.718232582155375,43.35085156031827],[-0.71810597271422,43.35088230173016],[-0.717985955206296,43.35091957081507],[-0.717724020534038,43.35098369413438],[-0.717560359436473,43.35102165281689],[-0.717422232849553,43.35106134508602],[-0.717204533147893,43.35113205165719],[-0.716977533707645,43.35120208681179],[-0.716918466953265,43.351214294089466],[-0.716877040659119,43.35122256271361],[-0.71678643295483,43.351235583978905],[-0.716883050758861,43.35094668272977],[-0.716811982802485,43.350723255540046],[-0.71671698686091,43.350440761075774],[-0.71661505109618,43.350131036922186],[-0.716561870009584,43.35012160747755],[-0.716315718339164,43.34967112356653],[-0.716920816438404,43.349509019904225],[-0.716965903079577,43.349513503949794],[-0.716980834365831,43.34949245701115],[-0.718217933760747,43.3491493014018],[-0.718245138039283,43.34915205831315],[-0.718287969347242,43.34914455134047],[-0.718365507523895,43.34910883280343],[-0.718440916806262,43.349064991977635],[-0.7185020205095,43.34901939160046],[-0.718543294499194,43.34898203821047],[-0.718569916077804,43.348935642397784],[-0.718920218010711,43.349022749888256],[-0.719341907903872,43.348121064858546],[-0.719551698168957,43.34816311052216],[-0.719681260876297,43.34818774252054],[-0.720391167793819,43.34676405700986],[-0.720853977693268,43.34694626194089],[-0.720915203856943,43.34696946163581],[-0.7208449770951,43.347169830055165],[-0.720746871252498,43.34743338923902],[-0.720551841198949,43.3479329984772],[-0.72040357756981,43.348325628114026],[-0.720276084530692,43.34866539821017],[-0.720197221314784,43.348867774627266],[-0.720106579480812,43.34907695052198],[-0.720059886728747,43.349171769110406],[-0.720056599081873,43.34917818642305],[-0.719952020053156,43.349385590230845]]],[[[-0.720983502840275,43.36480736727347],[-0.7208810596846,43.36483430776874],[-0.720729490636563,43.364889956605296],[-0.720657892251761,43.36476768527388],[-0.720427802808209,43.36477731197574],[-0.720330325142478,43.36477985470707],[-0.719459219341619,43.36476676811878],[-0.718751211602867,43.3647560818809],[-0.717424038687609,43.36473605475692],[-0.717398380503698,43.36467515495173],[-0.717449661855177,43.36461863524114],[-0.71758541066759,43.36445942455251],[-0.717727474434021,43.364292881795194],[-0.717821187064569,43.36418618034188],[-0.717845316677856,43.36419282588283],[-0.717846091790816,43.36419144832365],[-0.71785021882234,43.36419418839443],[-0.719186966444963,43.36434158699321],[-0.719701344870657,43.364377933019725],[-0.719749280062462,43.36440339265692],[-0.719789271219663,43.36442435228033],[-0.719834873696998,43.36443854443386],[-0.719889222261494,43.364450544457014],[-0.719952264651857,43.364459543585326],[-0.720005230615966,43.36446924952311],[-0.720110817251371,43.36449668862927],[-0.720154893256156,43.36450444876914],[-0.720263650490529,43.364508362805196],[-0.720305963013903,43.36450411537225],[-0.720374437274777,43.36443862706823],[-0.720389732454315,43.36442125949423],[-0.720407160177592,43.364389138612104],[-0.720504401918768,43.36416712523619],[-0.720525575993633,43.364118484352886],[-0.720535091223067,43.36411482475046],[-0.720649213372075,43.36412918100614],[-0.720806078430136,43.364163140867014],[-0.721056091674193,43.364223075362375],[-0.721079025266412,43.36420166230555],[-0.721192976026442,43.364096873148476],[-0.721295983140503,43.36400038580128],[-0.721410842993553,43.36388484785981],[-0.723597606086856,43.36390062972945],[-0.723663111245685,43.36393052614466],[-0.723937109779538,43.364048258015806],[-0.723979747914276,43.36406813431046],[-0.724060838440982,43.364155763418296],[-0.724259781974376,43.364361186885525],[-0.724404096574954,43.364512113055305],[-0.724266626084981,43.36464824649854],[-0.724078450056824,43.364828724766994],[-0.724031037175976,43.36488007120766],[-0.723994057561473,43.36487134777011],[-0.723935040448118,43.364867345842335],[-0.723890002998073,43.36486763576736],[-0.723787349006089,43.36487603370559],[-0.723751085975889,43.36485548749317],[-0.723673129010453,43.36481440190467],[-0.723539883403201,43.36475252443188],[-0.723457558020525,43.36472023497957],[-0.723347824616427,43.36468978968854],[-0.723207390131751,43.36465607829758],[-0.723009888877371,43.36462370083867],[-0.722853647913272,43.364610886959845],[-0.722769345944252,43.364609105716994],[-0.722655112162962,43.36461213728396],[-0.722480446589415,43.36463318963336],[-0.722201405063029,43.364668461313556],[-0.721902867932879,43.36470386283308],[-0.721589557351798,43.364737970676615],[-0.721045573537725,43.36479559511156],[-0.720983502840275,43.36480736727347]]],[[[-0.719975673323604,43.34953013321111],[-0.720011238840395,43.3494789262741],[-0.720181117376925,43.349227848036364],[-0.720218956000539,43.349251943004724],[-0.720263080039646,43.349285458107715],[-0.720293498427966,43.3493417796607],[-0.720412902206859,43.34954147683526],[-0.720524844651561,43.3497288222832],[-0.72064393707681,43.34995041461856],[-0.720738485432724,43.350126380522276],[-0.72080604857305,43.35025905553303],[-0.720924298160627,43.35050958601596],[-0.720997366874258,43.35067206152288],[-0.720633696112835,43.35085001676131],[-0.720099169039562,43.3511112109103],[-0.719735247820318,43.3506301121411],[-0.719747724787891,43.35061311185427],[-0.719857211587359,43.3504644385619],[-0.7198898203813,43.35040756953294],[-0.719909114742879,43.35036619859379],[-0.719919527057646,43.35032297179381],[-0.719926950224658,43.35025066838879],[-0.719933914246286,43.35011777039739],[-0.719930513665898,43.350026926789916],[-0.719923247246536,43.349966026050566],[-0.719894625750479,43.349815259680085],[-0.719895961213605,43.349727045012656],[-0.719914325614273,43.34966364138698],[-0.719975673323604,43.34953013321111]]],[[[-0.71804824791499,43.36099904951875],[-0.717993896541618,43.36099650519202],[-0.717934712937534,43.360993676667256],[-0.717935705343152,43.36095743817027],[-0.717935706634707,43.36095554685242],[-0.717851851870477,43.36095104477928],[-0.717761065376219,43.36094624058016],[-0.717601268783396,43.3608839183733],[-0.717563557148768,43.36093835054397],[-0.71751201778094,43.36102522956649],[-0.717422010374713,43.36099617199177],[-0.717247120798103,43.36093905124375],[-0.717127180924517,43.36090138583707],[-0.717084742123101,43.36088834480559],[-0.717005414677035,43.36085072429449],[-0.717050396611757,43.36078271347786],[-0.717073797387125,43.36074750600285],[-0.717224750059018,43.360521849022085],[-0.717260803974407,43.360464682093195],[-0.717453683765373,43.3601581501542],[-0.717625004894175,43.359892435958564],[-0.719073880863844,43.360491233854084],[-0.718988775219183,43.36060493530042],[-0.718755171220517,43.36091341109098],[-0.718592015106472,43.3611277821834],[-0.718455574908142,43.36131052371222],[-0.71834510135184,43.361278027795905],[-0.718194910412497,43.36124023286405],[-0.718165987128444,43.36123005978573],[-0.718030286736519,43.36118537211238],[-0.718035437489082,43.36113133875076],[-0.71804824791499,43.36099904951875]]],[[[-0.717225943695024,43.35974125323898],[-0.717078065408017,43.3599762608389],[-0.71693683543108,43.36019572943572],[-0.716780837103964,43.36044074226294],[-0.716637172019206,43.36065885319257],[-0.71650174100182,43.36059344052694],[-0.716393075832869,43.36054493985813],[-0.716278144055019,43.36049305201948],[-0.716115982663259,43.36042846743234],[-0.715886473447209,43.360347374163275],[-0.716124262933969,43.36000219676259],[-0.716347397885907,43.35967670533141],[-0.717225943695024,43.35974125323898]]],[[[-0.713836802211759,43.359716394216264],[-0.714009534590088,43.35977845752535],[-0.7142223675512,43.3598498604585],[-0.714518131699502,43.35995164670656],[-0.7147971748236,43.360048693019515],[-0.715061967111835,43.36013911345119],[-0.71510267489446,43.36015212464128],[-0.715385607166176,43.36024246149697],[-0.715527571381414,43.36028864824342],[-0.715833118359183,43.360379377770236],[-0.71473544551121,43.36126320725102],[-0.714289813887276,43.36099095084627],[-0.714034743543845,43.361141196209644],[-0.713991509303821,43.36109476887621],[-0.71391445782508,43.36101203777355],[-0.71378097398905,43.36085622429664],[-0.713703537619695,43.36076368971426],[-0.71360160138025,43.360652993680034],[-0.713467087669099,43.36051180506198],[-0.713197779679091,43.36022313284772],[-0.713086756320364,43.36010356230815],[-0.713190436366217,43.36000210676562],[-0.713385236301885,43.35981880951461],[-0.713543367800444,43.35966982323699],[-0.713643923339105,43.359673034565255],[-0.713722872899082,43.35968572364197],[-0.713836802211759,43.359716394216264]]],[[[-0.712849935617091,43.360027667171586],[-0.712800726301644,43.359997655462045],[-0.712794817651755,43.359994075791306],[-0.712732559532048,43.35995694699286],[-0.712580008666045,43.359870953262956],[-0.712432333680019,43.359797400388715],[-0.712230605022987,43.35970291765085],[-0.71205305011763,43.35963111049343],[-0.711656019405926,43.35947668602269],[-0.711483039864816,43.359412646248146],[-0.711553746293541,43.35935492253992],[-0.711711832842434,43.3592300767829],[-0.71185583241664,43.35911264895137],[-0.712033892325527,43.35897216712521],[-0.712136244701338,43.35888841004452],[-0.712138223811983,43.3588923047548],[-0.712196153174985,43.358981006782216],[-0.712300568125937,43.3591244906915],[-0.712341142135809,43.35917947551791],[-0.713518592688284,43.35962825560639],[-0.713501030546314,43.359633451763216],[-0.713444084535908,43.359690163928626],[-0.713362369411578,43.35976663926285],[-0.713357598173627,43.359771125994385],[-0.713349408927499,43.359766634002575],[-0.713215954243215,43.359693494479984],[-0.713066821028955,43.359830823691276],[-0.712849935617091,43.360027667171586]]],[[[-0.707800042290009,43.347579975045825],[-0.707903925738151,43.34753363432395],[-0.70806529762828,43.34746019535822],[-0.708196314842249,43.34740788043762],[-0.708324930606892,43.347366184644905],[-0.708433732425233,43.34734065849298],[-0.709471411380489,43.34783271856746],[-0.709829694109306,43.34808619063934],[-0.709952735218331,43.3481360944027],[-0.710013589994741,43.348165076721486],[-0.71010921336009,43.348216551544176],[-0.710186720544617,43.34826648653336],[-0.710375925839688,43.34839328155749],[-0.710511846759212,43.34849749884375],[-0.710572046165827,43.34855460190193],[-0.710704758702935,43.348668385330136],[-0.710828744503132,43.348763555656205],[-0.710985912342968,43.34887956147632],[-0.711252540147387,43.348765760710855],[-0.711406672282314,43.34869679796442],[-0.711543635134366,43.34882862655761],[-0.71158990309097,43.34888017336038],[-0.711737876578319,43.34906601971424],[-0.711823911478633,43.34918311546799],[-0.711855476288988,43.3492324651641],[-0.711871865446712,43.349268466678865],[-0.711901923103472,43.349348038048774],[-0.711928890394805,43.349450500574534],[-0.711962262703929,43.349602546139394],[-0.711964542708231,43.349611113580266],[-0.711976007947597,43.34965304795061],[-0.711985890277786,43.34967234165849],[-0.711587288936252,43.349877311911044],[-0.71163730948505,43.34999663484868],[-0.71175155941613,43.35024893228921],[-0.711648132159789,43.35028706565791],[-0.711593641250876,43.35031091073842],[-0.711500191962854,43.350358337816246],[-0.711352478553943,43.35043887811459],[-0.711258870692078,43.35036130774589],[-0.710919424186498,43.35008638903562],[-0.710654336642008,43.34986799655645],[-0.710499511665611,43.34973092583893],[-0.710405191539175,43.3496307743705],[-0.710225803244832,43.34943231518754],[-0.71009749697428,43.34928541813214],[-0.710071368864244,43.349264880550116],[-0.709672360939169,43.349034510376626],[-0.709371200099175,43.348865174457494],[-0.708968823655344,43.348637979533684],[-0.708821071080908,43.34855695124439],[-0.708586072063914,43.34842803191589],[-0.70836851945216,43.34830364711665],[-0.7081336988233,43.348229206623564],[-0.707790018161916,43.34812382608028],[-0.707756805226228,43.34811397783539],[-0.707775848980033,43.34808009291376],[-0.707839657973241,43.34796524059761],[-0.707860915468065,43.34792740719751],[-0.707795332753566,43.347909302902224],[-0.70779073818449,43.347920357629995],[-0.707605683655599,43.34786366220848],[-0.707549136025157,43.34784596841342],[-0.707515296751372,43.34790305555657],[-0.707452665196272,43.347882868558315],[-0.707440683507402,43.3478999403637],[-0.707380943515035,43.34787866352141],[-0.707392580599821,43.347860072533784],[-0.707075043060978,43.34777351637714],[-0.70695031443518,43.34773951773489],[-0.706884871800647,43.34785010262508],[-0.706604877115574,43.347763969069305],[-0.706438427074519,43.34770870526216],[-0.70638678877564,43.347682917379714],[-0.706377795263742,43.34767548059919],[-0.706346532643472,43.34762882096781],[-0.706179892885864,43.34733859913831],[-0.705995641786714,43.34702205319104],[-0.705903423262041,43.34686040612759],[-0.705804827585321,43.34668402780927],[-0.705763546739028,43.3466101534058],[-0.70566237128636,43.34642818972771],[-0.705756174594108,43.34640930434576],[-0.705922260662057,43.34637461253039],[-0.706077732620638,43.346341815294096],[-0.706245823064703,43.34630759461743],[-0.706403624208819,43.34627264569975],[-0.706530899916168,43.346246578183354],[-0.706653608177234,43.34622048698598],[-0.706833182106576,43.34662346859498],[-0.706894667512233,43.34672555887092],[-0.707040353706491,43.346975881310996],[-0.707145084616115,43.347161234354786],[-0.707258173478049,43.34735755815372],[-0.707390483417414,43.34758024054826],[-0.707418135539645,43.34762639329513],[-0.707421354319615,43.34762655309983],[-0.707519662193628,43.34762777506892],[-0.707593808967197,43.347627483942276],[-0.707647901738175,43.34762238685617],[-0.707709710385507,43.347610630941155],[-0.707800042290009,43.347579975045825]]],[[[-0.708614868031638,43.361444817749124],[-0.708666110622529,43.36177466206172],[-0.708709612444666,43.362041819819616],[-0.709501427588375,43.36320435897357],[-0.7095584538641,43.36334992177088],[-0.708648489668221,43.36330034662196],[-0.707773634862775,43.36324965023068],[-0.707506253189288,43.36323405041925],[-0.707580667826479,43.36314369056667],[-0.707622034984934,43.3630998540013],[-0.707682451005825,43.363035551100396],[-0.70770442258671,43.362999133974284],[-0.70774204539687,43.36292399471302],[-0.707753585911929,43.36288469303313],[-0.707780743396868,43.362785055939234],[-0.707813181593665,43.362662002256656],[-0.707856620797979,43.3625334379613],[-0.707899615546819,43.362382644023675],[-0.707932675101201,43.36227307805118],[-0.70794703211854,43.36221809937945],[-0.707958720974023,43.36216960646372],[-0.707963404354445,43.362117751337706],[-0.707969674422693,43.3620004581202],[-0.707966190419419,43.36195978031731],[-0.707949332663941,43.36190118878816],[-0.707915865200144,43.36178210596525],[-0.707882912775124,43.36160968988125],[-0.707868943731029,43.36152695325995],[-0.707831831645506,43.36137044034614],[-0.707821966559238,43.36133034158655],[-0.707794160818533,43.36125699533725],[-0.707758029581573,43.361167453532865],[-0.707676526269827,43.360986705418505],[-0.707666152115589,43.36087736790929],[-0.707666745732309,43.360760089332885],[-0.707679838325567,43.36060689857029],[-0.707702947426363,43.36046741376916],[-0.707759368201962,43.3602855393463],[-0.707821772208919,43.36010841306291],[-0.707860534897045,43.36011041622596],[-0.708499373733396,43.360130928610616],[-0.708454777803851,43.36046568025716],[-0.708408749528041,43.36085676864572],[-0.708614868031638,43.361444817749124]]],[[[-0.707499417563583,43.3557103138625],[-0.707511335712322,43.35570756367871],[-0.707558019988928,43.35571379822391],[-0.707607094554671,43.35572265258448],[-0.7076585982953,43.35573664709665],[-0.707737394847055,43.355748985279234],[-0.7078260225365,43.355751079730744],[-0.707900050826015,43.35575070275383],[-0.707997126271812,43.35575556942247],[-0.708102775865418,43.35575942150257],[-0.708208261155973,43.35577030377604],[-0.708378215489553,43.35578185694693],[-0.708525441010602,43.3557931086423],[-0.708680467502797,43.35581625065957],[-0.708765824422699,43.355830794716915],[-0.708839836461393,43.355835911305704],[-0.708930376264198,43.355844693761306],[-0.709058896544982,43.35585487518417],[-0.709218140477682,43.3558630119127],[-0.709376566081686,43.35586802438601],[-0.709485955195481,43.35587435858221],[-0.709586987559972,43.35588124953211],[-0.70964568714827,43.355888151714744],[-0.709765526190861,43.35590151204143],[-0.709804833940155,43.35590052373199],[-0.709974718782958,43.35589757716609],[-0.710011367806237,43.35589938179626],[-0.710260912767635,43.35592216057102],[-0.710403992478619,43.35593418240623],[-0.710507858675105,43.35594673909983],[-0.71058817479333,43.35595199842421],[-0.710741944575175,43.355949873822276],[-0.710797782078544,43.35594300437657],[-0.710827442442512,43.355935952509014],[-0.710959259840062,43.35589387385176],[-0.711166577236386,43.35581489104188],[-0.711373566907208,43.35572700313512],[-0.711519559034554,43.355667415934],[-0.711595830652602,43.35564057186327],[-0.711655940593215,43.35562148728187],[-0.711730939677179,43.35560936656273],[-0.71178145089262,43.35560412038311],[-0.711796780603455,43.35566960811417],[-0.711840140864611,43.35577934375708],[-0.711884864202506,43.35590830544087],[-0.711918957672374,43.356042765438076],[-0.711987373135456,43.35628267829229],[-0.712013638648987,43.35636463186179],[-0.712055419572956,43.35653025893635],[-0.712078848665076,43.35660267345835],[-0.712094942541461,43.35666660396448],[-0.712089523353812,43.35669741040825],[-0.712057314649655,43.35676065749989],[-0.712002033992475,43.35685657784108],[-0.711917210784971,43.35704753494342],[-0.711853551980156,43.35716283553579],[-0.711822873860808,43.35724025951271],[-0.711801462523029,43.357315924436776],[-0.711785261140394,43.357455173055655],[-0.711763107461822,43.35766865538317],[-0.711757725774143,43.357755567972305],[-0.711754184468848,43.357888257985664],[-0.711761659126256,43.358009942801466],[-0.711782726309097,43.358103152374625],[-0.711801218557968,43.35821194067796],[-0.711823344584226,43.358323486184595],[-0.711831028431925,43.35836609106061],[-0.711857983119738,43.35843766425011],[-0.711914798246063,43.358555043741845],[-0.711996443639882,43.35871678109633],[-0.71207824606826,43.35887328954359],[-0.71183959724001,43.359063763177424],[-0.711608701381478,43.35925198883376],[-0.711431897318067,43.35938900453633],[-0.711304052431713,43.359293695575985],[-0.711149168780422,43.35919634242626],[-0.711074207923319,43.35914019570482],[-0.711043388037889,43.3591139651392],[-0.710978633469304,43.35905530666614],[-0.710930113352425,43.35900914977541],[-0.71087230541608,43.35893953571352],[-0.710813085299696,43.35886141437764],[-0.710764154574704,43.35880122214263],[-0.710653663976619,43.35867064389015],[-0.710557186259348,43.358565972334006],[-0.710406810982412,43.358394884517104],[-0.710378446384555,43.35836460691311],[-0.710327588145993,43.35830321982874],[-0.710265252736824,43.358228447329346],[-0.710149564499154,43.358095705468926],[-0.710076918237147,43.35801606316836],[-0.709997944305483,43.357922498501054],[-0.709972202672869,43.35789077992726],[-0.709930005421354,43.3578239621452],[-0.709883666260701,43.35775224309185],[-0.709864304008789,43.35772183666129],[-0.709804734865979,43.35763634199158],[-0.709762068095584,43.357577555615016],[-0.709717293569593,43.35751478883734],[-0.709708130637831,43.357497091186985],[-0.709694740452313,43.35747125303897],[-0.709673541404937,43.357414251853044],[-0.709655955272207,43.35734244695251],[-0.709650580520459,43.357310750114024],[-0.709646402092053,43.357286126971545],[-0.70963634457581,43.357208570148366],[-0.709627253530854,43.35715367527809],[-0.709605858907338,43.35709938260614],[-0.709587833848455,43.357076315195165],[-0.709544349448183,43.357035478752785],[-0.709497961095526,43.35700320754627],[-0.709424085776064,43.356965755151194],[-0.709382101051609,43.35694819272556],[-0.70932365458861,43.35693182538571],[-0.709233528247096,43.356910330563245],[-0.709162359910537,43.35688998658697],[-0.709081598479302,43.35685484155242],[-0.708964067669376,43.35679303907172],[-0.708846330310769,43.35672611014693],[-0.708679774156171,43.356631315815086],[-0.708669118511989,43.35662492678051],[-0.708609293379107,43.35658906337509],[-0.708458036996344,43.356501849397745],[-0.708241652562874,43.35637499086664],[-0.708023627620459,43.356247557783846],[-0.707860989307441,43.356148395164034],[-0.707779139034635,43.35607906386582],[-0.707665152013983,43.35595724886686],[-0.707544469869688,43.35582728777462],[-0.707473321946341,43.35575164539926],[-0.707476015371286,43.35573597272],[-0.70748675561675,43.35571876330952],[-0.707499417563583,43.3557103138625]]],[[[-0.707817039444974,43.36734266783548],[-0.707833338196023,43.36735039463791],[-0.707827886923153,43.36744208302865],[-0.707820271297562,43.36752700102315],[-0.707803139352943,43.367690327764315],[-0.707785778124142,43.367840513537374],[-0.707762590376312,43.3680478173496],[-0.707741633401307,43.36829359064283],[-0.707735139322818,43.368376759078146],[-0.707695022102756,43.368572305004754],[-0.707662912943492,43.36871777289343],[-0.707471383659751,43.36870533565587],[-0.70735879008728,43.36869370473953],[-0.707176485070028,43.368663479044],[-0.70710270300912,43.36864493379847],[-0.707010215494003,43.368613880782384],[-0.706941796272777,43.3685865958687],[-0.706863605682414,43.36854559636307],[-0.706824225645855,43.3685187570804],[-0.706770039718021,43.368480537225956],[-0.706713067100888,43.36844313333744],[-0.706648698265999,43.3683924738194],[-0.706547721630937,43.368317761829346],[-0.706465996963057,43.36825445811092],[-0.706070288639333,43.368357088024645],[-0.706011450866689,43.368313713647765],[-0.706037092073272,43.36826330176139],[-0.706064756913757,43.36815995501613],[-0.706083021114039,43.36808124672575],[-0.706122559878602,43.36794182914636],[-0.706167167832543,43.36778719775462],[-0.706198629327511,43.36766805037399],[-0.706236730975253,43.367581097212934],[-0.706279961214047,43.3674913565384],[-0.706319796817071,43.36741983433019],[-0.706383415808413,43.367328494310904],[-0.706449278315078,43.36722023606362],[-0.706498129210432,43.367141109938565],[-0.706563689286467,43.367076091000875],[-0.70668007189034,43.36698366299692],[-0.706771445013154,43.36691118483634],[-0.706773491003633,43.36691228549931],[-0.706852411855814,43.366853472932334],[-0.706953997971777,43.3667919921851],[-0.706962307576927,43.36678684410847],[-0.70703212324725,43.36674383388195],[-0.707309715479052,43.36651520174039],[-0.707231242868471,43.36643719747788],[-0.707179464134487,43.366384575824],[-0.707125653538255,43.36632148672675],[-0.707055926616691,43.366243182590345],[-0.706963718198399,43.36613205645534],[-0.706869078945639,43.36603110034339],[-0.706762990111569,43.36592486278462],[-0.706658053969878,43.365828852519634],[-0.70656937825849,43.365743812619975],[-0.706439282323604,43.36562704997275],[-0.706341540619656,43.3655411498369],[-0.70622110232158,43.36543441294426],[-0.706078670311618,43.3653081660512],[-0.705962998512744,43.36520450775617],[-0.705799271475572,43.365052332427496],[-0.705642805477166,43.36490747316751],[-0.705766861312761,43.364855670636075],[-0.706022131016201,43.364748217431234],[-0.706069207292134,43.36472399910559],[-0.706310326864309,43.36457317074037],[-0.706538605933404,43.3644299867106],[-0.706608729984652,43.3643668827385],[-0.706629555458355,43.364481356066214],[-0.706648191448896,43.364557989065204],[-0.706665907570852,43.36460691502634],[-0.706708623333951,43.36471244261957],[-0.706768568690369,43.364853583919306],[-0.706833759301207,43.36502633672372],[-0.706873481606621,43.36512179008944],[-0.706893357268436,43.365183160414695],[-0.70690243208631,43.36526849675435],[-0.706904215953752,43.36534795889644],[-0.70690950149091,43.36539361845052],[-0.706934693430666,43.36547236833743],[-0.70699199485847,43.36560693579524],[-0.707053195851273,43.36574263042739],[-0.707108963511091,43.365861039570625],[-0.707175507577285,43.36597043351642],[-0.707192067121861,43.3659879680361],[-0.707250211461324,43.36602443076183],[-0.707302682487629,43.366049470139835],[-0.707337970658282,43.36605879757088],[-0.707394987400554,43.36607008196046],[-0.707438769221767,43.366146123160064],[-0.707484629965326,43.36619885749133],[-0.707591319286037,43.36631822266804],[-0.707665377931571,43.36640052077375],[-0.707694416445695,43.366441223270485],[-0.707792662607461,43.36657897990542],[-0.707882876185997,43.36669359614029],[-0.707978255967151,43.36680983641167],[-0.707997594572411,43.366836011426415],[-0.708017113400497,43.36690522918475],[-0.707907306403918,43.36712270744476],[-0.707817039444974,43.36734266783548]]],[[[-0.706203062640886,43.34876272042647],[-0.706091423545919,43.348836252971964],[-0.706049339164804,43.34887263846115],[-0.705968245239946,43.34894908648016],[-0.705951322567968,43.34896992983616],[-0.705900027726558,43.34905112019516],[-0.705845854369975,43.34913168871707],[-0.705764581515491,43.34919769584422],[-0.705527007053804,43.34939496248994],[-0.705367002686925,43.3495223861257],[-0.705177813530668,43.34967764726798],[-0.704949284052813,43.349860193155166],[-0.704874916366677,43.34992614308547],[-0.704479518368332,43.35001633117342],[-0.704161730901699,43.35009098051484],[-0.703993320607447,43.35012809048184],[-0.704004230169621,43.34996579040463],[-0.704017105122722,43.34989735469214],[-0.704046327497194,43.34977801590065],[-0.704081980772105,43.34962819693158],[-0.704101979017655,43.34954771944459],[-0.704149171171437,43.349347072063374],[-0.704173097534269,43.34924133351089],[-0.70418803129307,43.34917805069776],[-0.704215036445149,43.34907797044882],[-0.70426445798954,43.348919664511584],[-0.704307813256219,43.34878408116624],[-0.704342815955122,43.348683636839986],[-0.704354466341783,43.34865180706771],[-0.704487977169764,43.348597880359584],[-0.704506858280319,43.34859020883518],[-0.704807788240464,43.34847425842565],[-0.704857564732795,43.3484519292634],[-0.704899827695147,43.34842598499905],[-0.704925666517962,43.34840753806939],[-0.704951200610676,43.348382437203234],[-0.705450274054059,43.34815459601768],[-0.705711246318998,43.348033348031564],[-0.705888819024583,43.347950801540875],[-0.70602744461918,43.347897778252914],[-0.706250096983009,43.347804319783684],[-0.706349978871208,43.347776309714796],[-0.706386046669956,43.3477730019354],[-0.706445665097092,43.34864939513304],[-0.706378305696509,43.34867079678221],[-0.706312582457115,43.34869844644395],[-0.706203062640886,43.34876272042647]]],[[[-0.70556539293479,43.33745374443531],[-0.705565657745361,43.337576755091455],[-0.705558195814243,43.33768706221479],[-0.705547948828281,43.33775216544483],[-0.705300506865724,43.33773588105587],[-0.705311251886112,43.337983443476894],[-0.705323060831227,43.338214939083365],[-0.705337584351496,43.338498215339555],[-0.705350489291219,43.33872372961782],[-0.7053620641894,43.338974595952486],[-0.705373735458363,43.33920969880072],[-0.705390472806143,43.33950244560196],[-0.705394021590566,43.33959787603299],[-0.705539796504029,43.33960449689303],[-0.705699760241207,43.339609190245405],[-0.705839379047893,43.339859540014245],[-0.705660602507571,43.33986737944412],[-0.705660607636673,43.339972927877966],[-0.705665349273678,43.34006579582237],[-0.705686023790143,43.340133981927075],[-0.705727707044592,43.340218018656486],[-0.705802371251898,43.340356310840264],[-0.705624763031617,43.34081188139464],[-0.705670649219378,43.3410475229011],[-0.705698250977406,43.34119076062893],[-0.705435349002498,43.3412105790883],[-0.704631031416314,43.34127479833316],[-0.704556870269192,43.34128049171463],[-0.704647100478985,43.34146129935972],[-0.70474929184839,43.34155758233925],[-0.704809411139806,43.3415982999355],[-0.70475763991,43.34160295597293],[-0.704786358687304,43.34174057201202],[-0.704813840259674,43.34191074162674],[-0.704836131007118,43.3420385814693],[-0.704530865286304,43.34209236054115],[-0.704524649747795,43.34209356417153],[-0.704201945428314,43.342156315308074],[-0.704174941990394,43.34207988019069],[-0.704141823087827,43.342004285018575],[-0.704076744854501,43.34188646667289],[-0.704051801012787,43.34184013060952],[-0.704026637048979,43.341784616109955],[-0.703996011008783,43.341701730825825],[-0.703986501012104,43.34167089639],[-0.703962614928339,43.341577693624636],[-0.703954862413373,43.34151662935828],[-0.703959017225878,43.341448853031224],[-0.703962351557432,43.341412445194166],[-0.703965227340564,43.34132670098411],[-0.703962657171574,43.34122151060619],[-0.703963048368717,43.34116620126111],[-0.703958977148217,43.34105493834547],[-0.703953170576153,43.34096273724396],[-0.703949906796799,43.34092925723948],[-0.703949058770576,43.3408700277907],[-0.703945302328399,43.34079243599827],[-0.703942815443656,43.34075568727424],[-0.703943688987676,43.340736655000256],[-0.703951598195323,43.34064092200276],[-0.703958005957329,43.340514170274126],[-0.703970814464159,43.34033154311068],[-0.70398680177034,43.34009666320294],[-0.703995153457335,43.339940665976634],[-0.704000968975883,43.33983924102245],[-0.704001242256752,43.33977826209235],[-0.70400337746237,43.33969443458513],[-0.704002769894637,43.33955261337271],[-0.704001991575766,43.33951940848141],[-0.704002457855056,43.339465267393294],[-0.704000516433855,43.339377526955644],[-0.703998762919525,43.33928311576353],[-0.703998161241643,43.339204695508144],[-0.70399719950033,43.33912259520024],[-0.703997919828854,43.33902827938132],[-0.703999139990049,43.3389513277113],[-0.703997989430343,43.3388451883019],[-0.703997445550731,43.3387676666763],[-0.703990765266195,43.33866955182814],[-0.703982344013143,43.33850791544031],[-0.703971471747628,43.338321597010115],[-0.703959700816185,43.3381308965413],[-0.703944012098177,43.33790421695628],[-0.703930769117629,43.33779038671792],[-0.703912735905723,43.33767113700535],[-0.70383612293896,43.33750625359551],[-0.703797606570572,43.33741958633622],[-0.7037856138254,43.337386585619974],[-0.704048348665472,43.337364434860866],[-0.704329597767517,43.337340478263826],[-0.704745857063001,43.33730549989051],[-0.705375298336257,43.337252946175255],[-0.705534461081158,43.3372414564922],[-0.705532838946252,43.33728528045544],[-0.70553471623992,43.33731637629467],[-0.705556608144392,43.337391995355325],[-0.705562100890573,43.33743134269159],[-0.70556539293479,43.33745374443531]]],[[[-0.706867046426399,43.36401733110236],[-0.706948782797989,43.363906457183795],[-0.707017576497249,43.36380737443441],[-0.707760135960694,43.36396384071638],[-0.70746956305501,43.36460404438148],[-0.707450059780433,43.365081312307176],[-0.707641141091541,43.366062544250234],[-0.707559799956068,43.36603966551852],[-0.707396681541434,43.36601013370573],[-0.707354401583039,43.36600149627003],[-0.707286152264762,43.365971053790176],[-0.707263663995017,43.36595921619649],[-0.707227416822184,43.36591966132096],[-0.707185554161237,43.365856162735525],[-0.707152205223685,43.365788769896135],[-0.707091011383138,43.36565127385284],[-0.70702699563747,43.36549487178708],[-0.706977134024606,43.365370406293486],[-0.706980369447449,43.36531905105564],[-0.706976957798885,43.36521622901765],[-0.706958800609559,43.36514129074981],[-0.706929726060285,43.36502908146902],[-0.706880077502288,43.36490983219132],[-0.706821451925319,43.36478152432412],[-0.70677262043511,43.364694128374005],[-0.706746277492533,43.364637752916906],[-0.706719262701215,43.364538351668635],[-0.706694544417621,43.36442860484257],[-0.70668408208778,43.36435430346302],[-0.706685563638397,43.36429679423433],[-0.706689181941597,43.364257133764944],[-0.706696328212586,43.36423392346646],[-0.706718147922904,43.36420471657061],[-0.706776774843076,43.36412984840556],[-0.706867046426399,43.36401733110236]]],[[[-0.705989384919849,43.35486886560316],[-0.706135026522549,43.35494375680608],[-0.706214804838275,43.35498479140568],[-0.706306778080095,43.35503504434065],[-0.706496713008185,43.35513462425299],[-0.706681716085677,43.35522851904449],[-0.706835415355561,43.35531159878563],[-0.706944131217353,43.35538226118496],[-0.706996508971558,43.35542900775191],[-0.707052258135866,43.355489778088284],[-0.707155467735318,43.35558800722004],[-0.707194306845837,43.35561999776941],[-0.70733044909509,43.355738982217105],[-0.707419038583462,43.35581907003038],[-0.707473715698484,43.35587276223281],[-0.707496790425679,43.35590718444485],[-0.707551712657418,43.355989597270714],[-0.70749908266628,43.356023282916475],[-0.707370671909855,43.3559745503149],[-0.707285747361896,43.355955217171136],[-0.707230539961075,43.35594504189975],[-0.707122310579248,43.35594713128185],[-0.707014749008261,43.3559500081991],[-0.706902374682646,43.355937559724445],[-0.706702929662977,43.35591269564957],[-0.706550260023306,43.355897395281104],[-0.706422450063611,43.35588673624486],[-0.706364774879482,43.35588231888572],[-0.706321962727072,43.355880634209036],[-0.706287491702286,43.355876232011994],[-0.706246183078479,43.35586530968605],[-0.706219904474777,43.35585396225982],[-0.706169616971343,43.3558243450637],[-0.706056554618895,43.3557551817286],[-0.705970971896439,43.35569876556807],[-0.705827466965675,43.355612993662405],[-0.705755657042933,43.35557880036814],[-0.705726511542986,43.35556701072409],[-0.705692939187493,43.355561226655],[-0.705644949262029,43.35555962910096],[-0.705436085541808,43.355570569016486],[-0.705233644538616,43.35557966737627],[-0.705189216724102,43.355581640005695],[-0.705099566723251,43.35558858439431],[-0.704949117105268,43.355609679876146],[-0.704898328958237,43.35562213709957],[-0.7048442031,43.35564218359943],[-0.704745760997998,43.35568320126314],[-0.704558252193502,43.35562514267618],[-0.704625987333844,43.35554230885672],[-0.704664010649117,43.35549642669505],[-0.704711822702975,43.355435799622],[-0.704663961764487,43.35541510459366],[-0.704690317708801,43.355379708820074],[-0.704637238336357,43.35535847209272],[-0.704582763898218,43.35533665271863],[-0.704630497881276,43.355284403899056],[-0.704659542846041,43.35525819214151],[-0.704697126600983,43.35522466318706],[-0.704823853963239,43.35511495167832],[-0.704898603630358,43.35504907872631],[-0.70492982390864,43.35501639813339],[-0.704968064017994,43.35497005813733],[-0.705011656404052,43.35489948884244],[-0.70506144932826,43.35476800695043],[-0.705080935698137,43.35473518800971],[-0.705132731284245,43.35467127217154],[-0.705207825021619,43.35459349934958],[-0.7052379331414,43.3545646392736],[-0.705286476153403,43.35453073457326],[-0.70532078578687,43.35451154698949],[-0.705341509102988,43.35451137722086],[-0.705372068807646,43.35452789163203],[-0.705445321611901,43.354573022919325],[-0.705558229855224,43.35463408664847],[-0.705767224856241,43.354747964437834],[-0.705859376626739,43.35480100344612],[-0.705989384919849,43.35486886560316]]],[[[-0.704836722900018,43.34404254762397],[-0.704877937162398,43.3440444674455],[-0.70492547529384,43.344048782242496],[-0.704983920088337,43.34405767648447],[-0.705163659446966,43.344095285292994],[-0.705342018804128,43.34414212710781],[-0.705499829244242,43.34418219806203],[-0.705577172517752,43.344195217373866],[-0.705669557749666,43.344204208760196],[-0.70572450427318,43.344204756988255],[-0.705782119058224,43.3442045833165],[-0.705868044281192,43.344199476608175],[-0.705931849252999,43.34419386725687],[-0.706026827824824,43.344187549497946],[-0.706077799655942,43.34418769344266],[-0.706143629808638,43.344192461370326],[-0.706254630963137,43.3441935193291],[-0.706345437276594,43.34419139696931],[-0.706383380285955,43.34418658389451],[-0.706495454949835,43.344173645677145],[-0.706668078670434,43.34415052611882],[-0.706840290734857,43.34412868121964],[-0.706861510248731,43.344126692842124],[-0.706882006642952,43.344234240875224],[-0.706879163947155,43.34436069098953],[-0.706874288476022,43.34443830882089],[-0.706592832199468,43.34447299512452],[-0.706470747478045,43.34448762748776],[-0.705932350474133,43.34455255452029],[-0.705446572375969,43.344610632108264],[-0.705023261842014,43.34466341469579],[-0.704610229499166,43.34471485276485],[-0.704415094377689,43.34473910053327],[-0.70434318058102,43.34455919550809],[-0.704279040269736,43.344386949304514],[-0.704266386851127,43.34434370434374],[-0.704256226028836,43.34429316927886],[-0.704253753214634,43.344266236375],[-0.70425036893269,43.34420403166694],[-0.704249802598047,43.34415686028202],[-0.70425641936238,43.34402568814686],[-0.70425669059237,43.34398578282909],[-0.704341435837699,43.34397576452589],[-0.704563334886052,43.34395519272725],[-0.704702635529806,43.343943484852254],[-0.704754990938153,43.34403994488741],[-0.704836722900018,43.34404254762397]]],[[[-0.703809720027457,43.33772690044099],[-0.703824737802232,43.337835716664586],[-0.703828494203577,43.33793825442576],[-0.703853949405726,43.33821512211369],[-0.703858983236266,43.33831833660487],[-0.703873120631089,43.33858037229251],[-0.703878202662168,43.33872654300092],[-0.703887699065214,43.33897396821157],[-0.703891611259029,43.33930723033842],[-0.703894029726365,43.33941773920078],[-0.70390259200954,43.33962953341453],[-0.703905495951959,43.33987421274557],[-0.703877296974576,43.340089968300376],[-0.703874229552663,43.34014203712605],[-0.703872147763391,43.34018065347311],[-0.70387235222313,43.34031429323366],[-0.703857522968537,43.34064009254453],[-0.703857489227909,43.34094845401902],[-0.703853808365914,43.3412384785199],[-0.703852453674265,43.34144764086661],[-0.703868860583987,43.341589551386136],[-0.703860116282159,43.34164352587484],[-0.703835216915508,43.34168229359627],[-0.703801649630725,43.34170523779301],[-0.703760377813568,43.34172925646125],[-0.70371176503117,43.34175424707769],[-0.703652374985289,43.34177474372446],[-0.70342641977297,43.34180310782413],[-0.703228992500699,43.34181842638716],[-0.703032855443025,43.341826946003046],[-0.702930521290927,43.34182243598896],[-0.702895858493559,43.34181299634683],[-0.702876610127898,43.34179573398781],[-0.702863013295228,43.341772334191134],[-0.702856846817211,43.34173400035622],[-0.702847150377717,43.34148532070212],[-0.702847235304019,43.34127746279715],[-0.702868632781781,43.34111705621587],[-0.702881225551124,43.340986670518376],[-0.702886133118024,43.34093633986002],[-0.702897883104115,43.34080436199084],[-0.702904718885379,43.34071109747017],[-0.702905542643088,43.34053392430016],[-0.70290021838334,43.340410816677256],[-0.702908088153864,43.34025303493832],[-0.703064536445551,43.34025100821686],[-0.703066833854647,43.34028290026225],[-0.703139764927238,43.34028112251602],[-0.703163303251417,43.3402806764469],[-0.703162428529813,43.340263235074836],[-0.703210020740584,43.34026268549406],[-0.703284481182777,43.340261665785945],[-0.703284139023401,43.34014505183641],[-0.703283309568519,43.34011680190404],[-0.703282939602112,43.34006115847105],[-0.703203995245965,43.34006152125984],[-0.703140148807282,43.340072173824105],[-0.703056870489201,43.34007421595741],[-0.70305540913389,43.34003229879564],[-0.702975549223224,43.340033773481444],[-0.702977233209078,43.34006955904478],[-0.702954574113983,43.34007024513506],[-0.702941857437741,43.33997801062513],[-0.702940162342919,43.33979236828185],[-0.702926866046436,43.33974293137729],[-0.702840907365324,43.339517127436636],[-0.702790445737051,43.33938475896906],[-0.702774544318602,43.33932550488161],[-0.702733629175446,43.33909788795053],[-0.702733959528957,43.33900898906926],[-0.702748890580292,43.338922652075475],[-0.702773691966459,43.338838228461206],[-0.702818266059172,43.338748534604214],[-0.702902386175423,43.33857922548172],[-0.703040461980575,43.3383107150492],[-0.703178068940134,43.33804068952173],[-0.70324184308582,43.33792341035038],[-0.703385287800257,43.33767128630075],[-0.703426842919829,43.337617178590186],[-0.703493508796452,43.33754104688995],[-0.703588343911831,43.33744440741489],[-0.703668946684751,43.33737779458186],[-0.703706310837389,43.337379396293855],[-0.703741449808173,43.33747302372215],[-0.703782415611894,43.33761121047421],[-0.703809720027457,43.33772690044099]]],[[[-0.705392203849381,43.36505295105081],[-0.705344280784943,43.365098542359384],[-0.705215276884101,43.36522499372922],[-0.705031216579019,43.36539746059951],[-0.704843485055065,43.36558770471321],[-0.704674747683814,43.36576045658436],[-0.704541369146606,43.3658957027486],[-0.704375254734146,43.366065122117206],[-0.704219569646479,43.36622589847054],[-0.704109834597293,43.36634493398031],[-0.704069907973227,43.366411234870235],[-0.704013754650192,43.36651312492421],[-0.703925154904875,43.36665944514356],[-0.70387113568391,43.36674270962108],[-0.703803804121191,43.366849305276766],[-0.703748664933836,43.36693819178495],[-0.70373146091941,43.366958594202956],[-0.703713145562871,43.36696939822512],[-0.703697125494402,43.366971748035766],[-0.70362553994547,43.36696618407805],[-0.703549317334065,43.36695186289494],[-0.703495031643214,43.36694273445554],[-0.703427514151968,43.36704645429928],[-0.70326565387086,43.367019214698615],[-0.702940985276327,43.36696918019907],[-0.70274838193898,43.3669399303637],[-0.70272040124944,43.366925217826925],[-0.702804249891161,43.36690073271589],[-0.703104893404291,43.366851713392805],[-0.703121082826306,43.36667545154429],[-0.703129613731159,43.366616169995595],[-0.703141983861254,43.366553244644855],[-0.703184253142369,43.366404368752],[-0.703220132890028,43.366282819758894],[-0.70324722335196,43.36618967049989],[-0.703254111045397,43.36613746991767],[-0.703256375427208,43.366030671042274],[-0.703246195451719,43.365897370288614],[-0.703248183530662,43.365897572394935],[-0.703411311403751,43.3659081073477],[-0.703448617611002,43.36591619613555],[-0.703488696683854,43.365850340593],[-0.703564125275254,43.36573338117557],[-0.703692854405286,43.36553543350613],[-0.703801582164706,43.36535086915082],[-0.703866230115735,43.365233288062136],[-0.703916354330654,43.36504154446347],[-0.703936171389345,43.364960081800525],[-0.704129440668837,43.36444534311891],[-0.704131956064521,43.36444606750727],[-0.704304150368093,43.36449780816861],[-0.704368030563093,43.36451795505606],[-0.704514780954992,43.36456561360156],[-0.704739317363964,43.36464041728672],[-0.704837555548243,43.36467271585411],[-0.705281507227062,43.36481943491907],[-0.705549970948772,43.36491119436841],[-0.705516460223235,43.364935217846934],[-0.705476992455211,43.36497025264682],[-0.705444002238566,43.365002363690046],[-0.705392203849381,43.36505295105081]]],[[[-0.704044355623429,43.34858669174924],[-0.704091413862672,43.348543202138444],[-0.70414359052809,43.34848719906243],[-0.704181490476436,43.348443302695635],[-0.704236226788904,43.348377215325954],[-0.704300167381777,43.34829307094884],[-0.704353025776833,43.348228488802086],[-0.704427931809413,43.348136403694596],[-0.704422498921757,43.34815937477445],[-0.704385200495839,43.348270164488966],[-0.704334075084148,43.34840772516878],[-0.704266976595763,43.34858473859157],[-0.704243206326237,43.348648774432036],[-0.704205326018396,43.34881767213983],[-0.704188986972677,43.34889172011669],[-0.704161999846644,43.34897865110271],[-0.70411823487434,43.34910019921113],[-0.704083347021789,43.34922162330898],[-0.704035152852116,43.34942779857042],[-0.703991766430256,43.349633899189406],[-0.703952212848476,43.34980366474173],[-0.703929987337429,43.3498955659559],[-0.703909752615328,43.35000306926236],[-0.703885320239715,43.35022374059874],[-0.703882038416775,43.350272484964385],[-0.703861041060468,43.35031057879731],[-0.703816900074814,43.350355319266924],[-0.703719281013764,43.350428188864434],[-0.703684287475429,43.35045973747702],[-0.703643226949808,43.35050824489792],[-0.703608098347099,43.35055880059399],[-0.703562924357705,43.350610510894406],[-0.703414730995131,43.3507528369943],[-0.703294410685585,43.3508718735546],[-0.703156544997877,43.3509982653229],[-0.702590573017366,43.35097504975522],[-0.702592620771391,43.350955076563935],[-0.702041105096006,43.35047719513083],[-0.701599439802899,43.35008966237587],[-0.701127577297112,43.35010581552993],[-0.701127192994607,43.34939904586404],[-0.702161975695885,43.34938010008264],[-0.702669975156236,43.34907199418607],[-0.702104169241481,43.34867484625601],[-0.70221922905186,43.348646770697435],[-0.702617214576722,43.348554700972656],[-0.703056386419142,43.348452573486696],[-0.703477431195654,43.348352596089704],[-0.703502613383261,43.34839108929845],[-0.703644351548783,43.348607058892696],[-0.703719725991988,43.34872560634036],[-0.703798859336259,43.34870497382017],[-0.703834611716385,43.34869483323143],[-0.703921689843875,43.34866150030998],[-0.703957301170702,43.34864533055521],[-0.703988394696581,43.34862607343293],[-0.704014189942555,43.34861078029079],[-0.704044355623429,43.34858669174924]]],[[[-0.702815268395158,43.340766845514025],[-0.702789118976073,43.34102990132807],[-0.702780770329664,43.34122246211039],[-0.702778439725574,43.341424182878804],[-0.702773999711414,43.34161228703391],[-0.702785752571491,43.34167609620454],[-0.702791720363104,43.341788104708755],[-0.702784636793727,43.34186408653921],[-0.702775397308549,43.34189502289381],[-0.702741485931181,43.34198363119599],[-0.70268270977439,43.34209812737132],[-0.702543610005773,43.3423470400628],[-0.702458868160423,43.34231869196409],[-0.702430464301722,43.342003559304736],[-0.702389720987858,43.34167498030789],[-0.702351614322088,43.34144690640255],[-0.702343529165771,43.34136144763435],[-0.702351105684875,43.34125473906411],[-0.702372881579375,43.34115393836324],[-0.70250761925038,43.340835290093054],[-0.7025952398447,43.34062632553893],[-0.702645171975499,43.34046449149992],[-0.702693986418622,43.34030638812455],[-0.702840100956677,43.340333624421916],[-0.702835717866271,43.34048038966387],[-0.702815268395158,43.340766845514025]]],[[[-0.703722427949406,43.3531996545849],[-0.703829090468108,43.35333253102475],[-0.70390286692364,43.353410787133285],[-0.70403795352066,43.353542329527436],[-0.704145553567632,43.35364563413717],[-0.704243789823473,43.35373575052842],[-0.704297701746433,43.35378721880948],[-0.704380270146745,43.353858238892315],[-0.704422410082194,43.353887865734464],[-0.704595211563478,43.35401091072793],[-0.70486390662644,43.35419146007981],[-0.705070863842881,43.35433125596955],[-0.705168872875479,43.354396703137986],[-0.705197061010875,43.35442239486702],[-0.705216595935031,43.35444595149423],[-0.705222847092682,43.35445870586209],[-0.705223503960836,43.35446507757937],[-0.705217476879863,43.35447690178077],[-0.705181447501527,43.35451731224509],[-0.705153462845333,43.35453889478173],[-0.7050617929046,43.354621828573634],[-0.705002640812109,43.35468266423463],[-0.704969193176464,43.35472100485519],[-0.704956509836629,43.35474638591713],[-0.704932970669732,43.354863909587785],[-0.704913426974654,43.35490159367935],[-0.704894001714941,43.35493152859013],[-0.704870516006952,43.35495782011823],[-0.704846627862542,43.354981693822054],[-0.704811547781305,43.355015767466796],[-0.704770786128097,43.355055529390356],[-0.704745762385729,43.35507710043034],[-0.704697994244857,43.355057843205564],[-0.704558314981684,43.35496050114919],[-0.704295051371201,43.35478192620419],[-0.703978201201438,43.354562678224745],[-0.703898902763454,43.35450604534197],[-0.703619602106398,43.35431216782775],[-0.703460223911786,43.354202080394764],[-0.703548331997503,43.3541424153047],[-0.703523827548922,43.35411641689475],[-0.703376691033233,43.35395295517792],[-0.703320831637872,43.35389038579044],[-0.703182700554042,43.35374219572016],[-0.703055732777795,43.35360253908621],[-0.702997236020676,43.35353924935822],[-0.702829840201218,43.353360090075064],[-0.70259297878808,43.35309865355676],[-0.702990628355592,43.35312754432289],[-0.703128876993007,43.35312983438311],[-0.703194546830876,43.353122361902685],[-0.703255600306014,43.35311027434193],[-0.703299788852711,43.35309885441331],[-0.703509393603228,43.35303241642222],[-0.703575787835092,43.35301510242752],[-0.703588581433437,43.35301637535292],[-0.703600226774905,43.3530228209885],[-0.703618101904767,43.35304553409823],[-0.703722427949406,43.3531996545849]]],[[[-0.704890492450449,43.377404484422655],[-0.704774639544557,43.37741727829348],[-0.704743606542009,43.37733413405091],[-0.704737059126147,43.3773091411975],[-0.70471469416796,43.377170762856615],[-0.704690177768475,43.37703732150759],[-0.704664207562923,43.37693500101048],[-0.704640872531391,43.37683141947591],[-0.704621150761741,43.37674752762112],[-0.704589114250978,43.37665261977401],[-0.704564548756,43.37657979118994],[-0.704518905591535,43.37646913835625],[-0.704489318837095,43.37640269594091],[-0.7044706610889,43.37636794094606],[-0.704446002172425,43.376320512750524],[-0.704361619028169,43.37619110299528],[-0.704288370386453,43.37608697926555],[-0.704424342198581,43.376079891170136],[-0.704526455069421,43.37607234138774],[-0.704706165998646,43.37606384504216],[-0.70495466463714,43.376053712840644],[-0.705063303811659,43.37605548547724],[-0.705149271478178,43.376056053234244],[-0.705373798486615,43.37605520689943],[-0.705474176286712,43.37605906333841],[-0.705646507454333,43.37607018134393],[-0.705724743435507,43.37632651663507],[-0.705848468144768,43.376725571361995],[-0.705947833236285,43.3770377411796],[-0.706018091853435,43.37726985321631],[-0.705950666017068,43.377275405431924],[-0.705715665494942,43.37729966723996],[-0.70559322408045,43.377313678377526],[-0.705456143804144,43.377330442359614],[-0.705316859208162,43.377345570511565],[-0.705222458159979,43.377359791523006],[-0.705137230728165,43.37736883493673],[-0.704890492450449,43.377404484422655]]],[[[-0.703458249340472,43.35077899458637],[-0.703569272902457,43.35066892195471],[-0.703622850999633,43.35061548283521],[-0.703664429051189,43.35056542668827],[-0.703719142082078,43.35048934379323],[-0.703739921480876,43.35046512656495],[-0.70377818945151,43.35043076399306],[-0.703827102762298,43.35039306479474],[-0.70385906904648,43.35037584918183],[-0.703867948092404,43.35039301650106],[-0.703867991159498,43.3504224643726],[-0.703857766820029,43.35046496230469],[-0.703841573362314,43.35062762353188],[-0.703829526787208,43.35077609348803],[-0.703808265462983,43.35098467841656],[-0.703792012460523,43.35117327878363],[-0.703762125457786,43.35151445623387],[-0.703752669661791,43.35161303476219],[-0.703738173661828,43.35176564137326],[-0.703716898083388,43.35199512065462],[-0.703695164192721,43.352200209600056],[-0.703677911265481,43.35240397431121],[-0.703657089081109,43.35263091648534],[-0.703640176186175,43.35280927287359],[-0.703631562144026,43.35287873348093],[-0.703621196982698,43.35290178345883],[-0.70360223490411,43.35292548813412],[-0.703561474186889,43.35294606689326],[-0.70343696629707,43.35299238910382],[-0.703283504371021,43.35304330518531],[-0.703208124541166,43.353062908042304],[-0.703173821718728,43.35306876592935],[-0.70307195304767,43.35307180436614],[-0.702988182483881,43.35307224161374],[-0.702815422256698,43.35306104657642],[-0.702561034432355,43.35304138899312],[-0.702288902187118,43.35301639447142],[-0.702013147017134,43.352990712779324],[-0.70186882759926,43.35297845245151],[-0.701608867702937,43.35294889678633],[-0.70129675800763,43.35290482491956],[-0.701208121030455,43.35289290914894],[-0.701181816145517,43.3528868749971],[-0.701163986894708,43.352878299244445],[-0.701144494841114,43.352861134723454],[-0.701139628216828,43.35284878307691],[-0.701146438942392,43.3528337802451],[-0.701194312345419,43.35277792593676],[-0.701268200345898,43.352694793779314],[-0.701301662922607,43.35266050655753],[-0.701342415558386,43.3526186749846],[-0.701398289745607,43.352577856766814],[-0.701466260712192,43.352537074714455],[-0.701572431941257,43.352480035077384],[-0.701725450252854,43.35240878325539],[-0.701779400531479,43.35238027874523],[-0.701834647230436,43.35234506544294],[-0.701917105467352,43.35229352036174],[-0.702057882417244,43.35220080276759],[-0.702215214796151,43.352093018603014],[-0.702351439953676,43.35199478273007],[-0.702444031943118,43.35192235674321],[-0.702479858347043,43.35189222097832],[-0.702560629490592,43.35180678083688],[-0.702625305020774,43.35171477712833],[-0.702639713088261,43.351695101137366],[-0.70275142573808,43.35154195749524],[-0.702838744811047,43.35142017917409],[-0.702897304615254,43.35135207030066],[-0.703000718371619,43.351236855335905],[-0.703055782318159,43.35117580065333],[-0.70313708861731,43.35109295345255],[-0.703229590108979,43.351001887610565],[-0.703319736566477,43.35091450471351],[-0.703372676310994,43.35086072735086],[-0.703458249340472,43.35077899458637]]],[[[-0.703509662580838,43.3561814253424],[-0.703422876951934,43.3562156483032],[-0.703225478226214,43.3562916644827],[-0.70314134733242,43.3563211131982],[-0.703128169763409,43.356290854172975],[-0.703103693043661,43.35623459465116],[-0.703075725044207,43.3561681879024],[-0.70302527450287,43.35605157738171],[-0.703009535371737,43.35601411125284],[-0.702933792043971,43.35583046199932],[-0.702977990734531,43.35582300452221],[-0.703116978504087,43.355794469165566],[-0.703235738965818,43.35576806730228],[-0.703409121104507,43.355731238956054],[-0.703484071327322,43.355710660095646],[-0.703563993215653,43.35568486757003],[-0.703622966360549,43.35566150362162],[-0.703689229630304,43.3556305951244],[-0.703734763844031,43.35560552998229],[-0.703799856303175,43.35556601580314],[-0.703881898901219,43.3555041265886],[-0.703938951267487,43.355458583552696],[-0.704090811594886,43.35533855580284],[-0.704167652974813,43.355282158039884],[-0.704407604093451,43.355414881226395],[-0.704353740649165,43.355500391772274],[-0.704304051415576,43.35557405155562],[-0.704237762291379,43.35567169544821],[-0.704211632592505,43.355702940615956],[-0.70415635916425,43.355758869772274],[-0.704056351483457,43.355856137574904],[-0.703999398841999,43.355901317021996],[-0.703860073443889,43.356003263614035],[-0.703780544112295,43.356054349640516],[-0.703744749466696,43.356073497513584],[-0.703665307401343,43.356112512483286],[-0.70357562466018,43.356153499205526],[-0.703509662580838,43.3561814253424]]],[[[-0.702434651452538,43.34375190306764],[-0.702486583826309,43.343216167032146],[-0.70190808135664,43.343183023055545],[-0.701949756709221,43.343119185426495],[-0.701986427204037,43.34307154958411],[-0.702031887342927,43.34302244198457],[-0.702153573479894,43.34290759304874],[-0.702298721930959,43.34276807497411],[-0.702409820058231,43.34267664331869],[-0.702458098722496,43.34264067761433],[-0.70249498661612,43.34260411134916],[-0.702510977492126,43.34258221982282],[-0.702579978520271,43.342455936106596],[-0.702668351005422,43.342266308145376],[-0.702741365044214,43.34212376641072],[-0.702798614701125,43.342023911963935],[-0.70286119875673,43.34192450518754],[-0.702879553899549,43.341906765378496],[-0.702897624979119,43.34189804114865],[-0.702924481994579,43.34189162767854],[-0.703003793787126,43.34188350755958],[-0.703214884533765,43.341877267586376],[-0.703426421007024,43.34186452771475],[-0.703551669633903,43.34185312243076],[-0.703633339157398,43.341837536272884],[-0.703689707318672,43.34181993498038],[-0.703757915257673,43.34179265199912],[-0.703824887396145,43.34175766627517],[-0.703892899402843,43.34171390919978],[-0.70403559318718,43.342002521215015],[-0.704133070095371,43.34220775714508],[-0.704183491592473,43.34234517012026],[-0.704210189559409,43.34252428257004],[-0.704228128316315,43.34265929624858],[-0.704228156310134,43.34274989429673],[-0.704194390203806,43.342930898385205],[-0.704176303690054,43.343000773200494],[-0.704105203481692,43.34317495116597],[-0.704099298072304,43.343202081043295],[-0.704119906905672,43.34351865172234],[-0.704134976042454,43.34382199353239],[-0.70413690640517,43.34399204834114],[-0.704127466645919,43.34403713095875],[-0.704115659155297,43.34408760816493],[-0.704114346776581,43.344124757332374],[-0.704119369149423,43.344177900036954],[-0.704132932075035,43.344258308109254],[-0.704141901446697,43.344303750652315],[-0.704183319410478,43.3444220196922],[-0.70429315535028,43.34475984941034],[-0.704360786939845,43.344980607808274],[-0.704413061156947,43.34520432401022],[-0.70444769678967,43.345380192945775],[-0.704280118200597,43.34528038576998],[-0.704185133766783,43.34524635577794],[-0.704064547811106,43.34520374665653],[-0.703977796842636,43.34518069176104],[-0.703844626155364,43.345147699553955],[-0.703803491023638,43.34513550989727],[-0.703745403369555,43.345107240103374],[-0.703648451535867,43.34505220330777],[-0.703584715310569,43.34502052458553],[-0.703533248293236,43.344997341357335],[-0.703363558625961,43.34485698870009],[-0.703189835981193,43.34472298801353],[-0.703221721957671,43.34470073202344],[-0.70304846550349,43.34456437365809],[-0.702999907937119,43.34451542381869],[-0.702948363915081,43.344456489674954],[-0.702905160046037,43.34440060203265],[-0.702867887166078,43.34434099895328],[-0.702769244966868,43.344184793410754],[-0.702687197810309,43.34405062418656],[-0.702644069209993,43.34399014090693],[-0.702598315438435,43.34394064461912],[-0.702563865423879,43.3439095834503],[-0.70254858711079,43.343890744082316],[-0.702434651452538,43.34375190306764]]],[[[-0.703371296069277,43.35630981593801],[-0.703575565708186,43.35622933136139],[-0.7037683071749,43.35615383428057],[-0.703939199088379,43.35608403853872],[-0.703992642837617,43.35606680772087],[-0.704078391759149,43.35604333688745],[-0.704180245525,43.35601120894528],[-0.704292006717661,43.35595658685675],[-0.704542606286121,43.355830834380384],[-0.704629983308952,43.35614917350856],[-0.70357549285566,43.35661577943135],[-0.703363585634319,43.35670994442884],[-0.702736335978517,43.356989895246336],[-0.702663741431081,43.35696077007011],[-0.702446939464737,43.35687137934698],[-0.702280023608293,43.35680153430292],[-0.702185515424737,43.35675983028344],[-0.702276691640485,43.356722846305836],[-0.702468089754523,43.35665136023917],[-0.702704463453672,43.35656338391872],[-0.702917738283996,43.35648088114787],[-0.703095726926461,43.356412014545604],[-0.703371296069277,43.35630981593801]]],[[[-0.702458288341383,43.35625327259102],[-0.702545880420698,43.35624117744647],[-0.702676902311021,43.35622885597245],[-0.702813972275193,43.35622037991347],[-0.702954396155358,43.3562122391256],[-0.703004049731541,43.35622242663239],[-0.703085011496596,43.356345197086796],[-0.703041888755232,43.356361713764024],[-0.7029119161876,43.356411464502614],[-0.702739703454732,43.35647418908894],[-0.702594523604597,43.356531214621],[-0.702395377274979,43.356605037581026],[-0.70223971913864,43.35666035001229],[-0.702125425195122,43.35669866577905],[-0.701986755353406,43.35674754235239],[-0.701934814936938,43.35676129842],[-0.701824400580314,43.356777416467644],[-0.701743990465462,43.35678413175303],[-0.701632461571474,43.356794433888815],[-0.701544730094122,43.356810135414555],[-0.701433066963417,43.356831789430764],[-0.701339836085775,43.35685218200246],[-0.701243053165806,43.356876838806016],[-0.701122308014063,43.35691465381673],[-0.7009942641543,43.35695605069014],[-0.700911855280143,43.35698543867805],[-0.700799328509175,43.35703206804968],[-0.70073777565744,43.3569327676543],[-0.700660810708145,43.35680490548257],[-0.700648489156649,43.356787945685504],[-0.700607828826279,43.35670260994396],[-0.700510567065052,43.35649898187083],[-0.700426623320302,43.35634893364731],[-0.700324766471651,43.356167887533715],[-0.700519745836565,43.35614635542681],[-0.700760319554646,43.35612371286096],[-0.700999136169518,43.356098698288974],[-0.701168921499747,43.356084601621504],[-0.7013194934843,43.35607305358715],[-0.701459913271757,43.35606293356724],[-0.701595653305826,43.35605297355869],[-0.701699957791434,43.35605318550307],[-0.701780779492889,43.35623909328329],[-0.701829495103184,43.35637674756793],[-0.702028658911981,43.35633966932562],[-0.702252629184986,43.35629489688084],[-0.702458288341383,43.35625327259102]]],[[[-0.700222441512975,43.33226985128714],[-0.700282843145889,43.33234397242097],[-0.700196947108176,43.33236654543542],[-0.700093442122834,43.33239539479051],[-0.699881517876933,43.33247262381521],[-0.699665140365452,43.33255351708256],[-0.699553308518746,43.33260255366094],[-0.699432030569612,43.33266010866145],[-0.699314258871078,43.33272231658199],[-0.699256513524868,43.33275293117197],[-0.699109357244644,43.33285513947182],[-0.699025564461128,43.33291240181916],[-0.699020953968098,43.33291553149828],[-0.698809177512051,43.3326819642058],[-0.698732826309622,43.33259767118897],[-0.698539182420793,43.33238707813645],[-0.698711748992713,43.3323251574919],[-0.698871601387693,43.332280422362615],[-0.699179214804526,43.33219478736559],[-0.699375638552527,43.3321547437001],[-0.699433185417722,43.33214601984497],[-0.699628255121089,43.33212907681899],[-0.699651365912382,43.33217772747463],[-0.699792361913102,43.33213714859871],[-0.699978215441942,43.33208044471619],[-0.70008657071111,43.332048367468325],[-0.700146694345933,43.33202406509634],[-0.700356540718814,43.331929885736805],[-0.700533931682737,43.33210248735333],[-0.700222441512975,43.33226985128714]]],[[[-0.701860987416983,43.35683200086274],[-0.701863406690347,43.35684083393266],[-0.701862075772835,43.35685276734841],[-0.701853677159591,43.356866113489566],[-0.7018402408718,43.35687981220551],[-0.701695827820412,43.356954551954615],[-0.701563716230515,43.357030581546205],[-0.701395098730349,43.357137760289646],[-0.70127319485976,43.357220915046426],[-0.70115111967795,43.35731101010336],[-0.701051311227594,43.35738845507019],[-0.701005368707063,43.35742064770307],[-0.700860996163918,43.357511415487984],[-0.700795503218551,43.35755436377999],[-0.700721689580388,43.35759651607224],[-0.700641258337994,43.35764132638435],[-0.700561929577751,43.35768600884638],[-0.700451341589748,43.35775706765694],[-0.700356870874038,43.357819649597964],[-0.700302919197093,43.35786742609561],[-0.700270369092019,43.35790636489036],[-0.700255620267728,43.3579361389003],[-0.700234995147135,43.35798394576128],[-0.70021893232568,43.358025922759936],[-0.700198683151866,43.35810262584864],[-0.700175326786036,43.35820204018987],[-0.700159981864204,43.358253268747454],[-0.700130597831178,43.358328032910045],[-0.700096308591954,43.35839945258351],[-0.700064178172986,43.35846413397708],[-0.700026932763912,43.35852412716053],[-0.699960673682318,43.35863392529431],[-0.699889567196192,43.358752805130926],[-0.699861831069045,43.35879752302451],[-0.699826615367167,43.35885645604066],[-0.699795080620048,43.35890544661965],[-0.699731177742275,43.3590039065599],[-0.699655253869458,43.359130426000306],[-0.699591346715801,43.359232668505],[-0.699237824929426,43.35911318535954],[-0.699335856126201,43.35897150045724],[-0.699484131597976,43.35875505834281],[-0.699490850815106,43.358721326341154],[-0.699491656477831,43.358678160279595],[-0.699488662948386,43.358593156468736],[-0.699482007510431,43.35851070954563],[-0.699462012391524,43.358397378286895],[-0.699423761841987,43.358307276485405],[-0.699370774929662,43.358199126559775],[-0.699239176408211,43.35802774233042],[-0.699018830065365,43.35775636582396],[-0.698972723959144,43.35769382065616],[-0.698943967301963,43.357645811998566],[-0.698903826563026,43.35757045444582],[-0.698834294387318,43.357425675794445],[-0.698969507098378,43.35743627077157],[-0.69912054507717,43.35744920613552],[-0.699252375019987,43.357459015886114],[-0.699433193124016,43.3574705718275],[-0.699515888618788,43.35746675207218],[-0.699601495480037,43.35746022092578],[-0.699679472595323,43.357454040807106],[-0.699766106954594,43.357446213543525],[-0.699840710695878,43.35743555569237],[-0.699944493923036,43.357419936788446],[-0.700015118152666,43.3574068933115],[-0.700072995935301,43.35739140402702],[-0.700151961433563,43.35736411583453],[-0.700247646463834,43.35732427756347],[-0.700360626264781,43.35727123906684],[-0.700441232519991,43.35723299731642],[-0.700498826821995,43.35720734077923],[-0.700573481334037,43.35717443598754],[-0.700634229417825,43.35714984222132],[-0.700762164011356,43.357100974595966],[-0.700827035579362,43.35707524894443],[-0.700930481954595,43.35703136192521],[-0.70102579852088,43.356995408106364],[-0.70115554137564,43.35694972025029],[-0.701238240753086,43.356922933852935],[-0.701350175111947,43.356893975943606],[-0.701484513272336,43.35686217966674],[-0.701582370059067,43.356842709333655],[-0.701637472435158,43.35683397859192],[-0.701718173025759,43.3568241013625],[-0.701810155504711,43.356815008632246],[-0.701840044886146,43.35681533631504],[-0.70185252975103,43.356821393199205],[-0.701860987416983,43.35683200086274]]],[[[-0.701843682899935,43.374378911370385],[-0.701686829777296,43.374449032937285],[-0.701477763899135,43.37453661155606],[-0.701236387234032,43.37463051887812],[-0.700972581561627,43.37472699426906],[-0.700966918747108,43.37472916935762],[-0.700730273466431,43.37481796028765],[-0.700391330249895,43.37494213177763],[-0.700004834298582,43.375085220409744],[-0.699895474276375,43.37512597604264],[-0.699792627786524,43.37516434731729],[-0.699472555692637,43.375284448052675],[-0.699234800914686,43.375369490993485],[-0.699074438577969,43.375429281605356],[-0.699006981629158,43.37545545448318],[-0.698885788025664,43.375502287544066],[-0.698708299346554,43.375570318385684],[-0.698487111608712,43.375657675074],[-0.69821467117002,43.375762093885925],[-0.698177132005641,43.3757754454257],[-0.698023535254445,43.37584256820576],[-0.697640942241337,43.37600622858929],[-0.697575797394626,43.37594541305307],[-0.697407956095496,43.37579849760022],[-0.697338692587604,43.3757331395813],[-0.697201598025464,43.37560741786479],[-0.697093133947102,43.37550647476201],[-0.697008926833069,43.37542757788573],[-0.696987644168621,43.375405700097545],[-0.69692294728248,43.37534414844845],[-0.696886004364167,43.37530911667361],[-0.696805982360616,43.37523385917622],[-0.696812511508345,43.37523363603405],[-0.696855222511677,43.37522776335616],[-0.696894330289209,43.37521769090582],[-0.696959445472925,43.3751877268079],[-0.697022466500679,43.375152070372806],[-0.697053522888234,43.375128133549225],[-0.697111961120183,43.37507687310802],[-0.697177887159073,43.375017251258214],[-0.697247666752994,43.374952274141705],[-0.69728842262016,43.37491404633843],[-0.697326491195291,43.37488203448713],[-0.697352817788711,43.37486519390097],[-0.697390250678057,43.37485211645661],[-0.697436148942012,43.37484397314113],[-0.697488483812267,43.3748399326881],[-0.697564746508147,43.374835524577094],[-0.697629000021311,43.374832517601504],[-0.697722940678391,43.37481885926308],[-0.69787628047599,43.37478813010858],[-0.697949217074148,43.37477230768563],[-0.697990876707918,43.37476160722173],[-0.698022178735836,43.37474918945397],[-0.698042414771301,43.37473940151446],[-0.69810501121668,43.374699075790424],[-0.698172727606792,43.37466541958051],[-0.698264775914581,43.37462615821034],[-0.698326286367875,43.37460352134401],[-0.698408810312556,43.37457359154284],[-0.698482281620356,43.37455072574564],[-0.698543609022793,43.37454061342335],[-0.698565036355422,43.3745416819721],[-0.698639102325517,43.37455112746265],[-0.698728210971876,43.37456987512684],[-0.698811845410777,43.374584126763544],[-0.698871321127971,43.37458362399119],[-0.698972100116413,43.37458224912162],[-0.699054941447055,43.374574552919285],[-0.699093203392957,43.374564778758156],[-0.699169297963921,43.374540471866744],[-0.699216321706475,43.37452679559729],[-0.699344019625074,43.37453701819288],[-0.699399070107523,43.374538737865635],[-0.699414882630522,43.37453504494537],[-0.699434856624425,43.3745288681214],[-0.699459477089812,43.37451622813846],[-0.699507693851764,43.37448269761057],[-0.699666575611007,43.37435766301723],[-0.699859516800093,43.374336113569804],[-0.699903607023955,43.37433442533083],[-0.699942253938027,43.374338326902105],[-0.700001754916416,43.37435934711684],[-0.700040367470484,43.37437423722174],[-0.700085507063016,43.37438503143702],[-0.700112864788485,43.3743861669982],[-0.70015103820011,43.374388463603175],[-0.700177219776183,43.37438666738171],[-0.700245042954455,43.37437390023665],[-0.70032341994646,43.37436014158541],[-0.700391316123455,43.37434467003119],[-0.700487537786252,43.37431850285085],[-0.700613526586551,43.37428294155373],[-0.700700249072008,43.37425881031664],[-0.701145131314166,43.37411759385611],[-0.70147564754375,43.373966149677806],[-0.701575847333159,43.37402873522819],[-0.701627386032674,43.3740584026728],[-0.701694656737047,43.37409464650525],[-0.701773565061523,43.37413139263404],[-0.701836419986427,43.37416040253159],[-0.701978571616604,43.37421299623395],[-0.702096776443687,43.37426181626655],[-0.702085988173106,43.37426875993421],[-0.701843682899935,43.374378911370385]]],[[[-0.701598840354844,43.375820336732644],[-0.701666609540875,43.37581630647328],[-0.701780076410973,43.375829805201114],[-0.701892536818597,43.375846850627106],[-0.701924411117133,43.37584909203692],[-0.701966658516126,43.3758494473984],[-0.70201699003899,43.37584304169365],[-0.702045046850889,43.37583775855019],[-0.702186254245936,43.3758026652822],[-0.702285586962069,43.37578836813972],[-0.70237726150899,43.37578937318134],[-0.702350109276432,43.37573194312587],[-0.702284114022486,43.37559848031774],[-0.70221963095902,43.375478925158426],[-0.70215951795323,43.37539659563414],[-0.702116593321282,43.37533196014614],[-0.702189888912196,43.37530828726913],[-0.702242746626399,43.37529125787263],[-0.70250468652061,43.375207992098915],[-0.7027359284326,43.3751311801525],[-0.702929375967197,43.375065658268085],[-0.702982656626733,43.375047533289994],[-0.703087651057191,43.37501187725904],[-0.70329474478654,43.37494354594621],[-0.703402482722556,43.375059908389254],[-0.703543393041337,43.37520827736449],[-0.703636208764208,43.375305697403284],[-0.70371330507766,43.37538906575681],[-0.703808331287719,43.37548821121122],[-0.70388224122887,43.375579613934654],[-0.703938145928065,43.3756483073895],[-0.703700021141946,43.37575822980884],[-0.70373294390224,43.3758189743649],[-0.703777225094423,43.37589698193465],[-0.703821050604724,43.37597941808229],[-0.702912222099968,43.37658377076198],[-0.702848196372491,43.37659226673726],[-0.702616849886953,43.37663107669764],[-0.702499764676693,43.37665156551809],[-0.702243859805988,43.37669247610464],[-0.701879070933132,43.37675278298981],[-0.701537555328526,43.376810220833114],[-0.701287152637517,43.37685607430255],[-0.701162432363844,43.376878804233705],[-0.69948820126864,43.377306586115026],[-0.699384747807863,43.37716845860121],[-0.69934025618315,43.37710630721716],[-0.699287454662633,43.37703588423517],[-0.6992176810163,43.37694343640116],[-0.699195243847419,43.3769132228084],[-0.699141235696595,43.37683554612334],[-0.698977077517147,43.37662501403951],[-0.699112945066283,43.37657785923435],[-0.699190370453355,43.376551165293996],[-0.699321234808865,43.37650301052629],[-0.699422734569443,43.376459011986896],[-0.699489982504187,43.37641996733158],[-0.69962226289392,43.37636311792896],[-0.699756954905694,43.37630537532715],[-0.699811831446793,43.37628323471095],[-0.699961608947739,43.37624505940659],[-0.700178216513096,43.3761978433029],[-0.70023962218927,43.37618124300706],[-0.700417245690151,43.376113385135184],[-0.700553838266267,43.37606025964684],[-0.70061624078633,43.37604380514929],[-0.700695087764086,43.3760315612402],[-0.700780559875471,43.37601098514253],[-0.700839890088736,43.37599283440937],[-0.700918149197902,43.375963769086916],[-0.701001137623646,43.37593337110388],[-0.701155759229633,43.37587071195503],[-0.70126005758793,43.375835712006925],[-0.701319630445651,43.37582709913993],[-0.701366790020215,43.375825125192904],[-0.701444065327155,43.37584220425397],[-0.701480934254494,43.375835719109745],[-0.701598840354844,43.375820336732644]]],[[[-0.700834326601503,43.3731758375226],[-0.700849719071376,43.37322322308892],[-0.700867424335099,43.37329889860132],[-0.700868394571195,43.37330246782732],[-0.700883094425724,43.37335636145442],[-0.70061267938727,43.37336723448112],[-0.700627707855043,43.37346848875124],[-0.700660895752302,43.37353534902887],[-0.700707918091791,43.37362344058023],[-0.70053292198304,43.37368211307072],[-0.700481868522899,43.373690704286034],[-0.700297469808506,43.37370106535288],[-0.700221532172605,43.37370474383954],[-0.700189008679415,43.37370774769506],[-0.700035707651294,43.37373901927836],[-0.699973815530817,43.373751853611516],[-0.699823821366283,43.37379616061101],[-0.699090148728289,43.3738026108887],[-0.697611692914672,43.373815516076654],[-0.697607528021737,43.37379296322423],[-0.697560527746153,43.373495659387004],[-0.697512570978324,43.37321613020419],[-0.697451880856509,43.372817166015395],[-0.697582646918592,43.372811795273606],[-0.697842560229921,43.37280083847539],[-0.69810728319985,43.37281862599242],[-0.698201075980999,43.37282001228459],[-0.698273659621091,43.37281410828939],[-0.698481686470018,43.372789163432344],[-0.698734972457292,43.372759608464385],[-0.699825687578999,43.37251912894195],[-0.699817332944785,43.372368023099476],[-0.699755149825829,43.37218615663156],[-0.699736428661787,43.37213690351614],[-0.699718398857742,43.37210608913908],[-0.699666269741769,43.37194810502751],[-0.700028470366602,43.37187870723161],[-0.700043096489919,43.3718757752684],[-0.700372032822419,43.37181129674053],[-0.70042041214402,43.37196085310154],[-0.700491036089605,43.37216836785614],[-0.700530467123233,43.37229778663897],[-0.700559159024707,43.37239650197185],[-0.700615692574506,43.37259990573001],[-0.700649547418222,43.37270979205646],[-0.700671147588755,43.37277308606904],[-0.700697998995047,43.37284700768107],[-0.700724376915023,43.37291932440314],[-0.700800853318403,43.3730949376352],[-0.700834326601503,43.3731758375226]]],[[[-0.700567461672474,43.36923617926925],[-0.700970433935864,43.36917718074953],[-0.701440643253946,43.369115609512754],[-0.702229813564027,43.37013996408308],[-0.701530741945241,43.370303664341236],[-0.701472201422829,43.370445351426845],[-0.70179048441141,43.37066456300624],[-0.702177337883914,43.37072526187857],[-0.702439724066313,43.37060127323404],[-0.702898025996401,43.37054442644987],[-0.703410336583123,43.37137885883193],[-0.703246638331354,43.37140959057038],[-0.70296289967269,43.371464605322394],[-0.702271334024536,43.37159743249994],[-0.701849877521848,43.371678322341495],[-0.701422366498607,43.371759147516855],[-0.701323710544592,43.3717781040407],[-0.700896038340832,43.371860283515396],[-0.700524528877845,43.37193081327703],[-0.700456724301982,43.37176715162473],[-0.700376447464214,43.37152853608459],[-0.700263908579396,43.37120861899665],[-0.700204471225563,43.371002252644374],[-0.700151736589582,43.37088670803232],[-0.700085830542884,43.370739102209114],[-0.700010173896022,43.37057615943007],[-0.699945400429287,43.37043463893835],[-0.699883726378061,43.37030868290421],[-0.69981740392847,43.37015649819716],[-0.699762395400638,43.370017075269814],[-0.699721318326946,43.36989464748839],[-0.699709366309883,43.36980472587188],[-0.699690787323099,43.369696208350554],[-0.699674466162573,43.36959400788378],[-0.6996717994182,43.36953330843519],[-0.699675069142979,43.36940747249336],[-0.699829663709312,43.36937345507928],[-0.700012746877113,43.369333239372644],[-0.700264959622206,43.36928147218537],[-0.700567461672474,43.36923617926925]]],[[[-0.699683887458672,43.37002678543396],[-0.699757828147673,43.370220677695656],[-0.699855140134559,43.370465104867876],[-0.699956748855493,43.37070722359507],[-0.700001475850251,43.37081151447123],[-0.700089940252953,43.37098932941629],[-0.700099270324493,43.3710269256579],[-0.700101336839817,43.3710782794366],[-0.700098810661351,43.37111772223889],[-0.700087805685076,43.37114241501041],[-0.700068922793744,43.37116746733561],[-0.700041984789261,43.371188202132075],[-0.700015660662526,43.37120504332553],[-0.699997905170788,43.37121114439199],[-0.699969906305312,43.37121921694653],[-0.699903792001086,43.37122778278078],[-0.699776415443336,43.37123781370859],[-0.699457387687471,43.37125665122696],[-0.699291117906805,43.371264679607265],[-0.699184772681384,43.37127155889768],[-0.699032786292716,43.37128477217855],[-0.698834388770444,43.371305786551105],[-0.698496957911691,43.371337949053675],[-0.697941998635538,43.3713873643583],[-0.69764212047531,43.371412206232726],[-0.697435020051595,43.37099023902542],[-0.69727658013166,43.37045322252319],[-0.69721408930993,43.37035674276042],[-0.69960087187607,43.36909624065399],[-0.699603243693429,43.369135065536746],[-0.69958999807713,43.36924782370286],[-0.699587544037092,43.36936138352883],[-0.699593313631702,43.36944539249521],[-0.699597669000712,43.36955349592603],[-0.699605049712318,43.36964528503811],[-0.699622312853694,43.36980248011331],[-0.699631117337591,43.369860718123284],[-0.699651751290758,43.369937824399805],[-0.699683887458672,43.37002678543396]]],[[[-0.698243173351037,43.346585952096625],[-0.698656519141428,43.346625577459406],[-0.699000977736139,43.34662631125098],[-0.699216313177208,43.346626328607655],[-0.699428318332212,43.34662636942894],[-0.699492037418162,43.34683834868407],[-0.699545504886693,43.34708282969613],[-0.699409466516713,43.34711279101522],[-0.699249940766114,43.34714787859633],[-0.698719497050773,43.347258336481815],[-0.698266678286952,43.34735352831278],[-0.698049231032698,43.34739752982384],[-0.697546808614139,43.34751395790762],[-0.697220106542039,43.347589972456134],[-0.696881086746147,43.34765866212922],[-0.69677246996189,43.34767561458101],[-0.696635823241577,43.34769037322751],[-0.696434939814713,43.347704085763645],[-0.695799106551936,43.347747346043676],[-0.695303299553854,43.34778428584332],[-0.69470046831729,43.34782262920863],[-0.694303611252388,43.34785159000855],[-0.694159132772516,43.34786931484763],[-0.694094795008341,43.3478801586885],[-0.694066517957852,43.347889500255484],[-0.69391114392553,43.34797784262093],[-0.693736405432125,43.34805865098781],[-0.693464026597572,43.3481486483666],[-0.693162425360021,43.348242885319166],[-0.692857897308309,43.3483319079218],[-0.692650355167097,43.34838807816034],[-0.69253230556946,43.34821370412715],[-0.692428428216458,43.34806018985378],[-0.692991815264353,43.34807444979701],[-0.693343509225768,43.3479666144586],[-0.693760280058949,43.34767094424902],[-0.693750425393869,43.34760580843903],[-0.693748304558383,43.347455393263985],[-0.693840382243774,43.347363359844984],[-0.69393904742772,43.34726821940902],[-0.694085726929628,43.34713478460771],[-0.694763307970336,43.346917195363815],[-0.69591604316805,43.34679485241131],[-0.696010636838104,43.34661519418051],[-0.696117807010647,43.34637962990759],[-0.696538901062278,43.34642467205465],[-0.696878878890096,43.34644790027077],[-0.697126788731833,43.346465179873064],[-0.697507897754132,43.34651014466617],[-0.697839811254578,43.346548055059465],[-0.698243173351037,43.346585952096625]]],[[[-0.698714276231955,43.35988408118928],[-0.698733839215618,43.35990232458451],[-0.698865863704315,43.360026503989666],[-0.698771635851801,43.360121767779965],[-0.698728426321633,43.36015620746667],[-0.698638593287883,43.3602199800954],[-0.698480847158187,43.36032561145758],[-0.698300873905804,43.360442629742806],[-0.698184747187554,43.36051405564437],[-0.698173445290695,43.36052065624832],[-0.697837913140016,43.36014325300474],[-0.697629716790051,43.36023980103671],[-0.697519903905179,43.3602903866884],[-0.6972631137343,43.36040867873233],[-0.697010687019886,43.360189368104734],[-0.696905413694494,43.36009921510624],[-0.696753768821374,43.359971201183356],[-0.696730577135581,43.35995218090008],[-0.69692717181095,43.35986332606651],[-0.697164912770428,43.359755952849476],[-0.697198247409886,43.359788765598786],[-0.697321854709341,43.35992800427877],[-0.697436099188829,43.359861867135464],[-0.697658702665007,43.35973213525867],[-0.69799184205191,43.35953621184087],[-0.698105115098048,43.35947226860485],[-0.698132838901886,43.35948690081304],[-0.698410911103651,43.3591504751597],[-0.698501011906171,43.359167747091874],[-0.698551344600128,43.35918079540159],[-0.698641170308139,43.3592149177532],[-0.698715099226583,43.35924751238599],[-0.69882459955414,43.359299694037375],[-0.698932329689662,43.35935121566011],[-0.698927778668013,43.35935722519595],[-0.698890437161201,43.359406143935416],[-0.698746079552863,43.35959525323159],[-0.698603220067684,43.359780798770124],[-0.698607555620774,43.35978488328442],[-0.698714276231955,43.35988408118928]]],[[[-0.696430018866102,43.33420715381717],[-0.696393523107023,43.33424019217407],[-0.696342575545427,43.33428642283084],[-0.696253308969789,43.3343545869663],[-0.696122266187157,43.334454258746625],[-0.696083017416186,43.33449054314542],[-0.696003240538319,43.334564326390655],[-0.695859681133266,43.334691983446234],[-0.695675434915131,43.334856604114734],[-0.69554228270685,43.33497534944188],[-0.695412021068001,43.33509300514558],[-0.695291888857616,43.335199327376436],[-0.695200643815979,43.33527323186637],[-0.695143685588682,43.33531426394021],[-0.695063382472486,43.335368341819624],[-0.695002071250891,43.335406910940314],[-0.694847612912241,43.335326275552745],[-0.694773946170276,43.335287637172314],[-0.694758756715087,43.33527779972021],[-0.694742478560601,43.335239451207364],[-0.694723410828246,43.33515184646014],[-0.694714740893713,43.33507631427609],[-0.694715815360295,43.33503151891388],[-0.694724370051261,43.334991781279975],[-0.694737065470673,43.33496081782014],[-0.694814267248359,43.334825704287915],[-0.694875188851838,43.33470798795453],[-0.694952071602391,43.334558295901225],[-0.695029902882353,43.33439839486528],[-0.695065330371456,43.33432946053313],[-0.69512547258571,43.33423230383955],[-0.695183700550349,43.3341380043357],[-0.69523833084764,43.334053013660615],[-0.695279824871643,43.33397864853559],[-0.695311715731557,43.333921902742404],[-0.695325638865938,43.3338389340311],[-0.695337887086398,43.33381446994123],[-0.695415658398085,43.33369212470151],[-0.695465157341118,43.33361946711104],[-0.695493340237061,43.333581850177914],[-0.695596326631744,43.33347755484355],[-0.695661914628986,43.33341146164118],[-0.695737908489076,43.33334411204416],[-0.695838394240897,43.3332643075638],[-0.695989398324678,43.333166205054795],[-0.696221947591857,43.33300461513846],[-0.696447824597157,43.332854420006775],[-0.697278324224902,43.33259826054472],[-0.697857138887856,43.33236511424502],[-0.697906274793518,43.33252130426923],[-0.698001429499412,43.332833160571155],[-0.698036087043492,43.33293292950542],[-0.698089544628163,43.33302575121652],[-0.698191419340073,43.33315978388161],[-0.698228349385704,43.33321039361126],[-0.698313023209414,43.333341682564786],[-0.698090944696482,43.33343762712247],[-0.697932969199169,43.33351741929498],[-0.697792564592504,43.33357112382038],[-0.697788683007867,43.3335721571825],[-0.69767985426128,43.33360460845164],[-0.69737671077271,43.33369467899037],[-0.697153666520507,43.333758323882314],[-0.69712403896843,43.333765731324235],[-0.697004367524145,43.33384069972634],[-0.696892955921357,43.333892510854156],[-0.696824667384535,43.33392420513265],[-0.696747351480823,43.33396710507099],[-0.696730628338955,43.3339775833288],[-0.696668481058114,43.33401654226464],[-0.696583718626497,43.3340722147533],[-0.696574714560162,43.33407801618692],[-0.696538982775248,43.33405375180344],[-0.696370976385116,43.333936928573095],[-0.696352302600559,43.333951616124736],[-0.696487628718918,43.33412440205569],[-0.696457706333677,43.33413875382917],[-0.696428334008129,43.33420396935716],[-0.696430018866102,43.33420715381717]]],[[[-0.698227777772181,43.3657071393328],[-0.698219959524643,43.36580449126046],[-0.698195914212255,43.36604316173261],[-0.69819208757002,43.36612002364403],[-0.698171093430305,43.36624286279682],[-0.698161491279151,43.36630091955609],[-0.698127004241924,43.36638090124964],[-0.698085929346123,43.366456335015904],[-0.698044159297746,43.36655745962362],[-0.698024680229583,43.36659820234388],[-0.697983482276868,43.36663905725685],[-0.697959120588115,43.366671050976045],[-0.697937279844869,43.366721150606615],[-0.69791197844236,43.36678847995118],[-0.697913219473573,43.366813564249156],[-0.697916038670122,43.3668382343482],[-0.697887506046893,43.36688793235565],[-0.69783328544175,43.36697011969395],[-0.697746945063925,43.36705961931124],[-0.697646868293016,43.367165889341834],[-0.697557353439128,43.3672674753091],[-0.69753695580625,43.367305457487745],[-0.697510853216501,43.36736416837573],[-0.697496094539994,43.367405380046065],[-0.697476123588747,43.36746730358371],[-0.697458600261449,43.367550037361035],[-0.697440777839661,43.36757622368693],[-0.697415355266401,43.36759555509133],[-0.697360918965604,43.36762443404839],[-0.697288154421582,43.36765817234981],[-0.697236605230027,43.36767434414704],[-0.697054154472306,43.36772435014192],[-0.696998378439446,43.367749672305656],[-0.696853658273367,43.36783360167756],[-0.696848300042534,43.36783666674604],[-0.69662957461511,43.367956177354685],[-0.696364783597108,43.3679965681297],[-0.696062397619519,43.36805706553253],[-0.695971302392156,43.3680744980656],[-0.695752638883156,43.36813348443281],[-0.695528336712769,43.36821040481699],[-0.695509779760781,43.36795788042884],[-0.695503153905354,43.367841209057985],[-0.695507129640197,43.36763969927421],[-0.695532728940172,43.36739043941089],[-0.695533467373637,43.367330794540976],[-0.695539291199085,43.367259988606484],[-0.695558398796743,43.367113438732495],[-0.695592750643158,43.366900534226154],[-0.695621034253442,43.366756552743674],[-0.695447474027822,43.3666450451624],[-0.695254896978023,43.366514193805195],[-0.694948468302897,43.36630581780876],[-0.694983751963686,43.366236256998974],[-0.69501609634587,43.36617283060295],[-0.695040752670857,43.3661300203686],[-0.695066949394489,43.366105439632925],[-0.695203677953509,43.36600665570627],[-0.695447842045963,43.365843140162525],[-0.695533843966493,43.36578103225601],[-0.695626110126392,43.365718440044844],[-0.695744689706602,43.36563117279549],[-0.695808643119324,43.365575581922116],[-0.695857782197114,43.36554112094777],[-0.69592031046924,43.36550178946505],[-0.695942053992734,43.36550014581063],[-0.695989459153735,43.3655021281765],[-0.696148288403461,43.36552650997866],[-0.696566340902891,43.36478381842057],[-0.697493517848725,43.36472267397661],[-0.697754058531449,43.364841200782024],[-0.697867783655893,43.36500896639767],[-0.698233985321442,43.36506398953612],[-0.698240134417664,43.365296133738006],[-0.698256825363112,43.365371483468934],[-0.698257824008602,43.365398557346154],[-0.698257071061417,43.36546369639456],[-0.698240195577685,43.365619896957845],[-0.698232868534125,43.36566148500186],[-0.698227777772181,43.3657071393328]]],[[[-0.695476055087437,43.35303754010841],[-0.695466961208012,43.352976610858015],[-0.695470299428158,43.35290940289678],[-0.695487578735025,43.35286135131482],[-0.695498863083069,43.35283719010627],[-0.695543038147857,43.352779393528806],[-0.695611867817609,43.35270193198456],[-0.695729709208472,43.35256704878107],[-0.695800329856697,43.35248673407278],[-0.695844638466171,43.35244064045721],[-0.695908835514043,43.35237369383132],[-0.695976359004416,43.352310505994076],[-0.69603332216552,43.35226352944964],[-0.696066727396581,43.35224176409948],[-0.69686859477006,43.35223686602889],[-0.697297139154066,43.352235812182535],[-0.697436318629993,43.3522372670737],[-0.697463614861508,43.352281813440214],[-0.697499028841626,43.35232977462821],[-0.697524586159748,43.352354927713705],[-0.69756103394025,43.35237862767454],[-0.697605863176623,43.35240023982788],[-0.697665450393064,43.352417204571154],[-0.697732584064366,43.35242868779056],[-0.697780421030406,43.35243371622516],[-0.697842348288674,43.35243330952455],[-0.697882344691228,43.3524277089153],[-0.697956952159305,43.352396068322086],[-0.698015728051666,43.35236388841594],[-0.698095992369535,43.352316564110154],[-0.698218885147801,43.35224121435314],[-0.698325982694874,43.35216973688495],[-0.698396118056305,43.35212419973442],[-0.698413382972586,43.35211631442356],[-0.69848587682995,43.3521728234407],[-0.698589716263027,43.35224275971909],[-0.698759706525182,43.352345375984605],[-0.698885267807666,43.35241916197284],[-0.698921873940988,43.352437632655686],[-0.698948105281848,43.352446371626826],[-0.699174730406001,43.35248923194668],[-0.699336696144176,43.35252070507073],[-0.699531481810312,43.352569337043484],[-0.699516740001569,43.3526164920286],[-0.699512184055373,43.35263970303209],[-0.699503106371339,43.35265784531584],[-0.699485589630527,43.3526829407046],[-0.69947209412176,43.35269763177322],[-0.699448162285561,43.352717002740356],[-0.699403654049893,43.352742661349694],[-0.699397822105688,43.35274601294644],[-0.699274306336805,43.352817422801195],[-0.699186767237598,43.352868689308615],[-0.699155173427963,43.35289174457647],[-0.699146946001678,43.35290391384119],[-0.69913827223045,43.35292258262903],[-0.699150462523131,43.353039332465926],[-0.698994716557661,43.353083566039544],[-0.69870620182837,43.353157017195166],[-0.698570610469878,43.353188402747044],[-0.698506354163911,43.35320636096047],[-0.698239340904719,43.353205317018826],[-0.698029739801786,43.35320465046667],[-0.697659916519736,43.35320351879989],[-0.697527218997162,43.353203103288294],[-0.697137935133236,43.35320065400198],[-0.696883848857611,43.35324140238237],[-0.696548772668044,43.35320287521601],[-0.6960215717471,43.35314560775771],[-0.695490614105809,43.353087475513426],[-0.695476055087437,43.35303754010841]]],[[[-0.693250705091902,43.33591425833245],[-0.693341026238853,43.33596826893716],[-0.693287746198623,43.33598395818579],[-0.693357424608624,43.33607199537905],[-0.693377859995896,43.33609822439874],[-0.693410503522282,43.336216705599455],[-0.693024735079893,43.3361980050499],[-0.690380087470153,43.33631479962867],[-0.690223996044855,43.33630103611124],[-0.690251495802785,43.33624498216855],[-0.690312347924209,43.33611061038865],[-0.690370766927992,43.33598640807738],[-0.690440989212925,43.33580380578343],[-0.690505139612588,43.335640052639974],[-0.690564671113797,43.33549086634905],[-0.690804075503488,43.3355263704357],[-0.691004896603138,43.33555661724427],[-0.691110803152447,43.335568941178906],[-0.691230593542409,43.335568813275636],[-0.691469640135964,43.3355640724391],[-0.691677557188969,43.335566428043116],[-0.691826765178598,43.33557484092201],[-0.692003400240527,43.33558961150659],[-0.692115331413386,43.33560352985101],[-0.692337731786849,43.3356335775163],[-0.692479330719167,43.33565800947959],[-0.692577665764134,43.335679236152984],[-0.692755449389839,43.335715760223465],[-0.692904055643914,43.33576480815657],[-0.69303198430896,43.335810779902076],[-0.693097486231058,43.33583754063817],[-0.693171843545957,43.335871563631436],[-0.693250705091902,43.33591425833245]]],[[[-0.693021498837444,43.33571459639961],[-0.692901371664709,43.33567484227877],[-0.692825462942815,43.33565510121233],[-0.692682076072372,43.33562010398334],[-0.692524702773627,43.3355901772706],[-0.692357892225336,43.335565075565675],[-0.692112286770769,43.33553293869107],[-0.691872383470828,43.33551276428524],[-0.691671908407422,43.335497546860665],[-0.691569561188568,43.33549455795986],[-0.691398841387284,43.33551047439659],[-0.691273845333152,43.33551600358436],[-0.691117246061975,43.33551738842571],[-0.691073085960415,43.33551367297984],[-0.691000141220624,43.335501664454675],[-0.690907942952789,43.33548184787925],[-0.690932710692352,43.33537932734739],[-0.690941069303445,43.33534418971737],[-0.691053133715229,43.33534864855204],[-0.691139612913033,43.33534083252987],[-0.691198312477649,43.33533270422728],[-0.691257368401016,43.33532051113808],[-0.691324028842155,43.335301844371514],[-0.691408181891662,43.33526736049948],[-0.691451344739202,43.3352458937689],[-0.691530881481266,43.33519328577699],[-0.691651608852864,43.335105769643434],[-0.691706025147643,43.335059693029166],[-0.691804888057093,43.33496598900071],[-0.691823093164906,43.334942042362016],[-0.691867739781883,43.334878287834265],[-0.691913342222031,43.334798650530914],[-0.691951946291236,43.33472339487624],[-0.691965127523083,43.334678816529724],[-0.691973485403209,43.33464367883876],[-0.691970812184282,43.33462314698643],[-0.691962992937421,43.33459162377162],[-0.691939648690278,43.33454694207296],[-0.691925876629559,43.33452841032795],[-0.691885674994127,43.33448250322215],[-0.69185018244973,43.33445039417423],[-0.69295690584791,43.33472644036767],[-0.693913053657765,43.335416933017356],[-0.694322119093259,43.33538151991394],[-0.694403143135968,43.33562911103965],[-0.694255429378537,43.33566901158152],[-0.694098095309359,43.33571473419282],[-0.693986731210523,43.33574429633069],[-0.693869137187938,43.3357671367994],[-0.693756524873873,43.335769543946284],[-0.693588200960922,43.33577088269062],[-0.693346162461688,43.33575591773829],[-0.693075061899248,43.335734110123234],[-0.693021498837444,43.33571459639961]]],[[[-0.693419985611767,43.35546769254349],[-0.693377615377735,43.35548057722546],[-0.693216042000332,43.35553995101116],[-0.693095596214795,43.3555805385456],[-0.692983167092711,43.35561526850233],[-0.692765090160652,43.35567693152273],[-0.692508695176624,43.35574539615901],[-0.692423392117899,43.35577010327334],[-0.692363590866344,43.355774847041836],[-0.692312876673348,43.355771175191016],[-0.692196650018058,43.35575632145859],[-0.692069205894575,43.35573590672012],[-0.692066215717401,43.355735468461745],[-0.691961328387353,43.35572229867178],[-0.691868847627159,43.35571590991298],[-0.691751401989894,43.35571091374659],[-0.69153008033247,43.35570081802349],[-0.691373601937852,43.355697244020874],[-0.691166336870141,43.35567153782023],[-0.691279825057105,43.35542999853541],[-0.691373094905156,43.35523309805246],[-0.691470633986684,43.355020021282726],[-0.691548848207459,43.35483471187294],[-0.692447563528293,43.354811411558615],[-0.693416619738301,43.35475337003402],[-0.694709202458714,43.35470957240042],[-0.694702557455736,43.354721417057114],[-0.694671072113151,43.35477697853447],[-0.694613783358441,43.3548881775021],[-0.694580074606839,43.35498218004769],[-0.694566105324011,43.35503182954173],[-0.694541914688683,43.35513568354056],[-0.694511544273223,43.35525478853237],[-0.694381512098764,43.35529021147373],[-0.694287942669561,43.35530916856889],[-0.693948264921279,43.3553664327733],[-0.693657631348739,43.355414815916305],[-0.693475240399959,43.35545364728026],[-0.693419985611767,43.35546769254349]]],[[[-0.693168269909695,43.36046556458484],[-0.693031025059933,43.36045223968807],[-0.692854345978685,43.36043990099307],[-0.692785732729741,43.36043819131537],[-0.69265943959758,43.36044358454034],[-0.692505428129643,43.360445961452236],[-0.692333514449034,43.36044633766797],[-0.692145883017074,43.36044220692296],[-0.691960387818048,43.36043674209404],[-0.691991419754468,43.360424065026585],[-0.692124837717603,43.360377722563385],[-0.692243217785979,43.360337477033895],[-0.692355212167038,43.36030159212505],[-0.692532667973458,43.36024329865481],[-0.692723770741622,43.36016877851526],[-0.692893103585437,43.36010508807597],[-0.693068342494013,43.360035341817365],[-0.693218403555818,43.359977172184614],[-0.693453476012169,43.359987786068125],[-0.693865855869643,43.3600090041445],[-0.694166581401824,43.360025209069704],[-0.694311435797728,43.36004556734504],[-0.694528970285462,43.360081003995155],[-0.694881468802815,43.36013461399651],[-0.695031374940527,43.36015867127728],[-0.695149522610955,43.36022830285821],[-0.69528900128015,43.360312965822345],[-0.695337233767582,43.36034328875608],[-0.695342158166489,43.36037770328922],[-0.695362479918633,43.36040393662791],[-0.695382211649095,43.36041713151351],[-0.695413468183625,43.360434885840306],[-0.695448221712056,43.36044558608554],[-0.695484495578682,43.36045497353486],[-0.695514872740634,43.360472487706716],[-0.695584774959988,43.360519271375146],[-0.695658570248478,43.360567092734804],[-0.695767224347794,43.360604176457855],[-0.695797959904066,43.360615734387295],[-0.695892538816256,43.36070274164665],[-0.695997422592628,43.360800293844036],[-0.696086881533143,43.36088252268061],[-0.695818774195579,43.36088421072221],[-0.695634945816522,43.360875903322544],[-0.695513769722581,43.36086680553906],[-0.695423231872722,43.360856210369604],[-0.69523989392004,43.36082284902767],[-0.695087438637754,43.36078987312168],[-0.694954675652885,43.360757935304385],[-0.694754694693576,43.36071910783069],[-0.694570901581327,43.360684410047234],[-0.69443373169621,43.3606607275106],[-0.694328496708651,43.36064036676959],[-0.694226088275237,43.360625583111045],[-0.694133586693532,43.360609380229505],[-0.694070885821524,43.36059594179697],[-0.693966649772236,43.36055267152075],[-0.693901706972893,43.360540840583205],[-0.693844249747691,43.36053217617593],[-0.693748091398161,43.360524383336724],[-0.693648681109767,43.36051399970504],[-0.693510692885581,43.36050448328927],[-0.6934417336414,43.36049738228342],[-0.693349924797429,43.3604861984091],[-0.693256845595902,43.3604782999775],[-0.693168269909695,43.36046556458484]]],[[[-0.691429251299655,43.36283505007936],[-0.691471948613212,43.3628079257461],[-0.691502905582416,43.36279020807851],[-0.691571453095768,43.36275427610136],[-0.691630683218079,43.36272703765242],[-0.691665154257478,43.36270829938836],[-0.691690164617987,43.362690244300616],[-0.691711079486117,43.362658369811875],[-0.691764197463286,43.36266286070582],[-0.691803966753768,43.36265745043403],[-0.691896057401011,43.362655657577754],[-0.691975616847602,43.362647087693105],[-0.692056191065251,43.36263316960274],[-0.692204347956542,43.36260100363457],[-0.692341207241902,43.36256012718619],[-0.692435175611989,43.36252602849682],[-0.692771514709142,43.36240449175941],[-0.693391325706929,43.362170515386595],[-0.693636201692776,43.36207983777751],[-0.693877107019283,43.362010008886166],[-0.693883894619327,43.36200806591512],[-0.693796182959588,43.36210310255244],[-0.693789516560635,43.36212809659103],[-0.693782799994932,43.36217731832946],[-0.693784617781982,43.36220949751804],[-0.693806199879212,43.36230539414006],[-0.693835845864496,43.36239615212669],[-0.69384900585427,43.36243388783919],[-0.693886182611534,43.3624977310036],[-0.69392591339153,43.36255905531838],[-0.693990142242185,43.36264629050087],[-0.694050963954021,43.362722744840944],[-0.694084330601558,43.362763752941106],[-0.694272239441062,43.362966362264515],[-0.694201530507961,43.36297436133224],[-0.694213308688963,43.363042494286205],[-0.694225413959786,43.36311187690347],[-0.694087829769903,43.36314530557424],[-0.694209910829185,43.363381954638726],[-0.694062831572709,43.363452091653656],[-0.693952131105999,43.363512070000695],[-0.693768491906172,43.36362803481833],[-0.693503556497995,43.36380441388126],[-0.693144430135186,43.3640114769627],[-0.692839040606742,43.36418266142541],[-0.692603673892288,43.364319753233424],[-0.692599988243914,43.364321950443305],[-0.692292193978192,43.364490333493414],[-0.692146910333716,43.36456544981627],[-0.692029334272231,43.36463376618808],[-0.691864806014724,43.364714852598105],[-0.69164321678031,43.36483201905314],[-0.691532637203763,43.36489973580159],[-0.6914143466483,43.36496078104346],[-0.691245889582246,43.365034525632154],[-0.691211306858508,43.36504192005976],[-0.691147581077693,43.36504913834943],[-0.691064969265587,43.365046734381245],[-0.690999194375246,43.36503547026431],[-0.690961067220119,43.36502416314608],[-0.690799354620519,43.3648738790786],[-0.690939415190455,43.364788495989266],[-0.690993821937431,43.36473989832995],[-0.691041396662123,43.364690633216874],[-0.691063066742264,43.364660894494456],[-0.691070998050583,43.36462865269973],[-0.691073258772992,43.36455995024198],[-0.691113413580378,43.36451625184013],[-0.690810594003977,43.36423668526199],[-0.690688371396535,43.364290298898666],[-0.690523583113251,43.36409391909142],[-0.690379734712927,43.36392186107078],[-0.691764826726388,43.363837213742414],[-0.691554937557745,43.36369019660221],[-0.691413821905602,43.3635935164326],[-0.691091736488796,43.36339845382396],[-0.691134011287028,43.36329542400577],[-0.691174745158416,43.363216492616644],[-0.691194564207289,43.363194472102975],[-0.691276545519585,43.36312548032336],[-0.691131384619445,43.363013807992154],[-0.691151110677591,43.362996113510434],[-0.691192684634989,43.36296686620941],[-0.691228208258077,43.362951064123294],[-0.691269666117341,43.36294118351353],[-0.691308250085844,43.3629365343631],[-0.6913331626708,43.36293235183921],[-0.691348928593917,43.362926049907905],[-0.691365349970523,43.36291071966657],[-0.691388536097643,43.36287768700679],[-0.691403930355561,43.36285788885061],[-0.691429251299655,43.36283505007936]]]]}}]}
