{"type": "FeatureCollection","name": "aoc_geojson","features": [{"type":"Feature","properties":{"dt":"Bordeaux","type_prod":"Vins","categorie":"Vin tranquille","type_denom":"appellation","signe":"AOC","id_app":585,"app":"Bordeaux supérieur","id_denom":1740,"denom":"Bordeaux supérieur","insee":"33093","cvi":"1B105D2, 1R105S2","nomcom":"CAPIAN","insee2011":"33093","nomcom2011":"CAPIAN","id_aire":1372,"crinao":null,"grp_name1":null,"grp_name2":null},"geometry":{"type":"MultiPolygon","coordinates":[[[[-0.355511440013221,44.69573425071058],[-0.355436109406096,44.69574212218661],[-0.355356314468537,44.6957429202086],[-0.355291368180722,44.69573425687021],[-0.355186428599336,44.69571166786722],[-0.35506755087453,44.69568202231764],[-0.354910413145746,44.695642092867566],[-0.354794218143319,44.6956235393111],[-0.354728826377108,44.69562011553126],[-0.354754074350265,44.695571051065606],[-0.354784995670522,44.69549847610437],[-0.354847317871312,44.69531474458294],[-0.354885123202884,44.695202943269784],[-0.354956656841402,44.69499784665226],[-0.355151647223346,44.69505185663528],[-0.355345607702864,44.69510553708216],[-0.355202304029629,44.695403641315245],[-0.35585841421873,44.69551494212149],[-0.3558384172889,44.69558213991186],[-0.355783921893392,44.69563434451857],[-0.355746583260474,44.69565647265727],[-0.355698501279435,44.69568487389024],[-0.355640961740175,44.69570509161528],[-0.355511440013221,44.69573425071058]]],[[[-0.354930157172276,44.69445573828186],[-0.354674835991841,44.69493466482251],[-0.354594946745954,44.69491690255884],[-0.35445484505604,44.69526879430778],[-0.354424626459147,44.69534044675697],[-0.35427185125951,44.695640819229396],[-0.354201912909225,44.69565861868792],[-0.354087023491333,44.69569589292515],[-0.353953332289776,44.69575049744367],[-0.353902048142519,44.69578241911446],[-0.353806216675415,44.6955310341498],[-0.353697791745312,44.69555594719251],[-0.353476734841864,44.695634825722856],[-0.35328642196876,44.69572295439863],[-0.352971731416325,44.69586936859764],[-0.352977152803997,44.69588190978159],[-0.353061320387478,44.69607327531276],[-0.353077764364697,44.69611179450617],[-0.353185742178975,44.69627657685069],[-0.353229419896774,44.69634598930333],[-0.352849040827397,44.69657314991589],[-0.352716469383473,44.69664024419088],[-0.352409691405863,44.6968008344371],[-0.352203250774022,44.69690675087333],[-0.351992457408938,44.69701171745929],[-0.351889336202976,44.69705998660743],[-0.351734066342697,44.697121459615815],[-0.351628852478539,44.697164295208076],[-0.351511226249075,44.69720660559216],[-0.351342113313634,44.697266875383946],[-0.351223215370412,44.697304808592236],[-0.351081761187768,44.697354328132896],[-0.350837466961764,44.697442014804],[-0.350742389857214,44.69747688319285],[-0.35063249062632,44.69751319157406],[-0.3505231307785,44.69754795164271],[-0.350451237763136,44.69756905177991],[-0.350275288847467,44.6976079005528],[-0.350154260474631,44.69763553446531],[-0.35004870661321,44.697657833775395],[-0.349934274430991,44.697677428173584],[-0.34971570454976,44.69770278848323],[-0.349489736805893,44.69772909319085],[-0.349456027332205,44.6977337180691],[-0.349374563027209,44.69775321493617],[-0.349278879680923,44.697777917985576],[-0.349180059553771,44.697802986230734],[-0.349109971055387,44.697826824250654],[-0.348903421273821,44.69789921677453],[-0.348831821541559,44.69792526298607],[-0.348756454482629,44.69795169350242],[-0.348672173284488,44.69798118715862],[-0.34862475054516,44.69799740041758],[-0.348582930873317,44.698010110021656],[-0.34848698150495,44.69803247756512],[-0.348433138448869,44.698044830108906],[-0.348378244405432,44.69805225840064],[-0.34822101186392,44.69806810010779],[-0.348054593753438,44.69807394704594],[-0.34796793116045,44.698078281512295],[-0.347902291614915,44.69808134901486],[-0.347828765928399,44.69808564630366],[-0.347678580082634,44.69809676853247],[-0.347551034507749,44.69811044951158],[-0.347432069766494,44.69812396084372],[-0.347302100404569,44.69814149946639],[-0.34717282035581,44.698160008286635],[-0.347005977411203,44.69818208621683],[-0.346872973512711,44.6981974633845],[-0.346791290057053,44.69820480014141],[-0.346533629304155,44.69822295631419],[-0.346212074953955,44.6982459277614],[-0.346015207987078,44.6982602616846],[-0.345980400337278,44.698265549464594],[-0.345928371105255,44.698274421752814],[-0.34578210026717,44.69831741187787],[-0.345704357449396,44.69834003739233],[-0.345625656936368,44.69836143027571],[-0.345564688730855,44.69837507816151],[-0.345512595175975,44.698382870880216],[-0.345473593639473,44.6983877446503],[-0.345417272022198,44.69839242122243],[-0.345307991968741,44.69839671657023],[-0.345256790605827,44.69839826463457],[-0.345138833360317,44.69840111008492],[-0.344950691635205,44.69840283329396],[-0.344814985851356,44.69841315339914],[-0.344605920483477,44.69843695461128],[-0.344481540062515,44.69844864403231],[-0.344423241109407,44.698451938112804],[-0.344359619757836,44.69845070734684],[-0.344253639725174,44.6984446294202],[-0.344189866596914,44.69843871745213],[-0.344131127269283,44.69843247308536],[-0.344041819695163,44.6984199438171],[-0.34391836576421,44.698396191584926],[-0.34375030687192,44.69835954994039],[-0.343572378392525,44.69831626787464],[-0.343404595765934,44.69827150752342],[-0.343170720561989,44.69820729794675],[-0.343016824750885,44.698160225128966],[-0.342952223062871,44.69813397277224],[-0.342812964371295,44.69806744435689],[-0.342762231859308,44.69804284538652],[-0.342649748165649,44.6979995670503],[-0.342455968705889,44.697929729321594],[-0.342406890484431,44.69792021859632],[-0.342298606650625,44.69790510738609],[-0.342192569432228,44.69788740514604],[-0.342049704663083,44.69787288773526],[-0.341921556326552,44.697861530011615],[-0.341640443932104,44.69783577902372],[-0.341373447553279,44.69781158343547],[-0.341326468262493,44.69780975825374],[-0.341146330316031,44.69782709258146],[-0.340718690258177,44.69786983167128],[-0.340422355083733,44.697900495094515],[-0.340414452799306,44.697901454547114],[-0.339838772459444,44.69795956280997],[-0.339328381184706,44.698017229421666],[-0.338940649219768,44.698072543791156],[-0.338864992084172,44.69808564002097],[-0.338830279912782,44.698092544619904],[-0.338789167101052,44.69811081589561],[-0.338740009317907,44.69814681110299],[-0.338702723916855,44.698184880982154],[-0.338620060889651,44.698290730586784],[-0.338590066533975,44.69832605736279],[-0.338553455158491,44.69835419483786],[-0.338517507328219,44.69837222004876],[-0.338482914241003,44.698383265962526],[-0.338447828837864,44.69839027180619],[-0.338350964452914,44.69839941198524],[-0.338283073406045,44.69840073950665],[-0.33824178669918,44.69840117419772],[-0.338173062370627,44.6983991026438],[-0.338020234476473,44.69838488061455],[-0.3377876694767,44.69836396281152],[-0.337638998142116,44.6983495247617],[-0.337279014679323,44.698310372754676],[-0.337028689503067,44.69828395175362],[-0.336727457715887,44.69825338854761],[-0.336506804594376,44.69821814194347],[-0.336479255168073,44.69821374637986],[-0.336471713030426,44.69820586399672],[-0.336465190225781,44.698191733347876],[-0.336457464729548,44.69817223242085],[-0.336446038213544,44.698120133499756],[-0.336437727347174,44.69792025184357],[-0.336407401430205,44.69769850679911],[-0.33633867971397,44.69726805559003],[-0.336324916630334,44.697180794502565],[-0.336316125593983,44.69710708006349],[-0.336327574558449,44.69698905241517],[-0.336333970303291,44.69687315954643],[-0.336331467323771,44.69680961804256],[-0.336324161770465,44.69675243888357],[-0.336303353974444,44.69664862996572],[-0.33626873976069,44.69648026876727],[-0.33626827592854,44.696472443268846],[-0.336273143488789,44.69644373193114],[-0.336297496407443,44.69633027119786],[-0.336307091633729,44.69628754050949],[-0.336403114804542,44.69608523365725],[-0.336456797123624,44.69597638508721],[-0.336555684257419,44.69582454288352],[-0.336555915143334,44.695824175484596],[-0.336561126071051,44.695816178853164],[-0.336779340986974,44.695874386262155],[-0.336944382696207,44.695911489531056],[-0.3369949288656,44.69592023744294],[-0.337014205615725,44.695923620830364],[-0.337099028061038,44.695933046944795],[-0.337102196728246,44.69593322169832],[-0.337135759004712,44.69593464232879],[-0.337147108613719,44.69593429999674],[-0.337215589604854,44.695925926783865],[-0.337397478728971,44.69589773280642],[-0.337398766795371,44.69590454224055],[-0.337412399331853,44.69594909543747],[-0.337415548893738,44.69595747068287],[-0.337432891550713,44.695996415310645],[-0.337437128081397,44.6960039467857],[-0.337453022353564,44.69602698579807],[-0.337459333375285,44.69603328327716],[-0.337489150877209,44.69605464075939],[-0.33749725751157,44.69605926210777],[-0.337499076343177,44.696060108332276],[-0.337530742464407,44.696074291423095],[-0.337539378305801,44.696077184732275],[-0.337609857222636,44.69609398154976],[-0.33761788730578,44.6960951810543],[-0.337689180847442,44.69610014895899],[-0.337695891191996,44.69610039707105],[-0.33778289289373,44.696101827331844],[-0.337787322643538,44.696101964021544],[-0.337884748567282,44.69610235884912],[-0.337915572037323,44.696102330019635],[-0.337916969883318,44.696102468065654],[-0.33791836772932,44.69610260611169],[-0.338038338238465,44.69609970748156],[-0.338051608066557,44.69610192028742],[-0.338972154707898,44.69626310187277],[-0.338985489134126,44.69616204753999],[-0.338967638661658,44.69616141482948],[-0.338967722809387,44.69610320178493],[-0.338971481912238,44.696023882406266],[-0.339026119226015,44.69603556964788],[-0.339081394386413,44.696049490341665],[-0.339115593710411,44.69606377675732],[-0.33915530440582,44.6960772660626],[-0.339186410670867,44.69608200412887],[-0.339206522332223,44.69608455095965],[-0.339256229818985,44.69608341116038],[-0.339439216602786,44.69606094766852],[-0.339497733566978,44.69605710891422],[-0.339598452240424,44.69605551055164],[-0.339703856231863,44.69605196848485],[-0.339747863565339,44.69604631484881],[-0.339830368847898,44.69603796721848],[-0.339861879540265,44.69603674568166],[-0.339897266152124,44.6960391016087],[-0.33992845785384,44.69604527863547],[-0.339949079300202,44.69604790005195],[-0.33997105726167,44.69604570472728],[-0.339995479286804,44.69604424659898],[-0.340052846577752,44.69603593679669],[-0.340132117073604,44.696024172335264],[-0.340220827530914,44.69600968987315],[-0.3403049433872,44.695998680094995],[-0.340345719217101,44.69598753701018],[-0.340407103792844,44.695976672785015],[-0.340463140493334,44.69596723151985],[-0.340499158941705,44.695965333044306],[-0.340535643127663,44.69596702486332],[-0.340570672756966,44.69596975178984],[-0.34059727792573,44.69597102099632],[-0.340614343012477,44.69596906398934],[-0.340623500049864,44.69596157876541],[-0.341048857055115,44.69591467344726],[-0.34133366934084,44.69586245949337],[-0.341598298814247,44.69578310072096],[-0.342109420378395,44.695880659242505],[-0.342387859872842,44.695912616913205],[-0.342414643974688,44.69577222846153],[-0.342462045641709,44.69578332162727],[-0.342520636381562,44.695802006357056],[-0.342578384381665,44.695802244110276],[-0.34260223863689,44.69580611900415],[-0.342625883415114,44.695810721096194],[-0.342681711033063,44.69580840364468],[-0.342732452394693,44.69582254962217],[-0.342789601733226,44.695833978908425],[-0.34283301715595,44.6958524011036],[-0.342857815052574,44.69585940125866],[-0.342867772101405,44.69585901030442],[-0.342902705803531,44.695849484524906],[-0.342934433243806,44.69584978741794],[-0.343013921741425,44.69585234166376],[-0.343054745985462,44.69584840484581],[-0.343083405267581,44.69584384439044],[-0.343111859287739,44.695844336252385],[-0.343150926607801,44.69583847008138],[-0.34320678641083,44.6958260591471],[-0.343220585401608,44.69582654327003],[-0.343238708281882,44.6958317626376],[-0.343270997680241,44.695847907696546],[-0.343295836254405,44.69585346477641],[-0.343313020864973,44.69585564876754],[-0.343335425022461,44.695854250874035],[-0.343359176830057,44.695850018862004],[-0.343381660111158,44.69584357244472],[-0.343406559671151,44.695841648581364],[-0.343445166297397,44.69584291486582],[-0.343474041381462,44.69584411478518],[-0.343503339720434,44.69583755250212],[-0.343530063595145,44.69582593177925],[-0.343533130760326,44.69582439733888],[-0.343565651249766,44.69580827618228],[-0.343576808445742,44.69580469506727],[-0.343585980001938,44.695801714614916],[-0.343592132482395,44.695801078134856],[-0.343631301241295,44.695796920804185],[-0.34364350680957,44.69579610138916],[-0.343653195600325,44.695795448142846],[-0.34367135060659,44.695790574221576],[-0.343697469529039,44.69578365742603],[-0.343700206458275,44.69578294394539],[-0.343713512785483,44.69577938797476],[-0.343720540528867,44.69577647230127],[-0.343731518170174,44.695771995503144],[-0.343745045722914,44.695763657046626],[-0.343756558787099,44.6957533069558],[-0.343759874964169,44.69574320459396],[-0.343761817872049,44.695731251439064],[-0.343763516044148,44.695721558414675],[-0.34376573040186,44.695707794868696],[-0.343766549022867,44.6957066888156],[-0.343774399660369,44.695696359301046],[-0.343775916139219,44.695694240953856],[-0.343789715117176,44.695684092100976],[-0.343841288102288,44.69566757525776],[-0.343859744422753,44.69565926804164],[-0.343869678986383,44.69565211947347],[-0.343879398738177,44.69563497525757],[-0.343882315195461,44.695624524535134],[-0.343875589914739,44.69559850597323],[-0.343852551089957,44.69552116758231],[-0.343853447723641,44.69550861528243],[-0.343889964833651,44.69548534470265],[-0.343917578671702,44.69546531681193],[-0.343953020605642,44.695428201865],[-0.343971835874024,44.6954004201576],[-0.343979591285051,44.69537360349286],[-0.343987251585808,44.69535156549825],[-0.34399352684447,44.69532109908615],[-0.344007769188454,44.695307782975405],[-0.344025779727439,44.695300480405066],[-0.344052588739093,44.69529029872388],[-0.344096405861923,44.69527933262653],[-0.344143686579875,44.69526925302321],[-0.34418630035943,44.69526354960491],[-0.344230584446431,44.69525193857286],[-0.344248909124505,44.69524354515708],[-0.344267652711013,44.69523369732578],[-0.344278641928924,44.695225165198316],[-0.344287650877328,44.69521732369387],[-0.344333043392085,44.69523712728441],[-0.344390962232616,44.69528277403514],[-0.34442461321034,44.69530482481534],[-0.344450043747837,44.695313968112195],[-0.344476736365445,44.69531883811102],[-0.344520352623776,44.695317249291634],[-0.344501850574577,44.69532690964622],[-0.344574166778758,44.69544051411091],[-0.344557857212718,44.69541478531563],[-0.345455735192858,44.69513911715938],[-0.345728679266961,44.69505526169476],[-0.345806847106579,44.69503136166789],[-0.346015526957538,44.69496729055816],[-0.346182020800185,44.69491611907678],[-0.346326628456929,44.69487930594862],[-0.346434525067753,44.69484973047912],[-0.346577185627883,44.694820545103546],[-0.346623602459802,44.694819321276675],[-0.346657476204746,44.69481748564459],[-0.346856025485308,44.69475516109502],[-0.347228815277998,44.694640257291425],[-0.347228113415275,44.69466244546065],[-0.347316032650863,44.69465383825535],[-0.347442794714495,44.694641983225544],[-0.347518277816072,44.69463456311468],[-0.347673574260861,44.69462031258658],[-0.348136638008151,44.69466811516339],[-0.348138741203196,44.69465462519441],[-0.348322953561367,44.6946656304439],[-0.348530534851947,44.69467872149951],[-0.348528602975909,44.69469508979948],[-0.348878125401901,44.694656306251744],[-0.348882209374324,44.69468672977738],[-0.349194578252803,44.694605276571764],[-0.349354231822397,44.69455385672883],[-0.349510294703889,44.69450578930189],[-0.34958190647181,44.694475777356566],[-0.349655613734073,44.69444489093233],[-0.349738518653697,44.69488274651058],[-0.350406192548552,44.694675011148114],[-0.350378090819641,44.69457430858613],[-0.350769345031936,44.69462328358128],[-0.350896635864008,44.694624564569565],[-0.351027330419586,44.694634212626376],[-0.351058698671622,44.69475581167747],[-0.351312550576628,44.69467396218593],[-0.351729430521565,44.69449769431278],[-0.351832380195768,44.69445510732958],[-0.352126624314964,44.69433031136684],[-0.352582933164164,44.69413527408617],[-0.352533151992641,44.693651541743115],[-0.352875822302294,44.693597544183994],[-0.353003028955209,44.693555031900864],[-0.353030696404278,44.69354869667946],[-0.353376801732877,44.69347179566446],[-0.35345027379011,44.69345397966559],[-0.353539462930489,44.69343280368687],[-0.353627911480299,44.6934119204132],[-0.35362022775638,44.69337412701121],[-0.353732376064036,44.69333756701845],[-0.353899184363658,44.693300341084914],[-0.354092149263083,44.693254752679415],[-0.354118362202548,44.69324945248299],[-0.354349486671203,44.693242174796254],[-0.354582968660363,44.69324689985441],[-0.354694463903837,44.693258747629734],[-0.35481268717978,44.69328598027277],[-0.355009858312091,44.693336409875805],[-0.355075986378387,44.69336918688174],[-0.355139007484777,44.69340494158928],[-0.355223144839975,44.6934177086253],[-0.355379575942675,44.693689601602685],[-0.355393883829475,44.6937558489558],[-0.355413137692526,44.693796985872616],[-0.355459585878227,44.69384928261726],[-0.355478422575666,44.69386222779112],[-0.355512302823518,44.693875347464605],[-0.35558970380911,44.693891652625716],[-0.355775312962062,44.693902783293865],[-0.355891830238054,44.69389924901319],[-0.355891686733803,44.693932864353776],[-0.355888600260812,44.694097228305026],[-0.355925206893402,44.69424506956642],[-0.355935076313466,44.69428135481313],[-0.355966822802384,44.69432436546247],[-0.356031609584917,44.69439818265602],[-0.355429770813387,44.69422648569302],[-0.355396848107701,44.694271818253654],[-0.35522062100242,44.694511358373084],[-0.355072380040911,44.69448287373738],[-0.354930157172276,44.69445573828186]]],[[[-0.351665001141799,44.70375014363506],[-0.351523490629506,44.70421696453817],[-0.351482146389763,44.704352300479044],[-0.351355176015808,44.704764164225956],[-0.35125376901314,44.7050939743918],[-0.351239800976967,44.70511827657599],[-0.351226394962151,44.70513291996397],[-0.351209546033676,44.70514703684836],[-0.351183141201966,44.705159821147134],[-0.35114322769287,44.705170671680115],[-0.351115694099578,44.705175109913206],[-0.351074930869676,44.70517805647157],[-0.351007426398122,44.70517965018408],[-0.350854640042284,44.70517499558512],[-0.350287034084773,44.705144874443725],[-0.350035546182811,44.70513140261177],[-0.349825736042911,44.70511973227298],[-0.349790233244698,44.70511765317351],[-0.349464914067811,44.70510136889769],[-0.349412526408485,44.70510007109672],[-0.349339548019359,44.7050988558538],[-0.349273548750702,44.70510238536965],[-0.349160755874488,44.70511156629617],[-0.348967175690975,44.70513481631429],[-0.348723521664896,44.70516805168736],[-0.348650187133739,44.705177840174386],[-0.348555791733315,44.70519042857212],[-0.348407115203734,44.70521024623609],[-0.348047634029941,44.705256897000154],[-0.347673051402938,44.70530670673851],[-0.347585702633411,44.70531881078641],[-0.347276119121777,44.705358903339175],[-0.347025357205118,44.705391629047476],[-0.346720146808526,44.70543302950657],[-0.346653918369413,44.70543908745058],[-0.346578741082396,44.705441270942],[-0.346499630206029,44.70544105026764],[-0.346416457868801,44.70544689960845],[-0.346397095310244,44.70545063900058],[-0.346292542797862,44.70547092160768],[-0.346137193748993,44.70551454672458],[-0.345988099586752,44.70555924402239],[-0.345927870136417,44.70558332230887],[-0.345667989246284,44.70569435569024],[-0.345642213540307,44.70570711960308],[-0.345535686266791,44.705770713873044],[-0.345461636357339,44.705817376735986],[-0.345349732590224,44.70589681246232],[-0.345246891804126,44.70598417407917],[-0.345142835582192,44.70608085364188],[-0.345077742743934,44.70615067400264],[-0.345016384523193,44.70622380560211],[-0.344991751542954,44.706260053460724],[-0.344920011664081,44.706373237226494],[-0.344822448666628,44.706526038794706],[-0.344643395009557,44.706812953698496],[-0.344369298729718,44.70724412293075],[-0.343895033447431,44.70799194855712],[-0.3438775671948,44.70801698619523],[-0.343862695213871,44.708034646548015],[-0.343736284617473,44.708178406682926],[-0.343675900533459,44.708246732222406],[-0.343504208576102,44.70844718764008],[-0.343301912408614,44.70868127721786],[-0.342985821394038,44.709039731325426],[-0.342955430924027,44.70905993285917],[-0.342923069386491,44.70907460712069],[-0.342895275621693,44.709078960988165],[-0.342707777852866,44.70908786864014],[-0.34172718328391,44.70911937634113],[-0.341555184339218,44.709116910739425],[-0.341473114923423,44.709139303075396],[-0.341299616086619,44.70916265373363],[-0.340705091412227,44.709239444301424],[-0.340756654745214,44.709096956204434],[-0.340866693962444,44.70880285039594],[-0.34100079495822,44.70844367974559],[-0.341060483864576,44.70828058140581],[-0.341117532501343,44.708132611058396],[-0.341142457954318,44.70806292462964],[-0.341364435726944,44.70808785087684],[-0.341392213072111,44.70801086950008],[-0.341416552233875,44.707944084212436],[-0.341616379097422,44.70794922389069],[-0.341648695945406,44.70794869857413],[-0.34162535000193,44.70774917988967],[-0.341609719588923,44.70760511599788],[-0.341606687106996,44.70757745379749],[-0.341599465506395,44.70757713120822],[-0.34159020170956,44.70748495844815],[-0.341595972990863,44.70748000836357],[-0.341596114335141,44.707473876639696],[-0.341590553021392,44.70746746656897],[-0.341584373779549,44.70746341800805],[-0.341574947144912,44.70746000816469],[-0.341562454708353,44.70746029528243],[-0.341554182143841,44.70746568133336],[-0.341430107388684,44.70747222126436],[-0.341429086856847,44.70746567407618],[-0.341376695927178,44.70746860766263],[-0.341377775199653,44.70747614428345],[-0.341249870404111,44.70748415130253],[-0.341241646365447,44.70747971391471],[-0.341231250109349,44.70747912671726],[-0.341220184541275,44.707482164112584],[-0.341211393426175,44.707489458095736],[-0.341211895418433,44.707497913243756],[-0.341081162235374,44.707505104367684],[-0.341047944659943,44.70750322376088],[-0.341047168750781,44.70752208009707],[-0.340984968687814,44.7075172898944],[-0.340917206103744,44.70751032474285],[-0.340909808440019,44.70758578960851],[-0.340920437619687,44.707649897083385],[-0.341007483408008,44.707662407509616],[-0.341008654363995,44.70769490173034],[-0.341016365892252,44.707920573742065],[-0.34099685224339,44.70811760187951],[-0.341026535541705,44.70815572318175],[-0.34099557297623,44.70823865774479],[-0.340687191677085,44.709072020255775],[-0.34062593915855,44.709234354597385],[-0.340617505443426,44.70924767508549],[-0.340600016602712,44.70926171946636],[-0.340574648561194,44.709275010484],[-0.340560447223619,44.7092805754222],[-0.340536254407357,44.709285991415086],[-0.340515328446224,44.70928896593851],[-0.340484862158401,44.70929087679496],[-0.340438327805084,44.709286063891334],[-0.34034093778061,44.709269630020216],[-0.340205574115426,44.709241456559596],[-0.340066818292287,44.709205095234246],[-0.340004058622124,44.70918238949911],[-0.339971966739739,44.709165426257954],[-0.33994173625261,44.70914363101992],[-0.339901969605745,44.70910806648108],[-0.339873228855822,44.709077305413814],[-0.339822092375963,44.709005589602725],[-0.339794286842301,44.70896290582638],[-0.339769844138285,44.708936430394935],[-0.339791764781415,44.70889485908063],[-0.339945293168504,44.708598901189525],[-0.340026538924901,44.70844128033275],[-0.339718024696138,44.7083592203591],[-0.339696701469004,44.70840446811876],[-0.33965738250061,44.7083806943665],[-0.33959095592351,44.70836431665988],[-0.339586144019541,44.70837266184524],[-0.339567562453946,44.708404490621675],[-0.339515807299666,44.70849481040071],[-0.339376543596463,44.708475404214646],[-0.339341583998436,44.70852935346983],[-0.339323075556186,44.70856667667852],[-0.339304206659261,44.7086064437191],[-0.339221882470476,44.708748057024806],[-0.339021783672312,44.708729855263584],[-0.338935207755353,44.708721023549835],[-0.338869694509072,44.70870939365199],[-0.338751851652141,44.70868258215461],[-0.338627038982295,44.70864904237502],[-0.338449905723524,44.70859833807875],[-0.338337889821314,44.708563240512234],[-0.338197093109677,44.70851585503639],[-0.338127935599203,44.708489646792984],[-0.337951848524969,44.7084203476169],[-0.337812803517798,44.70836200559006],[-0.33833820447721,44.707612125183566],[-0.338107103808026,44.70744824902361],[-0.338099432570482,44.70744460572002],[-0.338216301880011,44.7073016809254],[-0.337940503905531,44.70719159653231],[-0.337946820775568,44.7071851884389],[-0.338009670794723,44.707111475384146],[-0.338252088535631,44.706835636515045],[-0.338502131437981,44.70654992531412],[-0.338540109385644,44.706527693928685],[-0.338468931299588,44.706484426148656],[-0.338790200362315,44.706210892807725],[-0.338594455171902,44.70608487841252],[-0.338415843975419,44.705970781896795],[-0.338322385608413,44.70604821199018],[-0.338125181834207,44.705923141918156],[-0.338071542641463,44.70591565893953],[-0.337866127032931,44.705786330688014],[-0.337652570432457,44.70564967844972],[-0.337535892505769,44.70571483244701],[-0.337533601202336,44.70572093888381],[-0.337240154387724,44.70579250523021],[-0.337185030154091,44.7057450580539],[-0.337183177440365,44.705747907318035],[-0.337179956764222,44.70574899564922],[-0.337145876298342,44.70573254221285],[-0.337093153299491,44.70570854112587],[-0.336999732894439,44.70567369264161],[-0.336822993910119,44.705616666579985],[-0.336788032860105,44.70560879998157],[-0.336747467233805,44.705604436417815],[-0.336701082098766,44.705604213128694],[-0.33667327890003,44.70560838553181],[-0.336630912508039,44.70561840360974],[-0.336603375937341,44.70562707342244],[-0.33657731742899,44.705637230519926],[-0.336549454163153,44.705651046401705],[-0.336205822166517,44.70574782190103],[-0.336177544495263,44.70575038651358],[-0.33614667676914,44.705754020407184],[-0.336127552986595,44.705749010177115],[-0.336109587347112,44.70574009032738],[-0.336087455785665,44.70572697082096],[-0.335825759743919,44.705436778493215],[-0.335741771112971,44.70537344045325],[-0.33564948461768,44.70529800751618],[-0.33545589924398,44.70507820917632],[-0.335076609769865,44.70464360047153],[-0.335458399320909,44.70451278832967],[-0.335595529582991,44.70447080887744],[-0.336283999786449,44.704346878359864],[-0.336746510895585,44.704190289523005],[-0.337755496252968,44.70412336512464],[-0.338173685262611,44.70409939641829],[-0.338281219924204,44.704093178703644],[-0.338402287279146,44.704087183374575],[-0.33866332463795,44.70407435166062],[-0.338816232132932,44.704066223770376],[-0.338980469473047,44.704057393354454],[-0.339101620108244,44.704050673867975],[-0.339233716886584,44.704043173378324],[-0.339355492747722,44.704036344635306],[-0.339476838801791,44.704030790260724],[-0.339555848810345,44.70403786725307],[-0.340061589314019,44.704075497071955],[-0.340114288768457,44.704079943680995],[-0.340939376630688,44.70415685898922],[-0.341102188627341,44.70415807061397],[-0.341225502943001,44.7041665119802],[-0.341325471461667,44.704173315314556],[-0.341495976686945,44.704184926981526],[-0.341572730888433,44.704190178368734],[-0.341638075109812,44.704194783066626],[-0.3427922769805,44.70427535190096],[-0.342878490806287,44.70428031662241],[-0.342913855473131,44.70450344094856],[-0.342971083214589,44.70484575059189],[-0.343052392476917,44.7053233081909],[-0.343075981700572,44.70546091384089],[-0.343166329614361,44.70598424449229],[-0.343182097790406,44.7060773920574],[-0.343192204628891,44.70612628659391],[-0.343892970571604,44.70600716367931],[-0.343925546380094,44.70634913685843],[-0.344430104660431,44.70604752002877],[-0.344444322887266,44.70603375406849],[-0.344453758901298,44.70602031286015],[-0.344456361547977,44.70601095289694],[-0.34445728710147,44.70600101285296],[-0.344447638778844,44.705949221032405],[-0.344454938096269,44.70593809714522],[-0.344470453970131,44.70592915788729],[-0.344806536529151,44.705790593390454],[-0.344814572317692,44.705785484569176],[-0.344840523484864,44.705769291381486],[-0.344734056063578,44.70562130537831],[-0.344722941771418,44.70561713583244],[-0.344716998244468,44.7055809111493],[-0.34467894702343,44.70534885730549],[-0.34417600985014,44.70536504900022],[-0.343749486394103,44.705380731606645],[-0.343715505970576,44.70529155861273],[-0.343675532939805,44.70506749230134],[-0.343678862090335,44.70486194167767],[-0.343679328564947,44.70472730375685],[-0.343567525988157,44.704204441744274],[-0.343429950172346,44.703560350125734],[-0.343441057462976,44.70343467205924],[-0.343498093978216,44.70326967006304],[-0.343587388890123,44.703266971881035],[-0.344119752869545,44.70325088419136],[-0.344557289653122,44.7032549612462],[-0.344557415775781,44.70325495743406],[-0.344649440380631,44.703249292377485],[-0.344818386896679,44.70323895921773],[-0.344818639141888,44.703238951592844],[-0.34490824914998,44.7032309263473],[-0.344974107504173,44.70322506078637],[-0.345090266377599,44.7032215493006],[-0.345163921942386,44.70321932262761],[-0.345320944488283,44.70321457553275],[-0.345449715568415,44.70321068236748],[-0.345635367868077,44.70320506923483],[-0.346018653986507,44.703193479724234],[-0.346226565661327,44.70318611117728],[-0.346391485600424,44.70318031274688],[-0.346574808670426,44.7031737772674],[-0.346665085518201,44.70317059634787],[-0.3468659395243,44.70316353016279],[-0.347035778100064,44.70315758199632],[-0.347188431917254,44.7031516127426],[-0.347510135340565,44.7031391775886],[-0.347630770075039,44.70313444670393],[-0.348082986084027,44.70314527449099],[-0.348249978745229,44.7031467094628],[-0.348428974425679,44.70314814140201],[-0.348567267804147,44.703149272927476],[-0.348654243208427,44.70315006501309],[-0.348655182807277,44.70316373327418],[-0.348865055437385,44.703157471842886],[-0.348864513233087,44.70314198935798],[-0.34903990693685,44.7031317249307],[-0.349243399028234,44.70312015919073],[-0.349809927847333,44.70308796158506],[-0.350114697272216,44.7030797259887],[-0.350419718851653,44.70307148191579],[-0.350419971095353,44.703071474278154],[-0.350420129344996,44.70307201014609],[-0.350558668069494,44.7030433053637],[-0.350558700198597,44.703043845050416],[-0.350732641325977,44.703055879062525],[-0.350802912583579,44.70305411154728],[-0.351701754850157,44.70303067346759],[-0.351746445251149,44.703025805475555],[-0.351755749567787,44.703042013767096],[-0.351768366212727,44.70307353053248],[-0.351779248833179,44.70310987565241],[-0.351780901171963,44.70313974211872],[-0.35178083386758,44.70326166298082],[-0.351777240893107,44.70335620709423],[-0.35177212744655,44.70339339719564],[-0.351756892586127,44.70344945654329],[-0.351665001141799,44.70375014363506]]],[[[-0.350446201250891,44.70604412901879],[-0.350367424506532,44.706223580351846],[-0.350217144613242,44.706621911044344],[-0.35009395883129,44.70690867605129],[-0.349983089326432,44.7071603757015],[-0.349153035400126,44.70702438391974],[-0.349058923128633,44.70700993109884],[-0.348357127358221,44.707893340533566],[-0.348057120368146,44.70831764440549],[-0.347853071511317,44.708630281694994],[-0.347802343274162,44.708635691078904],[-0.347650880139475,44.70865342913076],[-0.347573056705145,44.708647312992106],[-0.347557522845906,44.70867932138252],[-0.347891663221412,44.7088371781496],[-0.348171699400752,44.70896278956716],[-0.347990775982388,44.70922237354803],[-0.347858473863212,44.70941353457349],[-0.347653036853948,44.70976027504467],[-0.347503565377713,44.70974569317962],[-0.347391260778378,44.70973350118963],[-0.347117806278258,44.709701583234754],[-0.346829895339633,44.70966667764111],[-0.34654264218731,44.709632201968205],[-0.345901759694851,44.709552009136544],[-0.345603419307143,44.70951381133513],[-0.345504416543763,44.709500043889804],[-0.345433854620989,44.709492805595495],[-0.345186506590846,44.70947487175214],[-0.345065917406887,44.70945508830451],[-0.344908820213964,44.70942910931306],[-0.344195129376668,44.70930803490896],[-0.344333934504589,44.70887951305038],[-0.343774074668208,44.70872296965524],[-0.343475846268805,44.70863763551428],[-0.343710274892515,44.70836590002878],[-0.343779601769944,44.70828432844717],[-0.343899869357791,44.70814138465418],[-0.343962616444836,44.70806604912601],[-0.34409069157261,44.70791629116761],[-0.344143365648336,44.70783305993477],[-0.344167848050778,44.707792131123306],[-0.344291288932266,44.707592051483054],[-0.344386034362192,44.707440687221776],[-0.344527763547828,44.707214553518135],[-0.344625084800049,44.70705977712284],[-0.344653198598333,44.707014052729924],[-0.344824345409359,44.706745038317884],[-0.344999526526265,44.706465268715924],[-0.345086277504259,44.70633252785376],[-0.345168863142153,44.70622325126633],[-0.345209050211667,44.7061744584549],[-0.345247550639805,44.70613130342166],[-0.345277761036475,44.70610173523487],[-0.34536603769092,44.706028690794035],[-0.345471200262045,44.705950630285614],[-0.345634930123732,44.70584178360685],[-0.345686685781231,44.705815438617485],[-0.3458342215858,44.705746639443376],[-0.345915226782071,44.70571283193561],[-0.346150189635302,44.705631116264925],[-0.346256243542294,44.70559357742654],[-0.346355545714647,44.70556786682624],[-0.346441731881777,44.70554895058041],[-0.346676495785469,44.70551490786718],[-0.346998334085325,44.70547264416539],[-0.347638190248628,44.70538976135889],[-0.347984799239247,44.70534548383193],[-0.348464063323342,44.70528394498675],[-0.348814090166347,44.70523766909349],[-0.349039455385802,44.70520922221106],[-0.349170931957805,44.70519551108992],[-0.349358645928588,44.70519046026702],[-0.349553113531403,44.705190611290455],[-0.349657191157252,44.70519421906928],[-0.349944055981911,44.70520977464077],[-0.350228360949596,44.705224776206244],[-0.350429141600789,44.70523545765036],[-0.350741124531806,44.70525268361642],[-0.350712936595877,44.705335266942114],[-0.350649869420988,44.70552811973761],[-0.350573425373957,44.70567244779449],[-0.350499734900886,44.705812096810334],[-0.350491823798784,44.70589145294116],[-0.350446201250891,44.70604412901879]]],[[[-0.35085503109502,44.72549279487456],[-0.350835324007097,44.72555664912346],[-0.350802941569806,44.725696309700076],[-0.3506892685872,44.726228339862786],[-0.350688801393188,44.72622898477921],[-0.350230243941878,44.726428942492674],[-0.349425236932099,44.72670993808465],[-0.349612962841094,44.726852489864456],[-0.350264400034376,44.72770081254702],[-0.350264652388466,44.727700804909674],[-0.350264410747828,44.727700992444234],[-0.349541973683281,44.72847104341236],[-0.349384022434228,44.7286291008301],[-0.348932411329753,44.72908628871201],[-0.348897547928132,44.729120684343684],[-0.34885881067701,44.72921953619369],[-0.34844281527287,44.729778280586146],[-0.34829322736275,44.72970954506212],[-0.348070283403345,44.72998634963721],[-0.34781261773547,44.73031061075231],[-0.347863651500657,44.730326999459784],[-0.347642399392136,44.73072152660839],[-0.347383512761048,44.73071520744521],[-0.347098111097255,44.73068391769346],[-0.346780925811525,44.73062195924671],[-0.346532903480613,44.730596386434954],[-0.346431894770411,44.730560151566515],[-0.346018955615095,44.73044188275348],[-0.345566335287855,44.730311024735876],[-0.344219521538676,44.729927567886264],[-0.343377247178305,44.72930844856296],[-0.343025506922146,44.72972411742258],[-0.342825648700836,44.72994524615145],[-0.342508017757618,44.730284100382455],[-0.3421333831994,44.730689103502485],[-0.342184330148454,44.730704055643166],[-0.342192948337872,44.73073209013643],[-0.342214843965287,44.730860196918165],[-0.342228033021716,44.73091197268299],[-0.342344415989568,44.73150273744909],[-0.342363689591093,44.73157181095067],[-0.342450216531285,44.731672825626084],[-0.343528854818569,44.731444534362446],[-0.344569757781813,44.73152996593879],[-0.345246151203091,44.73160793015356],[-0.34712919279262,44.731565341758895],[-0.348147696192289,44.73154400516783],[-0.34881971591213,44.731539898961884],[-0.348706103009321,44.734494284755066],[-0.348623727391324,44.73447388816439],[-0.347823434989108,44.73598104520279],[-0.347754102611537,44.73612885093583],[-0.347424421874853,44.736734812391674],[-0.347154686045553,44.7371202614811],[-0.347004926591177,44.73732726794835],[-0.346774237601955,44.73754888550898],[-0.346600087464054,44.737634978980786],[-0.346370752740532,44.7377349050433],[-0.346193139194759,44.737762800801576],[-0.345969256494199,44.737688737415546],[-0.345641889577881,44.73751363256905],[-0.3449993362358,44.73708114150419],[-0.344732163818977,44.736906198028656],[-0.344732094285091,44.73690502868947],[-0.345161184507856,44.7362333555375],[-0.345410320875559,44.7362602502036],[-0.34558518736727,44.73617774135503],[-0.345744739879138,44.73609920931466],[-0.344610707340383,44.7358225009397],[-0.344688085336675,44.73565679267225],[-0.344780042302767,44.7354683865606],[-0.344876938268247,44.73527163107654],[-0.344898468588005,44.73522763735506],[-0.345084796669985,44.735276254507625],[-0.345120241478735,44.73528554631774],[-0.34527771188176,44.734944585298805],[-0.344276905725669,44.734630958395236],[-0.344444493533676,44.73434529139847],[-0.344232604290057,44.73427068254863],[-0.344109472614572,44.73423241029604],[-0.343922757408741,44.734170827413465],[-0.343630421200969,44.73408693284908],[-0.343547107083896,44.734227228115415],[-0.343454376080033,44.7343898847975],[-0.343658558465439,44.73445607725818],[-0.343648308959387,44.734481437557776],[-0.344254485335445,44.73466849089724],[-0.343909009674912,44.73520913701617],[-0.343665661637247,44.73564532320189],[-0.34365393395671,44.7356649610658],[-0.343527196075693,44.735897849834444],[-0.343416088612736,44.736102332132084],[-0.343389832960425,44.73614980232369],[-0.343290222560834,44.73633077885647],[-0.343259568071157,44.73637018177507],[-0.343201710175387,44.73644536905983],[-0.34311240972225,44.73652330794234],[-0.342775086628202,44.73674200899286],[-0.342484288204982,44.736928847021176],[-0.342967954277838,44.73720692390452],[-0.342962507310063,44.7372131257827],[-0.342870766829329,44.73717345357835],[-0.342501424224649,44.73759803209474],[-0.342099173196676,44.73804973472012],[-0.342099436287596,44.738049907],[-0.342099063029858,44.73805000837751],[-0.341952288920711,44.73847570602936],[-0.341574234237601,44.739356143699865],[-0.341489539228136,44.73957343348848],[-0.34248567749399,44.74006474738696],[-0.342869629785697,44.739960161804674],[-0.343988955919734,44.739654407961616],[-0.345452869410003,44.73925641069755],[-0.346104633373381,44.73899954393992],[-0.347223332748592,44.7385372526744],[-0.347412792963897,44.73849169585627],[-0.347412913812132,44.73849160209174],[-0.34785823115213,44.73845822339041],[-0.347884155195704,44.73846257584518],[-0.34802832707619,44.738584371734945],[-0.348122991463692,44.7388408485689],[-0.348308894550385,44.73933444176094],[-0.34783638484278,44.74043618929291],[-0.347205702507058,44.74110693941394],[-0.347026533233714,44.741306454610324],[-0.346796363897069,44.74146696107457],[-0.345747526944436,44.74221413912612],[-0.345223155523111,44.742576999561706],[-0.344174024103169,44.74343473676756],[-0.34312163245495,44.743576630661565],[-0.341955108833203,44.74371294798806],[-0.341468866169137,44.743794574498935],[-0.340292012899646,44.74432551050836],[-0.338861739014835,44.7449478779371],[-0.338804795308774,44.744827855319926],[-0.338421879646582,44.744631064332154],[-0.338229971348307,44.744533583064424],[-0.338179387311968,44.74450789457409],[-0.338104434711351,44.74450835188274],[-0.338057482524132,44.744509767278196],[-0.33797375778098,44.744522203323555],[-0.337690408571057,44.74458408988607],[-0.337429709426012,44.74463348855226],[-0.337296245855067,44.74463660989178],[-0.337213554346684,44.744628108544674],[-0.337148221636228,44.74461169492442],[-0.337113852959401,44.744599304202964],[-0.337001172220539,44.744558455650875],[-0.336786876582798,44.744458672974],[-0.336746012124295,44.74443908881676],[-0.336724803934524,44.74442900472797],[-0.336690184641365,44.74441238623552],[-0.336588157936602,44.74436355684768],[-0.336380745274834,44.744266810019035],[-0.336409537079953,44.74417880557589],[-0.336459831959889,44.7440525771046],[-0.336549671307467,44.74384270588362],[-0.336584848280891,44.74376216839469],[-0.336609781468248,44.74370717052808],[-0.336646890941882,44.74363576606582],[-0.336780467547852,44.743412952436756],[-0.336934870244287,44.743155449225455],[-0.336875540144221,44.74312723034931],[-0.336144571893803,44.74273240455047],[-0.336413928978306,44.74226427453545],[-0.336518650796192,44.7420879266239],[-0.336730075549121,44.741717509115176],[-0.336846125072364,44.74152541061004],[-0.337008771681725,44.74118106265634],[-0.337147618003585,44.740870322101614],[-0.337183217370197,44.740758593458224],[-0.337234745645053,44.74054455983475],[-0.337281050755727,44.74035969920238],[-0.337304331208971,44.74021509104501],[-0.337417454365005,44.73973724960471],[-0.337561415653064,44.739131422730054],[-0.337684306581678,44.73864355470108],[-0.337831953300688,44.73805518798057],[-0.337979304453845,44.73745124089759],[-0.338044221600755,44.737209409740196],[-0.338102531498172,44.73694146550831],[-0.33812261626721,44.736826149377244],[-0.338128823838006,44.73672837262434],[-0.338123156355823,44.736658437586755],[-0.338106413593196,44.73658721448206],[-0.338084255463091,44.7365227327103],[-0.338004810258513,44.736366353382046],[-0.337948147849773,44.736284979890584],[-0.337749226721215,44.736066692135104],[-0.337633065930402,44.7359541317904],[-0.338336264803317,44.73568638890726],[-0.338284827642518,44.73559719867589],[-0.338225743331409,44.73549418178035],[-0.338201507006996,44.735445802376226],[-0.338128057962668,44.735313752463696],[-0.338070406587071,44.73520717800457],[-0.337988297305258,44.734967527029426],[-0.337939297716612,44.734785179205275],[-0.337917283424888,44.734703932606514],[-0.337906895836071,44.73466522800059],[-0.337884101218788,44.73458148183794],[-0.337932737106949,44.73457875396405],[-0.337931186024867,44.73450148604952],[-0.338024191164188,44.73451147763458],[-0.338010083100189,44.7344100782999],[-0.338002731683165,44.73435010623443],[-0.337993306616731,44.734270102084444],[-0.338011152537161,44.73420441425032],[-0.338021621172998,44.734204008507575],[-0.338018820055136,44.7341759785358],[-0.337974575362565,44.73379254140016],[-0.337639225151809,44.73372921184036],[-0.337621583692777,44.73345319515983],[-0.337615118825704,44.73328245082712],[-0.337620391263614,44.73320299482178],[-0.337644390199558,44.73310251922722],[-0.337710889851941,44.73299607658339],[-0.33782792718556,44.73282737589855],[-0.338007214283451,44.73288540802045],[-0.338138028381751,44.7327188146854],[-0.338292022376098,44.73251466711344],[-0.33810433600012,44.73244715683109],[-0.338021611919939,44.73242928617278],[-0.337941511830793,44.73253658963148],[-0.337698618829051,44.73286596683889],[-0.337512612358296,44.733108023796234],[-0.336874557020578,44.732979566267005],[-0.33685694006966,44.73297667306182],[-0.336557795260974,44.73292900967992],[-0.33644359749677,44.73319467205191],[-0.336404309411961,44.733188737345806],[-0.336339985165368,44.733321245541276],[-0.336166565438641,44.73367546842967],[-0.336103678037354,44.73381090681761],[-0.336069109599804,44.73384619035918],[-0.336046779530219,44.73386614681627],[-0.336015484487123,44.733886283294446],[-0.33581331656774,44.73398176425072],[-0.335572049995252,44.73373555343804],[-0.335373129590967,44.733534022638054],[-0.335697003906749,44.733461458072625],[-0.335217819672605,44.732965690903214],[-0.335147001355167,44.73289276256219],[-0.335085430872398,44.732843615008775],[-0.334922060839888,44.732764013010176],[-0.334407302207837,44.732561451431074],[-0.334200909473576,44.732355277972175],[-0.333803377528719,44.73195706857957],[-0.333700870009812,44.73186130464373],[-0.333492772485393,44.73166680560334],[-0.333138592708802,44.731342981249156],[-0.332999904982446,44.731210459849905],[-0.332924222071216,44.73113641520277],[-0.332109628461498,44.73033183462552],[-0.331760641464614,44.72998442164004],[-0.33137134398931,44.72961154825965],[-0.331145904083164,44.729399275037196],[-0.330869917400939,44.729150946500035],[-0.3307819554185,44.7290594283222],[-0.330711353472684,44.728966486678374],[-0.330648727790476,44.728873755571534],[-0.330569154137413,44.72874242667684],[-0.330542647916269,44.728683301115225],[-0.330483780987859,44.728498184427444],[-0.330454035662969,44.728382206917956],[-0.330437892197998,44.72830168389404],[-0.330430920490499,44.72817537950146],[-0.330432561239305,44.72811982251529],[-0.330434544662518,44.728093540898584],[-0.33045631127259,44.72799574770914],[-0.330574721979247,44.72768779441276],[-0.330626165480479,44.72758099843625],[-0.33075139967737,44.72736484171715],[-0.330954881786782,44.72703991074287],[-0.33104676750794,44.72688179660114],[-0.331055453930418,44.72685558360348],[-0.331067311503373,44.726816749923415],[-0.331209034043738,44.726076468677135],[-0.331328182041534,44.725753353917845],[-0.331455519323358,44.725395660754934],[-0.331532584138512,44.72519437911145],[-0.331652513142006,44.72520680915234],[-0.33235845288856,44.72527738177039],[-0.333501068931394,44.72528983588399],[-0.334035421525259,44.72522274084716],[-0.334201251403621,44.72521414169833],[-0.335044874469574,44.72518503361841],[-0.335145190411618,44.72518002882137],[-0.335132499401667,44.72510453864539],[-0.33509821164064,44.724713773850986],[-0.335610329542728,44.724740784897506],[-0.335607574066133,44.72477745255692],[-0.336143454056246,44.72480870117488],[-0.33618803407421,44.724479807955305],[-0.336228751547326,44.72413481136862],[-0.336255933911952,44.724045414044745],[-0.336282699739838,44.72399162268988],[-0.336325142757904,44.72394429727709],[-0.336381855372666,44.72389888460707],[-0.336432441241459,44.723869515922544],[-0.3364739593271,44.72385348647318],[-0.336520538777301,44.72384820774909],[-0.336903179962622,44.72387451962079],[-0.337543564780513,44.723935320728096],[-0.33771642871585,44.723949482151546],[-0.338052285518296,44.72397972384956],[-0.338813357422723,44.72404651996571],[-0.339421313371841,44.72422741401372],[-0.339525591391396,44.72425724837449],[-0.339578306912926,44.72427016570419],[-0.340062852555368,44.72440972449425],[-0.34025147846547,44.72446792083068],[-0.34013395581099,44.72461951803178],[-0.340418286890064,44.72471852964272],[-0.340535866585267,44.72480419043441],[-0.340655990628502,44.724866706125965],[-0.341308348561342,44.72513095389316],[-0.341392232751255,44.72512382621089],[-0.341537625348101,44.72486478589114],[-0.341680685530874,44.72460905974385],[-0.34174185687041,44.724523861114236],[-0.341791425748735,44.72446676666574],[-0.341860945915249,44.72442637102197],[-0.341926920949152,44.724400770327286],[-0.342072530470578,44.724345461888944],[-0.342228698810163,44.724276408020174],[-0.34234137205664,44.724222003562794],[-0.342484913508363,44.72413828217104],[-0.342593807656191,44.72407984648661],[-0.342798432819763,44.72397544706521],[-0.343113981675592,44.72382552560693],[-0.34335536701054,44.7237250610505],[-0.343490626468807,44.72367429846259],[-0.343608206027212,44.72363443243189],[-0.343799079584256,44.72357730380301],[-0.343940148458356,44.72354348610751],[-0.343990400783455,44.72353196575867],[-0.345460698105429,44.724255909490076],[-0.346441981203168,44.72453541685081],[-0.34761067927935,44.72459965117868],[-0.348087169907662,44.72455883768784],[-0.348207047216129,44.72448114091315],[-0.351012788253538,44.72333482524462],[-0.351189872909664,44.72353014049443],[-0.351218781727245,44.723548639061356],[-0.351012815469909,44.725149652861205],[-0.350986685530163,44.7253560764487],[-0.350986833132532,44.72535643242317],[-0.350936937419159,44.72539092337629],[-0.350900136194616,44.72542880256601],[-0.35085503109502,44.72549279487456]],[[-0.333824028327794,44.730183171276025],[-0.333823842764072,44.730090453666186],[-0.333601413477307,44.73007849902684],[-0.333438445095316,44.73006736671851],[-0.333394956288192,44.73006516191456],[-0.333359346725856,44.730296194822785],[-0.333366256601619,44.73029760874452],[-0.333353506913853,44.73037683888314],[-0.333271620569017,44.730375159401596],[-0.333153253019559,44.73059408618097],[-0.333119963713603,44.73072989300345],[-0.333091682782623,44.73085635780852],[-0.333041816891407,44.731053758267514],[-0.333457598051494,44.730981496637824],[-0.333492002411893,44.73107570698304],[-0.333829281892053,44.73113142107912],[-0.333981913173013,44.73115791259635],[-0.334152349243846,44.73118621054517],[-0.334246446563637,44.73120193925566],[-0.334277081616883,44.73110883399793],[-0.334357298889306,44.730856272448456],[-0.334562258624133,44.73055426775281],[-0.334642216981407,44.730563934048966],[-0.334734704960415,44.73057385363575],[-0.334769002281511,44.730574532600095],[-0.33479168704614,44.73057123607656],[-0.334810276999026,44.73056283651324],[-0.334839505431625,44.73053771644643],[-0.334848366752666,44.73053366488928],[-0.33486373459206,44.73053275140376],[-0.334904287837492,44.730538738588145],[-0.334922377619979,44.73044087477091],[-0.334932861090653,44.7303831588487],[-0.334848173681345,44.73037048137331],[-0.334714015013265,44.730350643475],[-0.334411093344456,44.73030723364616],[-0.334258805377459,44.73028649949386],[-0.333818397599686,44.73022253869655],[-0.333824028327794,44.730183171276025]]],[[[-0.348082169303628,44.71073940445379],[-0.348030143361309,44.711103220889775],[-0.348029678560185,44.71110602836369],[-0.348013057133823,44.71110914440255],[-0.347451773683963,44.71121389058433],[-0.347102732703986,44.71127950495483],[-0.346760591198207,44.71134427878245],[-0.346594880009027,44.71137542189892],[-0.346521412621173,44.71137674241916],[-0.346446563905925,44.7113739595996],[-0.34627105888867,44.711342411486044],[-0.346189184251048,44.71132560355789],[-0.346141412635885,44.71131064796317],[-0.346017423775437,44.71125501431864],[-0.345635363977886,44.71107985728938],[-0.345246385617351,44.71089031034993],[-0.345035344115556,44.7107881070425],[-0.344777452897213,44.71066091714473],[-0.344602076482757,44.710576197766784],[-0.344533544029878,44.71053934148067],[-0.344428560498533,44.71048024828107],[-0.344198358404175,44.71035113902327],[-0.344067035035461,44.7102783337737],[-0.343979390122452,44.71023881074668],[-0.34387572149704,44.710195446554074],[-0.343765430768281,44.71015759883681],[-0.343895545293557,44.70976349176974],[-0.344030441516004,44.70935419171904],[-0.344154441147859,44.70937396332614],[-0.344454256140072,44.70942212260546],[-0.34464374461767,44.70945307052051],[-0.344904215328433,44.70949620013097],[-0.345083900884641,44.709525911739],[-0.345293084389364,44.709552298403224],[-0.345490739318366,44.709576059570786],[-0.345728201442892,44.70960411361285],[-0.345915838446358,44.70962727580495],[-0.346169102426446,44.70965755444847],[-0.34650726492313,44.70969815094842],[-0.34685906365814,44.70974067688862],[-0.346840069042398,44.70981649317073],[-0.346644013253441,44.71051446691074],[-0.346426170109206,44.71048915550945],[-0.346388175968835,44.7106173594673],[-0.347047014769094,44.71067204635413],[-0.347417128634185,44.71070158161831],[-0.347689360169011,44.70983982471044],[-0.347771688746159,44.70984517376366],[-0.3482555586749,44.7098476559025],[-0.348242347294845,44.70987409742383],[-0.348179140040628,44.71014552892224],[-0.348112958422642,44.71043281963953],[-0.348101505420929,44.710546164150855],[-0.348090256486432,44.71065869149992],[-0.348082169303628,44.71073940445379]]],[[[-0.34724789131688,44.711984190615084],[-0.346935751757313,44.71185657359695],[-0.347280953507563,44.71150966227068],[-0.347507444612801,44.711283033153755],[-0.347956989869519,44.71119689570137],[-0.347978734909918,44.711192813679055],[-0.348000348455429,44.71118864552037],[-0.347774283375729,44.71166666993307],[-0.347563526819099,44.71211107028542],[-0.347552910254614,44.712106795803166],[-0.347542162198573,44.71210243518725],[-0.34724789131688,44.711984190615084]]],[[[-0.342943763792549,44.71001220497716],[-0.342732222342123,44.70999931143275],[-0.342409389704509,44.70999978102607],[-0.342047049177699,44.71000099225311],[-0.341796120501509,44.70999937868421],[-0.34160293508072,44.709999805587685],[-0.341367797075093,44.71000023731342],[-0.340689282475814,44.710001258138135],[-0.340589771558702,44.710000207110944],[-0.340472838859326,44.70997814566452],[-0.340336956860289,44.709954042884725],[-0.340432606961116,44.709668661943496],[-0.34050942679101,44.70952162699358],[-0.340551272654584,44.70945809806051],[-0.340598589122427,44.709416480837405],[-0.340627232749146,44.70939876567187],[-0.340682136048007,44.70936575013402],[-0.340741902601475,44.70934015696729],[-0.340961997213281,44.70930774116609],[-0.341160039068128,44.709276351173784],[-0.341568643695989,44.70921589532343],[-0.341749575991838,44.70919430218904],[-0.341799877607741,44.70919233266165],[-0.341988083398735,44.709186829349],[-0.342511420837451,44.70917525881528],[-0.342837548704303,44.70916865188888],[-0.342959597828789,44.70918325736032],[-0.343343773269764,44.7092433788541],[-0.343619088679616,44.70928543217362],[-0.343667771880775,44.709294504092966],[-0.343547355376662,44.709711476023145],[-0.343443591965311,44.71007910518762],[-0.343281062387825,44.710051035229085],[-0.343118307414697,44.710023422395196],[-0.342943763792549,44.71001220497716]]],[[[-0.340065237356935,44.70988529049322],[-0.340021843137756,44.70991210122118],[-0.339986222114729,44.70992723340472],[-0.339960334423794,44.70993603447262],[-0.339904471951494,44.70994438853562],[-0.339845226462207,44.70994896995344],[-0.339760045960156,44.70995090986347],[-0.340075819791642,44.70925456406542],[-0.340322607949353,44.70931208427702],[-0.34042397836283,44.70933596722851],[-0.340448014400018,44.70934281090573],[-0.340463032680692,44.7093510080993],[-0.340467768503916,44.70936266951039],[-0.340468270401214,44.70937112466756],[-0.340463869669448,44.709386395927176],[-0.340437836877788,44.70943106513579],[-0.340295714638501,44.70962539627977],[-0.340156748903805,44.70980692649377],[-0.340109755454863,44.70985186782191],[-0.340065237356935,44.70988529049322]]],[[[-0.339512845619157,44.71260993688113],[-0.339337327885494,44.712431229009596],[-0.33890217322923,44.71197011117623],[-0.338590649201999,44.712127289231],[-0.339598902973664,44.7132359455002],[-0.339470663154727,44.71324278876147],[-0.339783542379451,44.71322974297094],[-0.339849351376046,44.713322912910044],[-0.339985979010596,44.713531899284746],[-0.340281100759581,44.71397543365871],[-0.340548912982981,44.71438248629518],[-0.340748964955117,44.714672008079866],[-0.340664252107549,44.71470961785253],[-0.340756865989415,44.71481360247514],[-0.34105110474644,44.715148399429026],[-0.34135064232211,44.71550213907245],[-0.341625811909728,44.71580299839784],[-0.34169940199678,44.716544183450615],[-0.34114276609187,44.7165856786024],[-0.341178163141195,44.71673058811462],[-0.341251002458482,44.71703142892488],[-0.341333636868779,44.717350356469126],[-0.341412712372387,44.717662543101596],[-0.341525802482535,44.71764516184202],[-0.341781435767737,44.717599867928],[-0.342004733139775,44.71814640109515],[-0.342140636203861,44.718500304576835],[-0.342182403739466,44.718607716065264],[-0.342267794479697,44.71896440631544],[-0.342297051565716,44.71914842867942],[-0.342118673783129,44.71920292497185],[-0.341948774637961,44.71926824850224],[-0.341828908350035,44.71931629189435],[-0.341631346841072,44.719375511641154],[-0.341614683985787,44.71938223229672],[-0.341374361301731,44.71947265907761],[-0.34128984385319,44.719507289659326],[-0.341153169312776,44.71955962431195],[-0.340939061656981,44.719589245504714],[-0.340495016331386,44.71965860615435],[-0.339679033345489,44.7197836122714],[-0.339646476330163,44.71981640341947],[-0.339693394647126,44.719863737249106],[-0.3392055379846,44.719831689206856],[-0.338867424251952,44.719807737444754],[-0.338681752099116,44.7202164899426],[-0.338468622558935,44.72070996260753],[-0.338465986213932,44.72071878278632],[-0.336290878732855,44.72123933024576],[-0.336333072726262,44.72156722971299],[-0.33522060137009,44.72155461966283],[-0.334453170354044,44.72154620253356],[-0.334170803967711,44.72154173257237],[-0.333955473470821,44.72154236144725],[-0.333261118530438,44.72145324943024],[-0.332429512349531,44.72135141486219],[-0.332183455049277,44.721317642405204],[-0.332161927528759,44.72131054104472],[-0.331936318617226,44.72102447628391],[-0.331694891010619,44.7207209554984],[-0.331480565837991,44.720452482174295],[-0.331228980444501,44.72012673892837],[-0.331027560970959,44.71987337534499],[-0.330949937894243,44.71976839089729],[-0.330921220740987,44.719720956397715],[-0.33089230782662,44.719651000402536],[-0.330877470857974,44.71959251526878],[-0.330868400830804,44.719548184002726],[-0.330871737478107,44.719414541284074],[-0.330887893690197,44.71937575854227],[-0.331031866388321,44.71908577861799],[-0.331079442339974,44.71899919331557],[-0.331111328320818,44.718942185567876],[-0.331119911548607,44.718927059178384],[-0.331194505740062,44.71879091143327],[-0.33142891401256,44.71837412830279],[-0.331605369181747,44.71805226231577],[-0.331801515125632,44.71769159684965],[-0.332020405412044,44.717292490411516],[-0.332175086035358,44.71697010753831],[-0.332208649761949,44.71689025123413],[-0.332238176469899,44.7168105164624],[-0.332315571549842,44.71655957418615],[-0.332339857608111,44.71644683687968],[-0.332361381245421,44.71627038522493],[-0.332370877193951,44.71610637038274],[-0.332372394740563,44.715910066247694],[-0.332368114164445,44.71572682235555],[-0.332357002853544,44.71561388930488],[-0.332336400002186,44.71550286400791],[-0.332297957234571,44.71533173218518],[-0.33225802145556,44.7151801990683],[-0.332213611702176,44.71508115423799],[-0.332159987323094,44.714995092257254],[-0.332116421786408,44.71494017560785],[-0.33206894515537,44.71489817223353],[-0.332023751898689,44.71485204517379],[-0.331954748181921,44.71477302411718],[-0.331822371175082,44.714628959574796],[-0.331781389792124,44.71457072108602],[-0.331761990721346,44.71454616455462],[-0.331691614222176,44.71439698947368],[-0.331665165481178,44.714330203626574],[-0.331652686659996,44.71427525211503],[-0.331617930056499,44.714102297176495],[-0.33158299560286,44.713937006894774],[-0.331567695397124,44.71381518905696],[-0.331578675677022,44.7136036421699],[-0.3316081991432,44.71346623774405],[-0.33165037565688,44.71316048857667],[-0.331680898622441,44.71292258213232],[-0.331702665555412,44.71272675002116],[-0.331699566971331,44.7126552063792],[-0.331689990439633,44.7125873720182],[-0.331676364360705,44.712530112249986],[-0.331658112942869,44.712486508123476],[-0.331608802082473,44.712400676639135],[-0.331548101811524,44.71230176171074],[-0.331433916988595,44.712136153924334],[-0.331326763832037,44.71198898701157],[-0.331283889640603,44.71195423386023],[-0.33146218669733,44.71191354394001],[-0.331647666643753,44.71187038475654],[-0.331726867309211,44.711852771966456],[-0.331939956406331,44.711802113011636],[-0.332176298214795,44.71174507662941],[-0.332169547185275,44.71178258515996],[-0.332772686740367,44.711511396418445],[-0.332909504690751,44.71150222996995],[-0.333015598972626,44.71149705237734],[-0.33337397175891,44.711477788413234],[-0.333554036595147,44.71146912073643],[-0.333612717237393,44.7114784366062],[-0.333684194917054,44.71149899107259],[-0.333807234315015,44.71153240975953],[-0.333885850690692,44.711554010585026],[-0.333949461556249,44.711576153513676],[-0.3340954181839,44.71162311878704],[-0.334268113598482,44.71168414634327],[-0.334422600472946,44.71174283875771],[-0.334489921418325,44.71177000584527],[-0.334579847769734,44.71141947387493],[-0.334634910580466,44.71120353452247],[-0.334707284969105,44.71110700915543],[-0.33485257133865,44.71091664535037],[-0.334954548827768,44.71061386835816],[-0.335057946339061,44.71062931497172],[-0.335305287551617,44.71066204965728],[-0.335361199604913,44.710667302986565],[-0.335427975583307,44.710666101415576],[-0.335472033903735,44.71066324166246],[-0.335554971647071,44.71065542546093],[-0.335586986200209,44.71064977483372],[-0.335629742136338,44.71064199825171],[-0.335685639610104,44.710629950840186],[-0.335764719964987,44.710610356297586],[-0.335811993719474,44.71059992040107],[-0.335817019345263,44.71058237778779],[-0.336147816750991,44.710475358225345],[-0.336343848937301,44.71039078291486],[-0.33666447184805,44.710250727975776],[-0.336771076809794,44.71020092710577],[-0.336857981026655,44.710155594864084],[-0.337011819668016,44.71005634116429],[-0.337247881312466,44.709903155214135],[-0.337308098996069,44.70986808885666],[-0.33740397472717,44.70983555149216],[-0.337475291846022,44.70982357878261],[-0.337567048948826,44.70981747746401],[-0.337651513640181,44.70982051685007],[-0.337718303038984,44.70982381893847],[-0.337784023130452,44.70983039718148],[-0.337878293462496,44.70984323291601],[-0.338009677369935,44.70986396007573],[-0.33828104209148,44.70992678090283],[-0.338548114464639,44.70995557904531],[-0.339036528110647,44.710006984034735],[-0.339290452265583,44.71003140131107],[-0.339485540304337,44.710048131970396],[-0.339991739222987,44.71007980274851],[-0.340052538495042,44.710084365545335],[-0.34021134117542,44.71009651316546],[-0.340935463535335,44.71015277985869],[-0.341506031555733,44.71012140609611],[-0.342006988778687,44.71009456453957],[-0.342356515164063,44.71009247894116],[-0.34272647589458,44.71008977500982],[-0.342778296125509,44.71009208445957],[-0.34307722800854,44.710110447890635],[-0.343215152261624,44.71013061093778],[-0.343426471816994,44.71016315422306],[-0.343556454900523,44.7101942798397],[-0.343723509920299,44.71024320827018],[-0.343926241069396,44.71032259691044],[-0.344043097904467,44.71037736694564],[-0.344331498164151,44.710537427679824],[-0.344479433378574,44.7106175701836],[-0.344693507086125,44.71072617076475],[-0.345080559480635,44.71092163490463],[-0.345554440555162,44.71114493010244],[-0.345624277330049,44.711176069448655],[-0.345801381257224,44.711255779053275],[-0.34606803651719,44.711375132525895],[-0.346148239699772,44.71140208340201],[-0.346269916555384,44.71142732964469],[-0.346396098028115,44.71144757360619],[-0.346459319606738,44.711454582782295],[-0.34654118952615,44.71145643240004],[-0.346621219449203,44.71145284088803],[-0.346691095612043,44.71144000471312],[-0.347407076410413,44.711303730633524],[-0.346667852509529,44.71204147116058],[-0.346460325782674,44.7122492326443],[-0.346140934227364,44.712567066294554],[-0.345757024572545,44.712941185793326],[-0.345520628236792,44.71317360719121],[-0.345322792577535,44.71334683161549],[-0.344985778808052,44.713642666844194],[-0.345181069085967,44.713471232093056],[-0.345029940421723,44.71337577789695],[-0.344714277217257,44.71313364107538],[-0.344816432633982,44.713166327357484],[-0.344891179136709,44.71306530773337],[-0.344893044788858,44.71301803371422],[-0.344893037264656,44.71301578119201],[-0.344893123804462,44.713012985166934],[-0.34474317894141,44.71290127507316],[-0.34479063856213,44.712866319812115],[-0.344724492256774,44.71281650568366],[-0.344508085886488,44.712653909358394],[-0.344458681788462,44.71269441996476],[-0.344363846868135,44.712770004551416],[-0.344298808280476,44.71282387326129],[-0.344269733291511,44.71284709912273],[-0.344258230710456,44.7128555566033],[-0.344249147216729,44.71284943328125],[-0.344231521327592,44.7128633021691],[-0.344149536401034,44.71291696198432],[-0.344129048712657,44.71293371073788],[-0.34414501459617,44.71294719534126],[-0.344029019700229,44.713030357473855],[-0.344062715361325,44.71305511077194],[-0.344130996180354,44.713100445405324],[-0.34442110563937,44.7133209186382],[-0.344653423692549,44.71348753987312],[-0.344744049665873,44.71355373515543],[-0.344944322371608,44.713678702284284],[-0.344675784300725,44.71391263384056],[-0.344466319841875,44.71409440806856],[-0.344061331340834,44.714399142761835],[-0.344001427340488,44.714443755011104],[-0.343946881332735,44.714495594357025],[-0.343892433578929,44.714551215324825],[-0.343842477854055,44.71465265663817],[-0.343664254944796,44.7149604502949],[-0.343616904819062,44.71506109189938],[-0.343613959206434,44.7151391260316],[-0.343375497099158,44.715298796028634],[-0.343182315444193,44.71542934383529],[-0.343104233200458,44.715484957425325],[-0.342859015594318,44.71554372691179],[-0.342826410986274,44.715550118291006],[-0.34281464224135,44.71545838136374],[-0.34271222151669,44.7152361998946],[-0.342543050166495,44.7148497815214],[-0.342530809149785,44.71481816219132],[-0.342482122685327,44.71449424564703],[-0.342149831138435,44.714699729076095],[-0.342031576793551,44.7145981417944],[-0.34181180308186,44.71439797587571],[-0.341723045512774,44.71431000534178],[-0.341626545967881,44.71422785531672],[-0.341589918476994,44.71419841397628],[-0.341456159982871,44.71409107669928],[-0.341006275608944,44.71369952489683],[-0.340603120227803,44.71334783130534],[-0.340098128687459,44.71291333533814],[-0.340023655251486,44.7128061897137],[-0.339962614135183,44.71272098538321],[-0.339512845619157,44.71260993688113]],[[-0.33996261596754,44.71272098583563],[-0.339877878089856,44.712602705972955],[-0.339962614135183,44.71272098538321],[-0.33996261596754,44.71272098583563]]],[[[-0.337831923273903,44.70131307363102],[-0.337184585245261,44.70033373865055],[-0.33711861863399,44.700212008302486],[-0.337118339735722,44.70021156616812],[-0.33711884953422,44.70021164090178],[-0.337143647518768,44.70012060358652],[-0.337572346387203,44.70017210115963],[-0.337531447239348,44.699974553938645],[-0.337459884675915,44.699679622516584],[-0.337440439351552,44.69950296429027],[-0.337423182629799,44.69949744749341],[-0.337365487312344,44.69948963617731],[-0.3373119487867,44.699488007096065],[-0.337046786295742,44.69949483322432],[-0.336760242885123,44.699503294705465],[-0.336594771468024,44.6995102671257],[-0.336114057354773,44.699529628207884],[-0.335775675060629,44.699539560017776],[-0.335505474689131,44.69954878705174],[-0.335287118156722,44.69955663088499],[-0.334783142941568,44.69957362362987],[-0.335079918632717,44.69943293919418],[-0.335227615816359,44.699360544974304],[-0.335256502916994,44.69934273371195],[-0.335273474891866,44.699328525535584],[-0.335323638917684,44.69925402504465],[-0.335371124347145,44.699187624981754],[-0.335401112225647,44.69914788399227],[-0.335422551290507,44.69912804447732],[-0.33545322149865,44.69910621460842],[-0.335487991410593,44.69909174019444],[-0.3355675404591,44.69906753569718],[-0.335610035377182,44.69905976675959],[-0.335643652651138,44.69905568958733],[-0.335676509729463,44.69905370783162],[-0.335843439975,44.69904579167476],[-0.33600445532341,44.69904039643879],[-0.336104142024487,44.69903621936806],[-0.336138405811784,44.69903239287808],[-0.336166662275425,44.699027395873905],[-0.336191474499491,44.69901970933176],[-0.33621713199215,44.699004968786845],[-0.336247146443891,44.69898487053336],[-0.336270972283966,44.6989605435304],[-0.336292613158129,44.69893132640487],[-0.336301479646362,44.69891465919443],[-0.336313585277766,44.698875907690606],[-0.336386522070261,44.69858031313498],[-0.336454643338062,44.69830153393457],[-0.336460994622672,44.69828719528401],[-0.336477855859262,44.698273260576386],[-0.336494186210989,44.69826528907512],[-0.336514216695599,44.698264324610186],[-0.336545590310157,44.69826716309895],[-0.336603790568318,44.698277122188806],[-0.336737358386811,44.69829679288344],[-0.336950451870353,44.698321724271025],[-0.337136800671792,44.698343046560645],[-0.337390032075456,44.69836946977469],[-0.337638991901738,44.69839629159943],[-0.337961235781347,44.69842324485959],[-0.338158574574913,44.69844026909522],[-0.338248084653613,44.698445588226484],[-0.338345816357525,44.69844254939617],[-0.338392360538253,44.6984391626515],[-0.338468172976612,44.698428675241225],[-0.338523624100411,44.69841357582211],[-0.338577037524938,44.69839394229118],[-0.338604381583803,44.69837996126104],[-0.338621245717114,44.69836395361235],[-0.338671317126769,44.698309278289884],[-0.338733235675749,44.69822856432667],[-0.338759164731404,44.69820137990181],[-0.338795893288001,44.69817522122051],[-0.338842407103921,44.69815002876883],[-0.338883393815433,44.69813176127875],[-0.338923224660578,44.698119565970636],[-0.339000199687783,44.69810525851063],[-0.339083105822268,44.69809509724406],[-0.339317488076441,44.69806360399971],[-0.339421522097919,44.698051813611315],[-0.339968976255277,44.697994920060836],[-0.340009507342685,44.69799027239154],[-0.340149880448464,44.697975582139286],[-0.340216184218644,44.697968804710115],[-0.340387114793138,44.697949587272795],[-0.340657961827215,44.69792158581892],[-0.340983042900991,44.69788780101899],[-0.341312773664941,44.69785360450842],[-0.341384724968702,44.69785683817261],[-0.341484107197482,44.69786672243304],[-0.341642879841141,44.69788319306957],[-0.342051246255274,44.69792438371754],[-0.342094318296924,44.69792848924315],[-0.342109963458879,44.69793026939457],[-0.342213555674042,44.69794083682397],[-0.342308949531496,44.69795588695527],[-0.342387368611223,44.69797442340502],[-0.342554867359719,44.69802081578664],[-0.342618762466408,44.6980394304137],[-0.342687177184118,44.69806394578986],[-0.342769886207681,44.698095147905256],[-0.342808308142904,44.69811029688537],[-0.342851640806724,44.69813367765898],[-0.342906633373921,44.6981619324767],[-0.342946675572856,44.698178834645915],[-0.343109985872605,44.69822913736749],[-0.343259721381599,44.69827210063251],[-0.343585573942076,44.69835975240828],[-0.34370246554544,44.69839001098298],[-0.343889909393721,44.698431833852936],[-0.34397170047395,44.69844756402632],[-0.34403341413398,44.69845921526022],[-0.344139587659918,44.698474929262694],[-0.344193073083088,44.698482053301205],[-0.344296850487037,44.69848720665995],[-0.344363476156898,44.698492221360986],[-0.34445193627526,44.69849261121157],[-0.344709952554008,44.69846552835193],[-0.344822156735257,44.69845303534646],[-0.344938599572569,44.69844383824543],[-0.345013354009753,44.69844320023818],[-0.345081182985049,44.698442951777025],[-0.345315900679538,44.69843837837809],[-0.345448671884135,44.69843607602749],[-0.345478439616283,44.69843526606659],[-0.345520199605536,44.698430038559884],[-0.34577112280517,44.698368655721],[-0.345866982927357,44.69834476141501],[-0.3459065218435,44.69833617676232],[-0.345973890837021,44.69832819223877],[-0.346234274119961,44.698304818804075],[-0.346633372973619,44.69827076120209],[-0.347010699977944,44.6982360091158],[-0.347209691553117,44.69820854324463],[-0.347475599100857,44.698167608580185],[-0.347604704809531,44.69814829369203],[-0.347647599387638,44.69814303104291],[-0.347825701746695,44.69812971252152],[-0.348046405056786,44.69811681669842],[-0.348148158206659,44.698111304642055],[-0.348293438683816,44.698102673073116],[-0.348351592575848,44.69809694836636],[-0.348406156492344,44.698090341066845],[-0.348490376247087,44.6980767988915],[-0.348583880710535,44.69805792950921],[-0.348604727154865,44.69805369420528],[-0.348762541490774,44.69800728715924],[-0.348882459140292,44.69797157855686],[-0.348914221986123,44.697959713894676],[-0.34917877603661,44.69785997440814],[-0.349280884812049,44.697824353890276],[-0.349339152688544,44.69780781203937],[-0.349374097209711,44.6977984641063],[-0.349436016221614,44.69778595672133],[-0.34948081570847,44.69777874337848],[-0.349530125384036,44.69777301545238],[-0.349953530389207,44.69772289122261],[-0.349976431838716,44.69771922420177],[-0.350146115076311,44.6976875941982],[-0.350307217307705,44.69765613365851],[-0.35044266020427,44.69762445868921],[-0.350462900180348,44.6976185293068],[-0.350558545821705,44.697588960426906],[-0.350629218165595,44.697566455429794],[-0.350837430159023,44.69749869495735],[-0.351103958897303,44.69739826014548],[-0.351318167456181,44.69732301822038],[-0.35143635206611,44.69728159223523],[-0.351697468710741,44.6971878978923],[-0.351918583799739,44.69709712687347],[-0.351969418481633,44.69707459121273],[-0.352113475939537,44.697005167468355],[-0.352243180618735,44.696938701472014],[-0.352560893682158,44.69677714959802],[-0.352886126009084,44.69661248538426],[-0.353159383974487,44.696453360206334],[-0.353192627878259,44.696483350459125],[-0.353232694443606,44.696519711942564],[-0.353320599929406,44.69660202127757],[-0.353674972019095,44.69693072411191],[-0.353850244330938,44.69687422878272],[-0.354257348663663,44.696518929135664],[-0.353675387727942,44.69604078649021],[-0.353884825940757,44.69584745984468],[-0.353920633565088,44.69582294580384],[-0.35394108500833,44.695809980779586],[-0.354078234801658,44.69575617252795],[-0.354156263835492,44.69572362018276],[-0.354224871839656,44.69570045449596],[-0.354273211288658,44.69568484172104],[-0.35430109150816,44.69567994151172],[-0.354329572626,44.695676645054775],[-0.35450004007198,44.69566679095554],[-0.354748629752618,44.695672589780415],[-0.354778167680156,44.695674307316544],[-0.354958442309312,44.69570182107126],[-0.355122424653367,44.69574424619282],[-0.355285929632189,44.69578713610615],[-0.355325899413508,44.69579006900274],[-0.355457845572219,44.69578886078925],[-0.355513653968962,44.69578410446485],[-0.355566639783083,44.69577862272956],[-0.355642751456724,44.695764780220046],[-0.355487107833946,44.69612714710569],[-0.355440373764338,44.69623750738118],[-0.355354621780395,44.696346077312924],[-0.35533870329096,44.696392696362544],[-0.35563875054919,44.69651777018465],[-0.355694126452817,44.69654177198518],[-0.355866549072437,44.69661340607636],[-0.355798724429865,44.69662852922752],[-0.355763832558257,44.69664085127094],[-0.355732444681667,44.696656851644505],[-0.355714603700589,44.696677577398646],[-0.355698436866698,44.6967009556719],[-0.355677141255971,44.69675485655722],[-0.355668833714454,44.69676808435832],[-0.3555878098547,44.696858489084555],[-0.355574991047868,44.696891407563],[-0.355562746555604,44.69692124488273],[-0.355546227886103,44.69694931952099],[-0.355533723776874,44.69696420645596],[-0.355495403529987,44.697014388462385],[-0.355380083937983,44.697141967235936],[-0.355249370646588,44.69726775995476],[-0.355157435703644,44.69735741390508],[-0.354912205661357,44.69759463055968],[-0.354857244458381,44.69767298067688],[-0.354767035490416,44.69777465667734],[-0.354677785057878,44.69772708144697],[-0.354479975179386,44.697611070041795],[-0.354197351339588,44.6977657065983],[-0.354018231293672,44.6978636795191],[-0.35400738269923,44.69787031607942],[-0.353877360788432,44.697944182793414],[-0.353797140156957,44.697997256254354],[-0.353728202806414,44.69804250851848],[-0.353659828739624,44.698088734872606],[-0.353647847578251,44.698097568362634],[-0.353508899429726,44.69818278869875],[-0.353421182231911,44.698256363816796],[-0.353191802890962,44.69844596850661],[-0.353081645864144,44.69854157945156],[-0.352994949465048,44.69870865735215],[-0.352858155787234,44.69885553680827],[-0.352789495224711,44.69901999546243],[-0.35272415144842,44.69914894037384],[-0.352694814099245,44.69913577219838],[-0.352432052915554,44.69928682845952],[-0.352253584335666,44.69939162695346],[-0.352128459907635,44.69930386618282],[-0.352024110703693,44.69938037696982],[-0.351826445654098,44.69952774750889],[-0.351855863353261,44.69954226513046],[-0.352386838972374,44.699802545719066],[-0.351913914239084,44.700169113137],[-0.351899119276553,44.70016253276093],[-0.351810122582325,44.700233802402295],[-0.351361158215853,44.70030480192642],[-0.351218371550503,44.70037238380584],[-0.350913127361429,44.700516703150356],[-0.350824851345219,44.70056190837871],[-0.350682779360419,44.70046961300999],[-0.350533074244533,44.70037430466328],[-0.3503929966774,44.70028366065099],[-0.350214457502641,44.70040224462672],[-0.349886532889327,44.70018464590898],[-0.34953348909675,44.69995465070873],[-0.349392320664608,44.699873229744355],[-0.349171605453216,44.69975015279725],[-0.349140194255074,44.699738217893355],[-0.349007018862227,44.699583024986],[-0.348805629887674,44.69934942854988],[-0.348691476829094,44.699216637580676],[-0.34847948614488,44.69896831320701],[-0.34829118753564,44.6987508099298],[-0.347716485886704,44.698765947236566],[-0.346596313029744,44.69879487820956],[-0.346147408903258,44.69880728365373],[-0.346098881637369,44.69890057288389],[-0.345752484209893,44.69888825035511],[-0.345260989639217,44.698870672044265],[-0.345076365610302,44.69886571106898],[-0.345073326255794,44.698874093033346],[-0.344938176391963,44.699176531533084],[-0.344841910530819,44.699389216718075],[-0.34471950179741,44.69966585887677],[-0.344680904441515,44.699749836295425],[-0.344523817459664,44.70009564930588],[-0.344485852257618,44.700181770172954],[-0.344329503758756,44.70016369824624],[-0.344089393098758,44.70013716432523],[-0.343549188477519,44.700080320760726],[-0.343129514828982,44.70003623280186],[-0.342630584644232,44.69999570906333],[-0.342465200322089,44.699995659069785],[-0.342262173633095,44.69999998982513],[-0.342387432990517,44.700324294558186],[-0.342516094522022,44.70065480411919],[-0.342637829915593,44.70097290752504],[-0.342835687742944,44.701460099426626],[-0.342895393910553,44.70160382248106],[-0.343056497671822,44.70200607001123],[-0.342808240676721,44.7020403327962],[-0.342442756809834,44.702036685800984],[-0.341666039637103,44.70208663771694],[-0.34149000750592,44.70194777864316],[-0.341398093342718,44.701840350431425],[-0.34130814103658,44.701751065022705],[-0.341267679222056,44.701703717857995],[-0.341218820880207,44.70165752532046],[-0.341234288447308,44.701798890507696],[-0.341281422216302,44.701860724055045],[-0.341234364295763,44.701868272485775],[-0.341571823797655,44.70224050647699],[-0.341567329844225,44.702256321238515],[-0.340587562187221,44.70241683406627],[-0.340568162217585,44.70241354504886],[-0.340425601366206,44.70200199393691],[-0.339707256449975,44.702120094732926],[-0.339607332057384,44.70183503100585],[-0.33960732672014,44.70183494105757],[-0.339520410703532,44.701798907380045],[-0.339521170788327,44.70179681192482],[-0.33952040536643,44.70179881743177],[-0.33950008636804,44.70182475140438],[-0.339463982989174,44.70185296393951],[-0.339426850669589,44.70187661193848],[-0.339174066860527,44.70198579389804],[-0.338840005290929,44.702141220944235],[-0.338796243894465,44.70215110180327],[-0.338757041738227,44.70215264512596],[-0.338739328102549,44.70215435103369],[-0.338718497829897,44.70216741464444],[-0.338452731338302,44.70222391222984],[-0.338452736673739,44.70222400217818],[-0.338452614205998,44.70222392192517],[-0.338439026858454,44.70222504658164],[-0.338409974653473,44.70216177879143],[-0.337831923273903,44.70131307363102]],[[-0.338410146049141,44.702162030433335],[-0.338379685908004,44.70209581799486],[-0.338409974653473,44.70216177879143],[-0.338410146049141,44.702162030433335]]],[[[-0.338258584341621,44.709850685001705],[-0.338071089015845,44.709782991513926],[-0.337922646191807,44.70975800316398],[-0.337833181799563,44.709747365365445],[-0.337734607325969,44.70974078686174],[-0.337695689476511,44.70974295184452],[-0.337633023475079,44.70973673199003],[-0.337569456977209,44.70973450407767],[-0.337465633470617,44.70974169017929],[-0.337300011572859,44.70975515519804],[-0.337283503535716,44.709755923352255],[-0.337243059770211,44.70976218911925],[-0.337207143146441,44.70977660842641],[-0.337178521160045,44.70979044731009],[-0.337145052886619,44.7098099290067],[-0.337038213893963,44.70988559874604],[-0.33696763380708,44.7099355751541],[-0.336892434482689,44.70998650178297],[-0.336832296687076,44.710029314912255],[-0.33673033172926,44.71010195386843],[-0.336677136140641,44.7101318521526],[-0.336564943790954,44.710181190624496],[-0.336480623987633,44.71021896562353],[-0.336391764921846,44.71025904003358],[-0.336299773585757,44.71029956923655],[-0.336078116270247,44.71039951468736],[-0.335896738826036,44.710479773062524],[-0.335845945935033,44.71049905569411],[-0.335777305180613,44.71051995759503],[-0.335688279573756,44.710544447499046],[-0.335570316413009,44.710571071059675],[-0.335364746074481,44.710577897639865],[-0.335320359089146,44.71057734309863],[-0.335259065771901,44.71057297280652],[-0.335088103558894,44.71055181313593],[-0.335183586000484,44.710278066668096],[-0.335188640252883,44.710263136401025],[-0.335210242957607,44.7102012109429],[-0.335103164966908,44.71017695458088],[-0.334764211714145,44.71010156500817],[-0.334806861660457,44.70995340148596],[-0.334815692889916,44.70991691138797],[-0.334837618674805,44.7097751393599],[-0.334849897998958,44.709707277395026],[-0.334874145601779,44.70956417386707],[-0.334893976785414,44.70945742739918],[-0.334904666009082,44.709398984725595],[-0.334916901044815,44.70936662718906],[-0.334931697966871,44.70934338360464],[-0.33501876168711,44.70924317140328],[-0.335043539389384,44.709226295113126],[-0.335153217217886,44.70916865379109],[-0.335328517142997,44.70907118863536],[-0.335355318188214,44.70905434139892],[-0.335754671483097,44.709223604547226],[-0.336074451478711,44.70935931149647],[-0.336160304180873,44.70922804708706],[-0.336256378651762,44.709090166783874],[-0.335626612719146,44.708804851427004],[-0.335719974665095,44.708653176541866],[-0.335770048608729,44.70857489394722],[-0.335785608789793,44.70854748219898],[-0.335802172856884,44.708526347845364],[-0.335884876351639,44.70844428822156],[-0.335959897460232,44.70848203529571],[-0.336419216482407,44.708712204420586],[-0.336432122658217,44.70869757801811],[-0.336493233410275,44.708620043626205],[-0.33645009263211,44.708599988374004],[-0.336946453531013,44.70801210634067],[-0.337156660150162,44.70808362205835],[-0.337272258211086,44.70813014674507],[-0.337353602541376,44.70816797252346],[-0.337554000215551,44.70827222275158],[-0.337786262275687,44.70839812904376],[-0.337998808569106,44.70848561217128],[-0.33793680833077,44.70856515669586],[-0.33782313708809,44.708708795686704],[-0.337952672478419,44.70875805318465],[-0.337995157667627,44.70876704417724],[-0.337976730908534,44.708790848244185],[-0.338244784875819,44.7088895423238],[-0.338407903069588,44.708629431445424],[-0.338418086518921,44.7086328187289],[-0.338441239066235,44.70863968947608],[-0.33863461574821,44.708693688340325],[-0.338926176158775,44.70877112663511],[-0.338939747361584,44.70877197869955],[-0.338931010555103,44.70891010993204],[-0.338928344845293,44.7089439814472],[-0.338920528909394,44.708978368792096],[-0.339020521824705,44.709008872549425],[-0.339126867726035,44.70903783288453],[-0.339179245830204,44.70905382380689],[-0.339238502735711,44.70906861593564],[-0.339315174302026,44.709091533064075],[-0.33937448465854,44.709107224605546],[-0.339530925152277,44.70884325848752],[-0.339571177583141,44.708852947030955],[-0.339603195825671,44.708864415914455],[-0.339621752964644,44.70887475915747],[-0.339656735609615,44.7088978528137],[-0.339683155094013,44.70891931258321],[-0.339703621507252,44.708942664086386],[-0.339725303829459,44.708973728317346],[-0.339814199632184,44.709104678045534],[-0.339417838605873,44.70993789834584],[-0.338706270267621,44.70990359029318],[-0.338521757663135,44.70989257659017],[-0.338405189299763,44.7098830272312],[-0.338258584341621,44.709850685001705]]],[[[-0.337254622572483,44.7033367696643],[-0.337277995927694,44.70340067309845],[-0.337325020152736,44.703533157275324],[-0.336270389825974,44.70365903408687],[-0.336270357833452,44.703658494395896],[-0.335981521674318,44.703622238064575],[-0.335889486269393,44.7036106853335],[-0.335714002667291,44.703587500998346],[-0.335593280279928,44.703571586470034],[-0.335487001876319,44.70355848035306],[-0.335426543932362,44.70355102150034],[-0.335499175369135,44.70345475812787],[-0.335573218751611,44.703356740066354],[-0.33563420214316,44.70327073973386],[-0.335661008493105,44.703219921038546],[-0.335668495505408,44.70319915043921],[-0.33567028791841,44.70311853876837],[-0.335669880795664,44.702772711902234],[-0.335663061261275,44.70243807170797],[-0.335661958974856,44.70222760987624],[-0.335655288220824,44.70195090546506],[-0.335648771111811,44.70154461947618],[-0.335645261834931,44.70149606632075],[-0.335638365293567,44.701456445976035],[-0.335620386005662,44.701404634558244],[-0.335598184364882,44.70134979660485],[-0.335569488680867,44.701302633474576],[-0.335531137022326,44.7012588251307],[-0.335384141151897,44.70115764832852],[-0.335256994546053,44.70106947951983],[-0.335207784735497,44.70103005328413],[-0.335185736825741,44.701007649921394],[-0.335157725711587,44.70097416265747],[-0.335139807684632,44.70094469640291],[-0.335125362427732,44.70092053201843],[-0.335111520826839,44.70087030790403],[-0.335105981635001,44.70081307535981],[-0.335094362584033,44.70063618096221],[-0.335068232463193,44.70040628926722],[-0.335156036229234,44.70023991448091],[-0.335299251790231,44.70038607975294],[-0.335460152955877,44.7003339222358],[-0.336031630850394,44.7001447653632],[-0.336021994181446,44.70013352194145],[-0.336027486487711,44.70013452776632],[-0.336474083101278,44.70045599764071],[-0.336352371906118,44.700370009047084],[-0.336754692788351,44.70065424622801],[-0.336794517070609,44.70068665598735],[-0.336955794643668,44.700802808901834],[-0.336762987744688,44.70064498516258],[-0.337165262784183,44.70092624878045],[-0.337526123906735,44.701282469628715],[-0.337647116242563,44.70143723211745],[-0.338022152378734,44.702055782713096],[-0.337841197006902,44.70207448754826],[-0.337840960769302,44.70207476500235],[-0.337840665852802,44.70207405302441],[-0.337734518891334,44.70208230107542],[-0.338228450330626,44.70287973620751],[-0.338261364369686,44.70311086487589],[-0.337562914373811,44.703170590970835],[-0.337185866275719,44.70323837144416],[-0.337186011519797,44.703266391053226],[-0.337229522133919,44.70326291618453],[-0.337254622572483,44.7033367696643]]],[[[-0.337052133241044,44.70644660253775],[-0.336954249302051,44.706496321066616],[-0.336917196050677,44.706512847114226],[-0.336868117986125,44.706535412642026],[-0.336788422944073,44.706578635320525],[-0.336915901486988,44.70668706759942],[-0.336845405300039,44.70673839309965],[-0.336867248113868,44.706757288184775],[-0.336787673819641,44.70680681487292],[-0.337032297085787,44.70695379574953],[-0.337085954622823,44.70699353787533],[-0.336930058650853,44.70709844064468],[-0.336942475054399,44.707107527718904],[-0.336996610534195,44.70714680493345],[-0.337001098235092,44.70715216627961],[-0.336903220783827,44.70721693281334],[-0.336964919505365,44.70726868740948],[-0.33687997636505,44.707327837538955],[-0.337011715583599,44.70740793706846],[-0.336910430884704,44.707526061013766],[-0.336851137624106,44.70760651446477],[-0.336745689010606,44.707748192252716],[-0.336683162200462,44.70783378923354],[-0.336662811190958,44.70785711042977],[-0.33664715166231,44.7078721803183],[-0.336616464862142,44.70789806588215],[-0.33655589526121,44.70793143042054],[-0.336140790931529,44.707643430576624],[-0.336191843485729,44.7076051268403],[-0.336087783399981,44.70753365340067],[-0.336035327069277,44.70749711851451],[-0.33587565077789,44.707386952510184],[-0.335854416509005,44.70740390240983],[-0.335788187166316,44.70744410522893],[-0.335702249316498,44.70749715696166],[-0.335665074374856,44.70752017410732],[-0.335632642647222,44.70754007465773],[-0.335624284201063,44.70754402108732],[-0.335593414940384,44.70752206378768],[-0.335452905684615,44.707579643714894],[-0.335299418711673,44.70764212006818],[-0.335264249079618,44.707656336026986],[-0.335254167372962,44.707661055240145],[-0.335212267778856,44.707640601702444],[-0.335158198999463,44.70761736108335],[-0.335097208940543,44.707594599360064],[-0.335075799970609,44.707585152332925],[-0.334982761429882,44.70755038066761],[-0.334881842389747,44.70751909035007],[-0.334787944295276,44.70749326525445],[-0.334527716193539,44.7074304612542],[-0.334285827805152,44.70789045886385],[-0.334642440985383,44.70770327936424],[-0.335177419912478,44.70809093717235],[-0.335014287692731,44.70810369309392],[-0.334948625150747,44.70811297079172],[-0.334938731639698,44.708116602990074],[-0.334786559215649,44.70820769373758],[-0.334576494132947,44.70833684280587],[-0.334355683507731,44.708470189924725],[-0.334123462684771,44.70862424505734],[-0.334050222088347,44.7086741194909],[-0.334027608191552,44.70868912817715],[-0.33395228349426,44.70874221915692],[-0.333827626576458,44.70884563550965],[-0.333761207353116,44.7089018822206],[-0.333726372076277,44.70893455999839],[-0.33371811611101,44.708955173411255],[-0.333724798995217,44.70899759379642],[-0.333733814784687,44.70901966930813],[-0.333742464741131,44.70903130315952],[-0.333753264347724,44.7090429623617],[-0.333800652114644,44.709077127979704],[-0.333842713809541,44.70910884086098],[-0.333862810185149,44.70912598697862],[-0.333877790015776,44.70914635095131],[-0.333880463642027,44.70915735385272],[-0.333880285774682,44.70917781402827],[-0.333871223296916,44.7091954781442],[-0.333858172465284,44.70920767563341],[-0.333840630486903,44.70921658426525],[-0.33381077505887,44.70922667482574],[-0.333772571527565,44.70923449380376],[-0.333435099746299,44.70928638023437],[-0.333345650695417,44.70929943714518],[-0.333047771078449,44.70934562434293],[-0.332897167834741,44.70938223907204],[-0.33273493806725,44.709431638810884],[-0.332574726213726,44.70948097753686],[-0.331997594419453,44.70977490108518],[-0.331591224592067,44.70917322142654],[-0.331575201532613,44.70914162492373],[-0.33156799074431,44.709100932422515],[-0.331567590659507,44.709038679001736],[-0.331572082611869,44.70898862326824],[-0.33162137959948,44.70876051450243],[-0.331723921815478,44.708300573688724],[-0.331748039180199,44.70821063948389],[-0.331773354666227,44.70814094376997],[-0.331788513620385,44.70810885904477],[-0.331828639671182,44.708046016249675],[-0.331864648869647,44.707994741257885],[-0.331931418768446,44.70790172061936],[-0.332064339300799,44.70772443844894],[-0.332221101369182,44.70751021429972],[-0.332303889705852,44.70739751781299],[-0.332536856722017,44.70708322994139],[-0.332598687180742,44.70700072017383],[-0.332685993443529,44.706887526880145],[-0.333027443231941,44.707188930889465],[-0.332998374878857,44.70716322418546],[-0.333043070818662,44.70713277269789],[-0.333160975581732,44.707066865819584],[-0.333161096386254,44.707066772071656],[-0.333161101713697,44.707066862020426],[-0.333374700707601,44.70692913893429],[-0.33337522121749,44.70692939358287],[-0.333419980938052,44.70688722581295],[-0.3337079218669,44.70671401230902],[-0.333708925587727,44.70671389196195],[-0.333708074639456,44.70671445825282],[-0.333844513333413,44.70684199746098],[-0.334138769152265,44.70711877842797],[-0.334154438035935,44.70710172622643],[-0.334209291507551,44.7070379882119],[-0.334270874386659,44.70693214659476],[-0.334302666735182,44.70690145260402],[-0.334336134291189,44.70686917626958],[-0.334384712708259,44.70683175892569],[-0.334433701431282,44.70679486985127],[-0.334649667817163,44.70663319390006],[-0.33465697984081,44.70662864831166],[-0.334726495640441,44.70660979314853],[-0.334869065883207,44.7065742287781],[-0.334941288921972,44.70655628309227],[-0.334970556574782,44.70655549115912],[-0.335098067571003,44.70654939552333],[-0.335319444195211,44.70651316751108],[-0.335363406013014,44.70645543404682],[-0.335390912370908,44.70641000087034],[-0.335408566345632,44.70636675694601],[-0.33541541009119,44.706305276337424],[-0.335019746285066,44.706249078867295],[-0.334975446144481,44.70624140304094],[-0.334971493472575,44.70624080129005],[-0.334717017608568,44.706123578794774],[-0.334296094718754,44.70592892120731],[-0.334300782838934,44.70592274262819],[-0.334472020228039,44.70577818385055],[-0.334207928339459,44.70557537596872],[-0.333704861824198,44.70519053793537],[-0.333732681516078,44.705148249595446],[-0.333753080713925,44.70512573849884],[-0.334033895444668,44.70491984879191],[-0.334376201127914,44.704668492592944],[-0.334757636388309,44.7043866705539],[-0.334902261352964,44.70454153496893],[-0.334994064402153,44.70463869933528],[-0.335068787025728,44.70470348855661],[-0.335196675930143,44.70484669231412],[-0.335273719594903,44.704946373851435],[-0.335410218759834,44.70512184733249],[-0.335706086577113,44.7054109203053],[-0.335778835794727,44.705482887243015],[-0.335832425393647,44.70552578575949],[-0.33612768507176,44.70583010458628],[-0.33625590370404,44.70578695129679],[-0.336304075492705,44.705768288059495],[-0.33651612957212,44.70570062013329],[-0.33656779709102,44.70567698547038],[-0.336620017076327,44.70565414510804],[-0.336661466738894,44.70564145139682],[-0.336702744375163,44.705636512260554],[-0.336744462781533,44.70563687626937],[-0.336799293487157,44.705643152526015],[-0.336851477645796,44.7056580689505],[-0.336909911744411,44.70568036606902],[-0.337065889359455,44.70573459394081],[-0.337134515871127,44.70577109118599],[-0.337182304538774,44.70580776626718],[-0.337235799822465,44.705855442792505],[-0.337313872863675,44.70594256684884],[-0.33751726045841,44.70616341831978],[-0.337251710200321,44.70629208360214],[-0.33727763401378,44.706320136795036],[-0.337255441100114,44.70633369173558],[-0.337250161523493,44.706336283910765],[-0.337052133241044,44.70644660253775]]],[[[-0.336192517577778,44.69649446155564],[-0.336249994074813,44.696816219826424],[-0.336257076254128,44.69688881437021],[-0.336255077157561,44.696972315618716],[-0.336247120536186,44.697162054854125],[-0.336256834248424,44.69720870876167],[-0.336273616074543,44.69727443287503],[-0.336324001345915,44.69764704635786],[-0.33636587416682,44.69797621367417],[-0.336387810951237,44.69814594845343],[-0.33640681012735,44.69821710237362],[-0.336404743604742,44.698246179814795],[-0.336400805096078,44.69827990926852],[-0.336256021583476,44.698848988723725],[-0.336236381101292,44.698888508070915],[-0.336209880832326,44.6989316583998],[-0.336190010443814,44.69894811674055],[-0.33616499235921,44.6989608555998],[-0.336129883331658,44.69897173609435],[-0.336049369876883,44.69898605808351],[-0.335974433530398,44.69899002953435],[-0.335806967028255,44.69899742140706],[-0.335594101482313,44.699014742034194],[-0.335540098258268,44.69902231724601],[-0.335474478488629,44.69903853265542],[-0.335412601376288,44.69906247469071],[-0.335383364589922,44.69908290970193],[-0.335345616094335,44.69911108033922],[-0.335282039861155,44.69919589713536],[-0.335205049400593,44.69930166310673],[-0.335185285186747,44.699319920237464],[-0.335150188287202,44.69933954062385],[-0.335108034276965,44.69935946382507],[-0.33480586278836,44.69950715926054],[-0.334459593774388,44.69967186174676],[-0.33443118585196,44.699678574938225],[-0.334399427876254,44.69968205504397],[-0.334348063414182,44.69967873704685],[-0.334001504036821,44.69965088381013],[-0.333782383436486,44.699630903997324],[-0.333637347654622,44.69961175539848],[-0.333434040030319,44.69957291624386],[-0.333259019890881,44.69952745758112],[-0.333072172330888,44.69946361227288],[-0.332955851552365,44.69940665312055],[-0.332870785789505,44.699361187430206],[-0.33281740823335,44.69933026592537],[-0.332789645885543,44.699309476018975],[-0.332589288705229,44.69915827076281],[-0.332503636313928,44.69909435015354],[-0.332223335740548,44.69888599008353],[-0.332113650535598,44.69880450087738],[-0.331982194285674,44.698681766563055],[-0.331903384267339,44.69860322206808],[-0.331837679861693,44.69851770492806],[-0.331805426267361,44.69845731203621],[-0.33178515374074,44.69831546037528],[-0.331763777192732,44.69815922454833],[-0.331760154340176,44.698108692462654],[-0.331765115772224,44.69806231721645],[-0.331771426544655,44.69802806603386],[-0.331799639969058,44.69795404805426],[-0.331784458950121,44.69787259625212],[-0.331455916630122,44.6978266216669],[-0.331243143365861,44.69777499798477],[-0.331125231199523,44.697746559404756],[-0.331034537483912,44.697723338551064],[-0.330952558197535,44.69769580037712],[-0.330892761849508,44.69767164922616],[-0.330807780214586,44.69762753120805],[-0.330731036869,44.69758172338708],[-0.330655938843059,44.69752955837345],[-0.330634568877385,44.697510017302044],[-0.330556040914786,44.69741055826061],[-0.330484439823575,44.69731927078224],[-0.330460700967184,44.69729385381135],[-0.330448314383939,44.69728521578588],[-0.330409454600536,44.697262596790026],[-0.33038602401993,44.69724879455657],[-0.330317395829798,44.6972184211335],[-0.330280061250576,44.69720449673651],[-0.330199404340695,44.69718007204716],[-0.329931961952028,44.69710332914304],[-0.329446202424475,44.696960167429616],[-0.329414866129896,44.69694939627374],[-0.329337333519161,44.69691370348525],[-0.329255210032958,44.696873012592405],[-0.329196169392044,44.69683811490637],[-0.328952721711412,44.696680000463594],[-0.328910267127028,44.69664784750936],[-0.328844326978437,44.6965902696398],[-0.328829910858307,44.696579349684995],[-0.32870500251185,44.69649876601401],[-0.328243939285399,44.69621762085301],[-0.327961460505526,44.69604454910841],[-0.327946111814466,44.696037081228205],[-0.32792626200543,44.696032542102074],[-0.327881338806081,44.69602271987159],[-0.327564517975021,44.695969623479044],[-0.327552603025468,44.695988183764015],[-0.327013547536715,44.695915547853936],[-0.326790374522915,44.69588441303281],[-0.326645590284438,44.695854344965944],[-0.326262686877562,44.69577322569896],[-0.326189726292116,44.69574856683186],[-0.326088388273003,44.69571187550381],[-0.325999472644929,44.69567589195122],[-0.325961725596197,44.6956549501054],[-0.325931070999307,44.69563217308762],[-0.325861832159865,44.695570007111534],[-0.325806626539761,44.69552084542344],[-0.3257613549603,44.69546021164581],[-0.325696944089999,44.695340771681],[-0.325492625079526,44.69467929961891],[-0.325299518230237,44.694049298759744],[-0.325240599054833,44.6938153460441],[-0.325525574509704,44.694058813742366],[-0.32566221015286,44.69414562602807],[-0.325793046430388,44.694226214793964],[-0.326503039513117,44.69465000556271],[-0.326869073750904,44.6948455281655],[-0.32687846697135,44.69485056211278],[-0.326888380562455,44.694855850737184],[-0.32701541311429,44.694741647827755],[-0.327020086643035,44.694737362296024],[-0.327024650015739,44.69473335040222],[-0.327126634681719,44.69478741232447],[-0.327226942960969,44.69484089381454],[-0.327429519376491,44.69493184838698],[-0.327429903009163,44.694931926957736],[-0.327531905225979,44.694964902604276],[-0.327733771544143,44.695031008045774],[-0.327721822660493,44.6950532638219],[-0.328057389603084,44.69513291838444],[-0.328733895696657,44.695291161832536],[-0.329432395824305,44.695470906137125],[-0.32972515961039,44.69554445495554],[-0.329745162103273,44.69554943970575],[-0.329765169920627,44.6955545144009],[-0.329855755536255,44.69535174684054],[-0.329859653101566,44.69534288899458],[-0.329863555986715,44.695334121097034],[-0.330138504364331,44.69536918793783],[-0.330749950086914,44.69544827974292],[-0.330751479327713,44.695448504031475],[-0.330753260780744,44.69544872072719],[-0.330616324211543,44.69575840177576],[-0.330616087964844,44.69575867921379],[-0.330615977824956,44.69575895285556],[-0.331363658195988,44.69595405519662],[-0.331395506416402,44.695954267651075],[-0.332032665838085,44.695844431205316],[-0.332068391636897,44.695837588308635],[-0.332127291986829,44.695846627471006],[-0.332135852601695,44.69581411069866],[-0.332147151969524,44.69578304329145],[-0.332164372754094,44.695758105160905],[-0.332173206067649,44.69574513378232],[-0.332182632636718,44.69573151377384],[-0.332507401649639,44.69577156218026],[-0.332750227018437,44.69579957052743],[-0.33297232145832,44.695825229274426],[-0.333076578722469,44.6958663319417],[-0.333187768856376,44.69589010496948],[-0.333365241306011,44.69592810053096],[-0.333870088802815,44.69604156468154],[-0.334511146825999,44.696178855261365],[-0.334514599685437,44.69617956217759],[-0.334520611994933,44.696180822717956],[-0.33457774715991,44.69598518631697],[-0.33458013252282,44.69597853647248],[-0.334583057832985,44.695970338502605],[-0.334587068366199,44.69595913423028],[-0.334594231602803,44.6959606304045],[-0.334953880557533,44.6960349431694],[-0.335108550493478,44.69606758601241],[-0.335384003424491,44.69612596305437],[-0.335403748972708,44.69612446670474],[-0.33562739739502,44.69610808257143],[-0.335708155692944,44.69610222364602],[-0.335890931047636,44.6960889635551],[-0.335965631964622,44.69605976862908],[-0.335970443524779,44.69605782137214],[-0.335987679214201,44.696052345689196],[-0.336346765720514,44.69601908080258],[-0.336347270148554,44.69601906559145],[-0.336341219288152,44.6960342061521],[-0.336267537719017,44.69621700646385],[-0.336214767654577,44.69637962250802],[-0.336195457490284,44.69644814698027],[-0.336192517577778,44.69649446155564]]],[[[-0.337160416930212,44.73717585825192],[-0.337155006682238,44.73718268949129],[-0.337007642687454,44.737368883741574],[-0.337256575545081,44.73746266484602],[-0.337700290180186,44.737630321498116],[-0.337810123587555,44.737480671092726],[-0.337831206957971,44.73746525738481],[-0.337802808559942,44.737557665709396],[-0.337695559781514,44.73799162675011],[-0.337597222120865,44.73840107937257],[-0.337589909528287,44.73843337912773],[-0.337486072150144,44.738869489929726],[-0.337420778763658,44.73913701359809],[-0.337279544100928,44.73973554922402],[-0.337206178786197,44.74004179325981],[-0.337101508170133,44.74050018617893],[-0.336992634219774,44.740892023924644],[-0.336814627701159,44.74088369166069],[-0.336421808110542,44.740909405954035],[-0.33599029120589,44.74161923199914],[-0.33610037047314,44.74161420336839],[-0.336141239068384,44.74161044893418],[-0.336399318740216,44.74159384200586],[-0.336645826240087,44.74158037661449],[-0.336309305812807,44.742163078968105],[-0.33608058291548,44.74256168069402],[-0.335821366022164,44.74300472394807],[-0.335697838969787,44.74321795218166],[-0.335640884631361,44.74328734089175],[-0.33554119277011,44.74340361288652],[-0.33523114639223,44.74374230590934],[-0.335017801477835,44.74369682802384],[-0.334747209085299,44.74364117922115],[-0.334481013383972,44.74360423046428],[-0.334474507152616,44.74360325495264],[-0.334447266311223,44.74359803786018],[-0.33437232380321,44.743583714259096],[-0.334189529187549,44.74354380282497],[-0.334129878230989,44.74352721641348],[-0.333970145538341,44.74348174426174],[-0.333862917757697,44.74344748677078],[-0.33400407590228,44.74300899450951],[-0.334231449569176,44.74230370224961],[-0.334237555758926,44.742285135855525],[-0.334234489422584,44.74227180173631],[-0.334226381784488,44.742254474340676],[-0.334210292649193,44.74223900926859],[-0.334196114418073,44.74223231747491],[-0.334026071738698,44.742172828428615],[-0.333979272672872,44.74215333192645],[-0.334508919200655,44.74175252159669],[-0.33453127605687,44.74173508778909],[-0.334408246686812,44.74164111304628],[-0.33454047313428,44.741580992345135],[-0.334460922206369,44.7415038205035],[-0.334233592586942,44.74161258100083],[-0.334118700329261,44.741468169450755],[-0.333940779845213,44.741230949584576],[-0.333740198656315,44.74098467985189],[-0.333248241922845,44.741238463225315],[-0.333207440405997,44.741266814696644],[-0.333390258622721,44.741509925603175],[-0.333511367088948,44.74165685402519],[-0.333618726301591,44.74181284688065],[-0.333797470112867,44.74206608218827],[-0.333765986911652,44.74206180367793],[-0.333737746030766,44.74206103195623],[-0.333698627466206,44.74209645165732],[-0.333668729389278,44.74212744866662],[-0.333522236937081,44.74241408471303],[-0.333766849432907,44.74246457117601],[-0.333796546326655,44.74247070568336],[-0.333902021369469,44.74249249059526],[-0.334077124179242,44.74252641636383],[-0.334099737304528,44.74253249375495],[-0.333976260233373,44.74291089076926],[-0.333807876492566,44.743427607539076],[-0.333767056474337,44.74340874188957],[-0.333662408558135,44.74335827677504],[-0.333589651654841,44.7433210889248],[-0.333455867253768,44.743235546736784],[-0.333239089771164,44.743095823284],[-0.333167046241004,44.74306212800935],[-0.333052711402394,44.7430103319674],[-0.332738330300641,44.74289841597249],[-0.332645346545652,44.74287192869122],[-0.332588430573255,44.7428609361261],[-0.332383824016197,44.74283267175913],[-0.332187610184473,44.74279667530029],[-0.331903038380681,44.74274396355566],[-0.331619055542767,44.74269051249391],[-0.331262249751535,44.74262645594824],[-0.331204304945219,44.742617295846564],[-0.331144399372999,44.74260918591548],[-0.330817537913285,44.74258531740865],[-0.330707494842288,44.74257177691905],[-0.330524493334066,44.74254961757185],[-0.330429400804036,44.74252805786406],[-0.330199003704576,44.74244640899412],[-0.329661018812936,44.74225848812489],[-0.329308816940271,44.74213328241514],[-0.329117328874149,44.74205956262983],[-0.328938131955894,44.74200124228566],[-0.328765296961683,44.74194786668657],[-0.328554266668189,44.7419306017442],[-0.328401355615857,44.741910508073666],[-0.328366701683382,44.74190605302384],[-0.328316167938636,44.741889640091735],[-0.327914766143257,44.74175978150974],[-0.32803246281127,44.74119972413576],[-0.328086316907089,44.74096030495466],[-0.328611786378716,44.74124682910961],[-0.328900925097799,44.74140466029273],[-0.329205759096984,44.74145595922566],[-0.329284493706267,44.7413037387175],[-0.329678688550358,44.741523288436284],[-0.329855956169876,44.741405950714],[-0.33022548509608,44.74116830032933],[-0.330260207666832,44.74120167809453],[-0.330424071338301,44.741067261175374],[-0.330670619145806,44.74086448630316],[-0.331046601967535,44.74054806277502],[-0.331297987684753,44.74027548566906],[-0.330936656780446,44.74005576422613],[-0.33030998653922,44.73973841371303],[-0.329749336955962,44.73940213379675],[-0.329927542564077,44.73933919414495],[-0.330093617787964,44.739278511342455],[-0.330530261033354,44.73912192265895],[-0.330563397490509,44.73909650606098],[-0.33039783156055,44.73898641557876],[-0.330726689284109,44.73877107229469],[-0.330845332987165,44.7386801864674],[-0.330923903663113,44.73860005773773],[-0.330350165579959,44.738429076475086],[-0.330021372016832,44.73833371709917],[-0.329990600984005,44.73832220736711],[-0.330346760515103,44.73761782760475],[-0.330539641459213,44.73722635458172],[-0.331002038248109,44.73731066422315],[-0.331125587243261,44.73707851803724],[-0.332369571460748,44.73755173826077],[-0.333009783724868,44.73788020294529],[-0.333464023290399,44.738598944120724],[-0.333532502332477,44.73876457762417],[-0.33364127640323,44.738914670367],[-0.333941441183188,44.73948242858511],[-0.334260936350954,44.73936737882513],[-0.33445158481274,44.73917745202589],[-0.334053769810628,44.73831887610977],[-0.334214725489744,44.738263657595425],[-0.334482532624395,44.737822792841754],[-0.334355998153895,44.73754798256033],[-0.33393822955213,44.73732943026429],[-0.333791933726641,44.737192542543696],[-0.333723715808074,44.73712728425823],[-0.333498933192741,44.73694382955667],[-0.333563172528081,44.73690783375909],[-0.333808804998943,44.736760496659635],[-0.334239457163366,44.73652252323301],[-0.334555864101458,44.73674592921315],[-0.334628280757324,44.73678177469884],[-0.335074352743132,44.73624741137705],[-0.335049349623858,44.73624149637395],[-0.334968126903812,44.73568823304853],[-0.334935140021275,44.735483685221624],[-0.334934251157469,44.73546442840577],[-0.334941172962938,44.73532743257744],[-0.334605669595732,44.73530212474965],[-0.334585142431614,44.73529706605944],[-0.334333452661051,44.73519705476219],[-0.334274242432757,44.73517495874797],[-0.334266053486988,44.73532046299822],[-0.33428094584728,44.735462929278235],[-0.334307624238775,44.7356144120797],[-0.333996038767283,44.73571111212986],[-0.333152815454672,44.73597150831001],[-0.332740212447779,44.73610017119795],[-0.332760027020704,44.73628096648167],[-0.331128817153121,44.73614253750028],[-0.331129244065933,44.73613693783132],[-0.331149360346089,44.735844736411885],[-0.331145281771637,44.73550262112745],[-0.331142616994804,44.73535942632529],[-0.331072037185994,44.735348123477884],[-0.331169903978752,44.73507944440818],[-0.331284152575109,44.73470529414713],[-0.331407316205513,44.73427464685941],[-0.33142888962986,44.734047641326555],[-0.331441461732188,44.73396535301498],[-0.331802261206064,44.73449047015542],[-0.33187146243971,44.734583093264206],[-0.331890931013748,44.73460016893653],[-0.331922379033494,44.73461886650689],[-0.331959505796653,44.734637393165784],[-0.332007202583393,44.734657223682426],[-0.332060158879692,44.734671939834875],[-0.332165133484435,44.73469193873942],[-0.332740503024119,44.734733101730825],[-0.333127409221739,44.73476191373101],[-0.333322593671866,44.73477460006476],[-0.333515240292435,44.734776459142275],[-0.333603776941252,44.73477505487369],[-0.333673716922734,44.73476916432637],[-0.333796160748435,44.73475754769284],[-0.333909323121697,44.73473864116051],[-0.333954413545176,44.73472728112131],[-0.33400416784397,44.734709292684805],[-0.334037943479718,44.734692596400095],[-0.334096609577395,44.734660732914485],[-0.334174165667305,44.73460631363829],[-0.334230112246789,44.7345669627228],[-0.334290887936744,44.734504578358205],[-0.334323394342535,44.73447926962961],[-0.334370247662992,44.73444433756537],[-0.334439581081889,44.73440476358266],[-0.334572233062102,44.73434571099172],[-0.334656620500494,44.73430631422352],[-0.334713444461688,44.73426684651219],[-0.334810171706799,44.7341946382736],[-0.334922749007287,44.73409978539855],[-0.335074747274728,44.73396833159329],[-0.335159919178856,44.73391233051248],[-0.335197200618045,44.73388867986847],[-0.335268505740883,44.73385679541611],[-0.335444177970915,44.73379203030595],[-0.335600319496333,44.733950065128],[-0.335745292519876,44.734088161469245],[-0.335865295474048,44.7342016890438],[-0.336065290065006,44.734406340623266],[-0.336309491429282,44.73467210617332],[-0.33673449882262,44.73513859461957],[-0.336209249930342,44.735153972878095],[-0.335434364303624,44.7351743464964],[-0.335572433070855,44.73549016842303],[-0.336553430983515,44.73553017419745],[-0.336545421302772,44.73555925088014],[-0.336545547498363,44.735559247077084],[-0.33652578433398,44.73584414071566],[-0.336533036210222,44.73584491338679],[-0.336844564790814,44.73587517326626],[-0.336969769944527,44.735886628308506],[-0.337282303224795,44.73591676657956],[-0.33746949644736,44.73593743613013],[-0.337659666561085,44.736138236393934],[-0.337878990797721,44.736387177513976],[-0.337924491414494,44.73647645682758],[-0.33795851471158,44.736585365783334],[-0.337978149963676,44.73666911715865],[-0.337824351203067,44.736631762424956],[-0.337645376403533,44.73658345208403],[-0.337605904356866,44.73657445951388],[-0.337348960114975,44.73692516503349],[-0.337292035849813,44.737001312063455],[-0.337160416930212,44.73717585825192]]],[[[-0.335335961510178,44.708992118549894],[-0.335271927555155,44.7090331559426],[-0.335158727231596,44.70909531891053],[-0.335099573163294,44.70912701797237],[-0.335065999751162,44.70914686263219],[-0.335005797496522,44.709188595371565],[-0.334962296647984,44.70922216547041],[-0.334925974881407,44.709255338987816],[-0.334882143593053,44.70930252552719],[-0.334851096454734,44.70934581253629],[-0.334836471860639,44.70937409704115],[-0.3348278911713,44.70940201919553],[-0.334815050495067,44.70947106948953],[-0.334782891822683,44.70964486836055],[-0.334750494878666,44.70981678211007],[-0.334500258179551,44.709613556516956],[-0.334382070945863,44.709519078610576],[-0.334196857819879,44.70969667775529],[-0.334352396115991,44.709820127017586],[-0.334160112924682,44.709978655702876],[-0.33409216908416,44.70992600631868],[-0.333363820857167,44.709333131374855],[-0.333825397585979,44.70926660329432],[-0.333858985603172,44.709257661813844],[-0.333884925469319,44.709247599091455],[-0.333905729327656,44.70922976147023],[-0.333923642746793,44.70920579337956],[-0.333932465410358,44.709184081563755],[-0.333935821561943,44.70916181355967],[-0.333935819924306,44.70914685546043],[-0.333823746026359,44.7090510214371],[-0.333785498695308,44.70901757167468],[-0.333779010862179,44.70900190788225],[-0.333776674870842,44.708985938796154],[-0.333780247717697,44.70897159389165],[-0.333790775940036,44.70894667688319],[-0.333804553396301,44.708929681718104],[-0.333824008863218,44.70890188259845],[-0.333856445726576,44.70886711441895],[-0.333897390514905,44.70883091849576],[-0.334001083715755,44.70874903900489],[-0.334052140488793,44.70871289881027],[-0.334210441096502,44.70860576525353],[-0.334321054856916,44.708529804365696],[-0.334703792928979,44.70884527850958],[-0.335337037765241,44.70840051802419],[-0.335381244217673,44.70843856344759],[-0.335434765317752,44.70848452806199],[-0.335513112453912,44.70855281237479],[-0.335590569681615,44.70861887072824],[-0.335653924080241,44.708651653213295],[-0.335490701764377,44.70887184432757],[-0.335474892478569,44.70889079325568],[-0.335429318948186,44.708927760069045],[-0.335378010592106,44.70896390850489],[-0.335335961510178,44.708992118549894]]],[[[-0.33626788997824,44.73422434035922],[-0.336287434498325,44.73435351016908],[-0.336320315757186,44.734460291179545],[-0.336377878345331,44.73458462079769],[-0.335860533034486,44.734023324165754],[-0.336069823882328,44.73390086574951],[-0.336169730725209,44.73402085571038],[-0.336225421423861,44.734102980063085],[-0.336262737832152,44.734182233905884],[-0.33626788997824,44.73422434035922]]],[[[-0.334815009324266,44.73413763303103],[-0.334677152393974,44.73424748462606],[-0.334607703807655,44.734287242455224],[-0.334445814321921,44.73436276472963],[-0.334364224217556,44.73440883534623],[-0.334289592375689,44.734457129316056],[-0.334210948847824,44.7345123924202],[-0.334124008305873,44.7345812416335],[-0.334043208486341,44.73463638932696],[-0.334001818610857,44.73465259402626],[-0.333944753969108,44.7346752179989],[-0.333889184167653,44.73468680348801],[-0.333857735183274,44.734693697768094],[-0.333794060531319,44.73470291407037],[-0.333684182904073,44.73471325122529],[-0.333581987172883,44.73471668881843],[-0.333081307168041,44.73470500041201],[-0.332750932425875,44.73468295689404],[-0.332325475833923,44.73464998742635],[-0.332106589182782,44.73463197534005],[-0.332053961580421,44.73462067350089],[-0.331996156689202,44.73460520216828],[-0.331934803281831,44.734570373826536],[-0.331903164056831,44.73453564242478],[-0.331840775001291,44.734453447315985],[-0.331539264813086,44.73402224303814],[-0.331468291813898,44.73391462471947],[-0.331390707750702,44.73370177659001],[-0.33135480814929,44.73355453576347],[-0.331335029473651,44.733434023074715],[-0.331331370290379,44.733331678119015],[-0.331335710618378,44.73326621777446],[-0.331341007671334,44.733255335295375],[-0.331357973221228,44.73323869510546],[-0.33138765738624,44.733221221649465],[-0.331398892800492,44.73317186373121],[-0.331366843653149,44.733081096151345],[-0.331182245107094,44.73308268586578],[-0.331020515293297,44.73308620039818],[-0.33102106542238,44.733187287232],[-0.330699890503407,44.7331987523342],[-0.330712682070512,44.733357141251886],[-0.330720988035057,44.733403478220126],[-0.330724324684085,44.7334213998307],[-0.330697541828154,44.7334238275625],[-0.330701821174566,44.73345767027679],[-0.330573133579397,44.73344919664375],[-0.330360190092316,44.73343325522994],[-0.330369669136335,44.733010444572884],[-0.330377933621344,44.73249665949256],[-0.330334631244243,44.73203641915961],[-0.330061518749406,44.73207383018404],[-0.330013888331907,44.73183512003327],[-0.329885838029217,44.73122658497485],[-0.330317440032491,44.73106275834244],[-0.330027688428666,44.730735725060356],[-0.33001541412894,44.73067572067433],[-0.329986526038762,44.73061693690437],[-0.32997864333712,44.73057986853953],[-0.3299794401864,44.73052713031663],[-0.329997266043376,44.730458831525844],[-0.330037529179427,44.73037237651088],[-0.330057966512881,44.73031616398414],[-0.330064166405498,44.7302820961922],[-0.330059760391559,44.73023969688694],[-0.330047514500392,44.73020366087697],[-0.330019075492546,44.730154595484265],[-0.329914210958691,44.73000816747163],[-0.329824438937498,44.72988606562179],[-0.32972835390411,44.72975126789597],[-0.329665982968118,44.72963933518202],[-0.329589239919741,44.72946610950772],[-0.329551807097284,44.729275752075445],[-0.329565420447704,44.7292558789238],[-0.329583762670212,44.729239017384],[-0.329811610854548,44.72911195779216],[-0.330039050633655,44.72896733858306],[-0.330251067708638,44.728786418044486],[-0.330363419620801,44.72866859867548],[-0.330445816647836,44.72884976358729],[-0.330473039860592,44.72889751376874],[-0.330540585903944,44.72899649473347],[-0.330677698557425,44.72915384635828],[-0.330906732321055,44.72937349141531],[-0.33105168775569,44.72950528581052],[-0.331568385535115,44.72999741638481],[-0.331951152326136,44.73036453854603],[-0.332323602125074,44.730723860235756],[-0.332727431619804,44.731111341735186],[-0.332812366551311,44.731190064027],[-0.332828331287401,44.73120562298947],[-0.332023547922411,44.73143953389023],[-0.332126004880283,44.73172444161234],[-0.332834520529659,44.73167067460355],[-0.333176493795857,44.73154314591084],[-0.333409378766648,44.73176771677852],[-0.333646943366742,44.731996561710915],[-0.333707166074488,44.732059267077645],[-0.333995030272368,44.73234543859794],[-0.334161171758977,44.732499569571736],[-0.334055126772403,44.73251691049048],[-0.334022466922401,44.732520417131155],[-0.334025036773887,44.73253818153867],[-0.333925487772603,44.732552082739694],[-0.333781905820174,44.73256956256856],[-0.333786279325442,44.732756409301444],[-0.33378704697143,44.73276936203855],[-0.333788982080593,44.732802013730264],[-0.333789423630815,44.732886253371426],[-0.333790663977234,44.73290504903109],[-0.33379060305406,44.73294668173013],[-0.333793019250541,44.73302797839064],[-0.334027935496224,44.73301153272366],[-0.334638517321565,44.73296881371975],[-0.334950086545629,44.73328364504361],[-0.335217834835822,44.733562940692906],[-0.335408751377109,44.733763811790325],[-0.335289116925821,44.733805712778704],[-0.335215071185733,44.733836147934284],[-0.335153818744888,44.73386700863799],[-0.335098017354783,44.73389599300491],[-0.335015299990486,44.733957146488855],[-0.334896033293103,44.73406923179081],[-0.334815009324266,44.73413763303103]]],[[[-0.331640467696993,44.71027179250047],[-0.33151387446714,44.71029353527866],[-0.331501885286486,44.71020414738992],[-0.331490267259542,44.71008474195318],[-0.331639271411097,44.710036012605045],[-0.331677646825747,44.71001827719406],[-0.33187614752488,44.709911288549804],[-0.331914551376477,44.70988976760783],[-0.332071058700191,44.709805579029705],[-0.332392743726138,44.70963000167678],[-0.332486694913601,44.70957986518098],[-0.332680508657691,44.70949833686586],[-0.332769774019576,44.70946510155809],[-0.33311095499994,44.71001557631508],[-0.332876976591627,44.710093178757695],[-0.332636360115874,44.710171791572876],[-0.332396184544031,44.710223718220824],[-0.332024098019401,44.71029935000375],[-0.331669857360781,44.710358403805095],[-0.331640467696993,44.71027179250047]]],[[[-0.329789559023153,44.7176108523424],[-0.329697904177743,44.719357317289386],[-0.329633431547217,44.720081033625476],[-0.329487856226336,44.72039962445641],[-0.32865953371027,44.72020548156427],[-0.328448234076411,44.72014596578591],[-0.327543454059751,44.71988554069407],[-0.32732841152686,44.71982253100637],[-0.326625420492515,44.71961883873218],[-0.324923483714111,44.71920537396338],[-0.32455519558207,44.719091905703685],[-0.324745567564845,44.71866907192995],[-0.324093877174234,44.71850329119155],[-0.32355323115073,44.718360213921116],[-0.322841596461744,44.718221456573026],[-0.322948825732973,44.717980619668154],[-0.323054581667677,44.71779830768556],[-0.323090262471031,44.717745513797844],[-0.323190036956775,44.71764168605925],[-0.323234159234342,44.717571337721424],[-0.323317449907122,44.717402405371594],[-0.323325779900147,44.71737440165459],[-0.323389843313873,44.7171495481718],[-0.32342230632324,44.71702944919489],[-0.323481118611901,44.7168312454102],[-0.323498922806759,44.7167646608323],[-0.323609042970165,44.71654076705413],[-0.323765893191232,44.71622653217398],[-0.323845547210798,44.71606455690297],[-0.32389554792482,44.71601673922651],[-0.323978884336284,44.715951340294524],[-0.324091030709683,44.71586876628017],[-0.324168266522205,44.71581562503718],[-0.325278721524646,44.71627092915323],[-0.325464184779181,44.71606252115249],[-0.325410215395919,44.71603674953767],[-0.32580133809926,44.71566663313863],[-0.325942873097781,44.71553397444275],[-0.326063567004793,44.715465649044525],[-0.326336029990009,44.71531382663864],[-0.326537141916137,44.715201363195746],[-0.326635701623603,44.715143434203284],[-0.326690864828324,44.71511672577931],[-0.326729751021109,44.71507762097351],[-0.326963414642948,44.71487451962781],[-0.327165045773723,44.714696079446284],[-0.327162545372887,44.71464524292547],[-0.327664126201393,44.71475856870038],[-0.328103355255207,44.71486034097562],[-0.328121645624119,44.714887544613525],[-0.328136579806201,44.714866550621856],[-0.328285218334166,44.71451867449603],[-0.328279445863365,44.714517226122844],[-0.328332608435593,44.71442894229398],[-0.328395507796853,44.71433649091977],[-0.328464063707708,44.71423071344193],[-0.328579269982844,44.71413380534952],[-0.328767458303894,44.7141960877105],[-0.328861263075194,44.71422660671577],[-0.32902280557508,44.71427851656311],[-0.329429018958747,44.7144096610329],[-0.329540500559678,44.714345934053014],[-0.32933705732824,44.714658065383546],[-0.329686727236951,44.71481172520561],[-0.330162583858728,44.71408455314396],[-0.330212549234599,44.71410458580994],[-0.330353022203259,44.71415920024059],[-0.330407699403152,44.71418197453563],[-0.330526713659985,44.71423272902461],[-0.330647665139621,44.713910552675834],[-0.330844409390084,44.71337226571976],[-0.33067154066773,44.71338305507762],[-0.330593064960662,44.71338947167699],[-0.330543343646724,44.713392770167985],[-0.330315313200296,44.713406750825186],[-0.330318520309899,44.712438159795646],[-0.33052319464194,44.712418213812384],[-0.330651633150908,44.712404076059904],[-0.33065175397106,44.71240398231453],[-0.330654011928468,44.71261720302894],[-0.331037118529346,44.712571611449306],[-0.33129079806072,44.71254054736205],[-0.331541121009892,44.712512557336865],[-0.331567953892287,44.71265628494186],[-0.331574039227314,44.712791085532906],[-0.331519523935682,44.713121085031545],[-0.331459967475036,44.71345132638181],[-0.331421840927744,44.71365260692642],[-0.331413462740012,44.71376937051984],[-0.331419027058691,44.71400637086975],[-0.331438407592617,44.71417149862279],[-0.331484769000643,44.714350502049896],[-0.331520835110386,44.71444952792188],[-0.331557168945291,44.71452746013292],[-0.331609153688141,44.71461573433263],[-0.331674808967265,44.71470224534923],[-0.331762046640507,44.71478828684237],[-0.331862773016478,44.714888700148435],[-0.3319230132981,44.71493924018628],[-0.331970571147686,44.71499115321321],[-0.331990903130619,44.71501865524439],[-0.332007603696057,44.71504031937784],[-0.332045641592652,44.71509792555227],[-0.33181861523984,44.7151951399949],[-0.33113288670349,44.715461689716314],[-0.330261712885532,44.71527479811513],[-0.330121438492612,44.71549050553593],[-0.330542884879625,44.71569733040151],[-0.329789559023153,44.7176108523424]]],[[[-0.328609286128342,44.71064414553493],[-0.328486096870188,44.710680740524374],[-0.328486092183562,44.71068072776733],[-0.328609286128342,44.71064414553493]]],[[[-0.326387947516679,44.71130727713225],[-0.325944991581274,44.711441246190695],[-0.325382640449954,44.71161196116726],[-0.325294423921027,44.71163740942468],[-0.325223968969324,44.71164907791805],[-0.325109218023206,44.711663879443144],[-0.324997858342401,44.71168047124793],[-0.324899550861863,44.71169126426805],[-0.324856493621123,44.7116918369755],[-0.324742769486454,44.71168552176811],[-0.324576751470721,44.7116688830099],[-0.323991861395699,44.711624997576855],[-0.322718924520386,44.71151292163582],[-0.321857612008623,44.71143371126533],[-0.321605703348891,44.71141126604839],[-0.320638234244869,44.71132541054848],[-0.320254654732234,44.71128799016952],[-0.320013752778488,44.71125502886494],[-0.319893744280511,44.71122141408871],[-0.31987340730716,44.71120012774456],[-0.319697130036022,44.71090670524801],[-0.319377486456913,44.71038284969353],[-0.319185550497643,44.710068090001606],[-0.319145357069296,44.71000793151133],[-0.31912665342442,44.70995433717957],[-0.319175317339395,44.70996315002033],[-0.319955914834396,44.71016329479348],[-0.32022502463333,44.71023109283014],[-0.320306330201633,44.71023415010872],[-0.320454069945267,44.71024521612543],[-0.320566098465184,44.71023356476488],[-0.320604564584166,44.710230157864274],[-0.321088735234348,44.7099701728814],[-0.321574200328901,44.70969365691843],[-0.321709759936726,44.70959686618437],[-0.322005504500485,44.70935595874457],[-0.322466352889328,44.70899439404334],[-0.32250161468662,44.7088832224599],[-0.322800311597203,44.708497689633596],[-0.322860911281673,44.708516054409166],[-0.322911400176237,44.70851940425892],[-0.323202702409233,44.70851372060881],[-0.323490837961515,44.70851218618974],[-0.323629372176673,44.70850009601839],[-0.323702893418804,44.70849761755865],[-0.323746252112673,44.70848721431237],[-0.323774141173239,44.70847376143538],[-0.323811407500757,44.70842866903385],[-0.323853924851992,44.7083762101952],[-0.323869625300217,44.708370332090816],[-0.324084591486109,44.70839649458371],[-0.324347251919092,44.70842789198776],[-0.324542012795328,44.70844997491453],[-0.324882801285282,44.70849055785749],[-0.325358201394971,44.70856385930124],[-0.325418035566326,44.70857566775841],[-0.325599711279569,44.70857516428733],[-0.32574132750681,44.708574602895624],[-0.325857719456759,44.708579124637595],[-0.326085749423024,44.708599664365074],[-0.32629868231733,44.7086084927051],[-0.326515836916282,44.70858826876071],[-0.326833669828354,44.708558980481975],[-0.327036325898893,44.70855000444521],[-0.327249050124633,44.70852324418015],[-0.327473934202063,44.70847133790022],[-0.327656977411962,44.708412759726755],[-0.32777358801695,44.70838465341361],[-0.327778050622506,44.708385330198816],[-0.328015591437712,44.70855173677767],[-0.328444011286276,44.708877481767495],[-0.328633833909893,44.70904460150378],[-0.328779454763824,44.7091587147735],[-0.329362330695181,44.709367534493154],[-0.32942722617437,44.70942000799979],[-0.329454618037596,44.70945369568984],[-0.329490711952354,44.70946360308214],[-0.329470839956492,44.70951430162534],[-0.32944439044555,44.709511493015455],[-0.329427270115379,44.70980306057502],[-0.329418268346964,44.709999048439094],[-0.329359339665616,44.710006858616936],[-0.328528551249739,44.71015511873053],[-0.328436205344367,44.71017051146012],[-0.328317883098403,44.71019110070223],[-0.328432629097264,44.710535200451254],[-0.328486092183562,44.71068072776733],[-0.328206806653326,44.710763660448826],[-0.327504684999427,44.71097030829965],[-0.326872804832116,44.71116177419983],[-0.326387947516679,44.71130727713225]]],[[[-0.328028979195746,44.712677609715534],[-0.328023340779722,44.71270192852444],[-0.327977283037803,44.71280135229111],[-0.327958920717487,44.712849842531384],[-0.327943946019201,44.712887237583686],[-0.327926038326266,44.713028887024144],[-0.32790743526954,44.71319083193923],[-0.327905993865639,44.71325620443173],[-0.327907519148561,44.713309773525275],[-0.327912857807521,44.7134043177374],[-0.327916501700222,44.71343601670636],[-0.327843289571291,44.71344596754683],[-0.326946903593577,44.71356717162922],[-0.326731302759,44.71355842414875],[-0.326584618387859,44.71355256080231],[-0.326756747552405,44.713580547018395],[-0.326799679200862,44.71358637513804],[-0.326931511099949,44.71358682758773],[-0.326876760303935,44.71372949422757],[-0.326959379348603,44.71371619754944],[-0.327001967251043,44.71391712223351],[-0.326736509080625,44.714007732012284],[-0.326669796021792,44.71403785136104],[-0.326592945241048,44.71407818738804],[-0.326501500984759,44.714138876109764],[-0.326331664593378,44.714254454483694],[-0.326063711351577,44.71416392813534],[-0.325714843494106,44.714049250463795],[-0.32580626159215,44.71390899687015],[-0.325304548978432,44.71371411831165],[-0.325118587486196,44.71361671091568],[-0.325003484708085,44.71353366436914],[-0.324706076933468,44.71332309352961],[-0.324177799848006,44.712950051749864],[-0.323945070287613,44.712897299580156],[-0.323740997828423,44.71271140634993],[-0.322783613351997,44.7127497063201],[-0.322968403758354,44.712945100961576],[-0.322778649913886,44.71324347199376],[-0.322528560716441,44.713650072659526],[-0.322401317768603,44.71385789914826],[-0.322304942032959,44.71402776411807],[-0.322289823951176,44.714052096809034],[-0.322206936404207,44.71419785814069],[-0.322123112378797,44.714334186077664],[-0.322068632174875,44.714423857817216],[-0.321944875489438,44.714630858220325],[-0.321883716533825,44.71473370601101],[-0.321834449047844,44.71481321907648],[-0.321824605034403,44.71483270773759],[-0.321787217047017,44.71489510396711],[-0.321757072958784,44.714941063161895],[-0.32173921480978,44.714972506506456],[-0.32156580991355,44.7152783141841],[-0.321483759270673,44.715423328940894],[-0.321469810434205,44.71544393195426],[-0.321423207177007,44.715399465082754],[-0.321244985584945,44.715214773666176],[-0.321028217220601,44.71499789838443],[-0.320992353125468,44.714961939784715],[-0.320813714666543,44.71477870203822],[-0.320690586318211,44.71465381105577],[-0.320642857107222,44.714605232681706],[-0.320606621941597,44.71456297748992],[-0.320461550365894,44.71439387044579],[-0.320223580913817,44.71452220611462],[-0.31956130890801,44.713424092233666],[-0.319502574400425,44.712655514107965],[-0.319757100514023,44.71253803695139],[-0.319896971974101,44.71247346834023],[-0.319615432210349,44.71224654950503],[-0.319204272782123,44.71232222804137],[-0.318917742175344,44.71233415519971],[-0.318825992515628,44.71233618577154],[-0.31831930627597,44.7124505888573],[-0.318256434631693,44.71246445840718],[-0.318142448821187,44.712481572497104],[-0.318128498866859,44.712461445963896],[-0.3179537564715,44.712198251202594],[-0.317899410376042,44.71211238499854],[-0.317856881486968,44.71204905209867],[-0.317663235725926,44.71174596493429],[-0.317889204831887,44.71169710987732],[-0.318605528561494,44.71155488653331],[-0.319386097034363,44.711400729468956],[-0.319516790665435,44.71138626668523],[-0.319644459224214,44.71137621970393],[-0.319711998538919,44.71137509485681],[-0.319773320934999,44.71137568830718],[-0.320109166164373,44.71140508099621],[-0.320695680166391,44.711448757829935],[-0.321141745426174,44.7114871850547],[-0.322147071538857,44.71157208007672],[-0.322859844608655,44.71163313094493],[-0.323479896000745,44.71168398611614],[-0.323596348681992,44.71169157230714],[-0.323768409346908,44.71170568821672],[-0.323965726639503,44.71172165844131],[-0.324339719146855,44.71175070365268],[-0.324824164768968,44.711790576466115],[-0.324916885264798,44.7117878809615],[-0.32503660427174,44.711782301715274],[-0.325101760357826,44.71177719029073],[-0.325189493195633,44.71176707525657],[-0.32523773261038,44.711757966578794],[-0.325397029787882,44.71172074090586],[-0.325729546698145,44.7116146026414],[-0.32665321655241,44.71132696707194],[-0.327761649562022,44.71098420792992],[-0.327918767161449,44.71175207886182],[-0.328134766194955,44.71174630427658],[-0.328136992051299,44.71176470971176],[-0.328139594085739,44.71178733896377],[-0.328166388500336,44.712067313266495],[-0.328288493301608,44.712082834415504],[-0.328272803622625,44.71208249528176],[-0.328234184696776,44.712175207589326],[-0.328203542866588,44.71223614178354],[-0.328191288925303,44.712270391338045],[-0.328103763743924,44.7124848700614],[-0.328028979195746,44.712677609715534]]],[[[-0.328410599579322,44.73262773115734],[-0.328390149350773,44.73291237216382],[-0.328345574922132,44.7333960702174],[-0.32834519634825,44.73339608159857],[-0.328456729982468,44.733791915161646],[-0.328440976922332,44.7338290634773],[-0.328451847834123,44.73383973005878],[-0.328459803453331,44.73385453922902],[-0.32847919437443,44.733904507895396],[-0.328505638955271,44.73399463372063],[-0.328527117296131,44.734088423138125],[-0.328507544089888,44.73434942915902],[-0.328507116448887,44.73437638487225],[-0.327733519867219,44.735262441694516],[-0.327619829371786,44.73544770053493],[-0.327398290039731,44.73580587743932],[-0.327350263897474,44.7357954262752],[-0.3272615044714,44.73577385417058],[-0.327203042266734,44.73589473632532],[-0.32717949766461,44.73594338232935],[-0.327153038184192,44.73600473130596],[-0.327127817841801,44.73606351996218],[-0.327075413744496,44.736147905712826],[-0.327075419064966,44.73614799566282],[-0.327075029831378,44.73614782713966],[-0.326991598630431,44.73632749025847],[-0.326991340914161,44.73632740789283],[-0.326884843672566,44.73646550251162],[-0.326812082773372,44.73655626684716],[-0.326733794618773,44.736654045558865],[-0.326649228754208,44.736761113929205],[-0.326599826675078,44.73682360264585],[-0.326585714815036,44.736841507961124],[-0.32656504116549,44.73686817086401],[-0.326532504436652,44.73691014842913],[-0.32650442809926,44.73694631505052],[-0.326459087739184,44.73700480694092],[-0.326423496019423,44.73705498614501],[-0.326345209970744,44.73716565020712],[-0.326305035221461,44.73721957145354],[-0.326269541369428,44.73726713447725],[-0.326220638430792,44.737338078342795],[-0.32622079122715,44.73733852430186],[-0.326220275787611,44.73733835956694],[-0.325950417483869,44.73763652997174],[-0.325834322516662,44.73774923048998],[-0.325606654183299,44.7379677370822],[-0.325597988163614,44.73837925882531],[-0.3255843319812,44.73870424479353],[-0.325246294494686,44.739175219323876],[-0.325569418862205,44.739322305945144],[-0.32519558994014,44.73974182121887],[-0.325111308252506,44.73970839843931],[-0.324937358055619,44.73963811006454],[-0.324798129931726,44.73958200737344],[-0.324483843754551,44.7394560992831],[-0.32440576520127,44.73940996447571],[-0.324314784748719,44.739368001594826],[-0.324211790936984,44.73932171360723],[-0.324083884354592,44.739271037194385],[-0.323888232342498,44.73920572405673],[-0.323775617261348,44.739169906924324],[-0.323663387614953,44.739136330857484],[-0.323547108931037,44.739102696001325],[-0.323407523748159,44.739068318832835],[-0.323314864282519,44.739047130822904],[-0.323190582042505,44.73902139516194],[-0.323045862785376,44.738992127681485],[-0.32301507290003,44.73898241880259],[-0.323007982871534,44.73898010851562],[-0.322954731275092,44.73895827815347],[-0.322896143264507,44.73892957935713],[-0.322841587196853,44.73889850678686],[-0.32278848851073,44.73886000145553],[-0.322719787134913,44.738803491832876],[-0.322581421756716,44.73866346843986],[-0.322506042798572,44.738581658030284],[-0.322415157013434,44.738500583221395],[-0.322400004751882,44.73848806209293],[-0.322362140066963,44.73845702911385],[-0.322351380993375,44.73844825087343],[-0.322313703700274,44.73841396830697],[-0.32228221832625,44.73838391531219],[-0.322238588659411,44.73831520919901],[-0.322176839055234,44.73824794785968],[-0.32208127838977,44.73814763950077],[-0.322019525144377,44.73808245072118],[-0.321988648575327,44.73804985631905],[-0.321957546076199,44.73802627965747],[-0.321919951453174,44.738006231828294],[-0.321757149588538,44.73792974716983],[-0.321484709333591,44.737801404258136],[-0.321428054758461,44.73777544015426],[-0.32128837265171,44.73771150741225],[-0.321174855755782,44.737645347897285],[-0.321202271247392,44.73762362009654],[-0.321093641823868,44.737561008396696],[-0.321082516401647,44.737554583886215],[-0.320832017794653,44.73740810006929],[-0.320686132224043,44.73730758796603],[-0.32066781503384,44.7372949813303],[-0.320662887617342,44.73726719513471],[-0.320661004304552,44.73725670879487],[-0.320643974818151,44.73719738676175],[-0.320612396158255,44.73711218907648],[-0.320589228849002,44.73706882030166],[-0.320491199984276,44.73695660020768],[-0.320454120243778,44.736915270622625],[-0.320828711109809,44.73668398834953],[-0.320861275132756,44.73666381828989],[-0.320902748957833,44.73663824473065],[-0.320960965002306,44.73660288768822],[-0.321032243455003,44.736559659704426],[-0.321272911107371,44.73641123874627],[-0.321225826835218,44.736373904027765],[-0.321098899531636,44.73627327441269],[-0.320711393690351,44.7365062966789],[-0.320302290716707,44.7367525805263],[-0.320217542112954,44.736661858600144],[-0.320127837712748,44.736566419315245],[-0.320058768122359,44.7364907259602],[-0.319977120957787,44.7363968471556],[-0.320139337916285,44.7363071897101],[-0.320260272097005,44.73623778315305],[-0.320577916307034,44.73600559624163],[-0.320586486881449,44.73597731512254],[-0.320542470805967,44.73597052537244],[-0.320495793972063,44.73596363518474],[-0.320351863638101,44.73593686390173],[-0.320316677373056,44.73593188178012],[-0.320188682401395,44.7359094983133],[-0.320128063083709,44.73589770961996],[-0.320087416066617,44.73588802526714],[-0.320022090743085,44.73586718646551],[-0.319959654948296,44.735841755504964],[-0.319937748912606,44.7358325904423],[-0.319838605268308,44.735817090863065],[-0.319805403998494,44.73580718314878],[-0.319781162745424,44.73579700676317],[-0.319768770540553,44.73579053001416],[-0.319870038010501,44.735758478253786],[-0.319852723787197,44.73573286566615],[-0.319869095123599,44.735727508852655],[-0.31996488816987,44.7356948101682],[-0.320006543841351,44.73566589743891],[-0.320090159316781,44.735606801276944],[-0.320197185496496,44.73553096350394],[-0.319942241512172,44.73530468429678],[-0.319918978600074,44.735285377552096],[-0.320059620722402,44.73517293863688],[-0.320236485647682,44.73503165951917],[-0.32053510115105,44.73479418616466],[-0.320698534893995,44.73466313102169],[-0.320820858236448,44.734557367962275],[-0.320973257648574,44.73441501922605],[-0.32110351598653,44.734293789302335],[-0.32112344853177,44.73427381782898],[-0.321325505524946,44.73402617277618],[-0.321382409716528,44.733955802202814],[-0.321586915380223,44.733700423862096],[-0.321673716528567,44.733594734312106],[-0.321732810341463,44.733520783576665],[-0.321800352398073,44.733435766181586],[-0.321902300141312,44.73330186823982],[-0.321993062654818,44.73318407498882],[-0.322113974307781,44.733022394723875],[-0.322159483452991,44.73295389751087],[-0.322281702689286,44.73277370535426],[-0.322293325661038,44.73275218082148],[-0.322329630494602,44.73267981470428],[-0.32235836240061,44.73262263401746],[-0.322407437652331,44.732522491338884],[-0.322804345707545,44.73294571847946],[-0.322982113581614,44.73288415454593],[-0.323169207181838,44.73281996754012],[-0.323181484781176,44.7328116693626],[-0.323259628255384,44.73278418313869],[-0.323108056774024,44.73261725432331],[-0.323029683123532,44.73252742469559],[-0.323510795064242,44.73230032414494],[-0.323719385508562,44.73220206014911],[-0.324340308327655,44.73191299808062],[-0.324540950232804,44.731821459034514],[-0.324812322021241,44.731698960378665],[-0.32500830550561,44.73160990320023],[-0.325705827623476,44.7312888864444],[-0.326034302099942,44.731138086902476],[-0.326047047881109,44.731131306187116],[-0.326288647642199,44.73100780590191],[-0.326493601877234,44.7309037885623],[-0.326671391174635,44.73080428161717],[-0.326916976954049,44.730662728285786],[-0.327109383079573,44.73083175879959],[-0.327327047101506,44.73102814412705],[-0.327409868739904,44.731103329454214],[-0.327484798668166,44.73117118270885],[-0.327647237421864,44.73131651317313],[-0.32768941108097,44.73135417292037],[-0.327785295552366,44.73143860710076],[-0.327826049410681,44.731475768822655],[-0.328004183580756,44.731634233611054],[-0.328203580018255,44.73181233365358],[-0.32843315300093,44.73201971292506],[-0.328433526243287,44.7320196115938],[-0.328458110971145,44.732024909814086],[-0.328448862553444,44.732135662496404],[-0.328442007552066,44.73221849929064],[-0.328434892599991,44.73230548895326],[-0.328426243788011,44.73240928515893],[-0.328417206761828,44.73253643148278],[-0.328410599579322,44.73262773115734]]],[[[-0.326834679020413,44.7244083521731],[-0.326799368767946,44.724396888174],[-0.326681053526901,44.72436467049228],[-0.326674402801657,44.72437189890503],[-0.326345579860774,44.72424247126331],[-0.326028649420027,44.724119623788354],[-0.325974631966916,44.72418297180951],[-0.325781643154202,44.72440133845327],[-0.325761315974152,44.72442096226752],[-0.32562314242881,44.72458307537868],[-0.325556590193873,44.7246931160122],[-0.325491792457028,44.724809321444695],[-0.325473810987576,44.72489429418154],[-0.325442313216246,44.7250670791213],[-0.325413549555881,44.72523266327555],[-0.325408083751748,44.72530698754682],[-0.325401975513195,44.72547522516523],[-0.32577564280293,44.725548521959034],[-0.326095868362157,44.72561152884628],[-0.326395425740521,44.72567128119567],[-0.326513958113655,44.72569430158011],[-0.326536093080903,44.725773653654706],[-0.326543860825004,44.72582379144669],[-0.326545792067839,44.72586500357038],[-0.326544645207969,44.725894774175956],[-0.326540636505912,44.72592958680624],[-0.326531248679555,44.7259632094406],[-0.326510932067656,44.726006531880934],[-0.326486066901539,44.72605629866926],[-0.326467676574973,44.7260873083206],[-0.326289147889269,44.72638570913554],[-0.326222228394222,44.72649810409871],[-0.326053895642734,44.72678727729449],[-0.325524806456783,44.72667008130605],[-0.325359621147534,44.72663620636912],[-0.323539436279479,44.72627213097604],[-0.323293871632763,44.72611000768632],[-0.322923825185889,44.7258305137231],[-0.322705447489849,44.725681359884526],[-0.322544533095308,44.7255741839359],[-0.322370722524619,44.72553542736079],[-0.322101281821362,44.72548043733967],[-0.321839230207062,44.72541999860597],[-0.321731151505802,44.72539629916949],[-0.321648342081859,44.72537670728154],[-0.321573015994076,44.72564442946155],[-0.321473039527203,44.725987051168076],[-0.321458994435518,44.72603604149131],[-0.321396480828205,44.72624462787256],[-0.321330430839745,44.72646611584281],[-0.321313311801296,44.726527273022235],[-0.321215008865663,44.726851191675145],[-0.32121364192133,44.72686015350665],[-0.320960683425567,44.72682322853654],[-0.320790643573342,44.726818417565255],[-0.320746542815339,44.726816496573605],[-0.320690232245952,44.72681115723932],[-0.320571229537339,44.726793010622835],[-0.320411319895972,44.726786363345376],[-0.320359900909451,44.726784661710674],[-0.320311224733994,44.726780174506736],[-0.320266105601965,44.72677170589539],[-0.320112557157125,44.72672720173224],[-0.320067512414769,44.72671999234049],[-0.31997179644174,44.726713041095124],[-0.319637749968213,44.72670710965345],[-0.319541414292262,44.72669179646562],[-0.31947623852817,44.72679755668845],[-0.319475210681683,44.72684011905711],[-0.319489448399282,44.72698287565805],[-0.319499362268025,44.72704592515515],[-0.319522117564218,44.727123097166306],[-0.3196518981834,44.72748883347139],[-0.319723203695082,44.72775684268398],[-0.319806328219393,44.72812659125818],[-0.319802526752415,44.7281542786957],[-0.319807478758899,44.72824676252154],[-0.319898048186041,44.72868909617444],[-0.319900493313054,44.72871767760144],[-0.319892581972569,44.728804239559665],[-0.319851871394228,44.72901829858745],[-0.319806512150902,44.72939992010486],[-0.319797371040718,44.729478499219994],[-0.319785433244232,44.72952039760273],[-0.319769742993582,44.72956511179122],[-0.319697315048161,44.729738671627736],[-0.31962697025379,44.729896129490015],[-0.319571232555429,44.73001836710527],[-0.319558167930618,44.7301332878012],[-0.319519710698136,44.730734749305334],[-0.319410282669619,44.7307311821229],[-0.318694652265604,44.73033858495194],[-0.318390990133795,44.730087361914094],[-0.31833327662257,44.730266156563225],[-0.31751084771012,44.73016510289935],[-0.31742672609223,44.72980610556865],[-0.317367943858188,44.72963242442622],[-0.317272666844805,44.72947650705305],[-0.316986523082304,44.72926494431737],[-0.31698024465887,44.72926351047059],[-0.316965008362633,44.72926450764414],[-0.316785249259362,44.72929863835156],[-0.31662286715853,44.72933378001417],[-0.31660327916097,44.72933815144088],[-0.316523978460694,44.729382427952025],[-0.316225756085603,44.73026965572992],[-0.316145653084466,44.73046975471798],[-0.315910696141387,44.73077703620477],[-0.315745034575866,44.73098609525789],[-0.315626769535949,44.73114786898965],[-0.315571042240633,44.73122540989154],[-0.316227059749508,44.73158908550793],[-0.315864411557962,44.73199696902391],[-0.315813283816765,44.73205175488397],[-0.316015362645057,44.732104453518964],[-0.316316626956777,44.73218634972428],[-0.316497924636448,44.73223390301771],[-0.31660500162642,44.73226187308975],[-0.317077119957057,44.73238352318566],[-0.317393118462071,44.73253300761487],[-0.317530046825276,44.732612706169256],[-0.317704530674211,44.732696865912104],[-0.317817470005302,44.73275133154131],[-0.317927184268916,44.73279183666084],[-0.318029256702195,44.73281851364868],[-0.318184173621802,44.732847391314],[-0.318500380129456,44.73288459027726],[-0.318435579462215,44.733020435132275],[-0.318281734452227,44.733434052735795],[-0.318231754563609,44.73349970860133],[-0.318102368122149,44.73370651274954],[-0.317992649582866,44.733850281509135],[-0.317740013520183,44.73417296500077],[-0.317393450423763,44.73463290546856],[-0.317322583936499,44.73462953218789],[-0.317321821462951,44.73462946492447],[-0.317294183683235,44.734628130405135],[-0.31726642194361,44.734631124842196],[-0.317118398396966,44.734672054173934],[-0.317041173757498,44.73468734362524],[-0.316997664126408,44.73469126035175],[-0.316978008431669,44.73469022726566],[-0.316951253994981,44.73468886619533],[-0.316928409610575,44.73469378573935],[-0.316920013996033,44.73469719109304],[-0.316812385255575,44.73474141526623],[-0.316759256573435,44.73477301330531],[-0.316554358959709,44.73492783178312],[-0.316551331356504,44.734930085101404],[-0.316544348316039,44.734940296419566],[-0.316535857318394,44.73495280564242],[-0.316512233722133,44.734987394408634],[-0.316496568860726,44.735017599734434],[-0.316496765221282,44.73503165090824],[-0.316500145035394,44.73503965950495],[-0.316520635943094,44.735080586095435],[-0.316522341219603,44.73508377894918],[-0.316527559043981,44.73510795216749],[-0.316524220975354,44.735130669604466],[-0.316512588914826,44.735149941008196],[-0.316491019177796,44.73517005075148],[-0.316450419367094,44.73519974146658],[-0.316414870379959,44.73521432272194],[-0.316377869576677,44.73522786614124],[-0.316304386355595,44.73524015948377],[-0.316211002288743,44.735255842248726],[-0.31619258085828,44.73526288188749],[-0.3161706291505,44.735276515134004],[-0.316148550228202,44.73529871257207],[-0.316131308292036,44.73535149240883],[-0.316124118310249,44.73535819563279],[-0.316110710734676,44.73536021917968],[-0.316078553921891,44.73535514499809],[-0.316020527816584,44.73533156222147],[-0.316002453072278,44.73532732777902],[-0.31600206918022,44.73532724916751],[-0.315966353449261,44.73532399362305],[-0.315899594460851,44.73532383043143],[-0.315886559108475,44.73532359007039],[-0.315865673063632,44.735323134285025],[-0.315842417914855,44.73531680223399],[-0.315776087378641,44.73528959334438],[-0.315730841213395,44.7352812165897],[-0.315691116944275,44.73527429641568],[-0.315647886752525,44.73527009439089],[-0.315612197624508,44.73525656547741],[-0.315590110150778,44.735240016056274],[-0.315577104569936,44.73522526717138],[-0.31557268139069,44.73521242389314],[-0.315548923733208,44.73518898606606],[-0.315541033845987,44.73518381578359],[-0.315507934442229,44.735175615843424],[-0.315482623143542,44.73516871452915],[-0.315464729865434,44.73515897790126],[-0.315448663819468,44.73514377999579],[-0.315427646418073,44.73513251494936],[-0.315410802977887,44.735129865508966],[-0.315393334905589,44.73512948750287],[-0.315391052773253,44.73512937562324],[-0.315350567132698,44.73513527364921],[-0.315298645258366,44.73515304809916],[-0.315201585120933,44.73520073876963],[-0.315064346531779,44.73525954440882],[-0.315057958227734,44.73526054667184],[-0.315030028482618,44.735264987314984],[-0.314959757112089,44.7352760121662],[-0.314549521557903,44.735316678773316],[-0.314087583871056,44.73536384747907],[-0.314024876710077,44.73537022995448],[-0.313862520473342,44.73538896641917],[-0.313758560852413,44.735392528557384],[-0.313583988338445,44.735397032554324],[-0.313544363524637,44.73540038108819],[-0.313535182951967,44.73540119650256],[-0.313507675941797,44.73541067021998],[-0.313486636752874,44.735420491017855],[-0.313472359200175,44.73542920835954],[-0.31343698079134,44.735450992264006],[-0.313406227317,44.735467591630716],[-0.313375903465954,44.7354807539817],[-0.313256336635008,44.735506949576674],[-0.313103668963225,44.735533504799996],[-0.313091654703652,44.73553557639229],[-0.312994763173312,44.73555397453048],[-0.312703972951382,44.735622237715276],[-0.312667950661838,44.73563953516998],[-0.312647570593343,44.7356541118672],[-0.312607170970679,44.73570226749748],[-0.312580610930469,44.735725679564446],[-0.312540205273782,44.73574797401804],[-0.312512720049447,44.735759969884306],[-0.31243543748249,44.73579364005097],[-0.312332801242526,44.735819688523094],[-0.312259321662078,44.735832069135725],[-0.312171420257738,44.73584857561407],[-0.312068070813551,44.73587969128303],[-0.31202557845662,44.73589231617609],[-0.311988946707087,44.73589926908025],[-0.311866273463365,44.735907083684666],[-0.311841439839598,44.73591043969321],[-0.311814783905551,44.73591934686324],[-0.311784697759462,44.73593655656313],[-0.311759661331179,44.73595794044619],[-0.311631287297848,44.736115866902765],[-0.311606140420186,44.736137524379394],[-0.311576964860629,44.736157319947615],[-0.31151532542632,44.736192594064434],[-0.311335916123448,44.73628248233825],[-0.311327935597523,44.736286505602266],[-0.311314119857447,44.7362687167575],[-0.311310289752834,44.7362637851963],[-0.311301940303408,44.73625295148676],[-0.31103087219788,44.73590251403524],[-0.310957843676015,44.73578296057125],[-0.3109186625376,44.735740159032105],[-0.310746979815207,44.73550596326851],[-0.310647835294682,44.73534862391704],[-0.310578479134701,44.73517759829938],[-0.310540738376588,44.73510555825504],[-0.310516472929945,44.73506915889443],[-0.310460495706553,44.73499442019513],[-0.310310675333526,44.73482661135594],[-0.310193604765921,44.73471477208763],[-0.309948830105918,44.73445644884647],[-0.309860176530345,44.7343591683535],[-0.309808376408378,44.734299532932695],[-0.309610006349659,44.734118667150064],[-0.30937287410148,44.733908502898046],[-0.30932028920894,44.73388493432491],[-0.309128634416623,44.733796679277596],[-0.309065646068097,44.73377891818713],[-0.309053594193116,44.7337781970942],[-0.309053215612774,44.73377820840945],[-0.30902758695959,44.73377663157863],[-0.308993001167107,44.733753876527864],[-0.308991423350233,44.73375284237857],[-0.308889380733047,44.733685787441914],[-0.308850258454749,44.73359450493543],[-0.308732123147328,44.73351819906811],[-0.3084657196246,44.73340991995862],[-0.308457689351749,44.73340664568388],[-0.308429969917632,44.73339530933081],[-0.30842707200039,44.73339332342515],[-0.308423769053481,44.73339089907849],[-0.308253931792959,44.73326946134085],[-0.308078519418751,44.733156389862216],[-0.308074706442483,44.73315389063709],[-0.307923997430418,44.73305675093632],[-0.307636495258768,44.732866921100936],[-0.307593620538552,44.732834321106544],[-0.307557239805845,44.73280251828316],[-0.307555772366501,44.73280121049126],[-0.307352525846784,44.73262319008909],[-0.307166446342017,44.732502776726264],[-0.307165920425929,44.73250243200132],[-0.30699609289299,44.73239396791055],[-0.306932925808229,44.73235377393392],[-0.306841133606047,44.732295421988965],[-0.306790034839539,44.732258381707354],[-0.306763759709827,44.73223934258309],[-0.306500915289246,44.73203444630536],[-0.305102442902933,44.73093741139977],[-0.305102131096043,44.730932104297935],[-0.305069340936223,44.73092479322575],[-0.304810863708706,44.73086718075207],[-0.304762464869396,44.730848080762236],[-0.304589693215249,44.730779709449266],[-0.304531424266854,44.73075612822696],[-0.304273744735154,44.73065181447396],[-0.304229560698307,44.730661423217654],[-0.304228935047834,44.73066153199979],[-0.303556948162161,44.73043117475847],[-0.302939805183556,44.73021981221294],[-0.302966762914643,44.73018377548652],[-0.302996406344265,44.73014396417359],[-0.303024651696804,44.73010617695269],[-0.303048953000458,44.73006580414373],[-0.303065851580781,44.73002637306808],[-0.303074374942112,44.72998854350512],[-0.303083336359288,44.72991727060843],[-0.303082530134778,44.72989062254002],[-0.303053874865683,44.72966954022871],[-0.30302354053876,44.72954041871035],[-0.303067237293321,44.72953974571308],[-0.303515441094546,44.72959305221142],[-0.303274676069008,44.72889405612754],[-0.303429795338362,44.728864287159766],[-0.303688815576159,44.72881294509184],[-0.303920421428742,44.7287597173291],[-0.304271795759488,44.72866885325706],[-0.304389583828443,44.7286362323938],[-0.304496423737544,44.72859799104121],[-0.304528659196102,44.72858297187142],[-0.304920012904943,44.72837656450833],[-0.305300685255292,44.72816912298354],[-0.305328221817647,44.72816019103322],[-0.305368939338818,44.728151856711214],[-0.306084518201978,44.7283155715859],[-0.306240243797838,44.72834993782963],[-0.306411544878335,44.728391227568736],[-0.306561015021317,44.72841163315219],[-0.306796015257097,44.72842912326942],[-0.306942330626357,44.728432411827356],[-0.307098715033316,44.728422063310525],[-0.307183537126179,44.72840925693891],[-0.307417071443504,44.728367407915115],[-0.307711579722271,44.72831562676419],[-0.30792678525231,44.72827378364195],[-0.30797079997363,44.72835807168923],[-0.308200064436665,44.72881969592776],[-0.308330907089792,44.729071424328204],[-0.308318897706326,44.728966085662194],[-0.308429427508774,44.72901855980046],[-0.30853712769623,44.72899497650237],[-0.308680776920543,44.72896365061942],[-0.308460524872315,44.72856077909536],[-0.308260760580752,44.728190274814715],[-0.308622851663452,44.728075467891834],[-0.308895315893693,44.72799064169463],[-0.309327809701173,44.72786507758057],[-0.309655820311622,44.72777264174923],[-0.309800478035555,44.72773488644167],[-0.309877324354448,44.72772619110203],[-0.309915179135288,44.72772722187869],[-0.309959659612166,44.72773129845096],[-0.310001523820842,44.727821957668425],[-0.310178678899073,44.728162498124966],[-0.31033071617624,44.728452067035924],[-0.31051530958892,44.72839482452955],[-0.31098834937198,44.728255876681295],[-0.31083937957629,44.72787457618468],[-0.311457065740861,44.72776220737908],[-0.311824876460267,44.72769317415877],[-0.31186516028001,44.72768178668459],[-0.312300028051636,44.72758380311697],[-0.312476963319782,44.727506061308674],[-0.312773456598022,44.72736148497821],[-0.312916151280554,44.72729044396105],[-0.312961702851452,44.727267634812776],[-0.313146310493988,44.72717425364771],[-0.313236481337133,44.72712568944212],[-0.313448983476495,44.72701876750675],[-0.313768025106548,44.7268600872377],[-0.314022999994403,44.72672963581593],[-0.31441127950757,44.726538333859246],[-0.314609326199115,44.72643499620883],[-0.315295765783478,44.72596038104647],[-0.315563551191135,44.725777188904225],[-0.315923678646257,44.725526621855444],[-0.316250859004147,44.72530470406504],[-0.316322795833339,44.72526425262187],[-0.31643800582498,44.72521385421583],[-0.316479363086852,44.72519927901695],[-0.316958057877402,44.72509689964865],[-0.31702236787424,44.72508145625069],[-0.317108287026969,44.72504878521373],[-0.317196439807279,44.725004693433554],[-0.317306691151808,44.72493452858517],[-0.317374771188616,44.724880134995765],[-0.317413598278797,44.724833376221696],[-0.317450068207479,44.724783083713305],[-0.317468354745735,44.724745951405374],[-0.317477163211657,44.724700272461256],[-0.31750501161987,44.7245702214846],[-0.317572505220097,44.72422938870112],[-0.317597197219095,44.72414655933344],[-0.317618202441148,44.72409123360316],[-0.317645745036231,44.724031026265216],[-0.317672855597941,44.72398921411113],[-0.317714724704946,44.72394047175663],[-0.317833134979618,44.72383509948323],[-0.3182761971051,44.723435250793216],[-0.31839272449574,44.72333227715664],[-0.318621462357191,44.72311744800823],[-0.318742452832884,44.72296802411817],[-0.318766899569969,44.72292178608654],[-0.318836148704385,44.72259802053049],[-0.31884014601549,44.72256293837119],[-0.318841059306385,44.72251199938011],[-0.318830535561991,44.7224750097709],[-0.318815824130407,44.722442020408806],[-0.318758501878524,44.72236588487133],[-0.318518785430433,44.72209238228298],[-0.318474983151466,44.72202259947249],[-0.318467843700654,44.72200226865923],[-0.318463843956564,44.721945169353376],[-0.318467246743918,44.72188928986569],[-0.318544100462646,44.7216580187972],[-0.318608691145197,44.72146955667624],[-0.319821226358048,44.721674598637684],[-0.321057308560641,44.721892978141696],[-0.321277452408545,44.72193106700005],[-0.321379645009873,44.7219515191167],[-0.321430748665291,44.72196079877382],[-0.321543515531281,44.721976247767685],[-0.321571566899673,44.72197612688003],[-0.32168984893028,44.72201006282422],[-0.322120108625115,44.72213042179681],[-0.322440647819248,44.7222205519245],[-0.323071901656066,44.72242273066196],[-0.323768013135585,44.72264440446787],[-0.324272302591296,44.72280677610928],[-0.324653430730795,44.72292751981482],[-0.325231234729334,44.72311254939131],[-0.325659350480615,44.72324981000417],[-0.326146270877741,44.723404675575054],[-0.326606676530868,44.72355141510146],[-0.32680618174206,44.72361435298927],[-0.327159646392999,44.72372663856305],[-0.327276133357068,44.72376215459104],[-0.327289643346913,44.723768326491],[-0.32729343513491,44.72378542342656],[-0.327242131049055,44.72387752558622],[-0.327064674167106,44.72420455034881],[-0.326928148474654,44.724447894435485],[-0.326871428876029,44.724418511361876],[-0.326834679020413,44.7244083521731]]],[[[-0.324032781893109,44.69126093762166],[-0.323988387114941,44.691480333501374],[-0.323959874548049,44.691549402135315],[-0.323806765865882,44.69187875243191],[-0.323678944163309,44.69219995394156],[-0.323659487692888,44.692199907704484],[-0.323192661390118,44.69222879916211],[-0.322987489679041,44.692239106931815],[-0.322897787864407,44.69225387570992],[-0.322826917308118,44.69226879968778],[-0.322758698783404,44.69229869204241],[-0.322692723421462,44.6923366267237],[-0.322612903468492,44.69240110854308],[-0.322534953523863,44.69248229427106],[-0.322312858928984,44.69272171354585],[-0.322065679916625,44.692989909223826],[-0.321815624894313,44.69325008091878],[-0.321741064344345,44.69331809858478],[-0.321672465164715,44.6933736824966],[-0.321534489307711,44.69345027197267],[-0.321516434175505,44.69344829100186],[-0.321359704324046,44.69353247172718],[-0.321355591551102,44.69355268932632],[-0.320779250207465,44.693860318647694],[-0.320578917491724,44.69396346816669],[-0.320512363525174,44.69397880168177],[-0.320370711178937,44.69403594650064],[-0.320354601011637,44.69405409119505],[-0.319929102592915,44.69420995198699],[-0.319486880070398,44.69437144902912],[-0.318617785204798,44.694682803773446],[-0.318363418953912,44.694775945908155],[-0.317701121333121,44.695012428116485],[-0.317209530232033,44.69519386828213],[-0.317124185389792,44.695222648543734],[-0.317009576217954,44.695247890809554],[-0.316855258148687,44.69527243113398],[-0.31667538983481,44.6952814276218],[-0.316606565201636,44.6952797062597],[-0.316146095457855,44.695279722261034],[-0.315809796342268,44.69528169185642],[-0.315601340748101,44.69530722213342],[-0.315589514411229,44.695267298272164],[-0.315593669740481,44.69522202964472],[-0.315618454601893,44.69517740430382],[-0.315833939723849,44.69489377423601],[-0.315904327814088,44.6947955194461],[-0.316275312651088,44.69429520377353],[-0.316428251761847,44.69408219961143],[-0.316474673995207,44.69399745815984],[-0.316503737405382,44.69392684335572],[-0.316575222597515,44.69371646088228],[-0.316592255619292,44.69360890199084],[-0.317416009347466,44.693690081586524],[-0.317422708713274,44.69369015102906],[-0.317624868598473,44.69367579910312],[-0.317567117386793,44.693533988788026],[-0.317566812168782,44.693533096860236],[-0.317566638354744,44.6935322911001],[-0.317543512782906,44.69342927022136],[-0.317516295273216,44.69323752554459],[-0.31751000146227,44.69294639508548],[-0.317507921951895,44.69282751488225],[-0.317558353578908,44.692577214429456],[-0.317608434877707,44.69232097734183],[-0.317647404323594,44.692167706456225],[-0.318311234599265,44.69230494588896],[-0.318413163746489,44.692122573622314],[-0.318682621131663,44.69167494398981],[-0.319835752583175,44.691918149937536],[-0.319915551121061,44.691932515421925],[-0.320337871150535,44.69201003956803],[-0.320435200202047,44.69202820374062],[-0.320500327857995,44.69204012567435],[-0.320680520721603,44.69161066843885],[-0.320801310195715,44.69132203083143],[-0.320955693513902,44.69094335784768],[-0.320963073864512,44.6909314222466],[-0.32097563505978,44.690910951069064],[-0.321298249626937,44.6908594559336],[-0.321422634222017,44.69083950216058],[-0.321778440409767,44.6907917848198],[-0.321814533213107,44.690786916545484],[-0.322406884622475,44.69070623325004],[-0.322630070689971,44.6906759219931],[-0.322954450408662,44.69062869412789],[-0.322982168920025,44.690625338518565],[-0.323046253446749,44.69061746644632],[-0.323129667834644,44.690618204735095],[-0.323314321219975,44.69061563145263],[-0.323832204857572,44.69062160882356],[-0.324213014440553,44.69062728738892],[-0.324202746838145,44.690650213081675],[-0.324197621001174,44.69066181085072],[-0.324159940319502,44.690746743745805],[-0.324123246079346,44.69084624452382],[-0.324064756290733,44.691092195329304],[-0.324032781893109,44.69126093762166]]],[[[-0.323924098761362,44.72259934853862],[-0.323354248885567,44.72241614616414],[-0.322816429133099,44.7222423420312],[-0.322476074536846,44.72213343427201],[-0.322383549587538,44.722105484231655],[-0.322035995750229,44.72200733403618],[-0.321690027439961,44.721912469248544],[-0.321629162669131,44.721896273896036],[-0.321613086663364,44.72188729485108],[-0.321603315109824,44.721871638759325],[-0.321604424406492,44.7218540341867],[-0.321713888427266,44.721575916387984],[-0.321752796465072,44.721427870862925],[-0.32179932916188,44.721248418744416],[-0.321902765453303,44.7210737467234],[-0.322017215441211,44.72083089186754],[-0.322036573434139,44.72079057275254],[-0.322462260093982,44.72090854427808],[-0.32265574459124,44.720966083113744],[-0.32319553443619,44.72114136027411],[-0.32333003125483,44.72118877454203],[-0.327512908059399,44.72283105458761],[-0.327136077356669,44.723154971644725],[-0.32674187856693,44.723495178462066],[-0.32592508547908,44.72323795116557],[-0.325554036787028,44.72311889126346],[-0.325078862276441,44.72296808575042],[-0.324299389149891,44.72271972803384],[-0.323924098761362,44.72259934853862]]],[[[-0.320262887003937,44.73488353871352],[-0.320134489823198,44.73499137555953],[-0.319838640154722,44.73522434946885],[-0.319699383059262,44.73511606841255],[-0.319355518651697,44.73485677083655],[-0.319115239972569,44.734992470500075],[-0.319001519927988,44.73488630655838],[-0.319649258089994,44.73437597038028],[-0.319783441967938,44.734301931858816],[-0.319853198776714,44.73425866012651],[-0.320027505593886,44.73414476119595],[-0.32044165658506,44.73391148264769],[-0.320631187649266,44.733804965639024],[-0.321067146985235,44.73416169838861],[-0.321040829906568,44.73419772064345],[-0.320946371856034,44.73428723939946],[-0.320806092966718,44.734420754256874],[-0.32071932046372,44.7344991390279],[-0.32053709385159,44.734656619277445],[-0.320262887003937,44.73488353871352]]],[[[-0.318901281392945,44.71746508314333],[-0.318628471343149,44.717624375904286],[-0.318416117597114,44.7175316230882],[-0.318264605763304,44.71746119501072],[-0.318190832935643,44.71748746578691],[-0.318189536757884,44.71752120535407],[-0.318178302835527,44.71753001237454],[-0.318104584069871,44.71755934516993],[-0.318008536661417,44.717591509897254],[-0.317347474612864,44.71779136265548],[-0.317235972684402,44.71782507119694],[-0.316995860968961,44.717898136835636],[-0.316721913233349,44.718441322279666],[-0.316703402444435,44.718478911690234],[-0.316695778396795,44.71851680563121],[-0.316585197171023,44.71886847986409],[-0.316572667141431,44.71887245967171],[-0.316243372581143,44.719004243488264],[-0.315690753720188,44.719221741870264],[-0.315298198474703,44.71938245042775],[-0.314887820540674,44.71927714962544],[-0.314889017528173,44.71927386986216],[-0.314911873773604,44.719207045521145],[-0.315012950831394,44.71895342588311],[-0.315130320254542,44.7186395760784],[-0.315340728538309,44.71819958048872],[-0.315383246543282,44.718116848620646],[-0.31528430561946,44.71779965596819],[-0.315258753479429,44.717745635237684],[-0.315242257307824,44.71745922322417],[-0.315247668634841,44.71742022428764],[-0.315278909350673,44.71735630254317],[-0.31535507692338,44.71722480515597],[-0.31559986954846,44.71682369727269],[-0.315665421622292,44.71672225352862],[-0.31576657555607,44.71659874785173],[-0.315828112410898,44.71653211614127],[-0.315906538942538,44.71646687067],[-0.316033891763918,44.71637835297352],[-0.316118008523785,44.716308881966654],[-0.316263870919217,44.71617205179507],[-0.316491451350062,44.71595509904524],[-0.316591045207809,44.715860924634235],[-0.316615118716147,44.71582767399612],[-0.31663498892863,44.71579815365921],[-0.316645307545382,44.715767387699934],[-0.316647177211215,44.71574336275438],[-0.316644068608824,44.71571849579529],[-0.316625604965298,44.71566038831667],[-0.316640269327077,44.71558542897317],[-0.316552580588543,44.71548920743324],[-0.316378159328529,44.715210050974925],[-0.316207842463615,44.71494690079285],[-0.316143611751735,44.714802669078],[-0.315971837164063,44.714435396731055],[-0.315882139020628,44.71412702917496],[-0.315777295603669,44.71378036865918],[-0.315748119460282,44.71364337660339],[-0.315646282604879,44.713454946789454],[-0.315552659598556,44.713305107642775],[-0.315329371520051,44.7129577601387],[-0.31522117001646,44.71283070442574],[-0.315236051100925,44.712821608236695],[-0.315233061663221,44.712725822290906],[-0.315231244453689,44.71233462544353],[-0.315238038414512,44.712319103475096],[-0.315257063127754,44.71230312501526],[-0.31529426754802,44.712284709678606],[-0.316247621731851,44.71206448571364],[-0.316854571579562,44.71192528095663],[-0.317011044143208,44.71211874010993],[-0.317160501730276,44.712283214154226],[-0.317036608674486,44.71234234434737],[-0.317212261140035,44.712696072359314],[-0.317257261347472,44.71282276792683],[-0.317497365946021,44.71324295623954],[-0.316973131089565,44.713402843124165],[-0.317271515375736,44.71377839360008],[-0.317619007981797,44.71420446409323],[-0.317931198483578,44.71456968733952],[-0.317944486317435,44.71458929312386],[-0.318860412665132,44.7146488758421],[-0.319184963164244,44.714951369990445],[-0.319975897809393,44.71580746991211],[-0.319155438002472,44.716222609716624],[-0.319123650348312,44.716238611173246],[-0.319666796003966,44.71697941640651],[-0.319292263815605,44.71723096964009],[-0.319150273611808,44.71731767743857],[-0.318901281392945,44.71746508314333]]],[[[-0.317005410464184,44.711791634502156],[-0.316020905178821,44.712010635974345],[-0.315224191432092,44.71218273352039],[-0.315209576739443,44.71217704393223],[-0.315193268256499,44.712157618475814],[-0.315132178535103,44.71177702787798],[-0.315090029476236,44.71153346563836],[-0.315033423090092,44.71121608708171],[-0.315027742998146,44.71109821510931],[-0.315037543795353,44.710951405140115],[-0.315071998030292,44.710744745525744],[-0.315132686609382,44.710498643510526],[-0.31515340405106,44.7104406238082],[-0.315175266515628,44.71035914160009],[-0.315185175087119,44.71019700997497],[-0.315197767901619,44.70999893478066],[-0.315188969925045,44.70990107023128],[-0.315093356426591,44.70937625941976],[-0.315198591750188,44.70938229800751],[-0.315202100126526,44.70939895307653],[-0.315401337197122,44.70940695117947],[-0.315419062082044,44.709280989208295],[-0.315407939685347,44.709278799386475],[-0.315416768746484,44.70921203484796],[-0.315440725407128,44.70921329951479],[-0.31545310230831,44.70912525319971],[-0.315485320432801,44.709125189046325],[-0.315484886869679,44.70913069865059],[-0.315570383840604,44.70914273473015],[-0.315659239926663,44.70915602172863],[-0.315791601949963,44.70917638521165],[-0.315748854664016,44.70953818996552],[-0.315940807023929,44.709555506334084],[-0.316035293412685,44.709559253069116],[-0.31602450737418,44.71019538178049],[-0.316026319117026,44.71024542782106],[-0.316186227528951,44.71019711381154],[-0.316337485014901,44.71014995988967],[-0.316411738834158,44.710125568020786],[-0.316503434826974,44.71009695893984],[-0.316459165602665,44.70951303083352],[-0.317146475425332,44.709895126302804],[-0.317904105872661,44.71031241454445],[-0.318030963514062,44.710382950765954],[-0.318233488752413,44.710498074559496],[-0.318416059359824,44.71059622517782],[-0.318233980894466,44.710652145543904],[-0.317918814900077,44.71074620691496],[-0.318150062624043,44.711123406766156],[-0.318383250342186,44.711505594194136],[-0.31799848623906,44.7115830900413],[-0.317005410464184,44.711791634502156]]],[[[-0.315852546993972,44.71638702997082],[-0.315774203201604,44.71644938944645],[-0.315643327910297,44.716602530176694],[-0.315579100077155,44.71669212999777],[-0.315449226384059,44.716875156560974],[-0.315366439913546,44.71702514434735],[-0.315217457184447,44.717284974969026],[-0.31519275755187,44.7173419426186],[-0.315154897705568,44.717458686073385],[-0.315147986012306,44.71751512092216],[-0.315146126697251,44.71768304912513],[-0.315241823318089,44.71803313860842],[-0.315251680037937,44.71808889099733],[-0.315243746423119,44.718140851038726],[-0.315220035545075,44.71819959126025],[-0.314826778348329,44.71913128953209],[-0.314784095310885,44.71922411829053],[-0.314763354079871,44.71928394088795],[-0.314744990901845,44.71933693410906],[-0.314813890056141,44.719423087184595],[-0.31492870062147,44.719561299719146],[-0.314980392786934,44.71963210890519],[-0.315010847403269,44.719713556208234],[-0.315020007724024,44.71976392298463],[-0.313870158673807,44.71978528904707],[-0.31359949944209,44.71957163460132],[-0.31345061372777,44.71943633314096],[-0.313246993882037,44.71902612645195],[-0.313262687838027,44.71887841912044],[-0.313277002148357,44.71878454795574],[-0.313312209177514,44.71856687284814],[-0.313427679904543,44.71787940147914],[-0.313124460304524,44.71640429978045],[-0.312915339225646,44.7159090153291],[-0.312777173813728,44.71556064636297],[-0.312285918817262,44.715313133676325],[-0.311971012346037,44.715160993080865],[-0.311412537204487,44.71487917459559],[-0.312035796541102,44.71427779368617],[-0.31198887912361,44.71425360691623],[-0.312019711432498,44.71423853722001],[-0.31219552824521,44.714075946306345],[-0.312666153147022,44.71362546550889],[-0.312542556076091,44.71354806731628],[-0.312890302715035,44.71334374507113],[-0.313835828806244,44.71359098950596],[-0.314217015273306,44.713373046489835],[-0.314495963539222,44.71307138951572],[-0.314582528610502,44.71317440417437],[-0.314679882860189,44.71313877903841],[-0.314893261890379,44.71305840896671],[-0.314955162363967,44.71315459299177],[-0.315174912103308,44.71306438993098],[-0.315195701640864,44.71308908768804],[-0.31524362698603,44.71306602602332],[-0.315440085244712,44.71334407298035],[-0.315523448662296,44.71350638423039],[-0.315593403818495,44.71365774344717],[-0.315647703205131,44.71380290362946],[-0.315747302686506,44.71419783935581],[-0.315790532579293,44.714363155055324],[-0.315811000609541,44.71442742005171],[-0.315884757020179,44.714576773026586],[-0.316016716233584,44.71485170566967],[-0.316129194049897,44.71507910390231],[-0.316230698255513,44.71525537881557],[-0.316339193277987,44.71541945973759],[-0.316493480392298,44.71561001200351],[-0.316532969861363,44.71565820825072],[-0.316549692408426,44.715693209977346],[-0.316557779232965,44.71571891895668],[-0.316552955291163,44.71576357721249],[-0.316516440922331,44.71584090335713],[-0.31644828953959,44.71591106770579],[-0.316225127476217,44.71610220699678],[-0.316031855843456,44.716258028744186],[-0.315852546993972,44.71638702997082]]],[[[-0.317067833515969,44.72120702988276],[-0.317484929356838,44.72128662105128],[-0.317937635927876,44.72134423796759],[-0.318486110066716,44.72144196394504],[-0.318443920445112,44.721633088435716],[-0.318384011713393,44.721907374071336],[-0.318383078800294,44.72193227212288],[-0.318385654336265,44.7219609396813],[-0.318397699809195,44.72201302200636],[-0.31841720803135,44.722060915807134],[-0.318458371378416,44.722130957972695],[-0.318501126219209,44.722178695488495],[-0.318688039722437,44.722401247698876],[-0.3187175267793,44.72244046214275],[-0.318736879819502,44.722472861806054],[-0.318747015611929,44.722492562119214],[-0.318755897952403,44.72252743833112],[-0.318757012189543,44.722546327821476],[-0.318732050659052,44.722680257378364],[-0.318678592952727,44.7228967701924],[-0.318638132647035,44.7229715122179],[-0.318592296000139,44.7230301056756],[-0.318550719614918,44.72307307263425],[-0.318468505872058,44.723155644315085],[-0.31803311257055,44.72354616295468],[-0.317690059036116,44.723852273422466],[-0.317605224345208,44.72394402398006],[-0.317557931587619,44.724016537405554],[-0.317512819798907,44.7241281828723],[-0.317463402690911,44.724331868560625],[-0.317377808502124,44.72471514442179],[-0.317361835452938,44.724752928253594],[-0.317326848834234,44.72480479824139],[-0.317292675010442,44.72484258684904],[-0.317254090391202,44.724880597734504],[-0.317165957359433,44.72494217012736],[-0.317108499394437,44.724970924641255],[-0.317036747779581,44.72500163929287],[-0.31694320633018,44.72503580019976],[-0.316886702100573,44.72504857671702],[-0.316448516546326,44.72513271153249],[-0.316393791308489,44.7251499399443],[-0.316317999357191,44.725176449927744],[-0.316250821116918,44.725207567693026],[-0.316103369010546,44.72530281485689],[-0.315954191342982,44.72540739472913],[-0.315798947204199,44.72551413850028],[-0.315645071302371,44.7256248058537],[-0.314934134838834,44.72612331492019],[-0.314586141091422,44.72635684508871],[-0.314393893460435,44.72645991896498],[-0.314141200444321,44.726586157963155],[-0.313637644007209,44.7268461485292],[-0.313133533911294,44.72710110716224],[-0.313020613311192,44.72716044433558],[-0.312893105338441,44.72722535414909],[-0.312738799885633,44.72730314032746],[-0.312416968172048,44.72746604599011],[-0.312273159581969,44.72752891975691],[-0.312083076030328,44.72757227258881],[-0.311995704609443,44.72759326885034],[-0.311798889844962,44.72763393908579],[-0.311424518137961,44.7277031684893],[-0.311321523790305,44.727718594244244],[-0.310916934833607,44.72778557195174],[-0.310803872270068,44.72780174888664],[-0.310757785698792,44.72780474917176],[-0.310643119023191,44.727806556503474],[-0.310599647876926,44.72780245001758],[-0.31043861697362,44.72778320658866],[-0.310246894827592,44.727742894132135],[-0.310027154340835,44.72768611823348],[-0.309962008830523,44.72767454978509],[-0.309886865065169,44.72766706480937],[-0.309858222274787,44.72766792120546],[-0.309814502254919,44.72767247229999],[-0.309762771886569,44.72768266939861],[-0.309671703996902,44.727705306163486],[-0.309440722551293,44.727771142783176],[-0.309208520653662,44.727343489804134],[-0.309246830643504,44.72733937099528],[-0.309242880072084,44.72731948495296],[-0.309301265126038,44.727306385892824],[-0.309363434706451,44.72729101105389],[-0.309720689727926,44.72719941275355],[-0.309633680764091,44.72705468631444],[-0.309768668770833,44.72686763957904],[-0.309096586028571,44.72664389773593],[-0.309058421920718,44.726628999208096],[-0.308999113155032,44.72670159751191],[-0.308845391249964,44.72684739275934],[-0.308576744816368,44.72703572985346],[-0.308533443873447,44.72704954912299],[-0.308382527432281,44.727107674188034],[-0.308109923256221,44.727218004139516],[-0.308031622198991,44.72724494368799],[-0.307699653640322,44.72732379644995],[-0.307011688926074,44.72748780343663],[-0.307030083520989,44.72751473705987],[-0.307540641994964,44.72829343120027],[-0.307129984593505,44.728366973857966],[-0.307077242198436,44.72837287468863],[-0.307018406067529,44.728378326771555],[-0.30690442717355,44.72838110084396],[-0.30686114548706,44.72837806852925],[-0.306625547674908,44.72836546227237],[-0.306468827836044,44.7283464447261],[-0.306194898170451,44.72828812596755],[-0.30543911382018,44.728104887332044],[-0.305434217201694,44.72809899626459],[-0.305433963515629,44.72809467862757],[-0.305357772042672,44.728065055153365],[-0.30534464988899,44.72806760956156],[-0.305314587126269,44.72806796652084],[-0.305288640112316,44.728065227003114],[-0.305283967378259,44.728104023096385],[-0.30529279673181,44.72811015718262],[-0.304931386957545,44.728311977541104],[-0.304585962578089,44.72847610464817],[-0.304402369850455,44.728561240865886],[-0.304087971874843,44.72864676667055],[-0.303945190751121,44.72868644072608],[-0.303774623467366,44.728728655893384],[-0.303417725274976,44.72881157342297],[-0.303280689057947,44.72882854804345],[-0.30305701642753,44.72882314743939],[-0.302659973192964,44.72875840108428],[-0.30262280880865,44.72874545289687],[-0.302593808237891,44.72872730518293],[-0.302570862790404,44.72870248901286],[-0.302541315606223,44.72866426340706],[-0.302464048722645,44.72855816796407],[-0.302403454165136,44.7284733813691],[-0.302278231984071,44.72829969331452],[-0.302207890771191,44.72819528341887],[-0.302239394956487,44.728197947994516],[-0.302428197449324,44.72822736806077],[-0.3024755646596,44.728233253796205],[-0.302502749587636,44.72812142921234],[-0.302516030738972,44.728061291109],[-0.302608118318425,44.72767486215007],[-0.302573610899474,44.72762534079318],[-0.302478019535712,44.72760972032117],[-0.302176172267268,44.727562316856115],[-0.302010700643884,44.72753625540137],[-0.301736888243554,44.72749270016744],[-0.301599255275326,44.727288384414436],[-0.301499973363971,44.7271366293508],[-0.301133324112238,44.72657934044271],[-0.301080559177668,44.72650513282048],[-0.300923396503134,44.72628671117109],[-0.300599146725982,44.725840071146976],[-0.300424150085905,44.72559983384714],[-0.300342247424829,44.725485675649544],[-0.300193609805064,44.72527889333409],[-0.3001658852452,44.72524151398807],[-0.299988473444267,44.72499882513481],[-0.29964181217238,44.72453185586602],[-0.299622543710836,44.724502874739386],[-0.299610652222924,44.72447899010026],[-0.299574962089497,44.72432948317943],[-0.29952950377522,44.72412548165909],[-0.299406033412612,44.72357400559801],[-0.299314125441373,44.723190000918684],[-0.299220604893875,44.72280649485767],[-0.299218647785081,44.72279898410875],[-0.29918568948478,44.72268309622336],[-0.299070618320715,44.72225319605701],[-0.299170548868226,44.7222503077596],[-0.299652915524506,44.72220619399018],[-0.299871276406002,44.72217751792721],[-0.299944662402019,44.722368521975746],[-0.299881028016142,44.72242998050824],[-0.299831365401414,44.72253571612153],[-0.299792063605964,44.72271467108597],[-0.299971485332932,44.72260173315209],[-0.300057873973056,44.72257266588271],[-0.300273478039166,44.722552991955425],[-0.30044953045041,44.72247313325169],[-0.300473041361653,44.72250333933119],[-0.301083235602214,44.72223383184254],[-0.301103436669959,44.72220331347786],[-0.301114965280591,44.72218008218486],[-0.3011298298191,44.722146929611654],[-0.301089075920975,44.72204902601264],[-0.300914044190406,44.72200621813396],[-0.300836488474552,44.72198762581034],[-0.300589853032229,44.72192857059994],[-0.300600265970277,44.721899245280845],[-0.300641084742912,44.72186685070675],[-0.300692694364479,44.72182665536636],[-0.300713514347924,44.721813149063856],[-0.30074181991792,44.72179797780946],[-0.300770830187382,44.7217840470475],[-0.300801659552943,44.72177096311329],[-0.300836710951347,44.72176090705232],[-0.300892961725807,44.721741658519576],[-0.300946765943261,44.72173672000632],[-0.301044764550144,44.72172676905683],[-0.301068241666876,44.72172408653002],[-0.301222688624943,44.721709027857415],[-0.301265752761909,44.721704139175166],[-0.301286528077547,44.72170279869563],[-0.301343955631697,44.72170360895405],[-0.301690530333895,44.72166948320507],[-0.301632514203163,44.72166941154871],[-0.301690171393115,44.721663366554665],[-0.302160151948207,44.72162366599169],[-0.302562202542017,44.7215894143227],[-0.303568215906331,44.72149631830097],[-0.304104360471999,44.72144697549225],[-0.304581254257717,44.721402372559055],[-0.305150268855977,44.721353214716935],[-0.305492073210135,44.72132615772844],[-0.30578281712517,44.721301255391886],[-0.30591659828168,44.72129158304075],[-0.305976805730042,44.72129023536712],[-0.306050156230959,44.721291018140505],[-0.306116946808096,44.72129415940225],[-0.306161316214078,44.72129643847998],[-0.306262094326983,44.721303700656605],[-0.306507559103117,44.721325563514675],[-0.306634933262278,44.721335905535376],[-0.306918811332239,44.721374821859584],[-0.307036384649401,44.72139473740043],[-0.307107613606632,44.721417479214246],[-0.307599984069836,44.72148782974466],[-0.308540008253671,44.72161598424765],[-0.308827942243802,44.72165504485699],[-0.309155285734992,44.72168724971989],[-0.30934292882356,44.72170155380958],[-0.309549934855583,44.7217055469209],[-0.30975511620132,44.721680669353105],[-0.30976480804713,44.721716513094364],[-0.309722523297394,44.721805543210856],[-0.309576827921233,44.722102572194714],[-0.309526959122029,44.72219804648158],[-0.309474702345039,44.72230449527959],[-0.309439430399045,44.72238169160116],[-0.309436396423616,44.722575065232085],[-0.309430175170076,44.72266698178122],[-0.309481127854638,44.72275322417103],[-0.308621348660892,44.72275847203187],[-0.308745946710852,44.72333405569092],[-0.308821508631803,44.72362383896824],[-0.308845451946288,44.723730082163854],[-0.308810125666786,44.72373546334212],[-0.308723062645159,44.72375302378954],[-0.308423186709391,44.72430633291405],[-0.3083781044068,44.724360754280866],[-0.30826834468574,44.72431907047014],[-0.30814066444215,44.724340187150055],[-0.307836745396906,44.72439062926415],[-0.307644521103974,44.724425388192905],[-0.307393955607482,44.724471801881776],[-0.307274797004331,44.72449383434224],[-0.307327746535256,44.724566772112254],[-0.307022958506148,44.724697074071834],[-0.30663439058968,44.7248642992677],[-0.306536403361523,44.72490678387926],[-0.306424854048846,44.724955080004236],[-0.306363167998285,44.724980801271535],[-0.306313109649678,44.72500221042816],[-0.306312983475721,44.72500221419677],[-0.306312862588003,44.725002307916],[-0.306312494638608,44.72500249912308],[-0.306312631385046,44.72500267525574],[-0.306221032423955,44.72509795257761],[-0.306074755017988,44.72521991303192],[-0.306056060740044,44.72522227352603],[-0.305884258138924,44.72524326353591],[-0.305791517275016,44.7252545934528],[-0.305666150677736,44.725269961267145],[-0.305538335175582,44.72528882618767],[-0.305419666922915,44.725306336518635],[-0.305345484116259,44.72531729212579],[-0.305205508713025,44.72533787137064],[-0.305096827255106,44.7253489557857],[-0.304977342274627,44.725361173620826],[-0.304711350223726,44.72538821778152],[-0.304438576166478,44.72541600439806],[-0.304103366298825,44.72544601438074],[-0.303959150569827,44.725458969269795],[-0.303740728517602,44.725476030948734],[-0.303600949297489,44.72548705079153],[-0.303502140596465,44.725498379635894],[-0.303361779096716,44.72551455272925],[-0.303156507014617,44.725538159176025],[-0.303071921982884,44.725539872147635],[-0.302987720753146,44.72554166371096],[-0.302991034000582,44.72576602483218],[-0.302991045130787,44.72576836731813],[-0.303021479357399,44.725765747160054],[-0.302976782987725,44.7258526837788],[-0.302881066859414,44.7260329631068],[-0.302933532140214,44.726039597561766],[-0.303223311252362,44.72606672399985],[-0.304168244711402,44.72614178754011],[-0.304577158632353,44.726135618628724],[-0.304577169199499,44.72613579853023],[-0.304699385930251,44.72614638717759],[-0.305026481512237,44.72620195050662],[-0.305026865326733,44.72620202915592],[-0.305596824231101,44.72626277457917],[-0.306028824907328,44.72634187448375],[-0.306479186953875,44.72644087895156],[-0.306479313131046,44.72644087518275],[-0.306982430361572,44.72624175449845],[-0.307206536885322,44.72616008900306],[-0.30734612477502,44.72610924234856],[-0.307429733822853,44.72608016227731],[-0.307670772346254,44.725996277850065],[-0.307671135009027,44.72599599668779],[-0.308057849350447,44.72570258113087],[-0.308493092717525,44.725372571346405],[-0.308606646746244,44.72530249700173],[-0.308647387171046,44.72527740051498],[-0.308625290372689,44.72524769436013],[-0.309050534648076,44.72493690391684],[-0.30920743222158,44.72472271102018],[-0.309344048363862,44.72478044137568],[-0.309515047075833,44.724490135167066],[-0.309580722580385,44.7243152530937],[-0.309683204597622,44.724170898634696],[-0.309966778348508,44.72369304360358],[-0.310127996703469,44.72314423678814],[-0.309855556332072,44.723102283070006],[-0.309780337652043,44.723089123613995],[-0.309896725467102,44.72165796271019],[-0.310041803768593,44.721634070842406],[-0.311305861987752,44.72136648634426],[-0.312449184020217,44.72112637909376],[-0.313276320947957,44.72094924932854],[-0.313421817312494,44.72091533835889],[-0.313450101472471,44.72144712442418],[-0.313564168605864,44.721450377838224],[-0.314496092482097,44.72146221398599],[-0.314914652137556,44.72131785054814],[-0.314933153399887,44.720857474807936],[-0.315405222716915,44.7209413708523],[-0.31630614680774,44.72108567900022],[-0.317067833515969,44.72120702988276]]],[[[-0.314186805978804,44.70196893973324],[-0.314246081938449,44.70197572458179],[-0.314360583114867,44.70199130778883],[-0.314379560626099,44.70186945378046],[-0.314207681281707,44.70183639616392],[-0.314214193743029,44.70177105291948],[-0.314223253399077,44.70169103586417],[-0.314225837684411,44.701676991698534],[-0.313893640853777,44.701654862699826],[-0.313889451130156,44.70162876671604],[-0.313751492743433,44.70087355741519],[-0.313741492238416,44.70081528665757],[-0.313610514158619,44.700124926489664],[-0.313516996620431,44.69962231104918],[-0.313499449172392,44.6995259704044],[-0.313430826451861,44.6991886786008],[-0.313323745552159,44.69861870822922],[-0.313289190154497,44.69843087666608],[-0.313243692491701,44.69820309451472],[-0.313182937598375,44.697885661286776],[-0.313175875365236,44.69783865619258],[-0.313142551197457,44.69767601802386],[-0.313136143692901,44.69761223324878],[-0.313143391896772,44.6975572305739],[-0.313161232024421,44.697510470983225],[-0.313196911663597,44.69745128293841],[-0.31324613667233,44.6974011505939],[-0.313342237992917,44.697325375422956],[-0.313624997940496,44.69712407639683],[-0.313801188201925,44.69698598039399],[-0.313957015575522,44.69684750281907],[-0.314281819508424,44.696568621241596],[-0.314562079564465,44.69632927887592],[-0.314669046310006,44.69623641688529],[-0.314790341810068,44.696120868823584],[-0.314985856610972,44.69591416031287],[-0.315210890230991,44.69566385574412],[-0.315306754067502,44.6955648380045],[-0.31535326042349,44.695528662746554],[-0.31542969763561,44.69548375116257],[-0.315482696731333,44.69545486024684],[-0.315526706027521,44.695449216240654],[-0.315562663505697,44.69545057160883],[-0.315649055493992,44.69540094625493],[-0.315752945428869,44.69538458693116],[-0.31611423660451,44.69538439148057],[-0.316552094789271,44.69538009751133],[-0.31680096839375,44.69537588077902],[-0.316919752463926,44.695365741837335],[-0.317019199742585,44.695355461634065],[-0.317251188011514,44.69532624953409],[-0.317316214120191,44.69526780209075],[-0.317491425337713,44.695205510110576],[-0.317758040910464,44.69510794787666],[-0.318370614173846,44.69488728393631],[-0.31881274848668,44.69472417223989],[-0.319016491449388,44.69464876717435],[-0.320041901185657,44.69427829321556],[-0.320555903239187,44.69409157187774],[-0.320645102335068,44.694055374433034],[-0.32073992603046,44.694005311645824],[-0.32135425702425,44.69367779958405],[-0.32169286743557,44.69349678852591],[-0.321884646002232,44.69335577796274],[-0.322040759139223,44.69323548157937],[-0.322426678118696,44.69280092475198],[-0.32265367854439,44.69254189452043],[-0.32271786490923,44.69247364712194],[-0.322769718553453,44.692429738878985],[-0.322853083782876,44.69238037875178],[-0.322917434432304,44.69235772106473],[-0.3229638815762,44.69234848656962],[-0.323040795697777,44.692335363358175],[-0.323148633424853,44.6923260869595],[-0.323583668899468,44.692300043039154],[-0.323662833387135,44.69241489564739],[-0.325064880101962,44.69325078186499],[-0.325093736814022,44.69326667474316],[-0.325090695485301,44.69332425529484],[-0.325102495203608,44.693530429069966],[-0.32511316608699,44.69362553314186],[-0.325141324944893,44.69380283112456],[-0.325213499125767,44.694066571811085],[-0.325295053499707,44.69433084154082],[-0.32532237696396,44.69441913753324],[-0.325612049188833,44.69539207220449],[-0.325632540481945,44.695437411589],[-0.325681321075538,44.6955125375105],[-0.325835040839715,44.69565109913598],[-0.325882882653956,44.695688948290766],[-0.325897838158724,44.6956983205429],[-0.325944945157181,44.69572159418615],[-0.326050264422855,44.69576366257734],[-0.326203135959039,44.695810879216054],[-0.326318527684362,44.6958438139151],[-0.32641151825462,44.695867510061966],[-0.326587766040089,44.69590411143184],[-0.326796097645947,44.69594704660252],[-0.327022755563726,44.695979428254766],[-0.327335547429881,44.69601994204073],[-0.327684657990273,44.69606576032272],[-0.327786019711313,44.696081454227915],[-0.327834852280997,44.696091158911635],[-0.327862193368008,44.69610060891972],[-0.327905382280824,44.69611742168802],[-0.327951515770615,44.69613702934542],[-0.328062594354637,44.696205955246604],[-0.328320720780304,44.69636669360492],[-0.328807075540328,44.69667600245761],[-0.329158270478747,44.69690007864872],[-0.329267965428427,44.696962647364884],[-0.329327932157887,44.696991840304],[-0.329371436675498,44.69700756173818],[-0.329428207186701,44.69702756960847],[-0.329822114963425,44.6971492565401],[-0.330008534480453,44.697203928727944],[-0.330221946782407,44.69726427598795],[-0.330280876078781,44.6972823261782],[-0.330321055938968,44.69729949895811],[-0.330372036186747,44.697326258592284],[-0.330395125719783,44.697340701857094],[-0.330578046755305,44.697583895894184],[-0.330615790181175,44.69762393944342],[-0.330735390332878,44.69768945255844],[-0.330805516273316,44.69772590806163],[-0.33089535824794,44.69776249084511],[-0.331083757679487,44.69781854346306],[-0.331168361329632,44.697834919150615],[-0.331374961311269,44.69787402350999],[-0.331474131841803,44.697891041676534],[-0.331612875861612,44.697921375674575],[-0.331626316238481,44.69792646760504],[-0.33164087866573,44.697941978373514],[-0.331649859923551,44.69796351427419],[-0.331670894757696,44.69801793738547],[-0.331709204916697,44.698368478666616],[-0.331725511687456,44.69845827672072],[-0.33173375538967,44.698490828113684],[-0.331758083433068,44.698549657505325],[-0.331793492136934,44.69859932255691],[-0.33187813121372,44.698686702481034],[-0.332048428578251,44.69884665361478],[-0.332378359189439,44.69908667944973],[-0.332592468844429,44.69924612129924],[-0.332762138607788,44.69937193909118],[-0.332843989044038,44.69942498075754],[-0.332977231844593,44.699496748810006],[-0.333056788159756,44.6995323782986],[-0.33317786828171,44.69957369524093],[-0.333301755210426,44.69960907041575],[-0.333473809431626,44.699644976713955],[-0.333623667657892,44.699675153750526],[-0.333701599712846,44.69968334848816],[-0.334036249201434,44.69971489557324],[-0.334315841683591,44.69973836903279],[-0.334407007169716,44.6997481468899],[-0.334433629967935,44.69975608516686],[-0.334552775574099,44.69987774611664],[-0.334832695916905,44.700169012581355],[-0.334938402180434,44.70030477481908],[-0.334967265639603,44.700359051625526],[-0.334985169257077,44.700396808363934],[-0.334994765531856,44.70047347229062],[-0.335009259899149,44.70063279884833],[-0.335023961954819,44.7007700424254],[-0.33503707438049,44.70091670526976],[-0.335048752396828,44.70096879678726],[-0.335067665208894,44.70100652311028],[-0.335100804643506,44.701051930443825],[-0.335159691974001,44.70110755499742],[-0.335294837292811,44.7011963839036],[-0.335455173465229,44.70130734102282],[-0.335501245247182,44.70136416271652],[-0.335533452980271,44.70142581767639],[-0.335544527248472,44.70145918466457],[-0.335546321883787,44.701487334729975],[-0.335547515422319,44.70166310171482],[-0.335550108975701,44.7017601612077],[-0.33555658086036,44.70225097098591],[-0.335561016848347,44.702545404187354],[-0.335564393670035,44.70290510841087],[-0.335567021114049,44.70300487020472],[-0.335565366850076,44.70316243096582],[-0.335553498476184,44.70323505631698],[-0.334916352469044,44.703073501757416],[-0.334827414331345,44.70305023074914],[-0.334668005518428,44.703010430826936],[-0.334749350109195,44.70280532386165],[-0.334504841485762,44.70274303802747],[-0.334257436155767,44.70267876644701],[-0.333989867918703,44.70260897443136],[-0.33396463209058,44.70269912303787],[-0.33375271755296,44.70263675460542],[-0.333633312536887,44.70260250618662],[-0.333445544629652,44.702551033788694],[-0.333356606316062,44.70251920128908],[-0.333359184133613,44.70250299410728],[-0.333096449787337,44.702423052269154],[-0.332737760073173,44.7023143717022],[-0.331953839226806,44.70205711026929],[-0.332159452725601,44.701720759193314],[-0.332064427098556,44.701690640895016],[-0.33172845426866,44.70158568853926],[-0.331811121387192,44.70146894117923],[-0.331885342913163,44.70136533364972],[-0.332162529220293,44.70098312449746],[-0.331858249129251,44.7008927169997],[-0.331590309650329,44.70080364744156],[-0.331564658431826,44.700795048458666],[-0.331531687387358,44.70084848459538],[-0.331121034030919,44.70071333994366],[-0.330938927483942,44.70065277236952],[-0.330928520344879,44.70067759528584],[-0.330534042144395,44.70055313511263],[-0.330383614204964,44.70050693163221],[-0.330108405678581,44.70043159374469],[-0.329808029796514,44.70035367855392],[-0.329681082551343,44.7003220860319],[-0.329192386522602,44.700195951041394],[-0.329094419930647,44.70040867193948],[-0.329024631258479,44.70057233675922],[-0.32882172554196,44.700508246557085],[-0.328618251757757,44.70042813372398],[-0.328479865381116,44.70038255666598],[-0.32847052824678,44.700391307767845],[-0.328211646686367,44.70031853781654],[-0.32818204780527,44.70030726344517],[-0.328167744092169,44.70030039487746],[-0.328347411455314,44.70012964094023],[-0.328435416556841,44.70005607805409],[-0.328490353200315,44.699991619653765],[-0.328602431480623,44.69985299479366],[-0.328765017278554,44.699681852903794],[-0.328748522846656,44.699646485843786],[-0.328229972698071,44.69941915182567],[-0.32798459927553,44.699128182424126],[-0.327905042804352,44.69903478973457],[-0.328187669952487,44.69877425465441],[-0.328463268703417,44.698520958711235],[-0.328522184293966,44.69842340079903],[-0.328592346102515,44.69829811147517],[-0.328142230212362,44.69807628788575],[-0.32808296417501,44.69805040722124],[-0.327912657164903,44.697984073642196],[-0.3277216408721,44.69790935180699],[-0.32766274670595,44.6978812070294],[-0.327459821290315,44.69778026089103],[-0.326941394982636,44.69752471394817],[-0.32691525318848,44.69754838759713],[-0.326450848826149,44.69734536936262],[-0.326349180580064,44.69729886625414],[-0.326115213756763,44.69719632799559],[-0.326050855875892,44.697167625796254],[-0.3256468114963,44.69691485213874],[-0.325436990276541,44.696784734440875],[-0.325381930567601,44.69675088655494],[-0.325237448108398,44.69658267119698],[-0.325220924239431,44.69656172198921],[-0.325206114697025,44.69643078889957],[-0.325194197561886,44.696295353571905],[-0.325070937449525,44.696548388148265],[-0.325053639240149,44.696580626195036],[-0.325021274849437,44.69662728383034],[-0.325026959228883,44.69669784816305],[-0.325067542663275,44.69673258181259],[-0.325094073447018,44.69676467408559],[-0.325142105266651,44.69685919612451],[-0.32515728205156,44.69691722042661],[-0.325180882072665,44.697015179973306],[-0.325200217049416,44.69708371211055],[-0.325018094581448,44.69726850135359],[-0.324980921257575,44.69764437977938],[-0.32480637198981,44.697931754868115],[-0.324166807650836,44.69770839974696],[-0.323871658189009,44.69789829477201],[-0.324458717871457,44.6982444251854],[-0.32459910682594,44.69832833303512],[-0.325249150931956,44.69857281685752],[-0.325656456867426,44.698728807877785],[-0.325859277614413,44.69883012094309],[-0.32590464722328,44.698860295186236],[-0.326072072344493,44.69896979043291],[-0.326168257369412,44.6990709744581],[-0.326390592859172,44.69930578163731],[-0.326701036639221,44.699682473708265],[-0.326430131038765,44.70037454320423],[-0.326527411007517,44.70112267458278],[-0.325967700260872,44.701806664887755],[-0.32495784902369,44.70184124975464],[-0.322848576225659,44.70139270471501],[-0.322287065219802,44.70089973169349],[-0.320795684878967,44.70055009641602],[-0.320037252973344,44.69918996305739],[-0.319806286551514,44.699127509783],[-0.319417496236425,44.69909457072318],[-0.319140573376763,44.699073322659935],[-0.318942539773473,44.699057276660156],[-0.318839366523814,44.699049468310626],[-0.318783679734022,44.699028521458814],[-0.318679858429083,44.69898829342768],[-0.318564799593367,44.69893317405497],[-0.31843649960712,44.69886989141223],[-0.318361616241549,44.69882762379295],[-0.317887145561809,44.69854990201933],[-0.317800397348902,44.698497086747295],[-0.317601770153518,44.698335891933105],[-0.317468707641778,44.69819390640336],[-0.317171897435094,44.698411766172924],[-0.317031468803905,44.698537081569064],[-0.31707966207345,44.698570238303276],[-0.317028523811064,44.69873793085637],[-0.31742298572574,44.698781431011646],[-0.317665441442706,44.69906674266065],[-0.317688000586304,44.699237271844254],[-0.317631969163841,44.699300495828176],[-0.317535701384545,44.69936483609732],[-0.317491022504823,44.69940203877597],[-0.317423539527056,44.699463893939644],[-0.317856487747096,44.69949578625857],[-0.317903520705216,44.69949852089327],[-0.318007312029741,44.699521089354604],[-0.318104230682471,44.699544945120266],[-0.318246245069267,44.6995943907803],[-0.318283054890376,44.69961229970681],[-0.318305121567621,44.699624433300734],[-0.318374740212239,44.69967595982883],[-0.317783364998474,44.700044935929064],[-0.317667388632022,44.700036429038626],[-0.317577771144335,44.7000378545858],[-0.317314336396478,44.70004187825523],[-0.31722963303362,44.699993776883495],[-0.317205248355202,44.69997017871739],[-0.31714435575182,44.6998716237043],[-0.317019573894998,44.700009535650956],[-0.316857594649117,44.70017442356356],[-0.316840193517709,44.700170710104686],[-0.316603336657991,44.70014122607022],[-0.31525068217301,44.69998370512495],[-0.314355356366246,44.699868607238066],[-0.314237029920792,44.699833044645395],[-0.314068619327819,44.700039029941166],[-0.313957487015468,44.70018788300085],[-0.313943658678989,44.70021695153182],[-0.313938310033044,44.7002419815534],[-0.314027160616171,44.70027473289581],[-0.314211250748291,44.70033716055199],[-0.314401617700767,44.70039246157406],[-0.31527189989075,44.700624909668875],[-0.315551722971279,44.700718888099416],[-0.315329607338974,44.70110913392773],[-0.315547702235197,44.70113963353194],[-0.315613154166791,44.70115046765085],[-0.315198741984692,44.70177021379695],[-0.315485106949634,44.7018185820689],[-0.315309214915141,44.70210778318112],[-0.315280724265255,44.70217067809017],[-0.315426327700171,44.70218699355848],[-0.315408044453501,44.70230558312762],[-0.315399518563015,44.7023667517358],[-0.31538824781362,44.7024027722861],[-0.31535327515556,44.70288364641477],[-0.315308755465676,44.703140256907716],[-0.315787874279586,44.70312328778568],[-0.315867481893319,44.703007636195],[-0.315986314704533,44.70288224878768],[-0.315889948728963,44.70288072127862],[-0.315930514886498,44.70282940545437],[-0.316633511124635,44.70297314464547],[-0.316857671035981,44.70249326696601],[-0.316712495647688,44.70246103461119],[-0.316895414158568,44.701978157955644],[-0.317664575206703,44.70132830550694],[-0.319225108281009,44.70120950781525],[-0.319491978616828,44.70123150811763],[-0.319502869349814,44.7011976610808],[-0.319840849942184,44.70124501026567],[-0.320138686577179,44.70126292613766],[-0.320508163138854,44.70138583030124],[-0.32099522936496,44.70154449136463],[-0.32125242854994,44.70164021616096],[-0.321779310062941,44.701839759501475],[-0.321858437751693,44.701876761449185],[-0.322152675238579,44.70201985070888],[-0.322381689727462,44.70211533792263],[-0.322498111645496,44.70216554690991],[-0.322957410119662,44.70230520963902],[-0.323147112447042,44.702340421865635],[-0.323497575939362,44.702400000517066],[-0.324572287342252,44.702528559621875],[-0.32590292907339,44.70265193922904],[-0.32618234866677,44.702683007921394],[-0.326240823703801,44.70269116212256],[-0.326446011281977,44.70269544655138],[-0.326729254321483,44.702699276198956],[-0.32687001816943,44.702718742695126],[-0.32698136851267,44.70271512445785],[-0.32741344169163,44.702714567496294],[-0.327832707341072,44.702713222616616],[-0.32830963378827,44.702712664832944],[-0.328503941598636,44.70271456944126],[-0.32876151128427,44.702715832139525],[-0.328990703417817,44.70271794798541],[-0.329036235209853,44.702718740758534],[-0.329255745296138,44.702710965041135],[-0.329452190878088,44.70270415321133],[-0.329600594899243,44.70271392494142],[-0.329691739910916,44.70271902176492],[-0.329728453247085,44.70272665756452],[-0.329993909340665,44.70278219598296],[-0.33017779425645,44.70282360871894],[-0.33067993145883,44.70293518854375],[-0.330823392085672,44.70300872439441],[-0.331032923807183,44.70313974305848],[-0.331251455524234,44.70327337390253],[-0.331389600574025,44.7033552690242],[-0.331616368987031,44.70349567973556],[-0.331500642237473,44.70366658660686],[-0.331526789271022,44.70362804370156],[-0.331888766660199,44.70380069696742],[-0.331957931199933,44.70383357666034],[-0.33187710545136,44.70393666222341],[-0.332188915387847,44.70409208248907],[-0.332044338066807,44.70431134624646],[-0.33195844513725,44.70446117084671],[-0.331908848761615,44.70458809607363],[-0.33247171140391,44.70474118241307],[-0.332655817390641,44.70479258676569],[-0.332577433977669,44.7049006454279],[-0.33209861468746,44.705584485319136],[-0.33218804100059,44.70564369746955],[-0.332102847290982,44.70572853246823],[-0.33194000556602,44.70589761461531],[-0.331603219075048,44.70624890790835],[-0.331323048454281,44.70654064568007],[-0.331265335797565,44.706600953985905],[-0.330849221959301,44.707033928841135],[-0.330709223605839,44.7071813260306],[-0.330395243466013,44.707155993761006],[-0.330178875275481,44.70729829965485],[-0.330075279704697,44.70736692646275],[-0.329977289071208,44.707432050470416],[-0.329912438157891,44.70746572031523],[-0.329615500724232,44.70762594818535],[-0.329592923871831,44.70763518784221],[-0.329556986947248,44.70765140743076],[-0.329314749748596,44.70774096509247],[-0.329195572631964,44.70778546003611],[-0.32889943057593,44.7078951107897],[-0.328481956730574,44.708008590396034],[-0.328155466547811,44.7080751786902],[-0.327760713918326,44.70806650523423],[-0.32735933499757,44.70802910463032],[-0.326829830831015,44.70798104692987],[-0.32683741014595,44.70808147077097],[-0.325934715156122,44.708051745949604],[-0.324421089950273,44.70800297329011],[-0.324182726878006,44.70799355368389],[-0.323849048428955,44.70797915702261],[-0.323488001797848,44.70766822232237],[-0.323479046930475,44.70771985326462],[-0.323465670472735,44.707752243610706],[-0.323450266478713,44.70777811690598],[-0.323423673703906,44.70780495698374],[-0.323386753823721,44.7078323775227],[-0.322788594129574,44.70810877160137],[-0.32263625227869,44.70810100084646],[-0.322258233502009,44.70797763760054],[-0.3220750016259,44.7079217743041],[-0.321851651442501,44.70786269966316],[-0.321661264939018,44.70782047666978],[-0.321326026597468,44.70776034407058],[-0.321013123166668,44.707641870661426],[-0.320665459337741,44.707503894715195],[-0.32040597426281,44.70735272925454],[-0.320119347082048,44.70725121643291],[-0.319939419379717,44.70710991778404],[-0.319580709089713,44.70688738777256],[-0.319407861173417,44.706780387550275],[-0.31921703452033,44.70662562817295],[-0.318770635333107,44.70635373332052],[-0.318601594807689,44.70631338816488],[-0.3183763260449,44.706264456536374],[-0.317683373079932,44.70619755859679],[-0.317600427346988,44.70619229603727],[-0.317604735244676,44.70626966014972],[-0.317614231046619,44.70639859098126],[-0.31854707976458,44.70666599562874],[-0.319343906082694,44.707208519417996],[-0.319889460105902,44.70757817911299],[-0.319956269401551,44.707614020410425],[-0.320475265153173,44.70787607358001],[-0.320803250010115,44.70800815290799],[-0.320537037956608,44.70847542497003],[-0.320951784861659,44.708628058547966],[-0.321788792086444,44.70911187148339],[-0.321249696715378,44.70953083799782],[-0.319843213799863,44.70909041780071],[-0.319379163492315,44.708950252147986],[-0.319180427457218,44.70897216226692],[-0.319114065834301,44.708997490769185],[-0.319061994021121,44.70935723426215],[-0.318445802956585,44.7093048878989],[-0.318367143384831,44.70976454768747],[-0.317936200239901,44.70965870572119],[-0.31782056884761,44.70968424906375],[-0.317760919549379,44.709703428313965],[-0.317283641931613,44.70985118677623],[-0.316449458920324,44.709389062106695],[-0.316353666416267,44.70933741715706],[-0.316033534290936,44.70915841317588],[-0.316035575297543,44.70903436276848],[-0.315969113295204,44.70895507642756],[-0.315952026046724,44.708804476550675],[-0.315920593123013,44.708605557865006],[-0.315889735941407,44.70837994984313],[-0.315516441105551,44.70835797459301],[-0.315137558450187,44.708333372126724],[-0.315085526859382,44.70808073504625],[-0.314990676125127,44.70757094986346],[-0.314920729563801,44.70718575944156],[-0.31486907568706,44.70690517752659],[-0.314785543907077,44.706439476841005],[-0.315640564475408,44.70641341111905],[-0.315623378323972,44.70621821070973],[-0.315616244187502,44.70614859049379],[-0.315616738183145,44.70612694968883],[-0.315604531356663,44.706033422536755],[-0.315577985681657,44.705741546019304],[-0.314660399562255,44.70578210081688],[-0.31464155965399,44.705672462707064],[-0.314621796782405,44.70555573369252],[-0.314510328147512,44.70493741560035],[-0.314426533360997,44.70445856723105],[-0.314387458160405,44.70425203815027],[-0.314376287191624,44.704199659432696],[-0.314498253826847,44.70420033139816],[-0.315703327751926,44.70423172004861],[-0.317466171295093,44.7042748493048],[-0.319194505361903,44.70431763408901],[-0.320189902543211,44.704343549153975],[-0.320929690050992,44.70436081713725],[-0.32284363611568,44.70440779633589],[-0.323325241120149,44.70441991539413],[-0.324625405717948,44.70445231611343],[-0.325886382178079,44.70448434761214],[-0.325872790538765,44.70442753704453],[-0.325134392987463,44.70440179002687],[-0.324484999451212,44.70438976393434],[-0.324005939611508,44.704380096509894],[-0.324026817204461,44.70409607753303],[-0.324289333986559,44.70368044951906],[-0.324307350873941,44.70351915436345],[-0.323435922110675,44.70341638523386],[-0.323113733963848,44.703446335969765],[-0.323116154568996,44.7035023108372],[-0.322875879339463,44.70364207619034],[-0.322763537698987,44.70434586398933],[-0.322240856047103,44.70433137142781],[-0.321235930906445,44.704306751947634],[-0.320372277438707,44.70428446233757],[-0.319601839927362,44.70426378494426],[-0.318815327731535,44.704244755734464],[-0.31829963918889,44.70423309857335],[-0.317322734662371,44.704210036332285],[-0.316827574682032,44.7041993788606],[-0.316011692712551,44.70418148045054],[-0.315196020090671,44.70416068630768],[-0.315183141112618,44.70418657279418],[-0.315111859743931,44.704158341838294],[-0.314471072244276,44.704142124681546],[-0.314353340893593,44.704106093520245],[-0.314333949685482,44.704006383876504],[-0.31429505194333,44.70380714826655],[-0.314229782544747,44.70345831195015],[-0.314201766832158,44.7033108329702],[-0.314179606649882,44.70317696516908],[-0.314115186156147,44.702842520790256],[-0.314027941869218,44.70239080844064],[-0.31395811588008,44.70202246514128],[-0.313942958581289,44.70193884820729],[-0.313968563280005,44.701942406549215],[-0.314128318543684,44.701962671885084],[-0.314186805978804,44.70196893973324]]],[[[-0.314933153399887,44.720857474807936],[-0.314850260842476,44.72084274292954],[-0.31493315354375,44.72085747122811],[-0.314933153399887,44.720857474807936]]],[[[-0.313719928540407,44.7064232740474],[-0.313567669603039,44.70679664647669],[-0.313520499851611,44.706911865640265],[-0.313488484951635,44.706975449507325],[-0.313174840066695,44.706702351046324],[-0.312854601775098,44.70649964351259],[-0.312460860017246,44.70629318825207],[-0.311952066317149,44.7060726040756],[-0.311806126670209,44.70602533986361],[-0.311137326679532,44.705864056088906],[-0.310410240330686,44.70572568747833],[-0.309916592243891,44.705646381271244],[-0.30963936568553,44.70562043200067],[-0.309439213129666,44.70561380296624],[-0.309286457118404,44.705613865893326],[-0.308922471396862,44.705625200956135],[-0.308356908343485,44.705687345214834],[-0.308216933710478,44.70570279343243],[-0.308284808812095,44.705630119584434],[-0.308585090515,44.705321803125344],[-0.308784194329055,44.70509355349518],[-0.308917290846798,44.70492891113754],[-0.30911114676081,44.70467162280718],[-0.309298341009635,44.70438272521323],[-0.309402255420922,44.70417308997681],[-0.309472104724559,44.70397934127393],[-0.309521690869328,44.70383206352939],[-0.309559135819682,44.70372326456719],[-0.309681402110148,44.70342396337913],[-0.30972234079079,44.703355248018994],[-0.30977148674355,44.70326925674829],[-0.30978233827443,44.70325397424427],[-0.309832515560588,44.70318552315086],[-0.309878727168235,44.7031226872407],[-0.309993729660187,44.702964171396246],[-0.31009112270198,44.70284997467014],[-0.310374906054099,44.70247853023412],[-0.310414250191865,44.702421396120855],[-0.310451912325503,44.70236359145013],[-0.310493010741347,44.70229117657467],[-0.310565695300105,44.70213284484976],[-0.310704613064108,44.70185043508655],[-0.310847381133283,44.701541147862734],[-0.310875005671474,44.70144588813837],[-0.310896785425693,44.70133503440256],[-0.310918122650596,44.701156522827915],[-0.310974346446529,44.7007141224558],[-0.311003468031314,44.70057989128123],[-0.31103943952488,44.700465459088655],[-0.3110857005262,44.70036486592492],[-0.311164170897202,44.700229788721806],[-0.311383245544129,44.699871180923886],[-0.311570576149272,44.69957218300136],[-0.311824503369131,44.69916828814521],[-0.312004311324282,44.698898259023956],[-0.312257306648128,44.69855377211602],[-0.31246836435715,44.698267398225234],[-0.312565027737744,44.698136731218725],[-0.312683347777908,44.6979747790222],[-0.312870464995322,44.6977346255859],[-0.313036726084509,44.69780768077318],[-0.313099681207272,44.69814748504483],[-0.313139916608377,44.69837173037827],[-0.313176865724707,44.698555165106775],[-0.31336258449848,44.699548901533916],[-0.313462903285425,44.70008122924695],[-0.313538070863099,44.70049104238956],[-0.313677561693527,44.701203674823695],[-0.313837508648816,44.70207698829352],[-0.313895892295798,44.7023969258331],[-0.313983167955539,44.70286206343289],[-0.314051247939069,44.70324794014492],[-0.314152745742384,44.70377861108985],[-0.314234597997999,44.70416659843458],[-0.314285556447471,44.70439899312104],[-0.314428995288284,44.70516332020595],[-0.314564045471507,44.70588383574683],[-0.314305463328687,44.70599646678307],[-0.314001922833066,44.706128825687514],[-0.313949427765845,44.706134272439826],[-0.313920958567522,44.7061228702867],[-0.313857194961898,44.70608071685771],[-0.313719928540407,44.7064232740474]]],[[[-0.312733446173823,44.718022729873674],[-0.31276204143239,44.718044761596516],[-0.312767689017324,44.718061262653876],[-0.312763804964885,44.718074714978265],[-0.312752755439137,44.71808666970349],[-0.31271911867565,44.71811209588545],[-0.312607638932508,44.71818058092419],[-0.312567942089008,44.71820826092629],[-0.312546081512888,44.71824910361298],[-0.312527856138303,44.71830876030638],[-0.312485686394232,44.718416801048306],[-0.312476467443789,44.71843194486853],[-0.31242324395044,44.71845741648303],[-0.312381683422338,44.71847920501963],[-0.312368590572856,44.71849509552303],[-0.31236519885804,44.71851691319754],[-0.312377151718718,44.718576117274665],[-0.312404131787283,44.71868019626607],[-0.312447993074639,44.71876403626725],[-0.312457259606106,44.718859183967545],[-0.312480786341774,44.71890245288174],[-0.312515285285831,44.71897323698489],[-0.312546143732943,44.719025117114214],[-0.312554722321847,44.71904846883479],[-0.312547776988298,44.719106526431986],[-0.312554049504784,44.719133641623145],[-0.312582904747134,44.71916008095801],[-0.312584413700857,44.71917283122341],[-0.312555174072976,44.71919353020566],[-0.312522583847174,44.71922171836256],[-0.31251971641426,44.71925244111195],[-0.312538216558621,44.719304781214255],[-0.312736545712157,44.719489965947844],[-0.312800059365321,44.719697207195644],[-0.31276286761126,44.71986619276405],[-0.312703944640598,44.719964462652634],[-0.312111197185134,44.72019197419293],[-0.31139667319963,44.720351849746855],[-0.310428932736462,44.72060733012783],[-0.309871691841049,44.72072969195077],[-0.309904335972617,44.7211492524459],[-0.306987160351687,44.72091205547199],[-0.306888289547707,44.7208684233012],[-0.306713673288775,44.72082840553225],[-0.306530259116734,44.72011608134205],[-0.304869912836265,44.71962276576491],[-0.304695099781487,44.71995156402653],[-0.304316099671724,44.72050722300247],[-0.304261073341723,44.72059032355371],[-0.30403773542726,44.72063096125369],[-0.303918893467254,44.72065180941742],[-0.303718768298967,44.720726174935784],[-0.303577608435936,44.72077805532835],[-0.303498388175424,44.72080213578261],[-0.303445576195985,44.72081749851081],[-0.303320700577988,44.72084537431416],[-0.303108854262561,44.72089233515402],[-0.303104512991618,44.720895888817],[-0.303009085646465,44.72100127963691],[-0.302833975283064,44.721013082792254],[-0.302809670106035,44.721003806018594],[-0.30279003945092,44.720998805061676],[-0.302763669241166,44.720993104116644],[-0.302743240478653,44.72099173129468],[-0.302717829585609,44.72099591361872],[-0.302698428212833,44.721003430846835],[-0.30269081244772,44.72100933490168],[-0.302679119376719,44.72102329013612],[-0.302668780215035,44.72102801393384],[-0.302660369380524,44.72102898575737],[-0.302636765909687,44.721029509804765],[-0.302568961790457,44.72102846918927],[-0.302517594691693,44.72104261694529],[-0.302501666729753,44.721044714120296],[-0.302489365334297,44.72104399984507],[-0.302469235312018,44.7210391038389],[-0.302452521768888,44.72103212351624],[-0.302440787847228,44.72103031100637],[-0.302435068717471,44.72103192337016],[-0.302395370141698,44.72105968970497],[-0.30236149244785,44.72107250461526],[-0.302345834814536,44.721083514414424],[-0.302308917480913,44.721091914584],[-0.302252980824481,44.721101422808296],[-0.302212330755003,44.721108672791395],[-0.302169389115179,44.72111779328747],[-0.302153839079612,44.72111771654016],[-0.302118549684822,44.72111940007255],[-0.302053623007492,44.72112647314275],[-0.302018832987449,44.72112805163768],[-0.301986623815846,44.72112838172525],[-0.301938762721926,44.72114197407672],[-0.301881824009215,44.72116025249637],[-0.301866715804548,44.72116124382666],[-0.301845582796439,44.72116079292742],[-0.301830936500258,44.721158887012294],[-0.301794605607405,44.72113636240792],[-0.30176701868004,44.72112069551281],[-0.301756088741983,44.72111750732554],[-0.301740412541503,44.72111743428359],[-0.301730025257075,44.72111918585663],[-0.301703770615308,44.72113483685052],[-0.301694451233171,44.721139710352055],[-0.301682108635112,44.721142601542795],[-0.301657978297411,44.721138455470594],[-0.301636108903387,44.721136224333414],[-0.301605743930858,44.721176597436994],[-0.301594264910214,44.72118559021461],[-0.301588397704111,44.721139449620246],[-0.301581956989664,44.7210469204272],[-0.30105965596791,44.721052135763415],[-0.30097804225558,44.721052677421234],[-0.300945014758913,44.72106060069461],[-0.300804873268169,44.72109757924691],[-0.30065032948029,44.721190673903735],[-0.300598376431811,44.721244395690924],[-0.300563075776864,44.721291133122044],[-0.30043157043727,44.721302983823904],[-0.300428994132308,44.72134955643174],[-0.300400315238334,44.72141222571883],[-0.30039974947697,44.72144567270122],[-0.300412202900003,44.7215653254025],[-0.300412398133581,44.72166560992839],[-0.299814448614961,44.72164604235374],[-0.29928405765621,44.72162977427228],[-0.299209390394433,44.721886735351454],[-0.299178337364149,44.72199515984569],[-0.298996305807434,44.722011848730055],[-0.298859101293175,44.7214760103667],[-0.298801762281446,44.72124605143467],[-0.298726286770554,44.72095680127801],[-0.298680272752258,44.720786336574314],[-0.298638824439691,44.72062907179241],[-0.29858358363365,44.7204219377735],[-0.298531315934931,44.72022886210965],[-0.298440461747081,44.7198820407013],[-0.2983627398988,44.71956303175401],[-0.298361063467355,44.719536589969216],[-0.298371744485999,44.71950320205951],[-0.298393582835599,44.719483358291335],[-0.298462801434187,44.71943957559408],[-0.298699003221389,44.719292869106944],[-0.298767223411915,44.7192255977826],[-0.298831384737783,44.71912790077975],[-0.298896630128447,44.71900989713305],[-0.299159114852582,44.71855063265746],[-0.299367738170517,44.718183711805416],[-0.2994778317004,44.717990031823184],[-0.299506874700965,44.71793789460897],[-0.299605596320278,44.71776581897071],[-0.299610908159065,44.71775295539386],[-0.299625821204787,44.717727100366204],[-0.299634237756408,44.7177046828952],[-0.299640915782101,44.71768925556539],[-0.29964298706006,44.71766423391092],[-0.299638034383822,44.71755607179017],[-0.299621336413245,44.71725623977751],[-0.299605312458596,44.716987294729456],[-0.2996022720036,44.71692467024629],[-0.299614674450631,44.71690988323543],[-0.299622572628886,44.71689802385081],[-0.299634245819008,44.716890196889395],[-0.299649502808704,44.7168766763932],[-0.299694815723591,44.71685847531578],[-0.299767191924976,44.71682766323314],[-0.29983279299563,44.716799846441575],[-0.299857059739078,44.716786958377064],[-0.299878445536809,44.71677235404193],[-0.300117074833863,44.71659187147982],[-0.300155730026383,44.716561433818235],[-0.300257146038689,44.716497857297455],[-0.300354794395582,44.71644115112272],[-0.300404816210809,44.71642136759856],[-0.300510615381597,44.71638081787585],[-0.300566562046076,44.71636509266871],[-0.300803549579323,44.716311799844476],[-0.300882119531276,44.71629395804802],[-0.301193399225802,44.716253316491155],[-0.30131552449357,44.716236878504645],[-0.301478917057494,44.71621515455786],[-0.301842096060946,44.71616521373395],[-0.302595464414611,44.716062630219824],[-0.302991351162979,44.716008015154706],[-0.303597892333384,44.7159252148626],[-0.303852336693325,44.71588950604829],[-0.304136684505113,44.71576045299524],[-0.304625786826089,44.715567346281276],[-0.304662490147504,44.71555967249288],[-0.304780389194044,44.71553371523151],[-0.305316034810561,44.71541661849747],[-0.305925760429438,44.7152784737614],[-0.307458121074749,44.71529919151199],[-0.307636619488751,44.71530448993574],[-0.307938492443252,44.715299612912084],[-0.308081144729303,44.71528201318373],[-0.308336450411377,44.71523094974794],[-0.308808169440025,44.715131515648565],[-0.309791633084355,44.71492783998765],[-0.310164546692394,44.714850277473076],[-0.310363698941335,44.7148092687883],[-0.310529773053599,44.714914864330126],[-0.310541954783834,44.71493504466628],[-0.310571792119656,44.7149803777794],[-0.310594696735994,44.71500023736653],[-0.310620722536722,44.71501730033502],[-0.310656555540894,44.71503136668486],[-0.310709044968988,44.71504286228273],[-0.310781583546831,44.71507078859804],[-0.310856185571102,44.7151058618143],[-0.310917844387692,44.7151357354604],[-0.311072074579149,44.715246189994446],[-0.311171041967206,44.71528512961475],[-0.311234605766639,44.71530656602031],[-0.311249196174416,44.71531613154135],[-0.311265302204439,44.71534286242845],[-0.311291064589273,44.71535759031371],[-0.311339841370128,44.7153768559214],[-0.31143266649743,44.71540804954742],[-0.311492609177975,44.71543022491477],[-0.311510100266462,44.71543754101217],[-0.311554948166037,44.71548882247853],[-0.311591522929952,44.715528367045515],[-0.311674934105136,44.7155971470632],[-0.311791464779583,44.71568755323123],[-0.311952829764276,44.71579463936745],[-0.312021983339929,44.71583158695964],[-0.31209070468329,44.715865483757604],[-0.31223799262079,44.71592018719079],[-0.312267671317942,44.71592200225675],[-0.312305535682335,44.71591474170606],[-0.312332858634728,44.715902300002156],[-0.312348380768456,44.71590192556994],[-0.312361134683571,44.715906049299484],[-0.312373385844801,44.715914513282684],[-0.312375418876389,44.715936168590325],[-0.312385273413031,44.71595758981637],[-0.31241132946443,44.71598158985002],[-0.312451195283637,44.71611781222619],[-0.312467423566753,44.71617022024147],[-0.312494848365002,44.71632051145763],[-0.312527189595971,44.71642551115753],[-0.312553024166476,44.716507998242314],[-0.312576455611371,44.71655181057536],[-0.312582234442257,44.71656839780757],[-0.312548795690298,44.71661220016551],[-0.312519805636779,44.716647849707556],[-0.312514477538075,44.7166646792523],[-0.312520921396447,44.716711883490696],[-0.312576873845406,44.71680148884729],[-0.312622918904566,44.71697825536079],[-0.312689228676537,44.7170591705945],[-0.312718963894134,44.717104866740186],[-0.312692249489483,44.71735733955416],[-0.312690362891925,44.71740686562921],[-0.312749282540778,44.71753612002767],[-0.312775531968273,44.71762778577805],[-0.312774316023269,44.71780461523056],[-0.312789430117414,44.71783164597807],[-0.312818485671927,44.717848617824046],[-0.312855691363976,44.71787093245263],[-0.312868775064631,44.71788279561002],[-0.312868644000171,44.717895594954534],[-0.312849014866913,44.71790564388291],[-0.312793653599741,44.71793343239156],[-0.312758767483248,44.71795051588165],[-0.312733104280876,44.7179739913541],[-0.312724483897756,44.71799929955325],[-0.312733446173823,44.718022729873674]]],[[[-0.307401229728221,44.70925292222364],[-0.307660483200938,44.709402772782695],[-0.307098622954408,44.7098876759656],[-0.307105079966476,44.710021203379426],[-0.307057945193941,44.710115783655986],[-0.306733481788803,44.71037012245119],[-0.306733844355611,44.710369841293584],[-0.306733639643175,44.71037065838291],[-0.30665765251626,44.71049250223316],[-0.30654075885183,44.71064935875982],[-0.306541168988715,44.71064988715417],[-0.306359268862029,44.71090474090376],[-0.306323948999283,44.71090579611872],[-0.306122811695011,44.71078592412943],[-0.305835367931535,44.71060149946225],[-0.305698282744724,44.710451239287586],[-0.306139532873005,44.71006609214663],[-0.306198356577564,44.71001558635572],[-0.306359409931309,44.70989210644988],[-0.306223976705853,44.70972899830247],[-0.305976051607286,44.70982786454035],[-0.30566059249435,44.70938368426444],[-0.305417862746503,44.709472031651316],[-0.304726849971404,44.709722534260074],[-0.304385097328276,44.709447998095975],[-0.304077356453552,44.70892410818999],[-0.304036947007459,44.70885782386161],[-0.303147978438696,44.70911990339551],[-0.302766897768546,44.709232198007555],[-0.302454372821406,44.70932415358721],[-0.302242042495067,44.70938797844954],[-0.302016388942811,44.70945517398326],[-0.30185130879286,44.70950163914932],[-0.301911101545397,44.70953220385398],[-0.301707443781321,44.70962541435991],[-0.30164193287106,44.709925986088074],[-0.301766109488664,44.710082583138124],[-0.301699354506734,44.71010565998102],[-0.301447908075075,44.71024589023888],[-0.301081953702518,44.71033619175921],[-0.301011906431647,44.71035269840065],[-0.300626950853414,44.71034958273923],[-0.300676490870582,44.710433707604444],[-0.30055777096049,44.7104153521691],[-0.300151089475524,44.71034989747392],[-0.299962521278814,44.71031911693736],[-0.299718559609105,44.71028106706751],[-0.29969491709767,44.7102743831656],[-0.29932298479086,44.71015715876258],[-0.299234304960581,44.71033434114198],[-0.299332487703089,44.71037097136194],[-0.299394021460909,44.71038382440622],[-0.299510566609766,44.7104103556097],[-0.299804540273854,44.71048025461444],[-0.300123013504089,44.71055419800147],[-0.300283254294165,44.71059104930804],[-0.300321114601795,44.710598840925776],[-0.300376492845145,44.710605839786375],[-0.300426904550263,44.7106143383515],[-0.30052964556952,44.71062740359016],[-0.300516008938962,44.710735308858446],[-0.300886636520751,44.710795710361815],[-0.301450518710103,44.71088701958208],[-0.30146339090465,44.710843654147986],[-0.301744273834105,44.71085834213575],[-0.301685200785704,44.71070007301397],[-0.302004522601188,44.71066135097956],[-0.301855704410587,44.71035401803971],[-0.301955224698556,44.710264815544946],[-0.302012678630359,44.71029211602169],[-0.302180476762178,44.71032423371227],[-0.302362179975224,44.71032629074086],[-0.302543393921905,44.710326469807235],[-0.302615050534931,44.71031586127494],[-0.302661434413422,44.71029663569414],[-0.302684815830769,44.71028809853593],[-0.302781855064519,44.71026429750563],[-0.302857661400786,44.71024473439644],[-0.302948301053208,44.71024968840746],[-0.303033269650314,44.710254901713206],[-0.30328935665267,44.710245455989934],[-0.303502615456602,44.710244767084866],[-0.303620137281006,44.710242700649005],[-0.303789153658401,44.71028694412665],[-0.303849784830677,44.710301623825586],[-0.304007822235512,44.710309520815755],[-0.304170031543951,44.71034973188086],[-0.304549237602823,44.71044428627451],[-0.304414361099531,44.710613481488416],[-0.30453876821895,44.710681312511426],[-0.304579491959393,44.710701271875344],[-0.304643834495778,44.71073395204222],[-0.304761355056606,44.710813612401076],[-0.30504522040128,44.710956516767496],[-0.305100868276357,44.71098314878701],[-0.305431262937636,44.71114800061189],[-0.305601047582986,44.71101164201861],[-0.305608917987548,44.711018705686016],[-0.305844333521574,44.71113485143819],[-0.306357804560322,44.71140028893067],[-0.306528044642619,44.71148891514314],[-0.306505210166332,44.71149815764279],[-0.306793170121105,44.71182457579307],[-0.307191239510454,44.71231079873085],[-0.307262773985604,44.71229163060804],[-0.307467691107573,44.71223702857115],[-0.307477892273704,44.712234290783826],[-0.307478517713141,44.712234181984066],[-0.307478680866736,44.71223480786526],[-0.307481922791736,44.7122469656882],[-0.307485838480789,44.71226198683647],[-0.30749501981452,44.71227414737259],[-0.30751066174318,44.71228872796485],[-0.3075292578945,44.712304121347046],[-0.307543244831322,44.71232064366789],[-0.307548073053175,44.71232969040398],[-0.307550749201828,44.71234727162481],[-0.307553328698938,44.712358908595235],[-0.3075591441985,44.71236540279647],[-0.307566201494452,44.71237582464419],[-0.30757441070875,44.71238864498553],[-0.307582552683502,44.71240462112192],[-0.30759040536182,44.7124199751468],[-0.307627670076344,44.71250788830567],[-0.307631970293627,44.712525150663986],[-0.307645755477154,44.71258123649576],[-0.307650128232528,44.71259543300813],[-0.307653047695055,44.712602103867816],[-0.307659431262347,44.71260966238582],[-0.307672879761575,44.71261917234964],[-0.307682901918817,44.71263058687948],[-0.30768560610564,44.71263789492983],[-0.307686171795356,44.71266256766511],[-0.30768858668072,44.712669253604666],[-0.307694719465353,44.71268114480923],[-0.3077111803438,44.71270750507644],[-0.307715519902462,44.71271683673774],[-0.307761993648824,44.71283457077437],[-0.307775650659988,44.71286912457462],[-0.307791286766297,44.71289650067536],[-0.307796578869871,44.71290913786854],[-0.307927203848659,44.71328035413542],[-0.307929578002863,44.71329064561893],[-0.307949186858331,44.7133447552144],[-0.30795008803131,44.71335148639543],[-0.307948189032039,44.71336217592488],[-0.307935681544531,44.713383725194625],[-0.307934160227017,44.713392240838026],[-0.307935943675891,44.71339678305155],[-0.307940855898969,44.713405106402234],[-0.307956564745781,44.71342941663814],[-0.307963088966338,44.71344796414403],[-0.307967464905878,44.71347081094701],[-0.307967507288339,44.71351667476635],[-0.307970130014341,44.71354624198105],[-0.3079750392462,44.71356096310469],[-0.307983392257774,44.7135783746508],[-0.308001246452887,44.713604783358164],[-0.308007456441382,44.71361153607778],[-0.308011678263523,44.71361456367707],[-0.308020093947203,44.713615843974694],[-0.308072975771495,44.713612551281656],[-0.308090527015276,44.713614459592044],[-0.308120038205739,44.71362204766162],[-0.30818058044646,44.71363943105355],[-0.308238237176012,44.71365717099118],[-0.308321538442291,44.71368766056239],[-0.308459799184071,44.71373299695824],[-0.308627798130751,44.713787626398684],[-0.30863395982968,44.71379140695731],[-0.30863691649309,44.71379870744504],[-0.308639240264872,44.713814587138536],[-0.308642567939183,44.713830346711916],[-0.308647543771605,44.713839749434406],[-0.308699289300395,44.713862261382545],[-0.308910093325444,44.71395282543961],[-0.308963485087946,44.7139775407602],[-0.308985716965473,44.71398597700457],[-0.309032045729551,44.7140001805788],[-0.309052390678804,44.7140087633354],[-0.309121168606753,44.714050139130535],[-0.309150783083656,44.71406592370465],[-0.309249497195025,44.71411136029463],[-0.309259207831897,44.714117467630054],[-0.309273436636368,44.71413163972389],[-0.309280724800357,44.71413953154938],[-0.309290238046648,44.714165919154105],[-0.309296094204121,44.714181693220205],[-0.309302856619652,44.714189240331834],[-0.309317299100046,44.714198450074974],[-0.309347922094332,44.71421204184581],[-0.309471133268531,44.71426359398582],[-0.309522661350029,44.714265206945186],[-0.309539877540054,44.714270008519385],[-0.309556648149037,44.714277977206734],[-0.309571558259536,44.71428654217697],[-0.309570780654612,44.71430125308734],[-0.309577663980646,44.71430870646008],[-0.309590003492356,44.71431653732309],[-0.309606205214906,44.714321279115566],[-0.309621075842541,44.714322726702406],[-0.309653812128055,44.71432282905642],[-0.309674727366684,44.71432391566033],[-0.309686834107577,44.71432778870726],[-0.309699131313465,44.7143348999572],[-0.309716108300689,44.71434637667531],[-0.309731677310382,44.71435969766314],[-0.309789540660634,44.71441960135905],[-0.309803085186781,44.71443073017256],[-0.309813894253313,44.714436173856065],[-0.309828395080158,44.71444637298469],[-0.309857850104574,44.71447018179552],[-0.30987676174465,44.71448232150095],[-0.309892123648897,44.714489971836876],[-0.309922993115523,44.71450130337919],[-0.309940231411075,44.71450862726749],[-0.309950084214798,44.71451500062084],[-0.309959602570213,44.714526430043435],[-0.309965311638069,44.71454184804851],[-0.309971204225312,44.714556089156346],[-0.309981663010004,44.71456631904362],[-0.309995054166248,44.71457483928093],[-0.310024731820191,44.71458954045018],[-0.310044636865868,44.71460138009451],[-0.310057623971999,44.7146116244679],[-0.310081929015978,44.71463811028386],[-0.31010024343845,44.71465513366816],[-0.310117536401252,44.71466768218156],[-0.310182982241539,44.71470609334654],[-0.310258551129869,44.71474257975148],[-0.310048257117463,44.71478752580819],[-0.309653069589061,44.714870980299786],[-0.309152750437154,44.71497397647528],[-0.308617514269938,44.71508495250734],[-0.308200214239373,44.71516852208401],[-0.307930954201975,44.71522297585258],[-0.307764806802494,44.715227851448915],[-0.307669476723174,44.71522709616826],[-0.30711478223045,44.71521564856135],[-0.306433855988047,44.71520445515328],[-0.306021290442064,44.7151965953642],[-0.305942235410795,44.71519967764127],[-0.305772097482654,44.715235576546554],[-0.304984911513585,44.715411909260894],[-0.304706219349169,44.715473665155656],[-0.30464851852187,44.71548746250736],[-0.304583524452338,44.71551048840051],[-0.304365824752137,44.715601599715505],[-0.303860037424697,44.71581403590686],[-0.302561305945351,44.71599309488044],[-0.301914756841178,44.71608113786404],[-0.301327002752411,44.716161115741436],[-0.300881025622355,44.71622145375175],[-0.300724898460449,44.71624854683168],[-0.300522211845417,44.716287660864026],[-0.300493713297698,44.716297341282015],[-0.300342933448077,44.71635743408082],[-0.300208082321536,44.71642624272143],[-0.300077713712778,44.71651546214895],[-0.29991872815412,44.71662959344935],[-0.299780018729881,44.7167296038139],[-0.2997286983804,44.71675095759165],[-0.299681035191856,44.7167657145436],[-0.2996562295043,44.71676510244557],[-0.299628100686597,44.716759543367615],[-0.299615661804598,44.71675000232475],[-0.299603969480769,44.71650751003264],[-0.29955770798651,44.71554833890333],[-0.299518908574581,44.71478105563074],[-0.299511484554791,44.71458763516754],[-0.299489031674071,44.71417885447367],[-0.299476735774002,44.71388294647629],[-0.299455558228174,44.71343556172994],[-0.299445207782494,44.713220242307344],[-0.299434097317217,44.71304152932827],[-0.299407736457699,44.71282470487518],[-0.299379354571271,44.71256694164823],[-0.299369178287206,44.712511918846076],[-0.299353408537123,44.71245201676131],[-0.299334751427638,44.712409681662585],[-0.2992415353375,44.71225522250489],[-0.299125630519167,44.71202628977979],[-0.299042750507967,44.711851969010915],[-0.298867714181501,44.711526130806185],[-0.298811318274128,44.71142202537867],[-0.298749942939717,44.711306264244534],[-0.298738411139278,44.711277683397924],[-0.29872650295834,44.71123190319712],[-0.298705778983548,44.71114998225379],[-0.2987071223884,44.71111038492903],[-0.29871615353081,44.71069535000865],[-0.298718769375267,44.71054596359866],[-0.298730925347054,44.71037178354133],[-0.298740160894976,44.71029221349524],[-0.298758212518368,44.71022292326133],[-0.298774193522675,44.7101829797404],[-0.298856137595711,44.710011585235605],[-0.298915178954936,44.70991079693731],[-0.29896125089893,44.70984959205899],[-0.299016884290142,44.70979413934509],[-0.299112968741005,44.70972171187128],[-0.29923666452083,44.70963530543233],[-0.299437808983921,44.70951640372717],[-0.299537027859967,44.70945866007276],[-0.299605188088085,44.70941860239796],[-0.299674883869957,44.70938318449421],[-0.299789184522728,44.709341300409115],[-0.299823240794397,44.709333797176704],[-0.299909342402384,44.70931095554861],[-0.300239601779498,44.70923046273203],[-0.300500644012023,44.709163386834156],[-0.300674597645786,44.70910016931935],[-0.300860481146311,44.708988297938134],[-0.300902606018011,44.7089632530129],[-0.300963665842678,44.708907727504766],[-0.301143163004923,44.70873008724723],[-0.301317930140347,44.708557994246135],[-0.301496027008789,44.70838021493051],[-0.301636183327241,44.708253577062145],[-0.301672440655083,44.7082233004158],[-0.301724221742286,44.70818625305456],[-0.301886437710796,44.70806949928937],[-0.301931823566447,44.70803759856661],[-0.302105119193508,44.707948176953295],[-0.30216554667366,44.707916367945195],[-0.30275939974155,44.707674818182966],[-0.302892748794661,44.707621729523275],[-0.303351296945994,44.70746891607198],[-0.303725229949841,44.70734701076534],[-0.303850918405094,44.70730766578187],[-0.303933481100616,44.70727627620424],[-0.304212006287095,44.70717361728003],[-0.304463738503626,44.70707518179411],[-0.304833041347786,44.70759317675172],[-0.305222698457785,44.70749377423719],[-0.305288178954724,44.70747704077612],[-0.305502309431239,44.70742252725044],[-0.305086037362274,44.70683421136833],[-0.305300700536136,44.7067586871332],[-0.306294991554632,44.706384592015475],[-0.306592916156953,44.70629612495801],[-0.307306635233885,44.706108186667414],[-0.30767373421236,44.70600142973321],[-0.307968322288754,44.705882061449586],[-0.308073126354556,44.70581855611607],[-0.308237146921699,44.705793017990054],[-0.308705305027255,44.705728920998695],[-0.309025421760995,44.70569781321478],[-0.309270850568706,44.70569011346383],[-0.309443684321948,44.70569413572446],[-0.309645782018698,44.70570160766368],[-0.310083622767834,44.70575582233568],[-0.310754548916759,44.705869561755705],[-0.311285611676294,44.70596837952712],[-0.311833668470037,44.70611975992151],[-0.312042294644936,44.706212364602514],[-0.312472189941246,44.706412693017434],[-0.312886575524609,44.706604923909055],[-0.313228076988345,44.70687475616327],[-0.313521202683333,44.70711909363292],[-0.313659845444872,44.70725695284545],[-0.313882000952157,44.70746331641656],[-0.314113333841076,44.7077139182768],[-0.314252062978477,44.70786177630402],[-0.314402545627604,44.70801180519936],[-0.314680418076492,44.70824154877115],[-0.31455076399446,44.70820704603236],[-0.31385935099253,44.70869018882158],[-0.313919386413592,44.70873335510458],[-0.314097479659575,44.70885011867524],[-0.314366655876523,44.70903299693249],[-0.315054569451996,44.70857410479133],[-0.314994977771287,44.708879555225884],[-0.314988400472735,44.708963102530134],[-0.314998347939834,44.70929070908259],[-0.315018523544677,44.7094530207532],[-0.315043064376645,44.7096100654906],[-0.315071627413407,44.70981393624713],[-0.315090987123546,44.70998384149777],[-0.315088015125771,44.71013287979756],[-0.31506492292472,44.71030288532328],[-0.315006523783096,44.710555676837075],[-0.314946696224648,44.7108121154531],[-0.314922364286926,44.710973958233666],[-0.314913369103424,44.7111687718736],[-0.315048775900107,44.711811334478455],[-0.315108739621163,44.71216853062418],[-0.315101745178089,44.712193519983614],[-0.315089863014303,44.71220847348847],[-0.315068592111595,44.71222064453498],[-0.315047998583298,44.712231443659256],[-0.314951545045756,44.71226731250742],[-0.314528942954536,44.71241269978163],[-0.31437209944286,44.712478851009806],[-0.31413472079468,44.71257868135525],[-0.31364765960229,44.712820519179154],[-0.313475795353454,44.71290631192165],[-0.313193774691305,44.71304640356475],[-0.313128158564054,44.713086663978956],[-0.312686361309455,44.713354805616525],[-0.312463106639768,44.71323957115898],[-0.312173183304459,44.71295134100099],[-0.312807650882965,44.712326191658114],[-0.313168403857345,44.71196946613146],[-0.312995883065543,44.7119088516385],[-0.312794858269228,44.71181052373208],[-0.313243918366838,44.71136762400889],[-0.312960738387817,44.71122174586053],[-0.31275006311172,44.711405926312636],[-0.312657320377967,44.711333101474764],[-0.312186961635996,44.71110505852154],[-0.311998896323451,44.71127837854324],[-0.311951128523658,44.71132558311565],[-0.311669429727766,44.711584874616705],[-0.311605237448935,44.711559132216586],[-0.310920232057076,44.71222101864625],[-0.310243575599636,44.71295635939907],[-0.310227592638758,44.71297251629822],[-0.310048291350567,44.71315539243216],[-0.310094905422504,44.713174452861],[-0.309699826665118,44.713650596554686],[-0.308895674870633,44.71330790106409],[-0.308818385831021,44.71327434872401],[-0.308577094456027,44.71317244129765],[-0.309061488151926,44.71253026517461],[-0.309340367647447,44.71205300306729],[-0.30957562307393,44.711674181462634],[-0.309483075309254,44.71163468828527],[-0.309148726039913,44.71150384701642],[-0.308881052197248,44.711748294354756],[-0.308912458655067,44.7117666385018],[-0.308860959591285,44.711823504690365],[-0.308248717774295,44.711604282806825],[-0.308476941829845,44.7114324722182],[-0.308645928433492,44.71130198963693],[-0.308211698833899,44.71112934796067],[-0.308584922610205,44.71046211308895],[-0.309163334986114,44.7100138316761],[-0.30863397352641,44.70980267694763],[-0.308888691327464,44.70963674127582],[-0.309260854141002,44.70939872076899],[-0.310853470411713,44.7086056197665],[-0.311108473480904,44.708472649773206],[-0.310861627157846,44.70840921018377],[-0.310669904584854,44.708361331632105],[-0.310232746084286,44.70825033005448],[-0.310219212478835,44.70825010412114],[-0.310167746550238,44.708285974788005],[-0.309930048431082,44.7084167129249],[-0.308601381464664,44.70843806293528],[-0.308476793599133,44.708203812318494],[-0.308737772477052,44.708694667805574],[-0.307911254441754,44.70883002930596],[-0.307742355130672,44.70862007996331],[-0.307518350376144,44.708179839342506],[-0.306997303036544,44.70818072358458],[-0.30680924734381,44.708195173734836],[-0.306473309131201,44.708155111560075],[-0.306568103338183,44.708273834872735],[-0.306646947886005,44.70833185137193],[-0.306749646267326,44.708415196259736],[-0.307002521727698,44.70860497636221],[-0.307064250455095,44.7086512493801],[-0.30706412960373,44.708651343099596],[-0.30697294317144,44.70873381364422],[-0.306870399514782,44.70881869596794],[-0.306870423278235,44.708819100372324],[-0.307401229728221,44.70925292222364]],[[-0.306399123256006,44.709939934732255],[-0.306359415330913,44.70989210230998],[-0.306359409931309,44.70989210644988],[-0.306399123256006,44.709939934732255]],[[-0.306870157810689,44.708818883406536],[-0.306870425942838,44.70881914571832],[-0.306870423278235,44.708819100372324],[-0.306870157810689,44.708818883406536]],[[-0.302740135501349,44.71477030894212],[-0.302907259330703,44.715247129256916],[-0.303269003799026,44.715207318459484],[-0.30393951913817,44.71513378006254],[-0.304128096233535,44.71511274200676],[-0.304194436306708,44.71511049116226],[-0.304261288114938,44.71511480289134],[-0.304315745969203,44.71512110655397],[-0.304367687941597,44.71513406319591],[-0.304247088398084,44.71492248560435],[-0.304871121764236,44.71465146052845],[-0.3047094529652,44.71445498645341],[-0.304704667912542,44.71444882176493],[-0.304585202050813,44.71432110137937],[-0.304189158707421,44.71438789177391],[-0.303523374815786,44.71458491894869],[-0.303408396824759,44.714619708414936],[-0.302740135501349,44.71477030894212]],[[-0.298917668802771,44.710455513769624],[-0.299100000686209,44.71047260540639],[-0.299176024157694,44.710480431131984],[-0.299222105949572,44.71036119648252],[-0.299067830974429,44.71034633233321],[-0.299011549771016,44.710315300994566],[-0.298911985126228,44.71030682529136],[-0.298942672454799,44.710323751848954],[-0.298934055615622,44.71036644943253],[-0.298917668802771,44.710455513769624]]]]}}]}
