{"type": "FeatureCollection","name": "aoc_geojson","features": [{"type":"Feature","properties":{"dt":"Colmar","type_prod":"Vins","categorie":"Vin de sélection de grains nobles, Vin de vendanges tardives, Vin tranquille","type_denom":"appellation","signe":"AOC","id_app":1,"app":"Alsace ou Vin d'Alsace","id_denom":1,"denom":"Alsace","insee":"68364","cvi":"1B001D10, 1B001D11, 1B001D12, 1B001D13, 1B001D14, 1B001D20, 1B001D21, 1B001D22, 1B001D23, 1B001D24, 1B001S 1, 1B001S 2, 1B001S 3, 1B001S 4, 1B001S 5, 1B001S 7, 1B001S 8, 1B001S 9, 1B001S00, 1B001S06, 1B001S0A, 1R001S, 1S001S","nomcom":"WESTHALTEN","insee2011":"68364","nomcom2011":"WESTHALTEN","id_aire":1,"crinao":null,"grp_name1":null,"grp_name2":null},"geometry":{"type":"MultiPolygon","coordinates":[[[[7.250557768104964,47.93991630891996],[7.250560875256345,47.93992160392316],[7.25035803576287,47.94016868001664],[7.250257736537623,47.940289473578545],[7.250196576494559,47.940364779031555],[7.2501417983814,47.94043102116558],[7.250001254578936,47.94060193880457],[7.249927764456322,47.94069075853614],[7.249854942794355,47.940779554010575],[7.249797726760867,47.94084885830701],[7.249681055751848,47.94099133307886],[7.249650881794677,47.94102820485531],[7.24957993565555,47.94111530997225],[7.249484437283944,47.941142108942195],[7.249002811415137,47.94127976705102],[7.248589920561405,47.94139979479379],[7.248554262755376,47.941410097632776],[7.248432337849682,47.94144524223423],[7.248188449440074,47.941510034825015],[7.248188901086562,47.94151064935585],[7.248143497367042,47.941523197329275],[7.248138291677635,47.94152518818462],[7.248137897649778,47.94152529256669],[7.248136698061924,47.94152371372671],[7.247791550677078,47.94161542150145],[7.247443455609555,47.941708857098426],[7.247318598241932,47.94174257445596],[7.247220452359008,47.94178992557127],[7.247127537794274,47.941833932992395],[7.247083504854552,47.94185355079513],[7.24680665207789,47.941980727459814],[7.246643145725321,47.942057750004054],[7.246587008381004,47.94208366352557],[7.246268222467624,47.94223326442889],[7.245593451969868,47.94254705686297],[7.245593741056539,47.94254731678287],[7.245539911674128,47.9425652153426],[7.245539904476116,47.94256512547835],[7.245527052290258,47.942570456945376],[7.245406606632232,47.94262077576603],[7.245354087617982,47.94264331332707],[7.245148819989031,47.942729864727376],[7.245152185248288,47.942730013422434],[7.245149849781681,47.94273099911133],[7.245168039331038,47.94273034142652],[7.245182548749714,47.94273062792364],[7.245089205013482,47.9427726663662],[7.245088670026287,47.94277268570955],[7.245079060653488,47.94277663813136],[7.244961041343848,47.942822092131195],[7.244760851222794,47.942898365277166],[7.244519825448947,47.94299233674054],[7.244433012257882,47.94302548658425],[7.244037356965412,47.94317677829514],[7.243963890454822,47.94320575021841],[7.243732511654101,47.943294594649615],[7.243735055828404,47.94329621505421],[7.243694767047375,47.94332074311342],[7.243694112695812,47.94332094701329],[7.243693689865928,47.94332069192312],[7.243142787096232,47.94352499703543],[7.242759030767797,47.943669184908956],[7.242753561190798,47.943661181247705],[7.24227727321867,47.943844220105],[7.242253773671693,47.94385227912639],[7.242235624109603,47.94386014483966],[7.241808863137906,47.94402516979789],[7.241797012418207,47.944011178063434],[7.24176056920832,47.94402511205674],[7.241403931098169,47.94419481199348],[7.241230745497131,47.94427677235955],[7.24123088643902,47.94427685739252],[7.241230365817141,47.944277056447106],[7.241249608705378,47.94429123182818],[7.241558612199753,47.94449510562849],[7.241770816903591,47.94463587399959],[7.242221616742944,47.94493871685127],[7.242546147788215,47.94515716809066],[7.242622585500833,47.945208841136676],[7.242647351870329,47.945224979702175],[7.242761227057346,47.94530026429283],[7.243029113615065,47.94546290139667],[7.243229523373032,47.94558525760489],[7.243302816688899,47.945629473441656],[7.243302957637701,47.94562955847207],[7.243302972026976,47.94562973820049],[7.24359307015872,47.94580671226302],[7.243869732075904,47.945996788692014],[7.243973797417029,47.94606846129447],[7.244158473387913,47.94619697243005],[7.244751229656428,47.94666401847349],[7.245024645645613,47.94687710129918],[7.245411873114797,47.947179617569525],[7.245420283117,47.94718580244132],[7.245950245589159,47.947644028030126],[7.246012022925376,47.947698482275264],[7.246280445170271,47.947967980544064],[7.246309052504144,47.94799686726666],[7.246531389045597,47.94822188799371],[7.246726877305337,47.948460046129235],[7.246793033003089,47.94854065793634],[7.247071177661437,47.94897824518311],[7.247124748455007,47.94906417871493],[7.247124719648694,47.94906381925979],[7.247173576103465,47.94913946887231],[7.247176083591486,47.9491439745138],[7.247224010944873,47.94923146399039],[7.247258336022197,47.94929150693178],[7.247262057665832,47.949297771139946],[7.247297687524682,47.94935902861539],[7.247313097864827,47.94938559860997],[7.24732831455943,47.949441556113804],[7.247329236499334,47.94944134251773],[7.247329435080529,47.94944214645312],[7.247686933194229,47.94934990544581],[7.248464239092969,47.949206425292786],[7.248915995897772,47.94915042471415],[7.248980029945441,47.949142610048774],[7.249093484983136,47.94912877114681],[7.249140913954216,47.94912299925814],[7.249243807688984,47.9491397340571],[7.249299431607809,47.949149166943386],[7.24933746153146,47.949155000657804],[7.249401778011067,47.9491323050143],[7.249462731902568,47.94911117301425],[7.24961541843541,47.94904454290886],[7.2496210603036,47.949049656065114],[7.249627352514834,47.949056187675254],[7.249633056089384,47.94906039735363],[7.249638260645028,47.949065075713825],[7.249644101132489,47.94907099280061],[7.249644701034173,47.94907178220923],[7.249624019652841,47.94908154313089],[7.249481492685018,47.94914438084447],[7.249398766880698,47.949183424392245],[7.249341352418105,47.94920352702407],[7.24928879335579,47.949183799188845],[7.249171469452077,47.949161097656024],[7.249154981574105,47.94915790907775],[7.249139826310985,47.949159629115165],[7.249095155886092,47.94916467030977],[7.248772325528956,47.94920068549208],[7.248477677587853,47.949240186322335],[7.248057354002813,47.9493184803202],[7.247825564308829,47.94936228448116],[7.24770288700789,47.949384927418954],[7.247339925988523,47.949477636437734],[7.247340766601046,47.94948310361115],[7.247340773803046,47.94948319347492],[7.247341926123553,47.94949757167435],[7.247353756791564,47.949526344002095],[7.247364029647196,47.949554091185725],[7.247368186520625,47.949567459463466],[7.247389625408059,47.94962238077397],[7.247392858323768,47.94963091576229],[7.247426093048378,47.94971082542969],[7.247548620625816,47.9498001225512],[7.247614204125923,47.94984677779192],[7.247658632387038,47.949878877139206],[7.247800791246312,47.94998044177479],[7.247926563357672,47.95006835942327],[7.248048409371076,47.950157500472],[7.248052399707353,47.950160420339444],[7.248062932220606,47.95016797024157],[7.248179444484083,47.95025081517659],[7.248322881265611,47.950353234239934],[7.248466875276582,47.95045590335402],[7.248563950289368,47.950523859678995],[7.248674622598768,47.950604121603256],[7.248743995802839,47.950654514487965],[7.248992023701322,47.950836603484625],[7.249107306160884,47.95091913157379],[7.249188228650324,47.95097802860669],[7.249227258620339,47.95100635728059],[7.249294055269084,47.95105639248036],[7.249420135047872,47.95114808274087],[7.24944594665488,47.951167156266656],[7.249492534968398,47.95120106941703],[7.249590450384333,47.95127277976741],[7.249624716494315,47.95129857699064],[7.249624857468315,47.95129866201317],[7.249623837768066,47.95129932978551],[7.249672655316725,47.951339290647354],[7.24970821099304,47.95136945726948],[7.250359915093725,47.951901036064754],[7.250582195313505,47.95208144030966],[7.25098192735511,47.95240682935297],[7.250982426394483,47.952406360666096],[7.250982715561289,47.95240662057116],[7.251080888264786,47.9524931909783],[7.251092612008931,47.95249718265849],[7.251152239240545,47.95251800577635],[7.251208099307855,47.95253869487136],[7.251282681728476,47.95256699758206],[7.251372993937009,47.95259905674526],[7.251435455420178,47.95262175985204],[7.251480246337527,47.952638253229004],[7.251586782785008,47.952678557032904],[7.251602783288928,47.952684016061966],[7.251605136705498,47.952684922223554],[7.251760054628218,47.95274131882212],[7.251906441114073,47.95279505002762],[7.251923999694675,47.952801534092714],[7.251965746998689,47.95281687575578],[7.252105828985711,47.95286894238868],[7.252106074897338,47.95286866311128],[7.252106490633251,47.95286882830645],[7.252153415103693,47.952885154060375],[7.252153830839882,47.95288531925536],[7.2521538380505,47.95288540911862],[7.252179982191974,47.952896899602585],[7.252489978338682,47.95303338806948],[7.252834569794989,47.9531813304243],[7.253029207424348,47.953266208259585],[7.253031821224028,47.953267014839426],[7.253033899933643,47.95326784079861],[7.253573823633539,47.95350423844917],[7.253573942980407,47.95350405387743],[7.253574224952787,47.953504223912795],[7.253725922129505,47.95335831525913],[7.253850117859542,47.953239178174904],[7.254059336645824,47.95333352999344],[7.254112085237345,47.95335721446818],[7.254173763249318,47.95338517178464],[7.254198668049119,47.95339625611581],[7.254236525937086,47.95341327002475],[7.254236638067228,47.953412995589225],[7.254237751534885,47.95341349599811],[7.254281972986066,47.9533309622014],[7.254554312017383,47.95342275608858],[7.25455504972129,47.95342191824133],[7.254587069851174,47.95345311283728],[7.254588302666205,47.95345342867006],[7.254588309881022,47.953453518533145],[7.254602279380799,47.953457068016085],[7.25470218075067,47.953483189594955],[7.254882909802783,47.95352846301751],[7.255021506232096,47.95356363674485],[7.255283349020607,47.953629943603104],[7.255307455963953,47.953636099773256],[7.255328038178678,47.95364013054929],[7.255620169973737,47.953697678530396],[7.255745840053971,47.95372223455094],[7.255779115856079,47.95372895959414],[7.256209923544982,47.95381428576637],[7.256210415333784,47.95381372719474],[7.256210690098646,47.95381380736079],[7.256219950833713,47.95380382838865],[7.256266840074571,47.95375454316279],[7.256338875830977,47.953649190243624],[7.256396513828222,47.95359843386792],[7.256472013762378,47.95353621508177],[7.256520025660352,47.95349590149698],[7.256620916047724,47.953412394117514],[7.256631217473813,47.953405351494624],[7.256633137442814,47.95340420040496],[7.256714565190887,47.95334897653469],[7.256732980481813,47.95333605206052],[7.25675259249632,47.95332299407869],[7.256786801496575,47.95329958338345],[7.256872358040267,47.95324231710626],[7.256897668723646,47.953223374669186],[7.25695979034525,47.9531616404792],[7.256964126058762,47.95312876806227],[7.256970122735805,47.95308484022657],[7.256994483384851,47.95292380562824],[7.257001618984883,47.95287902537446],[7.257003949241488,47.952864611079235],[7.257154699047965,47.952882398281446],[7.257290347246283,47.95290091303237],[7.257398952507199,47.952916803075546],[7.257488617080941,47.95292905373771],[7.257585664182327,47.95294301941441],[7.257613921397746,47.95295073700878],[7.257709318390501,47.95297756011959],[7.257775261485362,47.952996799119404],[7.257792155801027,47.95300168417565],[7.257893610146156,47.952955286503986],[7.257904485917185,47.952950385926165],[7.258005903963276,47.952903538841554],[7.258009526806665,47.95290187535792],[7.258009787128445,47.95290177579398],[7.258049482957657,47.95288321272823],[7.258053752991977,47.952881255401714],[7.258058771308284,47.95288026231411],[7.258084691729922,47.95286724571817],[7.258105401913035,47.95285784278223],[7.258131810274151,47.95284588997867],[7.258133759073308,47.952845098315684],[7.258208746738908,47.95280993426865],[7.25834592238694,47.95274728015035],[7.25834873482172,47.95271716662237],[7.258348908488882,47.95271598870298],[7.258349415048145,47.95271227521897],[7.258373640444259,47.95252456811523],[7.258385147144012,47.95243402608053],[7.258386189853812,47.95242028930369],[7.258388570978871,47.952399834758346],[7.258371080161556,47.95239587266972],[7.258122054160602,47.95234713292087],[7.258007120114851,47.952324263077564],[7.258003302358668,47.952323500262466],[7.257995533076938,47.952321979482385],[7.257614094366018,47.95224487400206],[7.257504760823418,47.952223242620775],[7.257446410114909,47.95221165920878],[7.257096769287408,47.95214124009885],[7.256824554418232,47.952082703619155],[7.256560011667329,47.95202614154673],[7.256304561000247,47.95195248615935],[7.256248453677133,47.951932078765104],[7.25604638818244,47.951858290354195],[7.255998993300515,47.95184279430472],[7.255906893425434,47.95181188491177],[7.255791063806805,47.95177282299271],[7.255628165496113,47.95171563933668],[7.255501457764001,47.95167643062299],[7.255038870868487,47.95153259145574],[7.254887856063851,47.95148470967417],[7.254597246831345,47.9513958318669],[7.254509663279253,47.95136935414799],[7.25434594933051,47.951318687316956],[7.254181357033442,47.95126877308527],[7.254112294165802,47.95124739208178],[7.253969914247162,47.95120009759526],[7.253869552601657,47.951166511861494],[7.253639853404684,47.95107930062386],[7.253568555674323,47.95104511246012],[7.25355694813093,47.951039224203505],[7.253338782217651,47.95093690433687],[7.253272009392976,47.95089390015038],[7.253119935644396,47.95079098846839],[7.253083451832036,47.9507659935262],[7.252974770157643,47.95071062790491],[7.252974748522508,47.95071035831492],[7.252974614756416,47.950710363159715],[7.253031336444409,47.95068496652493],[7.252966807328571,47.950496059412764],[7.252954458117296,47.95045919512112],[7.252939564576979,47.950435761411605],[7.25289272286071,47.95036193356116],[7.252747300949517,47.95021984672674],[7.252700124780348,47.95017360902952],[7.252302705492383,47.949783342314426],[7.252144877312975,47.94965044615118],[7.252111634660402,47.949622359456036],[7.251906694276312,47.949442321508286],[7.25188009277973,47.94941507577022],[7.251854406021589,47.94938752653064],[7.251804877197684,47.94932866613509],[7.251580888120261,47.94902152081745],[7.251566714076194,47.94900202637823],[7.251532059955279,47.948952991622214],[7.25131906650067,47.948605612676346],[7.251291096901782,47.94855795807845],[7.251243103328396,47.94849480602856],[7.251208044547177,47.94844740807717],[7.25117729017394,47.948405171624984],[7.251139118981807,47.94835743571578],[7.251138081743584,47.94835621152465],[7.251107725563552,47.94831224827306],[7.251096573079918,47.9482969703671],[7.251081358976892,47.948274539418364],[7.251070963444008,47.948253646383534],[7.251058822650164,47.948229391799956],[7.251022664661631,47.94815490610351],[7.251009513143266,47.94812473988633],[7.250972878027601,47.94803594164432],[7.250959005774059,47.947996789058664],[7.250958821559128,47.94799616485589],[7.250935982841212,47.947932192129144],[7.250926033612666,47.947905154454034],[7.25088584993864,47.947797197995214],[7.250876493458509,47.94777085985299],[7.250788711951221,47.94751267649266],[7.250761544611533,47.94744156034211],[7.250751927947364,47.94741532173241],[7.250722297443488,47.947306802918106],[7.250651964376831,47.94704537415895],[7.250633564372503,47.94698655802849],[7.250623743718203,47.94695275632507],[7.250563788186628,47.946713663212],[7.25053184648005,47.94658467958752],[7.25052087478775,47.94651477957143],[7.250493691456704,47.946396618876626],[7.250492023238793,47.94638919892333],[7.250491412971899,47.94638660740122],[7.25047812429341,47.94631625050383],[7.250461565655932,47.946042871063426],[7.250454439487564,47.94592055952563],[7.250524279968245,47.94592163624882],[7.250523766956221,47.94594869221344],[7.250536134054972,47.94610289839543],[7.250543115050907,47.946199980281285],[7.250550779660184,47.946323984677335],[7.2505845107257,47.94649535223177],[7.250610497503259,47.94662869715876],[7.250673623897864,47.9468805632928],[7.250674144509857,47.9468803641967],[7.250674343132155,47.946881168127696],[7.251856636321961,47.94641053954531],[7.253052977914098,47.94814627377021],[7.254131202139433,47.94861011061179],[7.256676231728833,47.948763016859075],[7.25848699906618,47.949293987385914],[7.25848724492764,47.94929370809455],[7.258488061941459,47.949293858714306],[7.258646148953541,47.94912761280129],[7.258736978708754,47.949032571339146],[7.258999194382276,47.94875818343899],[7.259306998251778,47.9484368082558],[7.259578347834974,47.94815262429045],[7.259981923039783,47.94773106839525],[7.260211908193396,47.94755986810996],[7.260445604666536,47.94738645976063],[7.260466616381017,47.947370826706056],[7.260485516641217,47.947358965393185],[7.260503306992749,47.94734831597722],[7.260549866401013,47.94738348776039],[7.260606771576925,47.94742720651554],[7.260715073404982,47.9475061918183],[7.260765963900027,47.94754183723817],[7.260819113685693,47.947580555035216],[7.26087393366191,47.94762002332907],[7.260974269815505,47.947556539162946],[7.261041904452522,47.94761023276015],[7.261045486814708,47.94761307688992],[7.261067523251245,47.94763021211319],[7.261231651050238,47.94775782142246],[7.26117917277235,47.947792531466774],[7.261144712675997,47.94781442070287],[7.261145283833967,47.947814850601475],[7.261145030768194,47.947815040035636],[7.261204966279987,47.9478597300553],[7.261252625569597,47.947895222167624],[7.261360788159092,47.94797745648246],[7.261640243748477,47.94808618934379],[7.261674904628232,47.948100162511935],[7.261681697266765,47.94810289010868],[7.261700003770202,47.948110336950954],[7.26170756283304,47.948112586103115],[7.261711141726579,47.948113717961114],[7.261770909037852,47.94813795539477],[7.261775876106396,47.94813966774326],[7.261832747965932,47.94815959410271],[7.26185053038471,47.94816552781611],[7.261895382271379,47.94818111378522],[7.261127634562832,47.948599760331916],[7.261240637887189,47.94870380963634],[7.261457240702285,47.948591403658455],[7.261527444619383,47.94855523908969],[7.2615381348113,47.94854971397645],[7.261733938154234,47.94844725507644],[7.261892171679857,47.94836472525431],[7.262044081771096,47.948285308729005],[7.262158026942472,47.94836769297188],[7.26226025990545,47.948437884725344],[7.262352681868724,47.94850284477148],[7.262396948025017,47.94853449411486],[7.262412890360987,47.948545902058086],[7.262414795468424,47.94854790578217],[7.262468640999939,47.9486052535568],[7.262492745790071,47.948634750733035],[7.262502466504148,47.948647195643474],[7.262511070312105,47.94865409333386],[7.262768334178667,47.948790396461334],[7.262791600925203,47.9488028002101],[7.262810967429303,47.94879506736825],[7.262838164387955,47.94878461686572],[7.262839809306205,47.948783385520606],[7.262843699237286,47.948781712171716],[7.263099602421959,47.94868427909132],[7.2633093645211,47.94860528401828],[7.2633171009536,47.948601398112025],[7.263345735954436,47.948632172651656],[7.263407304385735,47.94869879290761],[7.26340753576031,47.948698333880245],[7.263408128633468,47.948699033356014],[7.263440202951196,47.94863081555689],[7.263475288635792,47.94855834263842],[7.263596694622833,47.94864171643072],[7.263644981722273,47.948666640183305],[7.263693861743938,47.94869226338997],[7.263748656175247,47.948718032316705],[7.263789525183203,47.94873745735744],[7.263964595264772,47.94882086488838],[7.264017705266795,47.948872380578926],[7.264125443946406,47.94897760987687],[7.264159907254347,47.94901078621608],[7.264176945513704,47.949027471530705],[7.264186301552775,47.94903371091241],[7.264231657405316,47.94906387803268],[7.264309600469636,47.94911557327691],[7.264404169907728,47.949178831573015],[7.26450320817399,47.94927428249116],[7.264506411243007,47.94927741067439],[7.264651163522437,47.94934245125989],[7.264671697613303,47.94933089044202],[7.264794240483615,47.949268308883475],[7.26496783606733,47.94917998965237],[7.265163688163039,47.94919820101979],[7.265402057916799,47.94919630177174],[7.265628503334773,47.94914292299273],[7.265585608235468,47.948973333121806],[7.265568322242697,47.94890357313137],[7.265643004240482,47.94866473153325],[7.265685224723502,47.94852260207207],[7.265994625320773,47.94762326517544],[7.26605626559654,47.94742410142112],[7.266919805019239,47.94746112915974],[7.267402000563121,47.94737700252781],[7.267593129390584,47.9473432887109],[7.268205588858654,47.947235948351235],[7.26820501041267,47.94723542862424],[7.268205411680481,47.94723541403785],[7.267715306249791,47.94680314126429],[7.267594858175034,47.94669837695384],[7.267439365032257,47.946564874396486],[7.266990951438926,47.94617876004553],[7.266705574119499,47.945933173840366],[7.266520770590019,47.9457704530597],[7.266163603061607,47.9454661888686],[7.265938390635355,47.945269696362814],[7.265845463289841,47.945188444675196],[7.265203547188073,47.944626128886796],[7.26455921916342,47.94406533950804],[7.264365897744557,47.94389661622192],[7.263240405855671,47.942978553086995],[7.263229496698317,47.942969666277705],[7.260874597866813,47.94101903683782],[7.260834770498957,47.94098578393306],[7.260774695293182,47.94093424935708],[7.260775223032513,47.940934140078916],[7.26018063539936,47.94043533243796],[7.258866995236219,47.939332180860625],[7.257815316230306,47.93876288185862],[7.257768402507423,47.938746558223436],[7.257685707065304,47.93871891470435],[7.257556242471821,47.93867674468029],[7.257198137702559,47.93855995048007],[7.257154187735201,47.93854712415477],[7.257129686665617,47.93853764819712],[7.257107910824233,47.93852870429002],[7.256804729260868,47.93841271118654],[7.256794352762891,47.9384087614136],[7.255917181069494,47.938074654921984],[7.255728953949047,47.93800216810004],[7.255396738774116,47.93787361510225],[7.254914755527184,47.93768379673981],[7.254729205820921,47.93761121135841],[7.25468764338062,47.9375946926087],[7.254723206019109,47.937569881014106],[7.254763015906843,47.93754284259111],[7.254603312753154,47.93747310553695],[7.254491485905348,47.93742335342885],[7.254441369327257,47.937402187711065],[7.25439549225227,47.93738203996367],[7.254330840129908,47.93735356006119],[7.254261637883977,47.93732353263453],[7.254234127583008,47.93731164164638],[7.254195048746903,47.937294311728465],[7.254063027089654,47.93723690940109],[7.25388359307639,47.93715860350229],[7.253974375777483,47.937114937741384],[7.253974227622641,47.9371147628593],[7.253975774710882,47.93711398579552],[7.253964145884219,47.93710278101359],[7.253902564062846,47.937030659094226],[7.253892652145104,47.93701912171604],[7.253872355014563,47.93699516285409],[7.253851547762492,47.936936434090484],[7.25381925528201,47.936834861327256],[7.253794698324007,47.93672940324112],[7.253774258304081,47.93664182104043],[7.253757069847341,47.93656133104238],[7.253719585829608,47.93639505609584],[7.253699290282089,47.93630927114586],[7.253656732770955,47.93621347779641],[7.253641898642369,47.93618238129525],[7.253637614061444,47.936172442502055],[7.253632462208338,47.93616172400527],[7.253617715296518,47.93612837120649],[7.253578386563963,47.936046069768516],[7.253550658884711,47.93598632994134],[7.253535944189322,47.93595504884878],[7.253527107647892,47.935935180942614],[7.25352356779599,47.93592449415806],[7.253496648435736,47.93588987001159],[7.253461519925377,47.93584319612458],[7.253452591627685,47.9358305415683],[7.253377360729313,47.935723674917845],[7.253360682199133,47.93569967498976],[7.25334027709455,47.93565931713585],[7.253269477640758,47.935517411336484],[7.253268909943968,47.93551869366046],[7.253268266880728,47.935517365078844],[7.25326363878375,47.93552654530074],[7.253132976812484,47.93573676516178],[7.252952492185424,47.93602810012902],[7.252888785772252,47.93613675599421],[7.252829418953781,47.93623263705146],[7.252827032741389,47.93623632851038],[7.25270352598436,47.93643547342719],[7.252698897709598,47.9364446536217],[7.25265862010716,47.93651100292793],[7.25265384763324,47.936518385837516],[7.252611183675259,47.93658842657908],[7.252407263111645,47.936922066932055],[7.252404732661415,47.93692396109829],[7.252267337490633,47.937150646008845],[7.252001512290574,47.93758206036846],[7.251994209132176,47.93759133740316],[7.251904249111346,47.9377405984528],[7.251899332259288,47.93774618404393],[7.251842204044504,47.93783657578942],[7.251816242461189,47.937880776138606],[7.251735394452319,47.938009879448565],[7.251733488573199,47.93801454485621],[7.251615512713952,47.93820582716734],[7.251614916117589,47.938206750024804],[7.251611879469828,47.93820902300201],[7.251500439723666,47.938391506548676],[7.251498053321724,47.93839519797574],[7.25142197658121,47.93851691817583],[7.251355589330107,47.938625669905555],[7.251168214053341,47.93893167044951],[7.251149410730179,47.93896479636442],[7.251146880137623,47.93896669050118],[7.250973821321158,47.93925054216277],[7.250940554744218,47.93930401924135],[7.250885953841061,47.93939251630394],[7.250841813288289,47.93946594420275],[7.250816610097774,47.93950624139232],[7.250725234069186,47.93965465114734],[7.250679481006211,47.939728047216455],[7.25059624088589,47.939860841003785],[7.250557768104964,47.93991630891996]],[[7.249989424429629,47.94466663474503],[7.249997929631397,47.94468236907394],[7.249911960830674,47.9446424012777],[7.249928605221885,47.944582316518606],[7.24996076861756,47.944615399685354],[7.249989424429629,47.94466663474503]],[[7.257985568942058,47.94422010564669],[7.257985435192787,47.94422011049721],[7.258020422767453,47.94425489172284],[7.258294397424401,47.94452614609294],[7.258597435555259,47.944825185802266],[7.258596354545982,47.94482675713944],[7.258593972131313,47.9448288263052],[7.258519163052309,47.94489111239527],[7.258207989428817,47.945100222924474],[7.258152673766553,47.945138008731135],[7.258119945697229,47.945159744193674],[7.258034497388879,47.9452181798869],[7.25794213672131,47.94528074156399],[7.257879669873228,47.94532302243975],[7.257824802123058,47.94535971032545],[7.257743029850667,47.945415488966944],[7.257710196566034,47.94543758861521],[7.257619401278832,47.945374368712145],[7.257315703099668,47.945167278209965],[7.257291221453574,47.94515140262591],[7.257280005428234,47.94514369804926],[7.257279752361404,47.945143887475425],[7.257278906541943,47.94514337739338],[7.257277116814289,47.94514614604022],[7.257275479097948,47.94514746717361],[7.257254329748016,47.94516472691921],[7.257236173881291,47.945179174367766],[7.257065604288947,47.94526674181502],[7.257009938243217,47.94529516673992],[7.256759198383796,47.94508101765432],[7.25663329252092,47.944973106169186],[7.256519600387717,47.94487529641354],[7.256317915719883,47.94470235773141],[7.256263193583949,47.94465567392183],[7.256243079503161,47.94466244144893],[7.256469756770147,47.944585368497684],[7.256482159944906,47.94458113359726],[7.256508726692902,47.944572870348075],[7.25650800742339,47.944572265548025],[7.256508527990835,47.944572066425785],[7.255837673714549,47.943960372310826],[7.255686581904555,47.943822730303346],[7.255663407176464,47.94380139953153],[7.255867005026572,47.94369920811152],[7.256065841036471,47.94359953217257],[7.256148290404617,47.943674141099976],[7.256239862269707,47.9437587836624],[7.256719632589613,47.94420256077167],[7.256755306343639,47.9442358754645],[7.256778319081941,47.94425685141063],[7.256890747974333,47.944360654980855],[7.256928623063062,47.9443963231918],[7.25696703658721,47.944433684246974],[7.257346393650993,47.9443135816586],[7.25782688913178,47.94421684765445],[7.258403544876295,47.94404812881099],[7.258586392241162,47.94395317416349],[7.258691231713478,47.94385564121291],[7.258761700271074,47.94387624735088],[7.258761504980257,47.943877155687225],[7.258955747294138,47.94379548612795],[7.259018672673728,47.94376895983634],[7.25947424932065,47.94360426695513],[7.259647355779296,47.94354337077184],[7.259705428947753,47.94352323877363],[7.259983893346721,47.94343472644627],[7.260319547363266,47.94332845642068],[7.260335629838598,47.9433232764519],[7.260375190696527,47.94331147650411],[7.260455364229484,47.9433410123849],[7.260435962107336,47.943364968788195],[7.260403545723308,47.94335217564782],[7.260403285452881,47.94335227521762],[7.260402587825399,47.94335194003081],[7.260371066437326,47.94336029387266],[7.260347002479447,47.94336630421821],[7.259830571253628,47.94354150014862],[7.259361137621223,47.94370065878303],[7.258835051458484,47.9438809769642],[7.258789216768005,47.94390652272092],[7.258634772432817,47.94399269672011],[7.258433211180873,47.944086798056745],[7.25839575319573,47.944098070412736],[7.258117713542148,47.94418025454992],[7.257984835221861,47.9442193211288],[7.257985568942058,47.94422010564669]]],[[[7.256684171246181,47.950932934374215],[7.256375050413057,47.95077894091953],[7.256308808921454,47.95074592295805],[7.255910877706683,47.95063867764781],[7.255904157206832,47.9506368483534],[7.25567285793097,47.95055645836744],[7.255531288821765,47.95050589189479],[7.255492369146378,47.950492341650204],[7.255406750369187,47.950461918057606],[7.255260485555326,47.95041134119387],[7.255212408939367,47.950395689323955],[7.255052312870553,47.950343270183005],[7.25492669007174,47.950302489517306],[7.254734207514175,47.95023934703575],[7.254572919030447,47.95018877296978],[7.254532311392668,47.95017591445343],[7.254401844306781,47.950178388351816],[7.254273347609107,47.95018034009493],[7.254192944548224,47.950181450562816],[7.25416370058542,47.95018314091492],[7.254108217105975,47.95018551150459],[7.254057949813197,47.95019102770726],[7.253763544215071,47.950221880965955],[7.253366224498674,47.95026421199099],[7.253035249058895,47.950299091758176],[7.252962027692245,47.95030778209729],[7.25292707103464,47.95031184203215],[7.252927212011308,47.95031192705076],[7.252926282867239,47.95031205082728],[7.252957845129324,47.95034091916897],[7.252981213085016,47.9503629644506],[7.253133291184982,47.95073507814587],[7.253372768948522,47.95090403957348],[7.253397766178013,47.950916292314155],[7.253398040923617,47.950916372486894],[7.253398745818773,47.95091679757703],[7.253524473102152,47.95097893560399],[7.253621928671901,47.9510247936989],[7.253665459938758,47.9510456578429],[7.253773950860653,47.951085257977454],[7.254146554739468,47.951217941903884],[7.254608831342594,47.95134962884583],[7.255340062543495,47.95158449413439],[7.25551498484739,47.951641062177714],[7.255567220053257,47.95165836574228],[7.255806760403877,47.951734401769656],[7.256248782001563,47.95188772552967],[7.256393840691073,47.95193825489263],[7.256468932197146,47.95195950621537],[7.256608822863887,47.9519991373162],[7.257252917992314,47.95213440758844],[7.25755181105891,47.95219603146222],[7.257816543832325,47.95225159310348],[7.25826089563814,47.952315241109694],[7.258404102296806,47.95233600394931],[7.258637652469513,47.95237079425756],[7.25863776457468,47.952370519817656],[7.258638982945599,47.95237065588238],[7.258680001179108,47.95214151309397],[7.258712459678917,47.951966124693065],[7.258711501632967,47.95196588906353],[7.258711494411365,47.95196579920061],[7.258518727537859,47.95192763748108],[7.258314808329636,47.951882579765],[7.258323513770445,47.951852342646404],[7.258339517435984,47.95179939979336],[7.2581713728357,47.95178548945885],[7.258021937644828,47.95177234246899],[7.257950977385047,47.95175743130775],[7.257808124415182,47.951726020424424],[7.257805940803578,47.951725558851095],[7.257722754808,47.95167035445184],[7.257718792705384,47.95166779436741],[7.257722610410283,47.951668557192065],[7.257692355767883,47.95165099834004],[7.257442848705738,47.951492683015054],[7.257425814753914,47.951481043628185],[7.25732969358659,47.95140008164053],[7.257176457228261,47.95126945862651],[7.25715805390454,47.95125246136349],[7.257142979893997,47.95123849776492],[7.256955586352563,47.95111352891383],[7.25688983719629,47.95106994881432],[7.256684171246181,47.950932934374215]],[[7.25765175145017,47.951654903931086],[7.257658703576489,47.951656274109226],[7.257722754808,47.95167035445184],[7.25765175145017,47.951654903931086]]],[[[7.260889315274924,47.958586942604754],[7.260899351475901,47.95860829851133],[7.260957052906928,47.958725169510785],[7.260977298465003,47.95877670723779],[7.261038758024566,47.95894030662626],[7.261056552614298,47.95898472329756],[7.261061664634852,47.95899823676008],[7.261061924980822,47.95899813718978],[7.261062257592209,47.95899893624324],[7.261246982223493,47.95895510268077],[7.261304275819506,47.958941758303055],[7.261344514423758,47.959120096836905],[7.261360074276375,47.95917342676202],[7.261368725335376,47.95920591821277],[7.261386006314138,47.95926062767732],[7.261393366934114,47.95928541523481],[7.261393761067822,47.959285310809435],[7.261393959899058,47.95928611471616],[7.261475606893707,47.95926692977257],[7.26149087880987,47.95929665749056],[7.261494881169788,47.95930471360154],[7.261512723809076,47.95933804314577],[7.261534688174759,47.9593792442167],[7.261526862020895,47.95940872855255],[7.26152656184253,47.959410001188594],[7.261519386628668,47.959437569287594],[7.261506475723877,47.95948391116601],[7.261532819157821,47.9595211681095],[7.261554328444991,47.959553373231344],[7.261569673238273,47.95957399571286],[7.261651303863838,47.95968305852018],[7.261716267570005,47.95966664179246],[7.261755485855066,47.95965710747519],[7.261767005222079,47.95975862036186],[7.261769596623066,47.959785834071724],[7.261771649332736,47.95981135496193],[7.261774489881417,47.95984667084094],[7.261768520001489,47.95984751834173],[7.261766513176488,47.95984759116325],[7.261766527632188,47.95984777088782],[7.261765337992878,47.9598479943053],[7.261783056804505,47.959909807664935],[7.261793483344708,47.95994935449671],[7.261821394680136,47.960029453775505],[7.261845907518035,47.96010066391411],[7.261846261832208,47.960101732551614],[7.261869729652138,47.96017496334558],[7.261882756268487,47.960211802204824],[7.261895511641161,47.960250273147125],[7.261899839400471,47.960262373041104],[7.261902117089616,47.960270671971834],[7.262221888967227,47.96033765634428],[7.262228135735381,47.96038195118029],[7.262227318540134,47.960381800587584],[7.262228171878908,47.96038240049143],[7.262393669294344,47.96061324175246],[7.262416673138114,47.960638993646086],[7.262420965112791,47.960643974981934],[7.262427719479366,47.96065121019109],[7.262435377797017,47.960659674337485],[7.262513487271119,47.9607365997955],[7.262554046805053,47.96075874040999],[7.26256205602104,47.96076322633302],[7.262568626121878,47.960766502741656],[7.26260882413816,47.96078748483978],[7.262770116117854,47.96084760207316],[7.262981358101682,47.96097151678709],[7.263208032381206,47.9611971623803],[7.263325738280491,47.96131590985411],[7.263334680692876,47.96131198026833],[7.263362346826943,47.96130061167791],[7.26350046127313,47.96148621160533],[7.263520699779454,47.96151260443295],[7.263527627952183,47.96152199626509],[7.263621689872551,47.96167206386806],[7.263656099196415,47.96175949733689],[7.263666299937224,47.96176786911594],[7.263797622549107,47.96187737976427],[7.263916293216029,47.961974732151134],[7.263969336808289,47.962018589743664],[7.26398889953143,47.9620549207351],[7.264023056615439,47.96211920124834],[7.264023834064504,47.962120524892036],[7.264024058256058,47.962123310614714],[7.264047421536096,47.96214850842105],[7.264056154294957,47.96215864583087],[7.264138871577281,47.9622444154752],[7.264214624571999,47.96232367856929],[7.264276170205061,47.962388136261794],[7.264320756531658,47.96243527487484],[7.264328534738611,47.96244355430693],[7.264381474331152,47.96249777983247],[7.264329233269276,47.96258394302982],[7.264425606567521,47.96275934125054],[7.26445540356882,47.96281611936154],[7.264465149088211,47.96283550280259],[7.264465550475083,47.9628354882291],[7.264465557707914,47.96283557809105],[7.265089432785307,47.96285609455587],[7.26512111357998,47.963049613252196],[7.265122050152709,47.96304957924216],[7.265122057386683,47.96304966910406],[7.265195952585329,47.96304581408352],[7.265195318760501,47.96317129053366],[7.265195033558393,47.96336777248359],[7.265196119374066,47.96341459783381],[7.265164029723858,47.96341269888651],[7.265010032698927,47.96340333026084],[7.264980485205292,47.96340133895289],[7.264889369289103,47.96339464367701],[7.264889412690858,47.9633951828484],[7.264888602675247,47.96339512213637],[7.264889832893578,47.963443744726526],[7.264891178349751,47.963460459038856],[7.264893261839998,47.963499677690564],[7.264888848034042,47.96359987621016],[7.264885062691793,47.96365120440087],[7.264884217151818,47.96369404426075],[7.264881925474793,47.96375892701701],[7.263950966030565,47.96386284397369],[7.263954567653577,47.96389425679063],[7.263955999611788,47.96391204945214],[7.263960628170149,47.96396956108378],[7.263960790897204,47.96396991567423],[7.263960805361465,47.96397009539807],[7.263973114759261,47.963999659980765],[7.263989756334603,47.964039701978564],[7.264027599553676,47.96413476133183],[7.264066130006888,47.96418500386569],[7.264065996207822,47.96418500872306],[7.264394963681603,47.964637657247074],[7.264521095026792,47.96477925973711],[7.26457494488006,47.964839760852165],[7.264784403904815,47.96507296833142],[7.264784841476923,47.96507340306592],[7.264785709387477,47.965074182673106],[7.264960329898748,47.96523132802781],[7.265061597298773,47.965297407263385],[7.265105824801507,47.965326713993505],[7.265169475469987,47.96536225499858],[7.265227535405457,47.96539502487782],[7.265260013561755,47.965413402519125],[7.265470961214843,47.965533358491875],[7.265696588568642,47.965660621829585],[7.265827294211338,47.96572229675353],[7.265881567602247,47.965723029406576],[7.265902865203598,47.96575920696179],[7.265903140045002,47.96575928710458],[7.265902246838905,47.965759860290994],[7.266319959162834,47.96595440879155],[7.266385361481133,47.9659850188357],[7.266590916813628,47.966071281974024],[7.266843460694475,47.96617611590465],[7.266911091122801,47.96620439162214],[7.267116951006834,47.96627442041162],[7.267158619219336,47.96628858834991],[7.267346528068481,47.96635566390535],[7.26742055616192,47.966381724177936],[7.267522947987666,47.96641837998293],[7.267706337358598,47.96648597968824],[7.267880241303972,47.966550769408805],[7.268102871378789,47.966649027082305],[7.268354886851601,47.966767215576155],[7.268588256718947,47.966877158812835],[7.269019289564251,47.9670802266583],[7.269455960400115,47.967286602952896],[7.269763587800004,47.96747198296863],[7.269837794267924,47.96751687136563],[7.269934286728352,47.96757518929247],[7.270140562284444,47.96772018165951],[7.270158591597312,47.96773241406603],[7.27020866154552,47.96776754496946],[7.270249418383013,47.967795353824606],[7.27025141482583,47.9677968133655],[7.270416181332605,47.96774981666246],[7.270416004063617,47.96774928235916],[7.270416532049937,47.96774917303951],[7.270466509648654,47.96773654112794],[7.270493064288659,47.967759639000604],[7.270529120502284,47.96779239526576],[7.270556648236497,47.96778760922695],[7.270588316755764,47.967782582512186],[7.27096844718642,47.9677236091877],[7.271256084980545,47.96767926347584],[7.271394876987201,47.96765799414237],[7.271881872006216,47.967606217111744],[7.271946813266344,47.967589435366456],[7.271991680574485,47.96757834051054],[7.272042471850736,47.96761740993117],[7.271900279519946,47.96765475578682],[7.27167161616071,47.96767821251293],[7.271414643421244,47.967703419220776],[7.271137474986492,47.96774612289535],[7.271088303345627,47.967753768933875],[7.270960591415372,47.96777265227922],[7.270610671771378,47.96782683209096],[7.270623404688763,47.967851604068954],[7.27062353849648,47.96785159920414],[7.270623871307468,47.96785239822616],[7.270820791480512,47.96786299323031],[7.271025194316405,47.9678748479561],[7.271302943817942,47.967924230895306],[7.271463596002248,47.96796768727655],[7.272085636119307,47.96813604014728],[7.272337535776106,47.96817437426],[7.272416488690956,47.968186553454665],[7.272437663291478,47.968187856162295],[7.272688359282605,47.96820460337527],[7.273569021105066,47.968175090202365],[7.27408367318576,47.968158347892796],[7.274180871970094,47.968153819792896],[7.274265142100113,47.96815039293042],[7.274480818345248,47.96815723513234],[7.274701510804973,47.96816470551788],[7.274837756565484,47.96817840312291],[7.274898384232189,47.96818466845438],[7.275066213656753,47.9682205587222],[7.275475413265242,47.96833887007185],[7.275850090559763,47.96845176745941],[7.275840751075078,47.968346030353295],[7.275835296931988,47.96827845491969],[7.275835006818383,47.96827486048166],[7.275827098107126,47.96821179051724],[7.275820405672071,47.968153813400065],[7.275807188510323,47.968076516668226],[7.275782635594156,47.96792527945763],[7.275760416956941,47.96789607661357],[7.275758600941572,47.96789352909324],[7.275755562161924,47.96788913345766],[7.275725116372401,47.96784445820901],[7.275669918122761,47.96779239244472],[7.275634404477538,47.967758085766604],[7.275608624695285,47.96773297801974],[7.275608187012504,47.96773254332624],[7.275602855043598,47.96772633853328],[7.275568164297718,47.9676673076398],[7.275544862033802,47.9676263378293],[7.275524537264329,47.96759066713609],[7.275505970496283,47.96755682507529],[7.275459927162699,47.96747684774979],[7.27541626418238,47.967399757891755],[7.275403430165831,47.967368771404146],[7.275381585953298,47.96731260749518],[7.275358501984035,47.96725937270575],[7.27534334186758,47.96722450537633],[7.275313368369718,47.967152414841486],[7.275311957090961,47.96714823033362],[7.275311754040594,47.967145714224316],[7.275304426766304,47.967126423793744],[7.275301995102907,47.96711957267515],[7.275285519927551,47.96707339745328],[7.275744807332559,47.96683803648215],[7.275779354276751,47.9668204662941],[7.275840260233642,47.96686511423041],[7.275935365016425,47.96693609547313],[7.276199458689017,47.96687447927216],[7.276784613444756,47.96673880645115],[7.276784548156609,47.966737997702346],[7.276784942315389,47.966737893225854],[7.27678401134303,47.96673134798992],[7.276783307682192,47.966722631474966],[7.276759494754255,47.966650407042714],[7.276719794065624,47.966527660135846],[7.27653974780646,47.966578106361794],[7.276344292742779,47.96663217753221],[7.276305600909645,47.966551842707226],[7.276227508303063,47.966389035827085],[7.276187152398591,47.966304705916386],[7.276102287570713,47.96612781560984],[7.276057699644738,47.966037601339735],[7.276019342309976,47.965961399999976],[7.276018948155456,47.96596150447395],[7.276018637033549,47.96596097504948],[7.275997148627084,47.96592750977647],[7.27621453298698,47.96586750359208],[7.276274408024838,47.96585117412683],[7.276274787671525,47.965850889929875],[7.27627544217576,47.96585068585145],[7.276317888507702,47.965811287969835],[7.276367572738134,47.965795059092436],[7.276367811328518,47.96579468990549],[7.276499781328849,47.96556430191759],[7.276521300250153,47.96552665725352],[7.276678156837031,47.965253815172986],[7.276936826992029,47.9648009805864],[7.276967407361045,47.964747594432644],[7.277193527665717,47.964649595720935],[7.277257585799278,47.964621937822066],[7.277330003025666,47.964588117336284],[7.277674298346782,47.964428043761124],[7.277698236954396,47.964425369423424],[7.278353268396845,47.964394301582644],[7.278442645476425,47.96418997632378],[7.278447571515346,47.96417952259711],[7.278450918732671,47.9641744437764],[7.278470777111577,47.964088011195614],[7.278484979639709,47.96402792098356],[7.278484556477425,47.96402766602183],[7.278484653991029,47.96402721184292],[7.27841982583324,47.96399712816371],[7.278373503919052,47.96397520263508],[7.278371840299969,47.96397454223063],[7.278266670454228,47.963931778256395],[7.278260211019601,47.96392822827491],[7.278087835333059,47.96383257512029],[7.277994085976577,47.96373513948463],[7.277993065520395,47.963732472891834],[7.277959773337795,47.96364256874652],[7.27797827842998,47.963605844603855],[7.277988256551172,47.96359646863906],[7.278018417327233,47.963604382635445],[7.27806755763325,47.96356483026565],[7.278123925160542,47.963520057733284],[7.278154066629245,47.96349615814153],[7.278329546952818,47.9634142412167],[7.278342890725698,47.96313247379742],[7.278343706708585,47.96311432886805],[7.278343699452199,47.963114239006956],[7.278343738914252,47.963113065939254],[7.27826624089045,47.962987550283536],[7.278195450127638,47.96287197444025],[7.278195413847136,47.96287152513473],[7.278205972281127,47.96286933803576],[7.2782226594178,47.962864944937856],[7.278228325504676,47.96286365704458],[7.278227909609071,47.96286349194285],[7.278229619912056,47.96286306914302],[7.278209425617712,47.96285560331075],[7.278177723239459,47.96284188737507],[7.278176891448907,47.96284155717124],[7.278174505803698,47.96284524908426],[7.278174774277979,47.96284857394531],[7.278173928860663,47.96285139862714],[7.277723257492607,47.962441700501635],[7.277506667366879,47.96191965139209],[7.277492280583369,47.96191098256127],[7.277490559001816,47.961909603253886],[7.277463206379711,47.96189158295907],[7.277441495643925,47.961876962202204],[7.276798101786148,47.961453370393244],[7.276795280895343,47.961451670605136],[7.276646077074636,47.96134372586957],[7.276426831002204,47.961184256053706],[7.276421829213516,47.961180472656615],[7.276408433349256,47.96117077624323],[7.276092257412763,47.9609408421707],[7.276131323391875,47.96087290729677],[7.27644701502204,47.960328771651625],[7.275890772306306,47.95982088916352],[7.275676379362191,47.95962501099472],[7.275435876250141,47.95940484786115],[7.27540173921591,47.95937256391537],[7.275462018639782,47.959369648509224],[7.27582377554908,47.95935647851429],[7.275829126981303,47.95935628368354],[7.276163011243166,47.959336917362876],[7.276179065530051,47.95933633282351],[7.276205548612021,47.959338613082515],[7.276295303383017,47.959346790972106],[7.276295147840084,47.95934652625916],[7.276295281625822,47.959346521387836],[7.276258844167912,47.959297377841494],[7.276055172999642,47.95902152912817],[7.275880714071064,47.95878508288063],[7.275629260313379,47.958442477780345],[7.275548684358365,47.958335187734285],[7.275492319383472,47.95825856016063],[7.275491404654663,47.958258863837955],[7.275490952549251,47.95825824941842],[7.275504106153369,47.958221720358345],[7.2749625996989,47.95713108664934],[7.275621465444121,47.95684934198285],[7.275582187246653,47.95679489412451],[7.275573290385412,47.956784402961404],[7.275544214268375,47.95675662134115],[7.275544069252939,47.956754824108934],[7.27539897915021,47.956619510357356],[7.275370403655869,47.956564672796745],[7.27536287737207,47.956537909117166],[7.27534340916046,47.956462912366696],[7.275322617273128,47.95640310489959],[7.275322410991247,47.95640221115337],[7.275321990471122,47.95639699917803],[7.275299680752815,47.95632336762132],[7.275275481594337,47.95623962065123],[7.275279323714925,47.956199104511],[7.275278486663217,47.95619039280036],[7.275276688845782,47.95618640259744],[7.275275158584322,47.956182402654164],[7.275183132790595,47.95597305637502],[7.275149751720823,47.955913526919694],[7.275090378608845,47.955804563441575],[7.27504667846922,47.955743516970365],[7.275013068452266,47.955694450384144],[7.274958064939492,47.95557478308017],[7.274989729032142,47.95556813276131],[7.275282044719753,47.955506119682184],[7.275393906305706,47.95548239988242],[7.275393352720299,47.955480527397796],[7.275395626913473,47.95548044460288],[7.275313274771669,47.95519143560009],[7.275250681008353,47.95498101779847],[7.275205090134224,47.954815043799876],[7.275193728709808,47.9547739996035],[7.275186927758431,47.954756222057384],[7.275171585902395,47.95469910014417],[7.275209688158301,47.954672477837164],[7.275217186123065,47.954565856562915],[7.27507961486439,47.95439061345226],[7.275079324877955,47.95438701898146],[7.275067318075431,47.95437123345684],[7.274927203722956,47.9541311922643],[7.274656481449036,47.953802174540385],[7.274658721955038,47.95379668544154],[7.274652791170841,47.95378969127335],[7.274551968078807,47.953670790363574],[7.274545892349605,47.95366199895258],[7.274467988806648,47.953527843583856],[7.274467698866373,47.95352424910963],[7.274441854388475,47.95337017363156],[7.274441709419651,47.95336837639425],[7.274443001124645,47.95331785898003],[7.274442276281137,47.95330887279314],[7.274440608445432,47.95330316545638],[7.27444058670014,47.95330289587078],[7.274440445681047,47.95330281087812],[7.274405229457575,47.953182242770396],[7.274405222209219,47.95318215290851],[7.274406165850117,47.9531822086862],[7.274369958497989,47.95311421993487],[7.274363925706578,47.953102633054755],[7.27428572070353,47.95289819047597],[7.274212766109532,47.952713925151016],[7.274204656415528,47.952693221033826],[7.274201357074026,47.95268225565881],[7.274160559897325,47.95254404570735],[7.274158965370462,47.952524276082826],[7.274144665416757,47.95234697848399],[7.274138906733008,47.95227391585538],[7.274133614926247,47.952241573070076],[7.274106384424304,47.952071956146874],[7.274101278417291,47.95204690678135],[7.274098274404968,47.95202962184885],[7.274096953276876,47.952021558616416],[7.274096105299311,47.95201104476684],[7.274093815036797,47.95198264838643],[7.274375043128982,47.951871561251586],[7.274369195627685,47.95186393315797],[7.274307910318791,47.95178108519275],[7.27414590861027,47.95156229830733],[7.274113561273646,47.95151886342931],[7.274110856329376,47.95151526672692],[7.27410960500925,47.95151305912791],[7.274103661478508,47.9514942589196],[7.274089180256391,47.951446118080796],[7.274081836534382,47.95142160078461],[7.273987437501833,47.95134734824866],[7.273977540904476,47.951339416884004],[7.273977414386098,47.95133951161471],[7.273976694825686,47.95133890692411],[7.273947710304761,47.95135546350918],[7.273936551002631,47.95136181797416],[7.273844968353948,47.95130584848501],[7.273834800936982,47.95129954923008],[7.27382605814434,47.951294279633274],[7.273780897845724,47.95126663239365],[7.2737794877195,47.951265782458066],[7.273754394727251,47.951250743463795],[7.273668261212572,47.951197459548936],[7.273294619432739,47.95098934811633],[7.273169225561244,47.95089837801779],[7.273145939269853,47.9508757927175],[7.273116867662761,47.95084801039565],[7.273052758637222,47.950788336789365],[7.2730383928712,47.950774890059996],[7.273034227216735,47.95076981435176],[7.272990816729631,47.95071560618165],[7.272952125417866,47.95066834620704],[7.272744768316725,47.950758807199065],[7.272577244082463,47.950829162434964],[7.272570758710441,47.950831921929044],[7.272534300523389,47.95084397343386],[7.272529094834932,47.95084596535813],[7.272513694582727,47.950851302360654],[7.272500383848546,47.950855932454125],[7.272449115325368,47.95078578738696],[7.272382434775044,47.95069087772152],[7.272267734017978,47.95053282462931],[7.272246171686714,47.95050332688695],[7.272215222142529,47.95046056168828],[7.272031214216393,47.95051781677816],[7.271846052415741,47.95035106103193],[7.271342382581447,47.94989604312447],[7.271003693241561,47.95007978172937],[7.27090800469384,47.95013093861471],[7.270794794255707,47.95019273664813],[7.270501341592801,47.950340220096244],[7.270495785276164,47.95034285556122],[7.270484592986662,47.95034713800534],[7.270338977594029,47.95040470651793],[7.270283670336868,47.950425914605276],[7.270229389700845,47.95044654457719],[7.269947176886248,47.95055540451775],[7.269752014843684,47.9506291038859],[7.269546887151854,47.95068901554436],[7.269488556484994,47.95070600713567],[7.269459562657172,47.95071246885934],[7.269316690210643,47.95074416038185],[7.269275021434207,47.9507531557778],[7.269187088942473,47.95077239508666],[7.269073524526819,47.95079653171858],[7.268959974485434,47.95082084796509],[7.268929501877498,47.95082727318797],[7.268908396276331,47.9508317356136],[7.268785518725553,47.95085684140692],[7.268580167309588,47.9509023393543],[7.268445020597316,47.95094501461857],[7.268308163668448,47.95098811238496],[7.26827482068613,47.95099887766278],[7.268254253773001,47.95100503276903],[7.268134262740104,47.95105932370229],[7.268014875155052,47.95111278144023],[7.267988676021679,47.951125630238856],[7.267798507521547,47.95122807492486],[7.267789632271713,47.95123281363619],[7.267789505742538,47.951232908360225],[7.26767181147954,47.95131739743854],[7.267577421816226,47.95141140385654],[7.267727202372607,47.95164371115558],[7.267765876190747,47.95170413162059],[7.267870009398017,47.95186437517818],[7.267898140376874,47.95191382297978],[7.26790857426223,47.951913443761356],[7.267693675703733,47.95193873835986],[7.267653910693338,47.95194306754796],[7.26760038205876,47.95194807717542],[7.267556846313688,47.951953895247556],[7.267525606244219,47.951957463951736],[7.267482175305331,47.95196291768536],[7.267406383473619,47.9519713499287],[7.267181846295008,47.952003572995416],[7.267154648156655,47.95200735522177],[7.267024297375056,47.95202633169382],[7.266773775722144,47.952122405627456],[7.266806330432597,47.95216015687501],[7.266951973940389,47.95232943749406],[7.267049866806873,47.952443854394616],[7.266635188798297,47.95259564194695],[7.266625941484526,47.952614093113176],[7.266915127467563,47.95283322482509],[7.266950892841675,47.95286419010346],[7.267096822013621,47.9529920025513],[7.267231828627477,47.953102457061995],[7.267170259028224,47.95312425156554],[7.267155261061716,47.953104608496766],[7.266987297733822,47.95295308268322],[7.266948740920101,47.95291744220532],[7.26690029945104,47.95287900649727],[7.266772883316233,47.95277782911744],[7.266641841252297,47.95267326846866],[7.266497363813204,47.95254513238178],[7.266402927898487,47.95250530330836],[7.266402660359706,47.952505313028496],[7.26640238558622,47.9525052328862],[7.266348939535169,47.95251294267437],[7.266340443403975,47.95251406247601],[7.266307015656979,47.952518791823906],[7.266191649841676,47.952555608442246],[7.265914699985765,47.952780077550806],[7.265733513719664,47.95290256042451],[7.265722920689944,47.9529076317331],[7.265719818702753,47.952909096292444],[7.265698299992951,47.95291843986281],[7.265623751146011,47.9529590004312],[7.265466626860605,47.953040412963325],[7.265392077665094,47.95308097338176],[7.265390924358161,47.95308164614905],[7.265378321119581,47.9530884126925],[7.265321642670959,47.95311931143316],[7.265255904030637,47.953157659109884],[7.265166101274154,47.953213734173495],[7.265087177084688,47.95326328554251],[7.265082303515167,47.95326607617891],[7.265051435132005,47.95328260870787],[7.26503748326842,47.95329095631934],[7.265012432067313,47.953304754056184],[7.264732453601449,47.95346335837545],[7.264717673715974,47.95347308789203],[7.264481212877711,47.95362731723926],[7.264244866479475,47.953822999414854],[7.264207880140264,47.9538535429847],[7.263893729540269,47.95411441605266],[7.264012853187148,47.954107567216084],[7.264180619781951,47.954098321090115],[7.264415294165666,47.95398354202186],[7.264440013430903,47.954002291633905],[7.264488598751492,47.95403919095197],[7.264489603853912,47.95403834332693],[7.264489744859017,47.954038428331486],[7.264723809981859,47.953846073042165],[7.264890413631649,47.95398242011596],[7.265027396842878,47.95394409883349],[7.265179221361814,47.953901813590406],[7.265345244130395,47.95403259340477],[7.265718358543016,47.953867630481035],[7.265769831535167,47.95384539243763],[7.265833412591103,47.95381856877747],[7.265793775051965,47.95378783396143],[7.265787624965622,47.953783100483435],[7.265908463138689,47.953722562938225],[7.266099157870442,47.95362650169557],[7.266047896364341,47.953589700227],[7.266001873862657,47.953556313424976],[7.266010604977313,47.953549777607925],[7.266048468719594,47.95352181517572],[7.266062727879144,47.95351561928274],[7.266148586482255,47.95347888348044],[7.266186425241457,47.95346227767984],[7.266278205663997,47.95342244263405],[7.266348727328745,47.95347350505905],[7.266412155379136,47.95351977815226],[7.266496033020772,47.953495100710924],[7.266613967734298,47.953460173301295],[7.266612980685505,47.953459578286996],[7.266613761610596,47.953459279538166],[7.2665162534003,47.953396309835625],[7.266376063791787,47.95330478889716],[7.266260720753506,47.95323192230214],[7.266368458346363,47.95317032801272],[7.266375617158563,47.95317592606562],[7.266396706760434,47.95319291452648],[7.266425023709504,47.95321135278391],[7.266450394019984,47.95322818571185],[7.266665157919148,47.95336278067021],[7.266728661007142,47.95338832207212],[7.266953026556489,47.95347885693646],[7.266908804041049,47.953512818742134],[7.266755622738263,47.953629869424],[7.266644819793515,47.95371338570634],[7.266450205144285,47.9538590689965],[7.266396668821559,47.95390066909834],[7.266312705350924,47.95396428363028],[7.266223093192164,47.954001065755186],[7.266189028516713,47.95401456031041],[7.266104221111784,47.95404936528347],[7.265987022761741,47.954096792754385],[7.265952339736482,47.95411094057458],[7.265793145786481,47.95423334537059],[7.265702391296628,47.95430261359992],[7.265477293649485,47.954473015098],[7.265436945162667,47.954505123174116],[7.265379546862082,47.954582101924636],[7.265268838777131,47.9547285205607],[7.265270444078345,47.95472846225546],[7.265269840300633,47.95472929531051],[7.265247392524787,47.95478211278178],[7.265200994423759,47.95479407221741],[7.265013210775165,47.95484135847507],[7.264405438238565,47.95519148505577],[7.264396182388364,47.955196507659785],[7.264350477982427,47.95522042816908],[7.264138344784199,47.95532862034291],[7.263943818697073,47.9554255380634],[7.263923397782601,47.95543853650909],[7.263908150789304,47.95544747172213],[7.263765261902704,47.95553917961985],[7.263709292598566,47.95551056921101],[7.263605420364628,47.955475226193755],[7.263475284700828,47.955430291960674],[7.263180062361658,47.9553279027753],[7.263029005135833,47.95522803038096],[7.262874788527079,47.95512556874488],[7.263042496134016,47.95516391246382],[7.263141215405308,47.95518691565005],[7.263301239590059,47.95502969648214],[7.263378031613163,47.954955259321814],[7.263249236605184,47.954820241398686],[7.263325149471794,47.95476989953086],[7.263384763170018,47.95473042358322],[7.263441845875757,47.95469284198762],[7.26359005878048,47.95459562370488],[7.263624999530419,47.9545729955159],[7.263721335906512,47.95451136722716],[7.263907655954955,47.95426081416309],[7.263757731763894,47.954206685061195],[7.263664064127358,47.954281464892574],[7.263628747525797,47.95430942412496],[7.263518184349299,47.95436931574585],[7.26313906347491,47.95461983762686],[7.263039544471879,47.95468527605863],[7.262606890519892,47.95494251593464],[7.26259696923065,47.95494927491981],[7.262476337162681,47.95503080039154],[7.262343292217436,47.955119805989604],[7.262312345838581,47.95514039615975],[7.262288847662492,47.95515684062178],[7.262125596599786,47.95527064509273],[7.262068696583516,47.95531218484178],[7.262019487075287,47.95534758733942],[7.261974221951142,47.95538699240632],[7.261916247518452,47.95543686254557],[7.26201683011505,47.95551973205668],[7.26201378403868,47.9557487596309],[7.262036924914733,47.95581794677618],[7.262069114587814,47.9559178985714],[7.262228786667283,47.956056483539115],[7.262267776741214,47.95608417875647],[7.262425516276105,47.95619705792435],[7.262651423498612,47.956136585977596],[7.262687000306101,47.95617855455373],[7.262686472419031,47.95617866383948],[7.262412726379623,47.95623988079308],[7.262327213465141,47.95632436714303],[7.262320875012698,47.95633063555307],[7.26227810324558,47.95639437401409],[7.262246583910258,47.956441211229524],[7.262245271121761,47.956449910854225],[7.262241325525494,47.9564759198655],[7.26223304743797,47.956528132177205],[7.262207131815123,47.95668967507833],[7.262189125109212,47.95680776115773],[7.2621862825305,47.95682579914935],[7.262143103591921,47.95693452454905],[7.262095899256306,47.9570682704358],[7.262039701756192,47.95721865523193],[7.262048604303545,47.95738938887159],[7.26205126484827,47.95740578514084],[7.262056455454538,47.95744696401276],[7.262073158579368,47.957487815205766],[7.262082717870253,47.957506574726516],[7.262120069220301,47.95758227582253],[7.262185336468529,47.95769643840837],[7.262241149811304,47.95778147328635],[7.262286709288508,47.95785912955668],[7.262341430681351,47.95795393748853],[7.262404992998616,47.95804355779348],[7.262475499260736,47.95808606119621],[7.262391803567188,47.9581281228305],[7.262391528770634,47.95812804267913],[7.262074312145637,47.95814937873071],[7.262016654778735,47.95815318351434],[7.261688268723157,47.9581741127318],[7.261404989364284,47.95819367470798],[7.261248703846263,47.95820403190514],[7.261235979890344,47.95820431332698],[7.261215684523239,47.95820387809328],[7.260789648898606,47.95824186647988],[7.260737682542163,47.95824636540649],[7.260774160409326,47.95833291348448],[7.260789098644826,47.958368511490626],[7.260795519273843,47.95838495160072],[7.260796918438671,47.958387334203266],[7.260800725315209,47.95839629867401],[7.260823714838488,47.958450260366014],[7.260835287246911,47.958479040884924],[7.260847800082143,47.95850283043193],[7.260865725044304,47.95853886081708],[7.260889315274924,47.958586942604754]],[[7.265322999606261,47.96142364322464],[7.265381289341559,47.961414316375446],[7.265412245252571,47.96153215675724],[7.265355907822432,47.961532400246945],[7.265322999606261,47.96142364322464]],[[7.266633719298573,47.961237243417386],[7.266676243088878,47.961232093636674],[7.266738887568775,47.96154345213156],[7.266683273774002,47.96155268244602],[7.266633719298573,47.961237243417386]],[[7.267292750657813,47.960923098648856],[7.267343012065818,47.96091406248702],[7.26739632153186,47.961076152763766],[7.267332536135741,47.96108387782049],[7.267292750657813,47.960923098648856]],[[7.267779812312062,47.95839740409236],[7.267901219925736,47.958548728199986],[7.268227036345202,47.95896227762884],[7.268425141289614,47.95936776023176],[7.268473176078985,47.95951931706697],[7.268558532579141,47.95977937978908],[7.268667520153795,47.959833098588796],[7.26894659789763,47.95986621495296],[7.269153355237634,47.959794440380655],[7.269614639488235,47.95956434578594],[7.270009475038373,47.95940218608448],[7.270433527809344,47.959269605125264],[7.270370674690685,47.95918897540912],[7.270417678820386,47.959172846270704],[7.270486028283695,47.959255078610624],[7.270515903845663,47.95932609238733],[7.270102477557738,47.95942403973137],[7.269825946739934,47.959522416185095],[7.269654706643024,47.959595334198134],[7.269336886016563,47.959747483005856],[7.269202311808272,47.95984249993836],[7.269492411506644,47.96012729408179],[7.269905542850466,47.9606100355183],[7.270078402778091,47.96054219552665],[7.270648243681086,47.96113450687479],[7.27076011286357,47.96108907166113],[7.270998903516057,47.96141132753088],[7.271319337080515,47.96136975313759],[7.271893974611313,47.961254042072134],[7.272229878557997,47.96111312528838],[7.272478524359417,47.961044958357796],[7.272568246595527,47.9610160989095],[7.272619097627587,47.9610809416503],[7.272572382329505,47.96110066611197],[7.272270321547542,47.96117203799948],[7.271926386985515,47.96131820385929],[7.271120171785715,47.96167224573523],[7.27080087362274,47.96192935724583],[7.270919574378589,47.96210348844166],[7.270871489381622,47.962452488552216],[7.271130747397206,47.96228948792737],[7.271190954428565,47.96234056235777],[7.271108524958818,47.96268630526445],[7.271142877933569,47.96304086942426],[7.271441641904667,47.96302000072109],[7.271803930427299,47.96300312960915],[7.272511481583183,47.962874741168356],[7.273437531921638,47.9626038417539],[7.273510309541422,47.96262606828824],[7.273652952817688,47.96276417707576],[7.273656475822408,47.96282947973336],[7.273778721527142,47.96294760179168],[7.273988402815535,47.96305172706434],[7.274100839548879,47.9630565579485],[7.274346501529425,47.96304446370078],[7.274984536812108,47.96289110179424],[7.274994739703911,47.962917767996686],[7.2749579365287,47.96296056513268],[7.274916347923094,47.96294405379591],[7.274534432418577,47.963033658864944],[7.274544635111488,47.96306032510409],[7.274060858027472,47.96310487793817],[7.273961287513934,47.96308155380152],[7.273946887116573,47.96307603942782],[7.273737433233473,47.96296974280453],[7.273612290299712,47.962847309993315],[7.273487502452835,47.96266439017972],[7.273421720094223,47.96265236362692],[7.272630525561588,47.962886633222624],[7.272533691204377,47.96291719328708],[7.271804289810945,47.963037544290565],[7.271504696588444,47.96304979207605],[7.271166679653104,47.963071457493264],[7.270924475496753,47.96309648744695],[7.270946621415288,47.96321473721145],[7.271104619467505,47.96405274142749],[7.271374026316294,47.96450988166686],[7.271326719173883,47.96459055141375],[7.271593051068252,47.964981200700315],[7.271663988868886,47.96524521027218],[7.271734647423989,47.965222813099984],[7.272127294141339,47.96613141135471],[7.272192674380351,47.96627819003129],[7.271977744175905,47.966273840275186],[7.271923571864296,47.966545644204864],[7.271809354757399,47.966681921056505],[7.271525041428239,47.96671749548867],[7.27160282726757,47.96690663254205],[7.271630905650192,47.96706513229439],[7.271728526168188,47.96718901861682],[7.271300154354469,47.967197206076875],[7.270931340323998,47.96697701341243],[7.270835194657198,47.967029537084784],[7.270382187096747,47.96662386308252],[7.270738295414898,47.96638019664908],[7.270576128844098,47.96629957296969],[7.270407272283546,47.966155924733386],[7.269753138812436,47.96644485154585],[7.269730785094944,47.96640060176606],[7.270163475483318,47.96616803248777],[7.269899801263694,47.965633805220996],[7.26975730631139,47.96551082776507],[7.269718098725344,47.965443938443926],[7.26923389408398,47.96559672572646],[7.268521020907106,47.96453699204501],[7.268287246594488,47.964073774688984],[7.268546809837687,47.96399764967247],[7.268441406336377,47.963655401128676],[7.268704297763493,47.96362061211172],[7.268685247666352,47.963284237744425],[7.268797170056938,47.96327935891442],[7.268769191507944,47.96302703493261],[7.268624092351558,47.963038166498876],[7.268609428760636,47.96299273576673],[7.268368825820463,47.963019324479085],[7.268658453934657,47.962885057371665],[7.268642931239336,47.96243589861479],[7.268608005545505,47.96220392483461],[7.268518069488485,47.96188706990853],[7.268373472000514,47.96157959165247],[7.268205009111679,47.961438900410066],[7.268070627442992,47.96105165053171],[7.268302555755128,47.96104574555811],[7.268356351433014,47.96074079055848],[7.268304575854477,47.960666066020245],[7.268194038218116,47.96055147874873],[7.268032509437211,47.96034357249452],[7.267922306759654,47.96014317388995],[7.267733367305861,47.95992310510023],[7.26762557467908,47.95982923645289],[7.26760357843179,47.959817688612],[7.267588388033136,47.95976236312657],[7.267380070812303,47.95926000564652],[7.267064259365233,47.95901895024878],[7.266862912770276,47.9591145879646],[7.267141806198644,47.959360409976405],[7.267066804246024,47.959393777479306],[7.266578567713619,47.95914429498969],[7.266876077139632,47.95902813051467],[7.266764502311172,47.958867255489984],[7.266526140774044,47.95865483856008],[7.266335937494986,47.95872555661681],[7.266087323236815,47.95878406625275],[7.265743524471624,47.95858025438194],[7.265474764933964,47.958576857659175],[7.265383380010022,47.95817335301794],[7.265158602532246,47.95823126541173],[7.265092044670697,47.957927798776346],[7.265097995091198,47.95786837063229],[7.265021348892851,47.95770126875056],[7.26429322035546,47.95773167484282],[7.26487947695427,47.95764729899643],[7.264825885031999,47.957433215837916],[7.264539592782586,47.95715854712929],[7.264510015728049,47.957091126229756],[7.264337401968582,47.95711361657846],[7.264295744801137,47.95696110576271],[7.264131595506905,47.95669029249853],[7.26417744217114,47.9565930954436],[7.264148155149572,47.956529268922395],[7.263872485617329,47.956549912779764],[7.263823417647842,47.95649203162349],[7.264124718328857,47.95644143700356],[7.264816785685102,47.95621658948417],[7.265034440623315,47.95663371432241],[7.265235322495904,47.95690075905298],[7.265937786280513,47.957404999023204],[7.266355559198163,47.95759278444412],[7.266631843385384,47.95762970247626],[7.266933460797304,47.957616310951536],[7.267201303729948,47.95760838171981],[7.267236881329032,47.95783023855528],[7.267375916925769,47.958045542275805],[7.267779812312062,47.95839740409236]],[[7.267325268851366,47.9533281600143],[7.267415080383071,47.95344548393565],[7.267332782369103,47.95333816126136],[7.267325268851366,47.9533281600143]],[[7.268171542811531,47.956312814494325],[7.267896359704285,47.956322815443606],[7.267848191748061,47.95621785777643],[7.267772031916208,47.95601189567628],[7.267669847184887,47.955909261443814],[7.267187654487753,47.95531961034448],[7.266974589031243,47.95507292889651],[7.266462038608742,47.954667602544625],[7.266404392341007,47.954583176721925],[7.267146076941374,47.954470069124405],[7.267660344466857,47.95439189859704],[7.267750456135158,47.954577886793984],[7.267765869266729,47.954735947045286],[7.267829016743772,47.95502025032145],[7.26801960293379,47.955444212483414],[7.2681844639697,47.95578195825426],[7.268205963897642,47.95603388785228],[7.268191311740075,47.95615347572569],[7.268171542811531,47.956312814494325]],[[7.268326716058134,47.95387018845905],[7.268286788216216,47.95370761166293],[7.268364590576625,47.953674141156355],[7.268264141077006,47.953526381685435],[7.268357561501078,47.95348693598268],[7.268255514789837,47.95325271424069],[7.268202301028119,47.95332494614033],[7.268101787827938,47.9532763267097],[7.267537185703778,47.953062520404806],[7.267614987590992,47.95302905038109],[7.267426538306168,47.95282140057714],[7.267292482774145,47.95288935980786],[7.267064768879659,47.95262725862506],[7.267555589289922,47.95252470473314],[7.267588636900723,47.95256856639345],[7.267758629168877,47.95251372077095],[7.267800160206,47.95257962514725],[7.267708285027163,47.952623250204276],[7.26779179082023,47.952738910411284],[7.26788575769385,47.95272125549871],[7.267980785419433,47.95287335809183],[7.268432703395173,47.952934079625955],[7.268441903844342,47.952968353339244],[7.268374884663872,47.95310237239413],[7.268664361926716,47.95339827630683],[7.268742238906586,47.95339905044075],[7.268822571175362,47.95336368512581],[7.269353621862543,47.95349398746567],[7.269389525101605,47.95387301124758],[7.269400309318421,47.95397355958212],[7.269448039862342,47.95403310951759],[7.269257440393208,47.95413196675871],[7.269249351329072,47.95423139870999],[7.26968002987468,47.95480263698427],[7.269793564022192,47.95495785064706],[7.269903762945154,47.95492680628569],[7.26989256500519,47.95502094379007],[7.269407752051666,47.95536482398398],[7.269354557591962,47.955637133692704],[7.269568469752624,47.95576093970085],[7.269420604070215,47.955890688325894],[7.269613188813687,47.95604951722996],[7.269491581464611,47.95627204148457],[7.269139520396311,47.95659847598475],[7.269112846372072,47.9567003858574],[7.269181127825423,47.956881759072424],[7.269355124360458,47.95697637399035],[7.269527887192818,47.95702236591202],[7.269756486807021,47.95716186026306],[7.269924341167157,47.957280130258006],[7.270112663668388,47.957419285866365],[7.270500448745501,47.95770259867775],[7.27058202982466,47.957782547327284],[7.270664796465841,47.95785722555019],[7.270872337415566,47.958054983572325],[7.270870820641052,47.958069458767135],[7.27090859532305,47.95827176805248],[7.271179615818879,47.95867108030364],[7.271197698186534,47.95869565774052],[7.271250206884808,47.958747823208995],[7.271170882189429,47.95879577071279],[7.271154316517694,47.95875671808115],[7.271123069453005,47.9587086461026],[7.270862026724097,47.95829328910498],[7.270831120313666,47.95807631000995],[7.27045417017189,47.957727714050954],[7.27012031813705,47.957482635950896],[7.269865067267494,47.95730049063492],[7.269678893923136,47.95716468128086],[7.26948471879621,47.9570527753598],[7.269311811097289,47.95700498613594],[7.269162763787932,47.95692027922284],[7.269102383241002,47.95693689419514],[7.269035870608485,47.957110549836244],[7.268903405055413,47.95726497275228],[7.268814171322733,47.95728984636595],[7.268701221731384,47.95735343448715],[7.268625580226334,47.95734717135613],[7.268439717606497,47.95717187405497],[7.268149447752953,47.957166201250004],[7.268000671707887,47.9568183177445],[7.268050639582222,47.95680568677432],[7.268158622514968,47.95704690266281],[7.268238606597722,47.957107083321006],[7.268400591317091,47.95711922104867],[7.268421342041949,47.95707700929384],[7.268645937407594,47.95693365829203],[7.268792104428149,47.95634974174131],[7.268848644546933,47.95625215382197],[7.268893915110951,47.95628115080226],[7.269289912983036,47.95640014083935],[7.269444503854976,47.95625392544632],[7.269482810368531,47.956063269793155],[7.269008933856846,47.955943506476736],[7.269069080465559,47.95575746456049],[7.269189145608731,47.95528264600587],[7.269641997983518,47.95494173124061],[7.26952027652507,47.95472985590521],[7.269191794134051,47.95424971373251],[7.26913307222936,47.954186958268934],[7.268907343648654,47.95444931751588],[7.268627141934907,47.954468515507],[7.268555986883477,47.95445127435666],[7.268326716058134,47.95387018845905]]],[[[7.26243456286319,47.96648904001325],[7.262532979108274,47.9665797386025],[7.262551080578234,47.96677302906633],[7.262556658867562,47.96683402098513],[7.262521086709473,47.966885601161884],[7.26249656661886,47.96692109865217],[7.262610689690518,47.96727204667163],[7.262766554029835,47.967374539475124],[7.262778617133828,47.96742439100872],[7.262769843443541,47.967435434187415],[7.262688290679182,47.96753599822022],[7.26268488230408,47.96760038045458],[7.262682404055005,47.96763796204974],[7.262748907451442,47.967743968069506],[7.262760179414505,47.96776230484265],[7.262775172833465,47.967775189236725],[7.262886513470468,47.96787136673645],[7.263020623482375,47.96797699195569],[7.26311548442373,47.96809350453177],[7.263161886172334,47.96815148269435],[7.263223284828221,47.96825073417367],[7.263285074270144,47.96835150355112],[7.263421022837093,47.968506629927624],[7.263548480756504,47.96865296179453],[7.263641427522234,47.96874566055186],[7.263699989101839,47.968804639146086],[7.263752659547907,47.968858784593024],[7.263864271769402,47.96897495895997],[7.26406882194083,47.96911533761845],[7.264096795782754,47.96916443121283],[7.263987254649685,47.969185711370656],[7.263840546283306,47.969213747975175],[7.263552235330121,47.969299917013146],[7.263395699753771,47.96936760384544],[7.263329270659867,47.9693959705588],[7.263190882446181,47.96945903300086],[7.262942108133447,47.96958125718684],[7.262869418402635,47.969603542130734],[7.262842691830654,47.96961163182258],[7.262784218849594,47.9696288044672],[7.262602015402742,47.96966605843274],[7.262480064269173,47.96968490347279],[7.262371060550372,47.969697871142266],[7.262351216386009,47.969699762801085],[7.262191132118152,47.96971503436489],[7.262153791007176,47.96971629910379],[7.262081640828696,47.96970693042848],[7.262016781653038,47.969698108293386],[7.261897146411415,47.96967901660401],[7.261820909785691,47.969665560203836],[7.261722081370451,47.969633186220236],[7.261720840907674,47.969632780603675],[7.261644134971519,47.96960347929314],[7.261570676615233,47.96957784532654],[7.261537082990066,47.96956563556703],[7.261468409387812,47.9695410896938],[7.261426548330828,47.96952954032191],[7.261384904317954,47.96951735219405],[7.261319228505473,47.969501709887034],[7.261156629331881,47.969482373551756],[7.261030231781941,47.96946595965618],[7.260994554783132,47.969461215486156],[7.260844913993891,47.96944113830885],[7.260777907119908,47.96943230328612],[7.260595279613525,47.9694175679793],[7.26058169897123,47.969589115809434],[7.260572758829143,47.96969821966597],[7.260559438664531,47.96986633330162],[7.260557774193597,47.96987901102122],[7.260483085533946,47.96997157346885],[7.260406132496071,47.970066020457146],[7.260378521065773,47.970099826969694],[7.260366921643502,47.970114126736284],[7.260367872797817,47.97011427248789],[7.26036738090163,47.97011483107127],[7.260485460938878,47.97014128076956],[7.260601957002033,47.97016805817513],[7.260683318421406,47.97018682705735],[7.260770972692001,47.97020707999114],[7.260788491246453,47.9702113112643],[7.260789435176058,47.97021136715069],[7.260789568990628,47.97021136229707],[7.2608443385943,47.970214873280895],[7.260900341447623,47.970218700002505],[7.260951335346325,47.970221987394375],[7.26099630036695,47.97022540332618],[7.261034043115499,47.97022745898626],[7.261056979525014,47.97022897022624],[7.261069800332354,47.970229857028635],[7.261115069137291,47.97023371251587],[7.261148189917764,47.97023503455755],[7.261184214774092,47.970237422857046],[7.261206348304583,47.97023896319233],[7.261209462182059,47.97023930085674],[7.261212850444672,47.97044826549509],[7.261213251890063,47.97044825093276],[7.261213273575137,47.970448520517955],[7.261730273238949,47.97043733577353],[7.26221969956819,47.970427059079135],[7.262444099929133,47.970422161339826],[7.262435370639817,47.97049881312154],[7.262424354937287,47.97059708749734],[7.262424622568077,47.970597077786366],[7.262424629798509,47.97059716764804],[7.262440376632233,47.97059605553002],[7.262509146943888,47.970591757693676],[7.262538401895821,47.970590065286565],[7.262686900871999,47.970580891562065],[7.262751938777195,47.97057690926879],[7.262785208172394,47.9705750711245],[7.262785186479274,47.97057480153963],[7.262785721740498,47.97057478211605],[7.262774742813789,47.97052840614903],[7.262900992329178,47.97050958514372],[7.262933621599307,47.97050479609188],[7.262955111633451,47.97050167300553],[7.263089151220001,47.97048292959103],[7.26313975864632,47.970479741140906],[7.263159140130933,47.9704787673913],[7.263209530541251,47.97047621765504],[7.263340434184776,47.97047020512639],[7.26343128373061,47.97046510542149],[7.263760613135722,47.97045495488327],[7.264115114065384,47.97042406240215],[7.264167804538801,47.97041674230618],[7.264174871428851,47.97043117601001],[7.264194245727118,47.97047346192713],[7.264221996147781,47.97051310055829],[7.264233428336704,47.97053007952047],[7.264290347159383,47.970636973389695],[7.264293410470009,47.97064335112534],[7.264335656737743,47.970729688555615],[7.264330506733636,47.97074907194256],[7.264320459863806,47.970784314685275],[7.264321382106321,47.97078410095874],[7.264321262757968,47.97078428553943],[7.264330694944626,47.970781419666295],[7.264356550273119,47.970774172399544],[7.264633107088833,47.97073195838765],[7.264925837878117,47.97051224277285],[7.265161828256002,47.970439596297844],[7.265246970097501,47.97041361335946],[7.265605059076895,47.97030895458249],[7.265605720912998,47.97030884042551],[7.266001069999439,47.9701952569393],[7.266103229286079,47.970130622909565],[7.26613773078458,47.970109091967466],[7.26622691094874,47.96998328417585],[7.266276519295576,47.96997436268126],[7.266318663673427,47.97006773292666],[7.266339930088666,47.970258474631706],[7.266346811229561,47.97031392151258],[7.266357994321694,47.97041111993041],[7.266362310168331,47.97043971282233],[7.266363464269054,47.97044904382945],[7.266735215399894,47.97050070159444],[7.266946116219208,47.970454828413516],[7.267026105432597,47.970463188426336],[7.26729136208237,47.97039235845915],[7.268045512425508,47.97019138077947],[7.268024172381199,47.97016304595674],[7.268173020384439,47.970111584206144],[7.26817229339538,47.97011088962571],[7.268172427209022,47.97011088476368],[7.268108046806992,47.970044729432324],[7.268067776682706,47.97000464525152],[7.268038248625889,47.96997462519285],[7.268014550959759,47.969950341500876],[7.267997009213296,47.96993250334651],[7.267955994054178,47.96988983259295],[7.267923645070975,47.969858112511965],[7.267906978659685,47.96984114378618],[7.267899079475153,47.96983304921327],[7.267882861456408,47.96981498270068],[7.267616446267088,47.96953986878224],[7.267965941021483,47.96941361437093],[7.268177213855532,47.9693374434309],[7.268461537981727,47.96923518525861],[7.268425180633501,47.9691870280606],[7.268400068328754,47.9691535130261],[7.268461393172217,47.96923338803156],[7.268492349423243,47.969217843245204],[7.268457880446335,47.96917646689573],[7.268549532441229,47.96928462041846],[7.268654220150422,47.96940798182806],[7.268808178146245,47.96966978632277],[7.268863889040572,47.969764915930206],[7.268896490317819,47.96982141082704],[7.268978628714406,47.969964697810035],[7.268995875368764,47.97003382736144],[7.2689963095498,47.970035884444826],[7.269017984663636,47.97012332856501],[7.269031207902533,47.970172506576056],[7.269048179200257,47.97023488679031],[7.269077031944811,47.97034478140382],[7.269084557015659,47.97037154525679],[7.269086354848069,47.97037553551934],[7.269087129080797,47.97037848148832],[7.269094527588933,47.970405340064424],[7.269098878915389,47.97044934289666],[7.269100986257425,47.97047549251871],[7.269109699329086,47.970558631081396],[7.269112233313365,47.970583413330544],[7.269131922027025,47.970581255811155],[7.269249764919967,47.97056805076829],[7.269354447009557,47.970556405416275],[7.269375184493923,47.970553939365466],[7.26948317568143,47.97054172300775],[7.269483577125254,47.970541708417194],[7.269613925985618,47.97052714722562],[7.269639072084012,47.97052443076596],[7.269692018483327,47.970515296379794],[7.269685730535499,47.97049389505799],[7.269694380947743,47.97052296121457],[7.26975416089235,47.970733482088974],[7.269758265702167,47.97073279214321],[7.269765893160859,47.97073251490471],[7.269933256999427,47.97070263867689],[7.269955759275451,47.97069875650983],[7.269978825780965,47.97069521432684],[7.270115543103636,47.97067474325809],[7.270237674118506,47.97065146765608],[7.270361475998083,47.97062894230314],[7.270467495308917,47.970610578131726],[7.270668851311564,47.97154505882893],[7.270669914603283,47.97154493004893],[7.270670106376587,47.971545644072755],[7.270751021371535,47.97153549245557],[7.270849683278048,47.97152406470229],[7.270961079484802,47.97151244425647],[7.271036189967782,47.971505207208615],[7.271115051663691,47.97188572947866],[7.271116462295567,47.97188657943537],[7.271116874838028,47.97188836692541],[7.271182709158015,47.97220717687662],[7.271219323371241,47.97238330067695],[7.271264307421176,47.97237526627137],[7.271404887133019,47.97235104845296],[7.27157111251883,47.97234860930971],[7.271785645574273,47.97238767305411],[7.271843153482695,47.972398469651466],[7.271808160512803,47.97239226179854],[7.271812508464302,47.97244617837923],[7.271834361923672,47.97275045504212],[7.271861892778928,47.97314510026922],[7.271876027948228,47.97334700575049],[7.271831881842515,47.97335212590654],[7.271871967747161,47.97352965535893],[7.271914942496957,47.97372303176011],[7.271924443045106,47.973765946003255],[7.271933075450009,47.97380808069431],[7.271956324781709,47.97393160694198],[7.27197472412616,47.974031606827204],[7.271980906695555,47.97406499840537],[7.271995843099104,47.97415367841034],[7.272018791720794,47.97427180810156],[7.272018925544583,47.97427180323517],[7.272019124593109,47.97427260711643],[7.272026553500551,47.97427152585063],[7.272032174099632,47.97427132146172],[7.272032319043936,47.974273118678724],[7.272109691437717,47.974273910037255],[7.272011617634844,47.97442915578331],[7.271856958778298,47.97467162652269],[7.271676190850508,47.97470685909927],[7.271329168297158,47.97477255987458],[7.271159318043146,47.974826681286316],[7.271132543368182,47.974864155057745],[7.271132565105495,47.974864424640366],[7.271132445771671,47.97486460922749],[7.271135239540347,47.974875953442925],[7.271139962317733,47.974896239956806],[7.271154642015526,47.97494013753719],[7.27120807143318,47.97510339286456],[7.271243917252426,47.97517175570306],[7.271283240155608,47.97524828354869],[7.2713787156293,47.97539865445302],[7.27144404000908,47.97546639607341],[7.271458705308619,47.97548181486422],[7.271515591420212,47.975574737554076],[7.271573114493401,47.9756688987987],[7.271722054412793,47.975921328922325],[7.271821933720904,47.97609298894551],[7.27182502337442,47.976098013685636],[7.271827385909425,47.976102343870416],[7.271828232362707,47.976102853837965],[7.271830920045331,47.97610455859594],[7.271858849635175,47.97612300988095],[7.271859413937779,47.97612334985916],[7.272063390480103,47.976069608903586],[7.272265044676061,47.97601703352127],[7.272301463799534,47.976014267144045],[7.272387044700585,47.976008631452906],[7.272450014413641,47.97604049859079],[7.272453096349581,47.97604209887325],[7.272493309858473,47.97606307739237],[7.272542078336098,47.97608861149068],[7.27259720981404,47.97611815000505],[7.272651613021245,47.97616195462418],[7.272705947727329,47.97620657283044],[7.272871444366264,47.97636133562597],[7.272908534482866,47.9763901783033],[7.272955055689175,47.976427780512566],[7.272986607037145,47.976449524545224],[7.273013991300731,47.976469527520685],[7.273041164794503,47.97648358995061],[7.27305127895262,47.97648917029058],[7.273205274976108,47.97655792171521],[7.27321502726282,47.976562343587844],[7.273226042012817,47.976567440535064],[7.27327581887752,47.97658383511483],[7.273397741827218,47.976624372364704],[7.273527033801117,47.976649770925896],[7.273590735776578,47.97666241436963],[7.27409339120369,47.97665566467593],[7.274093459773996,47.97665485106188],[7.274160879625192,47.97664536859422],[7.274163380780688,47.97665474066105],[7.274176574165144,47.976703468590436],[7.274250160116621,47.97680200113576],[7.274276650993889,47.976837537733665],[7.274285841018995,47.97685162328702],[7.274301408724071,47.976869892903295],[7.274306361724016,47.97687638190863],[7.274313123727469,47.97688532858159],[7.27432780934818,47.976905973520545],[7.274345754364174,47.97692875298371],[7.274453279749951,47.977063632487486],[7.274454238319343,47.97706386798503],[7.27445438665336,47.97706404283698],[7.274524242915407,47.977081418727884],[7.274585368580779,47.97708541332641],[7.274637900084993,47.97708936009053],[7.274707894852614,47.97709348254971],[7.274750533447429,47.97709625710344],[7.274823561560574,47.97711135442631],[7.274983341860344,47.977145285404674],[7.275021539742464,47.977152907917564],[7.275240179879759,47.97726752110976],[7.275318648650035,47.97728350164738],[7.275359892509972,47.97729227495334],[7.275717968626113,47.97728852664606],[7.275801287029366,47.97729973402513],[7.276119246155276,47.977455793210616],[7.27614763769599,47.97745998706259],[7.276174155600671,47.97746424910326],[7.276460889903942,47.97740145005733],[7.276756220970193,47.977337075599486],[7.276756466865452,47.977336796274784],[7.276757128765265,47.97733668205552],[7.276770432101337,47.97732024574276],[7.276789926336551,47.97729736547118],[7.276848356476232,47.97728126914048],[7.276910699925491,47.977353532600034],[7.277347136136507,47.977259686155335],[7.277346839448302,47.977259336458815],[7.277396701832908,47.97724850862838],[7.277406157210161,47.97726420654811],[7.277415641620018,47.97728026390831],[7.27741762089443,47.97728316595704],[7.277425987075344,47.977297010915194],[7.277427191553702,47.97729696706239],[7.27742779944515,47.97729784617571],[7.277584534863716,47.97729736684796],[7.277697167339871,47.97729759188187],[7.277863090345831,47.977297859153104],[7.27786322417672,47.97729785428007],[7.277870747736662,47.97729794083127],[7.278184928080297,47.977299117939815],[7.278719462055303,47.977303084275874],[7.278721378320538,47.977300220623434],[7.278725400504035,47.97730016426335],[7.278899859657463,47.97729975869353],[7.278909792173756,47.97729975744242],[7.278918914445956,47.977299695575624],[7.279026945869491,47.977299456038004],[7.279170178889663,47.97729964662673],[7.279822745371765,47.97730255327974],[7.280225544500944,47.97730410163782],[7.280289928461491,47.977303558477566],[7.280289559137384,47.977302310186765],[7.280292644504622,47.977302287903626],[7.280287161652613,47.97729257393756],[7.280285944756518,47.977287481162485],[7.280251564155183,47.977227448912906],[7.280223553454652,47.97717980204799],[7.280213349244307,47.977166474848694],[7.280211807619603,47.977164007520614],[7.280152452966782,47.977085598403164],[7.280147633061932,47.97707910476929],[7.280139168681298,47.97706571417948],[7.280079391978076,47.976990384645205],[7.280063564976463,47.97697059304732],[7.280035731856323,47.97693510651109],[7.28003519653722,47.97693512601311],[7.28003459586784,47.97693433677327],[7.280005298538912,47.97693720658485],[7.279866260767929,47.97694407419726],[7.279866209941924,47.97694344517574],[7.279866339803251,47.97693010198565],[7.279917560301834,47.97692778542836],[7.280001605391141,47.97692472366485],[7.27998220379939,47.976780960516884],[7.279954677873939,47.97657485662706],[7.279925023874358,47.976327462972385],[7.279920278401304,47.9762670720088],[7.27988306946432,47.976155411071986],[7.279872700837481,47.976123434007036],[7.279847642529099,47.976075769622895],[7.279840432667095,47.976059629566905],[7.27982740618112,47.976029641942716],[7.279744437921418,47.97592640730159],[7.279695351568765,47.97585213014361],[7.279651764614527,47.975782789745935],[7.279634510785799,47.97575529934028],[7.27962385371844,47.97573802309987],[7.279614662468272,47.9757239379539],[7.279611148837345,47.975718658461474],[7.279483488517569,47.975522420664376],[7.279412022848716,47.97554160687741],[7.279391276355755,47.97541772002652],[7.279366527361711,47.97526090316456],[7.279341903161354,47.97509732238195],[7.279397960957347,47.97506851333921],[7.279380058153071,47.974946595742296],[7.27934661970091,47.974632376934615],[7.279335004275308,47.97448860032101],[7.279321356230716,47.974319662782094],[7.279323161546132,47.974308782040225],[7.279324449110474,47.97425826522804],[7.279327687174447,47.974198664879644],[7.279334535845003,47.974117303042384],[7.279380142304269,47.97398405945026],[7.279384188465333,47.973967689584924],[7.27938404327267,47.97396589237665],[7.279421537919541,47.973798696786005],[7.279426435927299,47.97372641846199],[7.279426290733866,47.97372462125352],[7.279424964707355,47.97364175466744],[7.279424529127928,47.97363636304165],[7.279422167474155,47.973474224273666],[7.279422811199338,47.973448965854104],[7.279422211146699,47.97337508529829],[7.279419723599129,47.97327784102213],[7.279130816225488,47.97329016747939],[7.279048885445404,47.973306039679876],[7.278821396306219,47.97334929415467],[7.278666861415017,47.97337853536354],[7.278625863231184,47.973386066936634],[7.278582749759534,47.97339565828202],[7.278404310057459,47.97343469212228],[7.278247548237342,47.973469601602865],[7.278074619674301,47.97350708234703],[7.277854997045536,47.9735563571522],[7.277835080284696,47.97356068740002],[7.27783522136311,47.973560772387536],[7.277834693334218,47.97356088174012],[7.27773321529909,47.97360062685789],[7.277647424355926,47.97360194826933],[7.277565035490393,47.97361215821879],[7.277559021071996,47.97357091982094],[7.277535828557891,47.97347983703458],[7.277500536041058,47.973338634820564],[7.277468292717796,47.97321192178038],[7.277393060199523,47.972911841784146],[7.277366053500047,47.972810082849925],[7.277365094994622,47.97280984737548],[7.277364910382643,47.972809223223734],[7.277177412705204,47.97276431838388],[7.2770465830733,47.97273474417418],[7.27690033695343,47.9726821183991],[7.276793010714614,47.972642765876785],[7.276785953771795,47.97264013879912],[7.276658777359602,47.97259429884172],[7.276644685265272,47.972589314251664],[7.276507026905752,47.972539980365916],[7.276424576143238,47.972511167807525],[7.276382433819433,47.972496209075885],[7.276261046101391,47.97245556547063],[7.27620595895426,47.97243819389866],[7.27611117867936,47.972407937319105],[7.276034409250524,47.972374681834076],[7.27599051950152,47.97235636183431],[7.275942672509722,47.97233557224135],[7.275925701081493,47.97232816888142],[7.275911872765398,47.9723214622365],[7.275866706202133,47.97230228742014],[7.275775707340963,47.97226233972422],[7.275625816240524,47.97220110301197],[7.275517376422026,47.97215457993582],[7.275484389738187,47.97214496553157],[7.275196554515182,47.97207072378297],[7.274992926800313,47.972042084315866],[7.274940356203184,47.97205255925274],[7.274870570544445,47.972065913740856],[7.274856520335428,47.97206975964137],[7.274641000238902,47.97210995696235],[7.274602783639461,47.97211702543846],[7.274186845380963,47.97219497662481],[7.274171510966783,47.97219787779377],[7.273990767510897,47.97223329370428],[7.273723040233079,47.97228349991604],[7.273282343465747,47.9723656831227],[7.273172533790278,47.972335430204424],[7.273075747764625,47.97213220503156],[7.273021057759065,47.972016581781396],[7.272975300330025,47.97191685601751],[7.272924789767244,47.97181144502681],[7.272859696163572,47.97167997769408],[7.272852775056704,47.97166571937805],[7.272838165642809,47.971634346663365],[7.272759007925503,47.971463285387664],[7.27273357796505,47.97141256894387],[7.272707261532489,47.97135918099974],[7.272706726266986,47.971359200468484],[7.272706577954691,47.97135902561373],[7.272412725952667,47.97137980721098],[7.272280208563084,47.97138913296574],[7.272050768848649,47.97140648956051],[7.271535554015108,47.97145658830309],[7.271517047686991,47.971458432848216],[7.271512252022352,47.97145887760105],[7.271408960906034,47.9714694828733],[7.27128428804085,47.971481225991056],[7.271223268019507,47.971486779262236],[7.271173340293372,47.97149174894885],[7.271037075970012,47.971504544124194],[7.271032441785199,47.97149533966634],[7.271029210976706,47.97148689530513],[7.271026905801294,47.97147661480024],[7.271025769188415,47.971469175792585],[7.271188141736403,47.97145227700138],[7.271254236114404,47.97144807136181],[7.271544507334371,47.97141949193798],[7.271550633915497,47.971418908664106],[7.271654348093301,47.971408558252236],[7.271688980990329,47.97140531614833],[7.271762952090464,47.97139893117928],[7.271920846893536,47.97138309543347],[7.272046575425064,47.97137113298661],[7.272358532335129,47.971348522229796],[7.272690734832636,47.97132400264509],[7.272690713088852,47.971323733062164],[7.272690980721427,47.97132372332784],[7.272675579972325,47.9712509220604],[7.272631212339261,47.97103695773789],[7.272622628019495,47.97095714918503],[7.272612712426587,47.97085251465478],[7.272601193915852,47.97074298156476],[7.272573360305074,47.970607545232525],[7.272566077727084,47.9705704985138],[7.272501786962247,47.9704006987987],[7.272473444818918,47.97031719271875],[7.272465643697118,47.97029368354707],[7.27233941149233,47.970119647614254],[7.272335624083423,47.97011428775849],[7.272325333402666,47.97010483844226],[7.27221395544167,47.97000182110629],[7.272082350593777,47.96992423343402],[7.271944347746727,47.96984219181792],[7.271898977471661,47.9698154525162],[7.271833385116091,47.9697759298969],[7.271601682401547,47.969598698997224],[7.271361517814339,47.96941636789141],[7.271314403889418,47.96938131019398],[7.271253672288194,47.96933548205675],[7.270967109151376,47.969118607208884],[7.270817874762248,47.968988756068185],[7.270680863473904,47.96884737503743],[7.270641315489644,47.968806274045264],[7.27047869095208,47.96858687484055],[7.270453514661558,47.96854092532478],[7.270453181848811,47.968540126302635],[7.270391520269356,47.9684144811586],[7.27019979463382,47.968023821272745],[7.270146187502923,47.96792483046286],[7.270122811213709,47.96780130826013],[7.270011097688674,47.967720652129266],[7.26995248143034,47.967677720599255],[7.269789392864415,47.9675573843541],[7.269704389707683,47.96749675607079],[7.269423635308716,47.96734176252362],[7.269353578097568,47.96730339229317],[7.269276728961574,47.967260672526265],[7.269177881573823,47.96721974361023],[7.269177921241687,47.96721857054858],[7.268702533231131,47.9669913395263],[7.268643232996989,47.966963212681264],[7.268467636325452,47.96687910874941],[7.268310253267326,47.9668078614162],[7.268114080105232,47.966718195970294],[7.267906334994487,47.96662480494787],[7.267795147351277,47.966585585055334],[7.267438490567825,47.96645443399092],[7.266882839068862,47.96624849743371],[7.266799141014126,47.96621566826492],[7.266446408918685,47.96607653094293],[7.266343920734215,47.966036993759516],[7.266343504850728,47.96603682861607],[7.266023715994129,47.96589514167137],[7.265987812605114,47.96587589725677],[7.265827430196965,47.96578898393316],[7.265722208679511,47.96573548608657],[7.265666205852639,47.96570660720482],[7.265593314723833,47.96566797729099],[7.265379003233441,47.965552920268564],[7.265202598986866,47.96546199161153],[7.265202331382501,47.965462001328845],[7.265201915507077,47.96546183618129],[7.265174185933994,47.96546410484393],[7.265169897097283,47.96546750506074],[7.265029453653108,47.96557823060918],[7.264842782602845,47.96569315793384],[7.264571562064607,47.96585801935182],[7.264333609096872,47.965836016082214],[7.264243053052134,47.96576963749858],[7.264243270028246,47.965768998750825],[7.264031929997723,47.9656858256502],[7.263949471370994,47.965651687802556],[7.26385944035989,47.96561349881352],[7.263889094045147,47.96558178007321],[7.264062169546384,47.96549799016202],[7.264292892538898,47.965678604974684],[7.264459854074834,47.96581061400645],[7.264515360645384,47.96580499381325],[7.264566932678868,47.96580050781158],[7.264693198594068,47.965725356040636],[7.264753684317232,47.96568990401419],[7.264818755420529,47.96565473608521],[7.264993496498676,47.965553310020375],[7.265116368530014,47.965446016418134],[7.265113290823595,47.965432789754615],[7.265110238342612,47.96541487570312],[7.265003343571148,47.965338906898474],[7.264937779843706,47.96529126847003],[7.264742090589965,47.96510911246726],[7.264721774249789,47.96509011286799],[7.264717738471049,47.965086654422606],[7.264664796022372,47.96503909834235],[7.264550333452751,47.96491744046042],[7.264426035179063,47.96478361227476],[7.264285218450917,47.964601265846845],[7.263984783756473,47.96420300777337],[7.263855831094327,47.96403465008952],[7.263854182207724,47.96401416157037],[7.263851824651705,47.96397152815945],[7.263845482182395,47.96390605766851],[7.263845417095056,47.96390524891111],[7.263845200292282,47.96386920699496],[7.263842191815262,47.963831824429356],[7.263841971249844,47.96382741633729],[7.263826831958185,47.963507573403085],[7.263783439029884,47.963368554440876],[7.263751863314432,47.963309677775854],[7.263686509918302,47.963186236387266],[7.263499255474708,47.96293032085885],[7.2634763079994,47.96290195350186],[7.263420892100108,47.962831955576796],[7.263376602799925,47.96278183176086],[7.26335393386872,47.96275525676129],[7.26327169798367,47.96267046050483],[7.2632106341667,47.962606976211056],[7.263005009943285,47.962394535873294],[7.262662719740153,47.96213955968852],[7.262402594743659,47.961935134710636],[7.262398573814653,47.96193185590313],[7.262394813243996,47.96192847752239],[7.262163759789519,47.96171677843752],[7.26208663222163,47.9616587432694],[7.26199298378765,47.961587158015384],[7.261849266011299,47.961485305228585],[7.261827190967396,47.96146943322386],[7.261641985337405,47.96133555933183],[7.261269190140246,47.96107150221315],[7.26111350583555,47.96097765321781],[7.261109181341905,47.960973934760965],[7.261072430112468,47.96094741965121],[7.260758610894634,47.960717541519664],[7.260758484330277,47.96071763623558],[7.260757623776475,47.960716946458874],[7.260728986837225,47.96069455298031],[7.260728542108285,47.96069402836723],[7.260728661446434,47.96069384378906],[7.260670246562708,47.96062485472727],[7.260473873293587,47.96038873251784],[7.260439394633609,47.96034708400442],[7.260418746244422,47.96031556847375],[7.260391792520677,47.96027238523719],[7.260373729307972,47.960244651273754],[7.260356085663557,47.96021546009674],[7.26034853357066,47.960193293056314],[7.260343852122111,47.96017678984929],[7.260342893920599,47.960176554234245],[7.260342716778407,47.96017601991325],[7.260315605110412,47.96016925267033],[7.260308199853779,47.96016726817934],[7.260307939500656,47.9601673677479],[7.260307798485958,47.96016728273866],[7.259510780151095,47.96039437482011],[7.259504614834431,47.960396130533994],[7.259332166696582,47.960444202337605],[7.259186800420694,47.96050535117092],[7.25918670997188,47.9605058951972],[7.259185482955207,47.960519007727534],[7.259173697970946,47.96064281535523],[7.25917299011689,47.96067240181456],[7.259171040480743,47.9607182556895],[7.259170942807835,47.96071870985332],[7.259118944367958,47.960729517832526],[7.258976013551351,47.96079760773686],[7.258922107953261,47.96082308492458],[7.258154455339509,47.9611319264943],[7.257966480627509,47.96120723583832],[7.257896247766292,47.96120320293724],[7.257874132545767,47.961201841695164],[7.257953418063421,47.961189954924],[7.257953869990644,47.96119056940986],[7.258048146641911,47.96115317467181],[7.258081190968904,47.961140260514554],[7.258634821034112,47.96091650665315],[7.258651328609028,47.960909869767455],[7.258903342394555,47.96080997637624],[7.259120291687474,47.96070621689097],[7.25912972507479,47.96051976800093],[7.2590882061323,47.96045061613418],[7.259072978255233,47.96042476191279],[7.259036549427921,47.960368853973776],[7.258994905760825,47.96028312371558],[7.258968518874425,47.960223607128356],[7.258945143548035,47.96016983941229],[7.258928644234141,47.96013150399106],[7.258915680597225,47.960100430553936],[7.258885211108595,47.96004520771422],[7.258830468952456,47.95994508185666],[7.258805595769725,47.95990272409978],[7.25877542986617,47.95985127544855],[7.258774667026923,47.95985013149323],[7.258775440867471,47.959849742935184],[7.258777180119436,47.95984967986744],[7.258860562430097,47.95985206373979],[7.258855713197959,47.95989189431153],[7.258911449328137,47.95999603971348],[7.258987637131366,47.96013927842685],[7.258994491449055,47.96015444113672],[7.259008275780228,47.96018737741719],[7.259029121125353,47.96022970094845],[7.259045848552192,47.9602658650999],[7.259062590448504,47.960302208973005],[7.259076458086669,47.960334511353786],[7.25908913011424,47.96035360880782],[7.259099679727945,47.96037134123748],[7.259121896092569,47.96040901869157],[7.259135388485781,47.96043331360467],[7.259136198449567,47.960433374356455],[7.259136516593992,47.96043399368984],[7.25918764168074,47.9604407014901],[7.259771096885511,47.960279307734275],[7.260300102627147,47.960133314606594],[7.260300601656872,47.960132845882406],[7.260301256151996,47.96013264189218],[7.260324616844853,47.96010610902797],[7.260324446928522,47.960105664569284],[7.260324692830429,47.96010538527595],[7.260314006527101,47.96007260711371],[7.260293176340932,47.96000712123434],[7.260277942696741,47.95995450038835],[7.260273279234525,47.95993988913899],[7.260248704038132,47.95986120067575],[7.260239727695075,47.959834669191125],[7.260221272761198,47.95977702808985],[7.260208269325428,47.95973712400941],[7.260202214197852,47.95971688539563],[7.259502158017058,47.95995497054634],[7.259490768920413,47.95994348717709],[7.259245307830101,47.959697517335535],[7.25922218313476,47.959670237144685],[7.259706362342142,47.959475762917045],[7.25960220169034,47.95937012965032],[7.259550159517535,47.95931695110381],[7.259433598351968,47.959197257409464],[7.259425022422518,47.959187384373024],[7.259335171440683,47.959074472580845],[7.259329939914564,47.959067812852375],[7.259313706736336,47.95904614083413],[7.259237181545605,47.958962126265206],[7.259234090318503,47.95895872351772],[7.259202696408027,47.95897211896922],[7.259175779237499,47.95894272319456],[7.2590324914781,47.958785965867484],[7.259014559177917,47.95876318381137],[7.258932994027777,47.958683227183585],[7.259021675430754,47.95864639482178],[7.259021223512837,47.95864578033906],[7.259020489577762,47.95864499583458],[7.258995557787467,47.95861525765046],[7.258993410317358,47.95861191079708],[7.258990999369123,47.95860361665312],[7.258979882016347,47.95859050114444],[7.258978808282257,47.958588827717605],[7.258916030905879,47.95858569679394],[7.258639174521354,47.95866684442855],[7.258541996142777,47.95852616908603],[7.258607299877578,47.95850397375417],[7.258606580395213,47.95850336897216],[7.258606706958132,47.958503274258426],[7.258603377117005,47.95850024064594],[7.25855212815404,47.958451899653696],[7.25851669753653,47.958411727136465],[7.258382703840524,47.95847408508784],[7.25835403715764,47.95844628469259],[7.258318808541728,47.95841196288483],[7.258304408337566,47.95839806510522],[7.258274371572619,47.95836824150736],[7.25816468365029,47.95826388897907],[7.258164170176212,47.958264177969546],[7.25816402917001,47.95826409295762],[7.258027705595885,47.95833753016244],[7.257927231144907,47.95838956973818],[7.25767225463863,47.958520932230456],[7.257672565533755,47.958521461705914],[7.25767217861913,47.95852165598148],[7.25771974765875,47.958646105592976],[7.25772218729346,47.95865475921321],[7.257733463420057,47.9586982409894],[7.257737303108874,47.958730997185896],[7.257738537878315,47.95874636368983],[7.25775312479971,47.958800990982404],[7.257783440439834,47.95891777461266],[7.257796043111941,47.95896607500349],[7.257839239507098,47.95913628600872],[7.257877164510308,47.95930434486684],[7.257877053457388,47.95932633923519],[7.257871833687013,47.95983744334637],[7.257791628977683,47.959902987437104],[7.257788978276714,47.95990506626781],[7.257788985497834,47.95990515613034],[7.257788732362386,47.959905345555875],[7.257868191761474,47.96005928120077],[7.257852281479325,47.960061660489586],[7.257852013900862,47.96006167019021],[7.257836581004453,47.96006331117551],[7.257792379274578,47.95997911528134],[7.257753802841098,47.95990480936252],[7.257779782317873,47.95988079571004],[7.257819351634138,47.95984556458157],[7.257824634267282,47.959510561183116],[7.257825425048205,47.959458620894246],[7.257826454780575,47.95943470061187],[7.257827335494476,47.959417274684405],[7.257830095268415,47.959318037850245],[7.257817077072295,47.95926623768396],[7.257806581815943,47.95922245724178],[7.257795641889699,47.959178152172825],[7.2577860755593,47.95913758252773],[7.257774149010433,47.959089347752396],[7.257739702749367,47.95895288651737],[7.257719351752142,47.95887161113127],[7.257713088669584,47.958845431747136],[7.257706710059899,47.958817814560746],[7.257690952607599,47.95875529875492],[7.257686294177983,47.95873573039877],[7.257667819754142,47.95865609933064],[7.257611590698226,47.95841552294572],[7.257588534161739,47.958315599733936],[7.257589765745707,47.958297530207744],[7.257590026094754,47.95829743064507],[7.257610091567458,47.9581079827307],[7.257616090308111,47.95804738190786],[7.257559442949853,47.95801032152677],[7.25754156807271,47.957998261990134],[7.257520493424221,47.95798478633429],[7.257496555377239,47.95796907124388],[7.257295151408719,47.95798565514353],[7.257019088114876,47.95800818942529],[7.256894236156849,47.95800397289409],[7.256608432711273,47.95799378361325],[7.256496871148067,47.95797295270421],[7.256402968682779,47.957954816284115],[7.255965899349204,47.95792559379731],[7.255739935289993,47.957928735283204],[7.255562838474535,47.957930556243625],[7.255563156562221,47.95793117558762],[7.255185177593256,47.957961093545705],[7.255005107285959,47.95799105003919],[7.254768002896951,47.95803424792736],[7.254746842726843,47.95803807875049],[7.25474658237373,47.95803817830688],[7.254745920667383,47.958038292403614],[7.254741874370436,47.95803970073327],[7.254698186130963,47.958053720618],[7.254529072339443,47.95811653526284],[7.254474719983872,47.95813643895826],[7.254381070698904,47.95813983145261],[7.254131286941045,47.95817050943782],[7.254075022657274,47.958184984620914],[7.253976104623812,47.95820965669255],[7.253947594744917,47.95822555985149],[7.253913322697131,47.958196429381225],[7.254070401542732,47.95814748010058],[7.254132981901818,47.95813647122258],[7.254200392913058,47.95812546757518],[7.254252627893313,47.95811762722795],[7.254252620678428,47.9581175373651],[7.25425314860217,47.95811742811737],[7.254243174544775,47.95806840135734],[7.254227703199401,47.957987669761565],[7.254226752279434,47.95798752395921],[7.254226560776525,47.95798680990256],[7.254161478530056,47.95797835251419],[7.254065879684836,47.95796748564002],[7.253945325497383,47.95795328677609],[7.25378072818988,47.95795537328799],[7.253751978931537,47.95791982417085],[7.253752380284149,47.9579198096339],[7.253832654086622,47.957918614455565],[7.25394729206499,47.9579176164896],[7.254174646754312,47.95794182583572],[7.254253251678801,47.95795159585261],[7.254312838237606,47.957958449785075],[7.25433988368755,47.957961075037936],[7.25439059391341,47.95796599737026],[7.254408596458751,47.95796795882303],[7.254503012962352,47.95797913862556],[7.254673033600258,47.95799947581093],[7.254732458208465,47.95800264030797],[7.254753621092691,47.95800385634564],[7.255003196723404,47.9579572325415],[7.255184907848277,47.957931001815034],[7.255300954161262,47.95791913658944],[7.255390416820622,47.957910397462406],[7.255704157903323,47.95787920163388],[7.255778475758506,47.95788236666408],[7.255838251130458,47.95788488701912],[7.255949633854089,47.957890133512905],[7.256012316400187,47.957892097806265],[7.256058359218442,47.957894034214476],[7.256171029295631,47.95789860297646],[7.256293263016047,47.95790363614878],[7.256491186719751,47.95792557307278],[7.256651662594765,47.957944000242684],[7.256712540603333,47.95794855305266],[7.256796577235707,47.95795578127964],[7.257015376376239,47.95796866924265],[7.257069858300116,47.9579721018473],[7.257252876553579,47.957952129215634],[7.257316865635456,47.957945303389806],[7.257348196559652,47.957942815764056],[7.257455954616194,47.95793467357586],[7.257514530715638,47.95792894511339],[7.257510122147315,47.95790747507466],[7.257544761533429,47.957904416834914],[7.257525606830916,47.95783301170514],[7.25763740743352,47.957821748683926],[7.257637660559564,47.95782155925847],[7.257638061910368,47.95782154470824],[7.257643757245852,47.95781728263534],[7.257488446936487,47.95772287492451],[7.257488067247327,47.95772315906223],[7.257487221225261,47.95772264898564],[7.257485196216336,47.95772416438676],[7.2574773505532,47.95772003271023],[7.257476652755233,47.95771969750901],[7.257476229744283,47.95771944247069],[7.257447243747428,47.95770769559528],[7.257346803453898,47.95766663496406],[7.25734319512867,47.95766514352911],[7.257215548641255,47.957607765146214],[7.25725019128966,47.95757803004238],[7.257032681928552,47.95747596278461],[7.257020317765509,47.95749074074278],[7.256671019485458,47.957414989599464],[7.256678060832615,47.95740409970691],[7.256565615954652,47.95737392797987],[7.256531910529548,47.95742201428074],[7.256410716894804,47.957383147060064],[7.256394297221718,47.95741258195468],[7.256311862124219,47.95738853229622],[7.256143517527918,47.95736399106035],[7.256086925142187,47.95735766042993],[7.256070528132756,47.95735564105395],[7.256118463494637,47.95722412478693],[7.256130175874426,47.957192877790604],[7.256039213247581,47.957182926024934],[7.255913153595827,47.9571686583622],[7.255699323978288,47.95714576483676],[7.255569830546436,47.957125492787505],[7.255400236455184,47.95709874269449],[7.255006463492736,47.957060557874904],[7.254945022083477,47.95705899873542],[7.254822602246449,47.95705496234387],[7.254755765104554,47.95705972704279],[7.254670719172846,47.95706497113055],[7.254631593210255,47.95706728983593],[7.254598281498177,47.95706849664843],[7.254547934980764,47.95707644902828],[7.254524190027355,47.95707983272092],[7.254511744391153,47.95708190582633],[7.254489590387077,47.95708505162796],[7.254409019001853,47.95709923597598],[7.254387703751828,47.95710280199442],[7.254348240724277,47.95710927853038],[7.254253911347321,47.95712423153204],[7.254208569707961,47.95712767649796],[7.254136192927685,47.9571336328755],[7.254054570729953,47.957139743856885],[7.253995242935299,47.95714612871411],[7.253934132671806,47.95715203736007],[7.25382515262098,47.95716499720774],[7.253809644372581,47.95716736141646],[7.253763188476078,47.957173640418375],[7.253598499122163,47.957196278417],[7.253449914686157,47.95721562916954],[7.253341935782828,47.957229363418016],[7.253189633251932,47.95727092891608],[7.253225976273201,47.95742282382751],[7.252923610931862,47.95752552021649],[7.252920777292439,47.95752030550666],[7.252917144911563,47.95751349748698],[7.252916451102697,47.95751153988066],[7.252898310850926,47.95747776936884],[7.252838367942746,47.95736449102804],[7.252591671869547,47.95742524562863],[7.252470102991023,47.95746191205493],[7.252367531905555,47.957494555878235],[7.252240604912436,47.95752799134674],[7.252138985967451,47.957554111550074],[7.252040317370522,47.9575802149667],[7.252028091835849,47.95758336132093],[7.251989940379116,47.957591141415215],[7.251310361275774,47.95772830860232],[7.251060733911641,47.95775591019884],[7.251045442469527,47.95775763531543],[7.250889668063617,47.957774359020796],[7.25077634001722,47.95778666222597],[7.250735730493234,47.95779056541311],[7.250581232037061,47.9578081437602],[7.250577381129371,47.957808643631765],[7.250470593948859,47.95782052955562],[7.250357099916955,47.95783076550515],[7.250178524951283,47.957844257846254],[7.250067993928409,47.95786132582732],[7.24989311031441,47.95790244231762],[7.2496154558912,47.95796872679594],[7.249615408590586,47.95796980999454],[7.249615014443467,47.95796991438049],[7.249612671790093,47.95807454289186],[7.249668005215662,47.95829604796673],[7.24970793356226,47.95839238759716],[7.249750849939419,47.95849754135656],[7.249844592858641,47.95872784046499],[7.249861037923456,47.95879402718578],[7.249920767466346,47.959038534867226],[7.249919156750655,47.95908536744582],[7.249909473597429,47.959085086976636],[7.249843810504994,47.95908277662176],[7.250085577058509,47.95958773394355],[7.250107911513538,47.9596319876437],[7.250196943904513,47.95987210015217],[7.250282892156549,47.96010051797468],[7.25030732956274,47.96016596475989],[7.250307730933293,47.96016595023471],[7.250322763579074,47.960202807611765],[7.250326016065777,47.96020989981443],[7.250382328650121,47.96035656623385],[7.25043178962924,47.960488069407624],[7.250440465617596,47.960510917249444],[7.2506582860708,47.96088281598968],[7.25065908161339,47.96088269707403],[7.250659088822563,47.96088278693693],[7.25069198348237,47.960924855862174],[7.250827422071951,47.96114625495388],[7.250954803039659,47.96146455825937],[7.250890928267215,47.96147119603918],[7.250891311208383,47.96147262416022],[7.250888917345971,47.96147289104888],[7.251006096020133,47.96188979845559],[7.251012512398085,47.96191290828378],[7.251012830456517,47.96191352763856],[7.251012837666428,47.961913617501395],[7.251018739773568,47.96192530022174],[7.251289555307598,47.96246588404334],[7.251290849198949,47.962468631046974],[7.251290921303527,47.96246952967482],[7.251291181684881,47.96246943012636],[7.251291492539444,47.962469959617394],[7.251362922720475,47.96244709627943],[7.251474197517761,47.96241242639918],[7.251534174538753,47.96231706737502],[7.251569972219582,47.962261517041824],[7.251659860267517,47.96212253676026],[7.251719962432587,47.96203041752777],[7.251708025177604,47.96204887441627],[7.251722311562016,47.962160020666225],[7.25172169306461,47.962160673922305],[7.251775232461121,47.9624248714214],[7.251775767644117,47.96242485204784],[7.25177577485539,47.9624249419106],[7.251890281452557,47.96240881026298],[7.252584945909919,47.96231174190641],[7.252647008224947,47.962329322058565],[7.252719874483449,47.96235110730794],[7.252972343946107,47.96233691868833],[7.253172488122811,47.96232615643543],[7.253218882842456,47.96234078881274],[7.253309072533701,47.96236942666829],[7.253309199115305,47.96236933196049],[7.253309607715575,47.96236940728775],[7.253331051174063,47.96235069609701],[7.253397732061602,47.96229375638449],[7.253366023522063,47.96236177660646],[7.25332359276145,47.96245001235687],[7.253324467674486,47.96245088191256],[7.253456873716457,47.96257748765904],[7.25353847010168,47.962634465085586],[7.253538730479624,47.962634365532146],[7.253539724766763,47.96263505051548],[7.253591684245971,47.962617036624124],[7.253622983981156,47.962640867414954],[7.253734975390781,47.96272711569694],[7.253793977119583,47.96279347302483],[7.253826392059341,47.962829520228325],[7.253867172656792,47.962876169434445],[7.253888068026617,47.96290578441378],[7.253910315177944,47.96293886526361],[7.253937717513625,47.96297932980774],[7.253955247667474,47.96300212711639],[7.253964166229304,47.96301460169776],[7.253912755465384,47.96303611069874],[7.25377090308377,47.96308937433393],[7.253497316244609,47.963191569194215],[7.253544856163967,47.96327059855889],[7.25357003760673,47.96331348682516],[7.253797519262693,47.96323035551125],[7.254007449836775,47.963154258197505],[7.254092937529741,47.96327472180989],[7.253998218235441,47.963323394607535],[7.253726948528875,47.963462817318444],[7.253756787540543,47.96348850346],[7.253792476337503,47.96352019628399],[7.253815613594756,47.963514221275176],[7.253974724486185,47.96347367090829],[7.254016214314384,47.963559227896084],[7.254086632823537,47.96370592258807],[7.254012070950678,47.963726557747336],[7.253982641151736,47.963734382923136],[7.253982662797306,47.96373465251078],[7.253982268615942,47.963734756911016],[7.254033309662681,47.96383564951557],[7.254275991690403,47.963771343461424],[7.254419769954424,47.96373369108629],[7.254476961701513,47.96360202133107],[7.254549088887022,47.96332380977297],[7.254627250055478,47.96290685901214],[7.254628072061162,47.96273829743505],[7.254627437040138,47.96273038952934],[7.254628230481049,47.962721889135224],[7.254640345492544,47.96271568234672],[7.254659179769249,47.96270625806568],[7.254664794712226,47.962711011486455],[7.254672535371011,47.96271884224309],[7.254673280418579,47.96271809426247],[7.254673569659698,47.9627183541568],[7.254930059929414,47.962503579978865],[7.255032067473638,47.96230341420167],[7.255141258404505,47.961958789584365],[7.25510873736107,47.961821176761404],[7.255111247252104,47.961819012978204],[7.255123782270471,47.961808014336206],[7.25545134385777,47.96158606748004],[7.255607637632647,47.96148045695141],[7.255711544985065,47.96149444645378],[7.255712025760169,47.961495420398414],[7.255764292595323,47.96153471325848],[7.255807683018848,47.961568740038935],[7.255975953315238,47.961692421379425],[7.255990141118072,47.96170200116587],[7.256045753203716,47.961741172691056],[7.256160724584412,47.96186281969786],[7.256214394706853,47.9619780361424],[7.256219918240464,47.961990002733984],[7.256223200995113,47.96199411960598],[7.256359190073302,47.96216358168349],[7.256359338305982,47.962163756559875],[7.256318896652239,47.96218649141153],[7.256250565378735,47.962104250985256],[7.256194870108714,47.962037324338965],[7.256174193713441,47.962012117865115],[7.256103054533229,47.96187320092972],[7.256000697278339,47.96176659812704],[7.255961301565216,47.96173720323644],[7.255946441437077,47.96172593545101],[7.255848382639402,47.96165279305757],[7.255694770684435,47.96153786320007],[7.255654926381486,47.96153462045624],[7.255614087790157,47.96153069273268],[7.255375360044808,47.96169922247238],[7.255252773448174,47.961785136001495],[7.255228211965346,47.961858575721735],[7.255192533243579,47.96196233938384],[7.255201063220598,47.962050171657694],[7.255207385903653,47.96212555665558],[7.255207530244604,47.96212735390686],[7.255164430432944,47.96221390233501],[7.255151427348544,47.9622123906936],[7.25512942059507,47.96220904226522],[7.255123928858413,47.962224201810876],[7.255058737295173,47.962401584422786],[7.25502233686645,47.962471307246744],[7.255009256986831,47.96249557383386],[7.254761042933102,47.962718159549325],[7.254701643708798,47.9628072809058],[7.254685575478952,47.96289960916009],[7.254666937720791,47.96300338610158],[7.254656510749377,47.963074060488026],[7.254643407804113,47.9631448318035],[7.254636503656204,47.96319086485894],[7.254630664445032,47.963226765455616],[7.254592733578924,47.96345624310235],[7.254555965610697,47.96355148406882],[7.254519718874421,47.96364319130081],[7.254471698884884,47.96376876092811],[7.254468923978104,47.963775981228245],[7.254427788882525,47.96388201492354],[7.254433243355877,47.963894795193966],[7.254436590426486,47.96390305547936],[7.254444932851564,47.96392339167344],[7.254453423514411,47.96394390274525],[7.25446599459947,47.96397679323635],[7.254532792091678,47.96414020164102],[7.254539587322614,47.964157980278365],[7.254477050133417,47.96419133823416],[7.25442337705261,47.96421977876775],[7.25443394361173,47.96423940353238],[7.254452343627428,47.96427469648182],[7.25448488262674,47.96427216601106],[7.254494368005906,47.96427164218656],[7.254517499788824,47.96431739835042],[7.254477061427172,47.96432850635237],[7.254373412417723,47.96435623358284],[7.254373716098184,47.96435667320261],[7.254373061528131,47.9643568771593],[7.25438726896132,47.96438006512997],[7.254412162363029,47.96442269329162],[7.254294999711815,47.96448768044823],[7.254295147944184,47.96448785532695],[7.254294641604579,47.964488234161905],[7.254313065106091,47.96451379290172],[7.254319294172688,47.96452285004041],[7.254319554558437,47.96452275048536],[7.254319568990176,47.96452293021033],[7.254455590637908,47.96447555507912],[7.254661336802566,47.96440411455933],[7.254769699393925,47.96436657307375],[7.254917129920146,47.96431590013362],[7.255000468095948,47.964299272441714],[7.255244873256284,47.964251394694784],[7.255346108772252,47.96422871092475],[7.255409036365134,47.96421525573327],[7.255422626761781,47.964210707780964],[7.255437189844053,47.96420657520638],[7.255578162285579,47.964123961121125],[7.255703800166641,47.96405091484876],[7.255704257893445,47.96401484868176],[7.255706005194825,47.96396476657589],[7.255706102903387,47.96396431241589],[7.255757883220403,47.96396243628356],[7.255752900305403,47.96400731831337],[7.255751901043857,47.96401492493197],[7.255746616002895,47.964049363527444],[7.255746883601863,47.964049353831626],[7.255746764238826,47.964049538404375],[7.255808068883158,47.964052634475166],[7.255921507642614,47.96405825756805],[7.255942113599317,47.96412267055692],[7.255943396688052,47.964126950015554],[7.25594340390662,47.96412703987795],[7.255943736473054,47.96412783894336],[7.255982706308297,47.964186990200496],[7.25599037081713,47.96419887921573],[7.256010930954178,47.96423265170468],[7.256012261734706,47.96423251336023],[7.256176241299335,47.9642107997928],[7.256264676761612,47.964200835899774],[7.256300593355625,47.96419692079217],[7.256396351662149,47.96418624081854],[7.256416819658325,47.96418378674066],[7.256481583067906,47.96417648299197],[7.256787601652262,47.96429255783159],[7.256787862032247,47.964292458271075],[7.256788693712346,47.96429278862592],[7.25682471369579,47.964273458406346],[7.256824840275661,47.96427336369488],[7.256825993934641,47.96427269101629],[7.256852066709697,47.96421974453619],[7.256891920584559,47.96414124411057],[7.256890701947705,47.964141108028734],[7.256891045585142,47.96414037458234],[7.256845149391117,47.96413699101183],[7.256835823357268,47.96413615739248],[7.25695502382443,47.96402810452896],[7.256971648298104,47.963994516611166],[7.256992258736657,47.963953754550054],[7.257081459060682,47.96376126109509],[7.257063228261139,47.96380157643806],[7.257151679834846,47.963800173046174],[7.257153122738555,47.96379976025222],[7.257152645308222,47.963800498549055],[7.257486614252263,47.96369998171899],[7.257795864586792,47.96360747975483],[7.25776356736956,47.96370985990609],[7.258706809953931,47.963423135591974],[7.258761178089052,47.96350020318627],[7.258761832631656,47.963499999205055],[7.25876198809925,47.963500263940524],[7.259007872467266,47.96341411179855],[7.259255607527006,47.96332762162442],[7.259316136612052,47.963382835765884],[7.259340867350192,47.96342339607875],[7.259422001070645,47.963564652586186],[7.259505678232266,47.96357063048444],[7.259551747496406,47.96357616971072],[7.259547984990611,47.96359613348739],[7.2595115422525,47.96367027545459],[7.259506674081185,47.963679824916554],[7.259497885302316,47.96369735736471],[7.259467041448907,47.96375768751117],[7.259425538398451,47.96384399946384],[7.259390983246641,47.96391491857164],[7.259342474815645,47.96396750770154],[7.259302193954314,47.96401060578428],[7.259200675425158,47.96406646899775],[7.259109785249602,47.96411599852242],[7.25900094353178,47.964134184824225],[7.25892132468505,47.96414698545693],[7.258751939446968,47.96417655945323],[7.258574526042693,47.96420642427249],[7.258402464427127,47.96423609478661],[7.258400641790364,47.9642367917353],[7.25839614315922,47.96423758570236],[7.258097667925622,47.964317261366595],[7.258086898552321,47.964320175256915],[7.258031937935296,47.964334244324014],[7.257782263613601,47.964433419289314],[7.25758972745469,47.964508892784295],[7.257268954416745,47.96462506359149],[7.257265913065019,47.96465401351173],[7.257377065540285,47.96473470130351],[7.257508585949981,47.96483673110749],[7.257682105488613,47.964972116377254],[7.257737988842682,47.9649895574685],[7.257760426808675,47.96499658490474],[7.257771427036895,47.96499988124093],[7.25792780611493,47.96504720545367],[7.257970297694789,47.96504160952299],[7.258006285064987,47.96502354187208],[7.258241686736686,47.96490703941937],[7.258457798483837,47.964857747383576],[7.258645225138856,47.96481553328167],[7.258706398729813,47.96480195967142],[7.258858754024578,47.96476750573868],[7.25901324143478,47.9647462225359],[7.259156984763162,47.964726500332986],[7.25931101996132,47.96470460225851],[7.259598936365458,47.96466550183931],[7.26005771164892,47.96462516077785],[7.260347951319348,47.964599943477054],[7.260560302104424,47.964503919268],[7.260614763814441,47.96448031393098],[7.260623304688578,47.96448973753779],[7.260635023924299,47.96450364218816],[7.260964836088577,47.964334771787236],[7.260990461371423,47.96431969266855],[7.260998670420533,47.96431497877834],[7.261024129458607,47.96429783282414],[7.26102845831247,47.964293259695076],[7.261049950607298,47.96427184154843],[7.261063910457731,47.96424853367525],[7.261077508552844,47.964227401906015],[7.261090239927453,47.96418548286903],[7.261156561401264,47.964175866891146],[7.261401870609396,47.96422104172295],[7.261524501838698,47.964244170546046],[7.262083735016589,47.964353387918194],[7.262266649587025,47.96446364172437],[7.262267578957227,47.964463517875124],[7.262267719986488,47.964463602881786],[7.262334728612478,47.96445585392167],[7.262334862412384,47.96445584906627],[7.262335791782291,47.96445572521646],[7.262871502708714,47.96420917038808],[7.262890452267294,47.96417784035247],[7.262945128797338,47.964190275842775],[7.26294684964267,47.964211662992156],[7.262947004989288,47.964218596932255],[7.262373106631817,47.96448086766656],[7.2623730089794,47.964481321831975],[7.262372748608972,47.96448142140485],[7.262372582114069,47.96448602378819],[7.262370827606071,47.96450591481229],[7.262372089642435,47.96450659000924],[7.262372096871947,47.96450667987122],[7.262311127207315,47.964516102318036],[7.262436745142779,47.96458301239654],[7.262300242580185,47.96451090959298],[7.262058825439921,47.96438403282416],[7.261561327064307,47.96428825710586],[7.261337634927271,47.9642449119281],[7.261186406473445,47.96422994021027],[7.261185802523407,47.96423077323942],[7.26118512629872,47.96423070764783],[7.261092978759455,47.96435301466122],[7.261090012350288,47.964372859491625],[7.26108530616261,47.96439943663295],[7.261085899180669,47.964400136113646],[7.261033524838319,47.96441465353003],[7.261018694921625,47.96441212729562],[7.260963707455463,47.96440249605106],[7.260962926337402,47.96440279476034],[7.260962792537503,47.96440279961418],[7.260939391414308,47.96441383257197],[7.260921675122342,47.964422135819994],[7.260898624792969,47.96443252517357],[7.260745235414745,47.964500815941776],[7.260732648226503,47.964544532175005],[7.260682526784664,47.96455536273222],[7.260649113921842,47.96454035239552],[7.260346645912998,47.96465046038324],[7.260142855148355,47.96467939166794],[7.260043564077443,47.964684524990226],[7.2596505185261,47.96470454756943],[7.259428022483506,47.9647511894096],[7.25912987663236,47.964813281471734],[7.2588417328384,47.96487293723738],[7.258800543048362,47.96488137026265],[7.258755917751271,47.96489046858111],[7.258411803466096,47.96495999339795],[7.258275110576177,47.96501568892341],[7.258058827351037,47.9651029290274],[7.258053168520932,47.965129360264605],[7.258050498563628,47.965139550946965],[7.257965447173995,47.96517661091558],[7.257964911965493,47.96517663031727],[7.257912027430453,47.965179809144665],[7.257911647690175,47.96518009328245],[7.257830999001107,47.96514002763199],[7.25773322383387,47.96522080818571],[7.257838738640328,47.9651328075228],[7.257842257139282,47.96510311929728],[7.257843444284265,47.96509451448087],[7.257843310482333,47.96509451933116],[7.25784341539659,47.96509415503191],[7.257794521896129,47.96507853346187],[7.257744218188428,47.96506206175064],[7.257557200857592,47.96493906219536],[7.257496093708847,47.96487999282382],[7.257400261636463,47.96480794247898],[7.257290957127695,47.964725204997535],[7.257218601927234,47.964654736936616],[7.257208850203065,47.96464526686725],[7.257208709181429,47.964645181854515],[7.257174536373198,47.96466913168215],[7.25711070686923,47.96469307488493],[7.257026542491608,47.96472280199415],[7.257016745686959,47.96472613115172],[7.256946225986013,47.96475031673151],[7.256881578126772,47.96478077838759],[7.256864627783314,47.96478860261564],[7.256860273486576,47.964791193769926],[7.256842939555376,47.964800924500025],[7.256793683488994,47.964822536875204],[7.256793155503737,47.96482264613389],[7.256792674678612,47.96482167219569],[7.256268554643816,47.96492727475428],[7.256208661539623,47.96493341050475],[7.25613218423038,47.96494023728233],[7.256105712648637,47.96494480144127],[7.256095886366652,47.964951105675844],[7.25608703665028,47.96495620291272],[7.256033477383562,47.965092968999365],[7.256023085967066,47.965105602377385],[7.256017161564013,47.9651120355935],[7.25598945759943,47.96513466915922],[7.255950301525027,47.965153391720854],[7.255911756685244,47.96517137112999],[7.255782074009972,47.96524086895971],[7.255637978677044,47.96531972095417],[7.255637985895255,47.965319810816524],[7.255636698395723,47.96532048833078],[7.255613747492703,47.96546912301181],[7.255339965430897,47.96560575607567],[7.255200969100412,47.96567459923247],[7.255153502647573,47.9656901077266],[7.255077845751444,47.96571384732908],[7.254985915242491,47.965738807258276],[7.254969206947646,47.96574463969506],[7.254933121486696,47.965756491363294],[7.254880793481163,47.965778304266955],[7.25482968741952,47.965801965482235],[7.254813427117625,47.96581003476248],[7.254780855981195,47.965825544279376],[7.254748580126008,47.965848072746645],[7.254743361177723,47.96585159637198],[7.254743115219781,47.96585187565266],[7.25474273545771,47.96585215978007],[7.254705769569251,47.96589315324948],[7.254665905110437,47.96596489378339],[7.25464166409844,47.96603066096197],[7.254635223220583,47.966072441323384],[7.254630766823473,47.96609882876023],[7.254631077732656,47.96609935824125],[7.254631092165879,47.96609953796601],[7.254633239663882,47.966102884883526],[7.254645535016534,47.96612397910704],[7.25467653785846,47.96616413281487],[7.254679538708425,47.966168079687925],[7.254679679730054,47.96616816470361],[7.25468012444506,47.966168689337785],[7.254689247551847,47.966173676182855],[7.25482887871639,47.966249729770425],[7.254861578100405,47.96626756140641],[7.254984166418902,47.966361986557395],[7.255002788056366,47.96637663304007],[7.255102527807801,47.96645557335154],[7.25511736021202,47.96646648176132],[7.255127249593857,47.9664743247772],[7.255048242137565,47.96645970283036],[7.254988954096242,47.966448331954794],[7.254842912169036,47.966528064382224],[7.254821953425121,47.966539458175895],[7.254736022372541,47.966535541168206],[7.254735888566691,47.96653554601495],[7.254759318230979,47.96655993199012],[7.254868017077672,47.966610068862884],[7.254906571111754,47.96658884507411],[7.254970864411049,47.96662076315042],[7.255002033894575,47.966641263761886],[7.255123458541456,47.96671617408122],[7.255123585130198,47.96671607937173],[7.255124015419129,47.96671642427941],[7.255381023077444,47.966584725681805],[7.255380741029721,47.96658455565214],[7.255381254599531,47.96658426667532],[7.255454017927179,47.96661470603859],[7.255464443152952,47.966619195035],[7.25530543226578,47.966704534935886],[7.255267080959814,47.9667249403985],[7.255242309588154,47.96672061059995],[7.2552200877572,47.966716278559865],[7.255219321008092,47.966716756955186],[7.255219179984138,47.96671667194016],[7.255113706065369,47.96677519794141],[7.255128677894453,47.96679619516208],[7.255166535583995,47.96685151159589],[7.25511229495438,47.966886281535956],[7.255191376301912,47.96693857251588],[7.255191636697885,47.96693847295905],[7.25519234903807,47.966938987896505],[7.255261428891283,47.96689683094284],[7.255419553697027,47.96679376885047],[7.255560636611967,47.96676423408276],[7.25559589371499,47.966757098697514],[7.255596266260632,47.966756724705206],[7.255596400066961,47.96675671985749],[7.255613732589768,47.96673860789211],[7.255641102162409,47.96671012854139],[7.255798587111928,47.966874756780435],[7.256014808019696,47.96710232606246],[7.255949691671059,47.96714704357311],[7.255913943736163,47.96716978825522],[7.25587826460814,47.967191719317945],[7.255838014340544,47.967213545614854],[7.255785471011358,47.96724104446253],[7.255770937669266,47.96730402679359],[7.255776853146475,47.96737933619683],[7.255737897987478,47.9673972402057],[7.255750631072542,47.967422103662706],[7.255754774200379,47.96743024494288],[7.255742010858115,47.96743674565422],[7.255713822440118,47.967450023754274],[7.255743752529062,47.96749183829854],[7.255663168646025,47.96753279006323],[7.255729935869357,47.96761887263781],[7.255804515566049,47.96767691401054],[7.255829704565484,47.967696459490355],[7.255709149810469,47.96772597174236],[7.25571135150284,47.96775337971932],[7.255712145556385,47.96776326456335],[7.25571277358076,47.96777108257629],[7.255714780372537,47.9677960642726],[7.255726763413151,47.967945235543844],[7.255726897222468,47.96794523069598],[7.255726940534786,47.96794576986924],[7.255948112302928,47.96789413677944],[7.25595025660316,47.967895771439316],[7.255961910905478,47.967905533168846],[7.255868432901167,47.96797642268727],[7.255785262898942,47.96803864727578],[7.255878919246549,47.968101945626515],[7.255797323597134,47.96815537116995],[7.255851058917896,47.96818947381315],[7.255830012067751,47.968206458622284],[7.255817852107323,47.96821546093595],[7.255856287768589,47.96826291545721],[7.25583585270928,47.96827582253237],[7.255808523960175,47.9682931250544],[7.255808820456172,47.96829347480721],[7.255808440682325,47.968293758937634],[7.255840921974254,47.968328901992955],[7.255889956603833,47.968383002149245],[7.255914309335937,47.968410508802016],[7.255944107339206,47.96844565892571],[7.255984895138175,47.96848563804218],[7.255909651822142,47.96861814234784],[7.255929228975981,47.968634646680115],[7.255957585604084,47.96866020578545],[7.255999375739045,47.968697625118175],[7.256005041971619,47.96870300749231],[7.255923878674236,47.9687618248323],[7.255744638371411,47.968802565715826],[7.255798941401535,47.968910549250985],[7.255815333940225,47.968940867779935],[7.25584234505818,47.968991439921226],[7.255855783730473,47.96901672841296],[7.255868502821467,47.96904141210792],[7.255842125848932,47.9690521912274],[7.255834454725694,47.96905526298528],[7.255740476357336,47.96905145787255],[7.25586139705318,47.96915342291718],[7.255901752183038,47.96918801031717],[7.255933356689962,47.96921390237659],[7.25596611631596,47.969254172366234],[7.25603120255176,47.96932932058851],[7.256054922824824,47.96935730074757],[7.256072626412044,47.96937720751815],[7.256086117338894,47.96939312122905],[7.256112943745147,47.969424683907725],[7.256117977099724,47.969430539826],[7.256126083794216,47.96944124119319],[7.256139021702015,47.96945528233825],[7.256143328239809,47.96946044360025],[7.25614358864638,47.96946034404147],[7.256143729679112,47.969460429055225],[7.256220702572312,47.96944799690058],[7.256731059769836,47.969365966875365],[7.256731544476764,47.969365318444865],[7.256731938694571,47.96936521403577],[7.25675841242911,47.969360649748374],[7.256763909354221,47.96936225302797],[7.25683179192517,47.96936195608102],[7.256878108974381,47.9693621702279],[7.256996670034701,47.96936292062161],[7.257009157949401,47.9693630088074],[7.257102272923459,47.96936441087736],[7.25727680722873,47.969365295451894],[7.257322447997269,47.96936544380984],[7.25733355445576,47.9693650412858],[7.25734645103143,47.96936520474872],[7.257361213763998,47.969365210452054],[7.257363094364178,47.96936523241792],[7.257370765021061,47.96936549515539],[7.25738393602236,47.96936907337122],[7.257423604515072,47.96938007274604],[7.257590918302072,47.969426370560306],[7.257715190937806,47.9694197033192],[7.25797195647797,47.96940679146341],[7.257993621559641,47.96945260015208],[7.258008420407779,47.969484778660465],[7.257987283884098,47.96962253297448],[7.258087392968338,47.96959907696537],[7.258445008258362,47.96950680438757],[7.258542151714854,47.96947985053056],[7.25878084772024,47.96944415977985],[7.259058600365617,47.96942687970892],[7.259465032659606,47.96937429093045],[7.259666115564859,47.96933815972969],[7.259772847599876,47.96933032387966],[7.259857334092972,47.96932455637959],[7.260063292548661,47.96932402687519],[7.260448073300451,47.96934098441466],[7.260643108270944,47.96936482305403],[7.260761852957306,47.96937953220838],[7.261065495937995,47.96941718514464],[7.261432935683824,47.96944711551476],[7.26156291221367,47.96949467217337],[7.261664698459769,47.96953045380955],[7.261740160299813,47.96955763726374],[7.261866180962545,47.96960272352497],[7.26196087198295,47.969637049981436],[7.262178443118725,47.969672415475976],[7.262336197937906,47.96966488899248],[7.262451733283276,47.96964636702811],[7.262598081769481,47.96962384286125],[7.262676608525956,47.96961071918162],[7.262733732333862,47.969601796841175],[7.262909570601864,47.96955215627715],[7.26313430541768,47.96944306147434],[7.263382207041389,47.9693216796222],[7.263383628351186,47.969320997168225],[7.263383754931391,47.96932090244998],[7.263384789268664,47.96932041428905],[7.263554912245616,47.96923312798406],[7.263728506235087,47.96918897501885],[7.263787553441478,47.969173944008304],[7.263844694696844,47.96916024388749],[7.263856672783334,47.96912898663832],[7.263862173580311,47.96911562883973],[7.263903257410716,47.96909250775866],[7.26391777417618,47.969082788152924],[7.263926876985773,47.96907750090204],[7.263787616228055,47.96894628806732],[7.26364149570476,47.968808204258146],[7.263332433934052,47.96846973996205],[7.263232274044126,47.96833242092978],[7.26315568985442,47.96822624027637],[7.263077579805594,47.968121106320105],[7.262995303535954,47.96803423847601],[7.262861870554312,47.967891998241065],[7.262804713832077,47.967843783185664],[7.262727432211721,47.967777282227274],[7.26267332172191,47.96769353776426],[7.262646554063312,47.96765106928072],[7.262648003776282,47.96753565771515],[7.262695170722295,47.96747473446902],[7.262735426363756,47.96742298430392],[7.262735278095349,47.96742280943617],[7.262735524018487,47.967422530139046],[7.262732479285787,47.96741137510683],[7.262724831350111,47.96738137091725],[7.262675931088343,47.96735070077462],[7.262574235965453,47.96728598691847],[7.262488817905345,47.96700159038595],[7.262475561606827,47.96695691920148],[7.262475435030643,47.966957013918886],[7.262475228924234,47.96695612015597],[7.262461198629412,47.96691517214889],[7.262450844537041,47.966928255389924],[7.262488463697666,47.966875429342664],[7.262521449991265,47.96683007146034],[7.26251387911706,47.9667693320974],[7.262492106800097,47.966588792233935],[7.262303071356479,47.96641423180068],[7.262262833745856,47.96626770790224],[7.262303474497405,47.96625577876799],[7.262364951159298,47.96628599267675],[7.262471703534837,47.96634520582561],[7.262678760835753,47.96647188688858],[7.262849833286526,47.96657662150122],[7.262849974322339,47.96657670650708],[7.262836198984455,47.96660397333582],[7.26283577587686,47.96660371831817],[7.262684397702246,47.96651025550505],[7.262683135614222,47.966509580312284],[7.262409575001771,47.96634025041165],[7.262408942127617,47.966340723998464],[7.262404512008226,47.96634403910615],[7.262333630022632,47.9663970808053],[7.26243456286319,47.96648904001325]],[[7.257118995852789,47.96870409887941],[7.256961405505288,47.96858003177141],[7.25684742497618,47.96849764351997],[7.256746681431893,47.96841297300932],[7.256717541235374,47.96835094234682],[7.256702504158409,47.96829741299045],[7.256679794870758,47.96828201364181],[7.256720669208515,47.96822285322664],[7.25687174112769,47.96839942864412],[7.256886421897668,47.968415118906115],[7.257229315920356,47.968573927405274],[7.25730396108587,47.9685676171351],[7.257049676348407,47.968910290793666],[7.257039982368588,47.96892325943303],[7.257015174165079,47.968915146108145],[7.257072335871523,47.96875806166669],[7.257118995852789,47.96870409887941]],[[7.256820001402797,47.96488286739096],[7.25684365245875,47.96487660280784],[7.257006931256146,47.965105007601785],[7.256944294764886,47.96512710496869],[7.256947913951406,47.96510534404848],[7.256840389695066,47.96493620288001],[7.256820001402797,47.96488286739096]]],[[[7.261555617211553,47.95642131449038],[7.261552833052394,47.95642339826495],[7.261661834933269,47.95649082160494],[7.261582566139871,47.956544528467845],[7.261533011800436,47.95657732957756],[7.261509726022974,47.95659475750207],[7.261468473358203,47.95662401284691],[7.261295028074123,47.956717907687185],[7.261212436276823,47.956762001374884],[7.261199636334153,47.95676967578812],[7.261187859752261,47.95677505995057],[7.261151875541626,47.95679141642606],[7.261133308560178,47.95679911983209],[7.261103673716925,47.95681101005241],[7.261150241274967,47.95685618525369],[7.260962291818843,47.956954931790214],[7.260997094834273,47.95698395094958],[7.26095407004525,47.95694946211402],[7.260896796580713,47.95690296289965],[7.260896416915682,47.95690324704852],[7.260797559353065,47.95697532846117],[7.260692189888619,47.95709991832598],[7.260692887698754,47.95710025350824],[7.260692753917251,47.957100258361784],[7.260720684500088,47.957112222995015],[7.261070239019256,47.95726284655769],[7.261133932527347,47.957280723486534],[7.261155113059448,47.957287164957656],[7.261080319679064,47.957453274707404],[7.261016813284419,47.95744773803288],[7.260926105929792,47.95743931285825],[7.260874115585928,47.957435160780975],[7.260863170827229,47.95743420599778],[7.260846549403449,47.957432736170425],[7.260793698571351,47.9574278942801],[7.26079358646665,47.9574281687212],[7.260793044111497,47.95742809827339],[7.260776423073776,47.95747835996321],[7.260771888087337,47.95749204318816],[7.2607711068612,47.95749567651645],[7.260766140993735,47.95751901870892],[7.260766310905482,47.95751946316769],[7.260766339808838,47.9575198226176],[7.260774531913858,47.95753827133078],[7.26082012372475,47.95763971982459],[7.260832959652376,47.95763916400655],[7.260856237867649,47.95763831945849],[7.260914008494757,47.95772769998533],[7.26091729386533,47.95775020207003],[7.260921457313892,47.957781955133264],[7.260925541677925,47.95780605047207],[7.260930984762492,47.95784370533269],[7.260949623922823,47.95796704055876],[7.260950260776201,47.95802001072736],[7.260951684302648,47.95809944898851],[7.260951951831853,47.95816117463933],[7.260952797894231,47.95816168469082],[7.260964740422096,47.95816837124532],[7.260994110444406,47.95818487995867],[7.260999461812798,47.95818468580281],[7.261447820284682,47.958153997858375],[7.262181156534578,47.95810152037262],[7.262268145087283,47.95809538926342],[7.262313686541615,47.95807273738996],[7.262324234109973,47.958062080372734],[7.262324393915922,47.958040715019514],[7.26223996727922,47.95789020659718],[7.262148179626857,47.95773491827793],[7.262140258009577,47.95772150681131],[7.262105910630386,47.95766146852908],[7.262096011331343,47.95764515471712],[7.262075891039029,47.95761019552312],[7.262070040742191,47.95761085846049],[7.26197238635242,47.95762116175679],[7.261966613482358,47.95758442012823],[7.261963598922814,47.957560285982325],[7.261961545672206,47.95754810353559],[7.261959702298646,47.95753185786058],[7.261956861347958,47.957506545792484],[7.261952241947106,47.95746913142884],[7.261947984078994,47.95743287556551],[7.261954641753616,47.95731547183047],[7.261974574375553,47.95724634380567],[7.261984421274847,47.957213631680546],[7.262002270219308,47.95716864256433],[7.262039606370549,47.95706733927037],[7.262107964439842,47.95688632133403],[7.262118380265928,47.95681564601656],[7.262144741296917,47.956644623894384],[7.262146679761651,47.956632026200374],[7.262159918319688,47.95648968935091],[7.262172534282766,47.956464717544335],[7.262182535898702,47.95644560860366],[7.262229271665138,47.95635108389129],[7.262263716784384,47.95628224016463],[7.262244364594352,47.956213456309655],[7.262197520929941,47.9561948783456],[7.26216114085395,47.956179615726995],[7.262076133202835,47.95609023283504],[7.262020960844823,47.956031491040946],[7.261974010382975,47.95588647178532],[7.261945157727578,47.95579631259263],[7.261930158346003,47.955751614289106],[7.261914002173171,47.955702541849256],[7.261903094060954,47.95561028941649],[7.261894622199183,47.95553498215419],[7.26188832388734,47.955533408230224],[7.261832911825303,47.95551838558812],[7.261831772874973,47.95551923804452],[7.261831639097564,47.955519242899385],[7.261828095696292,47.955521894985885],[7.261754834054944,47.95557520380364],[7.261549429645931,47.95584221708405],[7.261549711656309,47.95584238710003],[7.261549100580545,47.95584313027287],[7.261666966927576,47.95590734792318],[7.261753956816979,47.955954661004284],[7.261818530442881,47.95599017004618],[7.261661975844976,47.95617727247701],[7.261619847710417,47.95622566611532],[7.261602593257787,47.95623800846573],[7.261571786945323,47.95625868343462],[7.26146454173776,47.95635990979892],[7.261493176647257,47.95638230315831],[7.261527784771383,47.95640222664097],[7.261556861057288,47.95642009773263],[7.261555617211553,47.95642131449038]]],[[[7.268970838001277,47.95686957585917],[7.268501755256549,47.95707588909769],[7.268487514047965,47.9571322842939],[7.268616823740894,47.95727178452248],[7.268787484516698,47.95725837134742],[7.268873608215035,47.95722820329112],[7.268981199948779,47.95709811712405],[7.268970838001277,47.95686957585917]]],[[[7.268750774837574,47.953438395305795],[7.268719179292048,47.95347919898567],[7.268668004273905,47.95370997758116],[7.26913307222936,47.954186958268934],[7.269287222695418,47.9540353511537],[7.269319005754861,47.95369712681434],[7.269266277005189,47.95354222564475],[7.268937910170884,47.95342979008412],[7.268750774837574,47.953438395305795]]],[[[7.271534322916225,47.9694623565099],[7.271808922002816,47.96967227494184],[7.271891750445871,47.96973415254264],[7.271970743392393,47.96978174963298],[7.272032664446285,47.9698173500866],[7.272106720564267,47.969861972269335],[7.272194998722319,47.96991653163036],[7.272302323526715,47.96998094279565],[7.272409671679269,47.970077257146706],[7.272446529962637,47.97013323586476],[7.272471989803833,47.97017268571101],[7.272506857811897,47.970220625581554],[7.272538166474456,47.97026436891815],[7.272557338266394,47.97031071667627],[7.272575236648169,47.97035458725719],[7.27259340657862,47.970400160326776],[7.272628071641269,47.97048884388298],[7.272653790057537,47.97060470997914],[7.272659114062354,47.970629120358424],[7.272694730154146,47.9708044691931],[7.272711413918946,47.97096140020339],[7.272716742325282,47.971012487303234],[7.272724355027016,47.97107691988344],[7.272749022977597,47.97117975607422],[7.272755530228587,47.97120718764304],[7.272774013835694,47.97128825836173],[7.272823581284399,47.971403617432486],[7.27284651954866,47.97145505536331],[7.27287568031868,47.97151708190754],[7.272937403243668,47.97165002371247],[7.272994045305678,47.971763232763585],[7.27301042737296,47.97179661384744],[7.273061763308148,47.97190559976876],[7.273119466431178,47.972023636892814],[7.273162730707015,47.97211408034038],[7.273211284922618,47.97221685866306],[7.273234288005678,47.97226243606333],[7.273264216340701,47.97232398396894],[7.273265145822979,47.97232386003337],[7.273265627018687,47.972324833899634],[7.273588084956144,47.972262633891255],[7.273712576088562,47.972238638049646],[7.274003767552652,47.972183162060404],[7.274158605420469,47.97215436652446],[7.274349598433359,47.97211956877601],[7.274703564998462,47.97205036103949],[7.274939196339179,47.97200492549685],[7.274938357173223,47.97200450541117],[7.274938885192591,47.972004396071505],[7.274903766800423,47.97198665773768],[7.274746936704176,47.97190593516533],[7.274699343695352,47.97186666028957],[7.274627720957564,47.97180735086837],[7.274625554169595,47.97180544697062],[7.274513646111471,47.97167766662932],[7.274504189288621,47.971663590786804],[7.27444591451393,47.97157675816179],[7.274424324013112,47.97152707394177],[7.274415520523644,47.971506124843415],[7.274407267515215,47.97147037526449],[7.274395408077681,47.97143151242076],[7.274392914378375,47.971422230189226],[7.274257744602955,47.97121571592697],[7.274251793477513,47.97120682986646],[7.274239543845122,47.97118807901249],[7.274147442565373,47.9710778729902],[7.273954487254086,47.97084876673078],[7.273883516988323,47.97076591061319],[7.273807417270389,47.970676031100105],[7.273832168317447,47.97063015837799],[7.273843918558394,47.9706094528185],[7.273850497461935,47.97059118852074],[7.273798699447699,47.9705480106918],[7.27368265867271,47.970440477795314],[7.273602584587016,47.97036786644709],[7.273408836791201,47.97019042965821],[7.273291400311057,47.9700755569576],[7.273264590615524,47.970034353876564],[7.27322319467519,47.96996871685837],[7.273161841120646,47.96987361405025],[7.273103164033184,47.96977841385176],[7.273040122094664,47.969684003275475],[7.273026672277074,47.96966367371912],[7.272852970632957,47.96947847716941],[7.272851907387976,47.96947860596932],[7.272785311663899,47.96945326993836],[7.272688812760328,47.969373324486135],[7.272473571051438,47.969193874230456],[7.272359295402961,47.96909817240282],[7.272350079283793,47.969090396376515],[7.272349797168335,47.969090226387834],[7.272347688549512,47.96908904133389],[7.272143504688692,47.96898011647892],[7.272072224558913,47.96894161198407],[7.27200592836941,47.968904999061564],[7.27189422371361,47.968846154438054],[7.271889738895625,47.96884379404592],[7.271929397262474,47.96879305358152],[7.271966398215283,47.96874763697566],[7.272379994240078,47.968228256709246],[7.272379043086588,47.968228111054636],[7.27237953483874,47.96822755242036],[7.272064171463123,47.96817773742493],[7.271761284259422,47.96809457236939],[7.271648052143663,47.96806336126543],[7.27127370622624,47.96796107355048],[7.271010686504908,47.96791295745599],[7.27088800132525,47.96790597240005],[7.270634620498134,47.96789085114889],[7.270427615561718,47.96789333003947],[7.270414466175387,47.967893357462934],[7.270285493087137,47.96795653709884],[7.270275298909654,47.96796159417712],[7.270274651599654,47.96796188808319],[7.27036958981556,47.968169057956565],[7.270462654244637,47.96836629204198],[7.270528483957286,47.96850701668277],[7.270535172627556,47.96852173419937],[7.270535624763051,47.968522348634046],[7.270535632006945,47.96852243849533],[7.270704911603611,47.96877611340289],[7.27080548889129,47.96888006548173],[7.270878866803477,47.96895625665284],[7.27111678612663,47.96914407777584],[7.271199881006144,47.969209280748345],[7.27124916511216,47.96924795468638],[7.271260160716983,47.969257829080014],[7.271534322916225,47.9694623565099]]],[[[7.27740408618052,47.97251651339981],[7.277230801936136,47.97250966456137],[7.277156811338553,47.97267539429176],[7.277136076795271,47.97272112148877],[7.277289081812334,47.97275439443174],[7.277419748783871,47.97278361380141],[7.277459491682218,47.972948356844704],[7.27748048702477,47.97303384180345],[7.277505455363413,47.97314027129412],[7.277553250177996,47.97333491290777],[7.27758452885294,47.973464635167765],[7.277596154164698,47.973510536],[7.277609728113291,47.97356727097382],[7.277682093094558,47.97355093700567],[7.277829224450776,47.973518091360624],[7.278035751048046,47.97347118612502],[7.278181804137404,47.97343828916259],[7.278217235926285,47.97342996909035],[7.278337451793398,47.97340287959458],[7.278485862477767,47.97336926550498],[7.278582523339966,47.97334799048489],[7.27864009576542,47.97333462803019],[7.278712749528521,47.97331855325903],[7.279000100000852,47.97327365934225],[7.279119402037169,47.97325354191897],[7.279318144180006,47.973248195100574],[7.279400906491237,47.97324427902708],[7.279422317773827,47.97324349905793],[7.279505431682704,47.973242273849614],[7.27960050588803,47.973214656898485],[7.279626873817246,47.97320711720373],[7.279661179722306,47.973196494449084],[7.279746579264608,47.9731704014461],[7.279967248858416,47.973077644605695],[7.280019360058396,47.97305483704783],[7.280085003668459,47.97302675980523],[7.279912672877932,47.97285233782248],[7.279896877209068,47.97283624018012],[7.279787893994546,47.97271827158454],[7.279815344290946,47.972592899076666],[7.279828498471894,47.97255636985755],[7.279501530465629,47.972263659143856],[7.27938741070459,47.97217345557057],[7.279221603589896,47.97204151425003],[7.279118453376283,47.97196082459255],[7.279037037358927,47.971896647161955],[7.279036516607844,47.971896846380595],[7.279036509349086,47.971896756520046],[7.27898931603197,47.97191397705245],[7.278748327923677,47.97200936492903],[7.278560949004941,47.97204899518377],[7.27833713281887,47.97209445841041],[7.278222223753454,47.972100806293845],[7.278016178373941,47.97211371749297],[7.277872492006588,47.97212435750199],[7.277872521033864,47.97212471694442],[7.277871718126864,47.972124746182786],[7.277881513209209,47.972156293693025],[7.277889042981118,47.972183056952225],[7.277895583500029,47.97220255612079],[7.277932093440237,47.972420320125295],[7.277939004400216,47.972459362894426],[7.277944873848193,47.97249880408967],[7.277952702981515,47.97253592079872],[7.277953409232634,47.97253968032374],[7.277851180328491,47.97253520168705],[7.277581757466719,47.97252284174055],[7.27740408618052,47.97251651339981]]]]}}]}
