{"type": "FeatureCollection","name": "aoc_geojson","features": [{"type":"Feature","properties":{"dt":"Bordeaux","type_prod":"Vins","categorie":"Vin tranquille","type_denom":"dénomination géographique complémentaire","signe":"AOC","id_app":685,"app":"Côtes de Bordeaux","id_denom":2077,"denom":"Côtes de Bordeaux Cadillac","insee":"33438","cvi":"1R167S","nomcom":"SAINT-MAIXANT","insee2011":"33438","nomcom2011":"SAINT-MAIXANT","id_aire":1452,"crinao":null,"grp_name1":null,"grp_name2":null},"geometry":{"type":"MultiPolygon","coordinates":[[[[-0.265090131738454,44.580184628043575],[-0.264225703934475,44.58032443436613],[-0.264166874704814,44.580333922186476],[-0.264099424709337,44.580183554379104],[-0.263963909731448,44.579876529772655],[-0.263952385038427,44.579849479578165],[-0.26376024329564,44.57988408163839],[-0.263508758581293,44.57992800581682],[-0.263621445147908,44.580101995004455],[-0.263728465168932,44.58026083433998],[-0.263787588220465,44.5803479269025],[-0.263817050453178,44.580390845399265],[-0.263823410391754,44.580404893452716],[-0.263354275698855,44.58060914372592],[-0.263201046009376,44.580453471669905],[-0.263336215822976,44.58039505566572],[-0.26326447399546,44.580314282503906],[-0.262805333153735,44.58050607135121],[-0.262586957828335,44.58031168770961],[-0.262886020847338,44.580177069210876],[-0.262765728363848,44.58008295377314],[-0.262779125669518,44.58007264673676],[-0.262682594345781,44.579999183150605],[-0.26267006337777,44.58000703183702],[-0.262527111413948,44.57989385348956],[-0.262663630853314,44.579806475858696],[-0.263123827907586,44.57951536447113],[-0.263108602356243,44.57949842483794],[-0.262969908788769,44.579349891585785],[-0.262959305698925,44.57933876203304],[-0.263361338116574,44.579158030726745],[-0.263422397530718,44.57913045710108],[-0.263354869339378,44.57907019278185],[-0.263305019938164,44.5790169744679],[-0.26327338101811,44.578977814380316],[-0.263322513820382,44.57895545876382],[-0.263333672351764,44.578967472878745],[-0.263598432358223,44.57884584956141],[-0.263740879197196,44.57878037017532],[-0.263792209277286,44.57875677807428],[-0.263783708214477,44.578747118193405],[-0.26374646500174,44.57870479014155],[-0.263660500850977,44.578606958043856],[-0.263660621495929,44.57860686437641],[-0.263782172925123,44.57855065228153],[-0.264137767073315,44.578388860403656],[-0.264402260523676,44.57826706273393],[-0.264402391578072,44.57826714896084],[-0.264425197521944,44.57828872977684],[-0.264595111599414,44.57817729632339],[-0.264717289899879,44.57809709762429],[-0.264952151541865,44.57832585863705],[-0.264984885439533,44.57830551888277],[-0.264997812174774,44.57831540821295],[-0.265134391198377,44.57840994055727],[-0.264912350469007,44.57854643270371],[-0.264772839074351,44.578619034978075],[-0.264869882624434,44.57871005135773],[-0.26488893604761,44.57872777858215],[-0.264958896485914,44.5787930157572],[-0.265005961278188,44.578837305547644],[-0.265256465556259,44.5790748840192],[-0.26540794535987,44.57901084724497],[-0.265393261883856,44.57924716736013],[-0.265360091484293,44.579386274000086],[-0.265359965633164,44.57938627772184],[-0.265310289345274,44.57954731664359],[-0.265204304123573,44.57983976693919],[-0.265185603005125,44.57989564231538],[-0.265185477152849,44.579895646036924],[-0.265090131738454,44.580184628043575]],[[-0.264797001085419,44.57948077237101],[-0.264806904762295,44.57951030315432],[-0.264807030613737,44.5795102994332],[-0.264797001085419,44.57948077237101]]],[[[-0.26424644921248,44.576814188128765],[-0.26410877805591,44.57690763873898],[-0.26416257994474,44.57694857607309],[-0.264200163723756,44.576977198445],[-0.264204655898006,44.57698075979943],[-0.264097941220687,44.57705149066246],[-0.263978049715719,44.576999081900645],[-0.263929421900214,44.576973488970566],[-0.263607898563366,44.57676098319926],[-0.263517146043938,44.576708883994996],[-0.263368652582788,44.576632722336235],[-0.263262574373338,44.57657936397783],[-0.262957367555578,44.576391692726055],[-0.26288585094954,44.57634740400103],[-0.262386822272494,44.57601246687661],[-0.262359590707266,44.57599498093186],[-0.262190248616928,44.57589393516512],[-0.26154365880834,44.575524881024805],[-0.262190830070423,44.57512147975837],[-0.263155219602799,44.57452318099393],[-0.263357661363712,44.574693075341486],[-0.263462035342033,44.57478675912363],[-0.263574459272245,44.574901919292046],[-0.263683443367421,44.57501862266672],[-0.263788751544953,44.57513714654044],[-0.263836174819307,44.57519205800781],[-0.264136185554011,44.575518726452785],[-0.264186667067777,44.57557201566199],[-0.264192119944827,44.57557257526412],[-0.264235493735946,44.575620668505074],[-0.264178496718639,44.57564866317321],[-0.264100658073046,44.57568682470182],[-0.264096855835749,44.575688649033864],[-0.264016043690094,44.575727709318286],[-0.263937506089121,44.57576904493726],[-0.263909184863392,44.57578501918407],[-0.263977688582344,44.57584912850635],[-0.264050164622757,44.575918706645865],[-0.264032327578249,44.57592851439483],[-0.264023039683789,44.575920499640176],[-0.264003230776608,44.5759310864881],[-0.264013100117108,44.57594043557624],[-0.264068065418582,44.57599278139335],[-0.263999111503463,44.576036356569745],[-0.263944155890555,44.57607131866525],[-0.26401809823838,44.576133555280954],[-0.263974045987563,44.576163059284205],[-0.264053066670509,44.57621937927008],[-0.264045876087932,44.576223646403385],[-0.264145402768494,44.576307561858975],[-0.264323083449644,44.57619319610448],[-0.264354316619607,44.576173081096336],[-0.264413272774964,44.57623774276639],[-0.2644700750045,44.57630003535592],[-0.26460118897687,44.57640914591971],[-0.264555059926721,44.57643979278293],[-0.264491816613063,44.57648184790381],[-0.264381363418663,44.57655548274259],[-0.264273574420301,44.5766272366715],[-0.264385273612,44.57670799894067],[-0.264377395592634,44.576713457737995],[-0.264335094500327,44.576742729908275],[-0.26424644921248,44.576814188128765]]],[[[-0.26417361787562,44.57766212341616],[-0.264265890685948,44.577744811713345],[-0.264237253483649,44.57776187658928],[-0.264092278393872,44.57784896566791],[-0.263888942259095,44.57797102715036],[-0.263614193952268,44.57813781700578],[-0.263373504628882,44.57828539903715],[-0.26332540356441,44.57824059863085],[-0.263373373576014,44.578285312808994],[-0.262972299786878,44.578517373760896],[-0.262914011799859,44.57855144264954],[-0.262898407795948,44.57856064359853],[-0.262854001880256,44.57860151034056],[-0.262831543482271,44.578636052124686],[-0.262816202227057,44.578667230043216],[-0.262770383231216,44.57875994682169],[-0.26271805208736,44.578816364932365],[-0.262562548623352,44.5789133137433],[-0.26235004001137,44.57880498365771],[-0.262396015126876,44.5787738017182],[-0.262405502934145,44.57878090970523],[-0.262431241456319,44.57876384087298],[-0.262396523941466,44.57873900754333],[-0.262408520051126,44.578730634079385],[-0.262394697117999,44.57872050063015],[-0.262403897526714,44.578713921695375],[-0.262267050592498,44.578605968885505],[-0.261917743044051,44.578822080176145],[-0.261869121654756,44.57878134908008],[-0.261811128055507,44.578733326313],[-0.261792981542372,44.57871818473538],[-0.261764776304947,44.57869478066422],[-0.261634978216788,44.578586618883335],[-0.261753482929434,44.57851256890577],[-0.261830386726005,44.578466868251226],[-0.262207409142263,44.57824173916485],[-0.262273737985915,44.57815706641827],[-0.262499416701981,44.57806813587746],[-0.262556230679699,44.57803474147044],[-0.262206558825818,44.57775404559302],[-0.261970535244372,44.57789950440625],[-0.261491786397503,44.57819449275128],[-0.261246999638417,44.578345434660534],[-0.261110661470018,44.5784293813247],[-0.260959517729206,44.57831175790395],[-0.260891942160942,44.578259332419314],[-0.26097352768973,44.57820520479077],[-0.260876625411577,44.57812958836997],[-0.260842706710736,44.57810328937813],[-0.260729598506222,44.578013374827684],[-0.260548213823049,44.577987556171884],[-0.260458267228575,44.577929754274784],[-0.260366905427292,44.577860551237805],[-0.260335534213022,44.57783687992039],[-0.260300840056065,44.57781024327045],[-0.26020795914234,44.57773874233974],[-0.260186185663165,44.577721905593826],[-0.260119999966501,44.577671691184776],[-0.260070456187192,44.577634590668225],[-0.260030934365466,44.57760512314146],[-0.260003263916187,44.57758440591677],[-0.259931779525357,44.57752975268795],[-0.260020890840034,44.577472790644116],[-0.260074497121859,44.577438411040006],[-0.260705713161308,44.57703540011041],[-0.260651790939585,44.57699887967818],[-0.260371036864774,44.576808857493134],[-0.260677988692417,44.576544896740295],[-0.260826624731321,44.576416437755924],[-0.260555150114331,44.57622334896159],[-0.260557345699501,44.57621553541916],[-0.260568407771033,44.57618664665972],[-0.260583312751021,44.57615881573019],[-0.260634526647649,44.576091799731195],[-0.260851990890887,44.57595464058698],[-0.261181894533286,44.57574982768752],[-0.261514820187281,44.57554717701077],[-0.262306651106161,44.57599942837698],[-0.262329280440408,44.57601362646679],[-0.262353110009549,44.5760289604058],[-0.262409507665265,44.57606468604492],[-0.262061537256355,44.57628183975571],[-0.262021507695138,44.57630680913729],[-0.262209151113808,44.57645182453145],[-0.262226312054785,44.57646519310188],[-0.262364296730377,44.576573292299116],[-0.262406508301066,44.57654681669803],[-0.262748745200323,44.5768124140902],[-0.262849461807617,44.576895124226645],[-0.262931666292855,44.57696072148506],[-0.263033516047401,44.57704339798782],[-0.263125019330852,44.57711718984319],[-0.263231922408284,44.577204402113466],[-0.263301384676674,44.57726109527657],[-0.263404750879354,44.57734381676185],[-0.263490961083663,44.57729342485714],[-0.263655356209581,44.57719774352545],[-0.263792813158015,44.57711799525843],[-0.263813173682177,44.57710604062982],[-0.263945249107794,44.57702915428212],[-0.26429680622119,44.57717679923991],[-0.264338288360082,44.57718782664344],[-0.264499472864668,44.5772915433248],[-0.264395292343844,44.57735814498777],[-0.26435200573966,44.577385644265824],[-0.264280521161374,44.57743343908275],[-0.264216882453872,44.57747739784379],[-0.264204919030213,44.577484148723414],[-0.264196968010835,44.57748834824377],[-0.264063927641911,44.57756382178753],[-0.26417361787562,44.57766212341616]]],[[[-0.263512088751052,44.57824904675268],[-0.263511968106618,44.57824914041994],[-0.263485877781816,44.578264477030295],[-0.263512088751052,44.57824904675268]]],[[[-0.263404928457722,44.5783121314349],[-0.263404802608859,44.57831213515442],[-0.263485877781816,44.578264477030295],[-0.263404928457722,44.5783121314349]]],[[[-0.260894350123155,44.575298353707545],[-0.260496250250694,44.5752305512249],[-0.260265533336382,44.575186366947285],[-0.260002613987921,44.57512808612778],[-0.259934024255205,44.57511037915192],[-0.259917672810587,44.57512626923489],[-0.259585601778087,44.57537430071509],[-0.259454959913152,44.57547384490624],[-0.259438668707268,44.57548423696546],[-0.259299074579183,44.57539176941257],[-0.259283963412436,44.57538113304995],[-0.259249537428837,44.57535692096965],[-0.259221578885523,44.57537919035196],[-0.259035258069827,44.57552741038797],[-0.258824985867708,44.575693095833486],[-0.258701405881763,44.57579053852815],[-0.258674412085407,44.57581205848055],[-0.258516493742714,44.57593700413651],[-0.258418059465703,44.57601586436039],[-0.258365569601966,44.57598227396549],[-0.258127461955406,44.57617680089531],[-0.258035512412145,44.576119146431886],[-0.258032506578475,44.576121667857464],[-0.258027794345499,44.57611865336687],[-0.257987753373725,44.57609325505846],[-0.257837910764439,44.57599793453115],[-0.257488763157167,44.575793344946526],[-0.25730599148526,44.575922355780904],[-0.257037500373446,44.575717367552635],[-0.257276498028037,44.57553822408387],[-0.257526807947594,44.57535198873458],[-0.257236015595025,44.57516243563007],[-0.257297368368253,44.5751137730994],[-0.25757750400859,44.57489178859141],[-0.257806645639769,44.57471014154608],[-0.257764619448542,44.574683089861004],[-0.257585104617018,44.57456720063481],[-0.257428059818163,44.57446713669237],[-0.257376111705439,44.57443416063187],[-0.257042258818533,44.57422137017591],[-0.257216780402639,44.574078367156254],[-0.257536933686625,44.57381600817542],[-0.257572051043761,44.573799835080074],[-0.257537226114606,44.573779598746306],[-0.257291343756123,44.57362980712597],[-0.257149982035347,44.57354369638196],[-0.256816219944408,44.57333892180537],[-0.256766563075036,44.573308490853904],[-0.256808000613543,44.57328825722956],[-0.257641439821393,44.572879748852884],[-0.257983371239408,44.57270216157783],[-0.258220476624372,44.57255163367005],[-0.258513288923185,44.572370448579214],[-0.259436391981861,44.57179295316943],[-0.259596641107909,44.57193544711067],[-0.259684812034796,44.57201069118613],[-0.259737293537678,44.57205509318518],[-0.259799736656097,44.57211046366633],[-0.259947936622789,44.57224727616117],[-0.259990417319441,44.5722865672891],[-0.260070274837269,44.572359713946156],[-0.260148141054902,44.57243111733347],[-0.260272751386983,44.57254141550822],[-0.260283906931583,44.57255559235745],[-0.260322267614002,44.572604285452094],[-0.260420472841221,44.57270698383797],[-0.260225241365018,44.57283168252992],[-0.260367254375465,44.57296390192733],[-0.260281846597731,44.573021565912164],[-0.260411637563315,44.57313423385051],[-0.260477538348677,44.57309237292534],[-0.260653543984695,44.57298833413554],[-0.260663786754026,44.57298235526276],[-0.260829543812285,44.573132794109085],[-0.260907889409211,44.57320373237911],[-0.260917795203151,44.57321154890833],[-0.260983168312183,44.573263048031954],[-0.261087556498599,44.5733461915552],[-0.261111741328756,44.573372057042924],[-0.261141884243491,44.57339414249372],[-0.260850576830354,44.57357078521603],[-0.261018577303479,44.573705480020976],[-0.261308382087016,44.57352464648252],[-0.261348912597136,44.57355633617216],[-0.261582796576961,44.573698995115834],[-0.261735110258846,44.573780361896226],[-0.261986534421057,44.57391241053533],[-0.26250941334704,44.57416969734475],[-0.262621694085503,44.57422359374197],[-0.262797398722698,44.5743213871851],[-0.262955533766984,44.57440744584037],[-0.263105210445169,44.57450853088156],[-0.262597352798449,44.574829252882274],[-0.262151061633074,44.575105175109464],[-0.261501735344721,44.575508369492425],[-0.261135027256484,44.57537089470099],[-0.261038620501963,44.57534301765329],[-0.260943278824848,44.57531393775215],[-0.260894350123155,44.575298353707545]]],[[[-0.261041151461017,44.58078344040457],[-0.260951308172016,44.580675178859494],[-0.260839283082139,44.58073056573937],[-0.26074544401084,44.58064476718805],[-0.260201077803608,44.58091303481362],[-0.260212230438268,44.58088351268413],[-0.260249320471737,44.58078799134372],[-0.260288460445231,44.58069304017391],[-0.260287179410718,44.58066433565977],[-0.260261323768811,44.58061833645946],[-0.260204565742455,44.58054153398157],[-0.260181188592332,44.580510058010624],[-0.260110230465373,44.58041223063091],[-0.260100956202906,44.58038700576561],[-0.260111546029176,44.580360834017704],[-0.260126477076858,44.58034651757548],[-0.260195089663599,44.58030998296778],[-0.260499678413447,44.58015745797847],[-0.260816837295786,44.57999996573041],[-0.26094832616201,44.58012862176678],[-0.261376452136644,44.57991712360918],[-0.261469217544149,44.579999619552936],[-0.261638295547521,44.58015041070076],[-0.261765624961752,44.58026378135747],[-0.261692450500054,44.58030207355019],[-0.261291536332125,44.580506732416495],[-0.261371776506182,44.58059716693998],[-0.261349369333103,44.58060864092363],[-0.26137987302661,44.58064125770159],[-0.261255025854123,44.58069945646596],[-0.261049897829252,44.580795165587524],[-0.261041151461017,44.58078344040457]]],[[[-0.260520916093315,44.57624391187645],[-0.260510008266038,44.576236214979524],[-0.260242011370421,44.57604437430686],[-0.26013428188907,44.575966734513486],[-0.259917116156967,44.575808081192974],[-0.259820274176086,44.57574868051271],[-0.259976161974938,44.5756300999374],[-0.260473519382575,44.57525383787779],[-0.260631793316389,44.57527907745699],[-0.260888336672974,44.575318623879085],[-0.261048467406292,44.57536507192054],[-0.26123171086134,44.575434083170876],[-0.261416397268328,44.57550188019316],[-0.261477031796107,44.57552369562512],[-0.261359444072259,44.57560042134228],[-0.26091111892274,44.575882795554776],[-0.260666363469753,44.57604067315635],[-0.260608014168574,44.5760845636725],[-0.260556244972996,44.57613979279677],[-0.260535401225957,44.576184828228186],[-0.260520916093315,44.57624391187645]]],[[[-0.259692319797265,44.580990404907645],[-0.259449034104548,44.581198152143756],[-0.259449028906471,44.58119806219585],[-0.259692319797265,44.580990404907645]]],[[[-0.25807798653116,44.582362988619565],[-0.258078117585405,44.582363074854115],[-0.257920909471117,44.58243736150839],[-0.257920783612695,44.58243736522167],[-0.25807798653116,44.582362988619565]]],[[[-0.256770699480358,44.57522067190798],[-0.256549645654363,44.57507960665901],[-0.256770825322764,44.575220668196025],[-0.256770699480358,44.57522067190798]]],[[[-0.257028669695494,44.581718724917756],[-0.257085823274076,44.58177623563347],[-0.257085702611434,44.58177632929385],[-0.257028669695494,44.581718724917756]]],[[[-0.256515481883469,44.5750577286615],[-0.256515476690633,44.57505763871366],[-0.256549645654363,44.57507960665901],[-0.256515481883469,44.5750577286615]]],[[[-0.256858397102862,44.58300552783651],[-0.25661947949766,44.58312330862912],[-0.256568068523898,44.58314780063197],[-0.256403669376429,44.583226441757134],[-0.256292588486894,44.583283057376626],[-0.256019459407187,44.58341319841158],[-0.255820761461436,44.58351141081755],[-0.255759357549238,44.58353971100837],[-0.255725628467853,44.583556022668745],[-0.255675197639493,44.58358003483325],[-0.255441920638325,44.58369296139695],[-0.255316319736629,44.58375360809634],[-0.255159187176679,44.58382933003382],[-0.254880129541941,44.58368861838011],[-0.254675742912105,44.583585620105396],[-0.254677757588494,44.58330156171497],[-0.254654532565327,44.583211514332845],[-0.254638179582306,44.58317063986371],[-0.254612144440641,44.583123653574305],[-0.254575355429722,44.583073830688484],[-0.254556882464036,44.5830530211586],[-0.254514981322969,44.58301073722306],[-0.254437403479343,44.58294445660842],[-0.25439379108728,44.58291402632156],[-0.254348987617053,44.58288480243678],[-0.254332904830347,44.582874824676026],[-0.254284284115634,44.58284499245559],[-0.254228092424038,44.58281286049977],[-0.254134372715313,44.58275741702855],[-0.254066362192515,44.58270617143802],[-0.25396551196575,44.582605797287854],[-0.253930872531075,44.58255825351111],[-0.253855028800682,44.582419299923934],[-0.25379107627136,44.5822329631277],[-0.253750801409799,44.58213143459559],[-0.253707909428647,44.58204791329377],[-0.253594312788815,44.58187078792245],[-0.253524017320857,44.58175149296011],[-0.253488075372278,44.58166605490619],[-0.253392793127804,44.581402072951235],[-0.253323074654698,44.58121626632673],[-0.253311755954466,44.581186145644914],[-0.253255694172039,44.581057871625426],[-0.253209834448968,44.580942541876205],[-0.253333973445509,44.58085662219856],[-0.253506155399109,44.58073811185776],[-0.253800854979795,44.58053183665321],[-0.254018160547384,44.580686353557276],[-0.254439594393094,44.58038678126905],[-0.254485668679353,44.580392180887515],[-0.254744072007059,44.58042213668077],[-0.254317719493524,44.58073257716706],[-0.254373076191125,44.580772121890085],[-0.254405563660959,44.580795491700634],[-0.254391971329674,44.58080463210803],[-0.254412230113618,44.58081926211547],[-0.254434575249987,44.58083509204427],[-0.254573415874489,44.580934075597746],[-0.254801413661018,44.58107719351252],[-0.254977022758173,44.58121689974054],[-0.255133857873913,44.581341481560564],[-0.255599882365314,44.581036896088165],[-0.255972021145203,44.58079634577048],[-0.256032511922921,44.58083745023374],[-0.256317128352937,44.58108773781661],[-0.256158546781682,44.5811818847276],[-0.256204595845801,44.58122395558698],[-0.256300970839667,44.58131229599162],[-0.25598221521672,44.58150360980219],[-0.255568178441255,44.581752243049735],[-0.25566325302698,44.58183116174041],[-0.255840707967487,44.58197874125485],[-0.256099175872874,44.58182623725762],[-0.256140905233478,44.581802211149146],[-0.256288363587899,44.58192589666685],[-0.256368845781049,44.5819856931411],[-0.256447351992779,44.582044016114764],[-0.25651585173023,44.58209497553503],[-0.256653632692651,44.58219732172065],[-0.256759401838628,44.58229547611649],[-0.256837072605959,44.582367699080784],[-0.256910359301348,44.582440411709605],[-0.256910364495491,44.58244050165769],[-0.256986819819394,44.58251131876081],[-0.25709843959086,44.582614706391595],[-0.257122811944973,44.5826372336334],[-0.257204977639321,44.58259516544675],[-0.257377219753323,44.5827549700668],[-0.257293450137324,44.58279546386975],[-0.257162334998079,44.58285879825731],[-0.256933580518214,44.582969161979634],[-0.256858397102862,44.58300552783651]]],[[[-0.25644083074151,44.58075413919277],[-0.256266074148149,44.5806423414794],[-0.256440956596276,44.58075413548118],[-0.25644083074151,44.58075413919277]]],[[[-0.255947643359569,44.58072128950597],[-0.256025412757342,44.58077125500185],[-0.25602528690251,44.58077125871298],[-0.255947517504844,44.580721293217],[-0.255905585146102,44.580698112236725],[-0.25575838115925,44.58062244280508],[-0.255660622323763,44.5805821667261],[-0.255602513330276,44.58055829127627],[-0.255420671899036,44.58049625681283],[-0.255313207328043,44.58046473609231],[-0.255133837246146,44.58042803683541],[-0.254962488461003,44.580403624898786],[-0.254760876477174,44.58038127605908],[-0.254774104027459,44.58036800170474],[-0.255011129749935,44.58012801337089],[-0.254871133396227,44.580070150602424],[-0.254648232288016,44.57997815029355],[-0.254509914288278,44.579920958431444],[-0.254383093301523,44.579868563316914],[-0.254379399455734,44.579872276227746],[-0.25433040114895,44.57984678011889],[-0.254437635379708,44.579725767421564],[-0.254440479383647,44.57972262016276],[-0.254470415358351,44.579688670751004],[-0.254336270839704,44.57962513872323],[-0.254266533091535,44.57959196454214],[-0.25412821824768,44.57974020254001],[-0.254092807137413,44.57969673620553],[-0.25368037986768,44.57953391361822],[-0.253839105615531,44.5793657931237],[-0.253903492967387,44.579297491270694],[-0.253931423165887,44.57926810617266],[-0.25404244345739,44.57931979607632],[-0.254310049737839,44.57905268868984],[-0.254338113237551,44.57906276380593],[-0.254394358262435,44.57900848708338],[-0.254188619351505,44.57891670101041],[-0.254078993148039,44.5788673128232],[-0.253777626968147,44.57865409490762],[-0.253583820747561,44.57880847244969],[-0.253544264090383,44.57876305581609],[-0.253451752705716,44.578656309013155],[-0.253250857174458,44.57843643521248],[-0.253103427272381,44.578267064260764],[-0.25294162373961,44.57811730810727],[-0.252856908599125,44.57804078532844],[-0.252832200752622,44.57799051609472],[-0.252901786964554,44.57775005903566],[-0.253132240210913,44.577846435084574],[-0.253189852348534,44.577870506535255],[-0.253341869383675,44.577658254771954],[-0.253199306843249,44.577599474675104],[-0.253064115053066,44.57754390108169],[-0.253063989205237,44.57754390478943],[-0.252961315351103,44.577501338668],[-0.252961194690758,44.577501432323714],[-0.252902091741886,44.57729630187155],[-0.252805967811767,44.57701099106016],[-0.252806126849993,44.576983145200856],[-0.253018202399615,44.57628221942702],[-0.253042573003136,44.57619113023644],[-0.253094360552031,44.57610986515849],[-0.25332451974334,44.57589963593469],[-0.253528867187217,44.57571836837704],[-0.253643906345398,44.57572840345945],[-0.254291002082718,44.57611586808751],[-0.254539977655337,44.57590192807075],[-0.254792342646814,44.57568995986148],[-0.255105413425434,44.57543340340038],[-0.25582852818363,44.575823032938814],[-0.256086036372515,44.57596230385301],[-0.256231700485707,44.576042072319275],[-0.256639117076875,44.57626251687174],[-0.257049301444918,44.5764806258625],[-0.257127741514963,44.57652264167493],[-0.257732861139813,44.57684843492049],[-0.257917897715067,44.57694848371383],[-0.258827601258715,44.57743809780141],[-0.258934791681515,44.57749548208687],[-0.25868714638717,44.577640645962575],[-0.25848437253328,44.57775952702855],[-0.258341314955149,44.57784285756216],[-0.258064970266765,44.578004093979025],[-0.258386567115962,44.578239949621285],[-0.2583965992937,44.57824776267869],[-0.258561138498982,44.57813911040312],[-0.25881971089907,44.57834231604443],[-0.258986538351302,44.578471823224454],[-0.259029560998534,44.57850515226196],[-0.259075891052217,44.57854117680132],[-0.258877968712691,44.5786633392108],[-0.258460708505969,44.57892325169297],[-0.258511987793685,44.57897075347898],[-0.258561789273105,44.57901667703438],[-0.25861040101394,44.57906164456814],[-0.258662063302885,44.57910922509282],[-0.257994200488304,44.57946771364856],[-0.258102127688083,44.57955526105001],[-0.258220553513548,44.57965213940069],[-0.258252453091326,44.579678408684586],[-0.25828632362074,44.5797060614208],[-0.258311456648431,44.57972649357609],[-0.258333142625247,44.57975054139326],[-0.258487472428664,44.57991898161812],[-0.258297216889636,44.58001902202219],[-0.258450452258745,44.58011613442668],[-0.258514528578819,44.580151635565976],[-0.258581829262549,44.58018839303665],[-0.258631028393536,44.580215142820265],[-0.258714368883001,44.580274222485215],[-0.258802376091291,44.58034424682513],[-0.258877201591137,44.58040213606035],[-0.258880498652465,44.58040465169056],[-0.258964172306048,44.58046948783813],[-0.25915406332446,44.580609667135896],[-0.259453940708522,44.580820572773085],[-0.259517048810127,44.580865472503184],[-0.259607514847318,44.58093001761214],[-0.25938236365067,44.58110470278425],[-0.259122309281805,44.58131681858756],[-0.25913016209204,44.58132181268849],[-0.258828641271718,44.58157560713889],[-0.258828646468841,44.58157569708683],[-0.258792894846199,44.58155260503667],[-0.258732876473414,44.58151536240677],[-0.258671027501815,44.58147916488445],[-0.258611532365421,44.5814444295902],[-0.258492832573303,44.58151091322757],[-0.258475123848366,44.58152080633542],[-0.258373513611924,44.58157759520413],[-0.258229750506175,44.58165761250139],[-0.25817450755732,44.58168338968372],[-0.258120062419417,44.5817077016762],[-0.258011319211634,44.58176542146983],[-0.257879390329304,44.58183643939637],[-0.257848200803544,44.58185303722085],[-0.257769552601404,44.58178354684077],[-0.257756797258634,44.58176788512571],[-0.257753466661774,44.58176915470341],[-0.257596034671324,44.58162999757587],[-0.257237829309003,44.58183455248053],[-0.257069089187449,44.58166329174265],[-0.257440485845908,44.581462312701184],[-0.257447177224511,44.58144283363554],[-0.257431152402005,44.58145132537712],[-0.257367413904982,44.5813911258563],[-0.257291711493905,44.58143156192179],[-0.25726017042334,44.581448620455404],[-0.257252282584673,44.58144083411995],[-0.257266304120761,44.58143258170099],[-0.257253332460908,44.58141971945641],[-0.257235707846961,44.58142888906851],[-0.257154636178917,44.58136325404208],[-0.257090494962763,44.58131135556894],[-0.257010058286392,44.581359319384376],[-0.256980019388761,44.58131506468413],[-0.256777224746297,44.58143169037967],[-0.256777098890043,44.581431694091634],[-0.256979893532778,44.581315068396336],[-0.256861759220198,44.58121016100317],[-0.256939525673243,44.581163987978805],[-0.256996073569783,44.58113024402175],[-0.257553506171977,44.580799797745804],[-0.257530855340181,44.58078523885841],[-0.257391433041949,44.58069591687675],[-0.257123084038096,44.58052435114208],[-0.257036534008665,44.58058213615324],[-0.257001450244092,44.580605516100015],[-0.256882214931453,44.5806823754159],[-0.25677364179611,44.58075612698752],[-0.256610638169213,44.58064046920817],[-0.256298324122351,44.58041920092818],[-0.256129542432951,44.5805550050647],[-0.256266074148149,44.5806423414794],[-0.256129416578608,44.58055500877595],[-0.255947643359569,44.58072128950597]]],[[[-0.252824026892481,44.57268553008625],[-0.252834723271643,44.57267647517368],[-0.252964697170694,44.57257182301663],[-0.25312817209718,44.572444829710186],[-0.253136884778838,44.57243853623877],[-0.252993966845554,44.5723405730515],[-0.252876111070344,44.57225971123348],[-0.252649047992642,44.572103679110874],[-0.251758086070969,44.57290542074913],[-0.25173281286889,44.57289120839462],[-0.251522545825537,44.5727728819334],[-0.251937117093513,44.57240098985901],[-0.252177654193161,44.57218730381984],[-0.252436172788384,44.57195759018369],[-0.252412673278507,44.571941343530895],[-0.252436190896165,44.57192073847007],[-0.252113382050329,44.57169121065075],[-0.251797888077156,44.57196026371669],[-0.251684965100966,44.57189277052296],[-0.251442084579436,44.5721051729504],[-0.251432527477335,44.57203121147888],[-0.250969536796056,44.57240939277632],[-0.250868295422739,44.57234993412199],[-0.251349069606234,44.571941316140844],[-0.25106213829414,44.57173496585673],[-0.250992744106999,44.57168348951847],[-0.250734738030244,44.57190030013823],[-0.250639285106491,44.57189752436313],[-0.250509359919098,44.571893691124025],[-0.250412889968773,44.57189076489588],[-0.25018125935379,44.571880645170395],[-0.250161358089398,44.571878708223004],[-0.250297271342537,44.57175676537305],[-0.250516110154009,44.57156021031322],[-0.250097368752867,44.57143315256143],[-0.250080728178063,44.571424362073635],[-0.250030030750142,44.57139765302906],[-0.249858955504996,44.57130745269047],[-0.250048726652324,44.57112707131993],[-0.250128061851039,44.5710513939744],[-0.250118696081528,44.571046353758966],[-0.250083848152172,44.571027827814305],[-0.249844478086498,44.57090080464342],[-0.249729934858864,44.570840114844444],[-0.249884713950175,44.57069779506843],[-0.249952515873154,44.57062759308282],[-0.250152443970922,44.57041790014359],[-0.250219196907035,44.570456390096766],[-0.250253100059207,44.570476025006144],[-0.250272915829853,44.57048742499407],[-0.250346974671973,44.57053020481383],[-0.250651071244993,44.57069992086672],[-0.250831376254612,44.57053252095893],[-0.250802504726635,44.57051490047598],[-0.250548327965018,44.57035840148007],[-0.250568179487316,44.5703397968828],[-0.25063753388052,44.570274684470284],[-0.250718964763846,44.57019822415865],[-0.250745756763913,44.57017319823018],[-0.250890411703937,44.57003243646629],[-0.250679400652635,44.56991629322393],[-0.25039156360783,44.56976619112886],[-0.250201946029363,44.56999945763289],[-0.250076720932843,44.57015370213507],[-0.249925815840182,44.57008318087891],[-0.249877628198885,44.57006063265805],[-0.249869073827618,44.57004998231308],[-0.24986448388012,44.570038134061285],[-0.249864282483976,44.57002588632253],[-0.2498651403314,44.570021085743946],[-0.250103838312225,44.569685822828745],[-0.250360076631809,44.56931814736845],[-0.250559429683687,44.56904170608877],[-0.250754981867479,44.5688174544257],[-0.251068274147639,44.56844917840206],[-0.251216482418748,44.568278308050196],[-0.251343813922765,44.568211037201635],[-0.252257353779707,44.56845803415416],[-0.252734740439731,44.56855758640245],[-0.253361142894676,44.568725456536676],[-0.253694468235042,44.56881627556771],[-0.25402913856429,44.568904170763204],[-0.254365405494043,44.56898913469219],[-0.254602952137764,44.56904736486244],[-0.254848844218241,44.56910823171503],[-0.25494048426359,44.569132379898576],[-0.255253562934043,44.56924793831664],[-0.25560975684014,44.5694138521825],[-0.255636146354732,44.569427760391044],[-0.255875460910659,44.56955369156359],[-0.255929534853217,44.569582100372735],[-0.255694313533266,44.56975860692777],[-0.255505116852412,44.569900508601485],[-0.255722823881826,44.57007789417656],[-0.256037931306906,44.57030709799032],[-0.256228164879425,44.57017660760007],[-0.256301992369568,44.57012577563292],[-0.256380193876412,44.5700721115736],[-0.256589180687623,44.569930255282195],[-0.25674539370621,44.57002052336476],[-0.256884443477743,44.57010823414288],[-0.256520504428074,44.570369450209625],[-0.256416170605384,44.57044424795684],[-0.256637461591784,44.570587558187746],[-0.257103742236033,44.57026070237316],[-0.257112338692651,44.57025459220138],[-0.257228610842082,44.57032981985843],[-0.257397682540587,44.570437547689934],[-0.257436277952771,44.5704619975701],[-0.257318555512463,44.57054503001313],[-0.257282832177968,44.57057032113005],[-0.256924705857947,44.57082307776757],[-0.257105587249838,44.57095631665097],[-0.257495762815508,44.57069540571056],[-0.257643336482088,44.57059671570935],[-0.257770444864674,44.57067621824675],[-0.25780703883878,44.570698744848656],[-0.257988756017294,44.57081150476048],[-0.258192238982403,44.57094101152777],[-0.258372358249259,44.57105444872933],[-0.258483104538815,44.57112560353178],[-0.258546858445533,44.571166609896146],[-0.258601298984104,44.571201313747515],[-0.258709687320163,44.5712709161231],[-0.258536955782974,44.57138359495341],[-0.258433470647634,44.57145125163637],[-0.258194894509421,44.571606779043655],[-0.258164290842782,44.57162687370547],[-0.258397294379798,44.571817858905966],[-0.258544822195026,44.57193874510916],[-0.258601905929992,44.571903542724186],[-0.258648405681353,44.57187495976999],[-0.25865631475516,44.571870041077595],[-0.258827565329386,44.5717644336658],[-0.258867482836377,44.57173973904456],[-0.258974821644209,44.57182387845414],[-0.259033382939381,44.57187098452722],[-0.259201534471437,44.571775018701786],[-0.259330351692306,44.571700756867024],[-0.259386625139327,44.57175189474129],[-0.259103437618075,44.57192721189668],[-0.257911804300258,44.57266994496734],[-0.257340650018459,44.5729599834992],[-0.257089682760939,44.57308226626097],[-0.257189852791933,44.57301606024383],[-0.257153263308107,44.57303074493757],[-0.256773027403489,44.57321522590162],[-0.256714598262766,44.57321406619626],[-0.256645250239743,44.57316133039773],[-0.256414913518815,44.57298377788831],[-0.256663119194101,44.57281364446571],[-0.256564000808065,44.572743045789515],[-0.256547564992413,44.572731276860566],[-0.256467965948658,44.57266253508549],[-0.256262615245591,44.572799868811835],[-0.256199729324774,44.57268873700406],[-0.256156036692095,44.572608754624014],[-0.256101507357321,44.57250917953764],[-0.256002319627248,44.57233253372482],[-0.256220551524457,44.5722043712591],[-0.256307286847667,44.57215000509666],[-0.256111525159162,44.57197737906331],[-0.25607235721908,44.5719539366862],[-0.255964500625054,44.57190224614815],[-0.255938412964043,44.57187175050964],[-0.255940594927905,44.5718702445476],[-0.255850203237968,44.57180010877976],[-0.255772442185376,44.57173915116284],[-0.25573994086765,44.57170235736114],[-0.255731323276854,44.571708107638734],[-0.255645985575786,44.57172116594952],[-0.255601799727287,44.57173526323218],[-0.255426267665179,44.57185414643254],[-0.255053208814529,44.57210616564239],[-0.254865981006138,44.57196995694316],[-0.254667337108749,44.572103395767165],[-0.254680643312197,44.572113365098765],[-0.254888521424609,44.572271040022784],[-0.254672172658401,44.572427526004695],[-0.254662856916189,44.57243428788406],[-0.254609899457276,44.57247333095106],[-0.254545412992188,44.572520102111085],[-0.254521221297436,44.5725377541851],[-0.254464361414399,44.57257907463253],[-0.254288359898547,44.57270301540045],[-0.254215094141728,44.57275274815542],[-0.254150671905669,44.57279627354943],[-0.25397234168638,44.57291920121191],[-0.253946760240305,44.57293680401156],[-0.253599869903018,44.57317507225499],[-0.25378070965034,44.5732901175665],[-0.253810002549579,44.573308445748246],[-0.253916592278361,44.57337531271293],[-0.253980864328644,44.57341657675867],[-0.254045398527717,44.57345801324578],[-0.254198211798343,44.57355262016716],[-0.254216388351478,44.57356397773135],[-0.254227734624238,44.57355526392696],[-0.254243323060432,44.57356327393933],[-0.254455203506498,44.57367226756988],[-0.254753616031835,44.57384781730876],[-0.254769164252023,44.57383546564268],[-0.254933852755608,44.57392611751619],[-0.254953634351229,44.573936887045306],[-0.255045901426957,44.573987056090516],[-0.255101734498374,44.574017485926795],[-0.255127250351752,44.574031510201145],[-0.255111381731802,44.574044862475276],[-0.254704394190525,44.574384197196416],[-0.255052269546298,44.574571442943125],[-0.255023925751099,44.57459579489727],[-0.254715618198396,44.57489987412991],[-0.254495645034334,44.574786163790556],[-0.254395192399925,44.574884721773564],[-0.254237410272602,44.57479801008574],[-0.253833960089872,44.57458041383038],[-0.253652529511557,44.57448142378068],[-0.253437579517431,44.57436513071455],[-0.253285738081581,44.574283018059354],[-0.25316030244996,44.57421724632788],[-0.253025245047181,44.57414418948909],[-0.252684842372769,44.5739617631619],[-0.252877424509201,44.573738315853014],[-0.253097782461597,44.57348287491992],[-0.253097903113126,44.573482781264204],[-0.253449072063158,44.57308040518959],[-0.25334034553972,44.573011438360915],[-0.253255203782436,44.57295799462112],[-0.253104496627645,44.5728626937504],[-0.253069968396318,44.57284100572619],[-0.252927490446977,44.57275068800909],[-0.252824032079216,44.57268562003416],[-0.252664078436888,44.57283872843396],[-0.252824026892481,44.57268553008625]],[[-0.252687312525202,44.568644399139444],[-0.252490067401015,44.56900529680359],[-0.252540251522958,44.569029677171876],[-0.252510962574791,44.56905072260084],[-0.252886681833828,44.569266886457584],[-0.253296342615217,44.568801699139534],[-0.252687312525202,44.568644399139444]]],[[[-0.253273647674172,44.579670868008726],[-0.253273325533013,44.57975926658842],[-0.253331248248083,44.58001380729427],[-0.253331387079857,44.5800861543249],[-0.253327097765952,44.58015385647054],[-0.253309076630769,44.58019331107197],[-0.253284223047456,44.58023233626599],[-0.253106456760655,44.5804616548476],[-0.253057071240067,44.58057807869382],[-0.253055817637126,44.58064596170115],[-0.253058122738066,44.58072527280163],[-0.253064832774012,44.5808044541335],[-0.253096924665773,44.5809149636746],[-0.253217111938408,44.581206413658975],[-0.253230389727324,44.58123990047154],[-0.253268881779913,44.5813302190025],[-0.253311606380459,44.581419601916494],[-0.253526314900654,44.58186125849919],[-0.253688809162825,44.58213641478061],[-0.253450948155316,44.582287855275496],[-0.253456310705389,44.582291211220756],[-0.25346572014835,44.582296970762016],[-0.253485325322636,44.582309007282156],[-0.253233173037028,44.58248591645763],[-0.253230407990794,44.58248825044662],[-0.253194634921914,44.582519398123814],[-0.25309781904759,44.582604782960374],[-0.25298172274444,44.58270343994064],[-0.252969224791973,44.582714079639395],[-0.252856068374727,44.582806883403435],[-0.252814964814925,44.582833052209935],[-0.252768559546756,44.58285910686809],[-0.252655827818721,44.58291774958909],[-0.252616405853559,44.582938102315296],[-0.252517858597041,44.582989118992465],[-0.252380345784264,44.583059663862876],[-0.252205984626758,44.583151476440854],[-0.252075841134042,44.58321865033872],[-0.252055187891713,44.58322998060834],[-0.251963231051346,44.58328161358832],[-0.251882391284378,44.5833336399165],[-0.25173049635679,44.583430286273966],[-0.251715901255029,44.58343954596004],[-0.251495508640579,44.58359019731397],[-0.251412147950086,44.58364662235785],[-0.251408360322781,44.58364871610414],[-0.251210527952843,44.5837489668061],[-0.251191049998452,44.58375882068587],[-0.250867142217347,44.58392251957652],[-0.250746129146244,44.58398410707811],[-0.250653134751316,44.58403090399902],[-0.250489020280221,44.584114663411995],[-0.250476519252418,44.584120887951556],[-0.250275383764259,44.58422294604829],[-0.250063130923216,44.584331187528555],[-0.249911915649719,44.584406907814106],[-0.249612249929182,44.58456259122277],[-0.249551426662554,44.58454852328927],[-0.249470214998266,44.584532892849346],[-0.249380402425753,44.58452553442348],[-0.249289724304448,44.584533788865606],[-0.24923423019525,44.58454875667545],[-0.249172505748882,44.58457156635783],[-0.249119236922724,44.58461421973786],[-0.249070269351561,44.584685578854625],[-0.249058314315412,44.58470566271501],[-0.248949445086555,44.584892761945255],[-0.248901143062945,44.58486625172475],[-0.248656687818409,44.58472414616689],[-0.248491713658588,44.58462889716474],[-0.248225129558572,44.58447248493449],[-0.248161256263525,44.584433908408634],[-0.248052428367469,44.58436782181798],[-0.24792803248125,44.58429192151261],[-0.247794173329351,44.58419836932154],[-0.247595432625977,44.58407717202258],[-0.24750880551739,44.58402439767366],[-0.247431661748873,44.58397648012982],[-0.247677752425951,44.58377489524602],[-0.247604379022504,44.583720199480815],[-0.247513499602513,44.583652683572055],[-0.247498084929106,44.58364115347921],[-0.247435503917333,44.58357244489297],[-0.24696730957731,44.58331266639003],[-0.247079239471399,44.583204948278805],[-0.247156035416502,44.58313078959532],[-0.246662872773039,44.58290805483208],[-0.246544265253893,44.583046513001555],[-0.246422034676645,44.583183365633296],[-0.246379208334804,44.5832300354858],[-0.246072911723933,44.583117223478546],[-0.245871120876699,44.583052426000556],[-0.24544201490711,44.58291961571982],[-0.24537514772862,44.58289905575567],[-0.244740719045686,44.58261586217534],[-0.244379554633607,44.58243672200393],[-0.244212942690014,44.58234124492704],[-0.244151015751342,44.58229477032606],[-0.244110098694383,44.58224533583931],[-0.244180296902676,44.582141910242164],[-0.244305523050196,44.582061465350556],[-0.244371001232168,44.582011878299475],[-0.244498220925965,44.581902542388576],[-0.244562994402743,44.581814412833275],[-0.244720543291146,44.581577053433165],[-0.244957927444195,44.581123358631416],[-0.245447703355949,44.58058872326606],[-0.245698291298528,44.58030988448046],[-0.245784338024764,44.58027383774458],[-0.246086828943402,44.580314230771734],[-0.246857400208706,44.57945219702175],[-0.24722501888204,44.57903196902246],[-0.247574985519802,44.578635865273135],[-0.247897368081339,44.5787284670666],[-0.248501174429277,44.57893352380779],[-0.248634500658132,44.57896329894988],[-0.249049910978227,44.578979097628256],[-0.249036718534041,44.57900831806527],[-0.249025311723389,44.579033521524416],[-0.248735953853497,44.579363334788866],[-0.248503691051879,44.57962731578022],[-0.248484168653153,44.57964951430879],[-0.248421712415117,44.57972081942349],[-0.248366335802597,44.57978371705852],[-0.248307231618711,44.57984537280911],[-0.248244610121175,44.579905059677515],[-0.248057674532349,44.58008931857596],[-0.247771790075324,44.58037893211422],[-0.24811186583903,44.58054435529016],[-0.24818320004586,44.58058559540705],[-0.248242552586724,44.58061142030421],[-0.248267553928357,44.58058365459974],[-0.248256016128464,44.580578137455255],[-0.248599082720537,44.58020665058214],[-0.248765716069107,44.58001794240504],[-0.248823876786088,44.5799552329449],[-0.248765238342459,44.57992866656283],[-0.248749705915544,44.57992164518893],[-0.248924667950404,44.57972872727291],[-0.248924542097431,44.579728730975944],[-0.24918103745578,44.57944556531543],[-0.249285225952723,44.57933059421829],[-0.249583085032424,44.57900179064287],[-0.249608333026749,44.5790023991085],[-0.249695843372503,44.579004959387454],[-0.249715291844535,44.579005558311685],[-0.249757314342844,44.57900630375729],[-0.249921727279188,44.579011105522326],[-0.250085807875698,44.5790188901532],[-0.250349782742722,44.57903193320151],[-0.25045238833704,44.57906017777429],[-0.250546516457432,44.57910975542011],[-0.250757369244905,44.579231311063886],[-0.251245442180857,44.57951472442333],[-0.251290728753605,44.579528347718785],[-0.251358586254622,44.57950706803746],[-0.251385862237781,44.579485992170135],[-0.25167923085025,44.579191012554745],[-0.252253299864391,44.57860232496347],[-0.252400948040252,44.57844975998357],[-0.252552988689097,44.578290307833655],[-0.252703101413117,44.578368508399286],[-0.252686347330531,44.5783862112247],[-0.252673161249837,44.57840020490351],[-0.252645959989815,44.57842911768887],[-0.252670617026553,44.57844352829903],[-0.252882104984499,44.57856731372931],[-0.252864419833266,44.57871532998554],[-0.252775062224699,44.57880752274191],[-0.252883643827394,44.57886505204473],[-0.252902887047691,44.57887520715576],[-0.253119631625843,44.5786441999461],[-0.253145625704563,44.57857468707048],[-0.253267027732963,44.578666527141976],[-0.253334925424448,44.57861974644272],[-0.25338482985104,44.5786784634971],[-0.253503535121466,44.5788590421589],[-0.253519002476686,44.5789895031447],[-0.253510067483147,44.57904878256912],[-0.253339658958758,44.57939465564682],[-0.25329145591636,44.579559969593404],[-0.253273647674172,44.579670868008726]]],[[[-0.252504260136978,44.57299201280041],[-0.252504134299262,44.57299201650752],[-0.252664078436888,44.57283872843396],[-0.252504260136978,44.57299201280041]]],[[[-0.250524346999175,44.56903877462699],[-0.250311402310628,44.569341835237694],[-0.24981237347229,44.57004813746552],[-0.249694362026016,44.56998628838789],[-0.249429001336017,44.569854353239954],[-0.249542454981864,44.569688292443935],[-0.249328724024031,44.56959925695145],[-0.249116288305981,44.56951081365214],[-0.249075736354691,44.56949389691721],[-0.248856099548474,44.56940296206036],[-0.248642649827538,44.56931220513029],[-0.248638944419832,44.5693179003918],[-0.248480335993332,44.5695534948626],[-0.248303348483363,44.56981359656641],[-0.248158300967142,44.570026446636966],[-0.247766483356363,44.56987633368099],[-0.247485581562722,44.56976773670062],[-0.247463158844939,44.56975920603569],[-0.247651602162319,44.56940902882842],[-0.247752259194347,44.569254879316226],[-0.24781337283104,44.56916919800514],[-0.247947356202738,44.56903127704716],[-0.248143833671113,44.56880321887448],[-0.248311123790528,44.5685892638812],[-0.248362555610936,44.568521526789176],[-0.248370867889812,44.56851047016344],[-0.248386591243469,44.56847270596323],[-0.248442212041982,44.568337630699794],[-0.24848013908903,44.56823893599796],[-0.248522125970346,44.568129760278076],[-0.248648542112639,44.56790646573279],[-0.248790072161994,44.567720208006044],[-0.248884706431601,44.56762353845641],[-0.24898971559035,44.56754944897658],[-0.249070672970938,44.5675107559026],[-0.249311583592202,44.567607911531745],[-0.249611439420072,44.567726217079944],[-0.249772434954915,44.56778166499983],[-0.249935414404163,44.56783435127929],[-0.25012307914269,44.5678910859098],[-0.25025506942492,44.567928736289005],[-0.250555201364861,44.568008017773515],[-0.250794786593937,44.568071151373715],[-0.250647818303768,44.568252616467625],[-0.250607804642859,44.568301908308605],[-0.250793181135795,44.56837357583211],[-0.250828069179947,44.56832939037731],[-0.25099272323755,44.56812019387118],[-0.251013313116643,44.56812535396632],[-0.251202674582384,44.56817212581019],[-0.251209863208275,44.56817876174205],[-0.251213223768742,44.568186771817345],[-0.251212321759777,44.56819517772721],[-0.251207231169123,44.56820307628761],[-0.250932784974265,44.56853894395733],[-0.250643833841698,44.56889875421535],[-0.250524346999175,44.56903877462699]]],[[[-0.250536634776323,44.575381405363515],[-0.250536765802834,44.57538149160677],[-0.250471095341089,44.575455956024555],[-0.250536634776323,44.575381405363515]]],[[[-0.250468329079334,44.57546045239767],[-0.250369133939352,44.575602848535034],[-0.250305926796385,44.57569381886321],[-0.250262280461271,44.57575673261057],[-0.2503058009525,44.57569382256781],[-0.250369013278765,44.57560294218784],[-0.250468203235979,44.575460456102455],[-0.250471095341089,44.575455956024555],[-0.250468329079334,44.57546045239767]]],[[[-0.249827758548788,44.57355340716776],[-0.249638296447329,44.57345266506366],[-0.249525899274577,44.57354310049278],[-0.249520354206842,44.57354749842397],[-0.249407984461987,44.57348304998357],[-0.249332171074576,44.57344050122813],[-0.249269958206866,44.57350495206963],[-0.24911624381398,44.57366372795003],[-0.248785368179393,44.57399881776257],[-0.248679261608628,44.573975270137765],[-0.248402841055297,44.57391204358665],[-0.247864999545514,44.573789922557],[-0.247883791017296,44.57376819614235],[-0.248184783127264,44.573435069561974],[-0.248462782294602,44.5731142415875],[-0.248866114535848,44.572621236803734],[-0.249372179426244,44.57285709377918],[-0.249001395459876,44.57328048609423],[-0.249260127080116,44.573391174048986],[-0.249487455206134,44.5731317514393],[-0.249583679946759,44.57302097880753],[-0.249664671315692,44.572928043874604],[-0.249698127782861,44.57288957727768],[-0.249915184370608,44.57264009681814],[-0.249947559419977,44.57265725403882],[-0.250562203594937,44.572987938979125],[-0.250301482199148,44.57320807204345],[-0.250142974589876,44.57334266338113],[-0.250107536487702,44.57337298929795],[-0.250013204696079,44.57345316258005],[-0.249983144183394,44.57347837462216],[-0.24992829052285,44.57352395839916],[-0.249867414284222,44.57357440465526],[-0.249827758548788,44.57355340716776]]],[[[-0.249640866761227,44.57051927573194],[-0.249684405556382,44.57053988859647],[-0.249892393102797,44.57063855317874],[-0.249743866623485,44.570784383040305],[-0.249591958900725,44.57092842010096],[-0.249449134876088,44.57105948540926],[-0.249020364592069,44.57087199122938],[-0.249420007419509,44.57043783835046],[-0.24943529681116,44.57042099005248],[-0.249437914866478,44.570418300081464],[-0.249640866761227,44.57051927573194]]],[[[-0.248102412913912,44.568696767610355],[-0.247815586819635,44.56856618129277],[-0.247822260352693,44.56855949773843],[-0.248103390714089,44.56826497794103],[-0.247650363573221,44.5680388192546],[-0.247460459605305,44.56818180863519],[-0.24732427899148,44.568314387591926],[-0.24724630806304,44.56828019043648],[-0.247395945751079,44.568105499291924],[-0.247148716314056,44.56796861092785],[-0.246892757438644,44.56782675298018],[-0.246790788732877,44.56776100544062],[-0.246488397963497,44.567583210685136],[-0.246221229381716,44.56742609361465],[-0.24602421650039,44.567622989216986],[-0.24576201312757,44.56788514157473],[-0.245538658840277,44.568108399169255],[-0.245389066124859,44.568257678044716],[-0.244974185160941,44.568668206639956],[-0.244941688041659,44.56870583261915],[-0.244823195756646,44.56884365481066],[-0.244718755699004,44.56896502602233],[-0.244551274646492,44.569162762747496],[-0.244293510337466,44.56946289330155],[-0.244160668314976,44.5693884999325],[-0.243881816254401,44.56923865806747],[-0.244139771316314,44.56893744172806],[-0.244188869547837,44.56887725361559],[-0.244346162528489,44.56868864669669],[-0.244506955282067,44.56850173868591],[-0.244542848105464,44.56845959813572],[-0.244872142783373,44.5681256492402],[-0.245144295019661,44.56785888186552],[-0.245738410560844,44.567258017239496],[-0.245601123795126,44.56715888879333],[-0.245548778888044,44.567120963825666],[-0.245486588388267,44.56707621036994],[-0.245455946498844,44.567054045552695],[-0.245208928755648,44.56727781792981],[-0.244932162086505,44.567153145810934],[-0.244981547856341,44.56710457178786],[-0.245080757050226,44.567010654411725],[-0.244770294270836,44.566856698797714],[-0.244651967611589,44.566797917441306],[-0.244430114195536,44.56668784822583],[-0.244399111116393,44.56667254136114],[-0.24435966567832,44.56665288749312],[-0.244671239141296,44.566254227487576],[-0.244645112467676,44.56624481408083],[-0.245101299341649,44.565882177021734],[-0.245598594294958,44.56550904905437],[-0.245603883972044,44.56550898363498],[-0.245832158349334,44.56564526092048],[-0.245935655918366,44.56570699978259],[-0.246039158889079,44.565768828497255],[-0.246228808112511,44.56587776912546],[-0.246607250294565,44.566093872662364],[-0.246782512470794,44.56619368490916],[-0.246821212261627,44.56621570245959],[-0.247050514104997,44.5663456402019],[-0.247957243549076,44.566862721754916],[-0.24881982743727,44.56735487642094],[-0.248691212787008,44.567478674981],[-0.248802249344185,44.56754208164719],[-0.248852941220922,44.56757095366634],[-0.248799101157106,44.567620922003755],[-0.24863252915039,44.56779692440926],[-0.24853827232576,44.567937371394045],[-0.248461460195098,44.568059014607954],[-0.248325784647536,44.56833384847336],[-0.248238750014399,44.568512195133074],[-0.248102412913912,44.568696767610355]]],[[[-0.247106897221002,44.57907797025714],[-0.246728323834907,44.57951158454624],[-0.246057105208848,44.5802533855973],[-0.245821558344255,44.58023931630628],[-0.24576399278468,44.58023794501214],[-0.245648093579591,44.580294150748635],[-0.245424956102568,44.580539566169385],[-0.245200133984432,44.5807842197109],[-0.245110762452675,44.58088082122237],[-0.245078735939684,44.58091798289014],[-0.244950315654032,44.5810655574879],[-0.244771539806522,44.581394092164494],[-0.244674594658631,44.581565068697714],[-0.2445751576407,44.58173656886243],[-0.244534896732765,44.58180154311732],[-0.244491733848955,44.58185552024016],[-0.244344613518659,44.581984902587564],[-0.244194087241444,44.58210330240841],[-0.24409507547443,44.5821704530409],[-0.244051714798156,44.5821881252221],[-0.244006864296876,44.582193046859075],[-0.243959063734742,44.58218832427085],[-0.243294359933843,44.58205801205584],[-0.24326306598041,44.582055327168554],[-0.243205521043819,44.58205215186966],[-0.24318404750727,44.58205800839052],[-0.243164684244223,44.58207425459997],[-0.243087206892557,44.58216293657773],[-0.242953761361653,44.58232849620228],[-0.242816247908083,44.58249129189538],[-0.242777394901759,44.58253694257679],[-0.242754162425477,44.582558257867476],[-0.242740485037446,44.582565957667846],[-0.24272168708324,44.58257011371076],[-0.24268034820905,44.58257033654464],[-0.242662071010861,44.58256600782741],[-0.242526520886284,44.58250421476463],[-0.242392283118491,44.58244112160293],[-0.242250021790708,44.582372227134115],[-0.242066265779355,44.58227670970736],[-0.242022660436624,44.58225285189158],[-0.241956788718929,44.58221667329947],[-0.241942223644097,44.58221331669117],[-0.241926991311302,44.58221151138047],[-0.241919534610728,44.58221118969631],[-0.241907357311943,44.58221208780859],[-0.241895645482947,44.58221450396364],[-0.241884645670654,44.58221834082277],[-0.241857496005209,44.582232923275534],[-0.241834378985598,44.58224747743189],[-0.241811018798383,44.58226438133661],[-0.241790775833729,44.58227849070545],[-0.24172612938782,44.58233381817571],[-0.241657013553767,44.582403512698505],[-0.24131076387633,44.582773268030756],[-0.241166358685955,44.58293031718344],[-0.241103870699412,44.58299909599352],[-0.240922350771755,44.58320138342042],[-0.240693139294933,44.58346012157721],[-0.240641278179497,44.583518587078565],[-0.240401274616398,44.58377385707142],[-0.24004151471269,44.58415013142124],[-0.240020262618339,44.584153277785404],[-0.23993060957393,44.584102568692416],[-0.239708402189518,44.5839697925504],[-0.239624310214071,44.58391711806946],[-0.239360151508783,44.58374754958921],[-0.239247998460612,44.583665063838694],[-0.239196937765142,44.583621150981045],[-0.239143427536018,44.58357190392563],[-0.239031081479062,44.58338067236956],[-0.238937479982007,44.58322384991721],[-0.238825500676072,44.58303458967231],[-0.238744111558466,44.58288623876129],[-0.238622635811656,44.58265013437857],[-0.238572747533758,44.58249707529686],[-0.238382528620361,44.58187609574023],[-0.238328966902512,44.581691969634726],[-0.238202621929424,44.58125679593154],[-0.238126310133625,44.58096404524745],[-0.238117028789249,44.580934133807595],[-0.238073401037117,44.580466260758165],[-0.238068903376393,44.58040548483415],[-0.23807177135108,44.58028196329725],[-0.238092246927037,44.57992934094472],[-0.238094857027386,44.57985403065114],[-0.238088010207623,44.57980503667206],[-0.238081097122575,44.57978343512728],[-0.238062124414583,44.579725246110215],[-0.238026322087065,44.5796461968483],[-0.237932363040099,44.57950055696353],[-0.23777031205999,44.579240414027424],[-0.237675078390164,44.57897371662493],[-0.237668426949112,44.57897643446429],[-0.237485332807498,44.578608787994675],[-0.237401268831935,44.57844880204904],[-0.23723657514514,44.57812494514373],[-0.237117469004017,44.57789030227444],[-0.237377896908015,44.577663813546025],[-0.237471143639861,44.57758188146151],[-0.237525735735296,44.577533698970434],[-0.237765821360716,44.5773240237598],[-0.237843103245142,44.57733292998048],[-0.237763193832385,44.57720138434847],[-0.237720049813281,44.57711957710553],[-0.237694528491487,44.577085636899604],[-0.237585702570801,44.576970796719564],[-0.23754423090533,44.576994988289925],[-0.237368774101141,44.57712708396978],[-0.237240078709817,44.57722393071396],[-0.237091441157019,44.57734451769484],[-0.237061830978322,44.57737331683406],[-0.236927826279074,44.57751825213049],[-0.236913055247299,44.57748931250236],[-0.236530197195363,44.57674432521589],[-0.236469520849094,44.57662275673178],[-0.236266163531092,44.57622903337763],[-0.236119640883251,44.57594482750118],[-0.236052352923103,44.57581345155383],[-0.235825072398593,44.57537835213358],[-0.235798297153664,44.57532471641237],[-0.235714326280089,44.575159591249346],[-0.235628504365346,44.57499515099335],[-0.235576655679841,44.57489116331888],[-0.235475232565116,44.57469645608039],[-0.235465075681284,44.57465783052283],[-0.235466683385287,44.57463751091337],[-0.235483477431748,44.57459845598409],[-0.235535675316716,44.57455250705984],[-0.235591558250052,44.57453564251464],[-0.235705403954903,44.57452059318336],[-0.23585489619315,44.57451386942386],[-0.236067782222497,44.574515739037025],[-0.236459143050468,44.57453048684213],[-0.23682931294627,44.574542791109884],[-0.237084834341289,44.57455395054897],[-0.237313178413214,44.574671413450396],[-0.237596167527522,44.57481412338352],[-0.237652717377388,44.57484841508214],[-0.237898485895711,44.574702814190616],[-0.238080332416517,44.574557015129564],[-0.238340002443909,44.574300092263556],[-0.23842894668877,44.57425531661708],[-0.23850293497208,44.57420692507654],[-0.238562122242306,44.57415761613134],[-0.238732297131313,44.57433111272097],[-0.239043283010826,44.574574991100256],[-0.239403108413331,44.574824193297445],[-0.239579033567682,44.57494409064003],[-0.23975639726177,44.57506268411669],[-0.239841170692923,44.575118671637064],[-0.239856364200151,44.57510227806883],[-0.240047659223428,44.575228571341825],[-0.240108230963621,44.57526481612691],[-0.240269166794185,44.57534316563658],[-0.240318601712733,44.57536108639978],[-0.240369222761162,44.57537771092786],[-0.240420642071014,44.57539287040193],[-0.240875825654408,44.57551565198295],[-0.241122204063234,44.575606719264094],[-0.241199819374746,44.57564120177226],[-0.241512915165147,44.575796443306935],[-0.241779368589108,44.5759691814318],[-0.241821796627631,44.575996767818076],[-0.241880630488002,44.576050992693524],[-0.241973948191294,44.576165653459455],[-0.24202342979581,44.57623700164067],[-0.242106197336805,44.57637206448147],[-0.242133526083643,44.576397931721985],[-0.242198401157226,44.5764585563933],[-0.242280482766069,44.57652245998168],[-0.242505068223629,44.57666191756201],[-0.242524941558204,44.57666773107135],[-0.242584944297081,44.5766852504391],[-0.242961518197278,44.57677357150504],[-0.243695454883532,44.57698654415677],[-0.243802087484138,44.57701918139535],[-0.243931340078027,44.577059353114954],[-0.244055893424246,44.57710110436417],[-0.244171327451761,44.57715087206228],[-0.244344036727418,44.577227698788846],[-0.244503720382898,44.57730598922135],[-0.244525350999949,44.57731823798464],[-0.244660742983164,44.57739498949753],[-0.244707081634007,44.57742038763521],[-0.244874400026367,44.577499894819915],[-0.245057932854512,44.57758514217216],[-0.245513577001709,44.57779429848152],[-0.245863161271498,44.57789971157188],[-0.245966292161336,44.57793497257636],[-0.246060303811685,44.577978250232285],[-0.246167911246736,44.578029957966926],[-0.246337120007847,44.578118147254486],[-0.246490506490055,44.57820301728546],[-0.246645215653778,44.578286767020714],[-0.246682934007131,44.578306921713875],[-0.24679759066089,44.578364998950676],[-0.246885912507051,44.57840357782348],[-0.24697505329029,44.578441051339766],[-0.247039688734847,44.57846672142671],[-0.247160935523515,44.57850568337214],[-0.247286911444155,44.578545767519635],[-0.247515372246341,44.578618607342726],[-0.247491740226006,44.57864606229446],[-0.247106897221002,44.57907797025714]],[[-0.239661851861715,44.57982761882221],[-0.239667027779477,44.57982115993747],[-0.239549991475507,44.57978521979997],[-0.239540733846827,44.579806214488165],[-0.239443219596442,44.579783126447936],[-0.239207287961039,44.57972715779023],[-0.23909558212181,44.5797006114519],[-0.239083455573239,44.57969799386458],[-0.239068058716278,44.579693309799474],[-0.239053837750287,44.579687149633315],[-0.239035018910666,44.57967995303434],[-0.239075147489384,44.57962795931107],[-0.239004477147712,44.57959813682924],[-0.238931222667406,44.5795672188009],[-0.238881994005411,44.57962758842592],[-0.238647813381062,44.579913858374915],[-0.238719277104813,44.579942126118546],[-0.238877165420608,44.58000452966366],[-0.238946574382844,44.580032136735944],[-0.238943101618137,44.58003971693074],[-0.239519472344608,44.580162554531434],[-0.239607536411508,44.58018132466556],[-0.239756421457631,44.579994773480095],[-0.239669639111368,44.57996758653297],[-0.239661851861715,44.57982761882221]]],[[[-0.246889928338769,44.570460288404604],[-0.246486984569429,44.5702832878077],[-0.246487002393577,44.57028326694841],[-0.246889928338769,44.570460288404604]]],[[[-0.246625379929041,44.57012118203143],[-0.246637191779885,44.57010740972211],[-0.246625505760743,44.57012117833103],[-0.246487002393577,44.57028326694841],[-0.246486853560941,44.57028320155982],[-0.246625379929041,44.57012118203143]]],[[[-0.24693286356894,44.57778041259643],[-0.246955430172418,44.577754160409796],[-0.24700173346321,44.57777235061614],[-0.247183242709664,44.57755960112979],[-0.247226639008783,44.577573281596],[-0.247293082055922,44.57759970924558],[-0.247408393396104,44.577454589580285],[-0.247293207904256,44.577599705544415],[-0.247318228354591,44.57760951147231],[-0.247415479434482,44.577647737176214],[-0.247527953640492,44.5776920023076],[-0.247601307868376,44.57760199665105],[-0.247807492802658,44.57734932650121],[-0.247558577527841,44.57723861609772],[-0.247512971055759,44.577221576949896],[-0.24755888734751,44.577165174957315],[-0.247530203502085,44.57715304412118],[-0.247228349594815,44.5775066469128],[-0.247530077654764,44.57715304782264],[-0.2472923081713,44.57705417263178],[-0.246996344727178,44.57741814328292],[-0.246782059429952,44.577685646305774],[-0.246743105681756,44.57767030332234],[-0.246729287823722,44.57768618913514],[-0.246729140904425,44.577686121159104],[-0.246380068724546,44.57807805114898],[-0.246375619003481,44.57807520865559],[-0.246303194489465,44.57803246789062],[-0.246206780723523,44.57798250350787],[-0.246178555170739,44.577967385519294],[-0.246085201803298,44.57792021428343],[-0.245989712717385,44.57787535827456],[-0.245942932153502,44.577857632183985],[-0.245971350092761,44.577825712061426],[-0.246271118255539,44.577490464683805],[-0.246270987230651,44.57749037843541],[-0.246294772421173,44.57746375128737],[-0.246294922824784,44.57746381584152],[-0.246443197082396,44.577297815883654],[-0.246455520182875,44.577303850699195],[-0.24656315954044,44.577183104514106],[-0.246762559591634,44.57683440850843],[-0.2465550297728,44.57675275282679],[-0.246490517181024,44.57672698882548],[-0.246107842937531,44.577154864940056],[-0.246055479482467,44.577213167736524],[-0.245592024412064,44.57776207921632],[-0.245574663809732,44.577753939861694],[-0.24553696011377,44.577736217101766],[-0.245155316290388,44.57755777272945],[-0.244988281938459,44.577483213133554],[-0.245380234777141,44.57701046866572],[-0.245078905078493,44.57686723547043],[-0.244668711271395,44.57733628010497],[-0.244236202097739,44.5771149980325],[-0.244058835173433,44.577033893077086],[-0.243796502826567,44.57693960655372],[-0.24337930715177,44.57681572053635],[-0.243159785472364,44.57675342206961],[-0.242612168945969,44.57664570774459],[-0.242584039773752,44.576636622789636],[-0.242450495258628,44.57656341865359],[-0.242389039696709,44.57652720100284],[-0.242330475263115,44.57648864591243],[-0.242274938145826,44.57644792958874],[-0.242260291927345,44.57643655652304],[-0.242188249239539,44.57634992315189],[-0.242114169667549,44.57623442733853],[-0.242083110797305,44.576191910960134],[-0.241988701295297,44.576091157788525],[-0.241844339365402,44.57595691229349],[-0.241717746860933,44.57586863669372],[-0.241596522558157,44.57579479960986],[-0.241472281682493,44.57572330347259],[-0.241345527607485,44.57565413349397],[-0.241275993866036,44.5756177019353],[-0.240954045909295,44.575503625154866],[-0.240321888847052,44.575299811867005],[-0.240226058569647,44.575259826614406],[-0.240102865002947,44.57519334391537],[-0.23998218527341,44.575124534816005],[-0.239921749940715,44.575088466168324],[-0.239630662048613,44.57488608296738],[-0.239361661615696,44.57469512447129],[-0.239153442770667,44.57455283831082],[-0.23890256824525,44.57434161511427],[-0.238632056713708,44.57409790069221],[-0.238751786892577,44.57398338523352],[-0.238878616440811,44.573832260925876],[-0.238943692858598,44.573720880220804],[-0.23900478534347,44.573608174748294],[-0.239020788234991,44.5735773415371],[-0.239290036654939,44.57375297628808],[-0.239475899197481,44.57387915939429],[-0.240046988200802,44.57422054993788],[-0.240270137402816,44.5743484307228],[-0.241448354941869,44.574863818426095],[-0.24184973588619,44.57442333672714],[-0.241906178097395,44.57436140236796],[-0.241994238081292,44.5742661935767],[-0.24251097822319,44.57453672719025],[-0.243024728378751,44.57392418293446],[-0.243091842621732,44.573955818991294],[-0.24325370948928,44.57372806597281],[-0.243663497702724,44.573708188909755],[-0.243977675543606,44.57373544892725],[-0.244063959757616,44.57380670591338],[-0.244145597305055,44.57391332861772],[-0.244624840144764,44.57403367572133],[-0.244643489746857,44.57400726884345],[-0.24489140598778,44.57365832219481],[-0.245127535897397,44.573332426675954],[-0.245259543530442,44.57330448978314],[-0.2453194101478,44.573304351884246],[-0.245379085545586,44.57330746318826],[-0.245438297356192,44.573313471300445],[-0.24570860293734,44.573349404207214],[-0.245944274013824,44.57339022903043],[-0.246629035254801,44.573550926783945],[-0.246418603210618,44.573872015637825],[-0.246712105410152,44.57397583059739],[-0.246772928634468,44.57388060778272],[-0.246800279264659,44.573856467454014],[-0.246984488246494,44.57390105600747],[-0.247032273094852,44.573824596982355],[-0.247134063009689,44.573661494772026],[-0.247182444854345,44.573672055202415],[-0.247583046925365,44.573766320778105],[-0.247496326925882,44.573893390476854],[-0.247465441775767,44.57388240564356],[-0.247438656341331,44.57392292781619],[-0.247470086295532,44.57393461743739],[-0.247448575279007,44.57396822693559],[-0.24756833729516,44.574010024875236],[-0.247838006678795,44.57411363694376],[-0.248022004137091,44.574185170110056],[-0.248212612919027,44.57392493840262],[-0.248251746709282,44.57393468924869],[-0.248490769801123,44.57399424117767],[-0.248983401106786,44.574095164521],[-0.248702478306053,44.574417791814824],[-0.248605274692502,44.57452039326775],[-0.248431407278968,44.57462479972397],[-0.248301922085482,44.574731594284025],[-0.248176729039064,44.574840695127094],[-0.248103758205581,44.57490663306138],[-0.247923658403961,44.57484372503746],[-0.247551073651156,44.574712956508215],[-0.24748130151465,44.57482132738899],[-0.247310952189061,44.575081051988214],[-0.247494518202009,44.57513629062034],[-0.24743959195718,44.57520476076506],[-0.247586356905485,44.57525792813978],[-0.247739886589879,44.575310355740946],[-0.247717912741727,44.575338122375584],[-0.247518866424189,44.57558986158587],[-0.24741902993844,44.57555702808312],[-0.247082542976218,44.575446820252324],[-0.247014320580266,44.57555586604553],[-0.246975295842222,44.57561810186944],[-0.247314782684458,44.575721284084395],[-0.247338940305433,44.575683271942815],[-0.247382150829809,44.57569812906771],[-0.247388947486922,44.575689189410646],[-0.247450926390352,44.575708179730235],[-0.247481655819621,44.575652945252294],[-0.247525290497451,44.575668600751364],[-0.247981675993291,44.57505663792042],[-0.248036282569468,44.57500890002635],[-0.248186085693114,44.574874027382364],[-0.248332633278576,44.57473735818914],[-0.248392061149935,44.57469236148077],[-0.248431364312062,44.57466345414361],[-0.248487641421995,44.574625037323955],[-0.248571529820056,44.57457139197774],[-0.248658321255681,44.574520003761826],[-0.248969945072383,44.57416574885819],[-0.249074983596145,44.574059132273014],[-0.249398567608785,44.57387976979662],[-0.24952295593154,44.57382898626222],[-0.249568213835083,44.57381594114645],[-0.249638282140099,44.57381126593367],[-0.24969377375366,44.57380738012202],[-0.249880109108209,44.57381225704326],[-0.250005341261841,44.57383082560334],[-0.250141867490773,44.573872577824176],[-0.250253883325824,44.57391991686982],[-0.250682083936656,44.57412985913797],[-0.250208299979388,44.57465801191128],[-0.250407835096911,44.57474971692526],[-0.250683260229049,44.574876488974496],[-0.250447498272032,44.57512958512043],[-0.250348011533516,44.575238472356574],[-0.250235176387594,44.57518133644405],[-0.250235050544846,44.57518134014856],[-0.249856262302301,44.57504805874904],[-0.249856136459826,44.57504806245312],[-0.249830198979891,44.57507702741332],[-0.24984258561374,44.57508197876383],[-0.249810356048297,44.57512644603626],[-0.249493855203294,44.57501529683364],[-0.249358322408631,44.57515713962249],[-0.249260952151096,44.57512117177844],[-0.249254694089242,44.57511757171853],[-0.249254563065304,44.575117485473776],[-0.249144514731213,44.575073691473115],[-0.249022356386546,44.57523108805634],[-0.249303104779913,44.575332118315195],[-0.249437731653767,44.575380234466394],[-0.249761427314814,44.57564686613215],[-0.249776607894692,44.575676242649365],[-0.249920824582866,44.575958608140745],[-0.249911663941656,44.57597464540336],[-0.249777074819292,44.576207282467514],[-0.250531745228361,44.5765324961919],[-0.250812652037675,44.576653610748075],[-0.250928149403592,44.576726255260866],[-0.251376959121742,44.57674439505032],[-0.251449111529957,44.57662054414224],[-0.252067706867494,44.57690515498001],[-0.252286644345384,44.57697898617481],[-0.25274915107328,44.577066274896104],[-0.252780772510129,44.5771533719091],[-0.25285745832257,44.57736393106083],[-0.252871726656411,44.57742991507666],[-0.252886752591106,44.577500291718586],[-0.252886535178025,44.57752931061655],[-0.25288305293672,44.57758041032057],[-0.252875014223418,44.57763119375617],[-0.25280184275247,44.57784445582988],[-0.25276220975696,44.577931039063735],[-0.252696216905807,44.57802614748769],[-0.252637246812337,44.57811843606685],[-0.25260084803457,44.5781561793681],[-0.252286924324173,44.57848366277632],[-0.25228705017415,44.578483659069455],[-0.251889067684581,44.57889912291821],[-0.251394494980956,44.57939518655701],[-0.25131898517925,44.57946741839858],[-0.251285291659926,44.57947120363758],[-0.25126330947245,44.57946383192048],[-0.250645585185675,44.57910287450407],[-0.250536079237627,44.579042396932955],[-0.250457480126818,44.57901290513896],[-0.250331623860732,44.57897714582045],[-0.250227019952973,44.578973287190394],[-0.249200707714563,44.57893573679263],[-0.248928467329493,44.57892581744935],[-0.24868281790333,44.57891574579567],[-0.248598285469093,44.578899221590156],[-0.248575074908955,44.57889458851931],[-0.248367790525526,44.578837075653716],[-0.248224830968634,44.578786680222954],[-0.24807414968733,44.57873353843627],[-0.247948558604802,44.57868920910071],[-0.247796064142656,44.57863521928002],[-0.247537015015911,44.57857192934324],[-0.247480881083616,44.57855817309209],[-0.247232525395607,44.578479160742724],[-0.246972484594644,44.578389859597976],[-0.246649778481048,44.57822149009227],[-0.246628209185145,44.57821032112136],[-0.246582732842413,44.57818679049581],[-0.24693273772018,44.57778041629719],[-0.246808790026208,44.57772297285398],[-0.246752582341154,44.57769696694777],[-0.246808915874848,44.57772296915336],[-0.24693286356894,44.57778041259643]],[[-0.251397754032613,44.57760595751027],[-0.25139787988069,44.577605953804415],[-0.251924052843558,44.576991377754055],[-0.25192392181119,44.57699129151239],[-0.251397754032613,44.57760595751027]],[[-0.244640995484161,44.57503115313708],[-0.244423222080536,44.57528406739906],[-0.24439343928343,44.5753185500204],[-0.244810532084305,44.57553064324324],[-0.245147122356233,44.57565148670222],[-0.245328750829303,44.57571687713957],[-0.245566857544583,44.575357315002826],[-0.245592264269687,44.57531908636008],[-0.245508897961362,44.575294236476495],[-0.245253922643051,44.57522037039495],[-0.244935710241789,44.575123134153685],[-0.244916639626213,44.575144417733775],[-0.244640995484161,44.57503115313708]]],[[[-0.246752582341154,44.57769696694777],[-0.246729271930468,44.577686207406956],[-0.246729287823722,44.57768618913514],[-0.246752582341154,44.57769696694777]]],[[[-0.246290011178157,44.5774617077327],[-0.246294791799922,44.577463729593156],[-0.246294772421173,44.57746375128737],[-0.246290011178157,44.5774617077327]]],[[[-0.246248809755249,44.577479587687336],[-0.246265022206891,44.57748749038991],[-0.246248683907116,44.57747959138731],[-0.246272566133334,44.57745429177594],[-0.24627269198141,44.577454288075934],[-0.246248809755249,44.577479587687336]]],[[[-0.245676549516469,44.57152166906827],[-0.245647567796256,44.57156126422591],[-0.245619866718035,44.571599019720495],[-0.245442591895557,44.57184569997398],[-0.245261761062546,44.5720919438459],[-0.245532670236672,44.57219543452466],[-0.245244752904825,44.572677105043496],[-0.244895963951952,44.573259854428215],[-0.244468038141358,44.57321197309528],[-0.244347996248947,44.57319811125829],[-0.243598175776437,44.573113643828954],[-0.243312885773324,44.57305381893687],[-0.242850019677638,44.57297037711492],[-0.243172809008819,44.572397678897175],[-0.242690070007444,44.57228418627599],[-0.242382524789687,44.57288751983458],[-0.242238752618411,44.57286209900969],[-0.242160410948201,44.57284782114653],[-0.242179253312686,44.572785278864885],[-0.242031744312479,44.57275843581321],[-0.241834297052296,44.572722427078865],[-0.241628708556942,44.57268512533035],[-0.241623173111275,44.57269628008085],[-0.241541272383039,44.572674898271785],[-0.241489424258876,44.57266101339245],[-0.241462348438149,44.57271848134977],[-0.24138478128334,44.572700125700976],[-0.241376322301137,44.57270866326302],[-0.241222996367523,44.57267270960716],[-0.240544771581869,44.572519986426926],[-0.240428423069808,44.57250015549181],[-0.240258554256723,44.572479011990204],[-0.239932140267986,44.572436062924844],[-0.239606688844802,44.57239011136275],[-0.239584292948733,44.57236887419305],[-0.24030036414575,44.57082156479472],[-0.240433259587207,44.570545832331526],[-0.240645895012718,44.569894114141114],[-0.241692956262818,44.57012250226402],[-0.241823766958002,44.56988521181966],[-0.241929281566702,44.56970344490395],[-0.242054536074479,44.56948794135358],[-0.242082052537134,44.569440371334835],[-0.242153266224932,44.56931754585822],[-0.242463260204888,44.56877685106075],[-0.242533129391464,44.568661362920196],[-0.243035824440739,44.5689361788561],[-0.243671422005897,44.56927979876602],[-0.24353257033184,44.569440652601244],[-0.243368781048325,44.56963035012959],[-0.243327298399825,44.56970464004992],[-0.243185773009114,44.5696852815219],[-0.243076848296187,44.5696519907337],[-0.243028554857876,44.569726210300615],[-0.243007253096235,44.56975909189784],[-0.243397259306896,44.569882334592236],[-0.243391636571002,44.56989196029833],[-0.243458015321763,44.5699130758315],[-0.243563684659158,44.569946732211804],[-0.243519811232692,44.57002109245522],[-0.243588424123673,44.57004160167811],[-0.243671907660358,44.570066449261006],[-0.243697651111796,44.570025328003865],[-0.243732508312584,44.57003529608371],[-0.243747637194098,44.57001124532188],[-0.243730182738273,44.57000581154453],[-0.243738127227122,44.56999053139038],[-0.24372243959285,44.56998513580057],[-0.243782200016709,44.56988895493273],[-0.243697551475551,44.569865763473956],[-0.243724872027187,44.56982576717617],[-0.243769892176463,44.569839310946925],[-0.244029159653741,44.56947318418438],[-0.244997793450008,44.56999676155776],[-0.24486442035617,44.57016736717171],[-0.244318173491546,44.570884581006375],[-0.244440413956702,44.57092360618401],[-0.244605066050508,44.57097462955618],[-0.244756498870051,44.571021536194834],[-0.245023210948776,44.571106950990675],[-0.245216361646312,44.571169119181185],[-0.245378333367378,44.570961001607074],[-0.245488447754508,44.570819911164094],[-0.245839007857085,44.57100656458199],[-0.245993663333198,44.57108536043654],[-0.245794459011108,44.571340795080985],[-0.245737648799616,44.57141373462673],[-0.245751459854477,44.571419365320935],[-0.245687775748422,44.57150647247858],[-0.245676549516469,44.57152166906827]]],[[[-0.245484709461918,44.583567356751004],[-0.245455468320984,44.58361569926531],[-0.245403554701113,44.58370822678506],[-0.245384662770623,44.58373923607262],[-0.245325821315405,44.58383187705679],[-0.24529953307177,44.583872384077615],[-0.245251178630067,44.58394570555578],[-0.245151622977982,44.58409765794771],[-0.245006677153153,44.584319690971185],[-0.244895811874227,44.58448765299242],[-0.244895465333763,44.584488203780055],[-0.244766216374943,44.58465877817365],[-0.244728624117608,44.58471538483463],[-0.244657728954683,44.584822074929015],[-0.244624388172011,44.58487369119169],[-0.244579656043571,44.584939878062734],[-0.244540830635051,44.584996971390844],[-0.244525173915103,44.58502067740391],[-0.24446128701307,44.58513743294408],[-0.244412880331417,44.58520769213674],[-0.244330377014368,44.585329589680626],[-0.244327121839256,44.58533437055539],[-0.244325725285652,44.58533639380204],[-0.244322737364378,44.585341437127376],[-0.244279433797255,44.58540397786687],[-0.244107070633141,44.585348944275104],[-0.243988416701076,44.58532458875975],[-0.243523229894861,44.585235448084745],[-0.243299106236604,44.585187970305014],[-0.242574361107103,44.58513230745686],[-0.242541061979017,44.58512986139233],[-0.242459059242676,44.5851728145089],[-0.242415795386838,44.58521634204372],[-0.242145511600688,44.5855107077871],[-0.242133328297347,44.58551809333098],[-0.24212439519299,44.58552060811454],[-0.242115132792483,44.58552178105468],[-0.242105651450318,44.58552133860939],[-0.242101708227204,44.58552073357167],[-0.242059198464449,44.58550720507984],[-0.242013890409704,44.58549105570365],[-0.241850005836674,44.58541459607273],[-0.242175210004993,44.58508645272889],[-0.241737907751659,44.58487476002004],[-0.241434784861459,44.58517252065091],[-0.241421180620055,44.58518589446602],[-0.241407455676222,44.58519936192293],[-0.241377160671994,44.585178987401],[-0.241372962374243,44.58517613730914],[-0.241360245207918,44.585163265790634],[-0.241354224554061,44.58515722556491],[-0.241346186678421,44.5851489920323],[-0.241330294102543,44.58512035600227],[-0.241278335254264,44.58498627961931],[-0.241255844733328,44.584945943958495],[-0.241216052537145,44.58489413273284],[-0.241180032284087,44.58485969030861],[-0.241094293079518,44.58479814523425],[-0.240949528471794,44.58470112087784],[-0.240819841687024,44.58461635803932],[-0.240714509766341,44.58455610849948],[-0.24047571475738,44.584444093189724],[-0.240421420308946,44.58442072855868],[-0.240362763669043,44.58436532600066],[-0.240268979668679,44.5842997816821],[-0.240104277802521,44.58420460273602],[-0.240095574754838,44.58419575793802],[-0.240097882363145,44.58418325635403],[-0.240344747984729,44.58392228957891],[-0.240591818357809,44.58365834288561],[-0.240755312077594,44.583486768754526],[-0.241017657188077,44.583194711892936],[-0.241268025298191,44.582911475370445],[-0.241373479196071,44.58280278213212],[-0.241598016795884,44.58257688617129],[-0.241799383656403,44.582371221782616],[-0.241887302680685,44.58228430653141],[-0.241890990561456,44.58228266655157],[-0.241899062830605,44.582280537450494],[-0.24190747471106,44.58227993008794],[-0.241918014082395,44.58228124247702],[-0.241940115062611,44.58229068488369],[-0.242054868131741,44.582343808867655],[-0.242310072483939,44.58246065462424],[-0.242566469263567,44.582576293505106],[-0.242751939268146,44.582655541720165],[-0.242767770170901,44.58263705670441],[-0.242984515603297,44.582383185089796],[-0.24318995593666,44.58213883531626],[-0.243224186052619,44.58210926806645],[-0.243242130390211,44.582103425092754],[-0.243271270976882,44.58210374051647],[-0.243393157400834,44.582129623428756],[-0.243931204752897,44.58223878814947],[-0.24397165041418,44.58224715064342],[-0.243990574210088,44.5822561453825],[-0.244089807395375,44.582328734481436],[-0.243858704987299,44.582701152144104],[-0.243930290279666,44.58272265560703],[-0.244195239141365,44.582804972666665],[-0.244228478489625,44.58281516860827],[-0.244401960521468,44.5824930974341],[-0.244856568288162,44.582720849158136],[-0.245065797266495,44.582814171961914],[-0.245453287494083,44.582970912148866],[-0.245511391137262,44.582992540544716],[-0.245758379514422,44.58306502025256],[-0.245837353912167,44.58308783704255],[-0.245775487742528,44.58317389973352],[-0.245694466070355,44.58329296169589],[-0.245629135824314,44.58338236974433],[-0.245603120156339,44.58341665187719],[-0.245541885846446,44.58349837101886],[-0.245497288024852,44.58354932730902],[-0.245484709461918,44.583567356751004]]],[[[-0.243156363011823,44.56782972234331],[-0.242921575804953,44.56773804999387],[-0.242689881577055,44.56764754772191],[-0.242689876406932,44.56764745777372],[-0.242921701631585,44.5677380462977],[-0.243156363011823,44.56782972234331]]],[[[-0.242736691392187,44.56860006241626],[-0.242630670211462,44.568544881762044],[-0.242736686221903,44.568599972468014],[-0.242736691392187,44.56860006241626]]],[[[-0.242513607444971,44.56848398861076],[-0.242513733273293,44.56848398491504],[-0.242630670211462,44.568544881762044],[-0.242513607444971,44.56848398861076]]],[[[-0.240743224593238,44.586043187481636],[-0.240722844172175,44.58608784478237],[-0.240634558606558,44.58606538758473],[-0.240626761803924,44.586063544067486],[-0.240623311692324,44.586062744304556],[-0.240615514890421,44.586060900786514],[-0.240446180146471,44.58602343237081],[-0.240235539271228,44.58597582301618],[-0.240098152478213,44.58594579603411],[-0.239998261747504,44.585923228338444],[-0.239717962849008,44.58586135351673],[-0.239428372932607,44.58579794853772],[-0.2393861012618,44.585788556670884],[-0.239377375098893,44.58578809183838],[-0.239376868334954,44.585785854189325],[-0.239184491697606,44.58564571445144],[-0.238819431296276,44.58530214653744],[-0.238664039357699,44.585145153685154],[-0.238722237296732,44.58467005876402],[-0.238749307584465,44.58448500930384],[-0.238765388781659,44.58439840158435],[-0.238784128397996,44.58433613312886],[-0.238804570326437,44.58428814072134],[-0.238918297157041,44.584088476142405],[-0.238961724064717,44.58401043677956],[-0.239054556945387,44.58385310141644],[-0.23913050305418,44.58372004783419],[-0.239266841422538,44.58381533933324],[-0.239426468189311,44.58391220002594],[-0.239799561342498,44.5841411022362],[-0.24021582113446,44.58438396369821],[-0.240278193734949,44.58442943633282],[-0.240312573596896,44.58446167464057],[-0.240339798412721,44.584490068365646],[-0.240390083612491,44.584559952481975],[-0.240415507755086,44.584603085424995],[-0.240893626921438,44.58551204528338],[-0.240922493436531,44.585553635514145],[-0.240939525442154,44.585586743197304],[-0.240878095041782,44.5857288327434],[-0.240806090367052,44.58589754196392],[-0.240743917774316,44.586042085931716],[-0.240743224593238,44.586043187481636]]],[[[-0.237977233368898,44.572047238273875],[-0.237593303490265,44.57196182025253],[-0.237539688179961,44.57195005769295],[-0.237488916782265,44.571941725613314],[-0.237538397808239,44.57183972305112],[-0.237585420007394,44.57174319856904],[-0.237529827668115,44.5717321246875],[-0.237523201605633,44.57173087739173],[-0.237532536094405,44.57171123217012],[-0.237474736872392,44.57168805948089],[-0.237256568243432,44.571648866203184],[-0.237276944242355,44.57160637225821],[-0.237374032304877,44.57140485498335],[-0.237383828836076,44.5713844754287],[-0.23736345776511,44.57138092817107],[-0.237454032030663,44.571186719724096],[-0.237555626217491,44.5709693026554],[-0.23668683353326,44.570818450910195],[-0.236594656354253,44.570802412453844],[-0.236583867729286,44.5707264141209],[-0.236527794290176,44.57037738919945],[-0.236463011169039,44.56988752326158],[-0.236423209336519,44.56975399077875],[-0.236352187290328,44.56956839479831],[-0.236377632171474,44.569572514279606],[-0.236480199664161,44.56958734725014],[-0.237567360696893,44.56975278969171],[-0.237617591962126,44.56976492170665],[-0.23798866238231,44.569042429943906],[-0.237438848842293,44.56893007204016],[-0.237583051408009,44.56859643810072],[-0.237328213418952,44.56853741756696],[-0.237168840979329,44.568936187641924],[-0.237168709988206,44.56893610138303],[-0.237328082428512,44.56853733130827],[-0.236568435707953,44.568361565183885],[-0.236654314445575,44.56815145746346],[-0.236853533986676,44.56767610645363],[-0.236932850701351,44.56747907518407],[-0.236946990162151,44.56744433257886],[-0.237413079463721,44.567538785118806],[-0.237468793476833,44.56754985535027],[-0.237471901733464,44.567544718608126],[-0.237570667130365,44.56757461852512],[-0.237801804972306,44.56764460483677],[-0.237798148272696,44.56765336166793],[-0.237833526923586,44.56766367663197],[-0.237936324045388,44.56749370663066],[-0.237944257498661,44.56748040946465],[-0.238006180254925,44.56737786162026],[-0.23802667058512,44.56738131511458],[-0.238252454497161,44.56739316290085],[-0.238357997259673,44.56742475541303],[-0.238374088435086,44.56739328904309],[-0.238389281411955,44.567363741115656],[-0.238489346546925,44.56739432288611],[-0.238568902657094,44.567418928930095],[-0.238992495066544,44.567552463504626],[-0.239444269067336,44.56769165676843],[-0.239254133721238,44.5681755763401],[-0.239677182577687,44.568242450528274],[-0.23985165672693,44.56828256054574],[-0.239811240906761,44.568355736490396],[-0.239971315684156,44.56843041679444],[-0.239840568119171,44.56866229692414],[-0.239713599528053,44.56889415609372],[-0.239691697584935,44.568934172503745],[-0.239678449541974,44.568958077363895],[-0.239631728502158,44.56904657506542],[-0.239767838787631,44.56909240616603],[-0.239645915366642,44.56933312720579],[-0.23942009305031,44.56979926358114],[-0.239445500235503,44.5698049151718],[-0.239526706729333,44.56982307513534],[-0.239791267684652,44.569882256039264],[-0.239545714356259,44.57040429317328],[-0.23916739564914,44.57031547268788],[-0.239155998396931,44.57033869248094],[-0.239134338239214,44.570382936382174],[-0.239070376438421,44.5705136559724],[-0.239488150274331,44.570613482628666],[-0.23957262774802,44.57063370902087],[-0.239737358055547,44.57067302418784],[-0.240175117444006,44.57077622625225],[-0.2398539638613,44.57145896900313],[-0.239536896434218,44.57214276218575],[-0.239431028423245,44.572373461354054],[-0.238838068467966,44.57229400030579],[-0.238745369427073,44.57227770855497],[-0.238434351808909,44.57218673066207],[-0.238124947172229,44.57209309171791],[-0.237977233368898,44.572047238273875]]],[[[-0.237386404938426,44.567014645870124],[-0.23718379749248,44.56696517583984],[-0.237280400375367,44.56686296299467],[-0.237447316456834,44.5667429206136],[-0.237575367455981,44.56667699645607],[-0.238119696940325,44.56642848382903],[-0.238228356163777,44.56637826445135],[-0.238270028354068,44.56637307767002],[-0.238279511423267,44.56635604093069],[-0.238329814375309,44.566343122668385],[-0.238359110887807,44.566359472340174],[-0.23853305133141,44.56645627266105],[-0.239072756474383,44.56675515737213],[-0.239100514825977,44.566810565237404],[-0.23913598187536,44.56688169459394],[-0.239172160771028,44.5669542446552],[-0.239232024071043,44.56707709629904],[-0.238892539454801,44.56747989241115],[-0.238750874864515,44.567436025343916],[-0.238668583354606,44.5674098778778],[-0.238596674889451,44.567386759450535],[-0.237903965932899,44.56716489029673],[-0.237835270844331,44.56714284844396],[-0.237386404938426,44.567014645870124]]],[[[-0.237975322730781,44.57434169214176],[-0.237829235492327,44.5743879629762],[-0.237717911341228,44.574416185288804],[-0.237594322337748,44.57443936112965],[-0.237521557287729,44.574449784033206],[-0.237405373511645,44.574459227505784],[-0.237185423059323,44.574459459703576],[-0.236908820591786,44.574452162151424],[-0.23631817451242,44.57443091384981],[-0.236198615114732,44.57442766079201],[-0.236019713910942,44.57442272307921],[-0.23570475375363,44.574419159646666],[-0.235630950687541,44.57442907111586],[-0.235541067857615,44.57444873404895],[-0.235452017406011,44.57446972401493],[-0.235375473719828,44.57448899591916],[-0.235347812210792,44.57449241938799],[-0.235314279413453,44.574494573295105],[-0.235283262353577,44.574492238576035],[-0.235224244986874,44.57446324382337],[-0.235077585238344,44.57438527987344],[-0.23505782791309,44.57437486657878],[-0.234767979677243,44.57422009778767],[-0.234828545474022,44.574080470411694],[-0.234895228607725,44.573931023075616],[-0.234819636157377,44.57390972176672],[-0.234639107773942,44.573858788484976],[-0.234643527620353,44.57384793710646],[-0.234602579788669,44.573835081159],[-0.234511975383464,44.57380917385071],[-0.234546789721986,44.573743642393644],[-0.234526409718966,44.57373775225372],[-0.234504132954664,44.57378012112931],[-0.234435406392416,44.57376204222397],[-0.234425196819689,44.57377964049641],[-0.234070039832478,44.57369489877299],[-0.234053917609629,44.57373249217528],[-0.234163685556431,44.57375846919842],[-0.234115897602872,44.57387474639],[-0.233771173889471,44.57369275061829],[-0.233645998526073,44.5736266795288],[-0.233369662988121,44.57347880966707],[-0.23320366017372,44.573390958301786],[-0.233093408585716,44.5733191337119],[-0.232967374206169,44.5732270482178],[-0.232837005588625,44.57311211405468],[-0.232859086301958,44.572837564100816],[-0.233041457432962,44.57283276448446],[-0.233222685674403,44.572827817835574],[-0.233225343751827,44.57282801029425],[-0.233359654595066,44.57283578994627],[-0.233360973524621,44.572795026200474],[-0.233373595776017,44.572425878000324],[-0.233385766649125,44.57208404330676],[-0.233427355848928,44.57207732921075],[-0.233627896001467,44.5720355060176],[-0.233671702815906,44.572023501087905],[-0.233939419999685,44.571950787701645],[-0.233957542549744,44.57194809446698],[-0.234527487107181,44.57186598585267],[-0.235239425531462,44.571763044960846],[-0.235289802165684,44.57175571224928],[-0.2353835684588,44.57174449510351],[-0.23554607302993,44.57172522674665],[-0.235591050089597,44.571722647230956],[-0.235772479464816,44.5717454411636],[-0.236031049983372,44.57177921846269],[-0.236289079355814,44.57181454272735],[-0.236373691259301,44.571826118061274],[-0.236578872590105,44.57185425112565],[-0.23671313042738,44.57187211939066],[-0.236701568371728,44.57190786763025],[-0.236621968145424,44.57215500276556],[-0.236580376554474,44.57230227406902],[-0.236579809052223,44.572349503082094],[-0.236497757219525,44.57260445860415],[-0.236488839966559,44.572706082466304],[-0.236457528142053,44.57274033733222],[-0.236700107309856,44.57296325135298],[-0.236772329980347,44.5729016680536],[-0.2367820748238,44.5729155280638],[-0.236786783684653,44.57292070591403],[-0.236816639834251,44.57295334781677],[-0.236860128379201,44.57299730304497],[-0.236934488571924,44.57305864346309],[-0.237039519997392,44.57312728369037],[-0.237196717860362,44.57322854220222],[-0.237218915790953,44.57324194694988],[-0.237329481624924,44.57330817215373],[-0.237538751604233,44.573431599679424],[-0.237560525714483,44.57344420589173],[-0.237715631926642,44.57353534376017],[-0.237778542914229,44.573572872603],[-0.237933989284967,44.57366553191611],[-0.23799450635843,44.57370087835066],[-0.237999237972239,44.57370425348731],[-0.238000280836711,44.573704853603225],[-0.238135064283284,44.573797668147904],[-0.23818827962624,44.57383097613347],[-0.238281933274961,44.573879225965875],[-0.238344875438316,44.573923871506906],[-0.238345933801845,44.57392474146554],[-0.238365268924708,44.57393877057078],[-0.238367794158131,44.573941039106494],[-0.238478241984615,44.57404907316961],[-0.238456571204847,44.57407340513497],[-0.238438101886569,44.57409421938888],[-0.238378190510292,44.5741440901043],[-0.238309961832349,44.5741896096269],[-0.238240781777646,44.574231733204385],[-0.238137792886817,44.574279984007426],[-0.23808741833952,44.5743005626232],[-0.237975322730781,44.57434169214176]]],[[[-0.238226560630654,44.586432094534764],[-0.238372360153557,44.58646151675538],[-0.238314566790837,44.58694813270221],[-0.238283615256508,44.587201772409394],[-0.238277723640143,44.58723969731149],[-0.238268817626354,44.58728221563377],[-0.238260896383477,44.58730236013588],[-0.238240856915855,44.587344213814696],[-0.238219003579915,44.58738521967114],[-0.238195115619623,44.587425924780526],[-0.238182647483984,44.5874459323002],[-0.238132649429547,44.58750181908874],[-0.238019777288491,44.58760234715214],[-0.237679179351834,44.587865065249915],[-0.237615430117684,44.58784395854714],[-0.237334927604924,44.58775009770306],[-0.237084130969025,44.58766194277955],[-0.237025858573402,44.58763959400744],[-0.236987640346339,44.58762395553844],[-0.236868521541326,44.587578342207586],[-0.236795360647381,44.58753822939867],[-0.236908647316248,44.587341643346804],[-0.236920334842752,44.587321208361956],[-0.236404323204622,44.58718135901247],[-0.236239457994374,44.58731845796352],[-0.236184191699802,44.587295750376704],[-0.236129618735971,44.58727194124092],[-0.236086339208154,44.587251585365856],[-0.236009398339341,44.5872224849929],[-0.235931538325494,44.58719494320961],[-0.235886539182073,44.587179773375055],[-0.236044726796359,44.586880149211],[-0.236246514516653,44.58693388253878],[-0.23636105623203,44.58670203105436],[-0.236297170623119,44.586682909860635],[-0.235775617807259,44.58654304001326],[-0.235686023738254,44.586761455693406],[-0.235574767053792,44.5870330345468],[-0.235542470494688,44.587056866302134],[-0.235635642365326,44.58710297091649],[-0.235826862539275,44.58719665884982],[-0.236277475997408,44.587374557663416],[-0.236404574191372,44.587416423837716],[-0.236692538915267,44.5875305210465],[-0.236853931031454,44.58760751192371],[-0.237153430649727,44.587727036341896],[-0.237618515549591,44.587888918376166],[-0.237631976092489,44.58789717340977],[-0.237637146520171,44.58790377937134],[-0.237638337459375,44.587909150490816],[-0.237637504119434,44.58791440075494],[-0.237635219056543,44.58791852227173],[-0.237571442491555,44.587997968578016],[-0.237509207197501,44.58807791026468],[-0.237449037323986,44.58815869237133],[-0.237390544931932,44.58824014607271],[-0.237357130304964,44.58828842840252],[-0.237152182906972,44.588219292222426],[-0.237150680804736,44.5882216788672],[-0.237114866569168,44.58827868110962],[-0.237075821609497,44.58826622040644],[-0.237060879942087,44.588289273610975],[-0.237029876599287,44.58828072180454],[-0.237005749183141,44.5883238663689],[-0.236994397795284,44.5883435707088],[-0.237028582171761,44.5883548224036],[-0.236879352101262,44.58860399962981],[-0.236806898377859,44.588580624749206],[-0.236626129358077,44.5888888408393],[-0.236509483998251,44.58886000334167],[-0.236265848518151,44.58881101048286],[-0.236107217442615,44.58912055912527],[-0.235985448929724,44.58911890134755],[-0.23583801573611,44.58913142039432],[-0.235768249259556,44.58913950126847],[-0.235435345022147,44.58918502456624],[-0.235351254476867,44.58919397531839],[-0.235266998776426,44.58920004762777],[-0.234956979900833,44.58920273200799],[-0.234561897352792,44.58921718728133],[-0.234449448609813,44.58922633720195],[-0.234387738865424,44.58924958841424],[-0.234287044903095,44.589268034655575],[-0.234103957248037,44.5892920471873],[-0.234050502589256,44.58928775602419],[-0.233967687127401,44.58926837683282],[-0.233721814462879,44.589195747467116],[-0.233828831443063,44.589032505394684],[-0.233839934610242,44.58898866176348],[-0.233854590314915,44.5889210176923],[-0.233873287071898,44.5888886647571],[-0.233873561911192,44.5888428856912],[-0.233873847442259,44.58875331750611],[-0.233870287809276,44.58864286852192],[-0.234183774135599,44.58875126949707],[-0.234169742577137,44.58834830078188],[-0.233871755368425,44.58823530137758],[-0.233870965965038,44.588129186217195],[-0.23331440546659,44.588133138665704],[-0.233304456525344,44.58845662001683],[-0.233304180891887,44.58846500742274],[-0.233300587667285,44.58861125545631],[-0.23329594299916,44.58870617705468],[-0.233258118570095,44.588776571646584],[-0.233209487150319,44.588860797674286],[-0.233189284427375,44.58885589301032],[-0.233187386938398,44.58886018328016],[-0.233147091904095,44.5888501004071],[-0.233104453710557,44.588935502433934],[-0.232992608892392,44.58885840712795],[-0.232832269405878,44.588720562054355],[-0.232743947711011,44.58866449211957],[-0.232661205558944,44.58861997184631],[-0.232476578169033,44.588542303487436],[-0.232293258564539,44.588463245055664],[-0.232145541446468,44.588398191122096],[-0.232056695525311,44.588348352944955],[-0.23197058419681,44.58829122664745],[-0.231886037225413,44.588232793104474],[-0.231804799207888,44.588174893372376],[-0.231656391307562,44.58806255638996],[-0.231575121216916,44.587995287015374],[-0.231451664907482,44.58788050775085],[-0.231419875449864,44.58785161474282],[-0.23108892852669,44.587449269498364],[-0.230986283592227,44.58733018679394],[-0.23089595238588,44.58721696067597],[-0.23085892475355,44.58716704722923],[-0.230823749175331,44.58711644888846],[-0.23080359944441,44.587086043903],[-0.230755580631143,44.58699392467855],[-0.23071215289433,44.58688950760235],[-0.230699093963088,44.58684862374135],[-0.230703883566329,44.58681118213735],[-0.230739419148448,44.58672941276416],[-0.230788932000113,44.586636332342835],[-0.230860604890804,44.58650971700654],[-0.23091698318702,44.5863692231612],[-0.230971195669806,44.586228342151884],[-0.230993392283593,44.58616903750551],[-0.231052272197619,44.58598639360853],[-0.231108855192148,44.58580327628651],[-0.23116353435013,44.58561994434292],[-0.231202110828151,44.58548564753692],[-0.231188678352114,44.58548225636096],[-0.231168510484527,44.585158846238095],[-0.231161922330551,44.58511867413037],[-0.231148031300759,44.58503465672232],[-0.231135315433527,44.584913934167176],[-0.23113590307875,44.584866974790884],[-0.231150698688098,44.58480833717562],[-0.231152703634054,44.58480152099975],[-0.23119690968135,44.584736887122624],[-0.231210276212158,44.58471712448111],[-0.231343463522987,44.58453536958468],[-0.231411197027694,44.58442148317801],[-0.231434351059024,44.58437890906383],[-0.231551741757224,44.58409751487917],[-0.231559715688712,44.58399024255761],[-0.231569318766883,44.583733176133606],[-0.231563675820444,44.58370730233008],[-0.231556160396836,44.58368175362327],[-0.231548021631446,44.58366072816444],[-0.231504303352478,44.58359082842252],[-0.231241674872709,44.5831570230283],[-0.231214762727375,44.583109787160254],[-0.231394522356216,44.582882790685154],[-0.231418874942237,44.58285234502225],[-0.231422573812362,44.58282448595179],[-0.231743199624669,44.58247948005306],[-0.231765909827402,44.582486383815535],[-0.231920514526952,44.58253330613021],[-0.231951948217022,44.58254283774112],[-0.231952946946545,44.58254046590727],[-0.232031545145196,44.582376435754334],[-0.231806472705283,44.582307609380514],[-0.231837059935514,44.58225616802736],[-0.231648533349906,44.582198074862795],[-0.231158938375829,44.58204733874884],[-0.230996906541905,44.582335084146095],[-0.230743283937654,44.582331242245296],[-0.230939927969398,44.58198085610679],[-0.230914580181481,44.58197411945814],[-0.230642368766943,44.58189883134118],[-0.23059302172567,44.58188468775325],[-0.230669127936614,44.58176073601752],[-0.230688681600304,44.5817257457271],[-0.23080580803392,44.581516800729084],[-0.230832156282765,44.581457374708314],[-0.230866560739886,44.58137572856118],[-0.230898789449456,44.58129351536377],[-0.231066279398063,44.580770990024966],[-0.231134009440468,44.58055808404376],[-0.231156320607571,44.58049201857759],[-0.231220275276293,44.58029904502177],[-0.231282074513918,44.580105864206274],[-0.231349345318793,44.57990477464002],[-0.2313811433899,44.57982167290782],[-0.231402994412603,44.579784993455206],[-0.231442012302267,44.579744297712374],[-0.231497104189228,44.57970691574225],[-0.231578012074948,44.57969986270564],[-0.231696370218295,44.579703967147566],[-0.231872017607798,44.5797332444879],[-0.232200270464319,44.5798142770344],[-0.232537576360691,44.57989927831219],[-0.232826277919153,44.579974258903846],[-0.233115904586551,44.58004777007746],[-0.233849215631513,44.58023001265905],[-0.233932252863868,44.580266684207274],[-0.234014109013646,44.5803047417902],[-0.234081937590583,44.58033780415713],[-0.234167014570426,44.580385858515484],[-0.234213414888194,44.58042117022778],[-0.234315735324784,44.58050611098376],[-0.234419504442012,44.580589928021],[-0.234546625373433,44.580689639369304],[-0.234703742941408,44.580804599802754],[-0.234771077448465,44.580851011082714],[-0.234981066153773,44.58097559473282],[-0.235140741324332,44.58106038620987],[-0.2353311117171,44.58114842273268],[-0.235586324557503,44.58126357124374],[-0.235827763205852,44.58137813173662],[-0.23592943179675,44.5814296630592],[-0.236146513369845,44.581550342695444],[-0.236344967681145,44.58166715296161],[-0.236532959882729,44.581779584331144],[-0.236836689074594,44.58198214702535],[-0.23697895808181,44.582068887870605],[-0.237137818869816,44.582167936403756],[-0.237324404629089,44.582290949516036],[-0.237512308536711,44.58241275239209],[-0.23763926671768,44.58249408483083],[-0.237677069865161,44.582524511577724],[-0.237765104208791,44.58261518426617],[-0.237273393434228,44.58303198878498],[-0.237233204119696,44.583065422908355],[-0.237213838797843,44.583081668081434],[-0.23723312710135,44.583092635480064],[-0.237080924487498,44.58324143810764],[-0.237431462856765,44.583448844318085],[-0.237484343120991,44.583403685400604],[-0.237473923066282,44.58339786406681],[-0.23751547308076,44.583361777049305],[-0.237788495344576,44.583475047353545],[-0.238051637672292,44.58360725751936],[-0.238277111970039,44.58372237142825],[-0.238145038594704,44.58407682523689],[-0.238015085044788,44.58419812684588],[-0.238024657071926,44.58480404210393],[-0.238015175101548,44.5848870323729],[-0.238005802158743,44.584965334221074],[-0.237990457101745,44.585113098455295],[-0.238015198472815,44.58512021173839],[-0.238532461552713,44.58512621704971],[-0.238476688617699,44.585608448824324],[-0.238434903465344,44.58594565907739],[-0.238430716062758,44.585978127966676],[-0.238102029878209,44.58590352226016],[-0.237898351033494,44.58636143858732],[-0.238226560630654,44.586432094534764]]],[[[-0.237027251469906,44.582038279681946],[-0.236922499687224,44.58197260382366],[-0.236644343758618,44.58178289692694],[-0.236457742907624,44.58166835265357],[-0.236407542980742,44.581639370077525],[-0.236296643094429,44.581571981768256],[-0.236158068723128,44.58149026756655],[-0.235980622773973,44.581390230698304],[-0.235764532681166,44.58127582873563],[-0.235626148964137,44.58121059667636],[-0.235486322361288,44.58114657803566],[-0.235366306288756,44.58108945710313],[-0.235166085133154,44.5809989161498],[-0.23501379652679,44.58092201733096],[-0.234904959847214,44.58085537819069],[-0.234853735999032,44.58082390215414],[-0.234727724316424,44.580736952859226],[-0.234567116934993,44.58061389557887],[-0.234546672511824,44.58059593381901],[-0.234406850668858,44.58047479027308],[-0.234266585815017,44.580367895371666],[-0.234192224016953,44.58031763514299],[-0.234180505057492,44.58031113077578],[-0.234074880827065,44.58025430782032],[-0.233936918312212,44.58019194467004],[-0.233824192815125,44.58015857529725],[-0.233702774132983,44.58012969510122],[-0.232595118979941,44.57985407542688],[-0.232427751822172,44.579813114114486],[-0.232256064629052,44.579771558213665],[-0.232090858098786,44.579730893560075],[-0.231814270335182,44.57966267446865],[-0.231775652129004,44.579655335354005],[-0.231730767005723,44.57964863014409],[-0.231704686486459,44.579646690455895],[-0.231674432175133,44.57964451251652],[-0.231604418336389,44.57964367839738],[-0.231498718116403,44.57965587191806],[-0.231424297433275,44.57967273614928],[-0.231571962669329,44.57930603252504],[-0.231630101015572,44.57918981394288],[-0.231841646868868,44.57870816487257],[-0.23197336714503,44.57848788933576],[-0.232140004218383,44.57815099330009],[-0.231873588066327,44.5780599518943],[-0.23187429823444,44.578026143629025],[-0.231879252096544,44.57790139041233],[-0.231886093682775,44.57777658194742],[-0.231913012636789,44.57757315927991],[-0.23203628565705,44.577355113136214],[-0.232189582270834,44.57723205429057],[-0.232266697639789,44.57716988041078],[-0.232507913293491,44.57689603295204],[-0.232529069578519,44.5768494626122],[-0.23254831180395,44.57678709071749],[-0.232541093872211,44.57673153017743],[-0.232535223836197,44.57668629166838],[-0.232542551224481,44.57660958231294],[-0.232517801004728,44.576344872555836],[-0.232511441185784,44.57620089889409],[-0.232517490741742,44.57598970781215],[-0.232524268654325,44.57583742075243],[-0.232525569091387,44.5754971655044],[-0.232580079949344,44.575150577149124],[-0.232593525787361,44.575079455088016],[-0.232676148129469,44.5747724985078],[-0.23269455493272,44.57457238839154],[-0.232708265511884,44.574503691269534],[-0.232736327226617,44.574434664055225],[-0.232763593774175,44.57439575346641],[-0.232775712227689,44.57437845986943],[-0.232794076081462,44.574333773250935],[-0.232815856660393,44.57400778496844],[-0.232835940777982,44.57377537001582],[-0.23285536905857,44.57345233385725],[-0.232858299717115,44.573404495139336],[-0.23286437054411,44.573303675881334],[-0.232953786336213,44.57336385722731],[-0.233047307710869,44.5734186924953],[-0.233748547314373,44.57379279349054],[-0.233835424408478,44.57383944345841],[-0.233959771146548,44.57390643962922],[-0.234658459601395,44.57427979910218],[-0.235084205923362,44.5745095139315],[-0.235143155263217,44.57454391675022],[-0.235200525470945,44.57457935691096],[-0.235265758965113,44.57462222513114],[-0.235302840671684,44.57464897944234],[-0.235322960376903,44.574670103977574],[-0.235350766480905,44.57473073736913],[-0.235402338030757,44.574827705448016],[-0.235439976861512,44.57490372809301],[-0.235568917846896,44.57515403159367],[-0.235635421020039,44.57528714264315],[-0.235719123546652,44.575447590536115],[-0.235855685074534,44.57570983400956],[-0.235922442118286,44.575836360211184],[-0.235987211735597,44.575963395135666],[-0.236025558743571,44.576040748407024],[-0.236109363540798,44.576200742620706],[-0.235860848592345,44.576474451982925],[-0.235818054728399,44.576521747257175],[-0.235826151342358,44.57652664567954],[-0.235772529700844,44.576585160365596],[-0.236037204945448,44.576709580350986],[-0.236247672271865,44.57647140399585],[-0.236377301265336,44.57672258775706],[-0.236527192594089,44.577019308751424],[-0.236650138963825,44.57725284837698],[-0.23673800394811,44.57742641850154],[-0.236827857248681,44.57759947979621],[-0.236869430176664,44.57767808982725],[-0.236949392044568,44.57783693490437],[-0.237049502242077,44.57802834613458],[-0.237397268681623,44.57872174280299],[-0.237499156774925,44.57892211168167],[-0.237670850411114,44.57929757081118],[-0.237731674840375,44.57940625024654],[-0.237785716916171,44.579482422137325],[-0.237805386865714,44.57951103785021],[-0.237861285337822,44.579593191997226],[-0.237899181676366,44.57965821435531],[-0.237917906262809,44.579694516299355],[-0.237934386161381,44.579731244465506],[-0.237944945091154,44.579757063920724],[-0.237970772007518,44.57983802753693],[-0.237971837752376,44.57987196409602],[-0.23796535647069,44.579972075382635],[-0.237941762344602,44.58023964434939],[-0.237940179516973,44.58031528492244],[-0.237941372841651,44.580441480467314],[-0.237971245090051,44.580685136772956],[-0.237986474530748,44.580842816264976],[-0.237591709733027,44.58111874586654],[-0.237795916274733,44.581261063490146],[-0.237850296764039,44.58122451001179],[-0.238044415873756,44.5810944793451],[-0.238113631923135,44.58134049588854],[-0.238185988101338,44.58160606222615],[-0.238207089661005,44.5816771633126],[-0.238235623581742,44.58177012103308],[-0.238317796530764,44.58203098456316],[-0.238397599569775,44.582292277985125],[-0.238445436728014,44.58245134389456],[-0.238093879570187,44.58282124417844],[-0.238041448321253,44.582775388831244],[-0.237850645805455,44.58259654811332],[-0.237749186925613,44.58249383525616],[-0.237631821028785,44.58241708711654],[-0.237423706456292,44.582283623322844],[-0.237200054149993,44.58214520865699],[-0.237027251469906,44.582038279681946]]],[[[-0.236279304319837,44.56905813357207],[-0.236315867383396,44.56897263821473],[-0.236416754616742,44.56873190727218],[-0.236315993213213,44.56897263452606],[-0.236279304319837,44.56905813357207]]],[[[-0.234252578713694,44.568629817038094],[-0.234001408499559,44.56858194393675],[-0.234001403343196,44.56858185398811],[-0.234252704542881,44.56862981335179],[-0.234252578713694,44.568629817038094]]],[[[-0.233782722120468,44.56854005644637],[-0.233686082295782,44.56880669904572],[-0.233685956466164,44.568806702731386],[-0.23378259629145,44.568540060132136],[-0.233782722120468,44.56854005644637]]],[[[-0.231879290767805,44.5712158927657],[-0.231967764840227,44.57122231277736],[-0.232199185058044,44.57123770245851],[-0.232447386982533,44.571248996329935],[-0.23259625991259,44.57125580983844],[-0.232926243337923,44.571271105150934],[-0.23321996484707,44.57128268614499],[-0.233288938931518,44.571285351380006],[-0.233447123862006,44.571291891036175],[-0.23348781292852,44.57129367264347],[-0.233499310331757,44.57129414680736],[-0.233722553079221,44.571303195534675],[-0.233726026130306,44.57128462335352],[-0.233811806419276,44.571290219800595],[-0.233809703102883,44.57131289645511],[-0.233755794529905,44.571949048337785],[-0.23348582366966,44.57200443801537],[-0.233292504727244,44.5720446979759],[-0.233097888008566,44.572082112401496],[-0.232962635461435,44.572106255383986],[-0.232914256139834,44.57211325823237],[-0.232301777486114,44.5721504725787],[-0.231879290767805,44.5712158927657]]],[[[-0.23319417588404,44.59071380088346],[-0.232930823013992,44.590661863798175],[-0.232587993017095,44.59057621223893],[-0.232625122287309,44.59046286032831],[-0.232665886634489,44.59037553112859],[-0.232675247424026,44.590360660862515],[-0.232776685537357,44.59020118720126],[-0.232839094268054,44.590108719340996],[-0.233050428779645,44.5897833971564],[-0.233123259022648,44.58966818903406],[-0.233188760726941,44.589532922814676],[-0.233253221118977,44.589394893927576],[-0.233927750475749,44.58956138165353],[-0.233781641753825,44.58985208933376],[-0.233426328342599,44.5905492383855],[-0.233281136859988,44.59051735884314],[-0.233237146724171,44.59061658589753],[-0.23319417588404,44.59071380088346]]],[[[-0.232135495041593,44.57215443963981],[-0.231979340363857,44.5717917644821],[-0.231840429036481,44.57147922048869],[-0.231747639438914,44.57126326469802],[-0.231747623979864,44.57126299485146],[-0.231840560025362,44.57147930675399],[-0.231979461046807,44.571791670849514],[-0.232135626032492,44.57215452590478],[-0.232135495041593,44.57215443963981]]],[[[-0.232698678549057,44.590208516198494],[-0.232189362399754,44.59004934926933],[-0.2321211864336,44.590028008519596],[-0.231713345929405,44.58944149699417],[-0.231905519809153,44.58927459370381],[-0.231286137746577,44.58888870794182],[-0.231435447486343,44.58876810979641],[-0.231454490342051,44.588752776143515],[-0.231288018013005,44.58861564900582],[-0.231135589687155,44.588459550094406],[-0.231004405593363,44.58823849787892],[-0.230990452640339,44.58821502952324],[-0.230954720249244,44.588231752371414],[-0.23053612834336,44.58779827209853],[-0.230579873706824,44.587771764355544],[-0.230406139683714,44.58763764162394],[-0.230114609161575,44.587412629229505],[-0.230021399536408,44.587345978330994],[-0.22981290139584,44.58725864244383],[-0.230178544231953,44.58681627809769],[-0.230261742621584,44.58685123609798],[-0.23028999046736,44.586860140646884],[-0.23031916800051,44.58686766649154],[-0.230348887304469,44.58687364477792],[-0.230379158681486,44.58687825540452],[-0.23040973038922,44.58688150573478],[-0.230440581816073,44.58688303597052],[-0.230471471523791,44.58688303337451],[-0.230484687888113,44.58688264676153],[-0.230563154296097,44.586883414789575],[-0.230610081775298,44.58688825890694],[-0.23062356166477,44.58689687458883],[-0.230635582642962,44.58690643395033],[-0.230645772251819,44.58691703798804],[-0.230654371925922,44.58692849943908],[-0.23066098344307,44.586940469552665],[-0.230665475779167,44.58695286206193],[-0.230666740377724,44.58695733007754],[-0.230692699240261,44.58702531712922],[-0.230709708026264,44.58706031902975],[-0.23074267232043,44.587129542737785],[-0.230901196158627,44.58732609884503],[-0.231044424942992,44.58749994650359],[-0.231188559913277,44.58766538817644],[-0.231331221339468,44.587831503514565],[-0.231375574011283,44.58788381541727],[-0.231436219630267,44.587943218986716],[-0.231513699458901,44.588019158890866],[-0.231623233933682,44.58811100951448],[-0.23179960233958,44.588242620684554],[-0.231952114581291,44.58834735906399],[-0.231998333633295,44.588375018747755],[-0.232045880632651,44.588401648446485],[-0.232094865986698,44.588426974626174],[-0.232120027786168,44.58843921267397],[-0.232288619850912,44.58851870243225],[-0.232601421730312,44.58865262621677],[-0.232649616215277,44.58867734461368],[-0.232672476421711,44.58868901921188],[-0.232756097366089,44.588746668411225],[-0.232877937614223,44.58885077175334],[-0.233126174409813,44.58902406594463],[-0.233196582539545,44.58913273808554],[-0.233216282414465,44.589212440813036],[-0.233223453365164,44.589253947365044],[-0.233213340975805,44.589308483866475],[-0.233201445682075,44.58936271216232],[-0.233191047737173,44.589403471659054],[-0.233130631857207,44.5895350750721],[-0.233011871833203,44.58972226649211],[-0.232899191603479,44.5898967558432],[-0.232698678549057,44.590208516198494]]],[[[-0.23166773837783,44.58254205556291],[-0.231641759362682,44.58256831417816],[-0.231667593971786,44.582541982946225],[-0.23166773837783,44.58254205556291]]],[[[-0.231667607363534,44.582541969297026],[-0.231667593971786,44.582541982946225],[-0.231644372274032,44.58253030556982],[-0.231667607363534,44.582541969297026]]],[[[-0.231285982739399,44.5845135354117],[-0.231154684835501,44.58470406476445],[-0.23111360182148,44.58476599434064],[-0.231079270626859,44.58483574526216],[-0.231072469779738,44.58487108330825],[-0.231074266323425,44.584935452354024],[-0.231083448647028,44.58501870653477],[-0.231096203181571,44.585111496916156],[-0.23110808748821,44.5851780936143],[-0.231131689347885,44.5854866268355],[-0.231134997791399,44.58554437434853],[-0.231118880682082,44.58559755452761],[-0.231029644452732,44.585870916509535],[-0.230926249208012,44.58617884064919],[-0.230852622163931,44.586365970431004],[-0.230810924666774,44.58647882448065],[-0.230667253128798,44.58676819474311],[-0.230638196367166,44.58680679676151],[-0.23060178388733,44.58682263840248],[-0.230543055590193,44.58683408723125],[-0.230453600279037,44.58683517234663],[-0.230367115100175,44.586824277283064],[-0.230290130602479,44.58680535563338],[-0.230209139734225,44.58677591929741],[-0.230099266118228,44.58671768474906],[-0.229967564383365,44.58665035771422],[-0.229860883486273,44.58660383268607],[-0.229639521660709,44.58651858471379],[-0.229421801700705,44.586441879433394],[-0.229277371210446,44.58639663798564],[-0.229257205764518,44.586392362254216],[-0.229180799062386,44.58638351418071],[-0.229144291246443,44.58638007669704],[-0.228998749890988,44.58637928673448],[-0.228873243396489,44.58636727898437],[-0.228796645653252,44.586350687625064],[-0.228771868857365,44.58634294262753],[-0.2283501711907,44.58621147144062],[-0.227892665474363,44.586066719460455],[-0.227769496832981,44.58602725173812],[-0.227915618239353,44.585773854114755],[-0.228094883017427,44.58546074222979],[-0.228124085780595,44.58538943035088],[-0.228149349350114,44.58532859511967],[-0.228160727868972,44.585300511688686],[-0.228216181425985,44.58515698308218],[-0.228328315458762,44.584869349317714],[-0.228338212006217,44.5848440121932],[-0.228399801769277,44.584684356402676],[-0.22847110396066,44.58450936992639],[-0.228520527046084,44.58438385727501],[-0.228585570768771,44.58422509150012],[-0.228624577579694,44.584120245943076],[-0.228648956126567,44.58405718397159],[-0.228666005381679,44.584007040387505],[-0.228735821633125,44.58391183569187],[-0.228742400126156,44.58387479244375],[-0.228750800213455,44.5838409395352],[-0.228855120732447,44.583538036487774],[-0.228974013338039,44.58324524894697],[-0.229000959240605,44.583178597926015],[-0.22900793191993,44.58317046523747],[-0.229016340576005,44.58316319155868],[-0.229026331669641,44.58315713300661],[-0.229037522465462,44.58315221067254],[-0.229049802551335,44.58314869808473],[-0.229062668480395,44.58314660996444],[-0.229075747817718,44.58314604730215],[-0.229242724338352,44.58315143588612],[-0.229299842142697,44.583147152658675],[-0.229522475025749,44.58313154169855],[-0.229745069489257,44.58311746311047],[-0.229972529008089,44.58310468336901],[-0.230411295414884,44.58310527351799],[-0.231105005066653,44.583150300183235],[-0.231127491690318,44.583155498724594],[-0.231154356310104,44.583166695965254],[-0.231166970602598,44.583180022077336],[-0.231497153721579,44.583697085498116],[-0.231504189011756,44.583709854039995],[-0.231513955553908,44.5837548886033],[-0.231512495327742,44.58380421610849],[-0.231489915528871,44.584063644471264],[-0.231467184518452,44.58412900155453],[-0.231402850486495,44.5842890098949],[-0.231369477131118,44.584382068822386],[-0.231285982739399,44.5845135354117]]],[[[-0.231722379138561,44.591671757900954],[-0.231661789855454,44.59170362435728],[-0.231450943313532,44.591815481504554],[-0.231307186721498,44.59190330075981],[-0.231275761587403,44.591927015583984],[-0.23124590369876,44.59195167565038],[-0.231217613056123,44.59197728096031],[-0.231189125133981,44.5920060455488],[-0.23115646840998,44.59203907671167],[-0.231058643731924,44.592134111363166],[-0.231023068239577,44.59219542930297],[-0.231003207969534,44.592244934836074],[-0.230992585526389,44.59227741144009],[-0.230623907569799,44.59225792258789],[-0.230615684007072,44.59225744233345],[-0.230626734361038,44.59221702442018],[-0.230628624057833,44.59221039181514],[-0.230324262055343,44.592188840437615],[-0.23030826121501,44.59231013305269],[-0.230278365487153,44.59254986358061],[-0.230091959081702,44.59252495159191],[-0.230066923175142,44.59252153917752],[-0.22956681722005,44.5925058003261],[-0.229500620600526,44.59250584388635],[-0.229368774026115,44.592519880457836],[-0.229220996557012,44.59255078092684],[-0.228956177967288,44.59263628004985],[-0.228852922600694,44.592673987391066],[-0.22883104133001,44.59268823223629],[-0.228797996560158,44.59271451647891],[-0.228780952113965,44.592742765663694],[-0.228748794402807,44.592813173120255],[-0.228709254887101,44.59293524365388],[-0.228680056528114,44.5930441275218],[-0.228643272516456,44.593198914005825],[-0.228601622907637,44.59337663810127],[-0.228396730910716,44.59392088683885],[-0.228392139479366,44.59393759951244],[-0.228384869450678,44.59400223377082],[-0.228402559387402,44.594355270523586],[-0.228407106422148,44.594613094990024],[-0.228403730916386,44.59461580656672],[-0.228397480596346,44.59461896257518],[-0.228390271815877,44.594620795093114],[-0.228382723713508,44.594621105822405],[-0.228375219102221,44.594619973673865],[-0.227637145496315,44.59444116164814],[-0.227206501588837,44.59431742374153],[-0.227142178981232,44.59429957120829],[-0.227113305962285,44.594288611693294],[-0.227024728949106,44.5942523665005],[-0.226870492227995,44.59418371137396],[-0.226812082431573,44.59415018865717],[-0.226748168418225,44.594104212678594],[-0.226730524771709,44.59408896058893],[-0.22670425822702,44.59406404938197],[-0.226679461165582,44.59403837443718],[-0.226610375988958,44.59396813228671],[-0.226428849836865,44.59379936152639],[-0.226322162989269,44.593691204241],[-0.226062057196981,44.59342723990465],[-0.225747775308515,44.5931089051381],[-0.225728427430574,44.593074871744314],[-0.225721651232081,44.59305560800939],[-0.225712999012341,44.59299693517946],[-0.225713006459183,44.59296179588546],[-0.22572376636334,44.592874354739656],[-0.225742717060061,44.592731713253656],[-0.22577557449307,44.59250153871802],[-0.225789564193827,44.59239120789793],[-0.22580512508714,44.5922686676651],[-0.225812041509028,44.59221323424666],[-0.225812539529614,44.592208714692],[-0.2258454349763,44.591948355500634],[-0.225871303382301,44.59174370326395],[-0.225877019663013,44.5916540668439],[-0.225896306314304,44.59132995386576],[-0.225971080210911,44.590856095549476],[-0.225993744981233,44.59072109422095],[-0.226043305462636,44.590423667637765],[-0.226051582356063,44.59036116668231],[-0.226080364439719,44.59009065629186],[-0.22609646121616,44.589970893543224],[-0.226114708125459,44.58985124818752],[-0.22610227228404,44.589737454630665],[-0.226105591005764,44.58973375368191],[-0.22609690679845,44.58968994841331],[-0.226140141228305,44.58959714376656],[-0.226168825357596,44.589477013321236],[-0.226206862591789,44.58932642611281],[-0.226224837115317,44.589268146872016],[-0.226233329766704,44.58923807564875],[-0.22625199259137,44.58917860499559],[-0.226272438215961,44.58911944265834],[-0.226295301157491,44.58906066019942],[-0.226316009944095,44.58901491507853],[-0.22637390592933,44.58891393341158],[-0.226416331873608,44.58884007329104],[-0.226445749609842,44.588801101520204],[-0.226486111299257,44.588768297214685],[-0.226535489171086,44.588730003673085],[-0.226586570246374,44.58869283164766],[-0.226781581826757,44.58857090482291],[-0.226835466522633,44.58852103674658],[-0.226911089035908,44.588447828254616],[-0.226944418606687,44.588408922239495],[-0.227054340968443,44.58844157011387],[-0.227147853056922,44.5884694716129],[-0.227175100755274,44.588419030232465],[-0.22720754391284,44.588428533789525],[-0.227256779590479,44.58834149990789],[-0.227286386580545,44.588349915019585],[-0.227336575247437,44.588264114651835],[-0.227321440848611,44.588228787189706],[-0.227129561213984,44.588163035107335],[-0.227116283705871,44.58814693478041],[-0.227117132116758,44.588055999001924],[-0.227096733762249,44.58796613458925],[-0.227197563467375,44.58796769316264],[-0.227446461467768,44.588018534069874],[-0.227523543514103,44.58789374522021],[-0.227619374842791,44.58774408131755],[-0.227302286425214,44.587651715274724],[-0.227393977379948,44.58752884220632],[-0.227212603088398,44.58747918155376],[-0.227110514471952,44.58766272534389],[-0.227088305727366,44.58769986484645],[-0.227055972397013,44.58775396870964],[-0.227048211834012,44.5877527538807],[-0.227014243077404,44.58759318816169],[-0.226992197264864,44.58741723624183],[-0.226967585123141,44.58721405900931],[-0.226952748707544,44.58694815681505],[-0.226952058583353,44.586931688674255],[-0.226972095836227,44.58678829461741],[-0.226986039625675,44.58669265143462],[-0.226999681984391,44.586613775665434],[-0.227015479528535,44.58653510721855],[-0.227045854029405,44.586448985006335],[-0.227042075470446,44.5862771845848],[-0.227041073487902,44.586127467641646],[-0.227042216419343,44.585977778129184],[-0.227059728059135,44.58595771470293],[-0.227088591684684,44.58594434734312],[-0.2271217175005,44.585937162423576],[-0.227185856024036,44.58593213460696],[-0.227189442570523,44.585937525897094],[-0.227338439352736,44.585976689933204],[-0.227562329712697,44.58605114652882],[-0.227779542680075,44.58613228506402],[-0.227803345501111,44.58613843694394],[-0.227885507152706,44.586159731746335],[-0.228029857302378,44.58623444002697],[-0.228317300230888,44.58632442676781],[-0.22846786816123,44.58642183816635],[-0.228523649419425,44.58644480473398],[-0.22859118632289,44.586455083877986],[-0.228798120656668,44.58656364114757],[-0.229054819257943,44.58664290203317],[-0.229109451232645,44.58663697978466],[-0.229156057662823,44.58666264702672],[-0.229215809616369,44.58669549827102],[-0.229304575713732,44.58676164900928],[-0.229414848416012,44.58681365574679],[-0.229531452525161,44.58701585438711],[-0.229533961311343,44.58704425267082],[-0.229538599598731,44.58707240847949],[-0.22954341396064,44.58709263032495],[-0.229577579659313,44.58720047217818],[-0.229590586618636,44.58722504954524],[-0.229668394230184,44.587300170132565],[-0.229700211573469,44.587351587831996],[-0.229703447021687,44.58737726186176],[-0.229682449961915,44.58743112513221],[-0.22974159225704,44.58750174594253],[-0.229782672314356,44.58753216969008],[-0.230037636701576,44.587752756335895],[-0.230092393027683,44.58777980666794],[-0.230323058725967,44.58789091086243],[-0.230397329835259,44.587959286839016],[-0.230395791960138,44.58801168006026],[-0.230484544519578,44.58811495168262],[-0.230211721889508,44.588366292696854],[-0.230296142342868,44.5885414110011],[-0.230548240112257,44.589064006621285],[-0.230927698474969,44.5898508343708],[-0.230487366973095,44.59070867628284],[-0.230470747989649,44.59073772420603],[-0.23055702275946,44.590760248480485],[-0.230806551547614,44.59081962340715],[-0.230976614907555,44.59084987755637],[-0.231303249326427,44.59089275976935],[-0.231437274302049,44.59093001425677],[-0.231571982566203,44.59096598718849],[-0.231663098236431,44.59098936008199],[-0.231994962367067,44.59107506516404],[-0.232074469144075,44.59108508218951],[-0.232086317686178,44.59110041291611],[-0.23204384115644,44.591188692996376],[-0.231996386395155,44.59129351702129],[-0.231898023983788,44.591478128029706],[-0.23186466843273,44.59153415547574],[-0.231801346261791,44.59160853928806],[-0.231756681570553,44.59164985085679],[-0.231722379138561,44.591671757900954]]],[[[-0.231209499333973,44.58310813917134],[-0.231137330993448,44.58285851122828],[-0.231137451701463,44.58285841759621],[-0.231209630348883,44.58310822543778],[-0.23118224622146,44.583107765323874],[-0.231209499333973,44.58310813917134]]],[[[-0.231031718766484,44.583041801620894],[-0.230701653772129,44.58302406826213],[-0.231031713613533,44.58304171167157],[-0.231031718766484,44.583041801620894]]],[[[-0.230986142994658,44.58234305758764],[-0.23098652057459,44.582343046539826],[-0.230784002409228,44.58238402085446],[-0.230986142994658,44.58234305758764]]],[[[-0.230867502802271,44.58309120592474],[-0.230754883079645,44.58308395919172],[-0.230685021018906,44.5830792456207],[-0.23042899711936,44.58306655324754],[-0.230013294603963,44.58306582915413],[-0.229971624093398,44.583066867821834],[-0.229365698185572,44.58310612335281],[-0.229241052181563,44.58311562498334],[-0.229178529131243,44.58311357904524],[-0.229129613988268,44.58310699054651],[-0.229166266918446,44.58307996992488],[-0.229483772914511,44.58286516663217],[-0.229628798172928,44.5827734380717],[-0.229755809186487,44.58269737299802],[-0.229884118801835,44.58263298278957],[-0.230090314329198,44.58249549557284],[-0.230227260960707,44.582333183875704],[-0.230244813771036,44.58231167710314],[-0.230269447140753,44.582283926498484],[-0.2302962716204,44.582257012791],[-0.230320701734789,44.582243323723596],[-0.230413935323123,44.58217626485444],[-0.230398966787449,44.58219886735513],[-0.230398687815794,44.58220500231798],[-0.230399875730904,44.582212535968594],[-0.230403308514177,44.58221964354715],[-0.230408598283351,44.582226156200605],[-0.230415603723451,44.582231807762746],[-0.230424057659392,44.582236335749194],[-0.230671425993948,44.58233568719291],[-0.230717940612289,44.58239721615348],[-0.230717950917073,44.582397396052095],[-0.230718071624797,44.58239730242049],[-0.230754683008438,44.58242019788674],[-0.230851279954248,44.582495488420804],[-0.23083824358998,44.582521007756625],[-0.230852328965066,44.582531407651835],[-0.230701653772129,44.58302406826213],[-0.230685141728143,44.583079151989125],[-0.23075500894129,44.58308395550937],[-0.230867502802271,44.58309120592474]]],[[[-0.230932314130052,44.59562262304985],[-0.230917724871965,44.5956144902673],[-0.230900884979304,44.59559128642912],[-0.230928548798367,44.595554707291654],[-0.23091816172772,44.59554068515223],[-0.230809083155355,44.5955032405493],[-0.230692355689624,44.595477552441665],[-0.230654011730306,44.595483989933335],[-0.230616032166692,44.59547257685113],[-0.230548933188261,44.59544372506714],[-0.23052801275211,44.59544613897512],[-0.230411130034325,44.59547496592414],[-0.230403986707332,44.59548454530185],[-0.230400626656215,44.595502933977706],[-0.230371118452247,44.59551172586013],[-0.230078017270359,44.59557039374872],[-0.230009665781397,44.59558131258583],[-0.230001075757787,44.595589853036735],[-0.22998698711813,44.59559486016702],[-0.22990211331057,44.59559031432325],[-0.229841488280257,44.59559082575538],[-0.229750559690728,44.59560826116785],[-0.229718359507178,44.59558766873338],[-0.2297064073885,44.595585945917264],[-0.229630520017183,44.59564582923155],[-0.229568049107037,44.59565594513629],[-0.229551644190729,44.595668948778794],[-0.22950447265398,44.59573042506659],[-0.229482224296692,44.595753690808806],[-0.229462489523877,44.59576580069383],[-0.229428397479145,44.59577382533877],[-0.229392035219381,44.59577083399245],[-0.229323717204893,44.59574931524913],[-0.229303539382851,44.59575368941866],[-0.229262874925973,44.59577686284912],[-0.229238402004612,44.59578550720364],[-0.229218924470911,44.59578229244429],[-0.229166849596047,44.59574714404199],[-0.22911530081519,44.5957255854052],[-0.229083095026321,44.59570048793079],[-0.229059207265682,44.59568631972424],[-0.229021495120879,44.59567516858185],[-0.228937454478667,44.59567636406664],[-0.228853452162008,44.59567602665957],[-0.228784646466174,44.59567461424699],[-0.228769995103534,44.59566098687834],[-0.228747818890643,44.595630460395924],[-0.228732926069762,44.595617020282475],[-0.228703987982545,44.59560714425586],[-0.228660395197485,44.59559679560049],[-0.228608442251714,44.595605612395936],[-0.228452363039009,44.595577558321516],[-0.228444486918577,44.59558535697393],[-0.228309497070223,44.59579130774116],[-0.228816417382119,44.596018049386615],[-0.228906660670036,44.59590494812156],[-0.229070561673306,44.595933043220725],[-0.229192560661265,44.59595389370784],[-0.229566232339315,44.59601612987143],[-0.229503191320462,44.59613519388419],[-0.229587745960331,44.59616497752826],[-0.229673202534164,44.59619509513948],[-0.229561810593169,44.596308815453334],[-0.2294100907571,44.59646921551371],[-0.229206759518605,44.596721495074235],[-0.229316226432141,44.59673487312729],[-0.229369283710653,44.59673431298046],[-0.229582042142284,44.596732507163715],[-0.229878827297775,44.5967292349505],[-0.229934361329873,44.59684456148838],[-0.22997160489484,44.59690915567254],[-0.23001664020367,44.59701731085535],[-0.230045325341986,44.597095400081315],[-0.230085041812865,44.597198755263406],[-0.230127009052119,44.59730177431628],[-0.229796766465387,44.59772490290278],[-0.229703645654231,44.59769311729081],[-0.229493575289484,44.59803695642323],[-0.2294626215068,44.598027139480486],[-0.22930806669936,44.598285651656305],[-0.229024848258962,44.598759390967565],[-0.229051454911771,44.59876816382055],[-0.228889936908194,44.59886550883145],[-0.228697643934557,44.59881742987161],[-0.228606273829128,44.59888010758045],[-0.228014373566629,44.59928628082676],[-0.227985979403847,44.59930576142309],[-0.227770232455367,44.5994537942601],[-0.227606659046256,44.59956597384775],[-0.22717953281265,44.599859116787634],[-0.22690941716756,44.60004441607801],[-0.22680554384764,44.600115656620915],[-0.226759015590353,44.60012458426486],[-0.226625085934784,44.600151021684546],[-0.226534048837964,44.60016890791045],[-0.226332959265462,44.60024262724194],[-0.226179943754818,44.60027052257687],[-0.226067243938318,44.60029111341788],[-0.225961411950267,44.60031051246283],[-0.225907319081162,44.60031948046247],[-0.225721364250709,44.60035797786682],[-0.225563529944908,44.60041187188377],[-0.225527201943981,44.60042275364851],[-0.225476606321916,44.60043774614068],[-0.225347177409797,44.600505406658066],[-0.225319706592661,44.60052341796589],[-0.225208294599093,44.600634881655715],[-0.225127295509841,44.6007334739021],[-0.225069176656647,44.60086608673676],[-0.225038194249483,44.600937359760444],[-0.225019537762057,44.60097718825308],[-0.225015038870472,44.601017594504206],[-0.225007363051075,44.60107962751707],[-0.225101484784867,44.60123689793408],[-0.225265500621395,44.601526917867155],[-0.225332405803208,44.60165371794981],[-0.225401053775432,44.601751454759416],[-0.225506056250431,44.601900478387016],[-0.225619236558904,44.6020645802282],[-0.225516386433373,44.60207884605728],[-0.22534888007411,44.60208941343558],[-0.225098034588431,44.602093764121896],[-0.224964202725304,44.60208893166574],[-0.22478595879039,44.602066114089865],[-0.224765551709049,44.60206211471396],[-0.224745560788779,44.60205657147734],[-0.224726630986757,44.602049735853576],[-0.224721980103665,44.60204779931479],[-0.224707813539953,44.60203163438753],[-0.224629348345326,44.60184822790228],[-0.224542703757588,44.60164307564669],[-0.224508137947614,44.60153263040809],[-0.22445336208768,44.601309158460836],[-0.224430880084475,44.60118727813486],[-0.224431419997259,44.601104099678324],[-0.224488773130701,44.60081031991329],[-0.22450977132544,44.60069455861233],[-0.22453304594186,44.60057891105823],[-0.224541769191175,44.600537390421415],[-0.22457392657503,44.600429322292285],[-0.224634558461084,44.60024581976959],[-0.224690512731219,44.60008858288826],[-0.224719600914222,44.60000844534497],[-0.224746276343989,44.5999280178306],[-0.224765560768058,44.599866096466194],[-0.224799129533062,44.599743030406536],[-0.22480946642243,44.59970767957053],[-0.224918755874701,44.599298946971565],[-0.224958468480802,44.59915542890983],[-0.225044562925943,44.598940909031896],[-0.225105473774579,44.59878659064473],[-0.225160751057943,44.59865063699073],[-0.225243095852302,44.59844334436979],[-0.225281562223064,44.598353021805465],[-0.225414770196468,44.59807153285385],[-0.225435784108292,44.59806632410519],[-0.225447605581173,44.59806796111109],[-0.225653835471952,44.59816357195592],[-0.225875890891289,44.598264666880574],[-0.226033436966625,44.5983380925645],[-0.226042172965698,44.59831224890156],[-0.226307564921975,44.59789021571076],[-0.226119598683378,44.59783831194866],[-0.225918233725747,44.59778364568516],[-0.225593697507191,44.59769428343224],[-0.225735248604546,44.59736470714392],[-0.22586361125179,44.597049301200386],[-0.226319965560336,44.59714382228942],[-0.226341385175337,44.59711265259968],[-0.226432578706298,44.597143866548606],[-0.226494607370197,44.597161246010046],[-0.226681204876988,44.59679260044818],[-0.226668866982299,44.596788545957914],[-0.226702051077014,44.59673378661851],[-0.226429622856146,44.5966624565111],[-0.22644181761493,44.596619933320696],[-0.226476937816502,44.59649763233107],[-0.2264833171253,44.5964967251791],[-0.226541147383527,44.596491431839894],[-0.226645093708867,44.59649650433908],[-0.226775467938852,44.596225187651655],[-0.226907764857902,44.595950030415445],[-0.226652723767591,44.59588278812268],[-0.22675080907831,44.59571053402715],[-0.226774436595116,44.59564524181664],[-0.226801759574004,44.595538755883936],[-0.226836343167,44.59545998893004],[-0.226849004755584,44.59544105834833],[-0.226886560774989,44.59538779303312],[-0.226925794463607,44.59533519949196],[-0.227025242983901,44.595219848723346],[-0.227062821586234,44.59518901766817],[-0.227119121081011,44.59515259399569],[-0.227203806295757,44.59510759227199],[-0.227234406121452,44.59509363362925],[-0.227277137095348,44.59507571649934],[-0.227320705743697,44.595059216481054],[-0.227364274851279,44.59504713134858],[-0.227377490332329,44.59504449267961],[-0.227528624339416,44.59502584053018],[-0.22790384418978,44.59506019580269],[-0.228006829007512,44.5950595286207],[-0.228070545818987,44.595051359384634],[-0.228120121905276,44.595042882601405],[-0.228143978379949,44.59503668922011],[-0.228181430254749,44.59502568355388],[-0.228218170279869,44.59501325707434],[-0.228307679362435,44.5949688342864],[-0.22836332779355,44.59493206858163],[-0.228388297187285,44.594910075047444],[-0.228430968184173,44.59484927142493],[-0.228459073860951,44.594782946908516],[-0.228484320102628,44.59469751458517],[-0.228486228442872,44.594653760115825],[-0.228469262877065,44.5943243985406],[-0.228467768333264,44.59403179623245],[-0.228476780076293,44.59396675065192],[-0.228486214662864,44.593933317937726],[-0.228659404190573,44.59343441523675],[-0.228755475591634,44.59309282944997],[-0.228763384402031,44.59306358593469],[-0.228835081711707,44.59279623451675],[-0.228848478404769,44.592770344472605],[-0.228871214531722,44.59275120921438],[-0.228962459614009,44.592712951987465],[-0.229230620104731,44.592621949124464],[-0.229303980965397,44.592597279059625],[-0.229387196361388,44.59258835866288],[-0.229484518669257,44.5925813683169],[-0.229529104074077,44.59257826259209],[-0.230026911083129,44.59257586858979],[-0.230245715908418,44.5926006440253],[-0.230198844108165,44.5927003144322],[-0.23018824394968,44.592730988289084],[-0.230176686014398,44.59276475357047],[-0.230161034926653,44.592810712015314],[-0.231023491047906,44.592880630689926],[-0.231670734048517,44.59409958468061],[-0.23175594934708,44.594305944279746],[-0.231817671929675,44.59446541818555],[-0.232016531593464,44.59501768202339],[-0.23202264112896,44.59507147348183],[-0.231979228190993,44.59519627171828],[-0.231901720032987,44.59526962908067],[-0.231514528240773,44.59551053432743],[-0.231382072131025,44.595571263047106],[-0.231017006854745,44.59570763318607],[-0.231014911335651,44.59566886115314],[-0.230932314130052,44.59562262304985]]],[[[-0.228294873260989,44.5949169503684],[-0.228265669973827,44.59493987853414],[-0.228214012749026,44.59496706699259],[-0.228181195889887,44.59497973920796],[-0.22814779307137,44.59499098693314],[-0.228112303933617,44.59500103421953],[-0.228079368056443,44.595007222654786],[-0.228045972118195,44.59501198291994],[-0.228012226562042,44.595015041485674],[-0.228003057302762,44.59501566986872],[-0.22792632661069,44.59501457866264],[-0.227814793031615,44.59500468356012],[-0.22773518880938,44.594993044356016],[-0.227668837129871,44.59498822584568],[-0.22751845096828,44.59498469165081],[-0.22745825338768,44.594988252714906],[-0.22736737369827,44.59500433323506],[-0.227353140822079,44.59500682143081],[-0.227253945899529,44.59503404696942],[-0.22715753493998,44.59507686853262],[-0.227119924646011,44.59509833011313],[-0.227083771168142,44.59512101052016],[-0.227049064210373,44.595144729855306],[-0.226960984429211,44.59520974280714],[-0.226937162790017,44.595231972769255],[-0.226837933497588,44.595357768687194],[-0.226780525591849,44.59543873415485],[-0.226693609719136,44.595695986992666],[-0.226595005256182,44.59586798589695],[-0.226556697180945,44.59590811842552],[-0.226502423199176,44.59596673740455],[-0.226455641617509,44.59603288612025],[-0.226410673867384,44.596099882834174],[-0.226367866746309,44.596167176816486],[-0.226324335458745,44.59623944745289],[-0.226162004632549,44.59652971702618],[-0.226136051472886,44.59654335942744],[-0.226079760708187,44.59655572551386],[-0.226030439155557,44.59655545417188],[-0.225686086593184,44.59650973917107],[-0.225484017376177,44.59648455566512],[-0.225228247528469,44.59643985640554],[-0.224948771415789,44.596388550613725],[-0.224441874468466,44.596309735485626],[-0.224305398941737,44.5962893023783],[-0.224366060809947,44.596108592433],[-0.224400166597483,44.596010378628726],[-0.224441109975754,44.59588619653353],[-0.224551540312455,44.595559242486246],[-0.224637378761314,44.595298419072876],[-0.224654807502296,44.59524817490602],[-0.224663047950475,44.595224688462174],[-0.224669310174053,44.59520189047507],[-0.224659328929799,44.59520155118274],[-0.224512821672285,44.595195286732796],[-0.224422244023442,44.59521225698239],[-0.224388436681292,44.595218649944265],[-0.224210149249992,44.595221151570236],[-0.224155970627181,44.59522192221355],[-0.224082383182436,44.59524713593657],[-0.224033415632783,44.595264062541794],[-0.223956123397875,44.5952906457232],[-0.22393323439732,44.59512850278359],[-0.223931553587348,44.595116748719995],[-0.223919378456929,44.59506700839548],[-0.22390950577238,44.59502666138478],[-0.223869738108107,44.59487366074348],[-0.223824348266059,44.59469730806108],[-0.223812707934052,44.59465250763787],[-0.223800859453057,44.5946062716876],[-0.223771031505735,44.594490372496495],[-0.223806799408093,44.59449842861532],[-0.223816636740095,44.59450066428474],[-0.223836081416552,44.59447685088283],[-0.22388640526566,44.59441528518221],[-0.223921875173092,44.59437181266723],[-0.224031341406659,44.59423310671326],[-0.224183603274448,44.59404233487323],[-0.224219609574881,44.593997224794315],[-0.224229600171387,44.5939844993232],[-0.224198862609224,44.59397179149654],[-0.224293017532072,44.593869662396806],[-0.224423844018296,44.59373186415618],[-0.224472641020021,44.593678902259505],[-0.224482734372703,44.59366797576713],[-0.224486657142698,44.59366380673514],[-0.224490767779528,44.593665128328254],[-0.22449179029527,44.593665368776506],[-0.224501249330827,44.59365878560902],[-0.224500095786013,44.59365845888608],[-0.224499068126856,44.59365812848791],[-0.224560446759273,44.59362011625678],[-0.225032108663823,44.593339017580504],[-0.225287829542763,44.593189101849056],[-0.225295639206314,44.59318454897936],[-0.225303081504528,44.593180187037454],[-0.225553644837713,44.593030511372035],[-0.225560105748065,44.59302662857415],[-0.225564860875989,44.593023786695255],[-0.225616478834986,44.59299371742217],[-0.225638207027533,44.59298118961327],[-0.225638734241952,44.592988202030675],[-0.225639886431213,44.59300393591409],[-0.22564151952882,44.59302587266578],[-0.225644780582564,44.593069656219726],[-0.225667046088549,44.59312603936437],[-0.225700986252645,44.593159466385615],[-0.225785769947077,44.59324186454605],[-0.22599008334435,44.59344754242916],[-0.226436123842396,44.59389123150183],[-0.226666906008224,44.594118660178125],[-0.226725311842777,44.594165337725215],[-0.226764925224562,44.594192111506835],[-0.226834516459693,44.59423152449513],[-0.227097233577711,44.59433827606916],[-0.22741296700149,44.59443275593737],[-0.227607041083165,44.594492407474725],[-0.227631687434937,44.59449781406171],[-0.227922719780308,44.59456607435938],[-0.228214667239166,44.594632685359244],[-0.22836757420007,44.59466704932867],[-0.228404593712071,44.594692546872714],[-0.228411395639096,44.59470343040046],[-0.228394711985333,44.59476662792828],[-0.228382753732269,44.594795629386596],[-0.228349852789382,44.59485308400463],[-0.228322385626633,44.59489091810489],[-0.228294873260989,44.5949169503684]]],[[[-0.226388000256405,44.588596099088065],[-0.226549444214869,44.588658777299244],[-0.22647425352141,44.58871530439765],[-0.226401544146969,44.58877112825029],[-0.22634735341337,44.588712074053056],[-0.226296745049273,44.58863849916861],[-0.226230307546407,44.58853727546959],[-0.226388000256405,44.588596099088065]]],[[[-0.226123471823012,44.58804944128325],[-0.226150911791471,44.58801557297486],[-0.226232517032789,44.587910294782105],[-0.226336591335101,44.587774627090006],[-0.226311149992037,44.58772221132479],[-0.226310281549611,44.58772025449507],[-0.226310512710753,44.58771988734169],[-0.226478492070663,44.587458284791694],[-0.226535688386883,44.58736714439289],[-0.226542565263328,44.587341895664714],[-0.226559194971853,44.58727996157711],[-0.226570123075484,44.58725720738405],[-0.22662629020579,44.58715249190077],[-0.226751406630207,44.58692187425885],[-0.226780536844406,44.58687128789057],[-0.226880764656513,44.58688439708562],[-0.226898933961453,44.58688683947834],[-0.226895321539241,44.5869052353403],[-0.226896768104511,44.586959162991484],[-0.226916655592364,44.58731114333837],[-0.226921143240281,44.58736092763598],[-0.226926283189279,44.58740889087328],[-0.226953359060626,44.58756478370687],[-0.227040775156516,44.5879511012493],[-0.227045191320608,44.5880282780723],[-0.226968480896184,44.58803178099405],[-0.22681220596342,44.587986702130216],[-0.2267715981479,44.58799095203685],[-0.226625072724873,44.58795099405439],[-0.2265973787283,44.588011269227756],[-0.226422308341543,44.58797043306786],[-0.226286288665991,44.588144966223076],[-0.22631083237722,44.588155241407485],[-0.226438457761265,44.58820863629935],[-0.226505620445739,44.58823658732101],[-0.226304753658276,44.588456713577244],[-0.226230307546407,44.58853727546959],[-0.226208250301256,44.588497735205166],[-0.226162267988141,44.58841465472945],[-0.226098853565446,44.588302350457106],[-0.226039894415593,44.58819739431802],[-0.226005189877925,44.58817480188132],[-0.2260379756364,44.58813960614443],[-0.226123471823012,44.58804944128325]]],[[[-0.225719523719406,44.59719343510825],[-0.225676833720572,44.5973002794366],[-0.225626930234267,44.59742211086376],[-0.225601877044555,44.59748456123727],[-0.225576207019674,44.597545047410556],[-0.225552987592264,44.597599875792135],[-0.225476519713279,44.59778861655464],[-0.225407619894126,44.59793550990207],[-0.225386711574556,44.59797783691127],[-0.224850965029839,44.59786670868207],[-0.224797025749441,44.59799298234006],[-0.224740856396689,44.59812436669657],[-0.224666126236517,44.59829945095414],[-0.225053210643636,44.59837113210875],[-0.225181225878382,44.59839568581053],[-0.225157715805091,44.59845646921688],[-0.225153649315301,44.59846694949444],[-0.225125936496161,44.59853803694913],[-0.225082874842188,44.59865164942206],[-0.225056453797546,44.59871666241757],[-0.224947980756275,44.599007339787626],[-0.224934143788164,44.59902999856849],[-0.224879098545992,44.59919207443839],[-0.224682461690914,44.59986401742981],[-0.224597453139202,44.60010859885634],[-0.22453879130241,44.600280240686985],[-0.224504171986587,44.60038054193256],[-0.224469891282274,44.600473535150186],[-0.224418368726553,44.600728131195666],[-0.224372533064886,44.60095868461698],[-0.224367558019683,44.60099297789833],[-0.224356708966195,44.60106789773152],[-0.224357881087441,44.60112147326964],[-0.22436990960197,44.601274473086555],[-0.224440238428643,44.601549388919395],[-0.224453682295698,44.601601434945486],[-0.224541645815698,44.60186934877493],[-0.224561318445133,44.60192445659111],[-0.224514372786359,44.601901860265826],[-0.224486583224995,44.60189005740144],[-0.224398524795058,44.60184541521505],[-0.224346668767705,44.601818547234224],[-0.224260406768906,44.60177664562239],[-0.224157825699591,44.60172503891706],[-0.224061553194036,44.601680095628254],[-0.223964098957814,44.601636538257345],[-0.223760430795638,44.60153075783224],[-0.223596793701734,44.60144354083239],[-0.223565579649663,44.601435802104724],[-0.223535426550919,44.601422356082416],[-0.22338264596072,44.601333110062406],[-0.223222113801907,44.60124282863081],[-0.222893886168764,44.601020757660926],[-0.222734493450379,44.600912872769136],[-0.222571295959394,44.60080239566004],[-0.222643698222144,44.6007430696699],[-0.222688772068499,44.60068661324706],[-0.222503412298517,44.60060759696225],[-0.222340514577889,44.600515581382716],[-0.222219714795491,44.600436393202614],[-0.222139489145317,44.600376474121795],[-0.22206073335165,44.60031579131188],[-0.221966730695247,44.600239875735056],[-0.221842298565944,44.60013241154855],[-0.221683804175771,44.59998719760145],[-0.221710607697673,44.59995307874356],[-0.221733303015595,44.59994638008048],[-0.221847174232545,44.599831514645],[-0.221714495975699,44.59976952121336],[-0.221582023457681,44.599693465993816],[-0.221668584855482,44.59960165201064],[-0.221856480396385,44.599398491681875],[-0.222003571350172,44.59923823768402],[-0.222112843970439,44.59912017237926],[-0.222137242099391,44.599096935606646],[-0.222168464316876,44.59906953535131],[-0.222286780592632,44.5989640903844],[-0.22237513593785,44.598883846407325],[-0.222465453980477,44.5988026440927],[-0.222570925349997,44.59870856576781],[-0.222651197019152,44.59863693671934],[-0.222807246093923,44.59849669277415],[-0.222842812204209,44.59846366945711],[-0.222875413447697,44.59843613865187],[-0.222637581145852,44.59830162044018],[-0.222676513185975,44.598274535691296],[-0.222707842528502,44.59824460933926],[-0.222725737205109,44.598224535482025],[-0.222775030354354,44.59816912721754],[-0.222823704210796,44.598113917199385],[-0.222878811298539,44.59805212233173],[-0.222904130913783,44.59802516437971],[-0.222919934140033,44.59800821492208],[-0.222957020624084,44.5979664975779],[-0.222987630123196,44.59793280793469],[-0.223097912952778,44.597812639800615],[-0.223160159304986,44.59774559084342],[-0.223205762337567,44.59769623666959],[-0.22323012075611,44.59767011758862],[-0.223233923144127,44.59766604221844],[-0.223374521387255,44.597520301667366],[-0.223392865269068,44.59750147598869],[-0.223459789400005,44.597430235827616],[-0.223527902788305,44.597355537105926],[-0.223727342111848,44.597127348995976],[-0.223757310943644,44.5970934976223],[-0.223796536187084,44.597047302640576],[-0.223832221138359,44.59700535558693],[-0.223871849652358,44.59695959930744],[-0.223892638833217,44.59693502585138],[-0.223954617431146,44.596843476960565],[-0.223962270739209,44.59683397324624],[-0.22401215469878,44.59677350153064],[-0.224159992012619,44.59659123820416],[-0.224283625054948,44.5964333775965],[-0.224354813131055,44.5963419200256],[-0.224823742083953,44.59641833018767],[-0.225293204011023,44.59649301093041],[-0.225573140268971,44.59653691421383],[-0.225744301304704,44.59655525160707],[-0.225915041219951,44.59657504264335],[-0.225993894330656,44.59658454274972],[-0.226005034965497,44.596589713484924],[-0.226014736943901,44.596596187642994],[-0.226022964242614,44.59660333557411],[-0.226029233877711,44.5966115317866],[-0.226033902940249,44.59662040544976],[-0.226035825344139,44.59662755732873],[-0.22603278963508,44.596640620443154],[-0.225947666846608,44.59677501352161],[-0.225843376874281,44.59693807762616],[-0.225779288227009,44.59704779945921],[-0.225747417627369,44.5971233333168],[-0.225719523719406,44.59719343510825]]]]}}]}
