{"type": "FeatureCollection","name": "aoc_geojson","features": [{"type":"Feature","properties":{"dt":"Mâcon","type_prod":"Vins","categorie":"Vin primeur, Vin tranquille","type_denom":"dénomination géographique complémentaire","signe":"AOC","id_app":583,"app":"Mâcon","id_denom":2893,"denom":"Mâcon Villages","insee":"71156","cvi":"1B370, 1B370 01","nomcom":"CRUZILLE","insee2011":"71156","nomcom2011":"CRUZILLE","id_aire":1831,"crinao":null,"grp_name1":null,"grp_name2":null},"geometry":{"type":"MultiPolygon","coordinates":[[[[4.781609750320431,46.4914778406693],[4.781653243923521,46.49157569721109],[4.781749803786168,46.49167723000582],[4.781765055392485,46.491708966431766],[4.781769474931937,46.49180031660354],[4.781794663613206,46.49186477296844],[4.781797475009289,46.491902917994295],[4.781864851073694,46.4920292239643],[4.781938965674935,46.49213425886408],[4.78201671076788,46.4921149432277],[4.782105176615634,46.492108430199366],[4.782146480481985,46.49209535687377],[4.782191857643701,46.49209518982561],[4.782264839377381,46.492101707743984],[4.782392839042388,46.492115744088814],[4.782421311955674,46.49218888571734],[4.782469284897505,46.492240197009714],[4.782627171572888,46.492215037797465],[4.782770814896939,46.49217704063394],[4.78282004478915,46.49215510684841],[4.783082371754227,46.49204167259254],[4.783120625771833,46.4920350413167],[4.78328958054444,46.492001422260934],[4.783305788854362,46.49199459443393],[4.783270318377258,46.49196272328082],[4.783292316365645,46.491949500369614],[4.783279943925015,46.49191411649479],[4.783244032704649,46.49186477900326],[4.783225643940205,46.491828858501215],[4.783220584144096,46.49178579482508],[4.783271966698509,46.49176589881967],[4.78327349284322,46.49183648838396],[4.78332964659988,46.49191063906223],[4.783371995353862,46.491973386307045],[4.783393930251515,46.49199412002562],[4.783419938982616,46.49201181793555],[4.783450105566874,46.49202107463851],[4.783661226472154,46.49198481565534],[4.783720131434688,46.49195966819119],[4.783808769264671,46.49193450705933],[4.783835575074374,46.491920758674794],[4.783884461913415,46.491892344870514],[4.783956457782752,46.491832857180356],[4.784194220498406,46.49173403442156],[4.78420813475508,46.49174876854631],[4.784263793161134,46.49172006874293],[4.784368131735691,46.491672595405625],[4.78438284503345,46.49169182044212],[4.78427048057292,46.49180886157705],[4.784286830940899,46.491850217825714],[4.784349249886778,46.491916524373316],[4.784470171954117,46.492033076309426],[4.784498173276453,46.49209172386158],[4.784543400506574,46.49213479091112],[4.78459267895964,46.49220202301728],[4.784682019506292,46.49227403372638],[4.784736330375665,46.4922957928789],[4.78475080182971,46.492327541113546],[4.784790840650291,46.49236348362806],[4.784932751435228,46.492419992231746],[4.78512602538054,46.492344469324905],[4.785274154669443,46.49229216817729],[4.785539082321379,46.492226423709695],[4.785535123406066,46.4921971233378],[4.785741172626836,46.49215733699818],[4.785757706224569,46.49215248523707],[4.785788203777038,46.49213201367472],[4.785887592895705,46.49230771504701],[4.78590950458948,46.492351596172625],[4.78593256816702,46.49239879181894],[4.785944835161148,46.492418955564766],[4.785950882243277,46.492432371308375],[4.785917764784447,46.4924405445084],[4.785945504235684,46.492499105752806],[4.785985920723875,46.49257043873897],[4.786024897029216,46.49264557707502],[4.786050867347167,46.492689935171065],[4.786107844973812,46.49277316855617],[4.786168326756384,46.4928598598181],[4.786239337817467,46.49296142789902],[4.786261181121477,46.4930509745745],[4.786276798520863,46.493113688160854],[4.786278910049512,46.49313833383454],[4.78628501577452,46.49319732312101],[4.786294293474317,46.493261576860284],[4.786302303705237,46.493322968224184],[4.786305092900371,46.49333247186112],[4.786322517584456,46.49339461679018],[4.786324485789065,46.493406925367964],[4.786334384076001,46.49348215771737],[4.786337772048492,46.49352984088398],[4.786338852703286,46.493574767993834],[4.786356211530296,46.49366276349914],[4.78634534572503,46.493721207374925],[4.78634203760693,46.4937555750262],[4.786346151010732,46.49378559350191],[4.786354194908539,46.49382014403121],[4.78638892955852,46.49390111289231],[4.786429169555233,46.493974970395875],[4.786441608157546,46.49400035536099],[4.786462523679193,46.49405758203592],[4.786515480074488,46.49420509664616],[4.786553000284702,46.494283500019534],[4.786559710140616,46.494305191641736],[4.786580317154771,46.49432513491397],[4.786627383448163,46.49437645870325],[4.786641861729079,46.49439244468473],[4.786647905696122,46.49440973337119],[4.786655897334644,46.49443870047312],[4.786684316703685,46.49447815647792],[4.786699638879842,46.49447611563785],[4.78674224370569,46.494550476484896],[4.786805004811645,46.49460713911928],[4.786929046900108,46.494715083338065],[4.786982085806082,46.49476955608013],[4.787023478595134,46.49480691777397],[4.787051239926363,46.49483026178383],[4.787086942197792,46.49486510043692],[4.787127551990179,46.49491040033058],[4.78718771421224,46.49497926259051],[4.787225534730776,46.4950150588358],[4.787264356277928,46.4950535414627],[4.787328273447043,46.49511360833735],[4.787381891616981,46.495161857144765],[4.787433183729696,46.49521473577257],[4.787515783243816,46.49531954450002],[4.787606366477053,46.49542918207553],[4.787666532346141,46.495502097104925],[4.787703832135854,46.495537901342445],[4.787768119800868,46.495605257707965],[4.787840766441493,46.49568491271468],[4.787861940598983,46.49570223492115],[4.787905555489936,46.495723799633986],[4.787963946956015,46.49575053731078],[4.788017462772301,46.49577176699251],[4.788144449760747,46.495818237417545],[4.788201340106871,46.49583896389066],[4.788303058530344,46.49587051781422],[4.788430936113319,46.49590436445521],[4.788512581788933,46.495924343221894],[4.788537093514357,46.4959281028686],[4.788625319724253,46.49594194403567],[4.788739268894375,46.495964659672126],[4.788864615731149,46.4959809821428],[4.78897929480175,46.49599413889613],[4.789248288752908,46.49599227085191],[4.789297716333301,46.495988254776066],[4.789372592891543,46.495976815024186],[4.789590348478169,46.49595160989903],[4.789635270145361,46.49594541250913],[4.789730689711065,46.49592410369468],[4.789795084391111,46.49591516953611],[4.78999566851252,46.4958913132891],[4.790152382603506,46.49587390803639],[4.790254935443103,46.49585536925864],[4.790378910859185,46.49582991990486],[4.790431117829843,46.49581523175854],[4.790473353541389,46.49579079225767],[4.79046255780763,46.49575196181004],[4.790438084584085,46.495705689780365],[4.790423858925854,46.49565772609151],[4.790417370203094,46.49562693432246],[4.790401730562325,46.49559151225667],[4.790380209099387,46.49553186389161],[4.790370621831845,46.49549805832857],[4.790357619699695,46.49545160662896],[4.790339021363849,46.49540551277544],[4.790305838188718,46.49532434059428],[4.790276365798986,46.49522113364847],[4.790256481547451,46.495179563330616],[4.790226778187845,46.49511698075068],[4.79018395565486,46.49503217662518],[4.790127809821709,46.494922902431504],[4.790095402926206,46.49480974382235],[4.790057907245596,46.49468855874988],[4.790007046294396,46.49451381222427],[4.789998218969933,46.494503142261145],[4.789986381490967,46.494496122159696],[4.789972822568108,46.49449228139909],[4.789944353007129,46.49449506895047],[4.789897770541776,46.49450228323687],[4.789779966345915,46.49452097045183],[4.78973895896087,46.494531159705446],[4.789656630596938,46.49454595884875],[4.789377573090666,46.49459464081481],[4.789228409759701,46.49462345560965],[4.789037276760515,46.49465301710622],[4.788961219169948,46.494672130946064],[4.788920223723127,46.494678716987586],[4.788880058405938,46.494678805115065],[4.788859445489405,46.49467858726665],[4.788828117743261,46.49467376346844],[4.788788655183884,46.494667445726506],[4.788716471017111,46.49452635757539],[4.78869394029207,46.4944796044591],[4.78867304762051,46.494435077412696],[4.78866235425401,46.49439534452701],[4.788636787557047,46.49431567395008],[4.788606843840258,46.4941940100124],[4.788598657597699,46.4941750436427],[4.788581659966608,46.494137931296365],[4.788548262942423,46.49406603900922],[4.788530382893097,46.49402587814372],[4.788492114632773,46.49396450996363],[4.788454928473453,46.49389636972847],[4.788431318742988,46.4938604416257],[4.78841672577609,46.49383301899886],[4.788256065713244,46.49373789847015],[4.788215725710489,46.49371673301825],[4.78816449062212,46.49368943320812],[4.788109045205529,46.49366895434726],[4.788039093855554,46.49363960547016],[4.788000291603429,46.49361760527807],[4.787994347000748,46.49358347235309],[4.787985864487023,46.49356739275787],[4.787958712233311,46.493530799426026],[4.787896368912436,46.493423242363995],[4.787855382228364,46.49336245690841],[4.78781165965489,46.49326595716292],[4.787754361089755,46.493165076242526],[4.787725784067344,46.49308103921368],[4.78769110300061,46.49298583911536],[4.787634803394204,46.49285972342737],[4.787593112546763,46.492773459601835],[4.787567624924352,46.49271999740268],[4.787548536051895,46.49269066347686],[4.787494261096271,46.49258252969772],[4.787397191389383,46.492386257830745],[4.787332062175305,46.49226127081317],[4.787313746798922,46.49223165455167],[4.787265386333702,46.4921408113511],[4.78721601471339,46.492058900689734],[4.787247395463495,46.49205345630527],[4.787349059533428,46.49224272120636],[4.787411680769903,46.49235883068124],[4.787502326724077,46.49254214310063],[4.787525401597774,46.49258168247541],[4.787557334530341,46.49264080825791],[4.787591187773248,46.49269486018464],[4.78761438624742,46.49274214347269],[4.787642572317096,46.492798355576475],[4.787697756287628,46.492914311004625],[4.787745120718055,46.49302246269912],[4.787769230935678,46.493077657697896],[4.787794244885137,46.49315643641943],[4.78780710153881,46.49318262532197],[4.787840754316261,46.49325838674401],[4.787852725159965,46.49328540010917],[4.787882311696462,46.49335248850265],[4.787896570242015,46.49337370172022],[4.7879150968291,46.49340178343126],[4.787925902378124,46.493413143152864],[4.787938520511447,46.49342807725035],[4.787946747278267,46.493452266984555],[4.78795880160218,46.49345000687726],[4.788009721131677,46.49353927861487],[4.788027655141275,46.493569170940795],[4.788033867725499,46.4935915908103],[4.788041950360404,46.493607406452355],[4.788055348152654,46.49361827527483],[4.788080767382924,46.49362985674035],[4.788172509408705,46.49366751127482],[4.788335252586387,46.49375458326032],[4.788420992692696,46.4937961143584],[4.788447060442286,46.49381155853046],[4.788460638486637,46.49382791864606],[4.788470361798934,46.49385001336371],[4.788500118557454,46.493914306830895],[4.788526129461882,46.49396379764746],[4.78857066206529,46.49403722700911],[4.788607752314695,46.49411833852736],[4.788643065049675,46.49420091893722],[4.788665524421673,46.49427730561068],[4.788678272587092,46.494327994663145],[4.788687265106399,46.494371537024364],[4.788705734297999,46.494417723216124],[4.788711688702224,46.49444816315908],[4.788756199668339,46.49453681431316],[4.78879828259649,46.49461505553592],[4.788803625716517,46.494626860926786],[4.788821259664966,46.4946436078766],[4.788833511701511,46.49465134215501],[4.788864857156368,46.49465670608351],[4.788895358888873,46.49465622877504],[4.78895130018237,46.494648057829984],[4.789087271874157,46.49461863924159],[4.789317326655081,46.494578921217425],[4.789598692345605,46.49452506937613],[4.789842229407335,46.49447496151117],[4.789908637013002,46.49446383410589],[4.789961224353267,46.49445679599441],[4.789994702985985,46.49445960430194],[4.790011757365019,46.494466632781815],[4.790029978357278,46.494481388857764],[4.790051732939506,46.49450446594263],[4.790061934387926,46.49452123902285],[4.790088758854809,46.49460737452802],[4.790108598132218,46.49465155755616],[4.790123459007478,46.494714913000706],[4.790140428551274,46.49478688197052],[4.790152950019624,46.49483856517779],[4.79017398057719,46.494919027028075],[4.790185855104154,46.4949470324238],[4.790242859736494,46.49506259791619],[4.790265620216566,46.49510835639886],[4.790295914797914,46.495188943351906],[4.790305027509469,46.49518844036632],[4.790351227452964,46.49531651436236],[4.790372825371581,46.49538246631025],[4.79039735666727,46.49544242781115],[4.790427334197725,46.49552923440254],[4.790433770544946,46.495546516760925],[4.790449365292246,46.49558851450485],[4.790460202928154,46.49562067925069],[4.790499424831416,46.495734811839505],[4.790532707519141,46.495755456575196],[4.790575834891752,46.49577405567149],[4.790695716370564,46.49573912286206],[4.790826535664547,46.495699695306485],[4.790890462459614,46.495680500076695],[4.791106572559016,46.49564495996566],[4.791201833606447,46.49563076777853],[4.791424368560489,46.495604223282776],[4.791791386783902,46.49555722005841],[4.791920873675349,46.49554077951637],[4.791995547541031,46.49553114256982],[4.792033337734537,46.495526226904566],[4.792239660816264,46.49550245685445],[4.792224742801618,46.49546918534389],[4.792183913881535,46.495377685613555],[4.792176863712694,46.49536158385513],[4.792154192623838,46.49525908132665],[4.792506982065739,46.4952077954076],[4.792505252254763,46.49519881570483],[4.792495184544278,46.49514250076551],[4.792568705328134,46.49513351199208],[4.792940533668794,46.49507823337065],[4.792902866751016,46.4950273951454],[4.792841063389783,46.49490488082444],[4.792791956827609,46.49480756660612],[4.792721394385454,46.49466852695883],[4.792643450374493,46.49451122909621],[4.792556371468388,46.49432597312342],[4.792464997458697,46.494144927576365],[4.792436127348824,46.49408791669652],[4.792386216069548,46.49400178339798],[4.792307738589187,46.493903578474814],[4.792193589229926,46.49376756367681],[4.792190763631577,46.49375301691496],[4.792206856098639,46.493738713967815],[4.792174211871599,46.49369383134532],[4.792142873968483,46.49365298130677],[4.792116740628128,46.49362366847517],[4.792040763774977,46.493541996738855],[4.792015593595859,46.49350627393853],[4.791994232912554,46.49347535510172],[4.79186373492865,46.493290238858656],[4.791807230721359,46.4932097928992],[4.791737290558634,46.49310145620734],[4.791701054575398,46.493038526030745],[4.791663824198437,46.49295723750044],[4.791626124827549,46.4928973925591],[4.791592887039222,46.49283441535907],[4.791601635910104,46.492814913559556],[4.791600534580053,46.49280124044246],[4.791562244408103,46.49271150207272],[4.791518623285625,46.492598429486605],[4.791481375530411,46.49252056376681],[4.79141964897746,46.49240417215979],[4.791341290280034,46.49226579429658],[4.791335715944654,46.49225093031649],[4.79131118440288,46.49220285800781],[4.791303436518781,46.49217343702569],[4.791292637516672,46.49214244262634],[4.791235923526605,46.49203569975077],[4.791186385897416,46.4919568556335],[4.791108018174862,46.49184198558173],[4.7910890225634,46.491811569937056],[4.791034754590171,46.4917316289885],[4.790978671339875,46.49164406065334],[4.790937451197681,46.49158814359653],[4.790901086061806,46.491537104216896],[4.790870046763545,46.49149336698588],[4.79083007999979,46.491435899095165],[4.790780885690954,46.49137938636626],[4.790722440990211,46.491311219586784],[4.790645586092168,46.49123838742115],[4.790566098518203,46.49115685982262],[4.790471409452708,46.49106512236169],[4.790453159922947,46.491049466127905],[4.790351895385347,46.49095206719689],[4.790317357785406,46.49091694110179],[4.790293495723234,46.49088921353151],[4.790265735888215,46.490853981267826],[4.790189690611561,46.49074618964031],[4.790120681853637,46.490666028796745],[4.790091482292138,46.49063460190731],[4.790016086876566,46.49055850402466],[4.789992319689409,46.490533657093636],[4.789960084367017,46.49049714381933],[4.789868849300817,46.49039535421824],[4.789787188077941,46.49029917901244],[4.789757601832123,46.49025595915343],[4.789742407369203,46.490234040266195],[4.789705462140439,46.49020102326265],[4.789677886557236,46.49016740920758],[4.789646615271319,46.49012052290484],[4.789614169059821,46.49006167590951],[4.789602654746183,46.49002871105845],[4.789581784403562,46.48997688828076],[4.789528526146407,46.48987990794517],[4.78952467369343,46.489830070437215],[4.789517396670761,46.48978316872703],[4.789518991306096,46.48977215543327],[4.789524423594949,46.48974297833654],[4.789536577983558,46.48970405869504],[4.789551544331828,46.489655457722975],[4.789564269362354,46.489594192211804],[4.789567619513569,46.489561174773705],[4.789574589895472,46.489523236969696],[4.789591734845745,46.48945757897698],[4.789607459571388,46.489372488468156],[4.789618183410433,46.48932971827476],[4.789409332050282,46.48938702894349],[4.78894047530125,46.489516500364545],[4.788567387225319,46.489619792646096],[4.788245673141039,46.48970705844806],[4.78794411360401,46.4897886039823],[4.787696881892032,46.48985668950243],[4.787348960153079,46.48995210847365],[4.787005377244,46.49004466642033],[4.786979307873921,46.48996941668486],[4.786969221394458,46.489948138137606],[4.786912784725219,46.489885342192856],[4.786840309838156,46.48989422101557],[4.786764449636261,46.48989927977687],[4.786699451720255,46.489905519724154],[4.786545000607833,46.48991189682402],[4.786306428330591,46.489917967114934],[4.786197504048333,46.489920840154674],[4.78600036211659,46.48992175897966],[4.785765686996661,46.48991542790914],[4.785653376848864,46.48991844339452],[4.785388156519865,46.48992312668876],[4.785175285577634,46.489921587722314],[4.785100163006243,46.48992528283401],[4.784939199501627,46.4899040184738],[4.784796696791227,46.489865082487405],[4.784754806647107,46.48985618933836],[4.784529440722725,46.48989123179592],[4.784245698474968,46.48992367238064],[4.784083138785609,46.48994926716162],[4.784100400822202,46.489990609209585],[4.784132268884792,46.49003595648184],[4.784029643222536,46.4900320640982],[4.783917599989031,46.490047232903514],[4.783832469026996,46.49005991004892],[4.783690840873093,46.490095535441675],[4.783560176659662,46.490111534870735],[4.783454434134814,46.49013993498502],[4.783235862280566,46.490215309432884],[4.783136944411043,46.49022910181564],[4.783133664009312,46.49022050645115],[4.782922033649391,46.4902449735982],[4.782802795809198,46.490267458964965],[4.782657310936011,46.49029683844315],[4.782507452747303,46.49034402934314],[4.782452391466792,46.49036704470536],[4.782342026948437,46.490421635587566],[4.782274025824324,46.49048763496004],[4.782258788183517,46.4905002118695],[4.78212124950675,46.490704919345845],[4.782105229729266,46.49071750842683],[4.781759977398282,46.49095094284424],[4.781496323008048,46.491215258783036],[4.781564262844814,46.491330928105484],[4.781574314779389,46.491327258786924],[4.781594083101479,46.49136153681182],[4.78160364176781,46.49140263899495],[4.781609750320431,46.4914778406693]]],[[[4.783148240878372,46.53181195757179],[4.783235909077213,46.53213798617186],[4.783287902023532,46.53241071050807],[4.783309146990136,46.53253746448609],[4.783319016300819,46.53277121577673],[4.783352715248029,46.53289966701387],[4.783485278431201,46.53285481835418],[4.784910109592706,46.53238721218718],[4.78589092409348,46.53206252249505],[4.785832843527402,46.531946881845286],[4.78576509692159,46.53171151219418],[4.785677790758196,46.53132927749664],[4.785623580860261,46.531096758745],[4.785579544146182,46.53092775891182],[4.785545514531466,46.53082119979283],[4.785474688470218,46.530635144969],[4.785402241748105,46.5303558054361],[4.785317087540655,46.529967412264156],[4.785337306094241,46.52965249079647],[4.785345384835318,46.52944899219629],[4.785394316029795,46.52911425801931],[4.785454675198932,46.52871809947672],[4.785491743777879,46.52846344028457],[4.785490737040833,46.528126062894344],[4.785491798777001,46.527608878314425],[4.78469804015532,46.52781734271608],[4.784003086397041,46.52799868138578],[4.783825967694437,46.52804143362045],[4.783886688337422,46.52813433704893],[4.783973024807286,46.52828421396246],[4.784012463650192,46.528416628609044],[4.784029193782222,46.528544984108024],[4.784027301073667,46.528694435649065],[4.784006786028118,46.52889290415016],[4.783955839647293,46.5291025652693],[4.783933985842791,46.529152533288546],[4.783864571591964,46.52931231475704],[4.783746346142242,46.52949987757549],[4.78365833537991,46.52961383431844],[4.783446057093593,46.5298623979068],[4.78335574818941,46.52997395839849],[4.783265600154067,46.53009443298365],[4.783191375187656,46.53020700353745],[4.783106481785603,46.530344508888355],[4.783043352957116,46.53048113451579],[4.782990404154175,46.53062976053581],[4.782968592120562,46.53075682543057],[4.782971061987296,46.53093998414894],[4.783005544119385,46.53122802282623],[4.783058642687718,46.53146281164927],[4.783148240878372,46.53181195757179]]],[[[4.782065459541392,46.492297741926656],[4.782140022424392,46.49234863882281],[4.782166548769149,46.49238218091845],[4.782185439288391,46.49243745838546],[4.782189481750513,46.49246936951494],[4.782014864937698,46.492537301028506],[4.782032115078748,46.49256234123051],[4.782028057013819,46.49257384313291],[4.78202160950462,46.49258006827058],[4.782005453817426,46.492588516313894],[4.781987620662804,46.49261347295453],[4.782006251649743,46.492636870409925],[4.782003856848578,46.49265537168901],[4.782062450141845,46.49269246697454],[4.782095769573205,46.49269843243559],[4.78212957566512,46.49272726758061],[4.782182884098651,46.49273832546745],[4.782212486545135,46.492754256328666],[4.782286342674832,46.492735631631355],[4.782343624691862,46.4927286138821],[4.78245854304526,46.49273339699277],[4.782562367850978,46.49272196059558],[4.782697948387005,46.492756413921114],[4.782855415219686,46.49276224437498],[4.783052473116744,46.492802313411204],[4.783249406309872,46.49283058514138],[4.783364572844171,46.4928549082442],[4.783550519710792,46.492894159024274],[4.783601733459736,46.49290894172926],[4.784002931227231,46.493117763752196],[4.784430127747713,46.49333986891876],[4.784745874291674,46.49346788017832],[4.78496732436873,46.49356773062727],[4.78518734348449,46.49361986691254],[4.785297761760122,46.493638497897145],[4.785657793700257,46.49375275517996],[4.785876494454639,46.49387210156586],[4.785930509669879,46.493864862863575],[4.785933002052886,46.493897158378196],[4.786057538089272,46.49396852813104],[4.786135002346779,46.4940321668428],[4.786237989066906,46.494110538146984],[4.78649413098174,46.49425803007222],[4.786510108925984,46.494248143081656],[4.786415487572328,46.4940668735589],[4.786387488995637,46.49398850148551],[4.786337668667692,46.49387300206607],[4.786305318703594,46.49379316681235],[4.786323871777368,46.493615082411836],[4.786305541512051,46.493485490606034],[4.786316170265087,46.49344767603798],[4.786318395530854,46.49342404341449],[4.786311368521847,46.49338470338029],[4.786297078104699,46.49334259466608],[4.786268698327746,46.49318091549614],[4.78622843255458,46.493066437613074],[4.786073884494151,46.49279144260124],[4.785942118063031,46.49253905884063],[4.785835784255677,46.4922508808377],[4.785774588986929,46.49222598729722],[4.785760313725407,46.492224138738734],[4.785498244431285,46.49229353187002],[4.785295038514175,46.49236839992109],[4.785280587692704,46.492353223962425],[4.784977417083899,46.49244190187953],[4.784939362037846,46.49246258129361],[4.784858850787667,46.49248104143446],[4.784764540830068,46.4924484682081],[4.784687185951776,46.492407974406284],[4.784616868925855,46.492355391621665],[4.784580554923459,46.49231371660716],[4.78450288645286,46.492239722246524],[4.784467322178458,46.492181102690594],[4.784432427850478,46.49207122391562],[4.784409594781255,46.49203501269683],[4.784384383226714,46.492013789907],[4.784304435791669,46.49202953882207],[4.784172278801927,46.49182867819602],[4.783890002383265,46.49193414007032],[4.783847304997195,46.49195642272606],[4.783749543013951,46.49199766831652],[4.783641616433366,46.492027183437415],[4.783506636633117,46.492046942857044],[4.783275153440457,46.49206271348296],[4.783180291580154,46.492100941087195],[4.783089997808943,46.4921233354427],[4.782968138236154,46.49216945964006],[4.78265335377107,46.49226596828593],[4.782529097766295,46.49229465617342],[4.78250968252237,46.492267217967246],[4.782453714998693,46.49226655952703],[4.782422946755659,46.49225884310043],[4.782386478360369,46.4922403173113],[4.782317556020848,46.49217447139952],[4.782289934296456,46.49215130424201],[4.782258915156474,46.492139898894486],[4.782212454893836,46.49213485890864],[4.782115836815996,46.492127358431205],[4.782054293750744,46.492155608493995],[4.781978346185594,46.49222992770488],[4.782065459541392,46.492297741926656]]],[[[4.784545093129113,46.49655368422227],[4.784486712222924,46.49655513594659],[4.784351391493422,46.49654887183855],[4.784306301526956,46.49654597289031],[4.784237766257795,46.49654001726185],[4.784179788938443,46.49653785980947],[4.784094799619922,46.49654720225164],[4.784033447077768,46.49654951073244],[4.783987585686649,46.49666254124306],[4.783976461230993,46.49670918994075],[4.783966523004841,46.49681202257003],[4.783969036478807,46.496837022256734],[4.783986773350719,46.496900783833645],[4.783991069119921,46.4969164787009],[4.784025837658995,46.49696664442256],[4.784033702960334,46.49704758289728],[4.784043192242065,46.497110392356305],[4.784040530242419,46.49729210108526],[4.784033805291186,46.4973855164926],[4.784023464317229,46.497440169014],[4.78401453284463,46.49752992606202],[4.784005817960338,46.49758644463255],[4.783993003090442,46.49764122582157],[4.783976692021406,46.49772866618387],[4.78398052458855,46.497750132630806],[4.78371655447957,46.497802167702034],[4.783591550784448,46.4978203302399],[4.783447998017045,46.49783761112506],[4.783458939729967,46.497908954416744],[4.783451632593236,46.49800454047729],[4.783442387733623,46.498100697171814],[4.783435719552486,46.49821581801235],[4.783431366250591,46.49826614385833],[4.78342274415652,46.49826970094471],[4.783404032051044,46.49828377324908],[4.783458059915163,46.49846018421277],[4.783469138014564,46.49853170550645],[4.783483134487581,46.498692438638635],[4.783512500525045,46.498888418778584],[4.783087302534393,46.49898385824927],[4.78306013325914,46.49909029198662],[4.783064381683275,46.499148409629385],[4.783084083802724,46.49922042691824],[4.783066270078694,46.4992579928843],[4.783102155637836,46.49935425625042],[4.783108871139333,46.49938810713117],[4.783134825952954,46.499439941734565],[4.783161447343028,46.49949221627549],[4.783174173656846,46.49955830779763],[4.783218359649319,46.49963318562679],[4.78326232786694,46.49970140180783],[4.783297867651211,46.49976713747122],[4.783324810568297,46.49981328233981],[4.783358452610064,46.49987283289821],[4.783391821429778,46.49993599042754],[4.78348525198607,46.500056935319854],[4.783506684046857,46.500090106262256],[4.783521009007511,46.50010537448101],[4.783547976800382,46.500132334436834],[4.783604454021925,46.50012839104903],[4.783698181756206,46.50012683871271],[4.783709499736003,46.50012594158937],[4.783753247122832,46.50011562177336],[4.783996379999143,46.50006021917697],[4.78404774556128,46.500139217865815],[4.784111820462488,46.500303672841305],[4.784152584285636,46.50040544398801],[4.784185146398307,46.5004797823168],[4.784250619006073,46.50047569823438],[4.784266140388199,46.5004956312263],[4.784415159137143,46.50051762382],[4.784473881004431,46.50053841366762],[4.7846261137085,46.50059881485195],[4.784683244158452,46.50062278181508],[4.78469989202106,46.50065719811101],[4.78475982176224,46.50078659094406],[4.784846273097394,46.5007898348088],[4.784948407130099,46.500790041657524],[4.784995618643283,46.50077795599695],[4.785094214470398,46.50078164053991],[4.785300125484329,46.50077248084006],[4.785384895183935,46.50076818484564],[4.785570962525239,46.50080625996607],[4.785722528176219,46.50080641464235],[4.785796363089343,46.50073906139456],[4.785790972786069,46.50065015839889],[4.78578422312527,46.500519755282404],[4.785779978830232,46.5004538917939],[4.785780899270801,46.50042226354499],[4.785900408647657,46.50042733200909],[4.786164916128683,46.500439141917006],[4.786251162759015,46.5003406110438],[4.786350911207774,46.50019638478169],[4.786525793666327,46.4999369582361],[4.786673000414532,46.49971264009695],[4.786790172688387,46.49953103306609],[4.786815265048348,46.499524606338625],[4.786911910288891,46.49934548161499],[4.787004890057235,46.49916596374855],[4.787055971919108,46.49906509966478],[4.787099417207239,46.49899786024772],[4.78718658079665,46.49881203828803],[4.787212390799675,46.49875191967651],[4.787215702407611,46.498665942963854],[4.78727240938227,46.49858948934178],[4.787381227345053,46.49843962610499],[4.78739645527598,46.498394894391815],[4.787416124618922,46.49839413652925],[4.787475324119737,46.49825846909083],[4.787517658981574,46.498153418251384],[4.787528790540092,46.498099113278975],[4.787526998981471,46.498044469959424],[4.787512004946153,46.497949142154894],[4.787501281718555,46.49793634001351],[4.787472585453723,46.497912380238745],[4.787425932902782,46.49788572895634],[4.78736921879578,46.49786247741384],[4.787325331826276,46.49784857252215],[4.7872030059254,46.49783301169582],[4.787013263024835,46.49780985804027],[4.786962388962386,46.49780560944517],[4.786931256200904,46.49781474260906],[4.786877696930994,46.49783998820957],[4.786856450073999,46.497852299353035],[4.786808002759622,46.4979101597317],[4.786755000381489,46.4979563824293],[4.786720057835077,46.49798457944002],[4.786640078720506,46.49799960979679],[4.786541964274318,46.498062209236906],[4.786458839492655,46.49811259530299],[4.786452918594687,46.49812295558432],[4.786459013630138,46.4981378116397],[4.78647043915562,46.49814817106303],[4.786404393347527,46.498182438221754],[4.786323373416963,46.498221442717934],[4.786317902597015,46.498253502360996],[4.786076298477636,46.498279614072835],[4.786066078144455,46.49823437944654],[4.786209239465444,46.498221064389476],[4.786274249097707,46.49820293571867],[4.786341011113332,46.49817460193786],[4.786375624270545,46.498152264619726],[4.786385734905406,46.49813841628877],[4.786380618434867,46.49811760044697],[4.786331383151926,46.498047936548204],[4.786445184467443,46.49801031122363],[4.786557601982895,46.49799414360843],[4.786636366596105,46.49797787133678],[4.786687092549524,46.4979616769413],[4.786709610608207,46.497948355214845],[4.786758336688816,46.497910935976556],[4.786795019154153,46.49787613678932],[4.786848550371888,46.49781819695492],[4.786882569522692,46.49778172807091],[4.786902965277723,46.49773151156291],[4.786870899684593,46.497716160773614],[4.786813447561797,46.49769823451318],[4.786761851578157,46.4976878724847],[4.786700227559017,46.49767397436686],[4.786610278967339,46.497651421996075],[4.786534335898253,46.49764234103671],[4.786356206314655,46.49762729108314],[4.786261730890931,46.497625795035404],[4.786229450220162,46.49758396741893],[4.785954985746875,46.497582310975154],[4.785839754259529,46.49758023815154],[4.785758649616846,46.49757682152922],[4.78571157622006,46.497577106485046],[4.785617116699374,46.49758803904884],[4.785422299075121,46.497609005313016],[4.785332421902454,46.49762445954525],[4.785135558933365,46.497650681204576],[4.785051629663543,46.497636680158095],[4.784842594710469,46.49760184510522],[4.784807117809219,46.497597805509365],[4.784699245928131,46.49759345500493],[4.784601019033185,46.49759687982459],[4.784413333085921,46.49762854119764],[4.784450708662387,46.49750330366995],[4.784712047966572,46.49750642957142],[4.784941698942843,46.4975096893671],[4.784986415678484,46.49751709730651],[4.78509825734341,46.49753912895481],[4.785444990370059,46.497533263975924],[4.785617768462789,46.4975322767455],[4.786038280078895,46.49752516751198],[4.786123601486973,46.49752194308532],[4.786191037549222,46.49755799751308],[4.786407475648773,46.497560019720254],[4.786460489373211,46.49755793035756],[4.786568974052968,46.49754515669073],[4.786626077115107,46.49753651844315],[4.786676142583306,46.497516101167335],[4.786728922991411,46.49748699490165],[4.786841842337584,46.4974105635961],[4.786895581452765,46.497366941303554],[4.786976091386959,46.49729651057864],[4.786995834634261,46.49729404033322],[4.78710559775233,46.49726458356555],[4.787193130896348,46.4972452916377],[4.787280420570735,46.49720663880692],[4.787250212224599,46.49717234478921],[4.787204547705619,46.4971400036881],[4.787180976639462,46.49712118767184],[4.787180721980999,46.49709750374317],[4.787242145317357,46.49710131710537],[4.787332970085253,46.497194378595744],[4.787429292503763,46.49713288726498],[4.787436972655256,46.497124480918764],[4.787453273987609,46.49709261213776],[4.787455188553671,46.49703962215673],[4.787443781846928,46.49697414085531],[4.787433892741696,46.4968793636894],[4.78745675860278,46.49673345610815],[4.787472283133631,46.49665800649988],[4.787490706869873,46.49661529634969],[4.787516401864121,46.496587513877145],[4.787558047229365,46.496560923082065],[4.787675581956687,46.49648613001898],[4.787684367754129,46.49647167179959],[4.787687389430381,46.49644847704079],[4.787640644440636,46.4963632830245],[4.787488634154919,46.49636908253154],[4.787376690002018,46.49639560155532],[4.787293172687625,46.49641402025169],[4.787147793424413,46.49643511727836],[4.786961611755444,46.49646874090814],[4.78692529913403,46.496471019808205],[4.786872017464964,46.49646888039102],[4.786848449999222,46.49647005937211],[4.786746436911456,46.496489217097064],[4.786654132992388,46.4965021884277],[4.786589165541717,46.496509598591246],[4.786457994321512,46.49653047268838],[4.786429901637142,46.49654081917419],[4.786405043046823,46.49655832056271],[4.786396846725493,46.49657087803694],[4.786348179943592,46.4965941555287],[4.786247974956545,46.49666453328705],[4.786172709272495,46.49671191420938],[4.786150743093763,46.496722164901556],[4.786123391684656,46.49672727577909],[4.785963654985031,46.4967639972366],[4.785816082937489,46.49679782640027],[4.785708522425196,46.496838776243266],[4.785670973144563,46.496847108617224],[4.785605295673612,46.49684480195259],[4.785122821055981,46.49683144105258],[4.785121580176448,46.496793541780285],[4.785181793802765,46.49680025730921],[4.785373207328744,46.496798889339196],[4.785707104857043,46.49679151265222],[4.785830396879316,46.49674905611063],[4.786040416198332,46.49670254247183],[4.786189865893392,46.49667030490009],[4.786314658896433,46.496590085846485],[4.786420389236521,46.49651718984514],[4.786743506421008,46.496471429415735],[4.786872455477231,46.49645040958421],[4.786864771341015,46.49642287878407],[4.786852856894194,46.49639361274258],[4.786590940558823,46.49638068341067],[4.786561317306282,46.496384118607246],[4.786343193499307,46.49641409727528],[4.786281143447256,46.49642695583116],[4.786247690341648,46.496424956635224],[4.786127837557078,46.49643700696799],[4.786112151501731,46.49641203298278],[4.786070922029152,46.496407543257526],[4.786048225397012,46.49631188528241],[4.786028575896744,46.496225636845274],[4.786029345673071,46.49620932249614],[4.786040225208547,46.496183122846986],[4.78604332368973,46.496146326660735],[4.786056452840715,46.49611315662049],[4.786034521927307,46.4960289253238],[4.785868797332765,46.49598630018752],[4.785762122518417,46.49596265746391],[4.785671086960172,46.49595858533303],[4.785605493109192,46.495958799284836],[4.78547090419054,46.495978824968404],[4.785444097441395,46.49598861072186],[4.785266798230641,46.49607442241982],[4.785193293926248,46.49611186770812],[4.785173686610515,46.496118478656335],[4.785066544275473,46.49614428994965],[4.78498446861419,46.49616691764179],[4.784927787936991,46.49617248618111],[4.784710773659728,46.49617659488177],[4.784686694083476,46.49629360892156],[4.784681916214176,46.496322955625494],[4.784638401740971,46.49657537511498],[4.784612800015596,46.49657019055955],[4.784545093129113,46.49655368422227]]],[[[4.784707144080248,46.49614539793262],[4.784729380706058,46.49614739254991],[4.784749478642871,46.496147799327225],[4.784775111034764,46.496145958062826],[4.784796910144222,46.49614255541456],[4.78483869588824,46.49613217568114],[4.784864941038475,46.49613311693921],[4.784900621703017,46.49613544202888],[4.78497378711443,46.496123491483836],[4.785013566739088,46.49611557484671],[4.785050908633719,46.496104904150066],[4.785129910091638,46.496076019648655],[4.785187146467091,46.496059544093946],[4.785251496860435,46.49603728312669],[4.78538938601815,46.495982620024954],[4.785483903296888,46.495945657028855],[4.785533766390998,46.49594298680281],[4.785560266905492,46.49593978078017],[4.785588829470899,46.495935821998756],[4.785638056787813,46.495925686007155],[4.78566386782475,46.49591735684941],[4.785693207213582,46.49590924277601],[4.785701647687407,46.495908120183934],[4.785717425600709,46.495912016857226],[4.785743716592552,46.49592232427632],[4.785781194317095,46.49593173639655],[4.785809077946642,46.49593094054831],[4.785842606168504,46.49594320645558],[4.785884100651368,46.49595579824515],[4.785941601975702,46.49596732934181],[4.786044222401225,46.495982658910606],[4.786090873276062,46.49598544271257],[4.786193232477697,46.49598483417828],[4.786253404637325,46.49598632583054],[4.786508238097568,46.496002068635896],[4.786585602077562,46.49600284110811],[4.786636976302516,46.49599852555901],[4.786652803728701,46.495988010434615],[4.786661953670478,46.49597669898802],[4.786658483570723,46.49596234232511],[4.786644354626552,46.49594508993031],[4.786488294602641,46.495875024009464],[4.786302302341801,46.4957989406937],[4.786240609183836,46.49576693975239],[4.786165892107815,46.49573946554025],[4.786066564578544,46.49569724434874],[4.786016371519845,46.49566992729252],[4.785882736630137,46.49557969523221],[4.785618858365318,46.49541115673996],[4.785582531235124,46.49539704305972],[4.78553837293841,46.49539070747134],[4.785464414353267,46.495386368462164],[4.78543148986031,46.495380577922084],[4.785392450015665,46.49537920614912],[4.785328357527304,46.49536948901636],[4.785258666516185,46.49535607641934],[4.785234857796191,46.495349873260544],[4.785143551562535,46.49530563459254],[4.785013318819503,46.495239576731],[4.785003747213078,46.495238014893744],[4.78495069782339,46.49521902824496],[4.784938632555055,46.49521300193495],[4.784917486942506,46.49520846842317],[4.78479704247063,46.49517846485253],[4.784436256335672,46.49509718144963],[4.784235436942008,46.49505005800118],[4.78426424684349,46.49518119776322],[4.784281771447009,46.495254419767626],[4.784295996763301,46.495306527273456],[4.784318592590135,46.49536733079606],[4.784333394576902,46.49540916153863],[4.784346641263356,46.49546722880448],[4.784356918458312,46.4954823799592],[4.784374314247058,46.49551579388201],[4.784395017493399,46.49555861332123],[4.784412869919708,46.495590038613706],[4.784427393579699,46.49561539123606],[4.78443301948871,46.49564781798507],[4.784436025865102,46.495683888345006],[4.784446810601787,46.49571056027993],[4.784463985634135,46.49575316457663],[4.784479204603915,46.49578382035407],[4.784491767980161,46.495821002482465],[4.78450207626928,46.49584506987628],[4.784515176631494,46.49589467301045],[4.784556270515155,46.49595879045342],[4.784608542547744,46.49603768467915],[4.784638043099122,46.49607433218426],[4.784707144080248,46.49614539793262]]],[[[4.785369618690195,46.49484924185984],[4.785367191210378,46.49487467897171],[4.785369172046129,46.4948993266907],[4.785381417464754,46.49492678634583],[4.785395244137482,46.494958724707956],[4.785416737628879,46.49500972782904],[4.785412122483536,46.495079872878],[4.785406405929546,46.495164175816406],[4.785398586909421,46.49518825604339],[4.785378849308827,46.49521477411391],[4.78534664942276,46.49523509197718],[4.785329855145901,46.495251926786686],[4.785338326649032,46.495259720475005],[4.785418414214247,46.495283958953905],[4.785666986376227,46.495399326604854],[4.785753414019439,46.49546183482512],[4.78587645343446,46.495539172681035],[4.785888146126731,46.49554178212758],[4.785905266404968,46.49554286569239],[4.785915539272162,46.49556981570101],[4.786017390258097,46.49563334373203],[4.786084636339115,46.49567561586288],[4.786284743068788,46.495760575855265],[4.78641348687678,46.49581692821884],[4.786472938794778,46.49584022748771],[4.786566452876476,46.49587218135513],[4.786648145747351,46.49590954384801],[4.786674178605461,46.4959239081548],[4.786672435163458,46.495934383302775],[4.786881616670461,46.496029558279474],[4.786953996473872,46.496061301770155],[4.787000770324335,46.496075792134505],[4.787063085686633,46.49609094021338],[4.787099770357958,46.49609604103438],[4.787196970306643,46.49608524449191],[4.787342782506569,46.49605351257984],[4.787396277776081,46.49605024434492],[4.787429582135133,46.49605566811629],[4.787696371925627,46.49610589756909],[4.787921738404263,46.496141732886365],[4.787972581008606,46.496149043841214],[4.788007171757976,46.49614994392],[4.788046133417356,46.49614095819705],[4.788005606680227,46.49605449617613],[4.787916361944023,46.49593402978972],[4.787834410007334,46.495825158142374],[4.787794974947864,46.49575606212816],[4.787773092364649,46.49571713463603],[4.78773061318892,46.49566258717606],[4.78769631680815,46.49563087911351],[4.787644478494443,46.49555738353605],[4.787593033352106,46.49549189785214],[4.787553937270635,46.49544108028982],[4.787534783509941,46.495425707935524],[4.787514620889193,46.4954233211641],[4.787479912062794,46.4954227830623],[4.787423774976078,46.4954250118353],[4.787389015980382,46.49542294333212],[4.787322703151235,46.49542109795378],[4.787231735737289,46.49542306057636],[4.78718301146968,46.49542066993312],[4.787085164944965,46.49542364066456],[4.787033270947396,46.495420038555125],[4.787002155901603,46.495417732835456],[4.786967461835956,46.49541764468808],[4.78694090560063,46.49541914061918],[4.786882483591799,46.49542725927009],[4.786887132259368,46.49540196753482],[4.786908667287033,46.49539847853654],[4.786967726264545,46.495389899574214],[4.787013731353849,46.4953889102264],[4.78709101775473,46.495387341784756],[4.787116835602503,46.49539117138085],[4.787173261324637,46.49540172791941],[4.787233667012117,46.49540240478233],[4.787341070942031,46.49539658245067],[4.787443909609539,46.495390741331185],[4.787474896784824,46.49537323394116],[4.78744254270108,46.495353024157005],[4.787405657370808,46.495321896900336],[4.787329468686006,46.49526544451848],[4.787271436753082,46.49521384210388],[4.787226651419117,46.49517644346568],[4.78712800170798,46.4950952130996],[4.787047922928513,46.495023509770306],[4.786961434668999,46.49494326003857],[4.78705386400759,46.4949023653338],[4.786973238719876,46.4948219338908],[4.786842112390845,46.49469680736862],[4.786702630670552,46.49456343495853],[4.78666878617775,46.494529557904265],[4.786589854003659,46.494425141620454],[4.7865701062947,46.49440356369383],[4.786541494888715,46.494382124287796],[4.786411587584285,46.494302102372],[4.786329612936185,46.494244118544025],[4.786243989296069,46.4941822286801],[4.786142522361408,46.49412238766572],[4.786026505714322,46.49403242093186],[4.785955271656217,46.49398777925336],[4.785852817532034,46.493917685648796],[4.785753395181398,46.49386051440297],[4.78563926505273,46.49380024029655],[4.785499459721945,46.49374045717796],[4.785468263924728,46.49376751451953],[4.785457659008596,46.493782181121645],[4.785441802245803,46.49381170091884],[4.785422044529903,46.493837588848514],[4.785362158148709,46.49389652802743],[4.785343790623863,46.493917080212306],[4.78534211972711,46.493953673956085],[4.785351456697848,46.49401180219206],[4.785371501269208,46.49409822471448],[4.785374676849565,46.49413546331011],[4.785371825285917,46.494163879296174],[4.785357174574544,46.49419040799402],[4.785340736295556,46.49420615643609],[4.78528228554785,46.494269126204664],[4.785270151016918,46.494288860487224],[4.785269808112798,46.49430228598798],[4.785273582322579,46.49433789400978],[4.785274608078736,46.49436922168591],[4.785272539854527,46.49438969944199],[4.78527132020476,46.49442016150361],[4.785275643984723,46.49446458761482],[4.785278340046103,46.494499131656184],[4.785284272896513,46.49454092066313],[4.785300553789599,46.4946000212709],[4.785318457525362,46.49464495584207],[4.785329157005362,46.49466901705891],[4.785340125040996,46.4946813652293],[4.785370918999962,46.49470574309009],[4.785384563495607,46.49472813708165],[4.785399920880841,46.494747081732285],[4.785395844745404,46.49478191167538],[4.785369618690195,46.49484924185984]]],[[[4.786884767131568,46.50099252983028],[4.78694469360079,46.5011654245073],[4.786974843698859,46.50127348524066],[4.787030710596822,46.501298641689054],[4.787053096953574,46.50130513694803],[4.787118137406447,46.501303760032265],[4.787185181585402,46.50129586685917],[4.787317647997323,46.50126641540821],[4.787332725494172,46.50129265970414],[4.787384420386335,46.50132184419755],[4.78747700327949,46.5013927213971],[4.787664102675322,46.50135475959832],[4.787708203261693,46.50141486596463],[4.787864892944729,46.50136837252456],[4.788055569074849,46.50129630842216],[4.788459936591141,46.501165959898444],[4.788437380968152,46.50113442863774],[4.78893094140329,46.50095179467721],[4.789033445611786,46.50089569953535],[4.789093530244344,46.50087845698471],[4.789207985535818,46.500828839700866],[4.789232918311951,46.50085330830281],[4.789415632135285,46.50082090637418],[4.789633119138586,46.500767064037056],[4.789666057204456,46.50076123442168],[4.789734485408589,46.50077169196591],[4.789877742512179,46.500780978008365],[4.790101778688462,46.50073991197968],[4.790279230352088,46.50069822396387],[4.790608980248447,46.50063532624119],[4.790708840779681,46.50060205820168],[4.790861342612613,46.500547339897345],[4.790973630665796,46.50048343392046],[4.791184445772972,46.500373490574695],[4.791271622051902,46.500335286868996],[4.79142609026236,46.50027297125413],[4.791550022923875,46.5002260852455],[4.791424520957696,46.50014185660257],[4.791357428341902,46.50009661283926],[4.791323816894686,46.500073991964],[4.79121700716819,46.49994731832475],[4.791029274383636,46.49999754525168],[4.790980238888113,46.499878612847596],[4.790967812584924,46.49983782650036],[4.790958010789033,46.499805465444744],[4.79097599500451,46.499801040580806],[4.790956278810008,46.49973686064267],[4.790945120963885,46.49973865665952],[4.790931806091942,46.499694641774326],[4.79090955447552,46.49962077418514],[4.790909507898542,46.49960744482766],[4.79091013333512,46.49960266141798],[4.790916927139988,46.49959904233541],[4.790945550864156,46.49958895664949],[4.790950759632487,46.49958473191766],[4.790951939281433,46.4995769675766],[4.790949079400412,46.49949387946732],[4.790975055347397,46.499419076243846],[4.790974564442236,46.49940413261944],[4.790954705718448,46.49934752063733],[4.790930922444018,46.49932231385082],[4.790849147645826,46.499235057836245],[4.790723367781507,46.49910255628239],[4.790619830566358,46.4989999691236],[4.790524345634638,46.49890824407815],[4.790422576614579,46.49882373275524],[4.790344831533594,46.49875190501069],[4.790304452986642,46.49870984503474],[4.790222765536912,46.49862916220056],[4.79016683637118,46.49858221180223],[4.790064194736228,46.49849492172523],[4.789958114187468,46.49840219124567],[4.789863892332822,46.49832503693738],[4.789807384576377,46.498296199126735],[4.789744768781747,46.49825610832454],[4.789658800298999,46.49822773164906],[4.789606364983285,46.49821567273323],[4.789567936379391,46.49821312189908],[4.789550969186542,46.49821275701775],[4.789515727574807,46.49821988363803],[4.789426969885107,46.49824162833585],[4.789364911855371,46.49826223452473],[4.78932041700789,46.49827752197701],[4.789297592190364,46.49828148193986],[4.789274415067489,46.49828265529988],[4.789218245566961,46.49828398473388],[4.789107589771443,46.49828229390743],[4.789051399208139,46.498286956109794],[4.789018178223431,46.4982920694552],[4.789006192999423,46.49830441620517],[4.78900632323785,46.49833620821579],[4.789023684329353,46.49849166432663],[4.789030110083816,46.49855632275284],[4.789032048781185,46.498575657061174],[4.788921362184864,46.49870024203094],[4.788689752824715,46.498963442258244],[4.78864592853716,46.49901906945486],[4.788596185690277,46.49909307305278],[4.788566521073579,46.49913902153798],[4.788548384595795,46.49915470691861],[4.788524046934175,46.4991722006025],[4.788471539223694,46.49922156873428],[4.788405202224404,46.49929069795044],[4.78835040642982,46.499345866172746],[4.788193202859881,46.49938047944147],[4.788077733856368,46.49947865830747],[4.788050689213311,46.49953690499634],[4.788039794074979,46.49959841175889],[4.787901299598916,46.49963084057315],[4.787891076889331,46.49964126820204],[4.787885555106492,46.499659818510004],[4.787778667234626,46.499665723216765],[4.787699532575981,46.49968668556389],[4.787573037338542,46.499739011522564],[4.787407821007149,46.49979581564366],[4.787372235168076,46.49982033009858],[4.78723163059144,46.499895843605756],[4.787210336688282,46.499922656491876],[4.787147813504414,46.50001271116912],[4.787103921019582,46.500050415250975],[4.787108232688691,46.50006656010236],[4.787200337170705,46.5001746430858],[4.787157416310757,46.50019026532474],[4.787070997198448,46.50019593945273],[4.786995409736361,46.50022567251613],[4.786904759396516,46.50023357428632],[4.786822736573009,46.50024206168986],[4.786586901707786,46.50026538212936],[4.786500385069716,46.50026808510223],[4.786416654383154,46.500264259579794],[4.78635473379143,46.50025333811672],[4.786232455481968,46.500442409985496],[4.786244418892115,46.50050500048337],[4.786241461313859,46.5005699857353],[4.786330450833404,46.50063875833845],[4.786393326828887,46.50078629808249],[4.786420641024308,46.50084765795677],[4.78644577096592,46.50091400569597],[4.786434135708829,46.50095696981117],[4.786448310133238,46.500975572546224],[4.786522670421168,46.50097999482551],[4.786626137012669,46.501008911058356],[4.786696077508308,46.50102970460644],[4.786720251015558,46.501031038122115],[4.786884767131568,46.50099252983028]]],[[[4.786653057581086,46.499927944175994],[4.786586772758085,46.499982840713955],[4.786505059350875,46.5000883263343],[4.786380980227084,46.50021843196173],[4.78642648107534,46.500249695148625],[4.786442094536078,46.500252513492754],[4.786538890286204,46.500241093474756],[4.786582895565577,46.50022671547796],[4.786705392590521,46.50019958211816],[4.78680513746226,46.50017865863928],[4.786971518636792,46.50010958795948],[4.786921983333674,46.50007064219178],[4.7868327646416,46.50001079036337],[4.786815467546877,46.499992416615],[4.786764094830266,46.49993719718248],[4.786716288484772,46.499931099143936],[4.786653057581086,46.499927944175994]]],[[[4.787463425773836,46.49769266723402],[4.787461500958868,46.49766180397197],[4.787479211855033,46.497517778370934],[4.787465309683057,46.49734038144349],[4.787440327361875,46.497187025799256],[4.78727079328355,46.497243176829684],[4.787173276787829,46.497280188165],[4.787119460915728,46.497301564974414],[4.787084064897177,46.49733580376001],[4.787003475378359,46.497403803967366],[4.786855392284307,46.49750564384346],[4.786854145319921,46.497503411631456],[4.786767566747658,46.497535928379236],[4.786648380178823,46.49757634025087],[4.786546358488512,46.497599280753846],[4.786640540324512,46.49762365844542],[4.786847548188931,46.49767221226198],[4.78689930591082,46.49769148846392],[4.786924410021878,46.497701363836285],[4.786943632271633,46.49771880679213],[4.787059088143736,46.497751588217945],[4.787286628835438,46.497793875792645],[4.787349052055236,46.497792359460036],[4.787443224804698,46.49777665634063],[4.787489383904574,46.49776836890945],[4.787479190028303,46.4977398866409],[4.787463425773836,46.49769266723402]]],[[[4.787730328830492,46.49955191250742],[4.787817526880256,46.49951434158319],[4.787982856413181,46.49944114268593],[4.788069877868502,46.49939024424816],[4.788163304987281,46.49933582296335],[4.788276151019802,46.49926902872638],[4.788477458610746,46.49911177318743],[4.788566293927911,46.499016802674966],[4.788581103437069,46.49899909777336],[4.788600948824191,46.49895996794289],[4.788609232295814,46.498934168938256],[4.788618788929202,46.49888754428123],[4.788686766063481,46.498880356123344],[4.788890641573732,46.49867424270889],[4.788931131740283,46.498624341870475],[4.788963049880187,46.49858349189696],[4.788979306448026,46.49855027257779],[4.788987487578055,46.498477639717535],[4.78898531258606,46.498451103656166],[4.788970866720715,46.49838846215917],[4.788966789925335,46.49835961408593],[4.7889648207021,46.49831947451699],[4.78896641584151,46.49827666719607],[4.788953686623839,46.498262365417396],[4.788925438528859,46.498252089337946],[4.788840015719181,46.49825225511014],[4.788790894825854,46.49824978125051],[4.788767469464389,46.49821556162012],[4.788596454268895,46.4981669885314],[4.788526394403714,46.49818222529573],[4.788508078512584,46.49818845633202],[4.788478511770009,46.49820954447721],[4.788397526668135,46.49821378362931],[4.788373690999485,46.49822271296633],[4.78827246650182,46.49826599792135],[4.788235773346571,46.49829647448898],[4.788178159963757,46.49833331282992],[4.788089706806562,46.49838027078333],[4.788067324717308,46.49839773378912],[4.788030239373505,46.49843614241368],[4.787975057441144,46.49837611941329],[4.787859457823325,46.49839071695309],[4.787814249607431,46.49839619754444],[4.787793256022947,46.498396345707356],[4.787739379113999,46.498376112286785],[4.787681179831771,46.49837918399807],[4.78760281633898,46.498383831928585],[4.787553172970707,46.49838929169764],[4.787472953435557,46.49840495686606],[4.787455549857428,46.49841117346627],[4.78744536270781,46.49842268132077],[4.78739312030182,46.4985040189808],[4.787336246295367,46.49859128344876],[4.787308284408637,46.49863747518298],[4.787242615777162,46.498778737798226],[4.7871948598401,46.498893510538075],[4.787132066505829,46.4990190562823],[4.78709226089699,46.4990978575982],[4.786950612906341,46.49936433138736],[4.786911592971458,46.499435284426596],[4.786861052343245,46.49951686540744],[4.786834324006018,46.49954898710903],[4.78680539556786,46.49959357258001],[4.786672821359907,46.499806673933435],[4.786717444549625,46.499862899567994],[4.786737219888104,46.499849440580064],[4.786755522758491,46.49987860678622],[4.786783329175316,46.49991519017767],[4.786811103718634,46.49994682031838],[4.786848101005712,46.499981278554],[4.786915136896939,46.50004480960325],[4.7870296626165,46.49995754495062],[4.787141233392385,46.49987564038275],[4.787275349070693,46.49978122406848],[4.787371213704551,46.49972154140383],[4.787425652205886,46.49969123804765],[4.787567688981798,46.49962362788361],[4.787730328830492,46.49955191250742]]],[[[4.787531377975077,46.49780409981448],[4.787520800865672,46.49785542387446],[4.787538891972195,46.4979179184674],[4.787555341575822,46.49793432385963],[4.787584317287584,46.497950893660956],[4.78763275708583,46.497972383052414],[4.787680188523597,46.49800289500142],[4.787712763657218,46.49802184032526],[4.787749997684604,46.49802774297962],[4.787815732758454,46.49803175882863],[4.787919243528593,46.49804626224186],[4.788076830222585,46.49807514130749],[4.788132655255612,46.498079221905506],[4.788168287139431,46.498080015601914],[4.788230657514435,46.4980768783934],[4.788431248113133,46.49810067096638],[4.788460512743512,46.49810615765278],[4.788523655578859,46.49811066399034],[4.788599934592039,46.498118027092964],[4.788690496845041,46.498123455377375],[4.788739590634941,46.49812908208667],[4.788811398350696,46.49814327011771],[4.78898998288805,46.498195957640334],[4.789028138156191,46.49820607866836],[4.789157235904019,46.49821333538342],[4.789317767639787,46.49822064038148],[4.789382543640829,46.49821926625759],[4.789413344241749,46.498211938985925],[4.789453063048734,46.498198167343666],[4.78948453158822,46.4981754279454],[4.789507622104418,46.49814777586393],[4.789511972919053,46.49812933385928],[4.789504786568422,46.49811701694401],[4.789454023316876,46.498060528193534],[4.789399031424557,46.49798248925499],[4.789337792855961,46.4978889662738],[4.789321426538145,46.49786319273943],[4.789284513667818,46.49781144088539],[4.789208007149759,46.49770572739565],[4.789102993939026,46.49757388987991],[4.788956441908025,46.49738442821168],[4.788897738640115,46.497312481687544],[4.78877822365698,46.49716393800111],[4.788735017140954,46.49710318757338],[4.788635428389183,46.49696568055171],[4.78857062382651,46.496914454930916],[4.788510743749022,46.496858288553526],[4.78845168811178,46.49679544420646],[4.788375233598975,46.4966753184737],[4.788348999648115,46.49662303900431],[4.788274950365773,46.49645694083319],[4.78822031075649,46.49635772983569],[4.788213084479239,46.49633622651842],[4.788189919969794,46.4963377597468],[4.788093596017126,46.49622415933443],[4.788061090650408,46.496251057717025],[4.788003965754254,46.49628284455911],[4.787918082900573,46.49631661229824],[4.787852269391981,46.496341959975176],[4.787812802442049,46.496363382932465],[4.787787676347663,46.496392597669924],[4.787771100427795,46.49642005746475],[4.787755210730481,46.49645651333775],[4.787746108736256,46.496489170268305],[4.787737795616538,46.49649020095074],[4.787600725590867,46.49656583995931],[4.787554095318672,46.49660746002342],[4.787511127177159,46.496693156181415],[4.787485040555825,46.49674877582128],[4.78748043927233,46.49677550792653],[4.787479287634504,46.49688757066171],[4.787480185322032,46.49693484238276],[4.787494750096639,46.497001174983836],[4.78753077677495,46.4971333720638],[4.787565192625774,46.49726019023326],[4.787593465114831,46.49733090195582],[4.787641085895976,46.4973831173681],[4.7875021363878,46.497401502286785],[4.787512151134716,46.49753590744134],[4.787529210106256,46.49770217662512],[4.787540696758419,46.49777008850255],[4.787531377975077,46.49780409981448]]],[[[4.787660738473487,46.498101823707124],[4.78766865938675,46.498136556201075],[4.787688831129283,46.49821874314925],[4.787711237768729,46.49831737760703],[4.787719577341826,46.498344988171155],[4.787802618901717,46.49833981666321],[4.787844855403709,46.49833519316159],[4.7879635608037,46.49831190052425],[4.788072865564468,46.49828830445216],[4.78822275095022,46.498229487375035],[4.78835639906273,46.498184614449116],[4.788427796317033,46.498158458626385],[4.788394297776509,46.49815510973029],[4.788251767085324,46.49815184513784],[4.788187590221291,46.49814762502786],[4.788054861364974,46.49813303842966],[4.787949252402731,46.49812217067491],[4.787850428449067,46.49810741385549],[4.78771623728566,46.498084023061956],[4.787680812989345,46.49808160475294],[4.787673474114754,46.49808451162227],[4.787660738473487,46.498101823707124]]],[[[4.787848076200845,46.49630158496376],[4.787863455400171,46.49629729138072],[4.787901114120791,46.496284363088655],[4.78793698376582,46.4962685805846],[4.787988201008424,46.49623958821791],[4.788018987741204,46.49621595918968],[4.788036833620137,46.49619541473826],[4.787973293127362,46.49619064418077],[4.787926390593752,46.49618417228521],[4.787863309544679,46.49617750305062],[4.787854043612733,46.49616936169439],[4.787825289686935,46.49616350660881],[4.787694562853131,46.49614618631129],[4.787583739255544,46.49612333069323],[4.787513131305284,46.4961098437182],[4.78741181180418,46.49608647905494],[4.787381241382309,46.496084885462075],[4.787357703604616,46.496086964767976],[4.787303185623794,46.49609484244761],[4.787169319576196,46.496117020467516],[4.787104364979577,46.49612082800717],[4.787051812125627,46.496121019056424],[4.786999749817017,46.496108322674004],[4.786924508064805,46.496076804082634],[4.786794219534944,46.49602110689971],[4.786745968204795,46.49600132552651],[4.786721729075309,46.49599792150922],[4.786699846991486,46.49600276691376],[4.786680138491658,46.49601424338282],[4.78666437006234,46.496026558950874],[4.786605228466594,46.49604855918201],[4.786573432524584,46.49606130535419],[4.786530421459033,46.49606612065454],[4.786460488065551,46.496061269029994],[4.786348594059406,46.49604950732786],[4.786252771822343,46.49603866527898],[4.786201967303087,46.49603648685048],[4.786181543811352,46.496054008965125],[4.78616458025778,46.496073638650586],[4.786154576117989,46.496090727759146],[4.786138172871633,46.49612746162215],[4.7861037620058,46.49617186241471],[4.786086233303567,46.49620609194644],[4.786082621123197,46.49623118730897],[4.786080419232772,46.49625554009279],[4.786086160042742,46.49627949857846],[4.78610337254549,46.496299314837415],[4.786132225425082,46.49633606216044],[4.786151556048963,46.49637674111403],[4.786209077918945,46.496372960187905],[4.786324666065123,46.496370073282264],[4.786363288968615,46.496350735603045],[4.786433792380316,46.49632918843455],[4.786525544456241,46.496299383168186],[4.786577803622005,46.49628226415147],[4.786657243868411,46.49631056497113],[4.786798148722431,46.49635988168607],[4.786814341506933,46.49636449227138],[4.786824411174783,46.496365325631146],[4.786849660848478,46.49636772308488],[4.786876252952203,46.496367307439044],[4.786922250552169,46.49636208505735],[4.786958788402449,46.49635872181923],[4.786968928882998,46.496361715693865],[4.786983732052213,46.49636769899854],[4.787000358583233,46.496385542789014],[4.78702236018228,46.49639627724311],[4.787049935906837,46.49641791286705],[4.787070296043806,46.496430294197516],[4.787110759813662,46.496423356884385],[4.78723530956804,46.496399433164235],[4.787322633689712,46.496381765605804],[4.787480364842581,46.49635155847843],[4.787502516064383,46.49635094191918],[4.787531422541718,46.49634553618663],[4.787549920914699,46.49634488666693],[4.787596219972516,46.49634488325002],[4.787625022648067,46.49634028972982],[4.787653787912765,46.496326599907],[4.787708913565635,46.4963173615388],[4.787746206891303,46.49631317562066],[4.787807165469943,46.49630681823634],[4.787848076200845,46.49630158496376]]],[[[4.78793798394763,46.495770127888754],[4.787913561821957,46.49576114276201],[4.787899937322294,46.495759284278385],[4.787888560812992,46.49576234438309],[4.787862551008388,46.49577653158713],[4.787853013245066,46.49578793926798],[4.78786603772378,46.49580331736153],[4.787957680233635,46.49593725650367],[4.788040287754694,46.49604224488337],[4.788088894813576,46.496116601445],[4.788143401515705,46.496076569240415],[4.788187161795726,46.49604688280536],[4.788234850320249,46.49601767531389],[4.788409632547123,46.49593081749495],[4.788290619305983,46.49589286916613],[4.788202667545181,46.49586353172962],[4.788091547027403,46.49582365837423],[4.78793798394763,46.495770127888754]]],[[[4.789158707739232,46.49759049118296],[4.789182319563936,46.497626419112926],[4.789209231690687,46.49766355634068],[4.789261151659741,46.49773146574414],[4.789292261532816,46.49777331086587],[4.789403742498155,46.497911441820186],[4.789444243149913,46.49796520904714],[4.789587999557513,46.4981448964568],[4.789711405868188,46.49811783560498],[4.789870927625296,46.498082463330235],[4.790015134987365,46.49804940218356],[4.790115789809266,46.49803251454735],[4.790230896489332,46.49801486010576],[4.790335897885873,46.497991329232605],[4.790442573140509,46.497967141569575],[4.790571971282312,46.49795178486586],[4.790641967659948,46.497942582396085],[4.790742903244198,46.49793028328085],[4.790780111180591,46.49793141174799],[4.790827255823117,46.497933285230175],[4.790924240726977,46.4979436549536],[4.790956367950249,46.497940990023544],[4.791143529516456,46.49791328908551],[4.79110983568897,46.49775313532826],[4.79110298030983,46.49769929188685],[4.791076411572692,46.497493992391405],[4.791063730802441,46.49740574409438],[4.791046176281914,46.49727235791736],[4.791032570945418,46.497140080752025],[4.791018059207009,46.49705564399659],[4.79100024748399,46.49696603498239],[4.790981466430475,46.49688661885739],[4.790963099425583,46.49681980579051],[4.790944447614082,46.49676020263848],[4.790904452268666,46.49667022059027],[4.790866097683003,46.49659048060056],[4.790838644350423,46.496528943742284],[4.790777673609231,46.49640389343019],[4.790688715592769,46.49623676929029],[4.790587714082108,46.496044434491225],[4.790482930671005,46.49584414277097],[4.790269029450649,46.495879466955095],[4.790080366044021,46.4959128643865],[4.789691954009559,46.49596379971082],[4.789335835814655,46.49601720048961],[4.789272928358465,46.4960237693365],[4.788960959649963,46.49602360790637],[4.788860820537749,46.49601238524914],[4.788708731507188,46.49598792472836],[4.788523223030233,46.49595452970596],[4.788486173418494,46.495954208662255],[4.788423087481322,46.4959672647401],[4.788375883415501,46.4959834048527],[4.788319467281235,46.496012929069806],[4.788261691898594,46.49603680022742],[4.788205503730942,46.496093161125856],[4.788145838146569,46.49614291134497],[4.78812148559268,46.49617184385735],[4.788130382333892,46.49619656350433],[4.788164096634692,46.496246294175265],[4.788270886114956,46.496372790701535],[4.788335529638183,46.496506611483646],[4.788442131393666,46.49670687659949],[4.788487730052047,46.49677695679425],[4.788542185330299,46.49683473921203],[4.788573870377789,46.49686234475462],[4.788610840519977,46.496892029235944],[4.788667327742638,46.49695608457566],[4.788715538167257,46.49701432489443],[4.788769077682165,46.497079957465886],[4.788876982748963,46.49722048663019],[4.788956095833425,46.49731823354432],[4.788976209251747,46.49734692073979],[4.789074748986395,46.497472284697636],[4.789158707739232,46.49759049118296]]],[[[4.789537454852994,46.50081296504177],[4.789429558632555,46.5008398729083],[4.789366256412106,46.50085842694988],[4.789297678626133,46.50086328310209],[4.78925518805822,46.50087214428623],[4.789231280460889,46.50087891327348],[4.78913302645641,46.500921431871824],[4.789036082614648,46.500956184025995],[4.788907616260829,46.50100016593624],[4.788817732496796,46.50103543790797],[4.788723460118999,46.501076092485],[4.788546625433147,46.50117243971348],[4.788495196282846,46.50120305677844],[4.788332744972441,46.501248830609526],[4.788123316288985,46.50130587690497],[4.788073067776,46.50132080346667],[4.787931997707327,46.50137425837783],[4.78788550559222,46.501392368561135],[4.787953769666021,46.501493258067285],[4.788058554393805,46.50161798482266],[4.788101393303847,46.50167937172928],[4.788146786039696,46.50174306044799],[4.788205365374896,46.50179123133521],[4.788264600913284,46.50182759301489],[4.788335450453647,46.50189592729809],[4.788668897582622,46.501814243342764],[4.788740082608971,46.50179340474931],[4.788859778028042,46.501748389413],[4.788903576987425,46.50181912809153],[4.789001121244524,46.50184237052411],[4.789031690735627,46.50188755669545],[4.789068858458852,46.50190327741754],[4.789064205014704,46.50195225719867],[4.789369768556103,46.50202646501711],[4.789339674759607,46.50182887629483],[4.789385854985157,46.50178537120183],[4.789438293993662,46.501694122112745],[4.789478104172668,46.50164729409127],[4.789575744986554,46.501649638725155],[4.789734222389455,46.501649679933585],[4.789894409328118,46.501650144499386],[4.789997117327523,46.501643943043284],[4.790019174842786,46.50165629730399],[4.790033598961707,46.5016824614256],[4.790053541576183,46.50172574215109],[4.790080192430805,46.5017270361751],[4.790110737447095,46.50171583982275],[4.790170046658048,46.50169482599829],[4.79026525968727,46.50167487116829],[4.790297649635531,46.50171588537856],[4.790606930680674,46.50163322309743],[4.790684583017204,46.50160678783324],[4.790900942969619,46.50155431179555],[4.791044400827653,46.50151405579432],[4.791120108668707,46.501495936957596],[4.791344610863151,46.50142135588169],[4.791625033574452,46.50133779192397],[4.79180026407708,46.501291993236244],[4.791787090699483,46.50124041050303],[4.791691331665739,46.50105718142655],[4.791675330899968,46.50102671893794],[4.791616177724616,46.50091352957226],[4.791603252138881,46.500889323654654],[4.791570625627341,46.500829219059035],[4.791567663350665,46.500818457300284],[4.791461370018445,46.50063611366218],[4.791442012802286,46.50060273148721],[4.791432183133177,46.50058541228849],[4.791418333331548,46.50056086056021],[4.791414179872517,46.50055354005229],[4.79140918803225,46.50054452138588],[4.791398320973593,46.50053532457317],[4.791381007172508,46.50052046441019],[4.791346957894201,46.50048055731382],[4.791253363360431,46.50037105979451],[4.791120348377833,46.50043132777776],[4.790838550684738,46.50058012144263],[4.790674811389919,46.500626279113185],[4.790590076462673,46.50065147430127],[4.790309343202718,46.50071360441069],[4.790009297404446,46.5007794587804],[4.789930088096755,46.50079817212131],[4.789838489864768,46.500797084237405],[4.789663115920456,46.50078685980567],[4.789636334832932,46.50078953072682],[4.789537454852994,46.50081296504177]]],[[[4.790267472306589,46.490124401023294],[4.790323188732812,46.48988313612132],[4.790371950568663,46.489708090232014],[4.790374124137904,46.48963528100675],[4.790370066414125,46.48958715802618],[4.790328824277726,46.48925247973407],[4.790279762768471,46.48887424076101],[4.790239111333808,46.4885376617276],[4.789961774912832,46.488606043659274],[4.789594028284233,46.488693043497065],[4.789589311396978,46.488946659569905],[4.789655037964993,46.48909775583901],[4.789655578096682,46.489364529629704],[4.789631029292483,46.48944696618574],[4.789598202704809,46.48957915995347],[4.789578555924659,46.48976725989548],[4.789570609392203,46.48982313656606],[4.789594334938355,46.4898785173752],[4.789635925021246,46.48994181469653],[4.789671556645429,46.49005798530011],[4.789790590638257,46.49016843667732],[4.789810952368697,46.490212701648666],[4.789919319019388,46.490371596520276],[4.789992002890044,46.490456473546786],[4.790115516622083,46.490576221551954],[4.790152246306378,46.49060662982449],[4.790173423678483,46.49060422659607],[4.790220651526841,46.49051747174507],[4.790250517226331,46.49043414118428],[4.790257137852758,46.49031406654546],[4.790267472306589,46.490124401023294]]],[[[4.790418419933708,46.489649898798774],[4.79040484062616,46.4897407202001],[4.790372314267882,46.48988200640491],[4.790368966009696,46.48989520881891],[4.790378349765918,46.48990298785042],[4.790358651401872,46.49006163643501],[4.790342503430882,46.49023707217071],[4.790347509394571,46.490322018223],[4.790614183691057,46.49008357345625],[4.790723931276316,46.48999457802091],[4.790833175142422,46.489902167769635],[4.79086545361571,46.48986851692177],[4.790994950929931,46.48970589617963],[4.791156916620301,46.489535290830126],[4.791038896373034,46.48924135580019],[4.790758300459842,46.48855537849304],[4.790292215225167,46.48859816650677],[4.790338635253563,46.48896347702732],[4.790375414024976,46.48924562535373],[4.790419001102408,46.48960008192874],[4.790418419933708,46.489649898798774]]],[[[4.790979602752856,46.496694892854705],[4.790958286540369,46.49670108123309],[4.790989680293226,46.496763457014154],[4.791017555840464,46.496853718979715],[4.791028482779316,46.49688858432095],[4.79103799629537,46.4969280652832],[4.791072965400596,46.49710324048198],[4.791101390689414,46.497372999729635],[4.791116626278138,46.49749534384217],[4.791138078091048,46.497608403603245],[4.791182329462345,46.49784377901842],[4.791215229261426,46.49790432977962],[4.791257129468415,46.497968882646894],[4.791353271509411,46.498009167854775],[4.791391613431449,46.49802495947068],[4.791437665032766,46.49802531867093],[4.791496409022155,46.498018994047364],[4.791568437215937,46.49796049186561],[4.79174219193379,46.49781852335643],[4.791876631872995,46.4977343641023],[4.791984632063115,46.49766719167637],[4.792106230935032,46.497589177922386],[4.792062388172414,46.49755681015528],[4.791955256776453,46.49747580682989],[4.79201077163438,46.49745061822113],[4.791981860777071,46.49741621499964],[4.791912777773313,46.497357942894425],[4.791877002562495,46.49732499826483],[4.791832701035004,46.49729056603541],[4.791729246331451,46.497226167500415],[4.791697298387471,46.497206492928576],[4.791694463301869,46.49720356511033],[4.791695583249333,46.49720192633018],[4.791776864083911,46.49717101998702],[4.791919836027537,46.4971242853707],[4.792108996494147,46.49710988156255],[4.792119106943579,46.49698497857594],[4.792122368568557,46.49676678219492],[4.792121829555429,46.496762287233125],[4.792124678874953,46.49663074294762],[4.792325266424758,46.4966386766763],[4.792335900096374,46.49652970752676],[4.792346982710287,46.496374886599604],[4.792349540878449,46.496333685304535],[4.792342900911226,46.49627452450444],[4.792321419251099,46.4961130086649],[4.792300532240115,46.49597751321949],[4.792292067293622,46.49592234402957],[4.792272475656818,46.49577070605126],[4.792264724377477,46.49572534310881],[4.792641045371314,46.49566774339298],[4.792636196206881,46.49565115680528],[4.792653331571746,46.495648726463486],[4.792627772892371,46.49558139592141],[4.792606254795481,46.49552589102445],[4.79239459061736,46.495541909542325],[4.792091771957569,46.49556611179657],[4.791919242473244,46.495582416613985],[4.791826491096264,46.49559359781451],[4.791664087062735,46.495616408586216],[4.791458006254949,46.49563963338051],[4.791235877015047,46.4956666219236],[4.791166751759847,46.495674460135504],[4.790987196490103,46.495707175965634],[4.790845544060863,46.495734434067785],[4.790692119817069,46.49578448350808],[4.790533533877822,46.49584416081346],[4.790562207535645,46.495899193716795],[4.790644428200839,46.49605975843427],[4.790671725168676,46.4961046351686],[4.790699492024264,46.49616778838169],[4.79076732501083,46.49627147514339],[4.79082446733447,46.49635938726575],[4.790842190417802,46.496390723570144],[4.790887248051042,46.49648792186032],[4.790950878470928,46.4966304036821],[4.790979602752856,46.496694892854705]]],[[[4.791255547840121,46.491950277712014],[4.791330462262451,46.492059257277205],[4.791377689082587,46.49214714437664],[4.79139516754207,46.49219091385737],[4.791437996525981,46.4923156177115],[4.791478900233897,46.49238171727257],[4.791523799932815,46.492454329177825],[4.791582256328311,46.49257041171154],[4.791629066729022,46.49264956861617],[4.791727095224197,46.49288644289336],[4.791818976103585,46.49309098887263],[4.791911474575449,46.49321113112374],[4.791951544710362,46.4932637333501],[4.792019534099973,46.493352375545754],[4.792041540071917,46.49339499313838],[4.792086287658411,46.49345896066497],[4.792128517343439,46.493521706693066],[4.792152171254055,46.493547005320536],[4.792254376669837,46.49365294447589],[4.792352428569815,46.49377534109552],[4.792393100006134,46.49385414361747],[4.792446097397254,46.49395878258915],[4.792760846771317,46.49389314086478],[4.792698428565358,46.49377964294011],[4.792520604183959,46.493460167148534],[4.792467553334804,46.49336975983628],[4.792403806383932,46.493251508975526],[4.792367408313661,46.49314003473034],[4.792348794695283,46.49308160205512],[4.792321139854484,46.49294251987697],[4.792238675076976,46.49249284087352],[4.792198797880797,46.49228342681125],[4.79218879096687,46.492209097217305],[4.79217551677919,46.49213058563662],[4.792151529435581,46.49201180134668],[4.792109606014946,46.4918750143818],[4.792015244836912,46.49164258631818],[4.791910866963184,46.49138707757965],[4.791809132200276,46.491136571144196],[4.791766074233959,46.491032676774246],[4.791746851505326,46.490979477511445],[4.791721221808828,46.49091782218247],[4.791694134765362,46.49085546914444],[4.791662608307451,46.49077310045098],[4.791538187362263,46.490475033027046],[4.791399388284386,46.490136209726],[4.791345400198949,46.48999726979046],[4.791266778459328,46.489807106719795],[4.791215622077631,46.489682893553905],[4.791169776538263,46.48956949541111],[4.791040905617354,46.48972336992734],[4.790902870902853,46.48989206899189],[4.790841065564238,46.4899637409359],[4.790805076734666,46.48997574344448],[4.790710987126041,46.49007296008487],[4.790602432296781,46.49017445631184],[4.790451526279447,46.49031264312134],[4.790394696683451,46.49038099440613],[4.790308886794836,46.49049609465653],[4.790283617292618,46.490556565972824],[4.790287485559734,46.49060289055037],[4.79030386029611,46.49069252222677],[4.790383920061102,46.49083519739442],[4.7904247327044,46.490898596689654],[4.790466026254899,46.49094883847015],[4.790559322748756,46.49104185870357],[4.790621537703041,46.491113659300815],[4.790676048713627,46.491173241196606],[4.790728812194518,46.49123122921503],[4.79076904015205,46.49127680403443],[4.790854475350072,46.49137661224666],[4.79101824174519,46.49159813632016],[4.791067545671668,46.491661942765006],[4.791190261767559,46.49183268080998],[4.791255547840121,46.491950277712014]]],[[[4.792165257179113,46.509470760648234],[4.792190189676778,46.509562509479395],[4.792224144561321,46.509678705466705],[4.792290679722747,46.50991292031715],[4.792334548296317,46.51008462292799],[4.792397867444878,46.51028448213607],[4.792445920340881,46.510472331359885],[4.792478524571638,46.510602959326874],[4.792531123449801,46.51080208582445],[4.792582840470105,46.510974385850126],[4.792610423207251,46.51107924297325],[4.792653298939974,46.51122069816655],[4.792711938752391,46.511409101850404],[4.792769118700574,46.51157293982244],[4.792950719919385,46.51164448877783],[4.793230287704526,46.51177529713215],[4.793318792222239,46.51181263845255],[4.793430396602093,46.51185421089383],[4.79359066039136,46.51189970356446],[4.793891517985074,46.51193605530999],[4.794263017983029,46.511982286169534],[4.794344100144555,46.51199227241643],[4.794606342110555,46.51198104180896],[4.794589782237012,46.51192978276182],[4.794567016912524,46.51186042734823],[4.794549396078255,46.51178090357381],[4.7945088089345,46.511709125787185],[4.794474391677809,46.511630586128945],[4.794500422174614,46.51162477355622],[4.794384979548717,46.51140717931879],[4.794262493895917,46.51118960541443],[4.794183855036906,46.511043758151885],[4.794123328581176,46.51092500735259],[4.794101201323988,46.51087500647297],[4.794095882360511,46.51080060363494],[4.794097536031452,46.51076761277739],[4.794095618951508,46.51070936881622],[4.794066486445926,46.51066055865569],[4.794076268476271,46.51065653225509],[4.79405737431685,46.51062152200897],[4.794030615565386,46.51056555922],[4.793987590752782,46.510570287292026],[4.793967890679005,46.510530606136186],[4.793828642595778,46.51025943406405],[4.793714856249422,46.510028573197495],[4.793632615032733,46.50981279919464],[4.793609392425119,46.5097493051954],[4.793554117066527,46.50959975853172],[4.793513269805449,46.509480338481175],[4.79349728964998,46.50942285549197],[4.793473158591241,46.50929605785954],[4.793460817375386,46.509242120512766],[4.793440214425255,46.50919876064055],[4.793393337423637,46.509082407366],[4.793099513437982,46.50888661383481],[4.792933426127051,46.50876690575494],[4.792644054256677,46.50853978766833],[4.792353052276163,46.508306659870435],[4.79205985061389,46.50808590515987],[4.791803119894876,46.50791897932427],[4.791707455126921,46.50787391319848],[4.791643181130666,46.5078591584119],[4.79160782131913,46.50785890184402],[4.791563295995792,46.50786554397628],[4.791534830765983,46.50788058099546],[4.791515622156285,46.50790339896473],[4.791516894361032,46.50794210829094],[4.791531503294088,46.50799366852535],[4.79156254245019,46.5080609133713],[4.791605983685355,46.508108599258485],[4.79165709402314,46.508151481425124],[4.791705471970629,46.50820251250872],[4.791769130013252,46.50828185570645],[4.791801628405786,46.508329983199786],[4.791880447246091,46.50846177857193],[4.791925694266116,46.50856437755303],[4.791973774025038,46.50867377729496],[4.792041042649655,46.50888672474271],[4.792076974130462,46.509055129262215],[4.792119538722829,46.509270535394826],[4.792144197038865,46.50939759520438],[4.792165257179113,46.509470760648234]]],[[[4.792702272790714,46.51159119078375],[4.792618936901511,46.51156421586164],[4.792404668261437,46.51148309082319],[4.792309683921433,46.51144702125862],[4.792188116894912,46.51151899950862],[4.79215161936858,46.511527857771206],[4.792033610125284,46.51154934201101],[4.791879517677047,46.51158832433706],[4.79175192057673,46.51163166490877],[4.791810729103267,46.51176575535712],[4.791877577205888,46.511910257753385],[4.791913860240145,46.512002008891095],[4.791962315744749,46.51212671429033],[4.791993419269242,46.51221170140179],[4.792006616875582,46.51224806218876],[4.792045242948817,46.51230392950939],[4.792068215393821,46.51237967695352],[4.792090400593265,46.51243147864549],[4.792118607852064,46.51247598051827],[4.792201558192104,46.51246342201329],[4.792218904102617,46.51251881217712],[4.792237495066004,46.51256445548202],[4.792379857013316,46.51254556161084],[4.792658484645528,46.51251282264005],[4.792980147333296,46.51247166238581],[4.792960344533817,46.51239316336802],[4.792928786336909,46.512294403219826],[4.792901459586772,46.512213230050214],[4.792874892399333,46.51209962048049],[4.792846852112504,46.51200071508615],[4.792811738384348,46.511896966841405],[4.792773711683411,46.51179587622723],[4.792702272790714,46.51159119078375]]],[[[4.793375921978615,46.51474246543587],[4.793438095687916,46.51468123492216],[4.793414571139981,46.51448174297885],[4.793392228952954,46.514298354655054],[4.79337140683192,46.51413736941619],[4.793313855915877,46.51375224049448],[4.793295510713531,46.51364669827937],[4.793252448909874,46.51344021715049],[4.793191640222801,46.51317808206062],[4.7930781142367,46.513213007221054],[4.793075247656231,46.513252772157415],[4.793094936217916,46.51329209336202],[4.793161236429216,46.51338805699088],[4.793196231310044,46.513440558298036],[4.793262227304307,46.51365811844273],[4.793270240162668,46.51368357210154],[4.792970697515263,46.51379058621312],[4.792936526745408,46.513608464080136],[4.792766508921673,46.51365526290281],[4.792664723110002,46.51369018371419],[4.792581497382691,46.51373409049907],[4.79249390967191,46.513764375260905],[4.792432175852424,46.51378740955429],[4.792524243278481,46.51397664035052],[4.792533796643207,46.51400927534566],[4.792552063389079,46.51411644010842],[4.792573537187372,46.514210044400244],[4.792581069795908,46.51423280358995],[4.792617672363722,46.51433418677444],[4.792656729269958,46.51442292195763],[4.792672091652065,46.514445738538626],[4.792680569445366,46.514477399634465],[4.792640857117394,46.51449963847387],[4.792521430569304,46.51453375484072],[4.792605266151932,46.5146471873066],[4.792721366216103,46.51487287902487],[4.793054974636576,46.51480973507859],[4.793375921978615,46.51474246543587]]],[[[4.792564371090106,46.490836511455015],[4.792577593997371,46.49085792049341],[4.79261964121691,46.49093102706432],[4.792659209240439,46.49100011942619],[4.792696541668915,46.49104087531144],[4.792721062641395,46.49106877220247],[4.792741546039116,46.491096822479804],[4.792793993961928,46.49118084427634],[4.792861155423552,46.49116501970094],[4.792861801207646,46.49116482943553],[4.792991060651421,46.491415443685135],[4.793052208776975,46.49153400521128],[4.793102352630711,46.49163121299259],[4.793171022274227,46.49176433761141],[4.793227849310728,46.4918744103418],[4.793266432225729,46.49194919226426],[4.793302372933556,46.492018971798814],[4.79340377937161,46.49221562129018],[4.793541815112515,46.49248312017621],[4.79357929976972,46.49256413394552],[4.793584951791193,46.492577375376634],[4.79361623354856,46.49264425566347],[4.793644067295004,46.492701462664556],[4.793676237917315,46.492767608442186],[4.793680228167374,46.4927739406823],[4.793704175438946,46.49282796619269],[4.793734998378471,46.49288881907002],[4.793738884952552,46.49289596355004],[4.793769334703261,46.49295736268452],[4.79380641717771,46.493034059414455],[4.793842314866671,46.493102488438744],[4.793918579196682,46.49303824380626],[4.793987662431889,46.492989603571814],[4.794189226594096,46.492841339996616],[4.794252959286982,46.492788640428316],[4.794289260264937,46.49275438507578],[4.794450173108139,46.49259937347935],[4.794463248939057,46.49258061413434],[4.794474351823966,46.49256134534906],[4.794549251901898,46.49248343129224],[4.794594394975098,46.49242066549064],[4.79460353966304,46.492401337364875],[4.794632878372615,46.492325939886044],[4.794676844998581,46.49223932439961],[4.794822916331243,46.49202969359685],[4.794953102803579,46.49184066746981],[4.794976561110839,46.49181246798334],[4.795224991319695,46.491511431063586],[4.795317567285704,46.491400093679374],[4.79549289004497,46.49121558191947],[4.795577493251152,46.49109581303583],[4.795711301096079,46.49092186054753],[4.795637807780198,46.490832496309224],[4.795472985855715,46.49064278929485],[4.79545483810212,46.49059858055339],[4.795428973107921,46.4905259413385],[4.795370293872321,46.49037951108332],[4.795347647138271,46.490361042486505],[4.795321572333576,46.490301826737145],[4.795286871533812,46.490242025914334],[4.795248953983739,46.49019146258058],[4.795219383002292,46.490077540124446],[4.795175445730934,46.489986720661015],[4.795116882676914,46.48980020801383],[4.795114035759401,46.48978503116147],[4.795113015576437,46.48970650752565],[4.795107695103498,46.48968353356694],[4.795085530763532,46.489608404313046],[4.795082777663548,46.489524773989935],[4.795114135165277,46.48930478479889],[4.795268918039186,46.48928479053608],[4.795388821018596,46.48926291208134],[4.795503963509707,46.489100421385096],[4.79551680100352,46.489074460158804],[4.795525008561194,46.489046500085486],[4.795493254613695,46.48880291342018],[4.795458198719978,46.488585768660535],[4.795440557095973,46.48848958247173],[4.795408496767919,46.488438656983575],[4.795205747619995,46.488471113728515],[4.795116234709555,46.48847729318519],[4.795081527379966,46.48848459338874],[4.795032838762201,46.488494995337206],[4.794652633270525,46.48857959525871],[4.794288623657082,46.48864124242101],[4.793954969250683,46.488725829782624],[4.793798721006618,46.48876863258618],[4.793633941416221,46.48881769369561],[4.793450579717316,46.48887668343896],[4.793198740946059,46.48894710503502],[4.792808833546305,46.4890580608214],[4.792359710853526,46.48916075682646],[4.792102280812502,46.48920397292716],[4.792156839190922,46.48933245567218],[4.792212541118295,46.489463982786155],[4.792127792013802,46.48948026290063],[4.792174578457895,46.48959445655373],[4.792227549828496,46.489718280594175],[4.792258712590336,46.489789576446974],[4.792308138445627,46.4899166084358],[4.792345768152362,46.490065621908926],[4.79237383994148,46.490185693169195],[4.792387828606074,46.49024230694037],[4.792402269845114,46.490403933291695],[4.792434239745822,46.49045215894825],[4.792455237001016,46.49051568813972],[4.792471533341137,46.490575057831755],[4.792475060986336,46.490587161739086],[4.792498104912152,46.49066137696018],[4.792517484977243,46.49072331027019],[4.792537602607606,46.49078784399233],[4.792539409482567,46.49079123825406],[4.792564371090106,46.490836511455015]]],[[[4.793392596980612,46.5137266873034],[4.793425900509527,46.51394187787806],[4.793445436163982,46.51412720164859],[4.793458600678537,46.51428938778756],[4.793498553362766,46.51461940080877],[4.793544006113728,46.515009492959344],[4.793586015293961,46.514981723637725],[4.793667739968163,46.51490406419562],[4.793746528320762,46.51474511934848],[4.793777088616602,46.51475004407614],[4.794643236850267,46.51476968984941],[4.794675868746767,46.51477016849548],[4.794587824949243,46.51494907422973],[4.79458509632116,46.515103943962515],[4.794640504331678,46.5152176409671],[4.79474101947777,46.51543727057549],[4.796465466594428,46.51544748257795],[4.796465608861932,46.5154478406153],[4.796662573402098,46.51545060077303],[4.796726584154962,46.5154451817713],[4.796763178526587,46.515439202740765],[4.796847337053711,46.515395908734256],[4.796901736433904,46.51538388554407],[4.797203381539137,46.51533663334502],[4.79722274790004,46.51521176484297],[4.797229163676787,46.51514915676844],[4.797229746944516,46.51508375817612],[4.797136526251955,46.51495111179629],[4.797078745176456,46.51483285973738],[4.796965631634286,46.514595416379464],[4.796890337127127,46.51461074018499],[4.79675979959225,46.51464413491853],[4.796712680080425,46.514603894263125],[4.796813634993838,46.51450026095273],[4.796920616560437,46.51444093641228],[4.796969688527584,46.51440981238115],[4.796923643447896,46.514279486844366],[4.796892091495812,46.51423656980696],[4.796767971230416,46.514080720758294],[4.796783993832532,46.51398895983649],[4.796795920900009,46.5138996050305],[4.796803230327861,46.513800775557776],[4.796802097410128,46.51378223933214],[4.796798575659665,46.513758516691325],[4.796785849380271,46.51367324203223],[4.796769657893342,46.513633235998725],[4.796673454843974,46.513461456504125],[4.796621344150349,46.51338058346074],[4.796584129150937,46.51332415503313],[4.796573669296808,46.513283878789885],[4.796565949861304,46.51322383458038],[4.796553691567421,46.5131923231943],[4.796461739693322,46.51302281851415],[4.796421940519258,46.512955262189536],[4.796397781337741,46.512930782916],[4.796362242415537,46.512905401582415],[4.796338737915191,46.512873076088795],[4.796310918036611,46.51282460612145],[4.796256419609592,46.51273458348279],[4.79621626249699,46.512671986457995],[4.796166258910364,46.512552080637356],[4.796139650364453,46.512473058520676],[4.796101318270185,46.51238665481583],[4.796072008832276,46.51235631187612],[4.795971356142209,46.51227899307125],[4.795855640102827,46.51218398719487],[4.795835055682842,46.51216899888611],[4.795759407473395,46.51225268923388],[4.795708348986249,46.51231059419285],[4.795657836475674,46.51240091506284],[4.795632037539645,46.51243356454625],[4.795574672498221,46.51249012737798],[4.795489084006409,46.51257307292959],[4.795445193862746,46.51264662711963],[4.795421021824489,46.512689068426376],[4.795416773893395,46.51277001624812],[4.795427376285359,46.51287009554544],[4.795460033151047,46.51298225796262],[4.795521860909839,46.51314827339652],[4.795530477830635,46.51323955718595],[4.795549846739558,46.51334832549237],[4.79560381508294,46.51360047928537],[4.795614414629746,46.51368461655685],[4.795626898855936,46.51376259960531],[4.795659595818195,46.51389971018549],[4.795703991501398,46.513980074315235],[4.795777706819308,46.51410690347613],[4.795841429571119,46.514239293597186],[4.795883967857832,46.51432662206938],[4.795939380873281,46.51444437147424],[4.795897375922205,46.51446034270648],[4.795828407161197,46.5143231713221],[4.79573079471277,46.51413231878759],[4.795646567081232,46.513975481865806],[4.795578145243317,46.513854874273036],[4.795558586115043,46.51373241861918],[4.795546024432791,46.51363228003815],[4.795509293935802,46.51333311024599],[4.795485029818573,46.51324207213391],[4.795397423099097,46.51294694354417],[4.79528592223161,46.51293635476035],[4.795229306452635,46.51301569285652],[4.795162538202834,46.51313139765589],[4.795140194077796,46.513165974277115],[4.795062172560913,46.513245017828055],[4.794993137142331,46.51340281988103],[4.794948434032663,46.51350718988136],[4.79491642653017,46.51362072766807],[4.794865405570122,46.51379076632363],[4.794862952572112,46.51386682224884],[4.794817847761065,46.513867890447486],[4.794817906628837,46.51382609795437],[4.794838818857681,46.51369255910627],[4.794859257538361,46.51362783966631],[4.794915790442743,46.51345483231421],[4.794979341074317,46.51332458716125],[4.795048424144205,46.51318804042619],[4.795152449111009,46.51304292906709],[4.795274885075213,46.512870598212984],[4.795341703480508,46.51277227568364],[4.795169122268363,46.51271337849661],[4.795068226663618,46.51280692183685],[4.794993530492236,46.512879968661196],[4.794959065866793,46.51292284162538],[4.794913151055212,46.51303002275479],[4.794796614523114,46.5132706222491],[4.794733018894435,46.51337970201221],[4.794676686435234,46.513471644887844],[4.794628206839342,46.513524735237766],[4.794585013993563,46.513568015252545],[4.794534622958554,46.513666079503736],[4.794474606213852,46.51375708933262],[4.794391633640052,46.513745241374124],[4.794477361856739,46.5136307707122],[4.794594149894047,46.51346114125933],[4.79470570334423,46.513247460482084],[4.794765535151337,46.51312709122829],[4.79488062004915,46.51294541904834],[4.795060653611439,46.512707695643556],[4.795104760753298,46.51264071317301],[4.795121521248155,46.51258712977466],[4.795132825947459,46.5125302995001],[4.795153840803306,46.51240783730578],[4.795193117048004,46.512332824502664],[4.795235887540216,46.51228468718066],[4.795325266348883,46.512209878500805],[4.795409269316601,46.51213821646515],[4.795410217310801,46.51212343041605],[4.795392391359418,46.51207732523261],[4.795366013423255,46.51205279051824],[4.795314752260308,46.51206098090318],[4.795176757751671,46.51208170133184],[4.795038863990802,46.51210944532024],[4.795017630676293,46.51208266813695],[4.794969791660726,46.51204820245124],[4.794859415671153,46.5120202124863],[4.794744244954708,46.51198923535491],[4.794678148906311,46.51200252195975],[4.794601182984918,46.512014538024715],[4.794346565730182,46.51201168842764],[4.794063665714854,46.51198190130661],[4.79371585238193,46.511945836219276],[4.793552461516154,46.51193218678333],[4.79343491243186,46.511880439935595],[4.793389098309079,46.511863865386886],[4.793225246451598,46.51180050516707],[4.793056102560537,46.51172695994305],[4.792924013013025,46.511673369014225],[4.792785427927625,46.51162060031665],[4.79284038883154,46.5117804199828],[4.792906636557164,46.51198590728069],[4.792941086920851,46.512081379641884],[4.793006970682819,46.512295609186616],[4.793033482432765,46.51238769334164],[4.793057762985121,46.512471436150356],[4.793212838254284,46.51301742860123],[4.793252581483517,46.51317064153275],[4.793328492045112,46.513455597176986],[4.793369883453459,46.51361923210779],[4.793392596980612,46.5137266873034]]],[[[4.793447216631347,46.51474035661741],[4.793378481199372,46.514820244041054],[4.793219835417752,46.514955041688125],[4.793060397847698,46.51507769233807],[4.793081372916526,46.51513230492649],[4.793094095135687,46.5151541721023],[4.793119353617259,46.51516449414802],[4.793167959634331,46.515158778270774],[4.793195814328069,46.51516473632808],[4.793250163324775,46.51518288844506],[4.793281328494983,46.515182399744404],[4.793491671529874,46.515052555619874],[4.793478393220618,46.51495035656479],[4.793447216631347,46.51474035661741]]],[[[4.793588946274762,46.50901295911876],[4.79359724838447,46.509086864856805],[4.793583687767569,46.50914255949978],[4.793683397901803,46.50921530161707],[4.793787271705463,46.50928770812997],[4.793939124020748,46.5093909757453],[4.794056730368139,46.5094604645349],[4.79411127260357,46.50944898074343],[4.794169577953331,46.50953993536467],[4.794291200175487,46.50962836527667],[4.794343754204218,46.50966347777732],[4.794528969397844,46.509753791704014],[4.794800559680174,46.50985247698594],[4.794828405990698,46.509866180599545],[4.794957692924225,46.509937736852166],[4.795079654877688,46.51000868740865],[4.795105139688777,46.510029903681115],[4.795219432784564,46.51008980603823],[4.79534262811865,46.51015857532498],[4.795358840627069,46.510167597792666],[4.795578885510809,46.51018647960238],[4.795703350194104,46.510155162899956],[4.795798907267928,46.510113581939905],[4.795810801829806,46.51010636982627],[4.795863025684363,46.510048266326734],[4.795869734335818,46.51003807333599],[4.795892068458964,46.509924056596475],[4.795902098234643,46.50978897701855],[4.795916958855636,46.509578794810096],[4.795930734061155,46.50944257557681],[4.795928462117648,46.50937361906836],[4.795929236349543,46.50930209280815],[4.795930433999573,46.50921966165208],[4.795910143627399,46.50909082262077],[4.795875647370314,46.50885547595002],[4.795843723886298,46.508737807922],[4.795826986222576,46.50869303672107],[4.795794305808128,46.50852070920293],[4.795768596970728,46.5084174445229],[4.795751027605812,46.50829198531271],[4.795752312036758,46.50823197975427],[4.795768915750391,46.50804302622],[4.795779615986531,46.507829306579325],[4.795770345173615,46.5077577579259],[4.795748664122125,46.50755895772948],[4.795725174981453,46.50733298533541],[4.79571773904717,46.50728149305795],[4.795706945685471,46.50722311825846],[4.795718817004302,46.50714394204287],[4.795772535976202,46.506921440624204],[4.795791675798186,46.50684512248952],[4.795799002790167,46.506814114032245],[4.795798919424152,46.506799704434016],[4.795793703101666,46.50675619336384],[4.795735385708735,46.50675990136905],[4.795575755908869,46.50677285615716],[4.795498720386878,46.506778569277465],[4.795329898408561,46.506769871569865],[4.795218570278879,46.50676414387593],[4.795171776564634,46.50677316482222],[4.795134704861869,46.50678032182117],[4.794958869540166,46.50680028527815],[4.794856460613995,46.506811890435934],[4.794591076068256,46.5068418154459],[4.794401067650118,46.50686713436833],[4.794106628925544,46.50690607067068],[4.793985062680105,46.50695391281403],[4.793952526986652,46.50700774361164],[4.793926438985609,46.507071200596904],[4.793919756944553,46.50709012966898],[4.793888592797177,46.507177714470494],[4.793878378373895,46.50723200565947],[4.793858065286182,46.50730843189954],[4.793807145361315,46.50740614403161],[4.793769219029227,46.5074785232963],[4.793780997233146,46.50752328251001],[4.793794908825119,46.50758133833426],[4.793805122227545,46.507657826067486],[4.793804582187527,46.50774051706142],[4.793800838130177,46.50791215553668],[4.793805485632226,46.50810888142995],[4.793794705098878,46.508149941469135],[4.793753420467355,46.50826695710258],[4.793738956347923,46.50833086214765],[4.793735607529042,46.50836784259973],[4.793670643951319,46.508439204849886],[4.793662139358187,46.5084503265639],[4.793638896482348,46.50863992421412],[4.793624932779908,46.508715079898195],[4.793570756476652,46.508888320006875],[4.793588946274762,46.50901295911876]]],[[[4.793720924806233,46.50808021529217],[4.79372666651591,46.507889991462285],[4.793721479150513,46.50777595655143],[4.793696757504997,46.50748056070391],[4.793718027848068,46.50741735949463],[4.793780282769499,46.507243902438525],[4.793859934052882,46.507059994717594],[4.793910456638171,46.50694229366067],[4.793502308807255,46.50701417588715],[4.793323156185021,46.50704436653615],[4.793120834857069,46.50705627614049],[4.792834048696841,46.50707014026531],[4.79270612681215,46.507055663493276],[4.792599681965615,46.50703976905738],[4.792555045193916,46.507035064757666],[4.792546501093357,46.507076720091064],[4.792553364997767,46.5071307434032],[4.792594571779608,46.50728501449568],[4.79262065620719,46.50739196670961],[4.792664438529023,46.50754124365349],[4.792681420988935,46.50762528112435],[4.792722098567281,46.507660310330614],[4.792708330055942,46.50771366636446],[4.792761477536999,46.50772328098822],[4.792896443627891,46.508003438174335],[4.792912826021966,46.50804938622404],[4.792907432214417,46.508079733672744],[4.792892476457839,46.5080969910433],[4.792874231447246,46.50811736230055],[4.792775618978113,46.50810963145185],[4.792541779107704,46.50805178103979],[4.792509328996517,46.50805274008698],[4.792501609083677,46.5080758284646],[4.792477608604829,46.508119527442105],[4.792390343265335,46.508254556397276],[4.792726168936506,46.508521837695625],[4.793045934513366,46.50877270729236],[4.793310317998889,46.50895392130852],[4.793480448657181,46.509069602445344],[4.793526936451224,46.508849017108695],[4.793548415731888,46.50872870951516],[4.793555562696898,46.5085375630028],[4.793560198177452,46.5084643550058],[4.793656564353542,46.50829675785017],[4.793692025872995,46.50823666657016],[4.79370328045949,46.508210010001754],[4.793718692429854,46.508182837874706],[4.793720924806233,46.50808021529217]]],[[[4.793302974876784,46.4888849438124],[4.7934105495285,46.488845067034035],[4.793555551037358,46.48879730734676],[4.793668498632724,46.488762209704596],[4.793843349282898,46.48872199732945],[4.794108877253408,46.4886515395524],[4.794266194254587,46.488609530153944],[4.794649306556616,46.48854587183338],[4.795067098346778,46.48845428679191],[4.795553453214646,46.48835793037108],[4.795781560300682,46.488315437283795],[4.795866795227666,46.48829815602602],[4.795978718876492,46.48827955467467],[4.796231712962103,46.4882325264878],[4.79643417028874,46.48819917180022],[4.796643611816743,46.48816012272418],[4.796736002701439,46.488142368055435],[4.796822469198087,46.48812290507273],[4.79699999907312,46.48808102444644],[4.797035733721813,46.488073257158106],[4.797069498528433,46.48806507048614],[4.797183728296132,46.48803733476536],[4.797297211554082,46.488010691488675],[4.797369875326652,46.48801162046434],[4.797441424992653,46.4880064422556],[4.797553798091794,46.48799359665995],[4.797625246817688,46.48798535759372],[4.79772818515367,46.4879671660267],[4.797946647513263,46.48792887333893],[4.798303629012016,46.48784021432964],[4.798526777923112,46.48778194163873],[4.798576667610575,46.487768456951024],[4.798612561854713,46.487761587336685],[4.798694865669466,46.48774642164063],[4.798778167228814,46.487725926139014],[4.798905267945317,46.48768915940082],[4.799070691044647,46.48764008042749],[4.799180309404559,46.487607011149144],[4.799300025206655,46.48757171123503],[4.799434071044923,46.487532042442325],[4.799532181912686,46.48750590912329],[4.799791895457401,46.48742165890544],[4.799942611113379,46.487381366742625],[4.799973824883836,46.48737493067368],[4.80004173695587,46.48735044335957],[4.800077331026079,46.487338444095855],[4.800187267839839,46.48730320716994],[4.800293874031887,46.48725793491357],[4.800424378930687,46.487194002186634],[4.80054014928379,46.48712219524295],[4.800621558923364,46.48707209560462],[4.80071693366203,46.48701448033829],[4.800889197881621,46.48691206034585],[4.801027439847685,46.486813959062594],[4.801088862004359,46.486774621978235],[4.801141858722706,46.48674865771564],[4.800659573006548,46.48574334504356],[4.800570401067271,46.48575970123567],[4.800479058087984,46.4857774425862],[4.800286816421003,46.48581181461683],[4.800053379875049,46.48585440086453],[4.7999981930178,46.48586535766707],[4.799505596869705,46.48595345539525],[4.799137798783645,46.48602211331275],[4.799108673911193,46.48602860635363],[4.798936908518095,46.48587341970916],[4.798803798918422,46.48572789227624],[4.798729646667226,46.485634307126354],[4.798669433310073,46.48557193650766],[4.798543607194564,46.485445568840994],[4.798258896050665,46.48516300013938],[4.798096152596088,46.48518636636931],[4.797986175803425,46.485200525929145],[4.797911410557123,46.4852108890298],[4.79781666108247,46.48522417841313],[4.797753571732406,46.48523273651885],[4.79767739951471,46.485243932212136],[4.797516004130181,46.4848809724093],[4.797235298139199,46.48423698325418],[4.79701466995335,46.483738230123635],[4.796947004474084,46.48359203191946],[4.796867052248508,46.4836071594876],[4.796577309730952,46.48368584076881],[4.796111999185615,46.48381411612654],[4.795889476773163,46.48386327759175],[4.795788615810935,46.48387702163009],[4.795842045346661,46.48397904037428],[4.796053968652894,46.48441965805541],[4.796517774775099,46.48540132109822],[4.796355459993888,46.48544170103689],[4.796174517231145,46.48548660670232],[4.79603119993805,46.485521823924806],[4.795917170402504,46.48555153693985],[4.795827523589435,46.4855733009867],[4.795518006769449,46.48565373115725],[4.795426022624363,46.48567580180691],[4.795235958413531,46.485724902325714],[4.795237643920305,46.48573253167241],[4.794891292938631,46.48581903283245],[4.794710599486681,46.48586366201885],[4.794797344680352,46.48618555560976],[4.794835245079614,46.48632285527197],[4.794949643567668,46.4867400572711],[4.795029770341844,46.486987568007144],[4.794773072334242,46.48701699836313],[4.794774944861912,46.48707389221788],[4.794773379220207,46.48722045816123],[4.794821147577291,46.48741984015871],[4.794864279582295,46.48752193095561],[4.794922869186545,46.48772915907509],[4.794949020086737,46.48785016066876],[4.794975277730102,46.48797044003206],[4.794974718173024,46.48799305599699],[4.794875857633632,46.488004425903405],[4.794073763145597,46.48809952101786],[4.793926187103157,46.48811651841507],[4.793672371252226,46.48814653144566],[4.793324385937257,46.4881878388585],[4.792566211785936,46.48827439827181],[4.792467089566673,46.488285770182664],[4.792493851969166,46.48838982980308],[4.792382199687617,46.48840085772223],[4.792270031941589,46.488412073750865],[4.791856201359894,46.48845368853975],[4.791549138327671,46.48848245995217],[4.791379886494031,46.488498622882396],[4.791294872493301,46.488506800403115],[4.791028088400298,46.48853115629928],[4.790870684884535,46.4885467725439],[4.790965397267362,46.48877829532574],[4.791096865463865,46.48910453437282],[4.791247984512956,46.48946523170368],[4.791281316775436,46.48943588749351],[4.791312604801025,46.48941179927156],[4.791517187499804,46.48931987569385],[4.791601226091615,46.48929387978741],[4.791774762000689,46.48924927788898],[4.791926466064537,46.489210962488535],[4.79207233701362,46.48918165510152],[4.792491269202473,46.4891006898141],[4.792619144213456,46.48907535672935],[4.7927029714286,46.48905485748293],[4.792830179969086,46.489021158253365],[4.793054254958486,46.488959008958275],[4.79325888571056,46.48890040673071],[4.793302974876784,46.4888849438124]]],[[[4.794710105140321,46.51183197191999],[4.794865626447472,46.51196715497919],[4.794935157398975,46.51198686933003],[4.795071273890771,46.512031928363726],[4.795155894170695,46.51201465793973],[4.795249588362554,46.51199562377345],[4.795353639673179,46.51197813821464],[4.795522592274322,46.511938827792505],[4.795646969055493,46.51190472049372],[4.795731823043907,46.51188663535456],[4.795857749768101,46.51186394213084],[4.795921683782054,46.51180880712682],[4.796043147110346,46.51168629826814],[4.796096839408793,46.51163708837616],[4.796172850989078,46.5115605074476],[4.796285012229845,46.51146849737536],[4.796418150110642,46.51135589232516],[4.79647866366012,46.51131179903168],[4.796751705519551,46.51114943959339],[4.796901434734396,46.51106134198842],[4.796937857643362,46.511002765753815],[4.796857819923872,46.51087405514512],[4.796838998276968,46.51084525889259],[4.796812586727297,46.51079991929447],[4.796722858869514,46.51065821091215],[4.796720744025727,46.51061384055038],[4.796717898013274,46.51058686482729],[4.796715122339396,46.510542234643886],[4.796710949935105,46.51047501930345],[4.796705004838267,46.51039360104953],[4.796712487472933,46.510331696734184],[4.79671613756184,46.510248506487],[4.796715431284643,46.51009251955959],[4.796700918991062,46.510004480802884],[4.79669144569664,46.50994662576594],[4.796675046639761,46.50987654021202],[4.796655012533655,46.50982677710344],[4.796566252945911,46.50961939371253],[4.796496920567189,46.50946709694991],[4.796446893227652,46.509362232976066],[4.796412327246326,46.50930297076909],[4.796373831569642,46.50923134088285],[4.796248293905444,46.509020211761126],[4.796162407503608,46.508868264918554],[4.796142338640302,46.50881742145286],[4.796078439778507,46.50865576208053],[4.796015999352652,46.508498763310186],[4.79595948258086,46.50852946356208],[4.795983154276134,46.50866986827752],[4.795983809769438,46.508689763042604],[4.795962328072665,46.508845467997865],[4.795967357870508,46.5088833076865],[4.795982597942413,46.50907662475773],[4.795988468890264,46.50929044437826],[4.795993422865418,46.50936557346373],[4.795995034070719,46.50943427014577],[4.795984648783555,46.50956251015037],[4.795965024713946,46.509814198527856],[4.795951193868659,46.50997248532141],[4.795945147628558,46.51003445708622],[4.795936415583233,46.51006242528144],[4.795879862246631,46.51011582320084],[4.795860645656274,46.51013440883088],[4.795823050659117,46.51015742622201],[4.795778201350637,46.510178035617834],[4.795653745950603,46.51022547444833],[4.795579846877545,46.51023942455712],[4.795355682868348,46.51022619164202],[4.795345382276611,46.51022239037144],[4.79525268266628,46.51017250695523],[4.795178607867188,46.510133589586246],[4.795037484654803,46.510059157064674],[4.794867623364316,46.509959776261354],[4.794798954219946,46.509922575165696],[4.794677476002647,46.509874223817405],[4.794616716239702,46.509851399441544],[4.794535865276186,46.50981664107964],[4.79448035661072,46.509794815041076],[4.794434475751144,46.5097722074129],[4.79432753612759,46.50971768305601],[4.794231454228255,46.509664069050565],[4.793945423390898,46.50947932377486],[4.79383823900692,46.50940940117251],[4.793683112372495,46.509309697442944],[4.793600061391267,46.509251645316475],[4.793548263991881,46.50920778401402],[4.793534686404278,46.50919953058114],[4.793548073230585,46.50928920854674],[4.793557679597068,46.50933138986418],[4.793588475339194,46.50945457028794],[4.793608464591642,46.50953874059833],[4.793672765372132,46.509764343253615],[4.79370417816954,46.50987058116857],[4.793733443032693,46.50994325737868],[4.793834519637644,46.51016846318784],[4.79385843915151,46.51022140824686],[4.793996478485822,46.51044792548709],[4.79402508926724,46.510496743849835],[4.794066291333831,46.51054761635931],[4.794096099476205,46.510581284483834],[4.794108426902259,46.51060703067493],[4.794152903375254,46.51075737699643],[4.79415447684533,46.51078536347773],[4.794152032012998,46.510810170555764],[4.794134284238646,46.51088925857502],[4.794151039016781,46.51091475516095],[4.794276140266802,46.51113255834123],[4.794382113801816,46.51131616547438],[4.794506559021527,46.51153379857462],[4.794529709270495,46.5115791898549],[4.794572113092158,46.51168633587417],[4.794692401606637,46.51181729846955],[4.794710105140321,46.51183197191999]]],[[[4.794834385869497,46.50508761181449],[4.795107353962618,46.5051179127141],[4.795144142420467,46.505070499674154],[4.79508235015848,46.50480225602086],[4.794982404833561,46.50438545838854],[4.79497576730482,46.50435421886229],[4.79487572521238,46.50387896839246],[4.794843693932123,46.50373410116191],[4.794784755809794,46.503552458133804],[4.794749806240946,46.503382327522516],[4.794419389446195,46.50333815636087],[4.794133515150213,46.50330778627639],[4.793673458618548,46.503256099985855],[4.793563518698146,46.503240801788415],[4.793442343299801,46.50322892218049],[4.793280922910945,46.5031831775722],[4.793203850889388,46.50303298181027],[4.792865601564239,46.5031749197913],[4.792623401027606,46.50339371013456],[4.792784579389465,46.503622477935124],[4.792740022144187,46.503628040269696],[4.792923189699293,46.503867001071434],[4.793251233657497,46.50429895717548],[4.793579587987649,46.50473225854158],[4.793680720172993,46.504896037179385],[4.793791857015925,46.50497139198999],[4.79403203199689,46.50499617534402],[4.794249347322677,46.505023928901984],[4.794261907658918,46.50502508282006],[4.794577220018402,46.50506183585935],[4.794834385869497,46.50508761181449]]],[[[4.794958385062768,46.50667861081113],[4.79487204544312,46.506690954475054],[4.794843872015118,46.506694999450076],[4.794718330127346,46.5067131823108],[4.794714747591793,46.50669945811652],[4.794702328646638,46.50663921731936],[4.794691750036919,46.50660713896477],[4.794827947083582,46.50658770805629],[4.794802004648462,46.50656046435363],[4.79477644740863,46.5065290714642],[4.794748584866609,46.50649501271],[4.794672707482325,46.50639325579916],[4.794638216565785,46.50635596853572],[4.794605524278339,46.506313879420524],[4.794516882334143,46.506208720028404],[4.794509190093559,46.5062048777558],[4.794434623374795,46.50615083624306],[4.794331862911283,46.506112098374004],[4.794139450948014,46.50611187526995],[4.794087276670249,46.50610801039527],[4.794004600254168,46.50610084122045],[4.793868866603886,46.50609072154673],[4.793862062672941,46.50617333070193],[4.793820448828267,46.50617326302144],[4.793744379806143,46.50619247002735],[4.79359509508048,46.506230388785575],[4.793458134239096,46.50623451863402],[4.793445754367102,46.50623489295122],[4.793333498200292,46.506335728579884],[4.793299424792845,46.506366615941744],[4.793273766931682,46.50637971795668],[4.793219120591744,46.50640777556539],[4.793145587423124,46.506428743755826],[4.793067144276134,46.50645113991696],[4.79307506851897,46.506545316957656],[4.793114585667245,46.50664025951001],[4.793117485697225,46.50668083474657],[4.793098165387981,46.50671212115679],[4.79296659359505,46.506701664921444],[4.792916119870839,46.50669002698263],[4.792621956918654,46.506622314517195],[4.792618681212913,46.506669471485324],[4.79262808225314,46.506701478406086],[4.792660403778916,46.506811665353275],[4.792708803581829,46.50681577020196],[4.792706980634915,46.506938831795225],[4.792706491995466,46.50703106917966],[4.792830935046471,46.50704686145032],[4.792972478997924,46.507043200928265],[4.793257916772581,46.50702800657904],[4.793431697010485,46.507008978674115],[4.793434381838014,46.50699542634691],[4.793742481886246,46.50693159881525],[4.793994281298882,46.506905041321815],[4.794018105009312,46.50689962371596],[4.794163506582195,46.50686653897647],[4.794457248710606,46.50682626243365],[4.794659657725379,46.506805162119704],[4.794975116061564,46.50677075808621],[4.7951133105287,46.506748593442275],[4.795101656141316,46.50672346725931],[4.794958385062768,46.50667861081113]]],[[[4.794984944495956,46.50138056284651],[4.794981449250432,46.50145267230907],[4.794987054770308,46.50167045935515],[4.795013074131115,46.50185856365309],[4.795043700422585,46.5020083166154],[4.795103908137921,46.50234341586533],[4.795134930426895,46.502584401689134],[4.795151344220344,46.50272636169326],[4.795163743032875,46.502849380339235],[4.795175946304718,46.503152628547994],[4.795195811650593,46.50326075876386],[4.795213158745738,46.50337955656451],[4.795222252840208,46.50342597903804],[4.795229868206878,46.50345918470238],[4.795300230504357,46.50367082099186],[4.795308876837911,46.50369176118627],[4.795381970023197,46.503823914387425],[4.795405544337521,46.503866416669055],[4.795450034911529,46.50393407979495],[4.795525104375295,46.504035128343865],[4.795615531771466,46.5041549400466],[4.795797721024655,46.50439147997038],[4.79591254220591,46.50454693559649],[4.796091880676549,46.504783970195305],[4.796258416807322,46.5050045430356],[4.796357497055808,46.50513745827212],[4.796434697690742,46.505247659730564],[4.796468762569898,46.505287835344234],[4.796561769467292,46.50527601614804],[4.796665978030855,46.50529536459735],[4.796702447265652,46.50529371070968],[4.796703095469901,46.505277758449076],[4.796738512617703,46.505271887875764],[4.796732502996385,46.50525973303436],[4.796696801367228,46.50519760657033],[4.796653291575104,46.50505292016328],[4.796570300079816,46.504778885672955],[4.796887572545725,46.50472075969849],[4.797042371225226,46.50468806389444],[4.79730983156054,46.50463441242052],[4.797312004266814,46.504542058315],[4.797323042067329,46.504445601849554],[4.79733507642313,46.504367503638214],[4.797361599621324,46.50428575506698],[4.797373928398961,46.5042284579861],[4.797346747253521,46.50414782384607],[4.797325060920469,46.50409142175143],[4.797241547166371,46.50394799485216],[4.797167032825422,46.50381244251366],[4.797106226998939,46.50370495609244],[4.797051950837958,46.50363726724744],[4.796959508570254,46.503563242973335],[4.796895592035255,46.50351173772079],[4.796755475064532,46.50341198247472],[4.796707058948423,46.50337959820536],[4.796536208392914,46.503289242415825],[4.796412487951858,46.50322390539758],[4.796278311420416,46.50315395890707],[4.796193350488097,46.50310899860807],[4.796064995480716,46.50300194237212],[4.795887469705366,46.502843508850056],[4.795850472889253,46.50267863462268],[4.795814264213378,46.502506002134396],[4.79580826289758,46.50245448729573],[4.795802257969398,46.50237910442956],[4.795791076044069,46.50227326974277],[4.795783945084956,46.502191419646906],[4.795769017858792,46.50207483559316],[4.795761701746242,46.50204675914442],[4.795738939477893,46.501993255850806],[4.79569471086181,46.50192558871982],[4.795672755130194,46.501892608306015],[4.795635252834997,46.501843029295514],[4.79556416887789,46.50176785788721],[4.795527111502364,46.50173178209214],[4.795485354988401,46.50169163694332],[4.7953381396266,46.501554342994424],[4.795234067680962,46.5014557312467],[4.795116888344158,46.5013472375683],[4.795092035814535,46.50133321686209],[4.795072492862363,46.501329920974584],[4.7950505412068,46.50133269747383],[4.795033795257615,46.50133512203214],[4.795013123640734,46.501345083885774],[4.794994176453192,46.5013598823465],[4.794984944495956,46.50138056284651]]],[[[4.795233032202209,46.503777075792016],[4.795181779308436,46.50363476215236],[4.795150188551706,46.50347160422842],[4.795088733901066,46.50327297795774],[4.79504910443603,46.50326972721623],[4.794979551237393,46.50342726765441],[4.794964283807674,46.50348253901432],[4.794951953433253,46.503603243843486],[4.794959877699163,46.50370921977772],[4.794970708147932,46.5037727279644],[4.795012414823677,46.50398562488943],[4.795339492278499,46.50395202790949],[4.795319408577194,46.50392045912568],[4.795233032202209,46.503777075792016]]],[[[4.795929897111447,46.508708443310155],[4.795934966009909,46.508668283371875],[4.795916587666927,46.50855787827202],[4.795914864943088,46.508521427729235],[4.795919095781524,46.50849938465089],[4.795932423701641,46.50847629800994],[4.795992599409413,46.50842599551144],[4.795967030859561,46.50836659185599],[4.795949193440588,46.50830823765264],[4.795926183387849,46.50818790773168],[4.795907974575194,46.50789259003577],[4.795901507640828,46.50785071984493],[4.795850115962093,46.50760933372022],[4.795806371213676,46.50742186836895],[4.79583948009749,46.50767849297516],[4.795862760086898,46.50782286687638],[4.795847059631004,46.50797983205636],[4.795823328312371,46.508225640485925],[4.795845149631965,46.50844056064934],[4.795878125246386,46.50857037135563],[4.795922767946076,46.50872170523112],[4.795929897111447,46.508708443310155]]],[[[4.795441460785925,46.49046954250407],[4.795476817076333,46.49055320111566],[4.795513157082508,46.4906429689168],[4.795570031215087,46.490714760744915],[4.795692968946877,46.490860181466175],[4.795733716209966,46.490905566307525],[4.795766898810875,46.4908756827132],[4.795800208202826,46.49082589199672],[4.79586871382128,46.49072817232354],[4.795956179704793,46.49060034206012],[4.796003629626889,46.49052060652386],[4.796050793605809,46.49039656179072],[4.79605813306643,46.49036600333968],[4.796069203348783,46.49028638904026],[4.796073999824422,46.49021425892899],[4.796073078290871,46.49011501799576],[4.796109123773558,46.49005725815713],[4.796171552953779,46.48997701695481],[4.796232219920123,46.48991058387786],[4.796310685458155,46.48981045566984],[4.796335850364474,46.48975493831188],[4.796353669937356,46.48972583636875],[4.796439979087277,46.48963026835464],[4.796525998413765,46.48955361919959],[4.796612483501836,46.489499029426305],[4.796619648545239,46.489486937703035],[4.796616577760175,46.48944123119252],[4.796618002394927,46.48943697558289],[4.796749496035557,46.48941068030032],[4.79682262221174,46.489378096915694],[4.796868052306478,46.48935585640011],[4.796910958130493,46.48932428842781],[4.796950211332613,46.48928872477934],[4.797033790192882,46.489185543384764],[4.797123993647091,46.48905388619831],[4.797221195560772,46.48890905896298],[4.797299401760385,46.488892157365804],[4.797327808235964,46.488879641524136],[4.797374362801564,46.48884801599178],[4.797431316951417,46.48880749026206],[4.797476715260271,46.488760571224645],[4.797699711763571,46.48851162761544],[4.797762321094334,46.488440929887155],[4.797820122747357,46.488370758082],[4.798011518217275,46.488108710492035],[4.798016764732776,46.488074041652666],[4.797949252530914,46.48794855736711],[4.797725441004109,46.487994680081606],[4.797623290548982,46.48801303939125],[4.797528704811039,46.48802353375339],[4.797430902250484,46.48803533958129],[4.797359823658963,46.48804294222476],[4.797260235364869,46.48806387290363],[4.797125292106027,46.488104093619235],[4.797067173153076,46.4881211296467],[4.796780086505488,46.48817427987468],[4.796338978300743,46.4882506558505],[4.795831609289037,46.48834239204681],[4.795588007293556,46.4883895419985],[4.795461323182003,46.48841927310093],[4.795507411588551,46.488706137672494],[4.795530167098401,46.48884673732814],[4.795543966566433,46.48892127736294],[4.795573438753706,46.488988635927726],[4.795536819977056,46.489100265539875],[4.795417821179545,46.489280290118444],[4.795405267813174,46.48929904139409],[4.795235408596268,46.48938790476625],[4.79516746011922,46.489466881109145],[4.795137043508451,46.489608496012025],[4.795150706492215,46.48969078410667],[4.795160145123358,46.489755665269946],[4.795166609469922,46.48980546164955],[4.795206400082515,46.48993273388059],[4.795222239725412,46.48997022377863],[4.795282166861201,46.490043679092125],[4.795308085666962,46.490165494847965],[4.795332986967792,46.49020491398108],[4.795368662252289,46.49025866490114],[4.795413125279198,46.490393159216836],[4.795441460785925,46.49046954250407]]],[[[4.795867555092831,46.50466220897111],[4.79574989186552,46.50449175654732],[4.795496505626773,46.50457274421687],[4.795420706185432,46.50459609129108],[4.795395757703006,46.50460296796234],[4.795378077480191,46.50460873974802],[4.795355357184168,46.50461594169489],[4.795292360704231,46.504631972257705],[4.795294025977873,46.504635008428465],[4.795254458047053,46.504649500210654],[4.795243634197877,46.504653543092424],[4.795263964048243,46.504684657683285],[4.79531868077566,46.50476576058901],[4.795387013149882,46.50486421296784],[4.7953979172421,46.50487052665514],[4.795455238102828,46.50491583153502],[4.79566104075133,46.505112821205294],[4.795681897529434,46.505108440581644],[4.795671451879436,46.505072487284316],[4.795731488812439,46.505061636888584],[4.795816628789621,46.505056516826635],[4.79592027661898,46.50507470386585],[4.796011094232941,46.505083545119426],[4.796047923086668,46.50521158400372],[4.796151831766269,46.505221840738834],[4.796233862042635,46.50516984368383],[4.796115589594215,46.50501264121332],[4.795986925772653,46.50483299473297],[4.795936451341473,46.504761913135155],[4.795916399618989,46.50473133469842],[4.795867555092831,46.50466220897111]]],[[[4.796143371469361,46.49271617014323],[4.79639502916721,46.49266754171793],[4.796402933632801,46.49268975446381],[4.796420161387739,46.492729744305265],[4.796433403907603,46.492747730014344],[4.796449573020043,46.49275954507812],[4.796476987357736,46.492772264235676],[4.796529990759962,46.492785842188226],[4.796837659632418,46.49270751060694],[4.796870604114053,46.492706002002876],[4.796933906760789,46.49269969289066],[4.797003429922535,46.49268427911352],[4.797121828750934,46.492660080826795],[4.79719688518513,46.49263845528716],[4.797287327662262,46.49260884190284],[4.797327961710247,46.49259532323196],[4.79736614546221,46.492574727667375],[4.797474192148385,46.49252925549267],[4.79754299401841,46.492495929104294],[4.797703988623644,46.49243467272658],[4.797763583834921,46.49241085810654],[4.797835999635807,46.492380356890074],[4.797994909162247,46.49229148186993],[4.79804377471795,46.49235754404334],[4.798097753056394,46.492333457321415],[4.798141529222891,46.49231241324738],[4.798202388947793,46.49228740761189],[4.798251094903548,46.4922734914213],[4.798286218420917,46.492258978267394],[4.798392627444733,46.492199480283304],[4.798529070906763,46.49213329492169],[4.798678771028783,46.492073655933005],[4.798886847452345,46.49198886967446],[4.799117845305111,46.49189921884441],[4.799165849968752,46.49196682527223],[4.799371482878631,46.49189891937931],[4.799471238882205,46.49186312303029],[4.799490733388669,46.49185714182963],[4.799520531244886,46.4918551415764],[4.799638683658683,46.49185517293978],[4.799645736214486,46.4918475862219],[4.799687748999878,46.491828460739065],[4.799789934197728,46.491767496748096],[4.799829262774431,46.49174607169258],[4.799858987623347,46.491726058797944],[4.799931130925035,46.4916873642744],[4.799996909427791,46.49166128945161],[4.800051122704736,46.491632514518],[4.800031164376906,46.49159283838392],[4.800010712830872,46.49151056760575],[4.799959454523337,46.49143922987315],[4.799931680581728,46.49138796788375],[4.799905418926874,46.491350912900835],[4.799871403172435,46.491296236509044],[4.799816983182607,46.491212068701515],[4.799795387207959,46.49117412961559],[4.799775222435499,46.49114004093774],[4.799749401545514,46.49106497006801],[4.799733034140531,46.491027398991015],[4.799721494101305,46.490978043000396],[4.799675700004982,46.49094579892055],[4.79965010631676,46.490889458703606],[4.7995849531174,46.49078825668784],[4.799541931881866,46.49069382162785],[4.799504023033577,46.490623894774444],[4.799496338905448,46.49059258183139],[4.799473518378767,46.490568892791224],[4.799433381686347,46.490494677698734],[4.799392536960704,46.49045037648569],[4.799358533034545,46.49041578504258],[4.799328971084803,46.490365631883215],[4.799323185366043,46.490328614729506],[4.799497507681825,46.490268406835796],[4.799697127732041,46.490184472623284],[4.799698623282183,46.490150763447396],[4.799671113031589,46.49000078213933],[4.799845716600874,46.48995308878694],[4.799961239988471,46.48992100668061],[4.800072889197224,46.48989402930377],[4.800154784008372,46.489878238567485],[4.800278523456185,46.48986593189162],[4.800352662872131,46.48984828164885],[4.800417561816994,46.489819338197655],[4.800454557981684,46.489802362990794],[4.800537643664443,46.48976340559975],[4.800669474167455,46.48973944226887],[4.800842968876712,46.4896977093577],[4.800900322134472,46.48968905986335],[4.801003527216007,46.489678877285726],[4.800997560038226,46.4896442949062],[4.800983952085281,46.48959947502886],[4.80089085837262,46.489374869665426],[4.800679756945615,46.48886219259015],[4.800672867681784,46.48884311651418],[4.800964107835907,46.488820964729825],[4.801112279760819,46.48881016358779],[4.801431819534266,46.48878414206998],[4.801128164563864,46.488138271811714],[4.801162110177648,46.48813557525731],[4.801244278577638,46.4881281557578],[4.801330484310626,46.48812058250428],[4.801430144075683,46.48811369783261],[4.801501743000721,46.48810212143152],[4.801716382491038,46.4880665838179],[4.801847105440081,46.488056597142936],[4.801975302184559,46.488029356968866],[4.802223303986973,46.48797744035034],[4.802490004786842,46.4879428817633],[4.802573051709545,46.487930493672145],[4.802578768493381,46.48792986310447],[4.802522743814471,46.48783662489926],[4.803000758191254,46.487658135343196],[4.803300477365203,46.487545594941096],[4.803469459996159,46.487482042387605],[4.803605298395012,46.487429640686],[4.803662137371665,46.48740946908351],[4.803845078596911,46.48735794503189],[4.804114012902868,46.487280654783454],[4.80460892220365,46.4871046837851],[4.80460664694494,46.48705563226569],[4.804613659440085,46.48703111293114],[4.804653975359955,46.486964816312124],[4.804673859216303,46.4869312670151],[4.804723081155883,46.486799169662305],[4.804750540914577,46.48669903002131],[4.804807841427395,46.486574641039404],[4.804879171084862,46.48645651543678],[4.805003673916531,46.48625873994637],[4.805067510815359,46.48615064009335],[4.805177682767223,46.48594147183838],[4.805238831735047,46.48581522044047],[4.805234917933527,46.48579546713414],[4.805205875187018,46.485749270234194],[4.805150613129489,46.48565944381472],[4.805098628252832,46.485589831078784],[4.805031150932292,46.48551307735076],[4.804997411565439,46.48547073745939],[4.804951242655664,46.48540742769267],[4.804898570887868,46.48533674489317],[4.804883762019197,46.48532662084149],[4.804860683774757,46.485318789020745],[4.804831911440835,46.485320144052395],[4.804150109433153,46.485514198108405],[4.802879035389199,46.485881469512385],[4.802565429943531,46.48597603410015],[4.802411893339946,46.4860294342626],[4.802377731272336,46.48604132162718],[4.802313146123656,46.48607170244691],[4.802084312756487,46.486174656325275],[4.802009405676204,46.486212315131844],[4.801927560569341,46.48626494459321],[4.801829793577391,46.486332956523356],[4.80179073684136,46.48635852123236],[4.801664573405849,46.48645508206514],[4.801607799798927,46.486496958191566],[4.801558682297591,46.48653375983911],[4.801484213454756,46.48657681549601],[4.801390360157016,46.48663701944308],[4.801327477982645,46.48667556908822],[4.801157995865957,46.48677137091968],[4.801091498327663,46.486799169167426],[4.801050198540985,46.486823958338526],[4.801020692863729,46.48684261712551],[4.800971313509191,46.486875459614645],[4.80080786886038,46.48698827880869],[4.800661529299818,46.48707416798119],[4.800608302017684,46.48710896236577],[4.800545860269807,46.48714903578855],[4.800445290153744,46.48721123617126],[4.800322222595387,46.487271358965415],[4.800226377003146,46.4873107874484],[4.799981800115155,46.48738741468198],[4.799948833422414,46.48740000302033],[4.799799391724184,46.48744333746186],[4.799703725111301,46.487472404791326],[4.799611859587213,46.487509968706206],[4.799457900262331,46.48755472484789],[4.799386278968441,46.48757746882779],[4.799284628507397,46.48760699027386],[4.799083655414642,46.487665455838176],[4.798959270384833,46.48769362352422],[4.798871494430026,46.48772869061329],[4.798797804834487,46.487748044162835],[4.798704391086869,46.487774283058904],[4.798616515282405,46.487786564179174],[4.798440501427637,46.487830855349316],[4.798318933123792,46.48786537287307],[4.798056340289283,46.48792570673725],[4.798000706777553,46.48793901134013],[4.798063625046714,46.488067540124774],[4.798072130729295,46.48808821215007],[4.798047155876739,46.48811382420894],[4.798039756833777,46.48811880430056],[4.797838161345934,46.48840370963664],[4.797779106540381,46.48847146931065],[4.797714826592268,46.488542913870475],[4.797651360883421,46.488611373324645],[4.797492380811732,46.48878878651781],[4.797451576631266,46.48883266105713],[4.797464164363101,46.488858492904214],[4.797370890276072,46.48888508874356],[4.797329429737594,46.48890114239518],[4.797288093793397,46.48892097694854],[4.79721500729739,46.48901408604226],[4.797105136106911,46.489162264852105],[4.796992639010696,46.48929409236403],[4.796847825150725,46.48939103086538],[4.796730862483652,46.48944673037786],[4.796698516691059,46.48947822235997],[4.796576572058006,46.48955291439288],[4.796427803415441,46.48968026756185],[4.796369379971495,46.48976332815743],[4.796346753336798,46.489808808036045],[4.796262917763521,46.48992009907607],[4.796170716359767,46.49002683794699],[4.796142001975753,46.49006962131815],[4.796109970184404,46.49012254447273],[4.796099723538106,46.49020340679598],[4.796088796560689,46.49031508321025],[4.796074796707411,46.49039681511711],[4.795988328918559,46.490594522900736],[4.795970959063677,46.49062145606715],[4.795834425102932,46.49081553697849],[4.795753410054906,46.490929395257524],[4.795692644049138,46.49101267239072],[4.795582619720641,46.491168327643024],[4.795525635948602,46.49124767232236],[4.795353636785359,46.49142618741667],[4.795325702846907,46.491457069265344],[4.795243361274474,46.491550502448675],[4.795030869163934,46.49179441212412],[4.795017539433386,46.49184902274501],[4.794885240837547,46.49202141946349],[4.794791466250352,46.49214394375312],[4.794723063499466,46.492233014521176],[4.794695339281713,46.492286139793144],[4.794628829372908,46.492412919423224],[4.794607094771106,46.49244991846695],[4.794505151569681,46.492569958750416],[4.79433272423473,46.49274361518216],[4.794238114768264,46.49283291684978],[4.793997248560164,46.49301935581679],[4.793938305572788,46.4930670263079],[4.793848745892831,46.49314336861053],[4.793788383574578,46.49319943764653],[4.793908338198548,46.493460284578475],[4.793908080467854,46.49346037869135],[4.793920569660659,46.49351098123532],[4.793948214635257,46.493558463749125],[4.793948493099306,46.49355899978907],[4.794559240690411,46.49484738829253],[4.794777858707498,46.49463860037848],[4.79507883638374,46.49434871820643],[4.795420845823194,46.49401784011682],[4.795684571091418,46.49376916212998],[4.796051130897453,46.49341573953437],[4.796028057754791,46.49335665691697],[4.796000008049248,46.493304857954044],[4.796015847589226,46.49329082863091],[4.795925258710609,46.4931418376741],[4.79592110545491,46.493043458179706],[4.795907377381225,46.49293153871512],[4.795902458334815,46.49288117769916],[4.795960630045426,46.49286161961899],[4.795898565128978,46.49275901606031],[4.795930540681773,46.49274788563266],[4.796002582369515,46.49273765686828],[4.796143371469361,46.49271617014323]]],[[[4.796449822700788,46.500719240926685],[4.796429206180582,46.500912941471746],[4.796401376048877,46.50113314535326],[4.796395888049075,46.50118826329906],[4.796392083219881,46.50125092053224],[4.796399030444698,46.501311337253846],[4.796400377001016,46.50134824408771],[4.796410104940938,46.50152471511649],[4.796583344911197,46.501501727596505],[4.79680930494904,46.501526998489375],[4.796928895208601,46.50160167699126],[4.797015215424772,46.501668141682735],[4.797072293091047,46.50169030201857],[4.79706226463253,46.50170658187031],[4.797011820968961,46.50168782992139],[4.796938991466992,46.50163889664494],[4.796810535891938,46.50155643147131],[4.796774924985547,46.50154843463887],[4.796682655034021,46.50153097034589],[4.796616266228595,46.50152705986148],[4.796559331974002,46.50152507234268],[4.796457531885084,46.501539011313604],[4.796264301614395,46.50156888769641],[4.796125723714385,46.50159087985162],[4.795966983633096,46.50161850258484],[4.795849515837245,46.50163989258535],[4.795566081100305,46.50169126984812],[4.795653395777864,46.50177609384687],[4.795702512800594,46.50183773971053],[4.795795713297317,46.50196264159988],[4.795818532838394,46.502049559302876],[4.795825778144949,46.50208736423111],[4.79584101743038,46.50223321555683],[4.795859635401128,46.50241035755596],[4.795874494361062,46.502512982090764],[4.795895106316174,46.502580389643484],[4.795949532245477,46.50278335915321],[4.79596524860805,46.502816977935986],[4.796067306917863,46.502921655261325],[4.796110264815478,46.50296259195185],[4.79618085534064,46.50301084038964],[4.796263200259068,46.50306746059884],[4.796327826108434,46.50310094139838],[4.796428049556591,46.503153858003444],[4.796507197527228,46.50320053069851],[4.79659077243103,46.50325091664421],[4.796719172150286,46.503327618608196],[4.796820635184033,46.5033864599046],[4.7968813805162,46.50342486507067],[4.796904942628614,46.503439265958704],[4.796881153039296,46.50325175746211],[4.796851864551716,46.503004259849455],[4.797032414055324,46.50300898794294],[4.797095115786002,46.503011785279746],[4.797183334225655,46.50301310067397],[4.797420772595071,46.503026301016845],[4.797606581747044,46.50303625954769],[4.797616056228938,46.50297153162954],[4.797630960918382,46.50289347829476],[4.797644780815431,46.50281021805206],[4.797655205647668,46.502734757058896],[4.797663955192045,46.50268760384535],[4.797669600863427,46.502661035002156],[4.797687283944083,46.502524843923275],[4.797699261695027,46.50245692423975],[4.797717097027002,46.50234117625742],[4.797737743704895,46.502219709761135],[4.797749830410117,46.502143231865574],[4.797772632534477,46.50200011507289],[4.797783214626344,46.5019333882046],[4.797784191155375,46.50186807333235],[4.797788340996462,46.501804059585346],[4.797797442526935,46.50175176692194],[4.797820384916228,46.501628733131966],[4.79782997196723,46.50157138900365],[4.797838404553058,46.50153045545937],[4.797850191765038,46.50140930836828],[4.797854462814721,46.50129755650182],[4.797851183677827,46.50121789761167],[4.797848099709562,46.50113229114281],[4.797851842842722,46.50110341042122],[4.797878619251142,46.50103336654658],[4.797896775324311,46.500986695849946],[4.797940415268156,46.500905938841406],[4.797963993618284,46.50086548764286],[4.798021847850801,46.500768835171634],[4.798055156343945,46.50069121284568],[4.79809186281602,46.500609844264595],[4.798113967500343,46.50055635629873],[4.798146723469103,46.500461989919636],[4.798189304729704,46.500337296100746],[4.798225846309676,46.50023512427276],[4.798258819604095,46.5001196784408],[4.798279540496203,46.50002820335882],[4.798295609583175,46.49993409939062],[4.798309400990775,46.499850028830956],[4.798322556275837,46.49977830763715],[4.798341471460128,46.499711179392015],[4.798367912485844,46.49965077795448],[4.798429026699024,46.49955416401403],[4.798509248074629,46.4994278871705],[4.798538286261774,46.499394825609045],[4.798605787378346,46.49933368808566],[4.7986754830359,46.49926395949839],[4.798687399664075,46.49923377924915],[4.798688406264176,46.49922475657589],[4.798721835134702,46.49922990493924],[4.798733235519859,46.49922756393155],[4.79886357716369,46.49914985570231],[4.798880758874442,46.49912508675662],[4.798926852580693,46.49905158622841],[4.798957671724817,46.49899345751947],[4.798976940699645,46.4989528937474],[4.79905379504776,46.49883531602201],[4.799105430617386,46.498751910747956],[4.799125425456851,46.49871358723287],[4.799198473207361,46.49857553370762],[4.799245269487121,46.498483828158584],[4.799259093464874,46.49845217672568],[4.799267544207136,46.49839998419521],[4.799230204341208,46.49838697153104],[4.799053431466048,46.498369758273554],[4.798836920050984,46.49834983749223],[4.798636111115031,46.49833147062686],[4.798580619997576,46.49832964159677],[4.798442923354483,46.49832667391343],[4.798268801379836,46.498334456753796],[4.797914954602528,46.49834623681066],[4.797382426139975,46.49836992202681],[4.797244865967899,46.4983710938982],[4.79696858999333,46.49837003271212],[4.796889412521979,46.498373709062406],[4.796700108451621,46.49836011173472],[4.796630974124668,46.498355884192456],[4.796510469762695,46.498348230651445],[4.796475545730885,46.49834913972495],[4.796426131370351,46.49835360901064],[4.796309466739272,46.49834769628884],[4.796177840505076,46.49833895619387],[4.796119004644807,46.49833852954539],[4.795983121506525,46.49834309614771],[4.795904373630805,46.49834793595464],[4.795902626812955,46.49828698715273],[4.795899630967241,46.49826730925537],[4.79586445800861,46.49826461932108],[4.795808176010786,46.49826253116676],[4.795784643544852,46.49826479225013],[4.795763893064329,46.49826836065443],[4.795741264307788,46.49827430033392],[4.795654704834231,46.498315199922345],[4.795573963619202,46.49834267795327],[4.795483409990023,46.49837319221823],[4.795266581209115,46.49842676540367],[4.795311634996366,46.49859880887316],[4.795320363831779,46.498638121706804],[4.795349873834055,46.49871835946841],[4.79541995947484,46.49886235882957],[4.795510274340816,46.49884833087709],[4.795534298240077,46.49894810950521],[4.795558117839527,46.49904960263408],[4.795454621174637,46.49904753527829],[4.795422159433792,46.49894104396015],[4.795249291369765,46.498955287387936],[4.795250224495882,46.49894797720443],[4.795241483666411,46.49890037827418],[4.795207788812754,46.498902978949985],[4.79516105475555,46.49888587927278],[4.795159271036323,46.49887527922454],[4.795136150105172,46.49887816418552],[4.795127720736726,46.49884794353463],[4.795091813468602,46.49869620188898],[4.795052644422465,46.4985404583734],[4.795016662609707,46.49854489627053],[4.79500382826582,46.4985472594223],[4.794995538220607,46.49851334377498],[4.79498443345325,46.49846524153259],[4.79478772019486,46.49848805488643],[4.794463703032638,46.4985185404723],[4.794265416177735,46.49853714441239],[4.794213142469206,46.49854192781702],[4.794050698085512,46.49855978872448],[4.794040213073533,46.49857013097454],[4.79408628241688,46.498705771353364],[4.794126690298449,46.498827900255144],[4.794157730311776,46.498930901552455],[4.794188583786896,46.49903615747508],[4.794217787153529,46.499134864304],[4.7942385142931,46.499201910061146],[4.794249177119745,46.499232636126],[4.794280611635728,46.49934761027564],[4.79431218552748,46.49944700042237],[4.794333896537076,46.499520155361544],[4.794362027909802,46.49961797829604],[4.794393181393779,46.4997164743365],[4.794419345682753,46.499806041852445],[4.794439178561835,46.4998696790161],[4.794474435794768,46.499977928061966],[4.794541069533451,46.50021520273102],[4.794938893401245,46.500164103609755],[4.795340734108202,46.50011618247132],[4.795427875035661,46.50024730443591],[4.795462582102242,46.50029521610845],[4.795614950375088,46.50058509465536],[4.795615341464702,46.50058508851299],[4.796002892439884,46.500546756621645],[4.796302994782617,46.50055807401791],[4.796320260525211,46.50067831410035],[4.796449822700788,46.500719240926685]]],[[[4.796933625974325,46.51400056925571],[4.796922622029406,46.514054602881856],[4.796935982867647,46.5140799722753],[4.796952918786157,46.51412672169511],[4.796989751817062,46.51423089209816],[4.796977370348545,46.51423522978992],[4.797001613866804,46.51427015552147],[4.797019461681443,46.5142970756231],[4.797037477721662,46.51436866684962],[4.797057696107444,46.51444769911582],[4.797030899965922,46.514454064690796],[4.797031665730087,46.51447729022334],[4.797040103536235,46.514547230599774],[4.797049884679834,46.51457481786642],[4.797076731000212,46.51462141153284],[4.797098043896075,46.51465845486439],[4.797115709291858,46.51470753456709],[4.797137894298547,46.51475915521602],[4.797154145548098,46.514796998625904],[4.79718513275776,46.51485442543165],[4.797239733225046,46.51495534428634],[4.797286995562824,46.51504737163589],[4.797300321409952,46.51507562371745],[4.797306021515287,46.51514957009588],[4.797306079232544,46.5151750584557],[4.797292491289551,46.51528524513264],[4.797266025133086,46.515317455107926],[4.797271514388552,46.51532961809753],[4.797263657022157,46.515368290720446],[4.797259719429262,46.51538735696732],[4.797260886915871,46.515438587354424],[4.797256152513043,46.51546514177363],[4.79726475715695,46.51548869444806],[4.797275741858201,46.515517163461084],[4.797299577566669,46.51555948112492],[4.797317449479586,46.51558315835353],[4.797341155515055,46.51563736703296],[4.797309908974501,46.515671003166055],[4.797301778694384,46.515705356810635],[4.797316290398622,46.51573791352012],[4.797335125419203,46.51575914377186],[4.797363961438719,46.51581065984729],[4.797405725798156,46.51587836511099],[4.797425059661595,46.51591471894458],[4.79747024014044,46.515963366130975],[4.797480860101286,46.51598472548024],[4.797519931494006,46.51601428416861],[4.797533393093905,46.51602686224539],[4.797546315995193,46.516050797365224],[4.797530867844976,46.51607292672264],[4.797523509729436,46.516083220069696],[4.797523082280662,46.51612168585498],[4.797530732304386,46.51613606657153],[4.797545105661933,46.51618024420922],[4.797575602396929,46.51624254229931],[4.797614228825043,46.51631002661],[4.797639076418486,46.51636322653786],[4.797677293007856,46.5164143248817],[4.797690236849102,46.51643889013345],[4.797711489262603,46.51648593186328],[4.797757146580317,46.516564834319105],[4.7977914090425,46.5166028448469],[4.797842124220745,46.51666104217187],[4.797888451962107,46.51674443744227],[4.79791656766014,46.51677804116389],[4.79793578392509,46.51681872003201],[4.797957273211935,46.51685711145989],[4.797990364260091,46.5169228813136],[4.798034506079979,46.51693209480376],[4.798088236966169,46.51696304405366],[4.798134063022708,46.516983759738885],[4.798190834286572,46.517007996100446],[4.7982339216823,46.51702479181275],[4.798285354862022,46.517041456277454],[4.798346239136506,46.51705590053671],[4.798461025152793,46.51708273713214],[4.798540577884362,46.517097518186546],[4.7987428526953,46.51712658129378],[4.798864970654904,46.51714627685846],[4.798899006426094,46.51715366748336],[4.799016167600511,46.51718920277332],[4.799056258754059,46.51720217238649],[4.799123677197539,46.51723668870149],[4.799172212976518,46.517260423666535],[4.799205144657257,46.5172817921266],[4.79923305530762,46.5172972950769],[4.799262118075507,46.51730422342524],[4.799264039542527,46.51731500136688],[4.799271017735862,46.517332725063305],[4.799357119036248,46.517391716035235],[4.799377588251726,46.517411028824114],[4.799470712653292,46.517489093718766],[4.799538648909146,46.5175392734993],[4.799619903917405,46.51758582107175],[4.799711517447047,46.517633916874225],[4.799815913295239,46.517677938515135],[4.799823992794966,46.517681594223745],[4.799969287625082,46.517747218890555],[4.800022812705921,46.51777582872549],[4.800118843662332,46.51783124026853],[4.800225550180075,46.517913594191384],[4.800248251643922,46.51793332203319],[4.800313879321063,46.5180004705148],[4.800372719276757,46.518059619684806],[4.800432289598905,46.51812902509309],[4.800508441177793,46.51821456182386],[4.800571657243506,46.518283729630234],[4.800642128590072,46.518351342082305],[4.800680208666658,46.51839028242474],[4.800745690440326,46.51834241597902],[4.800868046418381,46.518242855511225],[4.800988785977037,46.51816151412082],[4.801147801207199,46.51805002744722],[4.801251549661423,46.517975708467574],[4.801306636757293,46.51792917628349],[4.801323689386308,46.51790035609334],[4.801283011990833,46.51785389114471],[4.801197326293359,46.51775229280665],[4.801165878068162,46.51772846970188],[4.801095449515868,46.51767004384388],[4.80104167111163,46.51763378270072],[4.801012993735382,46.517606943670785],[4.800962790926447,46.517556485485535],[4.800932242877289,46.517524361874756],[4.800860497325872,46.517378680591875],[4.800812534485288,46.517245954861224],[4.800758497275672,46.517071533140886],[4.800720513456718,46.51693675881142],[4.800675076103604,46.516801471350725],[4.800643894429215,46.5167185592121],[4.800607085908545,46.51661934325671],[4.800557282716148,46.51650195798222],[4.800538615745697,46.516434520636004],[4.800525049065556,46.516391141250125],[4.800499989832963,46.516300026547604],[4.80048521942354,46.51625180242853],[4.800447337224377,46.516139813650085],[4.800413821718124,46.51603757354155],[4.800375679655621,46.51587821298451],[4.800341227860198,46.515775267049506],[4.800312584335837,46.51569411622851],[4.800286468155414,46.51560653077566],[4.800259437966363,46.51550707070914],[4.800221750881498,46.51540885921277],[4.800171916490964,46.51528652051882],[4.800140996394088,46.51519567813171],[4.800122299375771,46.51514310243584],[4.800065038736755,46.515021060729715],[4.800014075179097,46.5149198156919],[4.799969767511025,46.514842333931995],[4.799916426087208,46.51475598752555],[4.79988966389184,46.5147159681388],[4.799866360829988,46.51468192886971],[4.799771740071344,46.5145347155327],[4.799735877700099,46.51447196201959],[4.7996707510685,46.51435661889521],[4.799624386961632,46.51427214405542],[4.799569081025175,46.514177632209005],[4.799485984654565,46.51403564138473],[4.799442509127248,46.51396751342555],[4.799401144174084,46.513904035784876],[4.799358044446096,46.5138275255437],[4.799286368491197,46.513695532586816],[4.799269630535092,46.513662740929036],[4.799194898775137,46.51352115870513],[4.79914070810667,46.51342086475403],[4.799104767315479,46.51335964344628],[4.799056787767081,46.513285461573794],[4.798936209819441,46.51311848067732],[4.798905160029518,46.51306708986602],[4.798862893507359,46.51294463158189],[4.798807670158413,46.51277743308577],[4.798727987484845,46.51250947275723],[4.798702191234545,46.5124433181479],[4.798687450835663,46.51240382994526],[4.798641855826259,46.51229907729519],[4.798545591126325,46.51206623403619],[4.798516775842378,46.51200345939235],[4.798498998410717,46.511966811045376],[4.798491230512979,46.511956755514],[4.798454699476573,46.511905270657714],[4.798361779138902,46.51179351633145],[4.798242134958548,46.51167839932073],[4.798149730614976,46.51160203350286],[4.797882596803574,46.51140556195824],[4.797845748356517,46.51138002153634],[4.797811884042105,46.51135398384612],[4.797670693959458,46.51126586517565],[4.797561440244928,46.511220477021986],[4.797418697430611,46.51117228264768],[4.797166581118694,46.51109482365636],[4.797086104025436,46.51107942582437],[4.797066308755885,46.5110804574623],[4.796832892992118,46.511146812871935],[4.796760639010335,46.51119091069993],[4.796644148241851,46.511250474695785],[4.796399459014671,46.51140626382754],[4.796155176962189,46.511637793291854],[4.795916081865002,46.51187239311423],[4.795850244149526,46.511992497105304],[4.795843416354228,46.512094111071896],[4.79587402966174,46.51213235958251],[4.795986935852881,46.51221335894798],[4.796183170890142,46.51236852642593],[4.796226902836352,46.512464392504526],[4.796326722982288,46.51268664373676],[4.796357157483369,46.51275903074118],[4.79636986547718,46.51277648446044],[4.796493581235524,46.51292414407006],[4.796543246150673,46.51299812034883],[4.79656675989322,46.51303467885775],[4.796582662896144,46.51305802685371],[4.796657060651874,46.513185745440175],[4.796730688087447,46.51330987336024],[4.796807825354004,46.51344943779975],[4.796846288781295,46.51351602423675],[4.796889350928265,46.51375375784716],[4.796933625974325,46.51400056925571]]],[[[4.797116014510442,46.51104491000226],[4.797161126679218,46.51105996294109],[4.797231380268701,46.511077863173895],[4.797365451286839,46.5111162865841],[4.79753640851266,46.51116953166602],[4.797601615329592,46.51118075589658],[4.797695946310611,46.51119296332639],[4.797769369875864,46.511192259358936],[4.797888238587561,46.51117318747918],[4.797935567736136,46.51114470233933],[4.798105564027219,46.51105015983051],[4.79830530307331,46.51091605973144],[4.79833912018183,46.51086554007108],[4.798387427161818,46.51072436406664],[4.798406313691549,46.51066020869575],[4.798396762741884,46.5106198282247],[4.798363046285696,46.51046778298712],[4.798317012881054,46.51025477514622],[4.798291740903407,46.51020446419848],[4.798282804889926,46.510182718160756],[4.798315720339841,46.50996648720955],[4.798324673056457,46.50989384152038],[4.79831356011077,46.50980610973709],[4.798286811949713,46.50974663504771],[4.798214012068056,46.5096159200808],[4.798195032459592,46.50957838991026],[4.798157775165659,46.509496923680636],[4.798138686214342,46.50942048576178],[4.798039862997777,46.50932341507425],[4.79798697084005,46.50927020584815],[4.797434403629259,46.509429216866806],[4.79739396308332,46.509365904146655],[4.797348757123859,46.509292578682405],[4.797301100708192,46.509220102331156],[4.79712302674014,46.509235690842814],[4.797060241691941,46.50925036794559],[4.796777204915123,46.50931894430349],[4.796640303027773,46.509352799407324],[4.796539469763014,46.50938068357572],[4.796643210485403,46.50963890024459],[4.796708066588238,46.509805768230216],[4.796729725059908,46.50986523316703],[4.796776742148931,46.510088493870384],[4.796775696838042,46.510234871031784],[4.796751177181397,46.510341896990745],[4.796762528970407,46.5105873344395],[4.796781245649409,46.510656482879114],[4.79681938119705,46.51072505597698],[4.796911781888467,46.51085681479118],[4.796962782012173,46.5109317606615],[4.797008639764896,46.51098526103743],[4.797047052209926,46.511010777141756],[4.797068552008778,46.51102187791817],[4.797116014510442,46.51104491000226]]],[[[4.797313482378617,46.50394596339486],[4.797397401145636,46.50407001920264],[4.797417862606191,46.50410509436388],[4.797467028937662,46.50417997876791],[4.797547781499142,46.50426337339519],[4.79764471923661,46.50436290592164],[4.797667734485966,46.5043883936535],[4.797696601913738,46.504417302030085],[4.797743651507153,46.50446357789658],[4.797830656601392,46.504542730883024],[4.797858833479017,46.50456651618791],[4.797884378914659,46.50458565931468],[4.797907527186314,46.504603308970154],[4.797963287279291,46.50463287522003],[4.798157965912925,46.50470592138854],[4.798392066461326,46.504795640285955],[4.798468603573436,46.50482235758366],[4.798703850799072,46.50489935819322],[4.798859903492087,46.50495211499169],[4.798960940421854,46.50498997525071],[4.799100764540176,46.50503713262449],[4.79920568626847,46.505074120929976],[4.799301108673236,46.50511179903949],[4.799531628890572,46.50521544251461],[4.799643660593129,46.505262316106084],[4.799688635721155,46.50528124309235],[4.799955263450461,46.505395936205396],[4.800280954264955,46.5055295137969],[4.80045851845211,46.505601564648856],[4.800571980837247,46.505656160699296],[4.800815192266384,46.50577266170041],[4.800986736340395,46.50586381098376],[4.801143496459739,46.50594177272359],[4.801287826180622,46.50601461605036],[4.801324585325067,46.506029618767705],[4.801329086016313,46.50602765642817],[4.801397035980382,46.50598389352285],[4.801384172239848,46.50595383322881],[4.801417688654196,46.505937813430016],[4.801334579493777,46.50586625750506],[4.801240715278876,46.5057771274915],[4.801165392917308,46.50570040495303],[4.801100164178957,46.505609382642376],[4.801010290915537,46.50548704443731],[4.800945746311262,46.5053890760059],[4.800903555806097,46.50532020779316],[4.800813064906415,46.50517914495761],[4.800770231783362,46.50511055702457],[4.80075570691624,46.50508547658408],[4.800387637748425,46.50514189127219],[4.80034958739621,46.505071966922905],[4.800363688131838,46.5050684123655],[4.800308139645687,46.50495841292167],[4.800277619416113,46.50492295621742],[4.800221433044836,46.504856830048105],[4.800171188771795,46.50480078801764],[4.800119538507763,46.5048127696804],[4.800043538813087,46.50469174348927],[4.800072682461288,46.50468552029518],[4.800008457776751,46.50456160665109],[4.799828286528728,46.504600110007736],[4.79981386641854,46.50455052922475],[4.799849507837712,46.50454357332444],[4.799844755534547,46.50451815880119],[4.799934671831423,46.504495757418],[4.799883506639913,46.50435254363573],[4.799811868600068,46.50436754186194],[4.799800910769056,46.50433195723237],[4.799778102010752,46.50433645941237],[4.799759616678024,46.504167692164465],[4.799751798138843,46.504116566364075],[4.799718364626002,46.504036301354894],[4.799713325940214,46.50399035575718],[4.799711220200325,46.50397003346315],[4.799693155077402,46.503972029116284],[4.799650226876502,46.503876782061376],[4.799687766973846,46.50386808502057],[4.799685020006714,46.5037453651398],[4.799685790962764,46.50372130476302],[4.799661795516848,46.5036779993251],[4.799630970974578,46.503609582242994],[4.799573350168875,46.5034564723539],[4.799547353279364,46.50339599534563],[4.799537711018381,46.50335678725157],[4.799533089333612,46.50333137065828],[4.799555811896682,46.50332822090158],[4.799532022990874,46.5031805229993],[4.799519246803094,46.50318072408682],[4.799510354824436,46.50311682545996],[4.799504868394591,46.503033598609974],[4.79950068939723,46.502958367262195],[4.799494621609113,46.50280615721983],[4.799497978712836,46.50271423468486],[4.799501169400608,46.50261727094081],[4.799506641322038,46.502518289786586],[4.799284985451565,46.502508988570234],[4.799282818399064,46.50243147384221],[4.799298114264136,46.50234954114875],[4.799308510708704,46.50228119580661],[4.799306258617156,46.50218134546704],[4.79930156564422,46.50205496338036],[4.79931235385722,46.50199453788167],[4.799331591801966,46.50186606787228],[4.799342748215686,46.501623158110874],[4.799333841762,46.50162203732434],[4.799351951482063,46.50156609007478],[4.799361455559197,46.50152604022028],[4.799371212177325,46.50149364219936],[4.799376221401457,46.501483385638956],[4.799435504455913,46.50138265687037],[4.799475196967764,46.50131276958151],[4.799502992432633,46.5012618037495],[4.799505136500463,46.50122006835478],[4.799498289790225,46.501131188584665],[4.799465987903488,46.50102586668113],[4.799427303121081,46.50087732234952],[4.799426557326538,46.50085472692983],[4.79943413509192,46.50078003106171],[4.799416402292755,46.50071302909494],[4.799428320664248,46.50063943579703],[4.799437991290351,46.50060839014129],[4.799460190829659,46.50053805761745],[4.79948385958135,46.500464819774955],[4.799508448010157,46.50046686460448],[4.799517581805852,46.50039980004276],[4.799482552512616,46.50039755927847],[4.79949042155724,46.500240806530385],[4.799509291395956,46.500239518769455],[4.799514606468604,46.500206920428795],[4.799540633626443,46.50007474073006],[4.799505642790145,46.50006970725113],[4.799527176498858,46.500010823866646],[4.799554721178781,46.499916719195234],[4.799562034653559,46.499869588385266],[4.799581030776618,46.49979705453592],[4.799590370559499,46.49974809045941],[4.799592382324001,46.49971815609064],[4.79960388009838,46.4996199807073],[4.799609028262364,46.49957837814607],[4.799623965476774,46.49947771677065],[4.799644949223111,46.499433793361405],[4.79969636998549,46.4992490642677],[4.799735262193672,46.499253766059574],[4.800033623059007,46.49955620203748],[4.800131528514868,46.49965355559743],[4.800245388956498,46.49977984000301],[4.800372374807932,46.49990465665024],[4.800467013590892,46.49987146220009],[4.800492021251251,46.499862511867555],[4.80064547334719,46.499801370498616],[4.800763859873714,46.499756633283724],[4.800454977153629,46.4993845618288],[4.800291850577865,46.499184296661134],[4.800100749783565,46.49897024093638],[4.8000636929494,46.49897766960744],[4.800067224254868,46.49886340726991],[4.8000531828742,46.498852910213756],[4.799910923948225,46.49875130114154],[4.799729570908262,46.49863094263278],[4.799581542133526,46.4985323061853],[4.799529405123536,46.49850565600566],[4.799329294426015,46.498421529428505],[4.799259151105598,46.49856458116854],[4.799244589152633,46.49859363223149],[4.799128478967522,46.498802166467726],[4.798981213136874,46.49905865685783],[4.798927076827637,46.49914534387488],[4.798915446796149,46.49916444123277],[4.798821750837621,46.49923806026945],[4.798743344774036,46.49926910653043],[4.798712018092397,46.499284190480516],[4.798595008443696,46.49940230961562],[4.798584278572077,46.49941706949362],[4.798552773391914,46.499462329105334],[4.798486382712142,46.49955713468838],[4.798466759468486,46.499583022796095],[4.798421314727909,46.499672274868026],[4.798395240779714,46.4997279869901],[4.798375542299447,46.49981881554143],[4.798345662453921,46.499972671942935],[4.798330187071278,46.50004127723924],[4.798314613658986,46.5001069118188],[4.798280002489055,46.500228057736834],[4.798246917297488,46.50031243175676],[4.798232886128292,46.50036155955643],[4.798209091601609,46.500438942237096],[4.798187495078984,46.500511786923305],[4.798164313357013,46.50058402605749],[4.798135920746105,46.50062482322647],[4.798129860669845,46.50065067807982],[4.798081738929857,46.50073790050961],[4.797987767583752,46.500914020862766],[4.797951077767068,46.500984040530604],[4.797922185959936,46.50105321700791],[4.797910568020238,46.50113202934799],[4.797906780121551,46.50115559674528],[4.797904905861967,46.50117391008691],[4.797908735092565,46.50128211198168],[4.797902542206247,46.50136327084871],[4.797893014030276,46.50145799240936],[4.79788495608533,46.5015181946855],[4.797874811544241,46.50165750974509],[4.797885119861785,46.50166554385963],[4.797877221931111,46.50172664429926],[4.797855035365886,46.50185281860521],[4.797837150018089,46.50196703625117],[4.797819121841224,46.50207296985355],[4.797795280095493,46.50222015607583],[4.797775448910932,46.50235052652246],[4.797750753676863,46.5024520615223],[4.797737147520836,46.5025378403381],[4.797733982103121,46.50256842325999],[4.797729360134779,46.50261812356078],[4.79772379317629,46.502670810972944],[4.797715431324909,46.5027099420188],[4.797703794178243,46.50277632518425],[4.797682296972347,46.5028996964653],[4.797659787136643,46.50303587335528],[4.797644493336001,46.503098170861385],[4.797626517903547,46.503158258819695],[4.797611003161308,46.5031940797199],[4.797579299794944,46.50324528660933],[4.797566411739246,46.50325791865876],[4.797490341291166,46.503312525103226],[4.797415861841153,46.50336791709695],[4.797268547709308,46.503492995928994],[4.79723663227619,46.503521959186365],[4.79722676315159,46.50353121121409],[4.797212714122521,46.503556110753294],[4.797192019584128,46.50358913082442],[4.797192889135728,46.503615507155715],[4.797198921776434,46.50367188512755],[4.797212287407842,46.50372121257708],[4.797225193691386,46.50376847567559],[4.79723488077832,46.50378930930808],[4.797266724824224,46.50386104348785],[4.797295945818136,46.503916516538105],[4.797313482378617,46.50394596339486]]],[[[4.797933708725905,46.51121885766387],[4.797916153039493,46.51134315754308],[4.798078732694386,46.51146273364741],[4.798210297064318,46.511567485670554],[4.798306748866612,46.51163604192767],[4.798414164952898,46.511736399869406],[4.798470988527662,46.511778198499414],[4.798563861401124,46.51184897247174],[4.798650488105112,46.511888590964034],[4.798999240963408,46.511858155995995],[4.799370041958821,46.5118356592981],[4.79961558432848,46.51189556361724],[4.799933080709022,46.5120287311979],[4.800062474988299,46.512134776270145],[4.799998045824976,46.51215110204637],[4.799890583981524,46.51204552230548],[4.799847724716702,46.512023679846905],[4.79967508711368,46.51195920607178],[4.799619871043428,46.51194242168299],[4.799473326127496,46.51190167524775],[4.799381369152312,46.51187844358511],[4.79928559412826,46.511873916039356],[4.799079142427153,46.51187977626688],[4.798816114245273,46.51189877538262],[4.798560018904642,46.51193811032253],[4.798576933822627,46.511972340386215],[4.798623198525141,46.51208158593657],[4.798694546535118,46.51223538094121],[4.798733920466516,46.51232951331639],[4.798787394896198,46.51249908113324],[4.798842822904059,46.51270806804852],[4.798903610276533,46.5128936429753],[4.798953919008957,46.513042364701626],[4.798961009459696,46.51306350924397],[4.799119047840435,46.51328637350042],[4.799147088225792,46.51331772640463],[4.79918604259332,46.51337538762824],[4.799237309347,46.51345429134178],[4.799284587819957,46.513570455934854],[4.799310918409862,46.51363299928563],[4.799360697753644,46.513710305123496],[4.799434370689992,46.51383560156983],[4.799523931425456,46.5139916314067],[4.799578917243254,46.51408830994712],[4.799625100197887,46.51417125649659],[4.799741074534363,46.514340921133794],[4.799773878263146,46.51440192141969],[4.799845734837853,46.51451166441052],[4.799931757366202,46.51461974330454],[4.800029245661859,46.51480636123342],[4.800153194292592,46.51505543014055],[4.800202426953128,46.515151658550536],[4.80024548858346,46.5152387971332],[4.800264350596244,46.51530821295819],[4.800299490146065,46.515443842831],[4.800319207277543,46.515499644893794],[4.800345310244833,46.51557498127996],[4.800388528084547,46.51570237781637],[4.800404175369986,46.51574950732615],[4.800420513338209,46.51579779684613],[4.800441334734625,46.51586727186254],[4.800466565984451,46.515935956902375],[4.800483020044408,46.51598775724375],[4.800504364283566,46.51609280093636],[4.800507048892309,46.51611482536634],[4.800536183427318,46.51618317873297],[4.800583395657942,46.516297182222125],[4.800594726788574,46.51633213039448],[4.800622446825852,46.516416898413866],[4.800626816195359,46.51645042503708],[4.800657764118447,46.516538114473676],[4.800691950242485,46.516640884363476],[4.800732855527187,46.516796958854385],[4.800772618408419,46.51691450215324],[4.800813857873647,46.517060934061334],[4.800820806793583,46.51707775745095],[4.800837953287414,46.51711495579924],[4.800887832106939,46.51721090354866],[4.800916589924994,46.51726782410025],[4.800956450326118,46.5173527611344],[4.801008706977779,46.51750091091035],[4.8010927066028,46.51758704421567],[4.801158408281657,46.51764851676823],[4.80127848666689,46.5177406566964],[4.801337835153014,46.517807273031146],[4.801463809169189,46.51790013052468],[4.801487873946344,46.51789398709466],[4.801784680412857,46.51778294088705],[4.801962617644256,46.517722944109984],[4.802027988319595,46.51769939704902],[4.802147325409403,46.5176546441565],[4.802201522877929,46.51763253401434],[4.802362895514984,46.51757667056077],[4.802470008077651,46.51752130179712],[4.802536014822967,46.51749333107189],[4.802698564456114,46.51742573971625],[4.802716822743174,46.51743734091281],[4.802804417715057,46.5174900911004],[4.802995688424676,46.51760839765005],[4.803117912646822,46.51768248822702],[4.803160313934421,46.517713974046885],[4.803256419364226,46.51780703033599],[4.80320322431,46.517559731206305],[4.803182576831516,46.51740099632129],[4.803180890808053,46.517330319368625],[4.803187845820945,46.517252660987495],[4.803201050427701,46.51720615773165],[4.803237956541343,46.517146491074215],[4.803319307319915,46.51705784217438],[4.80343850188821,46.51693788318124],[4.803493587709448,46.51688351397493],[4.80354164133538,46.51683348884674],[4.803614529001679,46.51675722246138],[4.803664505910233,46.51669041425542],[4.803694598897049,46.516637790138184],[4.803732944004458,46.516558555799925],[4.803745448304674,46.51651062241932],[4.803746921678608,46.516444759306296],[4.803737028649341,46.516374481986915],[4.803711257502695,46.516293556841646],[4.803649469238898,46.516161140304035],[4.803624810454224,46.5161019941081],[4.803603858572538,46.516056299679576],[4.803513248729495,46.515849310782095],[4.803480608707949,46.51576975486694],[4.80345644938222,46.515717806218355],[4.803432879544396,46.515663956835944],[4.803396967866981,46.515584092218354],[4.803338295841251,46.51545117603815],[4.803235212259837,46.51521412070233],[4.803173777560062,46.51507260145353],[4.803101501476188,46.514907024755594],[4.803082082498197,46.514860315316035],[4.80286816951128,46.514376688928955],[4.802814180666792,46.51425117432489],[4.802725405944785,46.51404820897312],[4.802674747932701,46.51393660237595],[4.80258560687663,46.513734363241525],[4.802524498239671,46.51359076695114],[4.802500518220918,46.51353629337343],[4.8024625515935,46.51344943554429],[4.802369247294097,46.51323960606941],[4.802281424925836,46.51304166920077],[4.802159245585864,46.51276735544014],[4.802084620370751,46.51258578300347],[4.80199913280999,46.51239132179598],[4.801635013856449,46.51159383048168],[4.801607124461392,46.51154338132178],[4.801384380809514,46.5114983436506],[4.801203709047525,46.511455254841906],[4.800632301053591,46.51132077526767],[4.800242195300372,46.511240542001],[4.800046994860186,46.511188042818446],[4.799888090016153,46.511104799167],[4.799837927487724,46.51103164271833],[4.799729310133805,46.51090284343415],[4.799644442165346,46.51080978763729],[4.799486298622755,46.51067447204387],[4.799264150850362,46.51050899975461],[4.799181586547983,46.51044617029868],[4.798887302306702,46.51022148659101],[4.798559247209297,46.50995374032948],[4.798535610248397,46.509933216287294],[4.798519683865585,46.50991311137416],[4.79835522282807,46.509669181336065],[4.798283945272866,46.50956879545046],[4.798245640561957,46.50951094358638],[4.798192699371884,46.509440442129126],[4.798311702194554,46.509686528397346],[4.798357263207178,46.50977056603247],[4.798383298356028,46.50992309236217],[4.798357598417223,46.51005355501468],[4.798343606370253,46.510183022915065],[4.798356761693065,46.51019821768217],[4.798371797076125,46.51023085610804],[4.798412322636632,46.510415308872496],[4.798440024435907,46.5105392573537],[4.798458683518758,46.510602642094746],[4.798467579301808,46.51063897979756],[4.798457805658846,46.51067092758322],[4.798422066006285,46.51080551113139],[4.798409112212142,46.51083201476758],[4.798385298212567,46.51086544431449],[4.79829792669871,46.510989040885995],[4.797981450934478,46.511163345562714],[4.797933708725905,46.51121885766387]]],[[[4.798915577097076,46.50702659204848],[4.799014729769906,46.507125818431206],[4.7990506761595,46.50716362193368],[4.799090631662742,46.50720037159422],[4.799151266468024,46.507262915652106],[4.799176088154661,46.5072877441964],[4.799615962542306,46.50772656975255],[4.799869193029084,46.50798035931605],[4.800127526033501,46.50823848136072],[4.800269859494016,46.508385033285194],[4.800358638417102,46.508497842054645],[4.800399315322406,46.508556376440396],[4.800469599406612,46.50870559370801],[4.800528013801504,46.50883509275344],[4.800752920586013,46.50935268605146],[4.800836320756812,46.50953952521949],[4.800906928520086,46.50969846450635],[4.800938270723295,46.50976660289461],[4.801142021510498,46.51023985480554],[4.801221829062615,46.510420535584736],[4.801251814660829,46.51048707403184],[4.801373190615043,46.510765004103924],[4.801428968364844,46.51088959049311],[4.801592948217057,46.51126052015407],[4.801651190020535,46.51138858028091],[4.801733318191299,46.511568323475544],[4.80178245149345,46.511677342515355],[4.801824135706782,46.511770176555906],[4.801847538598247,46.51181907513148],[4.801888458546222,46.51191246160181],[4.80189260832521,46.51191960167223],[4.801904317545111,46.511946257503574],[4.802027142739816,46.512220471280465],[4.802046491420054,46.51226511042956],[4.802128370930816,46.51244909048077],[4.802160898694863,46.51251748007166],[4.802192591187906,46.512588224591944],[4.80224881147723,46.512714244718474],[4.802352205776997,46.51294913436907],[4.802382472792117,46.51301620850832],[4.802411364508064,46.51308114267894],[4.802448535938487,46.51316368978331],[4.802488340353725,46.51325484192612],[4.802560804697505,46.513418344458096],[4.802573330279117,46.513449941109535],[4.80258578739972,46.513479467269214],[4.802624107327585,46.51356911160679],[4.802685235824038,46.51370541200746],[4.802800472012113,46.51397082786932],[4.802927652903387,46.51425812202275],[4.803004599298752,46.51443083065272],[4.803107158168925,46.51466393146027],[4.80318142330943,46.5148344305469],[4.803221137842021,46.51492279174859],[4.803280802867092,46.51506208717433],[4.803340960003178,46.51520047412783],[4.803429761394614,46.515396233147335],[4.803454200553805,46.51545664380305],[4.803462516623051,46.51547533691947],[4.80347481748055,46.515504054836946],[4.803534786292249,46.515644606300874],[4.803668283850318,46.515945130150456],[4.803730770661618,46.516090775692405],[4.803798075062942,46.516244001014776],[4.803812805305485,46.516283038426096],[4.803835017252955,46.51634708686294],[4.803849671567979,46.516442958521374],[4.803851463311122,46.51646950038796],[4.80384727796233,46.51651649195221],[4.803832156789847,46.516564196416574],[4.803789848009055,46.51666952302518],[4.803746962916201,46.516733787593424],[4.803680240096797,46.51681103765613],[4.803635493650122,46.516858488776776],[4.80358605631053,46.51691006692708],[4.80347539718277,46.517027729842084],[4.803394956541377,46.5171162744379],[4.803358698336088,46.51716791486229],[4.803325066644421,46.51722401726805],[4.803319982251462,46.51723202344263],[4.803328717830563,46.51729493343994],[4.803338343737075,46.51736503485338],[4.803347571843063,46.517430999400965],[4.803362538696841,46.51752056139235],[4.803387418586457,46.51764158100307],[4.803407936334993,46.51772934416038],[4.803417773238804,46.51776638720849],[4.803426397130463,46.51779831549653],[4.80346545495079,46.517914067695905],[4.803484849871445,46.517967892834776],[4.80363730038638,46.51790658405072],[4.803725617594881,46.51785889611587],[4.80382973136561,46.517929758924225],[4.804074418312168,46.51784853071879],[4.804190285239224,46.51781328757858],[4.804363252599164,46.51776876709703],[4.804384081378098,46.51779888153277],[4.804646885547026,46.517693498151125],[4.804574470399883,46.517587009289215],[4.804539166812984,46.51755712328419],[4.80449018434414,46.51750421549806],[4.804692112629275,46.5174477988675],[4.804850302759912,46.51742593780208],[4.805182646691994,46.517359986376505],[4.805367030834215,46.517329334776136],[4.80565635970008,46.51728432635144],[4.805877803684759,46.517249936394265],[4.806088066440544,46.51722067633975],[4.806228679976138,46.51719602860447],[4.806487052860822,46.517130340915735],[4.806653787321462,46.517102577990975],[4.806799340916025,46.517065602215354],[4.807370957535378,46.51695227080953],[4.807345739771839,46.51690394238638],[4.807352099606941,46.51690294119446],[4.8073413382785,46.51687744179298],[4.807316126835676,46.516805695501674],[4.807292861279885,46.51675328314165],[4.807262077582343,46.516678742712266],[4.807250033223855,46.516653894056475],[4.807209314008897,46.51659842496945],[4.807160924343935,46.5165280356697],[4.807069946820621,46.516381220826794],[4.80701709726285,46.5162982923777],[4.806996423659325,46.51622566370243],[4.80697344192932,46.516142443431775],[4.806943588555984,46.516025105770304],[4.806916843088153,46.51590312551091],[4.806888757223989,46.51581548245292],[4.806763823488887,46.51583285801585],[4.806737841022,46.515753558046306],[4.806716541682229,46.51568958576702],[4.806423556608991,46.51574996639929],[4.806417861160429,46.51573951837183],[4.806341691503178,46.51559850365387],[4.806371708300683,46.515590914130705],[4.806325446648008,46.515525624776906],[4.806220202095964,46.51537336034012],[4.806151513540907,46.51527302828806],[4.806119010377302,46.515280386819384],[4.806091036118699,46.51523543419707],[4.806020340873348,46.51511784064714],[4.806001139204416,46.51507383028164],[4.805974976688336,46.51497723987957],[4.805958969411108,46.514931197557836],[4.80593981219554,46.514872775550785],[4.805966880227759,46.51486676385548],[4.8059251439411,46.51479626898957],[4.805906006394235,46.514746313087464],[4.805883571557502,46.5146598415169],[4.805854252254127,46.514558527316595],[4.805804926854139,46.51440465892428],[4.805770254814038,46.51429928608449],[4.805759754696994,46.51426981941187],[4.805746084178069,46.51424310484986],[4.80568433985484,46.514092404760916],[4.805666982391352,46.51409222849126],[4.805664328927413,46.51408695635825],[4.805636538907284,46.51403965894575],[4.805617386576328,46.51404437469795],[4.805602134275976,46.51397778483137],[4.805589336173142,46.51389863671692],[4.805554583302493,46.51381443114486],[4.805552173285684,46.5137968158062],[4.805517082438165,46.51363939001695],[4.805567291453468,46.51363094146837],[4.805528279951893,46.51351663024],[4.805457724454254,46.5135291828771],[4.805389832862994,46.51340947312316],[4.805665642296602,46.513350807231355],[4.805712693975329,46.51347940239396],[4.805909079643929,46.51345306359446],[4.805962321877579,46.51356372737124],[4.806020127270927,46.513697916961355],[4.806030961926185,46.5137256670318],[4.806062174801234,46.51381326090771],[4.80608749868938,46.51388455534735],[4.806133838866601,46.51399163525422],[4.806188141889021,46.51411065853164],[4.806202107928621,46.514146285141294],[4.806210824491791,46.51417704090429],[4.806220319586741,46.51420373129529],[4.806231243942173,46.51423418198058],[4.806236299264807,46.5142725613092],[4.806246278550266,46.514317798125795],[4.806258772788367,46.51434444114275],[4.806292714369358,46.514411996689624],[4.806326647801957,46.5144556842491],[4.806334702160592,46.51446645529417],[4.806360438781515,46.51453837363466],[4.806370305194828,46.5145683906765],[4.806399757425385,46.51465006776491],[4.806404037177487,46.51466504157212],[4.806431378622818,46.51476962934915],[4.806437585817257,46.5148427568461],[4.806409651785122,46.51488562027717],[4.806392582782816,46.514917774084566],[4.80643217550356,46.514994427295505],[4.806476796446264,46.51498660704734],[4.806569644656856,46.51496955850267],[4.80686673333756,46.514911094085406],[4.807021419526952,46.51488216984125],[4.807193121877329,46.51485099497797],[4.807322640852078,46.5148460659404],[4.807655167759707,46.514841260527284],[4.807715276741818,46.514836257295265],[4.807806842224845,46.51482382149872],[4.807846260874149,46.51482436923917],[4.807950387180283,46.514840556633004],[4.808028155454354,46.51484482129618],[4.808046049683894,46.51484543906673],[4.808144451476293,46.51483064320492],[4.808323403443653,46.51479385783536],[4.808312997497496,46.514779071032194],[4.808241711940987,46.5146988664889],[4.808193248056404,46.51464982498604],[4.808106688574221,46.51456932145841],[4.807986076086374,46.51445729191004],[4.80796698354238,46.51444021056551],[4.807915634517291,46.5143828382055],[4.807838985930598,46.51430217779904],[4.807743008274811,46.514205160249425],[4.807644314607168,46.51410098008591],[4.807592475653087,46.514024881111965],[4.807553093876748,46.51396641875088],[4.80750950586033,46.51389127014455],[4.807455075633016,46.51378422855116],[4.807391806898028,46.513658502337435],[4.807373421737503,46.5136233960452],[4.807318154717024,46.513534381289],[4.807284703343465,46.51345015562938],[4.807216238948861,46.51336837473148],[4.807177956795166,46.51331944211736],[4.807112991889373,46.51320941445877],[4.807056378146759,46.51311123389145],[4.807035228280576,46.51307536062104],[4.80700051093647,46.51302375963681],[4.806943057162075,46.512943515895486],[4.806892338947582,46.512873613629914],[4.806841598814161,46.51281091715867],[4.806781303474071,46.51274332780955],[4.806748162683422,46.51271566002861],[4.806690001013068,46.51267307592779],[4.806607950619623,46.5126418575459],[4.806536798877439,46.5126324436121],[4.8064016292931,46.512643855957826],[4.806367081476404,46.51264458182854],[4.806333475358361,46.51264223048966],[4.806274798621481,46.512627395372675],[4.806224586303115,46.51261602926418],[4.806196812897499,46.512616467944376],[4.806140473525928,46.51262492354394],[4.806012515045486,46.51264135542964],[4.805952844242888,46.51264770190959],[4.805823955015496,46.512663607871495],[4.805757468841846,46.51267294406088],[4.805383852746387,46.51274054002438],[4.80536797346886,46.512706204482264],[4.805444988684737,46.51269571153472],[4.805600663423918,46.51267316835789],[4.805715608114133,46.51264982703411],[4.805889823830339,46.512608076332],[4.805927498045147,46.51260721116322],[4.805995606331548,46.51260352356086],[4.806088190708296,46.51259044251237],[4.806246009070137,46.512561739943486],[4.806209685090002,46.51251673909876],[4.806131819943318,46.512418893763474],[4.806049249508944,46.51233652438002],[4.80591038299925,46.51221271188175],[4.805790833980558,46.51210885955122],[4.805746550906641,46.51206380411532],[4.805687484444618,46.512009614993914],[4.805551505239634,46.511882333889496],[4.805461117204729,46.51173325682276],[4.8053865652596,46.51160932894228],[4.805352990878604,46.51154095672653],[4.805327353442599,46.51149164375451],[4.80530207144053,46.51144124434554],[4.805268908717726,46.51138529503935],[4.805210478913932,46.51132271927707],[4.805133719997952,46.51122665720054],[4.805008492224837,46.51106939313968],[4.804920338734544,46.51095225465966],[4.804857894335988,46.51084326682739],[4.804824558263209,46.51082145603827],[4.804795685881968,46.51078867651921],[4.804742824456984,46.510736640708124],[4.80467491573217,46.510687184129665],[4.804645291747359,46.510659280126795],[4.80460832736302,46.51061455911131],[4.80458901293508,46.51057100063858],[4.804540509814494,46.51043387144295],[4.804537553399144,46.51039185618173],[4.804523612517948,46.510321462600096],[4.804509774475515,46.510277817692085],[4.80447251542762,46.51022418451949],[4.804447785382211,46.510186475858845],[4.804443884989705,46.5101829346742],[4.804400055391788,46.510123910994864],[4.804356179048928,46.510035886030366],[4.804286722117951,46.5099238561656],[4.804235061755444,46.50983712486892],[4.804204798023758,46.50975834223829],[4.804121087429619,46.50954277844187],[4.804058025816759,46.50941110271194],[4.80404175563023,46.50938460910793],[4.804001372127001,46.509335078160426],[4.803968768270988,46.50930776141514],[4.803782373061551,46.50920982535225],[4.803695087643139,46.50916211497681],[4.803632197589793,46.50910654406834],[4.80358650469827,46.50905817754843],[4.803489921347276,46.50894234187771],[4.803456885450283,46.508898008890654],[4.803376795729656,46.508744444562296],[4.803365815163597,46.50871615614457],[4.803376498916299,46.508688156531235],[4.80337420763901,46.50866621599272],[4.803311572393308,46.50855128586269],[4.803267261300433,46.50845002731451],[4.803237074837241,46.508377457940135],[4.803161608201761,46.50827290780784],[4.803131622367729,46.50823005779583],[4.803085533977271,46.508165755227566],[4.803062250223435,46.508136219696254],[4.802958456537652,46.50803499830214],[4.802905194606457,46.507970718707824],[4.80285883340937,46.50790209707418],[4.802803015970377,46.50784731490298],[4.802685030752223,46.50769560854936],[4.802583986002958,46.50753940180794],[4.80246698556095,46.50738587834993],[4.802334126543369,46.50724980780458],[4.802180285594721,46.50711037501538],[4.802150057128903,46.50706014298054],[4.802091755287916,46.50681967873118],[4.80202134314499,46.50672189341825],[4.802004166938324,46.50668766794246],[4.801973706939975,46.50661068921694],[4.801951540195184,46.50657149855595],[4.801922707500593,46.50653979854488],[4.801839095133836,46.50639781746136],[4.801795767168661,46.50630248739372],[4.801768815167289,46.50628426796001],[4.801715653441227,46.50625844544125],[4.80157738090754,46.506199197585936],[4.801445502541361,46.50613606595669],[4.801327141020699,46.506087222234356],[4.801181062155945,46.5060325102415],[4.800967858390121,46.505959670821156],[4.800779061776745,46.50595832113105],[4.800705061814218,46.505961107791634],[4.800452543084783,46.50600516476313],[4.800341395242927,46.50601276934141],[4.800282937122009,46.50602008463131],[4.800152710583497,46.50603456440423],[4.799957415644561,46.50606159710631],[4.799900090414924,46.50607952242285],[4.799865634625103,46.50607105798055],[4.799830824189574,46.50607160593934],[4.799578008878388,46.50609485985534],[4.799268187750082,46.50610225757555],[4.799005078499576,46.50609423838025],[4.79884972313264,46.506058763872396],[4.798768745694757,46.5060358995265],[4.798618270681391,46.50599809622563],[4.798517950571144,46.50597805788408],[4.798480837354876,46.505972066671916],[4.79833384422711,46.50597257730958],[4.798274135284542,46.50597756946756],[4.798126246305655,46.506006285288336],[4.798041837930985,46.506025716394845],[4.797961658480975,46.50605471824111],[4.797823477890557,46.506108860380984],[4.797895489196002,46.50618419602173],[4.797924129602339,46.50621409866913],[4.797974183910386,46.50628023228711],[4.798021206738408,46.50634145980187],[4.798027151170631,46.50634767110117],[4.798149859463271,46.50630295900737],[4.798271773705141,46.50626186199654],[4.798376685641502,46.506421073846816],[4.798427212609821,46.50649755768989],[4.798443114200988,46.50651694245547],[4.79852462028156,46.50654790486606],[4.798456546200827,46.50663544113193],[4.798430806293546,46.506646023700455],[4.79848136789436,46.50666819582557],[4.798500202593761,46.50668158994448],[4.798680525431402,46.506809532554946],[4.798771612998864,46.506889701472396],[4.798777017588441,46.506887454811654],[4.798915577097076,46.50702659204848]]],[[[4.798886526495576,46.50604350373091],[4.798991548633537,46.506055811969944],[4.799052215485376,46.5060600813974],[4.799188012060148,46.50606812237259],[4.799379253105466,46.50606448247121],[4.799553731301122,46.50605489136407],[4.799802113882484,46.506063321242806],[4.799844340488285,46.5060582432074],[4.799978800382491,46.50603369956442],[4.800116086386492,46.50600388730708],[4.800219256662904,46.505987761994206],[4.800419141567429,46.505965430183956],[4.800533150716989,46.505949674322935],[4.800711626028012,46.505918942511045],[4.8008830122094,46.50590264293625],[4.800949295569016,46.5059189821183],[4.800954116566831,46.50589512814667],[4.800835724368156,46.50582953170496],[4.800735135813863,46.50577374240638],[4.800613361251215,46.505716305158764],[4.800484208630786,46.505656642190665],[4.800388586140688,46.50562085962906],[4.800257891604405,46.50557374018567],[4.800223038146012,46.50555717596819],[4.800076411875014,46.50548580858169],[4.799906318561661,46.505414810431134],[4.799718517756435,46.50533688529257],[4.799468354744207,46.505234902349834],[4.799331779505847,46.50517949807238],[4.799195352745835,46.50512463170895],[4.798758532620354,46.504959474174434],[4.79848990292497,46.504874892628976],[4.798294977636035,46.504806264235704],[4.798107131583158,46.504738695073996],[4.798062442499694,46.504728409534586],[4.798017590940654,46.504725061789145],[4.79794968764898,46.50473072307011],[4.797934407547894,46.50473411573781],[4.797849097886425,46.50476175712018],[4.797748611915121,46.50479594183674],[4.797684949961277,46.50482342285624],[4.797565045746614,46.50488583386914],[4.797472202099669,46.50493818203966],[4.797437091660975,46.50496521406073],[4.797424594514339,46.504981802940954],[4.797414299325633,46.50500583286847],[4.7973829204952,46.50510648203001],[4.797357817318725,46.505207572937685],[4.797335252166191,46.505286737359114],[4.797325452547465,46.50532580088096],[4.797325489825537,46.50541001409371],[4.797358896619372,46.50553702557416],[4.797366401016004,46.50557077326311],[4.797425161327143,46.50571900254885],[4.797463276190732,46.50578307236235],[4.797474098749956,46.50580668023949],[4.797509847358895,46.50588997177025],[4.797523040707424,46.505918225920205],[4.797551401370367,46.50598316959645],[4.797540864894973,46.50598801878946],[4.797561705471582,46.506006875684676],[4.797619591531214,46.50613647449592],[4.797656517005811,46.506124905634366],[4.797832316899172,46.50606440782837],[4.797989725006136,46.50601185475789],[4.798118791858745,46.505974068018084],[4.798189288786848,46.505959989525586],[4.798267830669157,46.50594857657858],[4.798360255025423,46.50594279966738],[4.798450670868919,46.50594335905096],[4.798507064542171,46.50594463365726],[4.798546503718454,46.50594995779588],[4.798613419865655,46.50595782195162],[4.798702687718989,46.50597893475816],[4.79878449779949,46.506003317210656],[4.798839509558844,46.50602595957268],[4.798886526495576,46.50604350373091]]],[[[4.799902879098374,46.49675353015754],[4.799968767416303,46.49669899211506],[4.800018430589291,46.49665470710211],[4.799239330251241,46.496240858038874],[4.799072670116504,46.49629671137636],[4.798940353155428,46.4963341004278],[4.79883201733697,46.49636309588993],[4.798673122551008,46.49639739016165],[4.798401541263784,46.496447417579795],[4.798214057022604,46.49648089999477],[4.79800708458546,46.496512707104],[4.797309318842859,46.49659933678977],[4.796740407998957,46.496670156614194],[4.796550752760606,46.496689259458044],[4.796352941147502,46.49670227543398],[4.796593719621002,46.4972609685446],[4.796606254487238,46.49726140203297],[4.79660306389057,46.49754453695856],[4.796449990778358,46.49755378764068],[4.796440809194098,46.49784512282566],[4.796426579441619,46.49829595824591],[4.796600622635237,46.498313488650005],[4.796814101858318,46.49832454454305],[4.797235688331287,46.498330076945535],[4.797789492247953,46.4983187574809],[4.798323383582791,46.498304776303684],[4.798835761680806,46.49831472905011],[4.799008650312333,46.49833281437887],[4.799171284649796,46.49834448583345],[4.799217851703272,46.49834069064731],[4.799248985677629,46.498331644160636],[4.799279735081377,46.498069871802265],[4.799356063377934,46.49766768595339],[4.799383599410976,46.49745874418803],[4.799415736679878,46.497349705919184],[4.799481935540309,46.4972768794058],[4.799572627823848,46.49715980397293],[4.799610555679028,46.49710372478238],[4.79976347240438,46.49691199367206],[4.799902879098374,46.49675353015754]]],[[[4.799927278840976,46.498701506028596],[4.800032510351492,46.49875217895275],[4.800191947555748,46.498828928708136],[4.800363235221116,46.49892485633759],[4.800592379913056,46.49905076596379],[4.800726507281432,46.49911935711734],[4.800847946564144,46.499171034981295],[4.8011473539327,46.499291783649404],[4.80144644114617,46.49944622219034],[4.80164792738794,46.49952834197581],[4.801676829807021,46.49953464163525],[4.801688615010293,46.49950842613178],[4.801666140654374,46.499428259125274],[4.801566190148516,46.499142786097494],[4.801460479254036,46.49895530814906],[4.801409469667613,46.498769400040246],[4.801277899057578,46.49858476124924],[4.80125719121471,46.498502764963405],[4.801155685856823,46.49840303721746],[4.801130127788655,46.49836371969729],[4.801110517138129,46.49828729034404],[4.801092799944753,46.498212902731176],[4.801065904701176,46.498212065488325],[4.801046116228067,46.49815788583083],[4.801036098593538,46.49812706010453],[4.801035054790242,46.49809546252549],[4.801048517910266,46.49795816625692],[4.801054361230919,46.49789421567306],[4.801061170069712,46.49782790809739],[4.801027147046872,46.497828444099135],[4.801018405428448,46.49771779762467],[4.801013637904273,46.497640594003514],[4.801018981113599,46.49758124478778],[4.801023233885935,46.49752047165454],[4.801090307579899,46.497517613587135],[4.801111622466452,46.49748377231346],[4.801096622179139,46.497408711411666],[4.801087700070438,46.497300499625354],[4.800831501165712,46.497299041480034],[4.800558425633721,46.497284158165755],[4.800570231493647,46.49717958289747],[4.800580240696944,46.49711538658672],[4.800610563391007,46.49688829677911],[4.800730649619812,46.4969149569889],[4.80099568260175,46.496662733443664],[4.80059262844389,46.49653479038598],[4.800645126951282,46.49649739570232],[4.800819419606897,46.496408094496964],[4.800839480651462,46.49639552917194],[4.800841786923463,46.496382432914764],[4.800835149034618,46.49634335769807],[4.800684408712923,46.496201982901646],[4.800419626694572,46.49638674053505],[4.800348687251232,46.49643442312994],[4.800152952136286,46.49662088482855],[4.800009304332518,46.496753565805115],[4.799911734315209,46.49684003656902],[4.799829420982623,46.49692248417353],[4.799775959122612,46.496993939496114],[4.799709638948876,46.49709072630508],[4.799606698222402,46.49722393677632],[4.799509289763863,46.49731139537598],[4.79950167200735,46.497333491978345],[4.799461814982266,46.497449677122525],[4.799449667825139,46.49750841278897],[4.79943704303767,46.497560580977265],[4.799416427896362,46.49764331805258],[4.799393563938799,46.49781994179481],[4.799382553060839,46.4978973037226],[4.799350890734612,46.49805235944263],[4.799337456073779,46.49812741773137],[4.799338932256248,46.49819980948862],[4.799333360222743,46.49827204197185],[4.799340059258207,46.49834065872071],[4.799341286286991,46.49837783765512],[4.799523163792883,46.49845486560387],[4.799639642070893,46.498518331696566],[4.79984143269994,46.49865331994217],[4.799927278840976,46.498701506028596]]],[[[4.802704948790891,46.50761549398055],[4.802738456663165,46.50767414059746],[4.802717842980241,46.50768194126387],[4.802791034805355,46.50776509127443],[4.802877762728607,46.50786703223451],[4.802970005668581,46.50797005706002],[4.803057234502765,46.50808712147376],[4.803125516292066,46.508163773716966],[4.803249406274515,46.50833222929935],[4.803284928497208,46.50838075634385],[4.803449944858492,46.50870005807723],[4.803426276171576,46.508710158757324],[4.803443612456144,46.50878860506219],[4.803502410192094,46.50888215938562],[4.803575507206587,46.508966301168364],[4.803649679081454,46.50907897761645],[4.803717118328747,46.509137989421],[4.803829575080263,46.50919340885181],[4.804037454398564,46.509309830171816],[4.804053617443743,46.50931732104542],[4.804105446268565,46.50938945868922],[4.804158627240207,46.50949850299942],[4.804210993054244,46.50965385527844],[4.804244933518168,46.509745189462855],[4.804274740667668,46.50980623582406],[4.804309655945144,46.50987972107618],[4.804347530708328,46.50994802572349],[4.804409008966804,46.51005153489556],[4.804469790869922,46.510122180078945],[4.804501294246911,46.510171400663765],[4.804502835777171,46.510174618797734],[4.804572263686098,46.510317272234104],[4.80458883991316,46.5103766358832],[4.804595240090046,46.510451741947],[4.80460892401549,46.51049466873061],[4.804631151670856,46.51055529420985],[4.804664261847582,46.51062151231117],[4.804746236729621,46.5106978574653],[4.804827737135998,46.51075592617801],[4.804845402089028,46.5107733007591],[4.804869958829503,46.51077030118143],[4.804911079586621,46.510822342115986],[4.804940233152649,46.51088330856132],[4.804962169198631,46.51093511188542],[4.805009021400816,46.51100264414231],[4.805188975424552,46.5112130852903],[4.805251784033829,46.51128576965786],[4.80534197098473,46.51142881547616],[4.80538928624797,46.51151030086898],[4.805441882818648,46.51159368436293],[4.805525336317782,46.511714589473726],[4.805595075104248,46.5118192285727],[4.80570919728103,46.511952258868476],[4.80578025136351,46.51203751239576],[4.805902375992547,46.512171857232005],[4.805976425463244,46.512154565553445],[4.806038498195806,46.512267972028496],[4.806066741423282,46.51226203179405],[4.806161289911806,46.51237123248301],[4.806182551422335,46.51240656373248],[4.806256092725521,46.51247628593617],[4.806259173140543,46.512482632132986],[4.806276152356665,46.51253046043976],[4.806327595486439,46.51258684126106],[4.80634769805936,46.51260687916754],[4.806359057918081,46.51261111307415],[4.806374980605089,46.512611311895725],[4.806437078921167,46.51260735869246],[4.80653582232624,46.51259904367749],[4.806582142046881,46.51260317560897],[4.806680644679838,46.51263089161825],[4.806745513238819,46.512663282100156],[4.80682977575736,46.51272580922446],[4.806861725163378,46.5127529553969],[4.806887920365812,46.51278361508019],[4.806938450250383,46.51285964497228],[4.806960912145183,46.512880005768366],[4.806971199126877,46.51288335588496],[4.806987471290131,46.51288228814311],[4.807036651787167,46.512953025282954],[4.807077164025745,46.5130102089906],[4.807120663066886,46.51309058312413],[4.807166712852304,46.51320460250208],[4.807190457495179,46.5132597093742],[4.807227244327768,46.51332649915262],[4.807242320922262,46.513344454696686],[4.807303145988355,46.513416178588265],[4.80736220255522,46.51347784274254],[4.807384495662779,46.513497035238615],[4.80740833178539,46.51349981089956],[4.807508558753887,46.51349291271522],[4.807620719133937,46.51349573333253],[4.807705761732164,46.513479437677525],[4.807737918296938,46.513453800270675],[4.807738356537966,46.513392276639436],[4.807733840866812,46.51332299537034],[4.807731666200986,46.513277094872954],[4.807722741073457,46.51320860385445],[4.807710822965172,46.513128541326175],[4.807688865895287,46.51300540466548],[4.807675466770055,46.51292788745863],[4.807678247402767,46.512822913832444],[4.807677465449739,46.51275213244016],[4.807678230418166,46.512657188265074],[4.807680976375548,46.5125197004921],[4.807678841637779,46.51246713429626],[4.807671730444328,46.5123628574402],[4.807664281429202,46.51233100091254],[4.807645291678143,46.51224618646312],[4.807632295762094,46.5121926210646],[4.807585053380548,46.51208591624392],[4.807555236364189,46.51201685475994],[4.807530290456094,46.51196879227744],[4.807518379328736,46.511951867557066],[4.807498503549368,46.51192687250445],[4.807435722968028,46.511863015579635],[4.807391339147371,46.51182282604611],[4.807207944583474,46.511619107655],[4.807042609757862,46.511413122090225],[4.806801483903635,46.51111277130149],[4.806715694984491,46.51101198922965],[4.806475121336912,46.510740000606205],[4.806440584465867,46.51067803874719],[4.806408965138052,46.510609635933456],[4.806393602639687,46.510567276270294],[4.80637954946625,46.51050931409022],[4.806292363492919,46.51026003101128],[4.806277619427371,46.510212707802395],[4.806253292981808,46.51008879768541],[4.806223416377786,46.50997848549113],[4.806217294415224,46.509911841512285],[4.806210990505583,46.50983970623442],[4.806178875922086,46.50975239681913],[4.80612216471879,46.50963143004897],[4.806073278115336,46.50953006464438],[4.806036216594022,46.50946273844184],[4.806003872844879,46.50939605826224],[4.805949433894879,46.509268840803195],[4.805913386791588,46.509204560867175],[4.80583903830654,46.5091063896143],[4.805785131110701,46.5090385187576],[4.805711340583587,46.508984742334185],[4.805638479123989,46.508923565585604],[4.805556250858869,46.5088474052078],[4.805496484378379,46.50877197092826],[4.805424662245058,46.508631877725875],[4.805358330477765,46.50842910026047],[4.805339493601307,46.508372384375065],[4.805310632309152,46.50831627709809],[4.805279572484285,46.50826074493528],[4.80525653096605,46.50821886663707],[4.805208221415051,46.508158472893264],[4.805191518351566,46.508146487289956],[4.805083172743379,46.508093075873425],[4.804896437776194,46.50800451411587],[4.804745012774866,46.50794619813985],[4.804607235577721,46.50789820457552],[4.804267045494663,46.50778450266592],[4.804236065774067,46.507770760699074],[4.80397341814875,46.50759170567733],[4.803949809965058,46.50757208295951],[4.803814898968257,46.50741749236233],[4.80379039203195,46.50742589505464],[4.803754262767693,46.50737872876354],[4.803671577773518,46.507288613696396],[4.803574530149357,46.50717836967087],[4.803421091577365,46.50699993255244],[4.803323436089237,46.50689888488523],[4.803262640375331,46.50683949789699],[4.803197903036197,46.50677530934697],[4.80313696957178,46.50672358027832],[4.803091652823649,46.506714117180586],[4.80307200558164,46.50670379893754],[4.803026035507451,46.506666695129525],[4.802734416177099,46.50653429929027],[4.802638114970312,46.50649780872151],[4.802584148355778,46.50648316776299],[4.802460169321697,46.506449905504894],[4.802393728287304,46.506436722060464],[4.802033075960529,46.50635864303644],[4.801943611465028,46.50634348041019],[4.801921115249448,46.506341673296404],[4.801908800876459,46.50634402900148],[4.801893767549788,46.5063548939771],[4.801879439444305,46.50638709403291],[4.801880540099381,46.506396713999806],[4.801971009557679,46.50654092876627],[4.802046385368557,46.506623144125406],[4.802073983417514,46.50666089814394],[4.802085739212708,46.50668899432385],[4.802132605795193,46.50682425885757],[4.802175837012565,46.50694030604702],[4.802217271246369,46.50702566824184],[4.802252824355137,46.50709491082027],[4.802291197100615,46.50715474183751],[4.802336028172309,46.50720474366214],[4.802384865353751,46.5072536015015],[4.802419156207182,46.50724126201504],[4.802506015957658,46.507343291232424],[4.802582096790264,46.50743098931199],[4.802642063785733,46.50751659960635],[4.802704948790891,46.50761549398055]]],[[[4.80254911128785,46.50487131624772],[4.802521966304256,46.504906420515596],[4.802471718998043,46.5049844913162],[4.80242676569675,46.50503725949241],[4.802339334766493,46.505134830745185],[4.80231741999788,46.50515454089089],[4.802241186729429,46.50521599827342],[4.802204735370135,46.50525764400226],[4.802121798913276,46.50535703566654],[4.802017787059126,46.50548576143262],[4.801959067663482,46.50556801857902],[4.801963404809907,46.5056045179768],[4.801962308616029,46.50562660199858],[4.801946241036283,46.50567720342755],[4.801927754499668,46.50574144329553],[4.801921086341245,46.50579621986903],[4.801911686994489,46.50583545765936],[4.80188059569731,46.50594457005686],[4.801827078025874,46.506085559770064],[4.801810171939537,46.506138426093905],[4.801744270813557,46.5062126000582],[4.801743484228899,46.50622432133665],[4.801751020910997,46.506235280980476],[4.801782758676903,46.50625621712205],[4.801837039713306,46.50627643773447],[4.801887278010533,46.50628879601748],[4.801976606630922,46.50630774369794],[4.802103111093468,46.50633060880893],[4.802167415306664,46.506342294936836],[4.802348535256801,46.506379700635314],[4.802410768433796,46.50639186961552],[4.802440382426288,46.50639590620764],[4.802488014622524,46.50639650635827],[4.802533936438217,46.5063927201033],[4.802562902706215,46.50638505798891],[4.802685214476085,46.50634818317005],[4.802856980989559,46.50629602744524],[4.802987795343522,46.506251992898484],[4.803323460926596,46.50615437932996],[4.803488225295648,46.50610746696882],[4.803625957964519,46.50608331773412],[4.80362882461632,46.50609110846439],[4.803634575114502,46.50610326705481],[4.803489556894027,46.50613194456554],[4.803373514146122,46.50615719263468],[4.803282672629846,46.506183214021355],[4.803146711466749,46.50622543864194],[4.802978740628328,46.506274022291876],[4.80273101242813,46.506348541932404],[4.802504659409654,46.50642254392388],[4.802574699833391,46.506449901359765],[4.802671561053499,46.506467829069855],[4.802832906130275,46.50650680673439],[4.802945183236996,46.506553042819775],[4.803145736263249,46.50666129485722],[4.803198885464986,46.506694592598166],[4.80323966374868,46.50672853575583],[4.803341819808288,46.50681185910918],[4.803404069257711,46.50686392759014],[4.803434041312621,46.50689849145968],[4.803493040796291,46.50697060633199],[4.803564347982278,46.50705198422005],[4.803674461395376,46.50717075878078],[4.803729343907833,46.507232760753986],[4.803843732848297,46.50736245605525],[4.803968068324217,46.507501001160605],[4.803993217908931,46.507523842017214],[4.804093897031017,46.50760187399657],[4.804125462135862,46.50762542421694],[4.804253872286743,46.507709683571846],[4.80431120878923,46.50773543906854],[4.804553571009371,46.50782969885933],[4.804769763305784,46.507909690063144],[4.804917478735369,46.507970226202694],[4.805130737545723,46.508060080499554],[4.805281814671152,46.508123625434656],[4.80530856223835,46.508131669566154],[4.805434986121737,46.508167682332015],[4.805500251423237,46.50818466548836],[4.805569202396897,46.50819870821999],[4.805624221858102,46.508205675364884],[4.805729437698977,46.50819608781922],[4.805806366791049,46.50818712704149],[4.805894059970285,46.50817232189945],[4.80595033428221,46.50815810299166],[4.805982123800465,46.508145081393764],[4.806020885268124,46.5081023171582],[4.806052455732261,46.5080905599576],[4.806125479568205,46.50807004181868],[4.806274019831602,46.507978257499055],[4.806387168640111,46.50789315674661],[4.806420829868234,46.50785002259666],[4.806464356063326,46.507809344567995],[4.806517754382061,46.50776346671901],[4.806533951644793,46.5077523125352],[4.806641932708176,46.507645136323426],[4.80670604681679,46.50755261375093],[4.80671561578846,46.50753039578426],[4.806716586860807,46.50750065785353],[4.806740413724829,46.507487491645904],[4.806748246873997,46.507468003157186],[4.806786548272418,46.50738777743499],[4.806819466397698,46.507298629917784],[4.806817769293451,46.50712149208885],[4.806806557115314,46.50705871141242],[4.806789496494302,46.50692180674246],[4.806780461115524,46.506853857763254],[4.806779800024664,46.5067748781721],[4.806787631240907,46.506747463682615],[4.806800960354161,46.50671275683866],[4.806879289068163,46.506576866719996],[4.806919954558643,46.5065876627878],[4.80686709733064,46.50667343263573],[4.806827629122462,46.50675385697951],[4.80682690553162,46.50680286565573],[4.806815410146436,46.50686141166702],[4.80682566347834,46.50694249139273],[4.806841645023657,46.506999612458095],[4.806866417967958,46.50704254391772],[4.806890652923534,46.50706530853959],[4.806966353852002,46.50712166599204],[4.807043563390446,46.50714089134923],[4.807170543691928,46.50702846056305],[4.807254737051355,46.506959308299656],[4.807391184279995,46.50684915946751],[4.807505573181422,46.506750437585104],[4.807514437030934,46.506730572468186],[4.807511439515283,46.50671098492491],[4.807617555508126,46.506748307037775],[4.807583013375502,46.50675695927222],[4.807559668774481,46.506764984138165],[4.807507961353037,46.50679885667367],[4.807399972934894,46.50688603868747],[4.807253160885843,46.507010131827805],[4.80720062898969,46.50704275628915],[4.807146946204113,46.507095754387414],[4.807095461649852,46.50715997627442],[4.807003112681908,46.5072270956544],[4.806922185406403,46.507276741318606],[4.806906665964146,46.507296531422035],[4.80682647193532,46.50744307907992],[4.806771943313796,46.507545357792594],[4.806648512581307,46.507678357683176],[4.80658535326155,46.50774852815954],[4.806545173536588,46.50777996638446],[4.806454497121839,46.5078739893233],[4.806431072757349,46.507899308346246],[4.806379208965815,46.50794426122395],[4.80634122070518,46.50797098119338],[4.80622887732314,46.50804102774581],[4.806115866834741,46.508110634377616],[4.80603518030605,46.50815973515992],[4.806049820906091,46.50818427272935],[4.80570761106484,46.50822633521605],[4.805931300102533,46.508331695243356],[4.806056360141904,46.50840132439376],[4.806125064878625,46.5084394189526],[4.806232746130849,46.50846879163277],[4.80655390409525,46.50853541251541],[4.806652033274778,46.508556018946976],[4.806670637007318,46.50855842705893],[4.806710624544555,46.50855266134105],[4.80684976600774,46.508590543199176],[4.807009093212785,46.50861558638226],[4.807069090009775,46.50860346974321],[4.807147313959838,46.508617815332045],[4.807192317570874,46.508621697561466],[4.807250155331577,46.50862708822763],[4.807254221676533,46.50865530544879],[4.807112378112635,46.50864610854357],[4.807002707055043,46.508639375301875],[4.806922255599725,46.50862866755149],[4.806691905690626,46.50857826633579],[4.806490222863541,46.50854263332941],[4.806383462602086,46.50852531550645],[4.806269304703748,46.50850126924345],[4.806156951369867,46.50847656388473],[4.806136888766307,46.508469495176044],[4.806084046240477,46.508445561026164],[4.805990348328192,46.50840119613237],[4.805857513210015,46.50833313079883],[4.805735816997862,46.508278399670544],[4.805660572302594,46.50825157664226],[4.805610820065013,46.50823822155113],[4.805486907567889,46.50821108609291],[4.805346997660084,46.50817357501081],[4.805314319735649,46.50817553204299],[4.80538265453456,46.50833639610473],[4.805455261423086,46.50851988990922],[4.805532845545901,46.50869609960652],[4.805573575640654,46.50878363342348],[4.80565181996154,46.508853732048806],[4.805721810771127,46.508918827062175],[4.805805008353744,46.50898092134724],[4.80583735216842,46.5090082416888],[4.80586486327889,46.50905113010925],[4.805925668521703,46.50913033067265],[4.806039044923107,46.50930399325183],[4.806082277028486,46.50940400688814],[4.806124929764593,46.509482593381136],[4.806212114298007,46.50965315683211],[4.806260369108161,46.509790559520304],[4.80627748135663,46.50985423777251],[4.806281599376825,46.50990371034115],[4.806323781867643,46.51011767699073],[4.806350218003711,46.5102265123466],[4.806428730738242,46.51045026291039],[4.806485780369044,46.510553840989516],[4.806628562970378,46.510540056468585],[4.806748237239891,46.510525736204826],[4.806942619258051,46.510545542122514],[4.807006783459247,46.51054101551516],[4.807020081547816,46.51056044028327],[4.807217345671715,46.5105491265907],[4.807386484198933,46.51052366602611],[4.807482632798313,46.51052376750483],[4.807610036564514,46.51049077006194],[4.807674102126457,46.51048327237954],[4.807770823002209,46.510473096767456],[4.807817478427274,46.51047560163416],[4.807862656819343,46.51047290586497],[4.807994715328216,46.51045046247099],[4.808101066679765,46.510404197001684],[4.808201796364018,46.510369368949526],[4.808312232319579,46.51035186058953],[4.808447951147862,46.51033359199675],[4.808385878071395,46.51014948302121],[4.808505722302088,46.51014425512229],[4.808744214213317,46.51012526137004],[4.808892034282301,46.510106080274134],[4.809347916832607,46.51002978516385],[4.809589341131175,46.50997732782982],[4.810117309308893,46.50981693573073],[4.810083306565854,46.50965724212877],[4.810038858991436,46.50954049638902],[4.809978170273067,46.50939428510736],[4.809971658484469,46.50937889639924],[4.809969484090526,46.509360556843],[4.809981702554353,46.50931208672141],[4.809975457367413,46.50926544002286],[4.809949004204267,46.50920344127137],[4.809879238567303,46.50904314279043],[4.809786151634503,46.50884835687432],[4.809733385917551,46.50870499232814],[4.809707055837967,46.50864668438406],[4.809645515556673,46.50864765834838],[4.809594673334679,46.508640807152645],[4.809555418045361,46.508593962289176],[4.809513613198818,46.50841529747097],[4.809518959389922,46.50825804332435],[4.809536592659052,46.50811725739989],[4.809732761020345,46.50805749969543],[4.809789703311973,46.508051644680364],[4.80985420168297,46.508045489900915],[4.809929096462625,46.50803421675357],[4.809960201315123,46.50802417713214],[4.810006159415016,46.5080096691626],[4.810001855485136,46.50789183759331],[4.809942714946533,46.50756825684453],[4.810265927328421,46.50761033613971],[4.810457010518689,46.507578218628105],[4.810648376362563,46.50755068981351],[4.810506569643607,46.5071694234026],[4.810760397805043,46.50717269952065],[4.810724358393959,46.507069511271766],[4.810722941620069,46.50697973535603],[4.810691981095632,46.50693519136683],[4.810655368916237,46.506897221802994],[4.810647158145802,46.506877806947585],[4.810639674636409,46.50685279632456],[4.810642434914659,46.50673953643577],[4.810645691543113,46.50664122006576],[4.810647011563148,46.5065867076826],[4.810650645542841,46.506491898008015],[4.810639010347381,46.50647541957354],[4.810479083932504,46.50652253591504],[4.810436499715012,46.50652861430324],[4.810295822917833,46.50655047659899],[4.810203964469532,46.50656544119242],[4.810106032058397,46.50658212310106],[4.810019834223724,46.506590783202945],[4.809941851966964,46.506595440244844],[4.809838832856873,46.506616075388855],[4.809800658533855,46.5066253262034],[4.809746438844177,46.50663456076103],[4.809579901986766,46.50665548044004],[4.809523337645564,46.50656657729722],[4.809425472850252,46.50640059856704],[4.809418095170311,46.50640233655158],[4.809350520778831,46.50630397022692],[4.809292540158649,46.506223465761444],[4.809185016100804,46.506065115371115],[4.809123901820821,46.50597664430904],[4.809065549149827,46.50592028398795],[4.80897798911001,46.505840697713175],[4.809176820751641,46.50571992228333],[4.809251889020446,46.50568252690504],[4.809494785308501,46.50556888959225],[4.80963170708876,46.50552042738241],[4.809755704756745,46.50547559217407],[4.809849968328332,46.50544275626565],[4.809943811912346,46.50541298925694],[4.810323076173451,46.50528539239887],[4.811228807131251,46.50498517054617],[4.811211933959783,46.504913112746934],[4.811186996358284,46.50485352209084],[4.811147292970732,46.50476174063006],[4.811113732436209,46.504709582106635],[4.811174688011977,46.5046911432335],[4.811168524465533,46.504670525089104],[4.811161106819145,46.504647494957744],[4.811009226212136,46.50418667790203],[4.810913362831704,46.50384143213764],[4.810877666047178,46.50366996647314],[4.810822063441581,46.50337830425836],[4.810797549195014,46.50334320547818],[4.810573425169207,46.503401156334],[4.810505888398622,46.50341384466585],[4.810399982298117,46.50342984257388],[4.810386088398356,46.50342781085829],[4.810355276933254,46.50334840787701],[4.810241501900905,46.50319421050791],[4.810132679678291,46.503043807568446],[4.810062887067131,46.50294925965411],[4.809994605858627,46.502813796626725],[4.809980524111573,46.502786458560635],[4.809957319759938,46.50270828608022],[4.809873479021924,46.50255595626616],[4.809803771109525,46.502432494840086],[4.80975903496403,46.50236186864306],[4.809606671415637,46.50241643002609],[4.809372800980425,46.5025029044471],[4.809265955768699,46.502514142556876],[4.808984933989501,46.502539755401735],[4.808877855833791,46.50255577046675],[4.808710965831104,46.502573542273886],[4.808607637280395,46.50258463406264],[4.808474193788914,46.502596202110645],[4.808227259809939,46.502611366343295],[4.808204733092463,46.50261253323038],[4.808136221505892,46.50263514312954],[4.808041098938261,46.50266555943465],[4.807937893603703,46.502530917745986],[4.807935745052569,46.50250546232025],[4.807916246808735,46.50240129112137],[4.807897466056952,46.502358084985445],[4.807802092772491,46.50217639361785],[4.807609472884645,46.50200821883382],[4.807583866598755,46.50197944146319],[4.807509788571506,46.501893156056106],[4.807386079818714,46.50175766715163],[4.807328321666746,46.501695442149014],[4.807291919226617,46.50166755592913],[4.807175861522469,46.50158184383934],[4.807048190840514,46.501665193708966],[4.806876419685149,46.50178355651303],[4.806783105895091,46.50186852473452],[4.806702705200128,46.5019456329918],[4.806551544315816,46.502060156911064],[4.806500196919775,46.502096905582746],[4.806455469531224,46.502124812986345],[4.806283319687444,46.502204271231626],[4.806167987948975,46.50226643916283],[4.805952874444775,46.50238377390222],[4.805842806494623,46.50244342649678],[4.805822593975112,46.50245932759676],[4.805796447528579,46.50249297584119],[4.80571961977493,46.50257957419087],[4.805659253757824,46.50262367038071],[4.805633121724502,46.502642006712726],[4.805574556045928,46.50268139086126],[4.805468194843041,46.50274665885273],[4.805337314654609,46.50282384266846],[4.805096257922471,46.50297716241405],[4.804932336841879,46.50306891807252],[4.804820554479194,46.50313201930298],[4.804746136307573,46.50317327447824],[4.804703492287467,46.50319718526532],[4.804626522423185,46.50323622892528],[4.804521439607543,46.503288956302136],[4.804412860450413,46.503342459305486],[4.804344617456147,46.503389020858926],[4.804294705094066,46.50342979892199],[4.80425328899668,46.50347899938874],[4.80423156256334,46.503500418256635],[4.804212234957284,46.50351549447531],[4.804131416352084,46.50357621494617],[4.804070486180377,46.50362698421843],[4.803967682870226,46.50370921754039],[4.803928024516127,46.50374848261804],[4.803859448865991,46.50381261245614],[4.803785609656703,46.5038871831584],[4.8037374544787,46.503933787686584],[4.803703429923211,46.50398170043835],[4.80368122694898,46.50400844074777],[4.803662959850403,46.504024040547705],[4.803578459700851,46.50408391799374],[4.803530398133022,46.50412547711977],[4.803479988162803,46.50417490921872],[4.80338134556404,46.50423708115962],[4.803296126748587,46.50429102520525],[4.80323697061219,46.504328435898664],[4.803208442609153,46.504345368338775],[4.803083082691005,46.504412194584106],[4.803042688392347,46.50443318705315],[4.803010680199255,46.504459271231106],[4.802861514390137,46.504579342770256],[4.802772832877415,46.50464694133239],[4.802694123748878,46.50470843807888],[4.802612278980618,46.504785566033426],[4.802592110508197,46.504810742876145],[4.80254911128785,46.50487131624772]]],[[[4.808018389151787,46.51407453085762],[4.80797519458015,46.51398766730911],[4.807948948432563,46.513935842599224],[4.807909596214622,46.51386648161398],[4.807866346209595,46.51379366956984],[4.80780232891972,46.51368867112912],[4.807777554223614,46.51364186694961],[4.807719428943304,46.51352569691132],[4.807610472663516,46.51351327849499],[4.807463341792753,46.51351812600575],[4.807382188074556,46.51352580351977],[4.807370934060089,46.51355624436022],[4.807382746852849,46.51358199735031],[4.807426565383275,46.51365624167531],[4.807487221513457,46.51376219412445],[4.807539550542538,46.51386881857381],[4.807573527220105,46.513941326972066],[4.807619327233547,46.51399662554973],[4.807681767138091,46.51405012991516],[4.80770269284601,46.514087087436465],[4.80777963255765,46.514172607019084],[4.807832531056559,46.51422950459988],[4.807891812064982,46.514293957066734],[4.807988865161024,46.514399784194325],[4.808066652836119,46.51448330868282],[4.808098254508995,46.514511720982654],[4.808219864707287,46.5146184206074],[4.808199564232607,46.514502012983044],[4.808185248212635,46.514412621310946],[4.808180122858037,46.514383970539505],[4.808165427855736,46.51435393991686],[4.808134719986356,46.514285613212735],[4.808084180093305,46.51418184291889],[4.808056342146197,46.51414103174208],[4.808018389151787,46.51407453085762]]]]}}]}
