{"type": "FeatureCollection","name": "aoc_geojson","features": [{"type":"Feature","properties":{"dt":"Mâcon","type_prod":"Vins","categorie":"Vin primeur, Vin tranquille","type_denom":"appellation","signe":"AOC","id_app":583,"app":"Mâcon","id_denom":1713,"denom":"Mâcon - rouge exclusif","insee":"71274","cvi":"1B369, 1B369 01, 1R371, 1S371, 1S371 01","nomcom":"MANCEY","insee2011":"71274","nomcom2011":"MANCEY","id_aire":1782,"crinao":null,"grp_name1":null,"grp_name2":null},"geometry":{"type":"MultiPolygon","coordinates":[[[[4.830321978065372,46.572672165715296],[4.830210300813464,46.572706825984596],[4.830064889749848,46.57275202295702],[4.829896986261559,46.572804154232095],[4.830085407842116,46.573032166671034],[4.830181891699956,46.573143839707434],[4.830239745850936,46.57323307284931],[4.830155622990521,46.573263779870295],[4.830261105726961,46.573371165856294],[4.830456996256104,46.573623106458335],[4.830644421474834,46.57384852198348],[4.830667094090769,46.573862480243356],[4.830710377221158,46.57383683927277],[4.830710635268644,46.57383674507832],[4.830938028167517,46.5737669986727],[4.831197795341114,46.57367736934839],[4.831393094815954,46.57362425753481],[4.831357928582091,46.57359221547014],[4.831350245751479,46.57358513293036],[4.831235011675195,46.57338594445513],[4.831070523057075,46.573197901502006],[4.831325917736636,46.57312203210466],[4.831521044396021,46.573040551370546],[4.831724240331914,46.57294660186294],[4.831550991237973,46.572859215667805],[4.830557100839523,46.57236631821498],[4.830553209202173,46.57245644845168],[4.830546901969014,46.57259903689139],[4.830404017022325,46.572645544931696],[4.830321978065372,46.572672165715296]]],[[[4.835785513364512,46.57185720328898],[4.83575516595338,46.57189452781387],[4.835680789274846,46.571985608495154],[4.835571841990444,46.572128222008814],[4.835535155457155,46.57220996163776],[4.835515107594937,46.57225450653727],[4.83545714343056,46.57238693538073],[4.83534662260925,46.572502283230854],[4.835155124091277,46.57265243443578],[4.835132854071786,46.572669814305044],[4.835045048855124,46.57273841261953],[4.834802360485867,46.572904335033506],[4.834793043800286,46.572910789121075],[4.834732499439304,46.5729318446434],[4.834581979226455,46.57298424466298],[4.834454114766769,46.57301520550831],[4.834238114257132,46.57305847661495],[4.833949192951794,46.573096610731476],[4.833862766426045,46.57309763494984],[4.833726205225603,46.57309919195227],[4.833511338132768,46.57309858036549],[4.833471882926337,46.57310209444498],[4.833365235149144,46.57311154826526],[4.833228799429,46.573151741864855],[4.832975201423367,46.57322659603095],[4.832940626995414,46.5732393087884],[4.832910827823413,46.57325032385578],[4.832906112942656,46.57325769485603],[4.832865057273609,46.573322300489],[4.832898385193394,46.573396703521404],[4.833313607870936,46.57358361115974],[4.833519009806664,46.57368705233529],[4.833764905487471,46.573810019785185],[4.833936296808234,46.5739079704446],[4.834468365112996,46.574170730912776],[4.834663917678559,46.57426081770504],[4.835117822312505,46.57447511024527],[4.835152630359993,46.574488692976644],[4.835477093345863,46.574625168577136],[4.835559511725436,46.574656271687275],[4.835631624133594,46.57462188033661],[4.83566928624015,46.57460389331529],[4.835727631446245,46.57452531906998],[4.835742440196309,46.574484190692196],[4.83575403095622,46.57445221079168],[4.835770891756402,46.57443320625984],[4.835803984913095,46.574395927810286],[4.835921536458942,46.57425272587791],[4.83593896484464,46.57421957152173],[4.835954177097264,46.57419041569951],[4.836164300450153,46.57414318261157],[4.836330729902176,46.57412096839345],[4.836404413893943,46.57412158782915],[4.836586623259771,46.574118034421815],[4.836633504464866,46.57411394980397],[4.836707470684521,46.57410744913359],[4.836972067113403,46.574083749065245],[4.837022867714291,46.57409518318732],[4.83708858723361,46.57416555266321],[4.837088590271163,46.57416564268264],[4.837100670545953,46.57421399556613],[4.837133223806011,46.57424977064882],[4.837161438893626,46.57428084172702],[4.837208691315774,46.57431097681622],[4.837216566218254,46.57431598432593],[4.83734402156641,46.57437734685236],[4.837434831854335,46.574421013553795],[4.837493471459524,46.57444024765674],[4.837552772913496,46.57445974131153],[4.837592143426419,46.57444208649666],[4.837708706584038,46.57438968723182],[4.837841999282149,46.574326030964436],[4.837928247153744,46.57428483623659],[4.837992856553736,46.574260381249154],[4.838075519342593,46.57422906139485],[4.838179829883772,46.57419289048943],[4.838193087852711,46.574136835342685],[4.838196165580467,46.57412354590265],[4.838209957039378,46.57404847780007],[4.838198545335477,46.57396579830379],[4.838251072345218,46.57395099432139],[4.838273712712428,46.5739445962144],[4.838269349307651,46.57391980745881],[4.83825956765907,46.57390861593237],[4.838251143056285,46.573898933774224],[4.838222751889663,46.57387813355598],[4.83827577327787,46.573854765144524],[4.838320206868385,46.57384009108575],[4.838367096319188,46.57382465702748],[4.838387409080875,46.57383829141215],[4.838424918092124,46.573823548371834],[4.838531904879638,46.57378156978542],[4.838501753938806,46.57371639427543],[4.838464955768972,46.573605210588596],[4.838485193795325,46.573512205408264],[4.838495946398043,46.57351347382107],[4.838506173816736,46.57351466059882],[4.838538296431961,46.57348352153739],[4.838596725379329,46.57342692102453],[4.838809944904456,46.57341737184561],[4.838816857227558,46.573417080682994],[4.838825935771098,46.57339198596782],[4.838858410209617,46.57330166634487],[4.83886545507681,46.57328209845236],[4.838894670889668,46.573226777624804],[4.838875940038808,46.57315943726383],[4.838927497402234,46.57313915436722],[4.838898173972593,46.57311008301467],[4.838767588074141,46.57301013324051],[4.838725359894036,46.572977936594256],[4.838687551896904,46.57294900146402],[4.83861920463992,46.572978740867846],[4.83859686972564,46.572951628770845],[4.838594996638604,46.572950307830006],[4.838584280257463,46.57294237379869],[4.838569411450869,46.57294297286664],[4.838543723816366,46.57295194188918],[4.838481308127117,46.572979424312166],[4.838463845975886,46.57296124075791],[4.838448751527327,46.57293968665443],[4.838403188946144,46.572874488407564],[4.838288516839679,46.57290154892609],[4.838164290896468,46.57276555914635],[4.838330320183561,46.57273163949338],[4.838321862480396,46.57272484005519],[4.838165043184286,46.57259829040928],[4.838164639425353,46.57259793661947],[4.838093694313158,46.57256232790987],[4.838088855293337,46.57255826246775],[4.838059824228657,46.57253395983017],[4.83805227424858,46.57252696566226],[4.837991051769301,46.572469854622774],[4.837941319547116,46.5724165220804],[4.83792695119274,46.57240099082404],[4.837909006647361,46.57238011288765],[4.837875433905277,46.572341202002264],[4.837759178740785,46.57220139104414],[4.837754169619531,46.57219228449982],[4.837732773497295,46.572165877717275],[4.837721465257105,46.57215200860821],[4.837706950341944,46.572105045875404],[4.837656112528218,46.57201120027157],[4.837613598528874,46.571811841232496],[4.837599280604471,46.57174749215994],[4.837586350176887,46.57168942558799],[4.836116543327301,46.57189449663156],[4.83603714918113,46.57171671449249],[4.836023334046319,46.571725312402485],[4.835996729806043,46.57174195135286],[4.835856559463834,46.571818415476045],[4.835785513364512,46.57185720328898]]],[[[4.837250197032203,46.57832365602028],[4.837337499096814,46.57840637864691],[4.837477128278151,46.578650113779425],[4.837752517033582,46.57858949129101],[4.837753036188132,46.578589392889825],[4.838200861897042,46.578490694651585],[4.838622324250495,46.57838881527921],[4.838572354151593,46.57824740017452],[4.838521777002097,46.57816922261698],[4.838500553952869,46.57813641834887],[4.838464994011272,46.578081327264435],[4.83845446746433,46.578063572739545],[4.838405554154301,46.57798050473764],[4.838404442900559,46.57797854108255],[4.838395577192911,46.57796355199589],[4.838388229582623,46.57795097037175],[4.838361532017989,46.57789915954189],[4.838353884146934,46.577893157709674],[4.83834086545958,46.57788282877628],[4.838332500692738,46.57786720116473],[4.838329682557394,46.577849502994525],[4.838327004089821,46.57783207278597],[4.838281677860873,46.577777859004506],[4.837900598428215,46.577891878622],[4.837603361410013,46.57798617740042],[4.837395212964604,46.5780304089352],[4.837403331485383,46.578042617975136],[4.837123373393657,46.578126460485095],[4.837123513054432,46.57812672844837],[4.837201510645844,46.57827048649623],[4.837250197032203,46.57832365602028]]],[[[4.843500404910205,46.57169638857087],[4.84348995018894,46.57169619665494],[4.843391795981608,46.571694084430916],[4.843347575719267,46.571691824227145],[4.843233356480558,46.57168582740432],[4.843075905422912,46.571668187136694],[4.84300957001305,46.57166078868158],[4.842964732634083,46.571675020773945],[4.842959951719363,46.57167653883474],[4.842952123365177,46.57168062786914],[4.842920303045398,46.571697442503314],[4.842898806301177,46.57173372583684],[4.842860468730804,46.571897546840894],[4.842839629744742,46.5719995694614],[4.842765183782216,46.57219630620574],[4.8427403217396,46.57224507310245],[4.842725748048421,46.57227367921558],[4.842738413409426,46.57232760641433],[4.842734618632228,46.572350544854224],[4.84272639516028,46.57240084528531],[4.842743202291001,46.572561706990946],[4.842745146329942,46.572595991731816],[4.842747297075783,46.572632524853404],[4.842747590839617,46.57267593305886],[4.842736318820146,46.57279437421263],[4.842734005589359,46.572818639827034],[4.842728996959209,46.57289446790883],[4.842732682041656,46.57294160439333],[4.842741552916367,46.57299532246013],[4.84274920746703,46.57303239746518],[4.842761180263047,46.57308129197872],[4.842830770445758,46.573200232860756],[4.842865903933832,46.57325812164377],[4.842933057637631,46.57335908802398],[4.842968116869768,46.57335690240241],[4.843001612719054,46.5733548320068],[4.843005343340352,46.573376298277736],[4.84300926239898,46.57339947281303],[4.84302171333333,46.573504922509144],[4.843029105026007,46.573549657534976],[4.843042626749051,46.57364815472798],[4.843048067570633,46.57367769961311],[4.842973146771094,46.57368683174977],[4.843015995455843,46.5737989975496],[4.843048115491824,46.57386044745623],[4.843116936340898,46.573840875487925],[4.843165039414183,46.57389990640342],[4.843196376434515,46.573938221319814],[4.843260701874613,46.57401347351463],[4.843270496760937,46.574025024690584],[4.843225373587924,46.57405015971616],[4.843218067061542,46.57405424036007],[4.843232409931928,46.57406896077425],[4.843247973362174,46.57408501255972],[4.843310641922187,46.57407274500027],[4.843303902680009,46.574051147045004],[4.843440639885938,46.57398913997529],[4.843545876306705,46.573937997864064],[4.84358236658989,46.57392020719488],[4.843615730601579,46.57390651993362],[4.843673439884276,46.57388280328768],[4.843760009389976,46.57385510915186],[4.843829440316322,46.57394225790318],[4.843838458185801,46.57395400168352],[4.84385691964212,46.57398234607569],[4.843870839196846,46.57400770129398],[4.843897753511794,46.57406581222418],[4.843909139142831,46.574097332896876],[4.843902460957669,46.57410068291814],[4.843908833631301,46.574188577039045],[4.843912297494438,46.574209867443514],[4.843919882889362,46.57424487191944],[4.843914919734068,46.57426800935094],[4.843905836730197,46.5742890514977],[4.843893124171559,46.574318618524906],[4.843852697401966,46.57438601026985],[4.843849486337262,46.57439146608625],[4.843811993657225,46.574449083179246],[4.843812124195426,46.57444908107687],[4.844026751863399,46.57441545131191],[4.844755794559736,46.57430697265184],[4.844747311349233,46.57428017891014],[4.844708276575838,46.5741419224958],[4.844688964257624,46.57409233581218],[4.844740422167451,46.57408457138525],[4.845459866404085,46.573978224311745],[4.84564544623596,46.57395082408691],[4.845679746244492,46.573945497486186],[4.845701575738632,46.57394217329433],[4.845706793552433,46.57385337181255],[4.845708261246883,46.57382731838645],[4.845710234446821,46.57379306058709],[4.845711327168081,46.57377520942929],[4.845711418031364,46.573774037075324],[4.845733587875242,46.573773049166995],[4.845984905840403,46.573762331973356],[4.845978809101368,46.57374045359244],[4.84594918805309,46.573633389551496],[4.845946517924538,46.57362397542394],[4.845936247340599,46.57358685271366],[4.84590329803059,46.573489479644756],[4.845857591931408,46.57350507788605],[4.845836161032771,46.57351244876198],[4.845818477993009,46.57344545277995],[4.845797393309369,46.57338598731706],[4.845661647214682,46.57341546660782],[4.845640817306814,46.573336542238295],[4.845663204634334,46.573330416936],[4.845724802392897,46.57331357180593],[4.845708398530268,46.573268892146345],[4.845690590109546,46.5732636850866],[4.845635087201248,46.573275388109806],[4.845599555494903,46.57328289620273],[4.845495877191859,46.57330285147889],[4.845365467173594,46.5733279211169],[4.845349673169152,46.57329737231687],[4.845333457065167,46.57326592963475],[4.845317383719562,46.573234844922865],[4.845311231322556,46.57322287492914],[4.845305218616682,46.5732111728886],[4.845291607824415,46.573183381010004],[4.845278157265373,46.57318729061919],[4.845225326241008,46.57311212445318],[4.845184108360241,46.57311756242764],[4.845097391265268,46.57314084670262],[4.844905660810159,46.57322562869047],[4.84486488723302,46.573182512533855],[4.844905688553116,46.5731724879015],[4.844822402512478,46.57308889557936],[4.844772325912329,46.5730911436304],[4.844738422194904,46.57308502489818],[4.844728885185891,46.57307337961966],[4.844715801770029,46.57305728806768],[4.844694544667066,46.57303124056404],[4.844720658291634,46.573015598222035],[4.844899842474458,46.57295371595397],[4.844938913112442,46.57294272844489],[4.845022354395068,46.57291913680611],[4.845024795533962,46.57292179951506],[4.845067655189882,46.57296866486693],[4.845083899444177,46.57297011435883],[4.84517390315851,46.57297830105159],[4.845610535089985,46.57279770087466],[4.84563681007465,46.572786829340934],[4.845582484737135,46.572690701485556],[4.845559156104435,46.57264208036312],[4.845545101849003,46.57261276449817],[4.845537087756686,46.57259596083431],[4.845530194224049,46.57258139081547],[4.845435630578558,46.57239242056655],[4.845325719370178,46.57227467153903],[4.84523108840482,46.5722185531094],[4.845089880404199,46.572136885336484],[4.845006489196935,46.57208869172811],[4.844989627234251,46.572076714181975],[4.844931568125144,46.57204378415615],[4.844908000236442,46.572030473576156],[4.844762305753459,46.57196283831598],[4.844695597654866,46.571944458490464],[4.844652091999619,46.57193245988513],[4.844613878407146,46.571926320505355],[4.844548610521247,46.57191575333896],[4.844426123921278,46.57188548237267],[4.844398729297305,46.57187871826897],[4.844364986808723,46.57186962458327],[4.844291311975443,46.57184991567294],[4.843990889206334,46.571779458048056],[4.843705868542526,46.57172028034288],[4.843524793520523,46.57169923828654],[4.843500404910205,46.57169638857087]]],[[[4.84717087135954,46.57394846851161],[4.847242349898683,46.574118895535186],[4.847776047768495,46.574015891079874],[4.848404941987569,46.57390089918627],[4.848386729215558,46.57386840832503],[4.848094829739629,46.57333388100546],[4.847905500173546,46.57302367914139],[4.847867241101063,46.57305086689397],[4.847704268211126,46.57318625826898],[4.847388278399466,46.57328863176994],[4.84753088916548,46.57348457100897],[4.8474457053182,46.573506841570826],[4.847501560662262,46.573597900069636],[4.847531385686887,46.57366469987519],[4.847775138105384,46.57366968267303],[4.847816389902361,46.57374989831269],[4.84789984287926,46.5737381934267],[4.847909735111508,46.57376028065842],[4.847915815657204,46.573773962981754],[4.847996070756516,46.57375654526372],[4.848031224393415,46.57383794008979],[4.84794902165912,46.573848003656146],[4.847733164385681,46.57388760521456],[4.847701683123701,46.57381434726181],[4.847678847033681,46.57378030968128],[4.84764392830672,46.573744305457765],[4.847622466506232,46.57371997307822],[4.847598813346145,46.5737118883797],[4.847514541667884,46.573699467917116],[4.84747998234375,46.5736971434408],[4.84740722252956,46.573700659373955],[4.847393143749753,46.57370529991668],[4.847402157860543,46.573724609237736],[4.847355746577707,46.57373481535373],[4.847344838581236,46.57371742802712],[4.8472722666501,46.57373418090137],[4.847191149519375,46.57375314318125],[4.847201888955954,46.573792509937704],[4.84723739478953,46.57386507259955],[4.847154610223155,46.573881089496695],[4.847155141768241,46.57391215452659],[4.84717087135954,46.57394846851161]]],[[[4.848916692205604,46.57364017352772],[4.848933712002146,46.57359522468765],[4.849015840753488,46.57341763422595],[4.849031822507604,46.57336135350371],[4.849060663989366,46.57321839932667],[4.849063065865495,46.573208362930295],[4.849077518851107,46.573107072645556],[4.849040131424787,46.57308299774976],[4.849023933169381,46.5730713703348],[4.849023544902086,46.57305993790786],[4.849038641520044,46.572996826269936],[4.849043173164743,46.57296874177634],[4.849032634707895,46.57296224692042],[4.849017428511909,46.572960601084006],[4.848972848722549,46.57297086835972],[4.848779101532474,46.57302299465645],[4.84875018919538,46.573021570127736],[4.84860078120572,46.57302173111004],[4.848367230978651,46.57314790522395],[4.848351194821714,46.57314104872765],[4.848263472298354,46.57319623589165],[4.848200429496819,46.57323589305288],[4.848128177524223,46.57328128309085],[4.848463565593061,46.573888784161184],[4.848910493455649,46.573807620863526],[4.848912760544146,46.5736897746863],[4.848916692205604,46.57364017352772]]],[[[4.849959147198693,46.574430346562245],[4.849873486215135,46.57426177150108],[4.849826792783461,46.574129134551505],[4.849766157456997,46.5738206389468],[4.849663998997521,46.57377383269306],[4.849315090642794,46.57382990774507],[4.849064304184538,46.57389088187811],[4.848914339266812,46.573920864890084],[4.848716109185624,46.573952617873125],[4.848655687718559,46.57396178979961],[4.847737643817053,46.574135040983414],[4.847739989881911,46.57414644180959],[4.847463163574027,46.57419837547104],[4.847186871105497,46.57425066011438],[4.847197249566758,46.574290933377554],[4.847220566944528,46.574289116053066],[4.847238813699674,46.57434187193409],[4.84708377003956,46.57436851185742],[4.847020995179673,46.57439303250846],[4.847052513294677,46.57447124379886],[4.847133668193536,46.574453361849436],[4.847153572886997,46.57449339134566],[4.847175803659145,46.57453653570227],[4.847222135084406,46.57465098564556],[4.847104358180427,46.57467891570609],[4.847058781179415,46.574690639388336],[4.847061696573198,46.57469572625135],[4.846891483432943,46.574744947598255],[4.846683161037316,46.57477577897988],[4.846647388843915,46.57475311834903],[4.846615973243713,46.57476263192165],[4.84666140437644,46.57490447738415],[4.846730171024273,46.57502577109142],[4.846811988028157,46.5750658827531],[4.846812118567721,46.5750658806473],[4.846887477356745,46.575085020432226],[4.846933059388113,46.575096534390376],[4.846968205088596,46.57509686808042],[4.846984179787203,46.5750980514567],[4.84701835752244,46.575100652457515],[4.84704038661119,46.57509165048797],[4.84710314404593,46.575081991409974],[4.847327475501152,46.57503793110962],[4.84755362497972,46.57499357081913],[4.847850122206902,46.57493231267006],[4.848224683722058,46.57488141233694],[4.848746295670163,46.57479156843534],[4.848786651749268,46.57478380133236],[4.849356202919387,46.5747056999652],[4.849728376571165,46.57461151029743],[4.850030751736205,46.574535019947426],[4.849959147198693,46.574430346562245]]],[[[4.850448767208226,46.57489042958767],[4.85054777925115,46.57495602028241],[4.850626124461893,46.575013028190554],[4.850806470773684,46.57515052957761],[4.850808935724876,46.575150039385825],[4.851308547817957,46.57504702916865],[4.852722790909021,46.57476259195075],[4.852656332796234,46.57457902689367],[4.852606308304937,46.57443698767836],[4.852560931112244,46.57431252667741],[4.852440226874794,46.573974110749006],[4.852391734351061,46.57383483877828],[4.852273104323349,46.57349206582337],[4.852253128508464,46.57346924140164],[4.852230599434659,46.573455825417575],[4.852200663537944,46.573443520018984],[4.852160084232832,46.57344084400904],[4.851750699729148,46.57349664401012],[4.850961093733963,46.5736017334787],[4.850604031309103,46.573648397072304],[4.850388001342726,46.57367899962119],[4.850048426715545,46.57372528873828],[4.850032345224631,46.57373248389121],[4.849943453835964,46.57377246966039],[4.849904693531751,46.573796423731324],[4.849880883516596,46.57384139237837],[4.849855637352475,46.57390944176036],[4.84989096990147,46.57403829926549],[4.849930417732465,46.57414988717827],[4.850005548772213,46.57435835256577],[4.850032772710871,46.57441384516877],[4.850104747670289,46.574494824510545],[4.850128558653906,46.574488315055305],[4.850187811567899,46.574536985216525],[4.850260869967599,46.57462677366747],[4.85029027879724,46.5746658384352],[4.850305799579889,46.57471899820473],[4.850344489996619,46.57478520370265],[4.850329494355884,46.574789769355164],[4.850342599223659,46.574810273303285],[4.850448767208226,46.57489042958767]]],[[[4.854312895261787,46.57421958391163],[4.85431283188219,46.57417554138784],[4.854314618785605,46.57413597232465],[4.85432763454648,46.574077126837174],[4.854309881527536,46.574077414389166],[4.854305959924731,46.574015961045994],[4.85429781033841,46.57395691796769],[4.854283473899981,46.57388878809897],[4.854268803673319,46.573830030770516],[4.854266749754186,46.57381574312797],[4.854262644985077,46.57378725786159],[4.854262972209296,46.573785361120635],[4.854272432809056,46.57372567253163],[4.854277756928729,46.57367875061519],[4.854271498010149,46.57361769539945],[4.854249899327215,46.57347438578455],[4.854239594340702,46.573405740266615],[4.853907674690281,46.57344272992662],[4.853904604939227,46.57344079812852],[4.853888811096986,46.573314507490544],[4.85387715683703,46.57322156526958],[4.853254670267093,46.573301717340286],[4.852334986747783,46.573418379234134],[4.852425914855962,46.573657120840174],[4.852457224181722,46.573763525612776],[4.852527042775489,46.57394226277481],[4.852558724757018,46.574025063525156],[4.85259998906865,46.5741322979214],[4.852655657495872,46.5742866752705],[4.852678207374896,46.574346746355644],[4.852755347102669,46.57455634849044],[4.852820568731093,46.57474578796361],[4.852823294722958,46.574745293503135],[4.853516798163203,46.574613736055525],[4.853647887782726,46.57458945674274],[4.853743402948941,46.574571427632534],[4.854317394118568,46.57446287642066],[4.854322584971087,46.574461891657045],[4.854327781955559,46.5744610869311],[4.854269391229136,46.57424226529009],[4.854312895261787,46.57421958391163]]],[[[4.866292401744368,46.559600361532375],[4.866235547764588,46.55958354497135],[4.86589350686243,46.559474914024435],[4.865789978553881,46.55944111453752],[4.865676809671422,46.55940413955142],[4.86565144795656,46.55938419733898],[4.865632929939725,46.55936963778376],[4.865608581427716,46.559348778354654],[4.865498954271334,46.55925509195995],[4.865525649229422,46.55923772383802],[4.865362541062648,46.55905411931518],[4.865358329042728,46.559049324229335],[4.865335169881087,46.55905555617926],[4.865303990600623,46.559063990426445],[4.865301142173363,46.55906088442901],[4.865221139685864,46.55896671495778],[4.865198415026017,46.558939884416304],[4.865185570451359,46.55892703371494],[4.865021334090855,46.558763802745815],[4.865015124549745,46.55875786929944],[4.865002574971837,46.55874600453218],[4.864838139163244,46.55871418746544],[4.864787797137595,46.55870446963202],[4.864454944390442,46.55864657386731],[4.864436302509358,46.558643635063724],[4.864142366899094,46.55859735382065],[4.864112567892957,46.55859270523826],[4.864078955726471,46.55851480247437],[4.864040728342323,46.55840887329732],[4.86399745312795,46.55834238653533],[4.864026187702425,46.558331200312814],[4.864100432777338,46.558295404512094],[4.864107567067384,46.55829402734338],[4.864405078883253,46.55823504962299],[4.864405075801443,46.55823495960405],[4.863661750726447,46.557621175712995],[4.862931481486259,46.55704122081118],[4.862719888914994,46.557054392334486],[4.86246122299397,46.557073193262056],[4.86215268347883,46.557099740424825],[4.861819436725735,46.55716361702353],[4.861966697832207,46.55725849591887],[4.862176152382422,46.557423337152336],[4.862462950547325,46.55759331429991],[4.862729033177813,46.55779127913472],[4.862925731416775,46.557945698512356],[4.863127164168874,46.55814687643522],[4.863364545737374,46.558364491802244],[4.863680607071333,46.55866819257138],[4.863891618004592,46.55887056427844],[4.863873376603044,46.55887932784731],[4.863863101865498,46.55888814181181],[4.863810714934658,46.55893312881122],[4.863689163418418,46.55904030893253],[4.863574421267658,46.55909847050942],[4.863514994432994,46.55912853045108],[4.863474610581618,46.55915035422489],[4.863506575102166,46.55918775287533],[4.863576024244971,46.55926741406989],[4.863599815777071,46.55929873100494],[4.863618817993292,46.55932364094395],[4.863679806787971,46.5594346037527],[4.863711365567277,46.55947921448504],[4.86378360189446,46.559571619988546],[4.863815966519274,46.55961306515182],[4.863864502655743,46.559680637203265],[4.863868481317946,46.559686246764464],[4.863896666925894,46.55972766989286],[4.864124731494845,46.56006189487912],[4.864167161579268,46.56012272100717],[4.864246943793206,46.56023716033157],[4.86423515735615,46.56023996431625],[4.863793756978262,46.560345238330335],[4.863793896724647,46.56034550626197],[4.863941002147224,46.560569003971615],[4.864131288195779,46.56087520221212],[4.864329550742639,46.56116640882486],[4.8644897172668,46.56140131203237],[4.864497406566857,46.56143901579611],[4.864517657414361,46.56146984981516],[4.864608575340247,46.561608155948974],[4.864773193912932,46.56185478530529],[4.864871055714151,46.56200135453591],[4.86491278422401,46.56206831653348],[4.8649362715206,46.562105943001],[4.865018915825525,46.56209793127141],[4.865277205725016,46.56203697873945],[4.865516057445022,46.561957517990116],[4.865596484692558,46.56209824609449],[4.865622822586443,46.56209709624329],[4.865783438490801,46.562089524328385],[4.866014360984127,46.56207972515817],[4.866428480038458,46.5620620745827],[4.866486227039676,46.56205915137759],[4.866486223954209,46.562059061358774],[4.866421891266595,46.56188888898891],[4.866375303582966,46.56186307827766],[4.866240760707643,46.561686484858704],[4.866146439949908,46.56158237164091],[4.866123098228804,46.56155663216158],[4.866105453734042,46.561537104629544],[4.866098647698036,46.56152901930382],[4.866051163771236,46.56147323005407],[4.865849511427452,46.56114055965699],[4.865821828082835,46.5610948054776],[4.865819893057176,46.561091684601955],[4.865812973000167,46.561080268560595],[4.865781991042907,46.561029704411354],[4.865765663081305,46.56100285976768],[4.865707423499474,46.560907525221694],[4.865612941068769,46.560752885433445],[4.865524852038505,46.560617145952776],[4.865440481322128,46.56048702016065],[4.865390580874999,46.56041019385812],[4.865210923919126,46.56012093751337],[4.86546834016481,46.56007287849763],[4.865591942668739,46.56005609248986],[4.865787658788097,46.56004416542067],[4.865952361424676,46.560034094678045],[4.866137877519617,46.560017919911346],[4.866251723773572,46.55999841004624],[4.866264684578751,46.559995586701994],[4.866418262767527,46.55996191841661],[4.866565361922727,46.55992970662413],[4.866662543267854,46.559900200238374],[4.866775618922467,46.55986584099641],[4.866775615836646,46.55986575097755],[4.866775787352555,46.55986313617351],[4.866788124900965,46.55969738776564],[4.866547500412623,46.55965240468964],[4.866382113515968,46.55961961453676],[4.866308098043414,46.559604969317576],[4.866292401744368,46.559600361532375]]],[[[4.86672375499311,46.56211634457258],[4.866508999093617,46.562129214096124],[4.865158790649062,46.562159601065694],[4.865292997214357,46.562482743620954],[4.865366601284457,46.56263394101846],[4.865516001270589,46.56281731866623],[4.865569378378134,46.562881208369596],[4.865711253023552,46.56311550740788],[4.865787591273715,46.563373121664306],[4.866109212478705,46.56329672392568],[4.866486140762082,46.563195735210414],[4.866657265928946,46.5631099008101],[4.866905311268988,46.56296714881975],[4.867061078406889,46.56270764076334],[4.867177030651466,46.56247138933319],[4.867251986791539,46.56239910196494],[4.867235613614776,46.56237478019349],[4.867335028607978,46.56226939864012],[4.867410518311745,46.56221268441852],[4.867479847595845,46.5621629159143],[4.867438681216225,46.562055324433395],[4.867409309721451,46.561964203297165],[4.867366087604739,46.56197562670693],[4.86672375499311,46.56211634457258]]],[[[4.868553926129463,46.5672333028239],[4.868299965913692,46.566804485931485],[4.868292427659464,46.56677128339651],[4.868236568045106,46.566509643636024],[4.868196357056125,46.566372944519756],[4.868162126263237,46.566319191515895],[4.868084839350274,46.5662703744354],[4.86801522802521,46.56596185284531],[4.867907235575267,46.56597343271054],[4.867399160322787,46.56603963706615],[4.867012056622892,46.56614908076434],[4.86677082895349,46.566193996528334],[4.8661388975462,46.56641488213903],[4.865742566696811,46.56656770502491],[4.865320558503461,46.56673346452752],[4.86542670436483,46.566850896090784],[4.865566381410519,46.56701695877515],[4.865616592081589,46.56707216338294],[4.865709755571799,46.56715368860142],[4.865742435240545,46.56717747459161],[4.865853579829021,46.567246367159285],[4.865948192553164,46.5673015684088],[4.865984317206618,46.56731917348073],[4.866076822406595,46.56737765146839],[4.866154837621096,46.56742105387436],[4.866285598350953,46.567490707065396],[4.866456756066216,46.56755780997993],[4.866540739344234,46.56758481232038],[4.866610097832203,46.5676004341757],[4.866727119769345,46.56763500383994],[4.86683668144401,46.56766528167015],[4.866939900997216,46.56774673199248],[4.866991086903863,46.56782650897148],[4.867053912343477,46.56794104287832],[4.867087236459126,46.56799120822191],[4.867186808650182,46.5680995584043],[4.867273361602459,46.56820145576863],[4.867415601244574,46.56835819738726],[4.867443514468778,46.56839908372075],[4.867496586014531,46.568488106837556],[4.867615761789239,46.56871484787246],[4.867679047906993,46.568808477916555],[4.867727608791616,46.568864969525826],[4.867820274727285,46.568962263304975],[4.867857817298338,46.56899830883021],[4.868076402515423,46.569195235668204],[4.868169188039086,46.56926172360547],[4.868338643533688,46.56936271756338],[4.868414391904951,46.56941984598577],[4.8685660760313,46.56953193796963],[4.868631642355413,46.569612019933295],[4.868719089379479,46.56971318111148],[4.868755723279171,46.569760770030506],[4.868802858516878,46.56954356455142],[4.868805240263757,46.56950641720748],[4.868816803546779,46.56946281513518],[4.868818193734879,46.56945765850207],[4.868825858000609,46.569361339598416],[4.868832665143781,46.56930853805337],[4.868840813772743,46.56924535666155],[4.868914213087377,46.56905141048894],[4.869023709375681,46.568897045705846],[4.869012278918299,46.5688037406117],[4.868958118529043,46.56869068748545],[4.868931354009111,46.56864906219517],[4.868910321033179,46.568618421822144],[4.8688894216939,46.56858786933276],[4.868797438338909,46.568381131292355],[4.868775029042553,46.56828755506387],[4.868747352454433,46.56814704874902],[4.868725232913307,46.568035273820286],[4.868727589652636,46.567890854570535],[4.868729379597798,46.56778319276596],[4.868751407276651,46.56768681948679],[4.868764007394817,46.56763158155691],[4.868686785848382,46.56747819355001],[4.868686782758971,46.56747810353132],[4.868645729710082,46.567393027916424],[4.868553926129463,46.5672333028239]]]]}},{"type":"Feature","properties":{"dt":"Mâcon","type_prod":"Vins","categorie":"Vin primeur, Vin tranquille","type_denom":"appellation","signe":"AOC","id_app":583,"app":"Mâcon","id_denom":1713,"denom":"Mâcon","insee":"71274","cvi":"1B369, 1B369 01, 1R371, 1S371, 1S371 01","nomcom":"MANCEY","insee2011":"71274","nomcom2011":"MANCEY","id_aire":1783,"crinao":null,"grp_name1":null,"grp_name2":null},"geometry":{"type":"MultiPolygon","coordinates":[[[[4.824827072490877,46.565498971816076],[4.824854501176005,46.56553420145806],[4.824892233609025,46.565530087254295],[4.824955684714124,46.56562706961151],[4.825048805674995,46.56575600335312],[4.825339419727012,46.565664183606735],[4.825439714861984,46.565773367819915],[4.825477445147288,46.56576529046817],[4.825481281500491,46.56578234220455],[4.825479907679864,46.56579200138875],[4.825387204243062,46.56628714237538],[4.825383137770521,46.56629828558395],[4.825262888895858,46.56652104977488],[4.825271681689895,46.566662586482714],[4.825271799376409,46.56666609725686],[4.825271923098146,46.56666978807071],[4.825283424408611,46.566821999673095],[4.825284027967204,46.56682442188396],[4.825286248311083,46.566832222391774],[4.825337661310697,46.56689336931893],[4.825362043034517,46.566915587578926],[4.825461861417266,46.56700658565743],[4.82546199495627,46.56700667359579],[4.825515360778052,46.567032572729325],[4.825541911677783,46.567045479358335],[4.82556660511235,46.56705751492491],[4.825582916501146,46.567061037641224],[4.825668158254106,46.56707949309894],[4.825703015013061,46.567086953209994],[4.825742081664571,46.56709533691177],[4.825850166328553,46.56712126380926],[4.825871494919304,46.56712641774879],[4.825892037367332,46.56713149415623],[4.825972237301652,46.56715147090036],[4.82603696136777,46.5671967333637],[4.826123343773816,46.56723750715107],[4.826169984092063,46.56726144171514],[4.826206126047146,46.56727995953427],[4.826491006265756,46.56748419187622],[4.826504059475583,46.56749569243473],[4.826592466991243,46.56757345150868],[4.82664645969652,46.56761411127646],[4.826649916699563,46.567615947539146],[4.826669462880372,46.56762635371996],[4.826737045362449,46.567737319819805],[4.826736895508724,46.56777956409748],[4.826833795572425,46.56786520351853],[4.826857480421721,46.56788608157424],[4.826871410573945,46.56790036020509],[4.826939316314506,46.5679703400977],[4.82698277234782,46.56794604872094],[4.826988285171163,46.567942988490735],[4.827083098028238,46.56804424278421],[4.827123975140499,46.5680870931714],[4.827155374308273,46.56811991714663],[4.827165416458128,46.56817010486355],[4.827200089000317,46.568214855621044],[4.827268199118788,46.568302575459654],[4.827242346811127,46.56831829968788],[4.827286014681184,46.568393710085886],[4.827292253821363,46.56840450871837],[4.82735034487461,46.56845050682735],[4.827406075183668,46.56845340002587],[4.827409204138148,46.568457132931364],[4.827436399714134,46.56848921332694],[4.827446190250184,46.56850076586851],[4.827424818034323,46.56851767956745],[4.827422781001935,46.568519243242505],[4.827460296506762,46.56857475669929],[4.827501327198244,46.56861048913529],[4.827561320933911,46.568662581389695],[4.827489911083519,46.568686688774505],[4.827467957495448,46.568694064554236],[4.827473870981638,46.568730177481605],[4.827480511433432,46.56875682166397],[4.82748611433837,46.56877978962223],[4.82750451597456,46.568853351600275],[4.827474305983881,46.56885986844191],[4.827483523075697,46.56898662709125],[4.827491220448638,46.56904865111765],[4.827491763096531,46.56905314585386],[4.827494189908665,46.56906319472554],[4.827512757830967,46.569141707784475],[4.827520660106391,46.56917481671391],[4.827520215352665,46.56918491142848],[4.827514095741967,46.56932164225538],[4.827493100891903,46.56938871780012],[4.827517523901051,46.56947046989777],[4.827538319397318,46.56951418114739],[4.827582743433453,46.569615969282616],[4.827591103249534,46.569635470636634],[4.827562236187637,46.569650882783456],[4.827592078658855,46.56968787462712],[4.827607335925773,46.569722217145355],[4.827490956149514,46.56974893387806],[4.827440540468537,46.56976045680244],[4.827641364841514,46.56993450448808],[4.827651221513561,46.56993245569373],[4.827670288258996,46.569928548561826],[4.827790125517842,46.56990366787522],[4.827883892782962,46.569884157078775],[4.827921841867751,46.56995254319052],[4.82792888853451,46.570026286414084],[4.827944822927787,46.57006133862153],[4.827955534169552,46.57006918363321],[4.827959015550459,46.57007174001326],[4.827981605783613,46.570114431780155],[4.827985179718507,46.57012752463521],[4.82798532233608,46.57012788262975],[4.827988274423375,46.570138013171274],[4.827987621780991,46.57013802359295],[4.827712100465058,46.570182052814744],[4.827462223349768,46.57024305510656],[4.827255910872685,46.57031020663781],[4.827160055319168,46.57034145906867],[4.827222328074831,46.57042638993658],[4.827345912121696,46.57059482583621],[4.827405994902409,46.57065340165624],[4.827457306333857,46.570703561013275],[4.827497673286555,46.5707428167076],[4.82750386499817,46.57074830207638],[4.827520018083446,46.57076263521591],[4.827563110528879,46.57078581528148],[4.827563244080543,46.57078590321735],[4.827902952722942,46.570864242628794],[4.827943751987473,46.57087746162665],[4.827989165166566,46.57089195795376],[4.828000784814812,46.570895735398516],[4.828103644094322,46.57096803866405],[4.828110185168536,46.57097225747057],[4.828152357713654,46.57099914479699],[4.828261284448049,46.5711004429854],[4.828488895739794,46.57123578256823],[4.828704955492446,46.57134212421715],[4.829006581872186,46.57148798927209],[4.829205835139714,46.571572171588556],[4.829724469191595,46.57182129767621],[4.830014256608384,46.57196059427157],[4.830479051460588,46.57218139564157],[4.830494116481396,46.57219052182996],[4.830541140207125,46.572206252369554],[4.830552747506498,46.57218634187191],[4.830557163655899,46.57204189223035],[4.830552028552465,46.57190858361041],[4.830495446762583,46.571763938442196],[4.83045688368252,46.57168907805552],[4.830405188194254,46.57158875824769],[4.83031494190673,46.57141781098596],[4.830203617415713,46.57121423575063],[4.830135017289818,46.57108887697462],[4.83001600913739,46.570792654341744],[4.830001990103904,46.570771892599616],[4.829990305062804,46.57075451613008],[4.829955730175553,46.57069724516065],[4.829940382119696,46.57067191118727],[4.829930970583058,46.57065611959361],[4.829864434307122,46.570545498827805],[4.829795360767744,46.57043320728893],[4.829768841009074,46.57039021839489],[4.82970266851535,46.57026319934505],[4.829672251460509,46.570166412043704],[4.82963716922481,46.570066817120505],[4.829569343713365,46.56975455448594],[4.829543399223726,46.56960041239988],[4.829529676323546,46.56951848967717],[4.829529673298746,46.56951839965748],[4.829501419303768,46.56931106426144],[4.829495523484295,46.5692677456952],[4.82943989724275,46.5690736373977],[4.829439766716881,46.5690736394837],[4.829107250354705,46.56910417214042],[4.828660751536516,46.56915498865154],[4.828531654114892,46.56916461657316],[4.828385090639618,46.56919469855463],[4.828334584252523,46.56903626500546],[4.82855793077957,46.568998201491965],[4.828609531816686,46.56899089232046],[4.82861263038846,46.56886150515032],[4.828622956722183,46.56872957068111],[4.828676420395348,46.56854831036603],[4.828712380249813,46.568398042842134],[4.828827738929411,46.56814662137275],[4.828842220632192,46.56805677230945],[4.82923770913452,46.567957232661946],[4.829237839657721,46.56795723057618],[4.829116074971939,46.567780751508074],[4.829046470811938,46.56767972652396],[4.829028506043533,46.5676658728874],[4.828935213164782,46.56759440838921],[4.828919527301854,46.56758619261208],[4.828901049073145,46.56757649029022],[4.828844685653093,46.567546947805134],[4.828792107491414,46.56749401719495],[4.828784808350702,46.56748665815979],[4.828738515127849,46.5673992211228],[4.828728928633087,46.567382081209495],[4.82868001003979,46.56729423575199],[4.82857670012322,46.56709944770746],[4.828539502077006,46.567030059048484],[4.82850641268735,46.56697024202788],[4.82848222686862,46.56692667516018],[4.828326390889254,46.566672650538024],[4.828266611301888,46.56657633185615],[4.828172894657757,46.566453264544826],[4.828081248613353,46.56632962368415],[4.828066140849696,46.566315273936304],[4.828029351410994,46.56626191070707],[4.827970041786742,46.56617567199445],[4.827942620975922,46.566132967292184],[4.827900731191465,46.56606770642195],[4.827810413915947,46.56593692876089],[4.827782687475032,46.565869550257624],[4.827734388097343,46.56578061371274],[4.827659094509616,46.56564221046663],[4.827582348084189,46.5654994170355],[4.827474259882141,46.565298219438915],[4.827352150494954,46.565072206667914],[4.827342962436935,46.5650552404198],[4.827269462612953,46.56487294515325],[4.827223050398866,46.564742907245446],[4.827223044357424,46.56474272720579],[4.827179927453389,46.564582463878544],[4.827172924942428,46.56458392668041],[4.826627518155016,46.56477997320789],[4.826125157635001,46.56493579046765],[4.825564817811977,46.56510730133775],[4.825290483238155,46.56519381831499],[4.825246159568679,46.565207765101306],[4.825069511213904,46.565263361629775],[4.82456169241732,46.56542412257141],[4.824369342720521,46.56548663330071],[4.824444343934841,46.565589286256],[4.82477663782118,46.565486445783975],[4.824791376272205,46.565505395304925],[4.824827072490877,46.565498971816076]]],[[[4.827200575460719,46.57483727292907],[4.82746197457345,46.574963248747906],[4.827748913710875,46.57509908398472],[4.827863511563382,46.57514733213293],[4.828003862565155,46.575215704448986],[4.828186168036756,46.575312138308],[4.828370607616737,46.57541376174123],[4.828516359991434,46.57555347103108],[4.828767929339164,46.57577156027966],[4.828994404359068,46.57567418174199],[4.829429469910393,46.57548754497389],[4.829364371222465,46.575373208185106],[4.829335760208829,46.575260269835645],[4.829347482702489,46.57520099796409],[4.829382622608057,46.57499904457037],[4.829388838858374,46.574908066694334],[4.829375399659576,46.5748307329502],[4.829340545025232,46.57476130710755],[4.82918266923778,46.57453676841821],[4.829125181386901,46.574458427137934],[4.829023341225312,46.57433116698981],[4.828935719614257,46.574191700572406],[4.828878994036071,46.57411658944274],[4.828780765122901,46.574054030244326],[4.828664780699409,46.57401111918366],[4.828576709673242,46.57399433220518],[4.828419520575831,46.574000085236804],[4.828345559260131,46.573987305926224],[4.828118245918346,46.57387672987183],[4.82800224447595,46.573790495756676],[4.82785365505715,46.57370225993809],[4.827551654377207,46.57342489858709],[4.827471341308668,46.57336682589645],[4.827380356368767,46.57335656942231],[4.827004438135947,46.57348010788549],[4.826458847643943,46.57369281733454],[4.825983765200001,46.57391673883575],[4.826276008815462,46.57419930366019],[4.826548497173099,46.57429781403335],[4.826632757972054,46.57433339747971],[4.826669110825494,46.57435416353691],[4.826719112598118,46.5743924551712],[4.826925202229671,46.57457506669749],[4.827111302069949,46.57474187474562],[4.827200575460719,46.57483727292907]]],[[[4.828221682225065,46.57645138029749],[4.828380089440926,46.576512798839154],[4.828677873041192,46.57656676711568],[4.828909606519549,46.57658693349401],[4.828896466461584,46.57654571216957],[4.82865207734957,46.57593490253556],[4.828617440236854,46.57585250323936],[4.82847667769217,46.575581395381725],[4.828322883184823,46.57544334562833],[4.827945495101469,46.575507915943675],[4.827740118619957,46.575541277571155],[4.827564593029289,46.575615683606344],[4.827698998564427,46.575857081531126],[4.827845967040671,46.576103052331064],[4.827915041456077,46.5763125281944],[4.827967147831039,46.57634340014443],[4.828036597837402,46.57637732765801],[4.828151484464001,46.576422418566644],[4.828221682225065,46.57645138029749]]],[[[4.829436140409096,46.57721746281306],[4.829487118980672,46.57724970313326],[4.829588432196399,46.577318337121305],[4.829743296931042,46.577437453897964],[4.8298259175951,46.57754061222176],[4.829834165675722,46.577599474872684],[4.829868478714539,46.5778897557067],[4.829955845058397,46.578188465560714],[4.829994927997968,46.57845741408013],[4.830099630894325,46.57876278194572],[4.830126561452095,46.5788372879569],[4.830144187484127,46.57887591553803],[4.830181231414042,46.57894818831587],[4.830238803393444,46.57903661535644],[4.830302998909558,46.57910836399489],[4.830354815937464,46.57915770344835],[4.830482672126716,46.579343541024556],[4.83049735146581,46.57940329154974],[4.830553386549404,46.57950813536667],[4.830652261873509,46.57966336268778],[4.830691700835861,46.57975243970937],[4.830809219835809,46.57992601285473],[4.830842755963788,46.57999491894007],[4.830876424808999,46.58000951195933],[4.830902670733439,46.5800208911572],[4.830969098189051,46.58007738227743],[4.831080055059613,46.580180086602425],[4.831083024107846,46.580182921292334],[4.831088203114278,46.580189323354816],[4.831150381567221,46.580267048280376],[4.831200686630714,46.58033739736879],[4.831214035645147,46.58034592045582],[4.831220177343904,46.580349875282714],[4.831255676264572,46.580376147750535],[4.831294674582392,46.58041713537127],[4.831302394709861,46.580425298138856],[4.831321714556476,46.58044822664424],[4.831334774590846,46.580463689567345],[4.831338095625957,46.580469220657726],[4.831383767498354,46.58054549818871],[4.831403556431482,46.580551306278934],[4.831425060733312,46.58055762733516],[4.831566419187308,46.58052339206232],[4.831575357698386,46.58052117751432],[4.831582732598834,46.58051907804626],[4.831780081477111,46.580464041819575],[4.831787070760964,46.58046212864317],[4.831793510569663,46.58045941364606],[4.832035520599268,46.58035745760725],[4.832050844877603,46.58034316181184],[4.832090732913566,46.58030577585169],[4.831917247639422,46.5801732697073],[4.832083399914155,46.580021909054764],[4.832084921094213,46.58002053369514],[4.832171829980341,46.58013830286181],[4.83218294650197,46.58016199297238],[4.83219504355567,46.58018764888538],[4.832198415084791,46.58021020198049],[4.832201759348391,46.58023194490051],[4.832296432949983,46.580471721817865],[4.832301857555902,46.580485415398584],[4.832516489962769,46.580765334089584],[4.832524960063855,46.58077636694801],[4.832538936193026,46.58081126974718],[4.832549388857907,46.58082299141616],[4.832576138337406,46.58085318637544],[4.832614294809869,46.58097777006345],[4.832627572817758,46.58101133300735],[4.832627575848318,46.58101142302677],[4.832646376795996,46.5810421955322],[4.832589137700451,46.58106860090101],[4.832558908928513,46.58108250483949],[4.83276034279817,46.581276799622145],[4.832792794668678,46.581356080336604],[4.832809763887608,46.581406156670376],[4.832822097697261,46.5814427069476],[4.832836164890441,46.5814841832116],[4.832839206618464,46.58149305124449],[4.832928854220712,46.581626087571784],[4.83299915819363,46.58160361601415],[4.833003424097104,46.581602286771165],[4.833037336383704,46.581635699472535],[4.833144483686817,46.581741435108405],[4.833144353130719,46.581741437198616],[4.832850392078875,46.5818562962029],[4.832844076652114,46.58185882913006],[4.832788269655189,46.581888994509754],[4.832603349456461,46.581999045089105],[4.83266875191604,46.58215300513726],[4.832697320117415,46.58219451951668],[4.832747592358959,46.58226766058978],[4.832807632759124,46.582332178901886],[4.832836322399657,46.58237729402033],[4.832899809878676,46.582482107525664],[4.83293615453417,46.582517913155584],[4.832966287445087,46.58254769359696],[4.833000209391563,46.582581376361276],[4.833068864042513,46.582649539492685],[4.833132512581102,46.58270868587341],[4.833210458239756,46.582781203572274],[4.833405134537603,46.58294137968255],[4.833411349455434,46.582947494854416],[4.833440635472542,46.58298314315048],[4.833597410141567,46.58317373830885],[4.833626289561737,46.583208942731325],[4.833649105994077,46.583234787110136],[4.833794476438824,46.58338539435426],[4.833842943145932,46.58342037509568],[4.83387084282131,46.58343812197727],[4.833873642206556,46.58343978843275],[4.834115218839104,46.58358444108785],[4.834180443050526,46.58362437720737],[4.834223527151589,46.58365079749547],[4.834280037443786,46.58368799097426],[4.834333202482449,46.583703441581996],[4.834450958958245,46.58370903071618],[4.83449191245726,46.58371098656706],[4.834687362760143,46.58367299875754],[4.834723570726092,46.583665933702484],[4.834962024125351,46.583605459920314],[4.835132221620419,46.58352365266638],[4.835217283812465,46.58347779579023],[4.83532723441624,46.58341848007215],[4.835487061987497,46.58332747141846],[4.835594850184937,46.58326602846475],[4.835620455165625,46.58325057663983],[4.835737861997533,46.58317997255071],[4.835754352096771,46.58314989568106],[4.835762714037515,46.58313445006529],[4.835777267182533,46.58305468673132],[4.835777045595705,46.583040369478034],[4.835764026406915,46.582975819344924],[4.835696367652221,46.582774611425016],[4.835671574088088,46.58270952950382],[4.83566183095583,46.58268401633384],[4.835631587531974,46.58260452083259],[4.835609471866509,46.58256848792038],[4.83558662487442,46.58248364989047],[4.835537770773771,46.58227061171456],[4.835504452134216,46.58218513092419],[4.835403033619721,46.58190853671581],[4.835376993174217,46.58182194847358],[4.835332423443775,46.58169719821135],[4.835229640020418,46.581449807754275],[4.835219566520001,46.58141448243327],[4.835140430199478,46.58113617982807],[4.835106053845588,46.581015409228904],[4.83510605081093,46.581015319209556],[4.835078481097289,46.58092596330169],[4.834901548391143,46.58070696147129],[4.834878374220226,46.58067824089435],[4.834869387593009,46.58066352369281],[4.834825295498662,46.58059163548888],[4.834794880738837,46.58054186495154],[4.834738293244554,46.58042478269006],[4.834683922071896,46.58031919358919],[4.834671941948572,46.580304794544396],[4.834637504438533,46.58026355481733],[4.834543983428722,46.58014742453647],[4.834432738759221,46.58000924129088],[4.834179157778065,46.57975985255963],[4.833957792541799,46.579408170457064],[4.833886823696318,46.579278978841906],[4.833873608714331,46.579255052291174],[4.833861262564369,46.57921814203405],[4.833794863233566,46.57901907449047],[4.833744382599524,46.57881173590269],[4.833744755134268,46.57868707584754],[4.833722954194847,46.57859825770936],[4.833701475067128,46.578511235772254],[4.833677753426206,46.57840029166162],[4.833670720234318,46.578230265872335],[4.833668215033453,46.57817140152899],[4.833666945573069,46.57811044582994],[4.833653981610194,46.57804742572552],[4.833635522740744,46.57798026042727],[4.833547653368801,46.57782621030717],[4.833490371380627,46.57774651679533],[4.833485714510063,46.57774010647604],[4.833372698455962,46.57753746194194],[4.833336467871597,46.57746616784821],[4.833282481882738,46.577360211672385],[4.83321689833565,46.5772046335717],[4.833161312352138,46.57705114705818],[4.833151795920735,46.57702842215978],[4.832979712762316,46.5770459484943],[4.832982374109801,46.577066801660315],[4.832956777572053,46.57702424902664],[4.832951057641578,46.57697462306968],[4.832876689605673,46.576977074613524],[4.832807337495208,46.57696944826472],[4.832680355312552,46.57694932426767],[4.832664650800005,46.5769445318482],[4.832653594617936,46.576934260940845],[4.83263038201405,46.57688491497915],[4.832616986828552,46.57684784124901],[4.832618858319632,46.57682583470349],[4.832619146921978,46.576822767772306],[4.832591762324109,46.57668828426742],[4.832571399558876,46.576607188745186],[4.832615870024799,46.57659738004963],[4.832704589686409,46.57657119118439],[4.832815244307278,46.57653312239671],[4.832915944566265,46.57648647626926],[4.83289183718212,46.576422193392496],[4.832857598111268,46.57637509556312],[4.832829050120991,46.576349613004375],[4.832804818489236,46.57633595031564],[4.832765672079256,46.57631378978806],[4.832740356506281,46.57630284647821],[4.832725641971122,46.57629641699773],[4.83266015623787,46.576275578752295],[4.832631804401954,46.576271439121506],[4.832575756488186,46.57626323941059],[4.832492376380084,46.576257908990385],[4.832463265296572,46.57625837493835],[4.832428021722515,46.576259029100186],[4.832337102688248,46.576266428749214],[4.83223635574254,46.57628452356384],[4.832240216696709,46.576294459320515],[4.832286894584811,46.57636576667786],[4.832303881804899,46.576389272758746],[4.832339453989787,46.57637897610262],[4.832366136765812,46.57641889951028],[4.832252947469867,46.57645151428109],[4.832204697085857,46.57646543638769],[4.832179323413134,46.57641783621595],[4.832076605307113,46.57644334800333],[4.831980617811305,46.576467040706014],[4.831857261520553,46.576492522260466],[4.831768931309343,46.576309025996636],[4.831739306207171,46.57624375036382],[4.831660490084137,46.57622654741417],[4.83165812213923,46.57622604489043],[4.831467226490145,46.57618514564711],[4.831276968029749,46.57618647777224],[4.831068164529586,46.57624223702566],[4.830866294890286,46.57629446242432],[4.830718241231319,46.576354563521356],[4.830542892953507,46.57646139575587],[4.830492375410149,46.576524440408335],[4.830395871592937,46.57657164775446],[4.830240407149377,46.57662114860689],[4.830117750415037,46.576651931092336],[4.829927913910093,46.57669306422411],[4.829645119055106,46.57677423170367],[4.829255093579834,46.576890526990006],[4.829162495726134,46.57703071099128],[4.829222763478524,46.57709063399333],[4.829436006838631,46.57721737487949],[4.829436140409096,46.57721746281306]]],[[[4.829542370960302,46.56905677817478],[4.829594421460986,46.56925328534788],[4.829630068016696,46.56950571672678],[4.829642916389901,46.56956549668144],[4.829662362264947,46.5696661521401],[4.829679493791747,46.569752343632686],[4.829713824455737,46.56991896117398],[4.829730686458119,46.57000101383598],[4.829743304254015,46.57006169814309],[4.829772846639869,46.570136342674715],[4.829788687584788,46.57017634987947],[4.829869028525411,46.57037132389971],[4.829908134026391,46.570439060430736],[4.829972672987583,46.57054854221685],[4.830038712422872,46.570652145559876],[4.83009298450146,46.570743687736694],[4.830109449507662,46.57077116546688],[4.830186158418935,46.57088522618503],[4.830236962766797,46.57096295326129],[4.830264858078869,46.57100799162466],[4.830463376293997,46.57139661344454],[4.83049581142035,46.57146013317702],[4.830543943637947,46.571555466115875],[4.830573989322983,46.57159452553297],[4.830606896093402,46.57167983415516],[4.830632166622471,46.57178273807628],[4.830639731417138,46.57181351043829],[4.830685528611192,46.571858802839955],[4.831872687410868,46.571605905481526],[4.832015280050655,46.571558589600784],[4.832078674750618,46.57149029422018],[4.832099643862858,46.571376022529016],[4.832081214759389,46.57133290465862],[4.831985357958979,46.571065225243764],[4.831981335004231,46.571034936683894],[4.831979823279822,46.57099388983602],[4.831968687616185,46.57084536565384],[4.831983888143919,46.570703265180875],[4.83198628654218,46.57065810269256],[4.83199280386903,46.57057621657963],[4.832002104227707,46.57046060046473],[4.831998303951194,46.57037482640075],[4.831994008832157,46.57028987086732],[4.831979323511576,46.57019886691278],[4.83194136760057,46.569948004231506],[4.831939886513654,46.56990398463834],[4.831937282034254,46.56982269483344],[4.831934224113249,46.56971628328632],[4.831947756844366,46.56954790959017],[4.831968971176118,46.56923134099812],[4.831997295884355,46.56901742629503],[4.832015099991597,46.56887897688405],[4.832024951552755,46.56877587137029],[4.832031483900561,46.568609050750794],[4.83203278312256,46.56844195360511],[4.832046495208236,46.568344910926],[4.832072562178211,46.56819588133763],[4.832101506853842,46.56804311288601],[4.832151288791861,46.567942970970634],[4.832169045684778,46.56790404753456],[4.832193481506724,46.56785015595166],[4.832208208513962,46.56781821624994],[4.832227914346586,46.5677751184736],[4.832272555903654,46.56768910939987],[4.832302971845481,46.567626655661606],[4.832351873740219,46.56751202675528],[4.832492315515328,46.567273079478895],[4.832616896311185,46.56717984600149],[4.832720263520158,46.56711982690383],[4.832750508740626,46.5671066430426],[4.832998839076474,46.56698476753649],[4.833161181400767,46.56688831677121],[4.833273679178688,46.56680086027147],[4.833375778733443,46.566687720629915],[4.833424623701844,46.56655597915184],[4.833486613620095,46.566442310938456],[4.833794172673937,46.56641964073429],[4.833907888516546,46.56641493673484],[4.833907314897568,46.56641341476555],[4.833905879185019,46.566413437767494],[4.833835341873205,46.56624226737616],[4.833797630904405,46.56609579015266],[4.83373410368476,46.56597764763575],[4.833680465298421,46.565870064788264],[4.833638443207224,46.565832098692574],[4.833636312480829,46.565830871870034],[4.833516629298433,46.565794059696074],[4.833504230280203,46.56579038537085],[4.833407685585978,46.56568448041618],[4.833352320544824,46.56564970018515],[4.833208340998629,46.56548465945636],[4.832991849260682,46.565163340552715],[4.832925661764191,46.56501263552481],[4.832881659547779,46.56496236152906],[4.832644550107459,46.56469568326977],[4.832385610558009,46.56433901561461],[4.832383422362901,46.564336078394064],[4.832248835187,46.564155034158475],[4.832056379031811,46.56440418101892],[4.831757421356604,46.564802563576784],[4.831476661206879,46.5651713819367],[4.831400436818003,46.5652773507959],[4.831285393431196,46.56539006529053],[4.831317222794069,46.565443416811725],[4.831393871600351,46.56541994365389],[4.831413388928804,46.565413957089085],[4.831483616248716,46.56552181591032],[4.831313756787878,46.56558109639295],[4.831440600569675,46.565807569856844],[4.830880082787388,46.565985234317836],[4.830689057545789,46.56605980368617],[4.830450644115018,46.566197007321676],[4.830224846669572,46.5663404936236],[4.830116527203184,46.56643193333315],[4.829898308778976,46.56672327965299],[4.829755389159067,46.56698982405365],[4.829719189638857,46.56706678042188],[4.829678467921987,46.56716461478479],[4.829565591129533,46.56737312518553],[4.829487748770113,46.5674738945305],[4.829445315128503,46.56754023232992],[4.829388642550009,46.567629765025984],[4.829359329823754,46.567678509960984],[4.829354291232765,46.56772677689436],[4.829348954347698,46.56778171363015],[4.829309866456382,46.56783881095886],[4.82934568206293,46.56795640788287],[4.829365641824726,46.56811514908575],[4.829387739889995,46.56826367841995],[4.829409808040548,46.56843463516942],[4.829466788571818,46.568770128677755],[4.829491900873339,46.56887231483613],[4.829542370960302,46.56905677817478]]],[[[4.831350245751479,46.57358513293036],[4.831235011675195,46.57338594445513],[4.831070523057075,46.573197901502006],[4.831325917736636,46.57312203210466],[4.831521044396021,46.573040551370546],[4.831724240331914,46.57294660186294],[4.831550991237973,46.572859215667805],[4.830557100839523,46.57236631821498],[4.830472834860545,46.57232668467318],[4.830361103691931,46.572274250205865],[4.82998132962929,46.57209225963283],[4.829722302739617,46.57197057497141],[4.829440319808437,46.571838088163304],[4.82903321013042,46.571631402399774],[4.828724960582172,46.57147501518587],[4.828501069446239,46.571361052810246],[4.828500938914851,46.57136105489518],[4.828282736856727,46.57131536282339],[4.82819855170121,46.57124303168974],[4.828036429025678,46.57112105667378],[4.82757307938909,46.57098164400543],[4.827375268005173,46.571080363901004],[4.827200975762612,46.57115997391701],[4.827182967277668,46.57116818733259],[4.827113380143786,46.57120001116606],[4.827113377122886,46.57119992114635],[4.827075639161934,46.571122254417986],[4.827070589635051,46.57111188712833],[4.826896415959303,46.57107827938617],[4.826833056123069,46.5710660505184],[4.826812125897834,46.57106503350362],[4.826788053874514,46.571063796417114],[4.826691786933532,46.5710594781586],[4.826549142339283,46.571054728929],[4.826543912050277,46.571054542177485],[4.826439591497335,46.571051523090055],[4.826340941419876,46.57106570648316],[4.826285576875736,46.57107379517684],[4.826221378256148,46.57106770397258],[4.826083810696591,46.571054676990705],[4.825937277416243,46.57105079964149],[4.825829569142413,46.571048014169676],[4.825772154455599,46.57104559736758],[4.825646339386704,46.571040308399176],[4.825418868823389,46.57103357800041],[4.825291016629064,46.57102985228016],[4.825286241314158,46.57103154964269],[4.825264954225176,46.571039364689284],[4.825249903916407,46.57105401551888],[4.825255962612662,46.57107112188474],[4.82529771264536,46.5711867338508],[4.825333863578336,46.57131063125712],[4.825356041772713,46.57140340782355],[4.825373491485681,46.571460322694634],[4.825316697297584,46.57149590441181],[4.825236772536388,46.57151158962155],[4.825179631999561,46.5715173643214],[4.825179501467671,46.571517366402546],[4.825194415951479,46.57154540992761],[4.82509711808496,46.5715921752413],[4.825018843103964,46.57162981055509],[4.825073566979267,46.571762328655566],[4.825032880748314,46.57177585699436],[4.825038609769034,46.571787024145614],[4.825082421435774,46.57187062921385],[4.825102803947531,46.57190984405955],[4.825141317575942,46.57198344596947],[4.825186728743052,46.571978398711245],[4.825240167772026,46.572072568305906],[4.825216341264852,46.57208645837091],[4.825172662321203,46.57211201349688],[4.825100162703039,46.572123256955415],[4.825142897971764,46.57221759723796],[4.825129557859132,46.572224835211905],[4.825060039818011,46.572262691195824],[4.825052592485648,46.57228208444593],[4.825052959651464,46.57232810327161],[4.825045028721207,46.572336966290244],[4.825021612429191,46.57236309900115],[4.825021752015632,46.572363366979474],[4.825114392772925,46.572477627281785],[4.825276597093095,46.572419018987304],[4.825286381079228,46.572434264595906],[4.825402516420016,46.572435114893075],[4.825459106453022,46.57253364747287],[4.825556825101085,46.5727058301722],[4.825570283835167,46.572729393470645],[4.825689331068443,46.57277811316136],[4.825774028268453,46.57294753110516],[4.825848549472781,46.57302380096891],[4.825866597566756,46.573051794432764],[4.82586598683602,46.57310368326833],[4.825932594614645,46.573243847345395],[4.825908061467225,46.573252254676305],[4.825977770457915,46.573368050940346],[4.826004708689161,46.5734547169059],[4.82602166654183,46.57353586777928],[4.826083099094872,46.57356064730893],[4.826160225396824,46.573574368324714],[4.8262426085088,46.57357737742255],[4.826378281241991,46.5735609823423],[4.826558309196471,46.573508032405776],[4.826566457499769,46.573505650702586],[4.827045354458063,46.57336443819402],[4.82735012898423,46.573284817450904],[4.827391042990056,46.57327416683873],[4.827419886627755,46.57326578044819],[4.827642226127875,46.57320107501],[4.827695896136398,46.5733291954408],[4.82763597597264,46.57339617182902],[4.827720690207634,46.5734997485074],[4.827896187401509,46.57365033220517],[4.828019123842898,46.573744741935705],[4.828023415887441,46.573748095982666],[4.828025018603548,46.57374915120603],[4.828163662850347,46.573840697998875],[4.82837517310006,46.57394351030518],[4.828401643939076,46.57395002277452],[4.828434565545683,46.573958053434104],[4.828632500759647,46.57388220717615],[4.828629521814431,46.57393350341193],[4.828826512899878,46.57401619146136],[4.828839653347911,46.57402633935947],[4.828918089405017,46.574086782874254],[4.828965463628738,46.57414790271499],[4.829029501531526,46.57423073289039],[4.829066239379049,46.57428625827341],[4.829114175413651,46.574348539963054],[4.82920799294413,46.574470253938244],[4.829304948928744,46.57459984367076],[4.829387132574208,46.57470958422794],[4.829413054479248,46.57476582274385],[4.829468272939446,46.574889324188284],[4.829465448767187,46.57492188384357],[4.829455386244396,46.575038322345826],[4.82942536442527,46.57524487751228],[4.82942845009276,46.57536002508579],[4.829467534663109,46.57545036913523],[4.829560174603114,46.575412591354365],[4.829573516515537,46.575623047027285],[4.829607828789675,46.57574237909969],[4.82961985905455,46.575801091267586],[4.829685817073997,46.57605366844798],[4.829738244434719,46.57623008423806],[4.829809150052543,46.57641998506802],[4.829920868448541,46.57646791696767],[4.830014383505646,46.57649110084665],[4.830055774067128,46.576498455286654],[4.83016706507166,46.57648703901905],[4.830188822943066,46.57646210265979],[4.830188186338239,46.57639654338387],[4.830157934275834,46.57636307137433],[4.83016566700914,46.57635997552032],[4.830174274203485,46.5763556948038],[4.830223643221044,46.576332298543726],[4.830265719528096,46.57631343217561],[4.830299288910479,46.57629794423609],[4.830300499930294,46.57627180517464],[4.830350197100335,46.576273712701585],[4.830487883792019,46.57635977796535],[4.830678523164725,46.576288188074074],[4.830747552069949,46.576266818984],[4.830883032160261,46.57622511264637],[4.831092278884576,46.57617087779879],[4.831218172988688,46.57614319483782],[4.831214498338897,46.5760883121566],[4.831257161549859,46.57608690921227],[4.831257292092471,46.57608690712421],[4.831245988411201,46.57603043517963],[4.831236899927678,46.575985456500916],[4.831234568358991,46.57595108783193],[4.831146813908862,46.57584675164894],[4.831058729704711,46.57566658344947],[4.831262408597649,46.57562162423099],[4.831244146931952,46.575599039067974],[4.831229291129586,46.57558063261961],[4.831194816824286,46.57553813154604],[4.83116454679732,46.5755002467514],[4.831023563447949,46.57532389685574],[4.831071339753051,46.57530755097952],[4.831131381147248,46.57528695585214],[4.83114316346159,46.57528388522547],[4.831190286649949,46.575271422667605],[4.831222524817021,46.575262981034705],[4.831262662364026,46.575252521610416],[4.831267191921532,46.575251278273896],[4.831205978616414,46.575136069708726],[4.83125570001883,46.57512707821385],[4.831458082795463,46.5750902454586],[4.831369892140794,46.574914672645576],[4.831427370320099,46.574899432366685],[4.831700076087928,46.574829319906435],[4.831670273800874,46.57475098722661],[4.8316583699321,46.57471938367581],[4.831638834462942,46.57472104724518],[4.831583494560206,46.574726075741985],[4.831513767104835,46.57474214254254],[4.831450829277863,46.57473873606591],[4.831445334511195,46.57473846369545],[4.831248373119514,46.574761699535564],[4.83114161703246,46.57478745526101],[4.831060140306239,46.574675542968286],[4.830996835365696,46.5746379162824],[4.830809091354909,46.574496359688986],[4.830708415992548,46.57439997566582],[4.830555675964831,46.57425839932958],[4.830489556963628,46.57416812760341],[4.830452887090157,46.57417682003392],[4.83040501060392,46.5741124663651],[4.830590486142754,46.57405455929188],[4.830753791454744,46.57399376400042],[4.830667094090769,46.573862480243356],[4.830710377221158,46.57383683927277],[4.830710635268644,46.57383674507832],[4.830938028167517,46.5737669986727],[4.831197795341114,46.57367736934839],[4.831393094815954,46.57362425753481],[4.831357928582091,46.57359221547014],[4.831350245751479,46.57358513293036]]],[[[4.833498011029686,46.57679824859178],[4.833487118792668,46.57678509296073],[4.833379909400844,46.576770327372415],[4.833349334970363,46.5767661334384],[4.833321019204264,46.57676307421224],[4.833169740750571,46.576746762401484],[4.833177777524541,46.57684967151261],[4.83320116905604,46.576912074366525],[4.833218111627252,46.57698854101743],[4.833224991944848,46.57702995219661],[4.833291214360217,46.57721614318425],[4.833391945647873,46.5774263700944],[4.833444375187254,46.57751712965521],[4.833865941549258,46.577429947211364],[4.833702116067819,46.57713813887562],[4.833625173017917,46.577009853395445],[4.833521434814353,46.57682669522998],[4.833498011029686,46.57679824859178]]],[[[4.835865179085196,46.58303139071987],[4.836009568317174,46.583001694909754],[4.836148771472235,46.5829731628943],[4.836171245839919,46.582977215825224],[4.836196216013904,46.58298167906805],[4.836262731162249,46.582963049133184],[4.836428403460405,46.582847897228056],[4.836494902936885,46.58280170660196],[4.836583791238429,46.58272606486455],[4.836817305425817,46.5825193959056],[4.83665322631044,46.582410703888954],[4.836593901123051,46.5823713950863],[4.836509238670154,46.58232060367304],[4.836328980798377,46.5822124409061],[4.836260945126364,46.582162733678075],[4.836239521534005,46.58213947943632],[4.836186633636172,46.58208187346134],[4.836129276383651,46.581945979982905],[4.836100978926839,46.58188933065377],[4.836091518119273,46.58187218931121],[4.836089429212544,46.58186834988483],[4.836004042365449,46.58173020377903],[4.835966809663184,46.58167973225047],[4.835895908927128,46.58158377581],[4.835626811495829,46.58130077336521],[4.835441245910546,46.581151263080955],[4.835418019500604,46.58113650398331],[4.835252754094502,46.5810311615743],[4.835229825037915,46.58103684310567],[4.835190573590958,46.581046569106334],[4.835221151593231,46.58119027783103],[4.835304891676265,46.58143464103228],[4.835399447142501,46.58170143786694],[4.835418656446925,46.58175976419653],[4.835455384291432,46.58184951362516],[4.835530291441607,46.58205267705692],[4.835562107165258,46.5821323275165],[4.835611280364257,46.58230059679059],[4.835665153776535,46.58249590114842],[4.835691301342041,46.58257014829733],[4.835738957454417,46.58268953493107],[4.835820944262276,46.582908886972746],[4.835865179085196,46.58303139071987]]],[[[4.835677940364038,46.571726798303466],[4.835639667721813,46.57164526984735],[4.835567237748106,46.571646881569755],[4.835471445610865,46.5716489578915],[4.835407251469379,46.57135636494505],[4.835197451547874,46.57135864763939],[4.834917413719176,46.57136169551574],[4.834823998821274,46.57108938563879],[4.834742689916302,46.57111428667402],[4.834633456288818,46.57114765124563],[4.834543072821059,46.57120944536571],[4.83454102982603,46.57121082912756],[4.834537332394901,46.57121350035618],[4.834421488430493,46.57129875982761],[4.834357075162129,46.571325101132274],[4.834332598771035,46.57133513062281],[4.834181099248329,46.57138160139192],[4.834119624571172,46.571398258187585],[4.834014491612214,46.571417685962075],[4.833739561843351,46.57143280831158],[4.833714533172206,46.57143419997533],[4.833347404108872,46.571480520673035],[4.833190756221134,46.57150212369877],[4.833033249886088,46.57150986976786],[4.832726846108111,46.571525043294436],[4.832513810445464,46.571559256960214],[4.832269771564815,46.571595857878535],[4.832055393388953,46.57163288427928],[4.831790115327284,46.57168648665448],[4.831329153222679,46.571785460874345],[4.830760883762194,46.57190533382506],[4.830663952870505,46.57196677915056],[4.830662260478192,46.57198247804937],[4.830656640273766,46.5721804473568],[4.830670245596261,46.57227822379123],[4.830819928765032,46.57236400666142],[4.830910105039679,46.57240849916844],[4.831399227485267,46.57264953340191],[4.831436759195,46.572666496247315],[4.831969246119352,46.57293466538892],[4.832514339150988,46.573208574829025],[4.832736764932056,46.5733212020107],[4.832898385193394,46.573396703521404],[4.833313607870936,46.57358361115974],[4.833519009806664,46.57368705233529],[4.833764905487471,46.573810019785185],[4.833936296808234,46.5739079704446],[4.834468365112996,46.574170730912776],[4.834663917678559,46.57426081770504],[4.835117822312505,46.57447511024527],[4.835152630359993,46.574488692976644],[4.835477093345863,46.574625168577136],[4.835559511725436,46.574656271687275],[4.835631624133594,46.57462188033661],[4.83566928624015,46.57460389331529],[4.835727631446245,46.57452531906998],[4.835742440196309,46.574484190692196],[4.83575403095622,46.57445221079168],[4.835770891756402,46.57443320625984],[4.835803984913095,46.574395927810286],[4.835921536458942,46.57425272587791],[4.83593896484464,46.57421957152173],[4.835954177097264,46.57419041569951],[4.836164300450153,46.57414318261157],[4.836330729902176,46.57412096839345],[4.836404413893943,46.57412158782915],[4.836586623259771,46.574118034421815],[4.836633504464866,46.57411394980397],[4.836707470684521,46.57410744913359],[4.836972067113403,46.574083749065245],[4.837022867714291,46.57409518318732],[4.83708858723361,46.57416555266321],[4.837088590271163,46.57416564268264],[4.837100670545953,46.57421399556613],[4.837133223806011,46.57424977064882],[4.837161438893626,46.57428084172702],[4.837208691315774,46.57431097681622],[4.837216566218254,46.57431598432593],[4.83734402156641,46.57437734685236],[4.837434831854335,46.574421013553795],[4.837493471459524,46.57444024765674],[4.837552772913496,46.57445974131153],[4.837592143426419,46.57444208649666],[4.837708706584038,46.57438968723182],[4.837841999282149,46.574326030964436],[4.837928247153744,46.57428483623659],[4.837992856553736,46.574260381249154],[4.838075519342593,46.57422906139485],[4.838179829883772,46.57419289048943],[4.838193087852711,46.574136835342685],[4.838196165580467,46.57412354590265],[4.838209957039378,46.57404847780007],[4.838198545335477,46.57396579830379],[4.838251072345218,46.57395099432139],[4.838273712712428,46.5739445962144],[4.838269349307651,46.57391980745881],[4.83825956765907,46.57390861593237],[4.838251143056285,46.573898933774224],[4.838222751889663,46.57387813355598],[4.83827577327787,46.573854765144524],[4.838320206868385,46.57384009108575],[4.838367096319188,46.57382465702748],[4.838387409080875,46.57383829141215],[4.838424918092124,46.573823548371834],[4.838531904879638,46.57378156978542],[4.838501753938806,46.57371639427543],[4.838464955768972,46.573605210588596],[4.838485193795325,46.573512205408264],[4.838495946398043,46.57351347382107],[4.838506173816736,46.57351466059882],[4.838538296431961,46.57348352153739],[4.838596725379329,46.57342692102453],[4.838809944904456,46.57341737184561],[4.838816857227558,46.573417080682994],[4.838825935771098,46.57339198596782],[4.838858410209617,46.57330166634487],[4.83886545507681,46.57328209845236],[4.838894670889668,46.573226777624804],[4.838875940038808,46.57315943726383],[4.838927497402234,46.57313915436722],[4.838898173972593,46.57311008301467],[4.838767588074141,46.57301013324051],[4.838725359894036,46.572977936594256],[4.838687551896904,46.57294900146402],[4.83861920463992,46.572978740867846],[4.83859686972564,46.572951628770845],[4.838594996638604,46.572950307830006],[4.838584280257463,46.57294237379869],[4.838569411450869,46.57294297286664],[4.838543723816366,46.57295194188918],[4.838481308127117,46.572979424312166],[4.838463845975886,46.57296124075791],[4.838448751527327,46.57293968665443],[4.838403188946144,46.572874488407564],[4.838288516839679,46.57290154892609],[4.838164290896468,46.57276555914635],[4.838330320183561,46.57273163949338],[4.838321862480396,46.57272484005519],[4.838165043184286,46.57259829040928],[4.838164639425353,46.57259793661947],[4.838093694313158,46.57256232790987],[4.838088855293337,46.57255826246775],[4.838059824228657,46.57253395983017],[4.83805227424858,46.57252696566226],[4.837991051769301,46.572469854622774],[4.837941319547116,46.5724165220804],[4.83792695119274,46.57240099082404],[4.837909006647361,46.57238011288765],[4.837875433905277,46.572341202002264],[4.837759178740785,46.57220139104414],[4.837754169619531,46.57219228449982],[4.837732773497295,46.572165877717275],[4.837721465257105,46.57215200860821],[4.837706950341944,46.572105045875404],[4.837656112528218,46.57201120027157],[4.837613598528874,46.571811841232496],[4.837599280604471,46.57174749215994],[4.837586350176887,46.57168942558799],[4.837772833186225,46.57164247874914],[4.837815440831078,46.57163179716747],[4.837997062062262,46.571796768456345],[4.838170873566999,46.57195862241388],[4.838349333937566,46.57184425229535],[4.83842163470865,46.57180012868758],[4.838499177741522,46.57175267838594],[4.838536419922296,46.57171073895883],[4.838546864967163,46.57169904247552],[4.838569886474377,46.57168462209763],[4.838613115513433,46.571657537818574],[4.838636475591242,46.571614470289724],[4.838646058554857,46.57160431880248],[4.83865085155532,46.57159928806827],[4.838686348536494,46.571567554328574],[4.838886473144314,46.57188201053785],[4.838946963252561,46.571863295416044],[4.838978241906513,46.57185360600032],[4.83924119953583,46.57219155081899],[4.839345976020804,46.572354872437344],[4.839603117299428,46.57230021236158],[4.839854822549764,46.57243640363194],[4.840014410570255,46.5725597541329],[4.840106141832293,46.572630694596356],[4.840107951928666,46.57264174389732],[4.840145290446048,46.57287703249136],[4.840044948736267,46.57291845549388],[4.839981316438595,46.57294469734649],[4.84002403515229,46.57299138664526],[4.84018338623082,46.573165629300206],[4.840282430545624,46.57314377185074],[4.840313134338579,46.57319047404889],[4.840349664734545,46.573173854658805],[4.840391337400805,46.5731548108153],[4.840438007316061,46.573179279655506],[4.840619196669163,46.573323358053514],[4.840636914311429,46.57333748411174],[4.840780130576192,46.5734786601298],[4.84079647633102,46.57349469965678],[4.840832557688514,46.57348024897308],[4.840982643920015,46.573546467553136],[4.840989873113798,46.573625070964056],[4.840927145068971,46.5736510285867],[4.841008705729291,46.57374554965665],[4.841056040210387,46.573758749034795],[4.841100517041085,46.5737608258855],[4.841138063255273,46.5737626539062],[4.8412843709051,46.573732559825295],[4.841456617069544,46.573685475771846],[4.841569591883532,46.57365456645261],[4.841754359491406,46.573603137379685],[4.841763933907105,46.57360046143688],[4.84180091772676,46.57362427494838],[4.841829488975711,46.57364263955932],[4.841936026354706,46.57359904374388],[4.84197789328543,46.573581887629366],[4.842006056939478,46.57356504205281],[4.842059952741765,46.57353283109457],[4.842145700147057,46.573534873947544],[4.842193673896935,46.573536083487255],[4.842266270159119,46.573508435196224],[4.842267560288794,46.57350796409369],[4.842273051864983,46.573481125436544],[4.842254332109043,46.573468276706635],[4.842246308053756,46.57346273152747],[4.842228239557908,46.573384212521944],[4.842211950405273,46.573362137705736],[4.842210307827975,46.57335991243019],[4.842160280443884,46.573317304527386],[4.842146700390129,46.57330581416879],[4.842076755168264,46.573230381597256],[4.842037313974401,46.57319183651418],[4.842029347421185,46.5731841287561],[4.84198972178968,46.57315171126937],[4.841877372098473,46.5731122676298],[4.841820404967792,46.57309228831127],[4.841690883410781,46.572973770592945],[4.841426071467543,46.5727398898501],[4.841442529794879,46.572728366578616],[4.841484504263571,46.5726989596157],[4.841428408010483,46.572639065847525],[4.841138307614372,46.57232930339421],[4.841138304570226,46.57232921337487],[4.841273855097703,46.57235189212439],[4.841349247002455,46.572364459954116],[4.841358417060467,46.57232666390973],[4.841389086658068,46.572329863396654],[4.841413205241357,46.57233244770299],[4.841430244586427,46.57233424519288],[4.841457608624068,46.57234010981298],[4.841468528134126,46.572342456079134],[4.841765483259933,46.57249187593555],[4.841891704171355,46.5725553248659],[4.842031666021244,46.57249218672453],[4.842608901597073,46.57254126155507],[4.842667187116058,46.572546177847286],[4.842682305200067,46.57230211953568],[4.842711224492771,46.572191860741924],[4.842739858361892,46.57213105404815],[4.842800369003817,46.57199335626729],[4.842813283417063,46.57185399279007],[4.84285360930487,46.57164087240827],[4.842948707804326,46.57165303187178],[4.84300957001305,46.57166078868158],[4.842964732634083,46.571675020773945],[4.842959951719363,46.57167653883474],[4.842952123365177,46.57168062786914],[4.842920303045398,46.571697442503314],[4.842898806301177,46.57173372583684],[4.842860468730804,46.571897546840894],[4.842839629744742,46.5719995694614],[4.842765183782216,46.57219630620574],[4.8427403217396,46.57224507310245],[4.842725748048421,46.57227367921558],[4.842738413409426,46.57232760641433],[4.842734618632228,46.572350544854224],[4.84272639516028,46.57240084528531],[4.842743202291001,46.572561706990946],[4.842745146329942,46.572595991731816],[4.842747297075783,46.572632524853404],[4.842747590839617,46.57267593305886],[4.842736318820146,46.57279437421263],[4.842734005589359,46.572818639827034],[4.842728996959209,46.57289446790883],[4.842732682041656,46.57294160439333],[4.842741552916367,46.57299532246013],[4.84274920746703,46.57303239746518],[4.842761180263047,46.57308129197872],[4.842830770445758,46.573200232860756],[4.842865903933832,46.57325812164377],[4.842933057637631,46.57335908802398],[4.842968116869768,46.57335690240241],[4.843001612719054,46.5733548320068],[4.843005343340352,46.573376298277736],[4.84300926239898,46.57339947281303],[4.84302171333333,46.573504922509144],[4.843029105026007,46.573549657534976],[4.843042626749051,46.57364815472798],[4.843048067570633,46.57367769961311],[4.842973146771094,46.57368683174977],[4.843015995455843,46.5737989975496],[4.843048115491824,46.57386044745623],[4.843116936340898,46.573840875487925],[4.843165039414183,46.57389990640342],[4.843196376434515,46.573938221319814],[4.843260701874613,46.57401347351463],[4.843270496760937,46.574025024690584],[4.843225373587924,46.57405015971616],[4.843218067061542,46.57405424036007],[4.843232409931928,46.57406896077425],[4.843247973362174,46.57408501255972],[4.843310641922187,46.57407274500027],[4.843303902680009,46.574051147045004],[4.843440639885938,46.57398913997529],[4.843545876306705,46.573937997864064],[4.84358236658989,46.57392020719488],[4.843615730601579,46.57390651993362],[4.843673439884276,46.57388280328768],[4.843760009389976,46.57385510915186],[4.843829440316322,46.57394225790318],[4.843838458185801,46.57395400168352],[4.84385691964212,46.57398234607569],[4.843870839196846,46.57400770129398],[4.843897753511794,46.57406581222418],[4.843909139142831,46.574097332896876],[4.843902460957669,46.57410068291814],[4.843908833631301,46.574188577039045],[4.843912297494438,46.574209867443514],[4.843919882889362,46.57424487191944],[4.843914919734068,46.57426800935094],[4.843905836730197,46.5742890514977],[4.843893124171559,46.574318618524906],[4.843852697401966,46.57438601026985],[4.843849486337262,46.57439146608625],[4.843811993657225,46.574449083179246],[4.843812124195426,46.57444908107687],[4.844026751863399,46.57441545131191],[4.844755794559736,46.57430697265184],[4.844747311349233,46.57428017891014],[4.844708276575838,46.5741419224958],[4.844688964257624,46.57409233581218],[4.844740422167451,46.57408457138525],[4.845459866404085,46.573978224311745],[4.84564544623596,46.57395082408691],[4.845679746244492,46.573945497486186],[4.845701575738632,46.57394217329433],[4.845706793552433,46.57385337181255],[4.845708261246883,46.57382731838645],[4.845710234446821,46.57379306058709],[4.845711327168081,46.57377520942929],[4.845711418031364,46.573774037075324],[4.845733587875242,46.573773049166995],[4.845984905840403,46.573762331973356],[4.845978809101368,46.57374045359244],[4.84594918805309,46.573633389551496],[4.845946517924538,46.57362397542394],[4.845936247340599,46.57358685271366],[4.84590329803059,46.573489479644756],[4.845857591931408,46.57350507788605],[4.845836161032771,46.57351244876198],[4.845818477993009,46.57344545277995],[4.845797393309369,46.57338598731706],[4.845661647214682,46.57341546660782],[4.845640817306814,46.573336542238295],[4.845663204634334,46.573330416936],[4.845724802392897,46.57331357180593],[4.845708398530268,46.573268892146345],[4.845690590109546,46.5732636850866],[4.845635087201248,46.573275388109806],[4.845599555494903,46.57328289620273],[4.845495877191859,46.57330285147889],[4.845365467173594,46.5733279211169],[4.845349673169152,46.57329737231687],[4.845333457065167,46.57326592963475],[4.845317383719562,46.573234844922865],[4.845311231322556,46.57322287492914],[4.845305218616682,46.5732111728886],[4.845291607824415,46.573183381010004],[4.845278157265373,46.57318729061919],[4.845225326241008,46.57311212445318],[4.845184108360241,46.57311756242764],[4.845097391265268,46.57314084670262],[4.844905660810159,46.57322562869047],[4.84486488723302,46.573182512533855],[4.844905688553116,46.5731724879015],[4.844822402512478,46.57308889557936],[4.844772325912329,46.5730911436304],[4.844738422194904,46.57308502489818],[4.844728885185891,46.57307337961966],[4.844715801770029,46.57305728806768],[4.844694544667066,46.57303124056404],[4.844720658291634,46.573015598222035],[4.844899842474458,46.57295371595397],[4.844938913112442,46.57294272844489],[4.845022354395068,46.57291913680611],[4.845024795533962,46.57292179951506],[4.845067655189882,46.57296866486693],[4.845083899444177,46.57297011435883],[4.84517390315851,46.57297830105159],[4.845610535089985,46.57279770087466],[4.84563681007465,46.572786829340934],[4.845582484737135,46.572690701485556],[4.845559156104435,46.57264208036312],[4.845545101849003,46.57261276449817],[4.845537087756686,46.57259596083431],[4.845530194224049,46.57258139081547],[4.845435630578558,46.57239242056655],[4.845325719370178,46.57227467153903],[4.84523108840482,46.5722185531094],[4.845089880404199,46.572136885336484],[4.845006489196935,46.57208869172811],[4.844989627234251,46.572076714181975],[4.844931568125144,46.57204378415615],[4.844908000236442,46.572030473576156],[4.844762305753459,46.57196283831598],[4.844695597654866,46.571944458490464],[4.844652091999619,46.57193245988513],[4.844613878407146,46.571926320505355],[4.844548610521247,46.57191575333896],[4.844426123921278,46.57188548237267],[4.844398729297305,46.57187871826897],[4.844364986808723,46.57186962458327],[4.844291311975443,46.57184991567294],[4.844308006193383,46.57181839299201],[4.844314886017493,46.571805582511814],[4.844364064090565,46.57183081997534],[4.844551190687326,46.57187626181124],[4.844721941272162,46.57190863711034],[4.844758409768037,46.57191723642202],[4.844855555711916,46.57195124794263],[4.844911715799653,46.57197439115419],[4.845182240267508,46.57181385250375],[4.845550370830632,46.57172406461273],[4.845557647034773,46.571722956557],[4.845668503219427,46.57169522962906],[4.845642508384777,46.57165655903224],[4.845510259115479,46.57146927722575],[4.84544166132742,46.571387430065975],[4.845386488472141,46.571277805519124],[4.845529886617078,46.57120451991047],[4.845407654275975,46.571058417912994],[4.845298853313976,46.5709733458147],[4.845092110290217,46.57081914854767],[4.844743162945362,46.57061923612501],[4.844389564504107,46.570871811214744],[4.844014100578399,46.57114599350259],[4.843867642966848,46.57125625449854],[4.843865262372082,46.571251519218215],[4.843809338200927,46.57119288476742],[4.843747370679813,46.571137049675535],[4.84371705943212,46.5711097067308],[4.843622320926872,46.57099630526108],[4.843605303610791,46.570975863593176],[4.843592981793826,46.57095138329525],[4.843570166147067,46.57090626619741],[4.843495123630088,46.570730400252],[4.843460424035,46.57061972459072],[4.84346010201916,46.57061792840865],[4.843398752293055,46.57027557566051],[4.843341078616675,46.57013050351562],[4.843312097061912,46.570030543938785],[4.843243058777904,46.5698390893856],[4.843213488919537,46.56974103069262],[4.843207372872976,46.56967609979239],[4.843158992122748,46.56964733635658],[4.842869886831578,46.56940538368491],[4.842257634758075,46.568918691564065],[4.841876882020701,46.56862335973699],[4.841386904885017,46.56825313555709],[4.841306301581483,46.56818670070995],[4.841281083982449,46.56816314815723],[4.841244576740972,46.56813013987727],[4.841178547812936,46.56807373830955],[4.840961794165655,46.56783908369376],[4.840913588569208,46.56776906521728],[4.840816860555251,46.56761192031249],[4.840730621480068,46.567467576506694],[4.840671714141541,46.56736683657493],[4.840629940732494,46.56729004949594],[4.840543750702928,46.56713939998258],[4.840492047357593,46.567043137616054],[4.840340839459598,46.566800222513464],[4.840259778065173,46.56669308343073],[4.839918840391126,46.56637720017809],[4.839779209114973,46.56624488237475],[4.839556678581525,46.566028241684315],[4.839511571037808,46.56598411254677],[4.839392934073843,46.565854699365964],[4.83922398161987,46.56567385490063],[4.838742864322612,46.565139282952806],[4.838099647545059,46.56530723330582],[4.837994744627781,46.565197683428615],[4.837524548957687,46.56530746010274],[4.836728472902098,46.565481188954564],[4.836553043241357,46.56551840988663],[4.836310293865882,46.56556913996681],[4.835923729060868,46.56564973717993],[4.835586723452049,46.56572071165066],[4.83552984185148,46.56574558195487],[4.835525595458717,46.565747451413586],[4.834869583261217,46.56590045704294],[4.83423550963877,46.56605355764369],[4.83423823814525,46.56606089951502],[4.834361343272146,46.56639695279169],[4.834360951714348,46.566396959066495],[4.834361088298839,46.56639713701412],[4.834361807612665,46.56639910698762],[4.834322286847872,46.56642378852357],[4.834322159361089,46.56642388063474],[4.834322028841759,46.56642388272629],[4.83427299504122,46.56645691289657],[4.833650389040407,46.56648931510737],[4.833522741156862,46.5665534168107],[4.833498416355252,46.5666105493974],[4.833463298974962,46.56670784511989],[4.833339918500496,46.5668250184781],[4.833229940266804,46.56690973264723],[4.833037021325956,46.5670327929216],[4.832903379822222,46.56709347721596],[4.832755972007445,46.567164199191176],[4.832637803619815,46.56723454291992],[4.832565378783457,46.56729433678013],[4.832434496931413,46.56756123237417],[4.832488670452316,46.567595491723786],[4.832520559046998,46.56761560683466],[4.832728303386311,46.567638040398464],[4.833223734947315,46.56752445720897],[4.833248047430819,46.567544513315774],[4.833409804075515,46.567725391494406],[4.833482722431724,46.56781600303249],[4.833587259201474,46.56794582812711],[4.833617842327514,46.567985328507525],[4.83362507532619,46.56799457973635],[4.833707057948676,46.5680906301701],[4.833861932466931,46.56806320024242],[4.833904484144637,46.568112956716135],[4.833913186318199,46.56812317514018],[4.834010330191449,46.56825834226053],[4.834013614368286,46.56826279305118],[4.834080657838007,46.56835340828372],[4.834231345165039,46.568476909147805],[4.834447848469942,46.56868555036131],[4.834466743681902,46.568703711533935],[4.83454544805185,46.568779908863675],[4.834584325283013,46.568817474711956],[4.834587306026647,46.568820669395464],[4.834947981846988,46.56919569673417],[4.835156037118923,46.56938988104147],[4.835273528255163,46.56945050476526],[4.835317384881473,46.56947303922551],[4.835369524417213,46.56958244673598],[4.835385156942771,46.56961227887065],[4.835322157657272,46.56963787755],[4.835347485542043,46.56967250799642],[4.835465632173615,46.569833907321396],[4.835675609583626,46.570127585254184],[4.835689181364351,46.57014664221268],[4.835569255856572,46.57020368697018],[4.835531208209734,46.57022177027209],[4.835541198067963,46.570235300453994],[4.835602785606776,46.57031888693712],[4.835655737287457,46.57038648966439],[4.835823885093968,46.570555012840806],[4.835698252067973,46.57059386540714],[4.835779127973262,46.5707459545834],[4.835932087074178,46.571021722175885],[4.835941819149071,46.57103921945864],[4.836042789023604,46.571202334785745],[4.836198215425082,46.571411772292265],[4.836213111192775,46.57141972956998],[4.836215791644468,46.57142175814371],[4.836271977969253,46.57146517044636],[4.836167659392241,46.57155132766082],[4.836129738551317,46.571592556631],[4.83603714918113,46.57171671449249],[4.836023334046319,46.571725312402485],[4.835996729806043,46.57174195135286],[4.835856559463834,46.571818415476045],[4.835785513364512,46.57185720328898],[4.835727284015703,46.57181904746472],[4.8357058162437,46.57177886104075],[4.835677940364038,46.571726798303466]]],[[[4.838292161149493,46.586238412781015],[4.837972400691534,46.58625507436914],[4.838040840097542,46.58636683099448],[4.83813104390843,46.586604693635834],[4.838161387625874,46.58676822030606],[4.838174676854614,46.58680970844663],[4.838180808865983,46.58684428617659],[4.838192245540893,46.58687733766512],[4.838202012515283,46.58691897241175],[4.838230495566597,46.58701578857275],[4.838235589802512,46.58706605478305],[4.838262975470728,46.58713037401963],[4.838258174995983,46.58728221558542],[4.838257905542467,46.5873748097658],[4.838271479831677,46.58747501762139],[4.838266194663524,46.587581562780365],[4.838310045763546,46.58767308840647],[4.838890852154812,46.587610532836905],[4.838900603497172,46.58780249120856],[4.839930204757949,46.587690930953556],[4.840457784835764,46.58747223408178],[4.840458307306847,46.58743745943325],[4.840429585699305,46.587333712364455],[4.840381170213756,46.58723865812775],[4.840332770423337,46.5871479268838],[4.840282876712426,46.58705550833674],[4.840108111049386,46.5868013528061],[4.840061244575365,46.58669798729213],[4.84003562741335,46.58663580166395],[4.840004510978323,46.58656938113115],[4.839978315767692,46.58649009185664],[4.839979169592786,46.58641487134591],[4.839969446653734,46.58632820201132],[4.839937564705266,46.586169564112126],[4.839888104931578,46.58600877680218],[4.839832947290062,46.58586492373958],[4.839713179015429,46.58559898573676],[4.83969874797027,46.585523740587156],[4.839326251924712,46.58567293271144],[4.839052737601705,46.585762980485576],[4.838673133809407,46.58586815126277],[4.838676394152333,46.58591439385715],[4.838814719677097,46.586060784845166],[4.838820680508323,46.58606708395139],[4.838634334105547,46.586111777693745],[4.838436299917102,46.58615080435676],[4.838443065396533,46.586157721039214],[4.838508026856963,46.58622449925048],[4.838378717568532,46.58623288007141],[4.838292161149493,46.586238412781015]]],[[[4.838405554154301,46.57798050473764],[4.838404442900559,46.57797854108255],[4.838395577192911,46.57796355199589],[4.838388229582623,46.57795097037175],[4.838361532017989,46.57789915954189],[4.838353884146934,46.577893157709674],[4.83834086545958,46.57788282877628],[4.838332500692738,46.57786720116473],[4.838329682557394,46.577849502994525],[4.838327004089821,46.57783207278597],[4.838281677860873,46.577777859004506],[4.837900598428215,46.577891878622],[4.837603361410013,46.57798617740042],[4.837395212964604,46.5780304089352],[4.837403331485383,46.578042617975136],[4.837123373393657,46.578126460485095],[4.836489880553936,46.57831630948108],[4.836477982521069,46.57831983284688],[4.836304909747994,46.57835458299844],[4.836303853049427,46.57832325626228],[4.836286793680608,46.57830155326453],[4.836082926347888,46.578062269544276],[4.835665420968119,46.57763465610763],[4.835176795252542,46.57707704216066],[4.835199750245073,46.57705280617467],[4.834985308514574,46.577011029188725],[4.834980311405845,46.57701002846346],[4.834857041221791,46.576991558664616],[4.834248505649642,46.57691016085599],[4.833733914628697,46.57684130581175],[4.833630870179826,46.57682998639967],[4.833607440575514,46.57686341660095],[4.833707931005357,46.5770393312016],[4.833880730200798,46.57733775089238],[4.833938674358076,46.577332409407234],[4.83397424655949,46.57741127958288],[4.834050825734432,46.57739690293641],[4.83417275614483,46.57737171208689],[4.83430808183576,46.57761227735695],[4.833926228752436,46.57768414420519],[4.833580093210585,46.5777461607468],[4.833690480048244,46.57783581186109],[4.833790271799539,46.578072353341184],[4.83382424304559,46.57841001454348],[4.833840851971294,46.57881775650292],[4.833844345395337,46.578843910332104],[4.833886776928916,46.578998417833134],[4.833928638720796,46.579132128739964],[4.833979049730874,46.579279212886604],[4.834117117839367,46.57951964435968],[4.834204320473285,46.57967703725821],[4.834654836798176,46.58004918549551],[4.83477829214762,46.58010395004249],[4.834884439393008,46.58013737551877],[4.834724189171085,46.58022334648746],[4.834784857454549,46.58031811657106],[4.83486184581126,46.58052115700786],[4.834959080991378,46.58065443050231],[4.835038358713456,46.58074322793481],[4.835179909876586,46.5808968669028],[4.835387892978611,46.58102944573541],[4.835506028696532,46.581108433028646],[4.835701917231429,46.581261920834606],[4.835812508888947,46.58138444154581],[4.835896130796039,46.581470286583155],[4.835972511691835,46.58155057338722],[4.836079530993446,46.58169882051295],[4.836144356794152,46.581796675624396],[4.83618414932162,46.581868812433584],[4.836272063176942,46.58205087106628],[4.836398956088018,46.582172499334156],[4.836652842690508,46.58232190299744],[4.836786394968118,46.58240469479389],[4.836858645537038,46.582443796147295],[4.836994469201698,46.582508717806014],[4.837212422269183,46.582665451862056],[4.837337884755969,46.58275233583216],[4.837380979010376,46.582786770840286],[4.837469934035259,46.58286793573151],[4.837522246690188,46.582908437448566],[4.83771143416859,46.58306040827202],[4.837757310279248,46.583099842305344],[4.83782180211268,46.58314897508038],[4.837852536002901,46.583173250485935],[4.837896228735058,46.583198308628326],[4.838113290429725,46.58332848527681],[4.838252816992813,46.58341784455052],[4.838393529195034,46.58353069237812],[4.838494405663436,46.58363985639328],[4.838590750967994,46.58371928056486],[4.838662163250913,46.583752810062045],[4.83873781302271,46.583760962353274],[4.838824985011237,46.58375830153168],[4.838941204078766,46.58373382802433],[4.839111765334377,46.5836861447137],[4.839207475861727,46.58364236549659],[4.839312061059485,46.58359448064568],[4.839788971077176,46.583377320551186],[4.839800150266119,46.58337182691196],[4.840094971072279,46.583228474671046],[4.840418125841178,46.583061608798474],[4.840463959271553,46.5830379047369],[4.840297964344803,46.582849628418494],[4.840157234239022,46.582689947764784],[4.840071422958586,46.58251254166348],[4.839911309414227,46.58241315756301],[4.839888281516203,46.58239659479602],[4.839771001599275,46.58231228412871],[4.839684185206611,46.5822403636263],[4.839656095630755,46.582217036966426],[4.839540586204754,46.58212711340517],[4.839385904900243,46.58195261461538],[4.83937911548937,46.58194497782924],[4.839357581148324,46.58191848347817],[4.839271443993726,46.58181250603203],[4.839243034762712,46.58176810848031],[4.839149821494757,46.5816227947957],[4.839099274054766,46.58154948067964],[4.839054159237575,46.581490039836815],[4.838920600778497,46.581314300497084],[4.838780251112889,46.58113470707755],[4.838750883340801,46.58109284670977],[4.838688210215033,46.58101243163605],[4.838612297969331,46.580895841623125],[4.838533222179843,46.580774528752926],[4.838335489553349,46.58081030830002],[4.838304745795215,46.58066966524351],[4.838269974601544,46.580634106209736],[4.83820328035645,46.58056609476864],[4.838083212802419,46.58061566834971],[4.838053053845981,46.58058516908943],[4.838032498532631,46.580564423140714],[4.837983984875495,46.580578351862975],[4.837977787950817,46.58057277705209],[4.837939944546292,46.58053906860019],[4.837828756817152,46.58056922480517],[4.837766904940729,46.58047438517889],[4.837688114024393,46.580353697659234],[4.837680367566493,46.580309958845774],[4.837671172652399,46.58025813715397],[4.837723004246959,46.5802341577506],[4.837915924123965,46.58014486598427],[4.837781062062017,46.57990708940756],[4.837744256586147,46.57984220068394],[4.837791957591596,46.57978487228508],[4.837918492889707,46.57963287781785],[4.837939352710498,46.57960462186132],[4.837943856370999,46.57955231007945],[4.837947825939927,46.579507392453],[4.837959274461067,46.57949441900528],[4.837991355185583,46.579458056918526],[4.838038796520726,46.579373712145745],[4.838043599234531,46.57936507857698],[4.838062625219852,46.57925930340964],[4.838105071445504,46.579239797749196],[4.83815626432832,46.57921627872079],[4.838194766554972,46.579269521295934],[4.838243139625542,46.57933656593391],[4.838252357488506,46.579346505564125],[4.838393637788473,46.57949969469694],[4.838473985292953,46.57959297606146],[4.838571722983145,46.57967129702111],[4.838591768122268,46.57969241133939],[4.838694966515296,46.57980090738887],[4.838794325387486,46.57992333549923],[4.838807545336128,46.57993960564832],[4.838901404321597,46.580080946231064],[4.838941451438039,46.58015668077965],[4.839011783914101,46.580289842668506],[4.839121966006064,46.580481268966544],[4.839122658306791,46.5804824287316],[4.83914586504629,46.58051204864313],[4.839418086907351,46.580860022065046],[4.83943829098664,46.580885817230225],[4.839524466295109,46.58098909189573],[4.839611684128408,46.58115026353616],[4.839642480601454,46.58120732224727],[4.839713426595345,46.58134308584478],[4.839750153821751,46.58141328924555],[4.839836939831381,46.581588698420305],[4.839942418311556,46.581779929345174],[4.840032073576071,46.58193971049141],[4.840071136417746,46.58200942591998],[4.840090585861557,46.5820437895724],[4.840092665928293,46.58204735886812],[4.840214704137138,46.58221832831079],[4.840237894252464,46.58225128079913],[4.840305955596857,46.58234800085653],[4.84037709386937,46.58257049654644],[4.840445542739181,46.58279456657764],[4.840476916401477,46.582907277876956],[4.840506659249236,46.583014251023364],[4.840585221662876,46.58296948529653],[4.84088319875511,46.58285778418197],[4.840896226855776,46.58285289118283],[4.840949430302945,46.58281150514834],[4.841045399107956,46.582736826826064],[4.841038898604451,46.58260642265746],[4.841036747895171,46.582562143728296],[4.841025025868356,46.58237390971459],[4.841048641655078,46.58207954766938],[4.841084924774897,46.58188937087135],[4.84109858460263,46.581856816772465],[4.841146559317412,46.58172652738645],[4.841209345695342,46.58154754313946],[4.841232019693757,46.581545917572384],[4.841237203778213,46.58140181526132],[4.841207269750647,46.581269896462494],[4.841151063516296,46.581164519879806],[4.841076237083868,46.580964330723056],[4.841041920917481,46.580814828987464],[4.841015819812871,46.580556753104496],[4.840983385683955,46.58043198982476],[4.840832781946352,46.580119262835524],[4.840778571759928,46.58004195524727],[4.840704761471885,46.57990263558228],[4.840673335221545,46.57983468901501],[4.840628488451263,46.57971751077546],[4.840553825297472,46.57949885468824],[4.840445297716882,46.57919418741959],[4.840404211674585,46.57905299051258],[4.840353347051039,46.57883890549586],[4.840339478629438,46.57872618294517],[4.840346266405388,46.57860241025611],[4.840385286492921,46.57835409559274],[4.840318922921725,46.57835768423199],[4.840217357101761,46.57836318966126],[4.839837229738299,46.57837398230715],[4.839824833785181,46.57837436163998],[4.839610705527688,46.57838464753685],[4.839474283318421,46.57839071235656],[4.839060456455671,46.578409249291944],[4.838971981481769,46.57841175122552],[4.838701468182954,46.57841942840083],[4.838633586304611,46.578420608604475],[4.838622324250495,46.57838881527921],[4.838572354151593,46.57824740017452],[4.838521777002097,46.57816922261698],[4.838500553952869,46.57813641834887],[4.838464994011272,46.578081327264435],[4.83845446746433,46.578063572739545],[4.838405554154301,46.57798050473764]]],[[[4.839179306244096,46.58459871000288],[4.839181608385277,46.584608850712826],[4.839187502637342,46.58462091522284],[4.839289196270164,46.58482760911801],[4.839351973682728,46.58493801486455],[4.839460733063063,46.58507929579801],[4.839544575556393,46.5851597306679],[4.839635314839622,46.58520844080031],[4.839701943540949,46.58527429088637],[4.839764552121854,46.58529463110404],[4.839795280656312,46.58529936133527],[4.839887735439389,46.58534083826815],[4.839918358624074,46.58535790947994],[4.839977204005831,46.58540217807997],[4.840048490056577,46.585493712592246],[4.840057639588722,46.58550545454595],[4.840277363810482,46.58537006390377],[4.84039445630295,46.58529792894162],[4.840414030883006,46.5852857253487],[4.841011356455184,46.58491287876145],[4.841014948292814,46.58491092958297],[4.841285974469222,46.58475913029569],[4.841408936978342,46.58469068271274],[4.841427269436045,46.58468039034281],[4.841432910659379,46.58467723730825],[4.84146233297384,46.58467811516799],[4.841467953265824,46.584678204919314],[4.841489265459411,46.584678762857585],[4.841539756330241,46.584672997103105],[4.841689101734909,46.584581247607375],[4.8417603614393,46.584521377056475],[4.841907533663938,46.584388591161144],[4.841962804664331,46.5843387950881],[4.842033040579722,46.5842795713005],[4.842111403809387,46.584213461609295],[4.842129933121464,46.58420127452396],[4.842144372801102,46.58419176520458],[4.842146161059691,46.584190565549704],[4.842243235309819,46.58416396484512],[4.842314728104549,46.584134172926596],[4.842317970365247,46.58412961735449],[4.84234850155167,46.5840860735589],[4.84235341627821,46.58407689760202],[4.842356980139449,46.584070265287444],[4.842367345827886,46.58406775673351],[4.842515316383207,46.58403196052663],[4.842613204009512,46.58400624709319],[4.842673046257163,46.584002762182095],[4.842702771536396,46.58400102286649],[4.842748533797311,46.58374755523051],[4.842711594968916,46.583729145318415],[4.842691265720267,46.583719024572716],[4.842569201307341,46.58367496406007],[4.84247424625663,46.5836406449051],[4.842470848642045,46.583640609507924],[4.842363005384878,46.58363847183058],[4.842354245658179,46.583638252502006],[4.842278637722481,46.58362748994475],[4.842230341280408,46.583617008474995],[4.842155200365887,46.58360074416781],[4.84214691109738,46.58359898609661],[4.842084351452969,46.58357234163595],[4.84207043548836,46.58356644087767],[4.842013345065294,46.583547003910624],[4.84192133064332,46.58343743012151],[4.841788018702513,46.583141989471606],[4.84170004828735,46.582989748245026],[4.84163200378223,46.58288204039403],[4.841517255661813,46.58271050480205],[4.841382537115257,46.582520105753495],[4.841315704534038,46.58252928665275],[4.841217588654215,46.58255977629791],[4.841145248092364,46.58259921848413],[4.841139951971532,46.58268594916712],[4.841105269639373,46.58275739044271],[4.841060092392283,46.582812067648455],[4.841006946518734,46.5828512911755],[4.840905301156466,46.58290876764959],[4.840832406197449,46.58293569907214],[4.840617916378528,46.58300922017098],[4.840559558515449,46.58303339582417],[4.840510129232453,46.58308210658473],[4.840307740555425,46.58318902796382],[4.840142829039374,46.583272379332044],[4.839835080198092,46.58342359520706],[4.839142036987544,46.5837353760559],[4.838848321718307,46.58381106690102],[4.838708552059776,46.58381898570046],[4.838876595322363,46.58403317094281],[4.838919887855004,46.58410434996589],[4.83899148141944,46.58427468968778],[4.83905323134125,46.58438565250006],[4.839173113470541,46.58457007777067],[4.839179306244096,46.58459871000288]]],[[[4.841854154940078,46.56285160046446],[4.841852731503973,46.56285198364397],[4.841852874193645,46.56285234162173],[4.841828703179469,46.56285966584611],[4.841832107244104,46.5628753730518],[4.841832532268137,46.56287635696569],[4.84187199287638,46.5629967740001],[4.841872284346412,46.562997669994495],[4.841902924763168,46.56311597723963],[4.84196073334081,46.56326537123664],[4.841961152280208,46.56326617511101],[4.84198466028271,46.56332803411512],[4.841984945666284,46.56332875007025],[4.84199770918928,46.5633625004811],[4.841994977578763,46.56336281464599],[4.841995266007713,46.56336362062055],[4.841959245200762,46.563368073237136],[4.842023962962212,46.56357887277707],[4.842067759170551,46.56378496514657],[4.842107565546502,46.56378432452051],[4.842146922120453,46.56385916849217],[4.842144060856332,46.563894251173366],[4.842215733092898,46.563994064404234],[4.842269575098138,46.56402616288313],[4.842310658303936,46.56409413380803],[4.842307941886624,46.56409489807757],[4.842307944932243,46.564094988097],[4.842427744229496,46.56427409743255],[4.842483803606695,46.56436785702142],[4.84255254215363,46.56462020318168],[4.842730801361382,46.565014085114385],[4.842774592569138,46.56510029618285],[4.842940257099828,46.56541133744918],[4.842838129998958,46.565441983745266],[4.843140730492123,46.56587106142671],[4.843437670864968,46.56624853021057],[4.843583808659663,46.56639532999238],[4.844034971821719,46.566730052705815],[4.844196003998378,46.566876972069124],[4.844495469678981,46.567074170552],[4.844827342244498,46.56730273023995],[4.84495524982648,46.56739307901132],[4.845117289477659,46.5675117894599],[4.845203933330883,46.56757524212855],[4.845230082342121,46.567587700405355],[4.8452888857934,46.567615754537044],[4.845313143471934,46.56762635184625],[4.845389901628292,46.56769095449543],[4.845424012875903,46.56772255902345],[4.845461903874166,46.567757795413115],[4.845463558619519,46.56776038072158],[4.845481469273707,46.56778792312876],[4.845402389137094,46.56777811960941],[4.845365010321974,46.56777340815905],[4.84529310325125,46.56774790708053],[4.844825963681182,46.567674465042295],[4.84468452358281,46.56763954617283],[4.844655549552108,46.56763235726894],[4.8445956284387,46.56761756089161],[4.844515558191223,46.567620922716316],[4.844484967968846,46.56758529817871],[4.844206184470491,46.56742046128423],[4.844223495863114,46.567384064927865],[4.844137358247142,46.56734708350876],[4.84413566615092,46.56729712277565],[4.844054727271483,46.567232406527104],[4.843915341510968,46.567119274218356],[4.843853922237229,46.5670872084539],[4.843820940433678,46.567069635961204],[4.84376388940979,46.567039301156306],[4.84362955941152,46.56697517438357],[4.843530260777993,46.566888866847336],[4.843509654221684,46.56687037441335],[4.84347100941345,46.56683596015789],[4.84339742021158,46.56676842304438],[4.843333536400388,46.56670982650763],[4.843221584907422,46.56660462796026],[4.843161194511622,46.5665180538607],[4.843048695374115,46.56635035647039],[4.842849709904884,46.56609668500514],[4.842783247247038,46.56601200984584],[4.84273326946863,46.56595138774794],[4.84260929125407,46.565741542576305],[4.842579372327713,46.56569095538614],[4.842543835592795,46.565644151424664],[4.842513823741887,46.565602392421496],[4.842442837977526,46.56550364913655],[4.842332148260907,46.56535456612198],[4.842303281370206,46.5653157608967],[4.84228317827789,46.5652851009098],[4.842259219744129,46.565248558454286],[4.842201179868898,46.56511943373925],[4.842079873831568,46.56483019471904],[4.842050638925399,46.564780497074324],[4.841798799862344,46.56444643269973],[4.841739541610203,46.564258062330474],[4.841675272960722,46.56427674983364],[4.839873752473885,46.56478002189817],[4.839106522798726,46.56499545586521],[4.838845488884986,46.56506918240536],[4.838844842385329,46.56506937292797],[4.838978207696001,46.56522124724919],[4.839221669979165,46.56548943205154],[4.839303472981295,46.565576114398304],[4.839641780127788,46.56594581248179],[4.840092646065029,46.56637305529844],[4.840136524971028,46.56641558273718],[4.840296956994654,46.56656440849281],[4.840393036851022,46.56666770335115],[4.840491275202568,46.56680780138973],[4.840534019179544,46.56688241127062],[4.840804802621548,46.56735568958337],[4.840942140416555,46.567543615261854],[4.840955862531538,46.567567082557005],[4.841093724768389,46.56780138483817],[4.841131289146764,46.56784635525326],[4.841301470084585,46.568039966987186],[4.841410371582892,46.568128373649245],[4.841519682879955,46.56821344108961],[4.84167665182356,46.568336831368526],[4.842001215767145,46.568141024426765],[4.84203747027735,46.56816268792315],[4.842255432403364,46.5682167340131],[4.842436552169569,46.56828191069016],[4.842591514227328,46.56820700143719],[4.84284749375193,46.56829231866901],[4.842941908742296,46.568346190728235],[4.842950057364718,46.56840559475497],[4.843049719027857,46.56844470110842],[4.843072616552975,46.56845369955747],[4.843106499926859,46.56846702453923],[4.843141371641019,46.56849411406434],[4.843185330868712,46.56860833354424],[4.843431204757143,46.56875767073254],[4.84361142556173,46.56886176962859],[4.844049395174646,46.56913023444864],[4.844075712353709,46.569147644047455],[4.844365354305091,46.569339777263366],[4.844452087932339,46.569440517394874],[4.844516278663311,46.56951189811955],[4.844584092590096,46.569632397789626],[4.844584226166412,46.56963248570564],[4.844596596314977,46.56965453327904],[4.844627998397538,46.56971022997005],[4.844751389349308,46.569844425051265],[4.844976415392434,46.569971758034306],[4.845259203097726,46.57011941567267],[4.845394399358973,46.570239639324726],[4.845743542249331,46.57042990929987],[4.845911035422479,46.57053195820526],[4.846176250038268,46.57066575626648],[4.846240304340705,46.57070219170751],[4.846352121462028,46.570776045795235],[4.846482345704999,46.57087662341252],[4.846587659066165,46.57098588901921],[4.846692860639457,46.571095696747626],[4.847130778636699,46.57093434429074],[4.847426188037643,46.57082626878377],[4.847862686944897,46.57065016511689],[4.847774440841729,46.57044353131766],[4.847693922659073,46.57024523915903],[4.847600229730432,46.56997042122049],[4.847554047062161,46.56984101760635],[4.847541756873028,46.56978672451801],[4.847422244582736,46.569420633403055],[4.847377572155819,46.56925103479011],[4.847300476724178,46.568972616217074],[4.847251479119831,46.56877174350735],[4.847241872457975,46.568715695778046],[4.847225895744853,46.56862201213296],[4.847223815671892,46.56844136825145],[4.847240019677818,46.56835698276688],[4.847244904531272,46.568331594684146],[4.847249130510983,46.568290635378965],[4.847254659316421,46.56823803620946],[4.847224238612262,46.568107387344256],[4.847203564352125,46.56804845587626],[4.847188407396203,46.56801357373777],[4.847107808273448,46.567866621534016],[4.84703906517773,46.567761179700305],[4.846978593365531,46.56766857423732],[4.846826131453208,46.56754746011525],[4.846654470577151,46.56745322573876],[4.846454043013801,46.56735405103055],[4.846314239148358,46.56722489610803],[4.846206362151627,46.567112969589964],[4.846140868991805,46.5670532296341],[4.846132781391745,46.5670457943154],[4.846122890925714,46.567039108620634],[4.845957716370907,46.56692810595037],[4.845855962171403,46.56686192524985],[4.845823379874547,46.56684074414238],[4.845795464409421,46.566810841196244],[4.84574858352974,46.56676079850434],[4.845723697560824,46.5667316573085],[4.845628322672913,46.56655314818872],[4.845615326992951,46.566528048474865],[4.845600646099272,46.5664994632592],[4.845570919601231,46.5664739127497],[4.845490079574021,46.56640442227324],[4.845416394543314,46.56633796878806],[4.845403058275097,46.56632593447601],[4.84524281063204,46.56617909419039],[4.845234978219868,46.56617147456037],[4.845199595772963,46.56613700828376],[4.845035444132978,46.5660714724426],[4.845026628625301,46.566065670015064],[4.844955036087071,46.56601854724488],[4.844802759559415,46.56589877857688],[4.844629488682287,46.56576061379663],[4.844426377111997,46.565670575837764],[4.844413476063831,46.56566366830629],[4.8443606667594,46.5656351568991],[4.844097597260587,46.56538261014473],[4.844088599046299,46.56537140648182],[4.843869470448295,46.5650975256233],[4.843863878489582,46.565090500292044],[4.843860086318681,46.56508263535196],[4.84371009512362,46.564775666160045],[4.84370550161904,46.56476727371161],[4.843680457524872,46.56472183224341],[4.843545132850454,46.56451244098784],[4.843589259797306,46.56449668882957],[4.843545208901662,46.56442597401285],[4.843440112571744,46.564256986869864],[4.843387315783794,46.56399348614014],[4.843360748976727,46.56386061262037],[4.84334029069127,46.56378474414524],[4.843318611767391,46.56374996655814],[4.84322929168433,46.56360720530259],[4.843163805518282,46.56361303347602],[4.843144811670191,46.56356884549653],[4.843040661921924,46.56332742769332],[4.843020948402716,46.56318480641532],[4.843020151153079,46.563168967196944],[4.843017814248232,46.56312306989144],[4.8430107900849,46.56309301004642],[4.842978153621145,46.56295437971721],[4.842974785780934,46.56293975277917],[4.842978907353165,46.56291491757763],[4.842987257052052,46.562891545460396],[4.84300417784207,46.56284362676809],[4.842960183467111,46.56274751150993],[4.842984446520699,46.56263102253304],[4.842998605760156,46.56256324316359],[4.842967881206405,46.56253896904311],[4.842969835385143,46.56251182695691],[4.842979838856638,46.56236755626945],[4.84300804831344,46.56230594552424],[4.843020564557869,46.56227836315861],[4.843030084326062,46.562173820461524],[4.843034147715362,46.56200451628901],[4.843035373679911,46.5619558595481],[4.843039093439135,46.561946162319515],[4.843065589767328,46.56187638290075],[4.843076329560857,46.56184261440234],[4.843073735230228,46.561777536636555],[4.843071588777746,46.56172569173095],[4.843062257959317,46.561577318985236],[4.842870695414132,46.56158877987728],[4.842830268578107,46.56159033146996],[4.842048835204997,46.561600388505624],[4.84154833591813,46.56160835231045],[4.841439750619034,46.56161000927245],[4.841460272586884,46.56178053901128],[4.841460576219991,46.56178179508495],[4.841509414191429,46.56199807437181],[4.841509720871064,46.56199942046478],[4.841581764003387,46.56231881504631],[4.841582717144067,46.562319970600846],[4.841720241802328,46.56247510743274],[4.841720685088562,46.562476631464],[4.841745553414463,46.56257872923599],[4.841768498787512,46.562577639473645],[4.841854154940078,46.56285160046446]]],[[[4.848188451227223,46.57910044074578],[4.848378926365401,46.57907439844976],[4.848679058008128,46.57902722060736],[4.848676707224994,46.57902338562432],[4.848593503060548,46.57888494293906],[4.848343824472192,46.57839449857995],[4.84830272730823,46.578318964192114],[4.848241353757961,46.57795013419491],[4.848237185485305,46.57789661079578],[4.848206464165713,46.5776919309485],[4.848128693299176,46.577247888256636],[4.84807695629102,46.57696662919369],[4.848067445603118,46.57690193346948],[4.848014569143388,46.57673715120242],[4.847918420112054,46.57647885582283],[4.847900138371244,46.57642510986193],[4.847873486338118,46.57635564695943],[4.84783621672681,46.576238889372235],[4.847728107924866,46.576078421015715],[4.84768420951663,46.57596645392111],[4.847642445973205,46.57591353722879],[4.847573572424829,46.57584691728431],[4.847470336756048,46.57576842236795],[4.847300034002481,46.575634176387005],[4.847095918231692,46.575496512691515],[4.846869671505732,46.57517231374655],[4.846805039700309,46.57509977048739],[4.846684684512028,46.57502092057425],[4.846343372519004,46.575043268340394],[4.846147374613872,46.57519107891656],[4.846090441822088,46.57511444810919],[4.846005362586757,46.575128339496445],[4.845906246298544,46.57492854476644],[4.845403329357594,46.57503833966549],[4.845001855582682,46.57513154620033],[4.844907537471959,46.575123338776194],[4.844746859552983,46.57515339880033],[4.844558239802478,46.57520300327729],[4.844366171961229,46.57525878763261],[4.84412686933429,46.57533523762159],[4.844157161644487,46.5753812249238],[4.844213726258703,46.575508751179655],[4.844229459153813,46.57555677436143],[4.844266604683213,46.57567011240849],[4.8443340440855,46.57587573279006],[4.844359250498009,46.5759527854732],[4.844382620840967,46.576033470462306],[4.844598836970289,46.5766594744691],[4.845018751779511,46.57655507411836],[4.845201896690059,46.57650952020881],[4.845230453834995,46.576554364319186],[4.845321512725703,46.576697546402784],[4.845374084486111,46.57669174528342],[4.845396030582953,46.576741919877094],[4.84544147483809,46.576845666631144],[4.845466369942284,46.57693659462885],[4.845491182736287,46.5770250921029],[4.845509303267868,46.57708955913631],[4.845409415807357,46.57719844059681],[4.845405960237935,46.577212096611916],[4.845400335565155,46.5772349745581],[4.845447228866094,46.57728898023821],[4.845503058237906,46.577471729621244],[4.845460391569052,46.57749232246847],[4.845475799614738,46.57753071341398],[4.845498971231168,46.57759005520076],[4.845538363128787,46.577696331317476],[4.845583694499112,46.57777359974834],[4.845610212985905,46.57776983974162],[4.845672385375138,46.57786611127776],[4.84570324621055,46.57798657552367],[4.845676774092026,46.577995558764854],[4.845651980759727,46.57800397452714],[4.845653906760885,46.57801069860255],[4.845705289118782,46.57818937642992],[4.845722911827597,46.57825069905983],[4.84572558214438,46.57826011318419],[4.845776003844956,46.57847978754562],[4.845848149813325,46.57868911406446],[4.845941151046564,46.57891638816265],[4.846098789171806,46.57923548042113],[4.846112603548036,46.57925381174794],[4.84617950129068,46.579342981503046],[4.846205159700712,46.579379315634924],[4.846215804314654,46.57939661724225],[4.846230035572176,46.5794195353169],[4.846235332885106,46.57944863202742],[4.846240301937788,46.57947575252821],[4.846306667336164,46.57946063170139],[4.84653467137878,46.579408768194774],[4.847186335147535,46.5792545974856],[4.847405973159312,46.57920259698272],[4.847458274612197,46.57920031197153],[4.847823667051038,46.579109300869874],[4.848149944197116,46.579028106958575],[4.848165879480018,46.57902424699612],[4.848188451227223,46.57910044074578]]],[[[4.844170651217353,46.564316193027196],[4.843637688680889,46.564488433116416],[4.843771954292489,46.56469739098521],[4.843945426906576,46.565049916763336],[4.84416772452516,46.565344101904174],[4.844303335152038,46.565488548472594],[4.844383242250255,46.56554985855226],[4.844431157072771,46.56558808614456],[4.844571704292059,46.56559680970787],[4.844891017364733,46.56586349036605],[4.84501625592564,46.56596766253987],[4.845283458388153,46.56611845329867],[4.845553362902097,46.56636818518226],[4.845655002301109,46.566461838884365],[4.84567873342194,46.56648388330253],[4.845771299470423,46.56662190684527],[4.845855046278801,46.56676556671215],[4.845875104047852,46.56678325696955],[4.846102936932436,46.56694359753411],[4.846222533764051,46.56702759401589],[4.846402923073855,46.56722139407359],[4.846518164132012,46.567315548193164],[4.846916739330332,46.567539062949734],[4.846928564156841,46.5675488697664],[4.847066296209952,46.56750908883573],[4.847134451927867,46.567489434940164],[4.847142367354624,46.567410947587064],[4.847158413374144,46.5672526183744],[4.847111512590705,46.567098097034446],[4.847058594091243,46.56688936144683],[4.847051519836517,46.566850205712896],[4.847046366047169,46.56682146694079],[4.847018621535245,46.56661953060439],[4.8470110877492,46.566559126104956],[4.846999610779919,46.56646717117048],[4.846975447989941,46.56629381882092],[4.846964311498776,46.56618879844636],[4.846949881625566,46.56609833224629],[4.846934764846718,46.56600301342512],[4.846903973373125,46.565768971731806],[4.84688102187609,46.56565441457388],[4.846864220099182,46.565571011976424],[4.84682209031825,46.56535687820702],[4.846798188150221,46.5652373825967],[4.846761060466191,46.565051359555014],[4.846736886850372,46.56492385220641],[4.84671187453627,46.56480626592528],[4.846665073384702,46.56458527217282],[4.846662270008734,46.56457577013202],[4.846624371579762,46.56440164852382],[4.84659333934739,46.564275963092186],[4.846540049355521,46.56405228183898],[4.846507857416832,46.563923192485134],[4.84650663931857,46.56391807822671],[4.846416489703877,46.563847387567364],[4.846223628995549,46.56388625573456],[4.845560347987862,46.56401980582021],[4.845077111790324,46.564133246813356],[4.845161865691119,46.564252842630815],[4.84500113954991,46.56429209136094],[4.844743408470044,46.56435506014919],[4.844573883612489,46.56440057473313],[4.844401791471982,46.56445126433447],[4.844354856919063,46.56446508054264],[4.844327334840298,46.56447372024157],[4.84418376532679,46.56432940194504],[4.844170651217353,46.564316193027196]]],[[[4.847776047768495,46.574015891079874],[4.848404941987569,46.57390089918627],[4.848386729215558,46.57386840832503],[4.848094829739629,46.57333388100546],[4.847905500173546,46.57302367914139],[4.847867241101063,46.57305086689397],[4.847704268211126,46.57318625826898],[4.847388278399466,46.57328863176994],[4.84753088916548,46.57348457100897],[4.8474457053182,46.573506841570826],[4.847501560662262,46.573597900069636],[4.847531385686887,46.57366469987519],[4.847775138105384,46.57366968267303],[4.847816389902361,46.57374989831269],[4.84789984287926,46.5737381934267],[4.847909735111508,46.57376028065842],[4.847915815657204,46.573773962981754],[4.847996070756516,46.57375654526372],[4.848031224393415,46.57383794008979],[4.84794902165912,46.573848003656146],[4.847733164385681,46.57388760521456],[4.847701683123701,46.57381434726181],[4.847678847033681,46.57378030968128],[4.84764392830672,46.573744305457765],[4.847622466506232,46.57371997307822],[4.847598813346145,46.5737118883797],[4.847514541667884,46.573699467917116],[4.84747998234375,46.5736971434408],[4.84740722252956,46.573700659373955],[4.847393143749753,46.57370529991668],[4.847402157860543,46.573724609237736],[4.847355746577707,46.57373481535373],[4.847344838581236,46.57371742802712],[4.8472722666501,46.57373418090137],[4.847191149519375,46.57375314318125],[4.847201888955954,46.573792509937704],[4.84723739478953,46.57386507259955],[4.847154610223155,46.573881089496695],[4.847155141768241,46.57391215452659],[4.84717087135954,46.57394846851161],[4.847242349898683,46.574118895535186],[4.847776047768495,46.574015891079874]]],[[[4.848406377551152,46.56591458986406],[4.848368871425556,46.566186932452105],[4.848365673979878,46.566208150201895],[4.8483239304806,46.566321049714375],[4.848323799962055,46.56632105182189],[4.848246449610741,46.566315995993925],[4.847999853536792,46.56628782293955],[4.847915298945741,46.566289818477806],[4.847708463797355,46.56625190597767],[4.84753835144677,46.56623402609281],[4.847281910508304,46.566181241549785],[4.847031893721496,46.56613303634437],[4.847076058046542,46.56643405334961],[4.847132932331959,46.56687104887231],[4.847237170520106,46.56721441935462],[4.847217121356139,46.567462611515],[4.847166798255562,46.567673013058965],[4.847149056024185,46.56781984085798],[4.847196571391527,46.5679039186669],[4.847238267562293,46.567985838650245],[4.847261133236167,46.56804392413222],[4.847310421804083,46.5681725572022],[4.84865714678441,46.56788124076307],[4.84867818014859,46.56795070421767],[4.848704052627855,46.56803576144678],[4.848734015315327,46.56815281702107],[4.848891793069934,46.56811108892123],[4.84913959972983,46.56875530965468],[4.849210613624233,46.568877466363226],[4.849253890213157,46.56895197450544],[4.849327726305224,46.56906877150819],[4.849362924235335,46.56912458579368],[4.849398948196484,46.569181647683614],[4.849275422774089,46.569209132676185],[4.849360217213611,46.56938708931932],[4.849421859179031,46.56956010590943],[4.849494974872938,46.56971717509443],[4.849531816091993,46.56984826009526],[4.849353946016898,46.56988301803498],[4.849428721337085,46.5700850947203],[4.849559620665037,46.57039380642948],[4.848583108955545,46.570597192367465],[4.848665096525442,46.57068863895585],[4.848946283744668,46.57063492031002],[4.849199030192167,46.57059363950569],[4.849285424359735,46.570726355941886],[4.849331826601693,46.570715968999586],[4.849435316234679,46.57086750368361],[4.849507945267255,46.570891009071175],[4.850427258577291,46.57069538508765],[4.851619841758967,46.570447777614255],[4.852073455262177,46.57034911000186],[4.85212571090738,46.57030350044996],[4.852168187509645,46.569966587030066],[4.852171822735047,46.56993140144858],[4.85215314243709,46.56985064192733],[4.852131169198366,46.569699952356444],[4.852126211121811,46.56966553629071],[4.852120712573302,46.569630588557416],[4.852065051130367,46.56927274575672],[4.85204188400575,46.56917908892268],[4.851980258933552,46.56891465366208],[4.851967642910558,46.56877795343712],[4.851958990306639,46.568700184047415],[4.851958170529461,46.56866840307937],[4.851954528661159,46.56851525523587],[4.851958892967186,46.56840935396938],[4.851963690107064,46.56832001832908],[4.851966268579104,46.568272960778415],[4.851973785932332,46.56820600821987],[4.851990600486673,46.56805532153246],[4.852040734554837,46.56786293437825],[4.852084217382718,46.56769001956745],[4.851975195287676,46.567494893371936],[4.851656209500076,46.56690506018715],[4.851578874085921,46.566754545459055],[4.851578871024829,46.5667544554399],[4.851454544219996,46.56651238035569],[4.851295753672503,46.5662206942932],[4.851267759701182,46.566169357561506],[4.851174328602871,46.56606773996945],[4.851087954068577,46.565973934231955],[4.850890746585931,46.565727542951294],[4.85064488309018,46.56573241896364],[4.850605815605916,46.56572026084133],[4.850547766728458,46.56561068508609],[4.850424839165158,46.56551332665719],[4.850349235419132,46.56545204118897],[4.850299337471993,46.5653325160693],[4.850164863155444,46.56499522098978],[4.850125970473736,46.56477680265938],[4.850094743272405,46.56444576465137],[4.850073563877979,46.56432973826355],[4.850049429140217,46.56412288035159],[4.849997914733161,46.56387116041881],[4.84996089822687,46.56370792378289],[4.849913191672051,46.5634837032759],[4.849881921238076,46.56332046381087],[4.849521777291777,46.563328265333524],[4.848886746030757,46.56336653617689],[4.848881909150285,46.563397147579956],[4.848821307281767,46.56375065514804],[4.848685015577634,46.56409025361778],[4.848674031692733,46.56423598192815],[4.848673851026396,46.564242199581585],[4.848669294787651,46.56435801135776],[4.84868356778313,46.56445532515904],[4.848701710275083,46.56458968473457],[4.848714279682982,46.56468297295635],[4.848700123601505,46.56476219177542],[4.848681668949098,46.564864807789235],[4.848638423130807,46.56514111620448],[4.848585659535547,46.56531787234302],[4.848581513206801,46.56533036877377],[4.848536295014513,46.565467823176974],[4.848469625692414,46.56564273223049],[4.848432563530347,46.565743487015204],[4.848425865734241,46.56576160889342],[4.848423426109593,46.565778220911284],[4.848417557314098,46.565824610941185],[4.848406377551152,46.56591458986406]]],[[[4.849031822507604,46.57336135350371],[4.849060663989366,46.57321839932667],[4.849063065865495,46.573208362930295],[4.849077518851107,46.573107072645556],[4.849040131424787,46.57308299774976],[4.849023933169381,46.5730713703348],[4.849023544902086,46.57305993790786],[4.849038641520044,46.572996826269936],[4.849043173164743,46.57296874177634],[4.849032634707895,46.57296224692042],[4.849017428511909,46.572960601084006],[4.848972848722549,46.57297086835972],[4.848779101532474,46.57302299465645],[4.84875018919538,46.573021570127736],[4.84860078120572,46.57302173111004],[4.848367230978651,46.57314790522395],[4.848351194821714,46.57314104872765],[4.848263472298354,46.57319623589165],[4.848200429496819,46.57323589305288],[4.848128177524223,46.57328128309085],[4.848463565593061,46.573888784161184],[4.848910493455649,46.573807620863526],[4.848912760544146,46.5736897746863],[4.848916692205604,46.57364017352772],[4.848933712002146,46.57359522468765],[4.849015840753488,46.57341763422595],[4.849031822507604,46.57336135350371]]],[[[4.849241909845754,46.578758283769005],[4.849240513800573,46.57874794845187],[4.849268306697172,46.578727864638836],[4.84928029384184,46.578719294662946],[4.84927970437373,46.578717322679275],[4.849279272975545,46.57871615875802],[4.849238995189978,46.57859557725266],[4.849238272118886,46.578593517358264],[4.849232953290481,46.57859459401817],[4.849178993938264,46.578605733330484],[4.849136480500826,46.57845393416574],[4.849216640960199,46.578445073739566],[4.849288343324432,46.578437160488704],[4.84922933819387,46.578272838012374],[4.849162405128275,46.578278872832826],[4.849145902667154,46.578208345599855],[4.849160681564103,46.57818198706932],[4.849188278992723,46.57813308453689],[4.849196483043834,46.57803621856263],[4.849199400482041,46.57801059201427],[4.849219625594492,46.577833100786755],[4.849214071698356,46.57761576534354],[4.84921365795692,46.577599739848374],[4.849212247137154,46.57756589691148],[4.849211958526142,46.5775650909573],[4.849191198778053,46.57751534822158],[4.849122245440282,46.57751186841302],[4.849137932882771,46.5774392000398],[4.849129257454144,46.57740682545903],[4.849123711800054,46.57738583901751],[4.849117440042443,46.57736270266098],[4.849116689473766,46.57735983259405],[4.849113915958323,46.57728971409213],[4.849111881457412,46.57723750726884],[4.849102263025565,46.57723505063077],[4.849097850426156,46.577216657872114],[4.849077285542926,46.57713034419095],[4.849106215998963,46.57705917323168],[4.849128753453011,46.57700359728607],[4.849179310670527,46.57681543839314],[4.849184475303032,46.57676752864058],[4.849187574265694,46.576739557374154],[4.849196699902802,46.57665060250709],[4.849209520247644,46.57652429962931],[4.849186440852378,46.57637164613556],[4.849171790553362,46.57627487905835],[4.849176059991048,46.5761660074268],[4.849176998741228,46.576143655291474],[4.849188488195919,46.57601278040833],[4.849211304142799,46.575830833901385],[4.849216037041345,46.575793288981096],[4.849231018941528,46.57573062955482],[4.849250786359925,46.575647357220355],[4.849267974197718,46.57558042893728],[4.849299331807519,46.57545769952974],[4.849299082012432,46.575454190895],[4.84929575095128,46.57541380396578],[4.849292361796937,46.57537170667397],[4.849300652446834,46.57503516706138],[4.849301048164651,46.57492761892505],[4.849364601063709,46.57477221496952],[4.849363347867691,46.57476223761355],[4.849356202919387,46.5747056999652],[4.849728376571165,46.57461151029743],[4.850030751736205,46.574535019947426],[4.849959147198693,46.574430346562245],[4.849873486215135,46.57426177150108],[4.849826792783461,46.574129134551505],[4.849766157456997,46.5738206389468],[4.849663998997521,46.57377383269306],[4.849315090642794,46.57382990774507],[4.849064304184538,46.57389088187811],[4.848914339266812,46.573920864890084],[4.848716109185624,46.573952617873125],[4.848655687718559,46.57396178979961],[4.847737643817053,46.574135040983414],[4.847739989881911,46.57414644180959],[4.847463163574027,46.57419837547104],[4.847186871105497,46.57425066011438],[4.847197249566758,46.574290933377554],[4.847220566944528,46.574289116053066],[4.847238813699674,46.57434187193409],[4.84708377003956,46.57436851185742],[4.847020995179673,46.57439303250846],[4.847052513294677,46.57447124379886],[4.847133668193536,46.574453361849436],[4.847153572886997,46.57449339134566],[4.847175803659145,46.57453653570227],[4.847222135084406,46.57465098564556],[4.847104358180427,46.57467891570609],[4.847058781179415,46.574690639388336],[4.847061696573198,46.57469572625135],[4.846891483432943,46.574744947598255],[4.846683161037316,46.57477577897988],[4.846647388843915,46.57475311834903],[4.846615973243713,46.57476263192165],[4.84666140437644,46.57490447738415],[4.846730171024273,46.57502577109142],[4.846811988028157,46.5750658827531],[4.846812118567721,46.5750658806473],[4.846829245989825,46.57507794372567],[4.846878745777929,46.57511254208308],[4.846911338088996,46.575156960427734],[4.84712633702283,46.575465308593266],[4.847400322582613,46.57566047933463],[4.847531440627647,46.575760050708986],[4.847585323487898,46.57580061262453],[4.847594438587076,46.57580749086006],[4.84761035570862,46.57582236547883],[4.847685493038746,46.575892667184604],[4.847730240180785,46.575956524054185],[4.847802692071084,46.576059293653],[4.847805577053871,46.57606348030484],[4.84780780627208,46.57606758747214],[4.847842678334897,46.57613295470818],[4.847893816125162,46.5762234586868],[4.847926913238428,46.57634811955605],[4.847943234124107,46.576417208791824],[4.847961440363753,46.57647257719644],[4.84803405423278,46.57663010562976],[4.848075469653923,46.576738149667015],[4.848121102679219,46.57688962864395],[4.848131653394141,46.57696187332162],[4.848143073436184,46.577025097125066],[4.848182741012723,46.57724323291597],[4.848235691729149,46.577517897343604],[4.848252708857361,46.57761516669783],[4.848265689173731,46.577689713914474],[4.848300262497387,46.577930899328514],[4.848300438888265,46.57793224750671],[4.848363589400066,46.57830339057017],[4.848492093410041,46.57855269677365],[4.848593183113788,46.57874858458227],[4.848714892973949,46.57901700467281],[4.849321035332548,46.578922731587554],[4.84930423190499,46.57888949755653],[4.849304228846977,46.57888940753754],[4.84929653186988,46.578874310300925],[4.849249617849172,46.57878139691819],[4.849243457845157,46.578769247110536],[4.849241909845754,46.578758283769005]]],[[[4.850806470773684,46.57515052957761],[4.850808935724876,46.575150039385825],[4.851308547817957,46.57504702916865],[4.852722790909021,46.57476259195075],[4.852656332796234,46.57457902689367],[4.852606308304937,46.57443698767836],[4.852560931112244,46.57431252667741],[4.852440226874794,46.573974110749006],[4.852391734351061,46.57383483877828],[4.852273104323349,46.57349206582337],[4.852253128508464,46.57346924140164],[4.852230599434659,46.573455825417575],[4.852200663537944,46.573443520018984],[4.852160084232832,46.57344084400904],[4.851750699729148,46.57349664401012],[4.850961093733963,46.5736017334787],[4.850604031309103,46.573648397072304],[4.850388001342726,46.57367899962119],[4.850048426715545,46.57372528873828],[4.850032345224631,46.57373248389121],[4.849943453835964,46.57377246966039],[4.849904693531751,46.573796423731324],[4.849880883516596,46.57384139237837],[4.849855637352475,46.57390944176036],[4.84989096990147,46.57403829926549],[4.849930417732465,46.57414988717827],[4.850005548772213,46.57435835256577],[4.850032772710871,46.57441384516877],[4.850104747670289,46.574494824510545],[4.850128558653906,46.574488315055305],[4.850187811567899,46.574536985216525],[4.850260869967599,46.57462677366747],[4.85029027879724,46.5746658384352],[4.850305799579889,46.57471899820473],[4.850344489996619,46.57478520370265],[4.850329494355884,46.574789769355164],[4.850342599223659,46.574810273303285],[4.850448767208226,46.57489042958767],[4.85054777925115,46.57495602028241],[4.850626124461893,46.575013028190554],[4.850806470773684,46.57515052957761]]],[[[4.85431283188219,46.57417554138784],[4.854314618785605,46.57413597232465],[4.85432763454648,46.574077126837174],[4.854309881527536,46.574077414389166],[4.854305959924731,46.574015961045994],[4.85429781033841,46.57395691796769],[4.854283473899981,46.57388878809897],[4.854268803673319,46.573830030770516],[4.854266749754186,46.57381574312797],[4.854262644985077,46.57378725786159],[4.854262972209296,46.573785361120635],[4.854272432809056,46.57372567253163],[4.854277756928729,46.57367875061519],[4.854271498010149,46.57361769539945],[4.854249899327215,46.57347438578455],[4.854239594340702,46.573405740266615],[4.853907674690281,46.57344272992662],[4.853904604939227,46.57344079812852],[4.853888811096986,46.573314507490544],[4.85387715683703,46.57322156526958],[4.853254670267093,46.573301717340286],[4.852334986747783,46.573418379234134],[4.852425914855962,46.573657120840174],[4.852457224181722,46.573763525612776],[4.852527042775489,46.57394226277481],[4.852558724757018,46.574025063525156],[4.85259998906865,46.5741322979214],[4.852655657495872,46.5742866752705],[4.852678207374896,46.574346746355644],[4.852755347102669,46.57455634849044],[4.852820568731093,46.57474578796361],[4.852823294722958,46.574745293503135],[4.853516798163203,46.574613736055525],[4.853647887782726,46.57458945674274],[4.853743402948941,46.574571427632534],[4.854317394118568,46.57446287642066],[4.854322584971087,46.574461891657045],[4.854327781955559,46.5744610869311],[4.854269391229136,46.57424226529009],[4.854312895261787,46.57421958391163],[4.85431283188219,46.57417554138784]]],[[[4.860444448649547,46.55358321324146],[4.860445512854923,46.553736673728935],[4.860958023187114,46.553826335906386],[4.861896447767293,46.55391285003372],[4.861896578255582,46.55391284791073],[4.861896450844715,46.553912940052825],[4.861826252528186,46.554108991787054],[4.861811164301771,46.55416030646614],[4.861673586775511,46.55456236154812],[4.861626762852358,46.55469363343136],[4.861559604400654,46.554898462266976],[4.861557976796282,46.554999816516755],[4.861569204983505,46.555271012163274],[4.860933792213252,46.55537925138981],[4.860963412794264,46.55543605368509],[4.860994612202266,46.555428250748065],[4.861121462757895,46.55561758478265],[4.861121465834131,46.555617674801724],[4.861203625161248,46.55577531064756],[4.861240678947949,46.55586621824986],[4.861240685100843,46.555866398287996],[4.861284581072093,46.55597412759217],[4.861353013253096,46.55617323824033],[4.861463686225085,46.55615657677352],[4.86156976371766,46.55628049776405],[4.861767560546324,46.55660098860638],[4.862067692414577,46.55706563604773],[4.862118178276526,46.55705670840126],[4.862531790564099,46.55702151607057],[4.862898863062684,46.55700374258682],[4.863093523294423,46.55697652538145],[4.86333371266171,46.55692145576375],[4.864042135836413,46.55667997292233],[4.864436794378693,46.55654510555534],[4.864537419323816,46.55649428844726],[4.864761224694228,46.55636121256719],[4.864940775142788,46.55619787359035],[4.865014993975481,46.55609659723978],[4.865059496101112,46.556012107649],[4.865024813332509,46.55584955751864],[4.865018142693707,46.55580346072057],[4.864941624553497,46.55564312349871],[4.864875047817421,46.55559007680163],[4.86480942276082,46.55548855732462],[4.864739670525598,46.5553808902851],[4.864621901965592,46.55524743513185],[4.864595496674557,46.55521219794513],[4.864563782321739,46.555185874033725],[4.864503996272419,46.55511758486606],[4.864408505274069,46.555039879671284],[4.864182391178051,46.55489557943393],[4.864139380159147,46.55485962188121],[4.864081687748564,46.554806700233804],[4.86395000253956,46.554686170859775],[4.863881150192637,46.55462379347678],[4.863807975385524,46.55451140797518],[4.86384423963135,46.55448757950907],[4.863865317549532,46.554473996048586],[4.863829060843065,46.554429371805305],[4.863747502696173,46.55434288259318],[4.863714156120739,46.554291725939244],[4.863665886211189,46.55421271071303],[4.863647982562286,46.55416643649577],[4.863591124685578,46.55406918697631],[4.86357906064913,46.55404857744584],[4.863555907626135,46.554009143887505],[4.863503900532867,46.553920101702786],[4.863480465082333,46.55388004224459],[4.863454382945316,46.55383894504824],[4.863431108033716,46.55379212777618],[4.863443042084786,46.55378986186044],[4.863484930963486,46.55378161395403],[4.863545496120543,46.55376972934635],[4.863878151925996,46.553704505897635],[4.864120625551763,46.553647956035775],[4.864011511572488,46.55350400135982],[4.863988227082623,46.553456914140995],[4.863874244012489,46.55329655598149],[4.863761927997788,46.55314292575631],[4.863369691440306,46.553244876558075],[4.862669274623376,46.55339093255463],[4.862538997142116,46.55341827232283],[4.862420817540816,46.55324960465185],[4.861632206644987,46.552144767771765],[4.8615794557004,46.55218660738259],[4.861215942514265,46.55247569768422],[4.860966651331641,46.55266889714887],[4.860876454116875,46.552753497719124],[4.860798075502486,46.55286303533029],[4.86074438435235,46.552942358581326],[4.860662460483724,46.55310482431758],[4.860576817772624,46.55331896005845],[4.860508767544042,46.553482461061805],[4.86048101748856,46.553526235459955],[4.860444448649547,46.55358321324146]]],[[[4.862176152382422,46.557423337152336],[4.862462950547325,46.55759331429991],[4.862729033177813,46.55779127913472],[4.862925731416775,46.557945698512356],[4.863127164168874,46.55814687643522],[4.863364545737374,46.558364491802244],[4.863680607071333,46.55866819257138],[4.863891618004592,46.55887056427844],[4.863873376603044,46.55887932784731],[4.863863101865498,46.55888814181181],[4.863810714934658,46.55893312881122],[4.863689163418418,46.55904030893253],[4.863574421267658,46.55909847050942],[4.863514994432994,46.55912853045108],[4.863474610581618,46.55915035422489],[4.863506575102166,46.55918775287533],[4.863576024244971,46.55926741406989],[4.863599815777071,46.55929873100494],[4.863618817993292,46.55932364094395],[4.863679806787971,46.5594346037527],[4.863711365567277,46.55947921448504],[4.86378360189446,46.559571619988546],[4.863815966519274,46.55961306515182],[4.863864502655743,46.559680637203265],[4.863868481317946,46.559686246764464],[4.863896666925894,46.55972766989286],[4.864124731494845,46.56006189487912],[4.864167161579268,46.56012272100717],[4.864246943793206,46.56023716033157],[4.86423515735615,46.56023996431625],[4.863793756978262,46.560345238330335],[4.863793896724647,46.56034550626197],[4.863941002147224,46.560569003971615],[4.864131288195779,46.56087520221212],[4.864329550742639,46.56116640882486],[4.8644897172668,46.56140131203237],[4.864497406566857,46.56143901579611],[4.864517657414361,46.56146984981516],[4.864608575340247,46.561608155948974],[4.864773193912932,46.56185478530529],[4.864871055714151,46.56200135453591],[4.86491278422401,46.56206831653348],[4.8649362715206,46.562105943001],[4.865018915825525,46.56209793127141],[4.865277205725016,46.56203697873945],[4.865516057445022,46.561957517990116],[4.865596484692558,46.56209824609449],[4.865622822586443,46.56209709624329],[4.865783438490801,46.562089524328385],[4.866014360984127,46.56207972515817],[4.866428480038458,46.5620620745827],[4.866486227039676,46.56205915137759],[4.866486223954209,46.562059061358774],[4.866421891266595,46.56188888898891],[4.866375303582966,46.56186307827766],[4.866240760707643,46.561686484858704],[4.866146439949908,46.56158237164091],[4.866123098228804,46.56155663216158],[4.866105453734042,46.561537104629544],[4.866098647698036,46.56152901930382],[4.866051163771236,46.56147323005407],[4.865849511427452,46.56114055965699],[4.865821828082835,46.5610948054776],[4.865819893057176,46.561091684601955],[4.865812973000167,46.561080268560595],[4.865781991042907,46.561029704411354],[4.865765663081305,46.56100285976768],[4.865707423499474,46.560907525221694],[4.865612941068769,46.560752885433445],[4.865524852038505,46.560617145952776],[4.865440481322128,46.56048702016065],[4.865390580874999,46.56041019385812],[4.865210923919126,46.56012093751337],[4.86546834016481,46.56007287849763],[4.865591942668739,46.56005609248986],[4.865787658788097,46.56004416542067],[4.865952361424676,46.560034094678045],[4.866137877519617,46.560017919911346],[4.866251723773572,46.55999841004624],[4.866264684578751,46.559995586701994],[4.866418262767527,46.55996191841661],[4.866565361922727,46.55992970662413],[4.866662543267854,46.559900200238374],[4.866775618922467,46.55986584099641],[4.866775615836646,46.55986575097755],[4.866775787352555,46.55986313617351],[4.866788124900965,46.55969738776564],[4.866770236051129,46.55958311152828],[4.866761359990909,46.55952606236223],[4.866736302320249,46.559271214956865],[4.866730759454987,46.559204744224],[4.866726815132732,46.55915824278025],[4.8667223096026,46.55910679668344],[4.866735015992095,46.55906227539035],[4.866737817831288,46.55905259228647],[4.86674403607979,46.559035918130576],[4.866776809236351,46.5589482866583],[4.86676999435756,46.55879519009274],[4.866598522861477,46.55856957129258],[4.866597563084857,46.558568235907785],[4.866555670179746,46.55851550810616],[4.866531173259088,46.55847888917954],[4.866511913009199,46.55845029107382],[4.866427812870454,46.5582594549139],[4.866395548870887,46.55822098110218],[4.866389907511988,46.55821638950072],[4.866240607127414,46.558096600228254],[4.866196681820511,46.55806074838467],[4.866103062656191,46.55798454517712],[4.866015030986135,46.55783133169529],[4.866000729187518,46.557806435569745],[4.865999642025969,46.55780519232634],[4.865947727622249,46.55774956535447],[4.865931605297694,46.557736317829736],[4.865908633311951,46.557717507617184],[4.86582462797432,46.5576551081792],[4.865822329336495,46.55765280385428],[4.865779432068663,46.5576088288698],[4.865763740262065,46.5575890893214],[4.865578039165554,46.55735568488865],[4.865461939495114,46.55725588922214],[4.865251496353081,46.55708152262171],[4.86510740890254,46.55691553154862],[4.864990876354685,46.55679160393597],[4.864815124349403,46.55668080050849],[4.864695102210033,46.55663033585856],[4.864595481578282,46.55658845554684],[4.864502716385452,46.556586634320915],[4.86437306392283,46.556632430050264],[4.864075570455011,46.556733649989496],[4.863720426442137,46.556851930352586],[4.863460488932419,46.55694037772152],[4.863374267734034,46.556965739971716],[4.863275942303382,46.556988417009975],[4.863108187713387,46.5570196999811],[4.862952457427856,46.55703988860742],[4.862931481486259,46.55704122081118],[4.862719888914994,46.557054392334486],[4.86246122299397,46.557073193262056],[4.86215268347883,46.557099740424825],[4.861819436725735,46.55716361702353],[4.861966697832207,46.55725849591887],[4.862176152382422,46.557423337152336]]],[[[4.865673478936474,46.557328819658146],[4.865701165104817,46.55735565929368],[4.865783654512239,46.557499596159566],[4.86585524521437,46.55758075227936],[4.865979197717792,46.557681050014416],[4.866032242195822,46.55772774169528],[4.866103594918475,46.557843848399656],[4.866176564214144,46.55795758690303],[4.866237102103728,46.558009560459546],[4.866333054111043,46.55808905807954],[4.866440383833034,46.55818431232441],[4.866510916325751,46.55824215738613],[4.866598837668263,46.55844923369545],[4.866618409597131,46.55848692369413],[4.866845822445732,46.55872180781401],[4.866857702823356,46.55885887950449],[4.866850104444673,46.55895717888296],[4.866804378515294,46.55912022943723],[4.866797650308084,46.55921725364306],[4.866820685972374,46.55932550136581],[4.866843249262405,46.55952661813229],[4.866848046318583,46.559594181853875],[4.86684281318051,46.559833851271144],[4.866993307430146,46.55984355578628],[4.867147073550582,46.55985347693555],[4.867218509919817,46.55985762560057],[4.867408356503851,46.55986875914829],[4.867700446590736,46.55988759115697],[4.868332157335471,46.559913848895164],[4.868739978262786,46.55996429475885],[4.869170618634199,46.5600176090035],[4.869170749136827,46.560017606872215],[4.869195785472298,46.560009001689096],[4.869295026487398,46.559974865878154],[4.869373937024942,46.56017010816413],[4.869408599641713,46.56030878907867],[4.869409955524441,46.560352090243576],[4.869430567216414,46.56039336557818],[4.869457557697607,46.560453090985874],[4.869471560126794,46.56049582530625],[4.869548504808026,46.56049303729778],[4.869604453831103,46.5604910425507],[4.869700733991861,46.560492351985815],[4.870001329508169,46.560511579660584],[4.870014183520388,46.56053226571441],[4.87003798054065,46.56069670365831],[4.87007150905413,46.56096960612162],[4.870098456446165,46.561138315896045],[4.870165879977093,46.561249890875686],[4.870229034254008,46.561415847341046],[4.870308382141822,46.56152101261527],[4.870377799712212,46.56151573506379],[4.870461443895601,46.56157489470622],[4.87061104083533,46.5616875583841],[4.870696682783334,46.561713629790596],[4.870685229123416,46.56171471768379],[4.870685359630053,46.56171471555078],[4.870696085913458,46.56171526079274],[4.870696216420096,46.56171525865971],[4.870881042897247,46.5617244870874],[4.870882873083092,46.56172454724075],[4.871195025816007,46.561722686909015],[4.871284584299475,46.56172212341342],[4.871335385406183,46.56172228359889],[4.871471329424907,46.56172258280068],[4.871579823740568,46.56172206973008],[4.871712343647267,46.56172152394355],[4.87172592561725,46.56172157204339],[4.871725922523142,46.561721482024716],[4.871946068057428,46.56172112422077],[4.871971153175542,46.561721524571155],[4.872056339412462,46.56172292343655],[4.872362050335936,46.56172359715589],[4.872476709408267,46.561723883080276],[4.872621642913549,46.561723583503294],[4.872736805438855,46.56172332051428],[4.872748942550452,46.56172312192563],[4.872759383076488,46.56172295109565],[4.872764603339481,46.56172286568032],[4.872896815782447,46.56172097251343],[4.872912610172795,46.561720804131006],[4.872928531973511,46.56172054359215],[4.872947009113604,46.56171105416459],[4.873109546268684,46.561626521287174],[4.87313311664408,46.56161325563311],[4.873161559544796,46.56159738828995],[4.873185645726796,46.561583934044315],[4.873482745999978,46.56141784718548],[4.8742659562349,46.560985211065415],[4.874418956148451,46.56090065228784],[4.874382815316388,46.56090529728255],[4.874060275756687,46.56094669677281],[4.873983833303033,46.56095650499446],[4.873888766222747,46.56096391601402],[4.87376964783972,46.560981988615005],[4.873616590103965,46.560988997734505],[4.873505384109786,46.5609941506842],[4.873380661775208,46.56099736309595],[4.873326790271559,46.5610066212958],[4.873252345430336,46.561017567231055],[4.873176383137211,46.56103754488656],[4.872962438292994,46.56109661890978],[4.872912826847554,46.56110445615929],[4.872851044357513,46.56111150178264],[4.872680824152452,46.56114725238291],[4.872526169398404,46.561172390098456],[4.872256249909695,46.56122517298629],[4.8722456134604,46.56122723843242],[4.872157567631906,46.56126038304186],[4.872119280994777,46.56127478989937],[4.872063778920402,46.56129740442502],[4.872012913111752,46.56131814170682],[4.871996463329944,46.56129544308237],[4.872150393502176,46.56123402001194],[4.872218414706889,46.561210930451296],[4.872277230844974,46.56119735863677],[4.872343044207137,46.56118601412801],[4.872109223024871,46.56069355698239],[4.872213929130734,46.560681666436224],[4.872108154623716,46.56040039881158],[4.871982914346047,46.56007702682178],[4.871932413449284,46.56007415995879],[4.871910351300832,46.55999453923269],[4.871868214614167,46.55990831148493],[4.871863722930081,46.55989919787498],[4.871838669047696,46.55990348060878],[4.871794636639033,46.559906452472454],[4.871744340562104,46.559863951676704],[4.871742460933357,46.55986245123749],[4.871715651424386,46.55984604671134],[4.871648427328771,46.55980490354133],[4.871643111338132,46.55980219832521],[4.871622105291014,46.55979128317134],[4.871586912804113,46.55973232284282],[4.871574863050395,46.55971225428942],[4.871551284181335,46.55966066986137],[4.871542856431886,46.55964720720649],[4.871489142190232,46.55958881992825],[4.871486843231163,46.559586515717946],[4.871449699343541,46.55955055493559],[4.871521481058656,46.55953055668867],[4.871521611560027,46.55953055455472],[4.871591186511553,46.55951473553736],[4.872126403640149,46.55939294501282],[4.872110711128798,46.55935807465699],[4.87210496652083,46.55935429564133],[4.872079313093445,46.559337331874694],[4.871839584590232,46.55926532441754],[4.871810384465609,46.5592591368495],[4.871789337272143,46.559254617323916],[4.871745703297624,46.55923497525831],[4.871694376562761,46.55921185620849],[4.871593882673442,46.55914486677988],[4.871581989698824,46.55913695502325],[4.871381082570157,46.559009099286506],[4.871174058819244,46.558859006019],[4.871052937913704,46.558773078531715],[4.8709916146764,46.55872121034855],[4.870928679174673,46.55866801745009],[4.870850440775111,46.55863687144418],[4.870749211113741,46.558597814817496],[4.870775002339143,46.55856559877088],[4.870792657445412,46.558543603475236],[4.870887616157334,46.558510346836755],[4.871167585227664,46.55841218784206],[4.871203325085139,46.55839971436133],[4.871229668435449,46.55839117741345],[4.871251621221066,46.5583840632856],[4.871131558101693,46.558176885268345],[4.871114127619164,46.55817500857552],[4.871021058382436,46.558191031283805],[4.870988753933977,46.55811346928438],[4.870972910433932,46.55809697539461],[4.870957449822267,46.55809542675281],[4.870894147200236,46.55810754010873],[4.870894016702251,46.55810754224198],[4.870909224638442,46.55794210647905],[4.870924127582311,46.557779197634744],[4.870926688520539,46.557716917857185],[4.870927970533738,46.557685822977504],[4.870987531609995,46.55769403636235],[4.871020984627142,46.55769862342068],[4.871012692637998,46.55765489521053],[4.871014377104252,46.55759371058871],[4.871014939220776,46.55757586766905],[4.87101058749848,46.557529012683844],[4.870996508776499,46.55737765613709],[4.870996120985189,46.55737396963355],[4.870995859992742,46.5573739739003],[4.870985286705908,46.55737405668415],[4.8709319013789,46.557374569140705],[4.870830111841711,46.55737236012739],[4.870793169675073,46.557197779132636],[4.870787481670768,46.557172832833395],[4.870757321762546,46.55707785233004],[4.870714596680582,46.55698577928777],[4.870863982851349,46.55696343202604],[4.870835452573698,46.55687788218125],[4.871106861568126,46.556827239583015],[4.871209809533529,46.55680619149814],[4.871372533116632,46.556765431478354],[4.871364391002161,46.55669567078578],[4.871355339894695,46.55663745383469],[4.87134414405924,46.556585216530365],[4.871333528224167,46.556519459335476],[4.871590979124905,46.55652623783707],[4.871701715521682,46.5565266785782],[4.871760275911151,46.55652860305302],[4.871834976267084,46.5565366584442],[4.871842051526949,46.556510782879116],[4.871879468793586,46.556296436228415],[4.871908005584443,46.556150417336106],[4.871933096266962,46.5560067065323],[4.87186659000113,46.55597491901119],[4.871781852709378,46.55591793999274],[4.87171848488441,46.55586349364031],[4.871682042807631,46.555825089595665],[4.871653253727088,46.55580421398088],[4.871584666744878,46.55576885755472],[4.871423002670904,46.55570737185713],[4.87126005425508,46.55569589544395],[4.871102018325399,46.55570199208095],[4.871038355475701,46.555711139168196],[4.870849801630016,46.555744845270304],[4.87083779011005,46.555687847576316],[4.870771756727314,46.55569640278103],[4.870596134505638,46.55572647443771],[4.870602136450555,46.55574916388381],[4.870364461248184,46.555801055452704],[4.870164381155224,46.55584512662381],[4.870119661048211,46.555854594128604],[4.86986215861637,46.55591086175255],[4.869712751900409,46.55594014342623],[4.869505583784483,46.556017384670916],[4.869363270931073,46.556089783273485],[4.8693171299906,46.55611872864069],[4.868958285435416,46.5562999543418],[4.868777126470522,46.556393252156504],[4.868712686470788,46.556429251271354],[4.868485644225377,46.556619942152864],[4.868122339263922,46.55704433491696],[4.86811991101788,46.55711057546983],[4.867990830606974,46.55711970779135],[4.867952350973296,46.55708655987209],[4.86793068969501,46.55706790880175],[4.867830468871008,46.55702766229808],[4.867773363113884,46.55700724786732],[4.867731953897358,46.55698765807754],[4.867655144253393,46.556963782240565],[4.867556274813006,46.55689820398664],[4.867477460492813,46.55673970720075],[4.867407836866797,46.556651224354376],[4.867344671471747,46.55661019266241],[4.867294707355192,46.55658479773476],[4.867094099293261,46.55651079126652],[4.867030228494391,46.55649868314534],[4.866900161464912,46.556467569398954],[4.866636068926454,46.556407927972586],[4.866462498144547,46.556364643386914],[4.866102509466683,46.55628035451282],[4.865900034473183,46.556227993048914],[4.865839433743608,46.55621222818819],[4.865455705788805,46.556059961802504],[4.865329470259722,46.556033917791844],[4.865164946135978,46.55606028745902],[4.865029960947326,46.556232447903334],[4.864839872470542,46.55640451530904],[4.864736768546307,46.55646681187046],[4.864645148943493,46.556525138316225],[4.864868214190563,46.556633549798],[4.864986821627737,46.55669988950136],[4.86508399933916,46.55674667302801],[4.865188747351304,46.556869621708785],[4.865338380493923,46.557037413748176],[4.865571754461882,46.557244641939626],[4.865673478936474,46.557328819658146]]],[[[4.865742566696811,46.56656770502491],[4.865320558503461,46.56673346452752],[4.86542670436483,46.566850896090784],[4.865566381410519,46.56701695877515],[4.865616592081589,46.56707216338294],[4.865709755571799,46.56715368860142],[4.865742435240545,46.56717747459161],[4.865853579829021,46.567246367159285],[4.865948192553164,46.5673015684088],[4.865984317206618,46.56731917348073],[4.866076822406595,46.56737765146839],[4.866154837621096,46.56742105387436],[4.866285598350953,46.567490707065396],[4.866456756066216,46.56755780997993],[4.866540739344234,46.56758481232038],[4.866610097832203,46.5676004341757],[4.866727119769345,46.56763500383994],[4.86683668144401,46.56766528167015],[4.866939900997216,46.56774673199248],[4.866991086903863,46.56782650897148],[4.867053912343477,46.56794104287832],[4.867087236459126,46.56799120822191],[4.867186808650182,46.5680995584043],[4.867273361602459,46.56820145576863],[4.867415601244574,46.56835819738726],[4.867443514468778,46.56839908372075],[4.867496586014531,46.568488106837556],[4.867615761789239,46.56871484787246],[4.867679047906993,46.568808477916555],[4.867727608791616,46.568864969525826],[4.867820274727285,46.568962263304975],[4.867857817298338,46.56899830883021],[4.868076402515423,46.569195235668204],[4.868169188039086,46.56926172360547],[4.868338643533688,46.56936271756338],[4.868414391904951,46.56941984598577],[4.8685660760313,46.56953193796963],[4.868631642355413,46.569612019933295],[4.868719089379479,46.56971318111148],[4.868755723279171,46.569760770030506],[4.868802858516878,46.56954356455142],[4.868805240263757,46.56950641720748],[4.868816803546779,46.56946281513518],[4.868818193734879,46.56945765850207],[4.868825858000609,46.569361339598416],[4.868832665143781,46.56930853805337],[4.868840813772743,46.56924535666155],[4.868914213087377,46.56905141048894],[4.869023709375681,46.568897045705846],[4.869012278918299,46.5688037406117],[4.868958118529043,46.56869068748545],[4.868931354009111,46.56864906219517],[4.868910321033179,46.568618421822144],[4.8688894216939,46.56858786933276],[4.868797438338909,46.568381131292355],[4.868775029042553,46.56828755506387],[4.868747352454433,46.56814704874902],[4.868725232913307,46.568035273820286],[4.868727589652636,46.567890854570535],[4.868729379597798,46.56778319276596],[4.868751407276651,46.56768681948679],[4.868764007394817,46.56763158155691],[4.868866382037358,46.56761603954658],[4.869079882080404,46.56756977082028],[4.869146640552266,46.56755147754489],[4.869404997110991,46.56748042727841],[4.869508079264657,46.56745127269234],[4.869624353836842,46.567418389842516],[4.869805734528864,46.56734193076449],[4.869853750818565,46.5673216914858],[4.869960247208582,46.56727788950841],[4.870097131828795,46.567221521704255],[4.869832528477655,46.566981306563235],[4.869757122436114,46.56688085023014],[4.869715108798955,46.56682488299576],[4.869592654637342,46.566472370928764],[4.869545406723753,46.56640847297306],[4.869452958621263,46.56628325556836],[4.869254936579713,46.56611833038341],[4.869124146199567,46.5659907665786],[4.869005350117713,46.56587021231874],[4.86881861656306,46.565756351435375],[4.868581371728807,46.5656546635541],[4.868638578972996,46.56589466460841],[4.86801522802521,46.56596185284531],[4.867907235575267,46.56597343271054],[4.867399160322787,46.56603963706615],[4.867012056622892,46.56614908076434],[4.86677082895349,46.566193996528334],[4.8661388975462,46.56641488213903],[4.865742566696811,46.56656770502491]]],[[[4.865158790649062,46.562159601065694],[4.865292997214357,46.562482743620954],[4.865366601284457,46.56263394101846],[4.865516001270589,46.56281731866623],[4.865569378378134,46.562881208369596],[4.865711253023552,46.56311550740788],[4.865787591273715,46.563373121664306],[4.866109212478705,46.56329672392568],[4.866486140762082,46.563195735210414],[4.866657265928946,46.5631099008101],[4.866905311268988,46.56296714881975],[4.867061078406889,46.56270764076334],[4.867177030651466,46.56247138933319],[4.867251986791539,46.56239910196494],[4.867235613614776,46.56237478019349],[4.867335028607978,46.56226939864012],[4.867410518311745,46.56221268441852],[4.867479847595845,46.5621629159143],[4.867438681216225,46.562055324433395],[4.867409309721451,46.561964203297165],[4.867366087604739,46.56197562670693],[4.86672375499311,46.56211634457258],[4.866508999093617,46.562129214096124],[4.865158790649062,46.562159601065694]]],[[[4.866285699704969,46.56373689638296],[4.865762617018087,46.56373803841232],[4.86566205865934,46.564435281090894],[4.865634908002563,46.564607125087456],[4.865609587604402,46.56479046807981],[4.865568084051041,46.565042707450026],[4.865532717554512,46.56512722823311],[4.865592244787871,46.56529432692012],[4.865654746526793,46.565388150944834],[4.865671210002694,46.5653884230192],[4.865927717136735,46.56537028116794],[4.86608524635238,46.5653676230386],[4.866529035433214,46.56495381527855],[4.867137800662355,46.56494902057691],[4.867386202888969,46.56494974199988],[4.867871562228703,46.564952540896144],[4.867871692743208,46.564952538766335],[4.867906333471444,46.564987820990176],[4.867795590542946,46.565052406316596],[4.867574271164219,46.565323522850576],[4.867609912539678,46.565330867408754],[4.867809399980611,46.56535220123989],[4.867919893708003,46.565379310352924],[4.868047220007754,46.56542505917296],[4.868213689477956,46.565496469177724],[4.868384172245093,46.565547818089776],[4.868506372935885,46.56557356465662],[4.868559963243531,46.56559781913135],[4.868692097298513,46.565646641185836],[4.868861760138291,46.56571592654636],[4.869059336660778,46.56584131929838],[4.869059874176809,46.56584176086723],[4.869060405512977,46.56584202239868],[4.869060539119502,46.56584211028619],[4.869060666546157,46.565842018136344],[4.869078042178548,46.565834618951115],[4.86908035748719,46.565833590384166],[4.869087625543282,46.565756192372454],[4.869101648062997,46.565605457841755],[4.869107091336486,46.56554718428285],[4.869108352353179,46.56553446394035],[4.869159837708468,46.56505229360998],[4.869203099203989,46.564653931759906],[4.869205468276959,46.564631645986054],[4.869207750476967,46.56457639631231],[4.869208871489533,46.564548186353576],[4.869328680078412,46.56451191341612],[4.869400630301059,46.564477592885275],[4.869440716902642,46.56445847399892],[4.869553432208039,46.56439817812771],[4.869651146149154,46.56434596319802],[4.869709864377624,46.56429519579843],[4.869732844977773,46.5642723031135],[4.869748097487687,46.564248726040624],[4.869762970810352,46.56422551543633],[4.869782562499542,46.56419520235566],[4.869802629163375,46.56416731338048],[4.869835529641371,46.56412147111682],[4.869791551417516,46.564114713791426],[4.869791548326471,46.564114623772724],[4.869774352286486,46.56411202246435],[4.869774221774068,46.56411202459633],[4.86976949550797,46.56411129117903],[4.86976227405115,46.56411014817533],[4.869758598066647,46.56410957773927],[4.869681451278124,46.56391646859828],[4.869510545612126,46.563472336792515],[4.869467347623836,46.56335135885764],[4.869322593533495,46.56289292898374],[4.869288065849967,46.562788652321586],[4.869170279139507,46.562415797926654],[4.869169400301682,46.56241302013311],[4.869168372416063,46.56240970435829],[4.869017553556952,46.562432612939105],[4.869009499110664,46.56243382529298],[4.868913498269569,46.56244836284034],[4.868865649635362,46.562317372876684],[4.86885975197657,46.562301526924344],[4.868859456976908,46.56230054097985],[4.868858419090817,46.56230073806484],[4.86885751171283,46.56230093301889],[4.868664104133933,46.56233849724218],[4.868840969783093,46.56299464587759],[4.868934580024354,46.56335177293289],[4.868142393725924,46.5635211554045],[4.866973932526666,46.56366604687363],[4.866285699704969,46.56373689638296]]],[[[4.869054363514208,46.568755226781896],[4.869079806293455,46.56883443244105],[4.86906871789084,46.56891468492006],[4.868997301091014,46.56900276765479],[4.86893066646191,46.56910842580535],[4.868912276084166,46.5691814118108],[4.868877757035579,46.56926772114752],[4.86886467337234,46.569362147014836],[4.868855158761071,46.569480653124934],[4.868854164371148,46.569558218838694],[4.868814982079583,46.56975980262603],[4.868817863050659,46.56979046914831],[4.868836526153384,46.569831956516566],[4.868869791350792,46.56989554262314],[4.869960618374519,46.56952844082219],[4.869918931243569,46.56949345442337],[4.870046752995079,46.56942021177439],[4.870472739482623,46.56917997293372],[4.87091453538883,46.56893244865519],[4.87109433935416,46.56884421432133],[4.871127747120592,46.56882448351867],[4.87148577864551,46.56864020361641],[4.871720151294002,46.56849063968768],[4.871621467006692,46.568427403436665],[4.871593672989492,46.56842047220053],[4.871341794609192,46.56824688366947],[4.870898968415275,46.56793590773178],[4.870701609023574,46.56776016580124],[4.870585242600438,46.56769154330018],[4.870541485422271,46.56766469718409],[4.870408721602713,46.567571123094964],[4.870290120867727,46.56745263850029],[4.870124267786442,46.56725494437494],[4.869800937902757,46.56738479195965],[4.869652358276698,46.56744288159086],[4.869112406757606,46.56760040365878],[4.868899204741206,46.56764774840753],[4.868815864481859,46.567662349209144],[4.868786654638501,46.567823419309],[4.868786341353695,46.56789800164553],[4.86879183339278,46.56812650737577],[4.868808985378141,46.568200084022884],[4.868831448114537,46.56832185100318],[4.868873751174261,46.56843951115929],[4.868940677881077,46.568582078694746],[4.869054363514208,46.568755226781896]]],[[[4.869267048106143,46.57078110056875],[4.869331548845286,46.570921365693415],[4.869465604714786,46.57090404494524],[4.869473573181957,46.570953542874555],[4.869494969271687,46.57100993697549],[4.869559754044618,46.57104814908026],[4.869591928965999,46.57116741548168],[4.869659059532234,46.57115983413234],[4.869710484728668,46.571295809155686],[4.869868345490655,46.571237658132944],[4.870100959456871,46.571192336509284],[4.870509336198812,46.57109298337799],[4.87076462084998,46.571046119051914],[4.871200036530541,46.57096595661097],[4.871403974084502,46.5709299278112],[4.871754393072808,46.570865743893094],[4.871839320172214,46.570866787111854],[4.872283468426211,46.57074441541352],[4.872414946353263,46.57070533661613],[4.872559822037323,46.570664687470064],[4.872746879693245,46.570623978555616],[4.87331976262274,46.57051579918457],[4.873512493833661,46.57047679753932],[4.873619226765197,46.570458748156085],[4.874027263437954,46.570406764237326],[4.874298827979239,46.570377729320725],[4.874420309296449,46.57036700351983],[4.874555372307839,46.57034866950925],[4.874757371869789,46.570283033617265],[4.874698887918794,46.570200317087775],[4.874339597904664,46.57010523288493],[4.874201030862144,46.57005210906144],[4.874023664921036,46.569956927441666],[4.873964096262569,46.569918542366345],[4.873858927358429,46.56985298226237],[4.873708898732178,46.569755191011616],[4.873499962325744,46.56961161777164],[4.873385125067503,46.56953072357955],[4.87327511888898,46.569464971914144],[4.873014499716908,46.56929954612744],[4.872382530621765,46.568912049182856],[4.872000283296444,46.56866925959429],[4.871971140137276,46.568642084944734],[4.871941613644031,46.568622752575486],[4.871758499481667,46.56851586249991],[4.871689088659226,46.56856338307085],[4.871595186623276,46.56862787675832],[4.871552190463219,46.56865740187077],[4.871519420984101,46.56865010161595],[4.871464401151737,46.56867937292647],[4.87115326122873,46.56884487244153],[4.871124403825251,46.56886020555292],[4.871100382569993,46.56887185684104],[4.870960891819556,46.56893988729187],[4.870871475555611,46.56898674355611],[4.870797201179066,46.569025786478555],[4.870477452434428,46.569206916663425],[4.870271275672087,46.56932206119606],[4.8700693249814,46.569434794504915],[4.870247666994523,46.56960427319512],[4.870438526952864,46.5697807526133],[4.870599313375779,46.56992574862097],[4.870874883261786,46.57020334174141],[4.870457933483432,46.570338053415625],[4.869833487341029,46.57053830064527],[4.869525745189714,46.57063204493723],[4.869377109110542,46.570677345138925],[4.86925941180256,46.57071844711851],[4.869267048106143,46.57078110056875]]]]}}]}
