{"type": "FeatureCollection","name": "aoc_geojson","features": [{"type":"Feature","properties":{"dt":"Dijon","type_prod":"Vins","categorie":"Vin primeur, Vin tranquille","type_denom":"appellation","signe":"AOC","id_app":1027,"app":"Coteaux Bourguignons ou Bourgogne grand ordinaire ou Bourgogne ordinaire","id_denom":2338,"denom":"Coteaux Bourguignons ou Bourgogne grand ordinaire ou Bourgogne ordinaire","insee":"71345","cvi":"1B320, 1B320 02, 1R320, 1S320","nomcom":"PERONNE","insee2011":"71345","nomcom2011":"PERONNE","id_aire":1685,"crinao":null,"grp_name1":null,"grp_name2":null},"geometry":{"type":"MultiPolygon","coordinates":[[[[4.780433210709549,46.445109171280144],[4.780357112307025,46.44514098089706],[4.780263125003726,46.44518360733965],[4.779716309572771,46.44548061937591],[4.779627842717039,46.445528743510366],[4.779434369004591,46.445625249260345],[4.779213971292033,46.44573523405025],[4.778945607243904,46.44586073677315],[4.778784573687823,46.44593719120786],[4.778762483457791,46.44595104553801],[4.778753444090619,46.44596154420888],[4.778753273456033,46.445968302013064],[4.778780485920739,46.44597967719344],[4.779494428531253,46.446284336524265],[4.779647968211748,46.44634967583434],[4.77981396944208,46.44642553892248],[4.779980623346089,46.44649742858362],[4.780179013722718,46.44657954152796],[4.780265844730907,46.44661304469137],[4.780425396706186,46.44667090363837],[4.780477764786466,46.44668647978688],[4.780567913760377,46.44670984331247],[4.780608201412306,46.446718582375745],[4.78066937663348,46.44672852694586],[4.780775007101518,46.446747145511374],[4.780875137395915,46.44675693294295],[4.781013684174809,46.44676603117626],[4.781093691703421,46.44677009759966],[4.781150651502188,46.446770650439746],[4.78131403392511,46.44675819486287],[4.78165999490584,46.446726588684975],[4.781896334924489,46.44670182564906],[4.782054108936385,46.44668522327723],[4.782298979418956,46.44665834479264],[4.782536215793624,46.446633116092436],[4.782886475504877,46.44658955001494],[4.783036328106537,46.446573790479164],[4.783538314792926,46.44652001765101],[4.783927539551301,46.44647665050124],[4.784034002152896,46.44646489989716],[4.784153397641852,46.44644619201095],[4.784205570092917,46.446435829718375],[4.784199671275671,46.44641880880334],[4.784496740991234,46.44633463701081],[4.784539519132898,46.44627209138699],[4.784613159232171,46.44616114693827],[4.784479656556985,46.446170798647394],[4.784489717834112,46.44619955352328],[4.784424968916709,46.446211823746964],[4.784416001807888,46.44618863603464],[4.784378922747905,46.44619434925293],[4.784369609112749,46.446172517982575],[4.784366691710209,46.446166979298006],[4.784296958603429,46.44617824649245],[4.784316595364023,46.44623684468705],[4.784146372387924,46.44626319197159],[4.784123666109034,46.44620635300588],[4.784065066362624,46.44603604766582],[4.784152724444116,46.44602305950146],[4.784253421257477,46.44600635489536],[4.784305006856939,46.44599798323051],[4.784307891142149,46.446006494703205],[4.784382268271582,46.445993803912124],[4.78444603394624,46.44598335044574],[4.784472885190685,46.44605138318821],[4.78454172565601,46.44604868636349],[4.784698954894998,46.44605136352471],[4.784732046999071,46.446011396298246],[4.784784041727527,46.445947805861934],[4.78485227766233,46.44586288549782],[4.784889181409949,46.445807997305714],[4.784926640442171,46.44574220209906],[4.784963585255503,46.4456885742007],[4.78503011351702,46.44559926703517],[4.785136456376989,46.44546043017569],[4.785220740771614,46.445348328157245],[4.785257357489671,46.44528867067076],[4.785286128504414,46.44522418202627],[4.785304019915608,46.445173643965475],[4.785335732775674,46.44509154590297],[4.785354768023252,46.44503216320852],[4.785375944820321,46.44496256925728],[4.785387480621466,46.44491690417807],[4.785392856350518,46.44489403273399],[4.785394119287609,46.444845015559125],[4.785391204077292,46.44480768257504],[4.785388146860338,46.444769991535416],[4.785376408692454,46.44471388202443],[4.78538233147483,46.444675870467876],[4.785392306389292,46.44461834070234],[4.785393293203746,46.44459274573319],[4.785408134918242,46.444492807541884],[4.785434111951641,46.44431505594876],[4.785438825318435,46.444287871550586],[4.785436340470432,46.44427962406495],[4.785431339395273,46.44427411797986],[4.78542083630335,46.444267707149955],[4.785402829994391,46.44426294478479],[4.785389520123524,46.44426234223388],[4.785353002324384,46.44426525488482],[4.785254987262971,46.44428417032093],[4.785190760744092,46.444284453702714],[4.785150545780554,46.44428985593611],[4.785077571951563,46.44429757155197],[4.785073755822944,46.44426853897217],[4.78506764817305,46.44426106865348],[4.785036751235311,46.44424461862523],[4.785002609694298,46.44423254260225],[4.784953504290342,46.444217097684856],[4.784610557576386,46.44412518270527],[4.784368331798668,46.44406519871428],[4.784221608227605,46.44403695766465],[4.784162856008522,46.444029318966386],[4.784063860242434,46.44402221882259],[4.783922002411205,46.444011284659226],[4.783784676915811,46.4439955058866],[4.783437845886632,46.44395606812819],[4.783316905116015,46.443943275414895],[4.78315132923769,46.443928207205225],[4.78309047517117,46.4439240233887],[4.783051018106018,46.44392869250133],[4.782994814513461,46.443935244280944],[4.782941110536171,46.44396247282506],[4.782749281554332,46.44406112036445],[4.782577908343532,46.44415179245439],[4.782439048245995,46.4442246636594],[4.78217426463028,46.44436759168324],[4.782036471737701,46.44444125634498],[4.781767308861327,46.444569840722856],[4.781647682469634,46.444641239972604],[4.781540547969422,46.444704157912824],[4.781417614335738,46.44477804035477],[4.781393835185375,46.44479201162582],[4.781363396635753,46.44480554634741],[4.781284579047731,46.444837849353746],[4.781185959475565,46.444874244014855],[4.781140926173546,46.444887736082144],[4.78108735248266,46.4449070356445],[4.781042071433114,46.44492890792423],[4.780978971253051,46.44495574162598],[4.780842290527509,46.44499570175946],[4.780752850203483,46.44502591830658],[4.780701437295998,46.44504356275654],[4.780575523272099,46.44507407762223],[4.780506348884632,46.44509046771837],[4.780433210709549,46.445109171280144]]],[[[4.780321358817351,46.4383733241858],[4.780319845833083,46.438410816380106],[4.780313202972267,46.43851071613378],[4.780311857026675,46.43858927707951],[4.780308485771951,46.438625717417004],[4.780309203187789,46.43875954841393],[4.780312266385509,46.4387935466515],[4.780310756791065,46.43888706155914],[4.780310857426101,46.43891011759278],[4.780326774703799,46.43896273980898],[4.780350643542807,46.4390754039897],[4.780371972111215,46.43914613572703],[4.78037596258256,46.43917660682399],[4.78038302642332,46.43920144574344],[4.780379563229533,46.43922707926232],[4.780378208364306,46.439329328423376],[4.780378671138396,46.43937147338621],[4.780378258731881,46.43939877064843],[4.780382752105065,46.43947661006874],[4.780384771626091,46.43951855062334],[4.780388887119682,46.43959279318339],[4.780388158118511,46.439666300650124],[4.780381903507763,46.43969422940403],[4.780376423317779,46.4397259289717],[4.780352643480305,46.43981970098914],[4.780331845940101,46.43990505011298],[4.78031964797224,46.43995847090191],[4.780312109627637,46.43999497619311],[4.780312571666449,46.440005146758395],[4.780319826242724,46.440059795460826],[4.780332873867204,46.440144256674934],[4.780338193923696,46.44018353377873],[4.780340629613463,46.440218262342206],[4.780350752529293,46.44032888908309],[4.780371008249055,46.44043062118684],[4.780611519863298,46.440434707403],[4.780967567132429,46.4404459082053],[4.780988419292593,46.44053394046417],[4.781018883468969,46.440649023580555],[4.781040446558277,46.440722903948235],[4.781057218930735,46.44079370661992],[4.781097860451654,46.440949161931506],[4.781136249215284,46.44109546535055],[4.781144784356225,46.44113343131579],[4.781171091778031,46.44123290725878],[4.781175926829663,46.44126129357377],[4.781196704114718,46.4413310430055],[4.781226605927125,46.44141289946902],[4.781251190019883,46.44146754803555],[4.781285865214052,46.441551942026905],[4.78132338391142,46.44163962419987],[4.781340008842297,46.44178572660288],[4.781360217691234,46.441858006796956],[4.781367859048728,46.44188454795585],[4.781381311714362,46.441929462561674],[4.781396992091213,46.44199073492926],[4.781431266377536,46.44215862885825],[4.781447754949942,46.44224465751644],[4.781476333403943,46.442369767555924],[4.781480764130293,46.44238176765307],[4.781492773261382,46.44238644403543],[4.781541968987738,46.442396755076516],[4.781633244051418,46.44241091309489],[4.781693655684252,46.44241357339425],[4.781804672992855,46.442421839018785],[4.781901227461075,46.442426096962805],[4.78194531693153,46.44242766076453],[4.782014711171659,46.442430090670356],[4.782113514767697,46.4424353941661],[4.782183994918973,46.442439158055734],[4.782232866574593,46.442443529320855],[4.782301576842434,46.442460921141205],[4.78235001703173,46.44247601727297],[4.782376394235329,46.44248578338506],[4.782440648770778,46.44251036009482],[4.782556008219098,46.442559808720546],[4.782632896011405,46.442592204261224],[4.782677099040307,46.4426171838906],[4.782716133424897,46.44264746817284],[4.782765833735122,46.442681188697875],[4.782816348248781,46.44272786639515],[4.782831252383763,46.44274537728149],[4.782890588352257,46.442798852534246],[4.782916899094144,46.44283050627445],[4.782941586220903,46.44285633088578],[4.782971317709842,46.442877032889236],[4.782996716474017,46.442896721702624],[4.783034770702209,46.442916933479985],[4.783089175924367,46.4429431047067],[4.783140921387543,46.44293572178182],[4.783173106469174,46.44292783362305],[4.783264360095817,46.44289344361916],[4.783348359998383,46.44285637467602],[4.783375550149911,46.44284316032811],[4.783492395791311,46.442778557736936],[4.783661514806627,46.442682875518344],[4.78373707595279,46.442646748693505],[4.783843459174434,46.44260887943193],[4.783885408662134,46.44259678545565],[4.784042277772949,46.44257280862504],[4.784265199474237,46.44252077899745],[4.784314997888329,46.442605296139845],[4.78434460914245,46.442638249029685],[4.784376104739548,46.442692969123655],[4.784435540012524,46.44274545128854],[4.784449771425885,46.44275432587677],[4.78446450679881,46.44275868914826],[4.78451779847005,46.442758757146116],[4.784539197372683,46.44275572071359],[4.784571730079646,46.442738549635706],[4.784633603018503,46.442698222727124],[4.784676470411735,46.44266638904353],[4.784703176660833,46.44264237367595],[4.784779264178312,46.44257057066974],[4.784822888302499,46.44252602539716],[4.784843305350898,46.442500937387734],[4.784857891019162,46.442480804226534],[4.784868310167567,46.44245677315148],[4.784871219750358,46.44243817350018],[4.784861161158599,46.44229395036723],[4.784982345670588,46.4422465716066],[4.785056383199405,46.44221569168964],[4.785208441947522,46.44215224819679],[4.785242695786303,46.442139913730735],[4.785467143202676,46.44207885097368],[4.785623056473854,46.442021741541446],[4.785838913624403,46.44194505029895],[4.785965343141351,46.441902722375474],[4.786028747269375,46.44188137526075],[4.786064226389025,46.441866679589694],[4.786131598427887,46.44183121961785],[4.786164924387132,46.441806469875885],[4.786220551449115,46.44175849382993],[4.78624319609081,46.441733821056296],[4.78625860126143,46.441710882749824],[4.786290427326736,46.44162040614879],[4.786332929050167,46.441485899007475],[4.786364797194752,46.441368851400306],[4.786397047028542,46.44125152760288],[4.786427081243911,46.44114612754314],[4.786458042763535,46.441033237248526],[4.786469888039758,46.44100504052906],[4.786492177404207,46.44095758582479],[4.786495456390151,46.440938349857106],[4.786505464329234,46.440802279341305],[4.786503598941771,46.440725389686776],[4.786492437020239,46.44061126686851],[4.786469897151242,46.44050777002726],[4.786434448495863,46.440399971667354],[4.786120451969997,46.44039182304759],[4.785826527060631,46.440383900110604],[4.785491307836504,46.44037617170167],[4.785198717030296,46.4403731800813],[4.785011706667533,46.44037565293635],[4.784696715295309,46.44038886227607],[4.784384578274266,46.44039373981214],[4.784194509479954,46.44040229372741],[4.784024349562785,46.44041008597175],[4.783866662046266,46.440412819422335],[4.783655645340896,46.44042224006337],[4.783538113793847,46.44044974528413],[4.783419864160158,46.44047122698508],[4.783214095250344,46.44050569405244],[4.783107033356663,46.4405226774299],[4.783025789815749,46.4405283592824],[4.782988610702883,46.44053488429346],[4.782967254578918,46.44053521771672],[4.782949539564094,46.440531351124946],[4.782932252151729,46.44052063262548],[4.782908932984305,46.440496768176715],[4.782896392331324,46.44048777694191],[4.782844840234916,46.440473089918896],[4.782578562802479,46.44045400881892],[4.782507993188345,46.4404514175019],[4.782294714123655,46.44045141371161],[4.782031794745595,46.44045137351578],[4.782025318656498,46.440480476718236],[4.781620918123912,46.44046877259694],[4.781646507942997,46.440410549223394],[4.781686828213817,46.440412442109086],[4.781758960378905,46.440415009553305],[4.78202568856207,46.44042796084581],[4.782160646498656,46.44042738602128],[4.782321251899575,46.44042623062731],[4.78244820086717,46.4404277619706],[4.782547338618242,46.44043143858298],[4.782772493687465,46.440448009304625],[4.782942418749534,46.44046093842199],[4.782950481572989,46.44048441057018],[4.782956659913854,46.440490078515445],[4.783000156869636,46.44050146863708],[4.783034637932795,46.440504082696286],[4.7830676756279,46.44050239597807],[4.783188284136195,46.440481328156736],[4.783425877456866,46.44044393229546],[4.783524051778046,46.440426096658605],[4.783642669943355,46.44039596248439],[4.78377009933064,46.440392260862524],[4.783888907706862,46.44038788314404],[4.784002883216075,46.440383130454535],[4.784399540210313,46.4403691874443],[4.784587829933054,46.440362012019264],[4.784860321748601,46.44035198914256],[4.785206445839671,46.44034657901741],[4.785409031752719,46.44034629419601],[4.785609580641159,46.44035144499808],[4.785907947543962,46.440359749369655],[4.786293729708897,46.44037181960657],[4.78640744633727,46.44037508469497],[4.786432280005575,46.440373525332916],[4.786447010140273,46.4403697822238],[4.78645604947945,46.44036333599845],[4.786463440727928,46.44035430355557],[4.786485576947569,46.44025839417129],[4.786509794215724,46.44015839912445],[4.786514288755876,46.44014445820265],[4.786525353623158,46.44010834761511],[4.786545857252421,46.440066054750574],[4.78660221255452,46.43998068848416],[4.786653069203657,46.43991441275208],[4.786707330386981,46.43986060330821],[4.78677440165658,46.439796145416516],[4.786836716585356,46.43973365335009],[4.786899481508429,46.439668992551674],[4.786964433992456,46.43959952383261],[4.787051777225342,46.43948971409081],[4.787110381592393,46.439417372344494],[4.78720991313763,46.43929386139313],[4.787306159331727,46.43916950107487],[4.787352630719519,46.43910860769838],[4.787386823262455,46.43907060385772],[4.78745525143549,46.43900387256949],[4.787551281354763,46.43892067691619],[4.787631570112792,46.438858083168945],[4.787709179219264,46.43880516868823],[4.787783809958277,46.43876076726056],[4.787855924258501,46.43872307028156],[4.78810329778822,46.43862264325659],[4.788362233450069,46.43851726095889],[4.78840983832283,46.43849498895841],[4.78844227582981,46.43847502606089],[4.788467336145413,46.43844860365455],[4.788484098497088,46.43839159767884],[4.788529884739657,46.438242266777166],[4.788568313419722,46.43809503260341],[4.788602809751848,46.43793912330919],[4.788606568193287,46.437910692711434],[4.78860862205222,46.437881928535674],[4.788611604503095,46.43777415931247],[4.788628562701533,46.43765158001135],[4.788634201302049,46.43758511084757],[4.788631971066293,46.4375170536211],[4.788620732903903,46.43741662257736],[4.788608181745762,46.437335757068766],[4.788596325577307,46.437288026063335],[4.788544958133857,46.437135803381466],[4.788533632597186,46.437080408194035],[4.78853141181962,46.43706432062588],[4.78851877618384,46.43700074967709],[4.788503985558131,46.43694297689406],[4.78848763242745,46.43688522858083],[4.788478584215396,46.436871499666566],[4.788465593849327,46.43686071470034],[4.788447048649156,46.43685136776488],[4.788413809804156,46.43684684446665],[4.788355519398555,46.43684910838542],[4.788265068875242,46.43685989204392],[4.788073075711356,46.43688487531121],[4.787937967998577,46.43690050112532],[4.787800587640902,46.436914360978925],[4.787655048115609,46.43692969942918],[4.787555523300036,46.436945848575355],[4.787420701245788,46.43697020599117],[4.787253374733978,46.4370084922538],[4.787190595894642,46.43702487658111],[4.787071405119671,46.437069074319076],[4.786960312468054,46.43710197665639],[4.786813826909061,46.43714813240805],[4.786692086015002,46.437182101782284],[4.786606404756378,46.437195331423176],[4.78657214071605,46.43719929010856],[4.786464243771016,46.43721043534226],[4.786413010301254,46.43721736151684],[4.786336269371996,46.437229100059916],[4.78618149942871,46.43721720004645],[4.785991255863181,46.43720414332381],[4.785934014384916,46.43719468063335],[4.78580045866159,46.43717416198573],[4.785726891742839,46.43717540248734],[4.785682841747937,46.43717492041843],[4.785646776554182,46.437171611407784],[4.785618506422789,46.43716764008398],[4.785552380539498,46.43716137846895],[4.785465192061064,46.43716039992815],[4.785394088050985,46.43715727839935],[4.785259685915729,46.43713875387331],[4.785205269701954,46.43713600182],[4.785154588423724,46.437131930389484],[4.785090839507937,46.43712265907661],[4.785035956136185,46.43711757245408],[4.784998227703398,46.43711518992785],[4.784857121323571,46.4371227095706],[4.784769417267094,46.437125881727646],[4.784710904254559,46.43712931815407],[4.784655767219007,46.43713639461467],[4.784584018236869,46.43714940499451],[4.784465965952267,46.43716872316989],[4.784415709218155,46.43717365166666],[4.784291188096769,46.43717442648271],[4.784171285456836,46.4371650412892],[4.784044878878623,46.43715197468777],[4.783952149475216,46.43714090377441],[4.783835335234367,46.43713831521754],[4.783650852652595,46.43713408143493],[4.7835472928229,46.43713443796736],[4.783430858850127,46.43713949891154],[4.783292863376223,46.437142554658614],[4.783191520076035,46.437142966323094],[4.783115595427705,46.43713982858536],[4.782971545004905,46.43712901781799],[4.782796396193359,46.43711139680325],[4.782630046900104,46.437087963820076],[4.782257923594518,46.437030633984286],[4.782033979706711,46.436994858900526],[4.7819884337936,46.43698845421104],[4.781940524650931,46.4369894720244],[4.781870196691884,46.43699813521467],[4.781818524276875,46.43700758809882],[4.781783441654931,46.43701840334735],[4.781655000731053,46.43707868187614],[4.781531946163994,46.437136354297074],[4.781451718233649,46.43717300293617],[4.781419849741812,46.43719448611764],[4.78132770015282,46.43726104334893],[4.781266400783254,46.43730685380839],[4.781228832345943,46.43735328483412],[4.78119464341821,46.437387503844846],[4.781131094038807,46.43744821067416],[4.781096342117173,46.437497119648505],[4.781058137026043,46.43754401088629],[4.781041779189871,46.43756173935805],[4.781006677556521,46.43759993556949],[4.78095955120933,46.43764093129853],[4.780697451712379,46.437837315477026],[4.780533613689394,46.43794281875563],[4.780444044561613,46.438000688393274],[4.780331500902675,46.438037209559994],[4.780322917330374,46.43816947426521],[4.780320712062949,46.438217695437],[4.780321358817351,46.4383733241858]]],[[[4.780271433121965,46.42882221296429],[4.780280800298469,46.42890574091187],[4.780286525382302,46.42895347822726],[4.780289342195809,46.42899990985547],[4.780294945574952,46.42908385676229],[4.78029563628995,46.42912500747586],[4.780298228979522,46.42916856039304],[4.780302667646194,46.429236763402706],[4.780306128349272,46.42931092620714],[4.780313071674234,46.42941998143693],[4.78032625798559,46.429472826404904],[4.780341012523655,46.42952582705637],[4.780353859327345,46.42956426629306],[4.780358286744964,46.42958419255043],[4.780382661499677,46.42970450478654],[4.780387484293782,46.42974054720814],[4.780387832488485,46.42977918133048],[4.780381914447333,46.42984934720199],[4.780371366506506,46.42999722464157],[4.780369890956691,46.430283486548795],[4.780370751419242,46.43052954130129],[4.780376467028012,46.43056899241588],[4.780429608481079,46.43075253477455],[4.780454806436648,46.430838157633005],[4.780459132231259,46.430850970028594],[4.780465240611816,46.43087050979303],[4.780477884215929,46.43090670046114],[4.780489415786644,46.43094074681547],[4.780501576804491,46.430978115901624],[4.780521958783919,46.43103589249382],[4.780539622331899,46.431090198787565],[4.780556971721847,46.431134872608446],[4.780587573773862,46.43121842965177],[4.780590610388468,46.431227659391595],[4.780616780919573,46.4313071423658],[4.78064505819578,46.431387313031124],[4.780656202345901,46.43140947632029],[4.780691244246737,46.43146540302434],[4.780765961574964,46.431591505089344],[4.780822312330504,46.43170564419221],[4.780895702892847,46.43186293069922],[4.780914598565912,46.43190307690847],[4.780959952372872,46.431987574670046],[4.780982523109092,46.432028564236255],[4.781019339528526,46.43206698980696],[4.781047085989246,46.432094928713695],[4.781194380933162,46.432277452432324],[4.781253349713174,46.43235201026161],[4.781265260723552,46.4323617320278],[4.78128315122043,46.432375053336486],[4.781435620749181,46.43249255637799],[4.781530312260905,46.43256799784521],[4.781580506932346,46.432609186786436],[4.781608763008919,46.432636757336375],[4.781612179647195,46.43264165781543],[4.781627435988324,46.43265808251456],[4.781683275053251,46.43273250882823],[4.781716356812974,46.43277621645374],[4.781741045818539,46.43281023752262],[4.781657132261536,46.43281758148755],[4.781789642836351,46.43299403034115],[4.781906582352768,46.43314838495951],[4.781981534141655,46.43324160747754],[4.782002467316278,46.43328028061929],[4.782013289124605,46.433292541238146],[4.782036974860045,46.43331576963857],[4.782067792398283,46.43333798604227],[4.782100811659586,46.433359807800336],[4.782130006854493,46.43337223199957],[4.782158892571495,46.433379166819876],[4.782176475006335,46.43338303557061],[4.782272185590696,46.43339784418832],[4.782357682446203,46.43340704774597],[4.782462842969607,46.43341603435929],[4.782550704976511,46.433421868304194],[4.782817705799335,46.4334402171081],[4.782876654744159,46.4334422689862],[4.782999090820526,46.433437745242884],[4.783094134186722,46.433432117953565],[4.783208581571109,46.433422314598495],[4.783280714194562,46.43342118810881],[4.78339785518297,46.43342206069718],[4.783553571644195,46.43342341146438],[4.783634199058761,46.43342710585611],[4.783866958310504,46.43343806100717],[4.784006437664374,46.433440835714826],[4.784111416836357,46.433440276341976],[4.784259756646524,46.4334391294046],[4.784349727121092,46.433437723507446],[4.784428081502146,46.43342767231185],[4.78446073380472,46.43342229831738],[4.784665343061973,46.433381091491576],[4.784863509561458,46.43334205658775],[4.785133823970363,46.433278475503684],[4.785204308243539,46.43325881935874],[4.785250713127795,46.43324377288373],[4.785323645969102,46.433215341691685],[4.785351150783417,46.43319996019672],[4.785372452966159,46.433186116780576],[4.785396887181317,46.43316447845702],[4.785403777431515,46.43315608437674],[4.785404039127113,46.433148154215644],[4.785394523493439,46.433124074448315],[4.785371848233744,46.43308398802595],[4.785319946482641,46.43300265663316],[4.785246740513994,46.432895268095635],[4.785196817331819,46.43282264240598],[4.785136004353497,46.43266399094167],[4.785081541331974,46.43245651286373],[4.785075345748581,46.432434362685385],[4.785062559731276,46.4323102673923],[4.785058700960771,46.43227592136994],[4.785050265504997,46.4322529955856],[4.785009140361091,46.43214663655271],[4.784961475032119,46.432027499881514],[4.784938768616854,46.431966517864076],[4.784917206875751,46.431908670362844],[4.784855229136749,46.43175418013638],[4.784814675582884,46.43164934327509],[4.784765448727731,46.431530230935216],[4.784670468410755,46.43129861701049],[4.784642886292657,46.43121996755666],[4.784573282594967,46.43102740713235],[4.784511909916057,46.43085948699597],[4.78447065961648,46.430753219804906],[4.784383866680473,46.4305368794941],[4.784366673971849,46.43049310444593],[4.784314806963882,46.43037286228547],[4.784248062513806,46.430219887342076],[4.784212950063156,46.430130006772224],[4.78420905150557,46.43007449513239],[4.784202582819719,46.429932377294456],[4.784192250988225,46.4297836547156],[4.784191282970242,46.42975403714672],[4.784199007754574,46.4296316928253],[4.784208458137253,46.42952229146966],[4.784206647895302,46.42948683257655],[4.784209204504535,46.429278102779115],[4.784211350743214,46.42916043913871],[4.784214735649422,46.42904879076237],[4.784215290133633,46.42893025130151],[4.784202929859135,46.428839024421414],[4.784183108937768,46.428706842660915],[4.784171872691433,46.42865000456851],[4.784152410856922,46.4285447478205],[4.784137996390482,46.42847435896939],[4.78411283347497,46.42838198109797],[4.783948821109952,46.42840534977243],[4.783678486237003,46.428447672491885],[4.783520173284306,46.42846608778217],[4.783310596566989,46.42847431513244],[4.783256625911269,46.42847695946299],[4.783179899528814,46.42848878592365],[4.783056539701369,46.428492603911835],[4.782854282110467,46.42850557984529],[4.782655664754056,46.42851435541126],[4.78256553015211,46.42851846473201],[4.782477902735523,46.42853154173576],[4.782393374636021,46.42855177580483],[4.78229812405085,46.428582715256255],[4.782219265776609,46.428613038478865],[4.78213371972181,46.42864598796286],[4.781966467776835,46.42872578748522],[4.781783614381632,46.42883843517679],[4.781762301232247,46.428851917840156],[4.781716632750167,46.42889343172512],[4.781685788531952,46.428934173851744],[4.781680244241407,46.428943897743274],[4.781667254194364,46.42899688083801],[4.781552354942245,46.42909234539334],[4.781379614856353,46.42924752726488],[4.781336015925351,46.42926865312179],[4.781334762872907,46.4292621877092],[4.78133648934911,46.429231267135414],[4.781335005054411,46.429201747687806],[4.781371158602344,46.42919595963851],[4.781396621606221,46.42918988802693],[4.781407349265332,46.42918332576073],[4.781489576689443,46.42911250960728],[4.781570097626187,46.42903730664042],[4.781639591443271,46.428919583009794],[4.781642215678549,46.42890819337575],[4.781640058414188,46.428858058644586],[4.781635588718361,46.428852814323626],[4.781632142015787,46.428850976658886],[4.781569069018627,46.42884214332658],[4.78146519014294,46.4288442145046],[4.781403949754125,46.428843638829015],[4.781296043608325,46.42883406372718],[4.781283949351159,46.42882668662183],[4.781260573366557,46.42881687352184],[4.781124982224322,46.428789175969335],[4.781041435867674,46.42877165483265],[4.780881972799795,46.42875486743249],[4.780848955844041,46.42874898751932],[4.780783508309093,46.428735237003124],[4.78053292939945,46.428740405899724],[4.78041890742758,46.42874299458022],[4.780263126025766,46.42874722503149],[4.780271433121965,46.42882221296429]]],[[[4.781017229569975,46.44490632779595],[4.781128721583343,46.444869102056316],[4.78122491675303,46.444834276423855],[4.781325265425635,46.4447949725603],[4.78135885889424,46.44478228932836],[4.781393406035752,46.44476688915017],[4.781437492161584,46.44474035179172],[4.781563349356673,46.44465624595717],[4.7816508632757,46.4446069642409],[4.781766532938429,46.44454607468581],[4.782008178155596,46.44442071179728],[4.782182448479842,46.444326933048934],[4.782461355049413,46.444173606818374],[4.782720987060832,46.4440445390303],[4.782887249723224,46.443960971857955],[4.782917360976747,46.44393744419262],[4.782893724479982,46.44392385252268],[4.782874902673113,46.443914058644204],[4.782843258019151,46.44391058960843],[4.782738057892819,46.44390898929905],[4.782551989772982,46.443904778139405],[4.782245053032407,46.44389794947648],[4.781958720687428,46.44388368307889],[4.781859662845953,46.44387865358265],[4.781654087104612,46.443875555933474],[4.78143905187688,46.443886025704415],[4.781166672019403,46.44389603838271],[4.780940460477835,46.443907402063836],[4.780898636600945,46.44390742376496],[4.780720675099185,46.44390407397063],[4.780648537381593,46.44390546891032],[4.780562287002736,46.44390960575088],[4.780469921748834,46.44391401799211],[4.780438101960312,46.44391316301486],[4.780394409819761,46.44391582564831],[4.78016731948199,46.44394818749813],[4.780694542945583,46.44501196607081],[4.780888487203888,46.44494598405822],[4.781017229569975,46.44490632779595]]],[[[4.780754709501275,46.434844426956126],[4.780765745672926,46.434947113448914],[4.780781729789165,46.43498982700886],[4.780819921594114,46.43499049236884],[4.780830537882834,46.434996451485056],[4.780859138525526,46.43510642982611],[4.780873102095196,46.435147103302626],[4.7808856706118,46.43519293245742],[4.780914868595651,46.435269305797156],[4.780933272063016,46.43531828642268],[4.780956893697001,46.43537547199316],[4.78096497354173,46.435407500547306],[4.780967821570053,46.43543889014789],[4.780969553500133,46.43546002930954],[4.780962127828175,46.43549995554285],[4.780941408256318,46.43557962932213],[4.78092496190954,46.43561059928799],[4.780888454705031,46.435713486825435],[4.780881949196776,46.435741689753776],[4.780839818356269,46.43584790745178],[4.780827121500717,46.43586602915461],[4.780790706959494,46.43592784382784],[4.780761874839367,46.43598647790474],[4.780746850779285,46.436021118481015],[4.780738492856617,46.436048449597166],[4.780720532679195,46.4360849373317],[4.780715356555816,46.43610996710819],[4.780706300542128,46.43614784715761],[4.780694843948364,46.43618801636026],[4.780675965363156,46.436228301297135],[4.780652649837129,46.43626036908729],[4.780598442062388,46.43631588612108],[4.780554479743086,46.43635800326144],[4.780491765973445,46.43641635493404],[4.780457185534245,46.436454542862265],[4.780430298301217,46.436484954983946],[4.78041874268666,46.43650612118069],[4.780405018533989,46.43652470919107],[4.780387339962984,46.43655785992877],[4.780378852483476,46.436593209154786],[4.780372015807376,46.4366072764074],[4.780370603849803,46.4366318872013],[4.780363416339791,46.436687121360734],[4.780376001202278,46.4367614120429],[4.78038998704329,46.436842706246445],[4.780403649828892,46.43692607706684],[4.780409789988506,46.43697452841249],[4.780410246060128,46.4369964980862],[4.780406472587599,46.437032584433766],[4.780403076992259,46.43707226764092],[4.780401937029319,46.43712119276522],[4.780403125372765,46.437149635974244],[4.780398428115511,46.43725725133835],[4.780397077728711,46.437295731762866],[4.780394658201197,46.437337381263355],[4.780385269020102,46.4374848801754],[4.780384738895886,46.43754451397314],[4.780381824736298,46.43761094009742],[4.780372232573644,46.43778816486196],[4.780365127133048,46.437845919655736],[4.780364579461665,46.437893034163615],[4.780364480246346,46.43793392693409],[4.780362105918393,46.43794900543606],[4.780372668865901,46.437957307220124],[4.780384410627359,46.437961807736365],[4.780396078978592,46.43796405767656],[4.780412468352579,46.43796326174156],[4.78043886760787,46.43795780630144],[4.780469387730115,46.43794688247887],[4.780513671428188,46.43792655703588],[4.780653609781572,46.43783124395188],[4.780706965240263,46.43779348376836],[4.780791098063682,46.43773272641794],[4.780945950233405,46.43762736288895],[4.780971783318456,46.437600569847476],[4.781000065923242,46.437565001923645],[4.781046733918911,46.43750996259219],[4.78113899759338,46.437402962930804],[4.781180655616081,46.437358089387054],[4.781227663947693,46.43730151349619],[4.781245137739571,46.437282056280644],[4.781262741731519,46.437262597031264],[4.781289562361638,46.43723813029614],[4.781315136664914,46.437215394303],[4.781350986910414,46.43718817470432],[4.781385489989261,46.43716358810448],[4.781409517429083,46.43714934268749],[4.78143234850763,46.437138358405676],[4.781506236213104,46.43710703268236],[4.781606837700965,46.43706394146615],[4.781629283944996,46.43705314328531],[4.781686605120645,46.43702117521856],[4.781745708053911,46.436987918357985],[4.781767526689642,46.43697785049193],[4.781811251193856,46.43696437847883],[4.781851400279154,46.436953123890284],[4.78188661803459,46.43694644967731],[4.781929284300722,46.436940469843584],[4.7819662174081,46.436938452417884],[4.782007289944155,46.43693952279323],[4.782075231351071,46.43694954100891],[4.782127899794983,46.43695862664246],[4.7822472340675,46.43697856089324],[4.782297919994866,46.4369867767023],[4.782436909643383,46.43701018687317],[4.782535307334872,46.437027295209994],[4.782739552287786,46.43705824292412],[4.78278163932602,46.43706244959447],[4.782892405249505,46.43707531143718],[4.782995391670568,46.437085322368034],[4.783205767781563,46.437092575484556],[4.783406790850643,46.437092678705945],[4.783403387339919,46.437064270098396],[4.783392793435274,46.43698724652871],[4.783383995032613,46.43692928951659],[4.783367567113186,46.436873072893626],[4.783356843410311,46.43682397269549],[4.783347772647589,46.436781601847564],[4.783326640046413,46.43669303389885],[4.783374916005698,46.43669128921999],[4.783378771879906,46.436721582210986],[4.783383910412457,46.436775183007086],[4.783388449709306,46.436806456081975],[4.783403024464915,46.43686576398545],[4.783417259983702,46.43693462448491],[4.783437131098933,46.437028436112946],[4.783448505186973,46.43708148917638],[4.783549134756728,46.437083160013465],[4.783680375922851,46.437084712898084],[4.783822717480273,46.43708708299174],[4.783877607348762,46.437088387200745],[4.78390839917041,46.43708979763131],[4.783981946863982,46.437095944248256],[4.784111957299872,46.437111656678965],[4.784211466542494,46.43712289173879],[4.784250550037488,46.437126874591996],[4.784292649742478,46.437127477754785],[4.784344462382024,46.43712630789316],[4.784457990372475,46.4371200304617],[4.784509312295619,46.43711580585094],[4.784539051387568,46.43711290925604],[4.7845753371037,46.437107028141455],[4.784710661008307,46.43708203578449],[4.784900854261356,46.437073659016555],[4.784976720716695,46.43707103206742],[4.785065785674976,46.437069639854364],[4.785107216619968,46.43706971275683],[4.785162869444645,46.437074427040265],[4.785222942937708,46.437082855081876],[4.785292524214078,46.43709518755082],[4.785383847981632,46.43710708997585],[4.785447733030563,46.43711653913508],[4.785481430800746,46.43711916467227],[4.785534911968122,46.43712121066294],[4.785674403762249,46.43712407335485],[4.785751030285576,46.43712476655682],[4.785780102293876,46.43712935579031],[4.785861529495885,46.43714537563134],[4.785979879810275,46.43716703270681],[4.786009996503079,46.437171695612676],[4.786058431872041,46.43717481103406],[4.786108941803233,46.437177623780116],[4.78622987824829,46.43718275753436],[4.786330318375001,46.43718659054303],[4.786377458695667,46.43718198015907],[4.786498856410716,46.43716936283154],[4.786618943108795,46.43715649567864],[4.786648801090916,46.43714927336348],[4.786692024307427,46.43713643779118],[4.78683467136311,46.437092413845015],[4.787056179584788,46.437021846247134],[4.787138982624888,46.43699632185895],[4.78721483912955,46.43697748116201],[4.78727841391551,46.43696153470754],[4.787418916200509,46.43692763130894],[4.787464884797916,46.43691907577669],[4.787505671456159,46.43691141196072],[4.787536596921806,46.43690894635529],[4.787662968331206,46.43689706054105],[4.78784026211827,46.43687672148404],[4.787956559932418,46.43686355195264],[4.787996600599849,46.43685698046752],[4.788060127379644,46.4368435562552],[4.788086063466198,46.436839907658324],[4.788182982820208,46.43683172491477],[4.788268277953929,46.436822643295905],[4.788355526227127,46.43681353102534],[4.788439776664705,46.43680437556917],[4.788460433044321,46.43680261095431],[4.788485478676521,46.43679564365897],[4.788508257616794,46.43678709061712],[4.788525591700989,46.436775380365255],[4.788538146734128,46.436760952822766],[4.788549418183445,46.436739159724674],[4.788551713084047,46.43672570349966],[4.788532665583649,46.43668114746598],[4.788521438352642,46.436648628262084],[4.788513498431112,46.43662101136594],[4.788506591353532,46.43659310808576],[4.788500788333502,46.436563115926276],[4.788490792876366,46.43649662141316],[4.788480065491465,46.43638393296306],[4.788479264852812,46.43634359458842],[4.788478994743947,46.43632342336168],[4.788480900280167,46.43629808412669],[4.788483306006081,46.436272106574535],[4.788488736053232,46.436246982345224],[4.788493442989672,46.436231596893684],[4.788517523760856,46.43616736080912],[4.788554477481727,46.4360745513557],[4.7885655983402,46.43604816709052],[4.788606086543474,46.435971784885695],[4.788637934948654,46.43591003910474],[4.788644074522911,46.43589066816835],[4.788645449871853,46.43586903006178],[4.788645304012861,46.435848676748826],[4.788642886014597,46.43582259460848],[4.788632940332225,46.43578942485638],[4.788626616082233,46.435763403900935],[4.788620518159253,46.43575224078786],[4.788613683235794,46.43574244025357],[4.788603610386132,46.43573719388609],[4.788556251930026,46.4357192013061],[4.788483868184612,46.4356889009288],[4.788382643994806,46.43565310763415],[4.788259386110819,46.43560883254338],[4.788235775044701,46.43559992518759],[4.788219713117242,46.435590809539654],[4.788176998775807,46.435539598684635],[4.788114451347366,46.435463569129205],[4.788088342577495,46.435430112016626],[4.788026616799829,46.43533938830156],[4.78800289951889,46.43530337179179],[4.787986338902625,46.43528300529528],[4.787897408508493,46.435196940722214],[4.78782466382139,46.435099904460245],[4.78777316055204,46.4350547756207],[4.787659700900158,46.434975489800905],[4.787579595628048,46.43491621746454],[4.787439881610052,46.43477114171498],[4.787360988634553,46.43467726375999],[4.787118969099974,46.434379680887965],[4.787013582330819,46.43427234672078],[4.786851143283096,46.434312447496005],[4.786833746174509,46.4342903826196],[4.786986538731637,46.43424610951922],[4.786888544688165,46.43413775886002],[4.786819333773106,46.434017248755275],[4.786802622927811,46.433976348716435],[4.78675054274483,46.43379414345656],[4.786710593217528,46.433628321058166],[4.786719687901551,46.43355594341572],[4.786747004923159,46.433463195250376],[4.786826230659703,46.433288752838806],[4.786935843429988,46.43313527125059],[4.78693750765979,46.433126418443614],[4.786994954686665,46.43305076214098],[4.78707616631566,46.43295293717631],[4.787084185460167,46.432931285176814],[4.787086762119538,46.432914492013396],[4.78708548334668,46.432895327326804],[4.787077409453325,46.43288347450972],[4.787068071334462,46.43287677541185],[4.787054743590719,46.432875542893704],[4.787021482648931,46.43287822509424],[4.786962139540607,46.43288401753511],[4.786868579845196,46.43289115602055],[4.786800225710159,46.43290024180369],[4.786692487584332,46.43291597842791],[4.786577886993792,46.432932993218635],[4.786452141418303,46.432955766536764],[4.786267460146064,46.43298882886776],[4.78614087359367,46.43301377665049],[4.786033986360181,46.43303562402784],[4.785788109933665,46.43308558494972],[4.785614802553237,46.4331199094349],[4.785588050884506,46.43312645245857],[4.785535168457763,46.43314259112262],[4.785514036090978,46.43314967674185],[4.785496078639351,46.433158243884364],[4.785442993355615,46.43318411312547],[4.785393680955583,46.43320983328001],[4.785369298717431,46.433221112858504],[4.785338074610443,46.433234300785934],[4.785305862516239,46.433245162358695],[4.785223937453907,46.43326950088473],[4.785196723736549,46.43327785241775],[4.785048709404656,46.43331682445342],[4.784952657429781,46.43333940210575],[4.784838921303812,46.4333629766483],[4.784714978501319,46.43338914246645],[4.784587135369545,46.433415549243136],[4.784468785895842,46.4334374842024],[4.784420067833745,46.43344554112459],[4.784366674929238,46.433450068320916],[4.784288794961686,46.43345470792429],[4.784192796851453,46.43345503706014],[4.784153895478108,46.433456545585365],[4.784066258316175,46.433465570730846],[4.784051529106326,46.433489218782356],[4.784047105843322,46.43350135712774],[4.784047764911266,46.4335215222706],[4.784050889020272,46.433541378692965],[4.784052405810908,46.43356387222685],[4.784047078455999,46.433584220969934],[4.784023703585902,46.4335864776218],[4.784019834396148,46.43353186623371],[4.784011077032418,46.43349111176229],[4.784006297843244,46.43346047292582],[4.783978591756382,46.43345775337838],[4.78387630050429,46.43345286650121],[4.783735963420737,46.43344776324106],[4.783570197696688,46.43344584913766],[4.783418988287054,46.43344289682754],[4.783335700121063,46.43344149556143],[4.783273211342046,46.433442741683024],[4.783175931799078,46.43344372045905],[4.782994598055298,46.43345573910794],[4.782954089277714,46.43345988432126],[4.782904344046692,46.43346840697614],[4.782881799557,46.43347614463173],[4.78286260129695,46.433486622172126],[4.782849427673375,46.433498086470806],[4.782839263426509,46.433509954125945],[4.782832823429795,46.43352815852408],[4.782846154499113,46.43366908834297],[4.782854302064913,46.43373507170124],[4.782859193644257,46.433777147569806],[4.782856315939647,46.433868522359305],[4.782836524548282,46.43391269491911],[4.782820924859196,46.43394959651816],[4.782799678073908,46.434005050404544],[4.78277397533828,46.43409957368372],[4.782672235283268,46.43412755224907],[4.782641635417418,46.43413595602289],[4.782565875279256,46.43418559578078],[4.782555329898809,46.43419377653211],[4.782462202919463,46.434294035827406],[4.782390285800371,46.4343736084082],[4.782308987235942,46.43446908942198],[4.782253298067586,46.434534988352326],[4.782216826933348,46.43458302387827],[4.782214424746477,46.434593239152576],[4.782216546564884,46.43460635609074],[4.782235365671844,46.43464010840043],[4.782224787256742,46.43466324106599],[4.782200978936989,46.4346961275155],[4.782179272406582,46.43472555853953],[4.78215418430383,46.434751169374024],[4.782139118558898,46.43475257539912],[4.782123422049401,46.43478254309583],[4.782113709747508,46.43479629507064],[4.782097069151133,46.4348133075811],[4.782080405918137,46.43482563686145],[4.78203856219921,46.43485277012488],[4.78199410548551,46.4348796739429],[4.781984876648368,46.43488828443617],[4.781974454479932,46.43490024609875],[4.781968876412235,46.43491294278635],[4.781963672478213,46.43493310935023],[4.78195421694056,46.434962709421846],[4.781805559851721,46.43497421616769],[4.781799112371073,46.43493234468827],[4.781726834847214,46.434937075225186],[4.781725082272503,46.43492728506627],[4.781723251271065,46.434911101242676],[4.781780630464331,46.434912907996704],[4.78179779426628,46.43491191962632],[4.781813428815994,46.43490798284361],[4.781857382446871,46.434881627361214],[4.782009061571284,46.43478711996384],[4.782122442442125,46.43471662797674],[4.782140673987428,46.43470445435068],[4.782148470498842,46.43469586619794],[4.782164868848375,46.43466345568376],[4.782170053286979,46.43465067505957],[4.782168256553534,46.43463953456215],[4.782141328847216,46.43462077015533],[4.782175518967327,46.43457069867161],[4.78218523415277,46.43455703671406],[4.782202453069169,46.43453380041047],[4.782233348283256,46.43450251465696],[4.782316967547687,46.43441825608674],[4.782329936609637,46.43439652719769],[4.782427137372665,46.43428935919398],[4.782503405725864,46.43420341384126],[4.782514475731372,46.43419135194347],[4.782600473840749,46.43413209516259],[4.782669316217706,46.434078059933576],[4.782752932910944,46.43401370628277],[4.782822724096388,46.43389300516241],[4.782828174597178,46.433880400487055],[4.782829014185326,46.43387020959355],[4.782828365883066,46.4337586243565],[4.78282645515238,46.43371208857058],[4.782808249495479,46.4335894287753],[4.782796922490112,46.43350187851882],[4.78278908715859,46.43348533810548],[4.782777517095004,46.43347011696596],[4.782765392209133,46.43346183979268],[4.7827403645927,46.43345736681855],[4.782678753611743,46.433449592020295],[4.782585159658472,46.43344375758652],[4.78248474223621,46.43343640835267],[4.78237457809255,46.43342578855312],[4.782329753740486,46.433421444363475],[4.782246618162404,46.43341274434271],[4.782218846647558,46.43341200690674],[4.782180689441589,46.4334203483796],[4.78216088501777,46.43342822326353],[4.782152396524554,46.433435561257255],[4.782139253330031,46.43345594181624],[4.782130198163569,46.433469863680635],[4.782122206366164,46.43349241556057],[4.782093466866489,46.433585725109886],[4.782087334930324,46.43360140272537],[4.78207929196659,46.43361440809889],[4.782065131470617,46.43363156204482],[4.782048439201311,46.43364299109259],[4.782027497219706,46.43365592756172],[4.781908059410958,46.43372038933445],[4.781876140217493,46.433740252240156],[4.781839634922587,46.43378324433091],[4.781818983759934,46.43380509303975],[4.78173332729514,46.43388280801623],[4.781717172415267,46.4338987320709],[4.781703625665619,46.433922721625414],[4.781657021253443,46.43392371900413],[4.781642778087906,46.43392637309677],[4.781527398926213,46.433979512519215],[4.781374224074893,46.43404810281459],[4.781254423300406,46.434101491068475],[4.78109961384571,46.43417190785911],[4.781069568822499,46.43418534640834],[4.780998274197588,46.434204201976314],[4.780869839974137,46.43423655829331],[4.780733207547304,46.43427318547829],[4.780699444192624,46.43428046716435],[4.780626754279444,46.43429249902372],[4.780572962746592,46.43430081353496],[4.780501539596067,46.43431174473486],[4.780487491080343,46.434316377159895],[4.780477898914816,46.4343218407862],[4.780463975731073,46.43432232808804],[4.780477659917326,46.434342470273904],[4.780505880964508,46.4343929191229],[4.78057460075014,46.434494796247876],[4.780640386729695,46.43460257355682],[4.7806635182994,46.43464076230404],[4.780685963628092,46.43467788092229],[4.780704917849036,46.43473576980795],[4.780733228383936,46.43479693539909],[4.780754709501275,46.434844426956126]]],[[[4.78226063773827,46.44721989096257],[4.782336468972831,46.44719979321554],[4.782599142473175,46.447131474907586],[4.78198189321239,46.44678011152437],[4.781654039744843,46.446815579374025],[4.781559229532611,46.44682507440422],[4.78135557297356,46.44684518382927],[4.78125094211151,46.44685321053317],[4.781131784569697,46.44685930203047],[4.780999765002209,46.446858568610175],[4.780940680216269,46.44685678786678],[4.780862866985081,46.446848093618705],[4.780766671007576,46.4468350924295],[4.780791563587634,46.44684722386201],[4.780891113435424,46.44688314024531],[4.780967527485751,46.446912842291916],[4.781015727449835,46.446932446214355],[4.781100697144547,46.44698074904426],[4.781233453962186,46.447055957646626],[4.781283226948644,46.44709580237862],[4.781477560775715,46.44718923497419],[4.781535495791654,46.44722363824094],[4.781705192294756,46.44731673420084],[4.781804563833341,46.44737507969162],[4.781953748514795,46.4474704767936],[4.781984121568527,46.4474908087886],[4.782258177641185,46.44735602314844],[4.782095646011908,46.447262906270275],[4.78226063773827,46.44721989096257]]],[[[4.78253114671814,46.443605714925724],[4.782698723538841,46.44375387440508],[4.782739800388665,46.443786828868355],[4.782802183474706,46.443837824754375],[4.782915914748767,46.44386126860007],[4.782961526148844,46.44386551033167],[4.782993337125835,46.443866094537476],[4.78302386722748,46.443863366187244],[4.783048895388742,46.44385973296994],[4.783080222373405,46.44385347948168],[4.783124360393557,46.443840541017444],[4.783221147729886,46.44380399309826],[4.783281111179773,46.443776936886664],[4.783328147502151,46.44374503864501],[4.783384153423804,46.44370453385677],[4.783414668924034,46.443685413111425],[4.783455879358727,46.44365864963951],[4.78347828460587,46.44364253772511],[4.783494607386181,46.44362769168517],[4.783541384141349,46.44355995003044],[4.783640575637216,46.443469412996514],[4.783697270563688,46.44341412600372],[4.783826435271535,46.443287903774724],[4.784083186860723,46.44309087580336],[4.78428624612456,46.44293737869939],[4.78441027893434,46.44284555215667],[4.784456057831918,46.442803135018586],[4.78438219472037,46.442763668059136],[4.784217772005364,46.44267616810477],[4.784187603865091,46.442662048264026],[4.784102527040123,46.44263824814962],[4.784031713970637,46.44262431286345],[4.783968245765227,46.4426158470687],[4.783944935455136,46.44261621118757],[4.783913844000719,46.442617687601285],[4.783876390594353,46.44262781991521],[4.783810992366569,46.44265198908512],[4.783753495870003,46.44267873686593],[4.783658493477769,46.44272597558864],[4.783565041081398,46.44277679277473],[4.783357282541572,46.442890191280696],[4.78328299071001,46.44292530726744],[4.783246376358479,46.44294119066967],[4.783194966220607,46.44295883624753],[4.783131992399193,46.442977472967144],[4.783029713770108,46.44299744384592],[4.782996460348009,46.44300453802322],[4.78294546721696,46.44302298759506],[4.782874864934642,46.44304741759438],[4.782833655063577,46.44305823868125],[4.7827678412235,46.44306971402902],[4.782631002311248,46.44308869285613],[4.782582781567795,46.44309629073782],[4.782364448437193,46.44312536794102],[4.782157181390853,46.4431541819732],[4.782120112974562,46.44316016452956],[4.782100825914561,46.443168031263134],[4.782089450336522,46.443174783786695],[4.782090758763513,46.44318692265085],[4.782116744103883,46.44321660013429],[4.782150910241505,46.44324542940509],[4.782216599869935,46.443301958262325],[4.782255702105093,46.443334313224824],[4.782326261533619,46.44340031331391],[4.782425730576933,46.44349774651496],[4.78253114671814,46.443605714925724]]],[[[4.784192478022979,46.44728682365347],[4.784193849568039,46.447312832095385],[4.784116468534424,46.44732935254227],[4.783868035997055,46.44738286079738],[4.783864665128853,46.44755080156423],[4.783862280162725,46.44759344132358],[4.783849880614745,46.44768847735567],[4.783825427670209,46.44792501946641],[4.783815518741349,46.44801254088557],[4.783789080755375,46.44828802366107],[4.783787357791424,46.44835091853572],[4.78379375084083,46.44841494762092],[4.783804578581118,46.44849106672367],[4.783819651481314,46.448533613962965],[4.78384535173509,46.448586353127375],[4.783853126240576,46.4486089290232],[4.783897180240153,46.448621210880425],[4.783930574530606,46.448622310551954],[4.784045912350932,46.448594929567335],[4.784211205309068,46.44855307767847],[4.784523707121985,46.44847424921969],[4.784837235221976,46.448394953509954],[4.784942189460022,46.44834494647055],[4.784968197355365,46.44833535301704],[4.785030424745974,46.44831762774018],[4.785044988600786,46.44831271655632],[4.785148660343427,46.44828326504076],[4.785216715959421,46.448264457812755],[4.785608741105934,46.448158983968476],[4.785666753907509,46.448267330435385],[4.785707472023623,46.44833694748728],[4.785343517565797,46.44846404972747],[4.785167584709479,46.448523182631924],[4.785185525930483,46.44855379580206],[4.785102012018601,46.44857806858834],[4.784877957630153,46.44864002468871],[4.784875466096082,46.44863556018631],[4.784734057995431,46.4486746079719],[4.784585966251003,46.44871249904396],[4.784463942336168,46.448523459798004],[4.784232203321317,46.44858553468299],[4.784079546458954,46.448627279296254],[4.783950748262181,46.448661445564966],[4.783896657542583,46.44867697158053],[4.783875099474911,46.44869514188342],[4.783882686343203,46.44872393544925],[4.783905650955465,46.44878068034986],[4.783922785817373,46.44881454877509],[4.783959193170767,46.44887991044463],[4.784030181159774,46.44898265091218],[4.784134571342098,46.44911062924745],[4.784170071870796,46.44915222687705],[4.78419913986857,46.44918041466947],[4.784242181209179,46.44921351809362],[4.784373967017163,46.4493105349716],[4.784419770125889,46.44934440580493],[4.78454963957191,46.44941866503951],[4.784873125759517,46.449332908932405],[4.785441645699711,46.44918117444777],[4.785459471658648,46.449176392360215],[4.786045698686421,46.44902032492483],[4.786121533975128,46.4490003146935],[4.786504878964021,46.4488883084884],[4.786811214438192,46.448804256143504],[4.786918693128711,46.448771681129635],[4.787102322201015,46.448724764522005],[4.787117254839992,46.448751011107724],[4.787285454291467,46.448742254585994],[4.787293301613873,46.44873915952111],[4.787324954322385,46.44872686520275],[4.787571482648143,46.44863104694328],[4.787597087703737,46.44862109891597],[4.787632801287392,46.448609461505015],[4.787720730938523,46.44858079443465],[4.787790485519924,46.44855817618392],[4.788158553850344,46.44846928091827],[4.788268037324078,46.44844225749181],[4.788443322518447,46.44839925221846],[4.788498391200317,46.44838578029469],[4.788897778010204,46.448282431527225],[4.788973122737104,46.44826341780888],[4.789134334779661,46.44822441477292],[4.789613076358443,46.44818070696059],[4.789630188436277,46.44817404394974],[4.789679473309388,46.44815507780184],[4.789696076227846,46.44814878303438],[4.789739430141701,46.44811982207882],[4.789762003985513,46.44810487719616],[4.789779901712926,46.4480824397976],[4.789793669866889,46.44806520103274],[4.789818583350528,46.44803418721533],[4.789831209837053,46.44800597793232],[4.789855879492841,46.44795164008632],[4.789880044514501,46.44787794533198],[4.789889590012863,46.447771694599716],[4.789895684433815,46.44755228135502],[4.789905478225226,46.447191401967025],[4.789898716487082,46.4470607278977],[4.789886895708049,46.44697444700417],[4.789871853491636,46.44686542916142],[4.789846883866133,46.44668415149336],[4.789841465495306,46.446669915449185],[4.789833617604935,46.446649142447725],[4.789786272871978,46.446524598530516],[4.789774076117837,46.446514251597144],[4.789669630038323,46.44642455839257],[4.789567611169317,46.44633734899486],[4.78950512739511,46.446283566121345],[4.789416434552317,46.44619344573423],[4.789335535052043,46.44613833005503],[4.78931099985204,46.44611727803914],[4.789214684352716,46.44607681481205],[4.789090281838866,46.446018237286765],[4.789072567183008,46.446018424707546],[4.788997708158007,46.44603626004373],[4.78879508750292,46.44608383760569],[4.788735480754485,46.44609792120044],[4.788495005542018,46.44615140513291],[4.788470834799692,46.44615736789574],[4.78833475210064,46.44619165332233],[4.788235114883006,46.44621681142302],[4.788146337561257,46.446239367552295],[4.787973305487412,46.44628332797485],[4.787942939444981,46.44629109891723],[4.787929258533554,46.44629509597426],[4.787786185811693,46.44633876725075],[4.787606658152425,46.44639129525419],[4.78735021523367,46.44646655310433],[4.787135454084908,46.446529449222744],[4.787059048074971,46.44655181091363],[4.787043564386126,46.4465564665514],[4.786827232430619,46.44665100081223],[4.786795376346997,46.44666500950289],[4.786760936183491,46.44667968909124],[4.786487101370511,46.44679691889572],[4.786240531087008,46.446879315346465],[4.78622573787093,46.44685729970649],[4.786212995430864,46.44683822426301],[4.78609990057504,46.446862329965654],[4.785949024383163,46.44689459211615],[4.785827085071007,46.44691919611793],[4.785771549911521,46.44693033227477],[4.785572032371733,46.44696938903395],[4.785501860017401,46.44698318574324],[4.785394783184709,46.44700008122554],[4.785353950404228,46.44700657398028],[4.785219766133284,46.44702731563646],[4.785147945387372,46.4470385258961],[4.785081080128032,46.44704587577214],[4.78490917801726,46.447064774692166],[4.784877503540781,46.44706842208955],[4.784823240951071,46.447078637205244],[4.784645966735887,46.44711257108873],[4.784266567588308,46.44718956290632],[4.784187988870759,46.44720132847163],[4.784189186751465,46.4472060834028],[4.784192478022979,46.44728682365347]]],[[[4.784253543818636,46.4301325248468],[4.784288541580701,46.430218894507256],[4.784328010249704,46.43030654532411],[4.78442244011805,46.43053735749983],[4.784566057445769,46.43089007479737],[4.784640991059021,46.43109426088832],[4.784751695448888,46.43139246023972],[4.784869830543499,46.43169477657726],[4.784927321697332,46.43183555637862],[4.785005868906286,46.43203464189228],[4.785083566708957,46.43225553732546],[4.785094553077103,46.4323126494375],[4.785105486753543,46.4323840833386],[4.785114439724798,46.43242681620214],[4.785151515863703,46.43257665174463],[4.785171821518227,46.432663791256694],[4.785179005784913,46.432684304731474],[4.785209791461718,46.432761282735385],[4.785230150963229,46.432810232152605],[4.785243362828883,46.43283182228153],[4.785291076245388,46.432900609535864],[4.785376075122144,46.433022044553674],[4.785394162825542,46.433049322843],[4.785406800358664,46.43307326372757],[4.7854445863002,46.433105367938],[4.78550671976554,46.433121149213136],[4.78554892136488,46.43311301358143],[4.785795230589411,46.43306034434199],[4.786041924054242,46.433007488415385],[4.786335945779787,46.43295191002996],[4.786602238675598,46.43290487095026],[4.786676381217628,46.43289353305824],[4.786759111159112,46.43288188060541],[4.786979759351613,46.432853208394405],[4.787047692794876,46.4328471914329],[4.787130596478473,46.43284085006143],[4.787077506178702,46.432711351104786],[4.787041510581005,46.4327180391488],[4.787004225127966,46.432633597522965],[4.787029325029073,46.43262834097758],[4.786961935296971,46.43248780713303],[4.786911348753735,46.43238303790064],[4.786858459676999,46.432390981020184],[4.786825117427392,46.43231953764021],[4.786834823531075,46.43231758437244],[4.786717039779726,46.43208209561769],[4.787086145241523,46.43202822249722],[4.787377809132966,46.43198835023683],[4.7872565960088,46.43171580724076],[4.787320328290104,46.43169292287319],[4.787156862261305,46.43131944328476],[4.787088310022385,46.43116325569007],[4.787018373463822,46.431028436084596],[4.786954457420165,46.43092630734735],[4.786763968918224,46.43065836070182],[4.786611923530775,46.43044655572584],[4.786591797698542,46.43041669751159],[4.785926009321904,46.43057149387173],[4.785841674201674,46.43042248775883],[4.785550329953072,46.429934276601124],[4.785486486297708,46.429830254507316],[4.78534264841257,46.429594361224574],[4.785319035160122,46.42954546269754],[4.785272602700741,46.42945999266926],[4.785230669252343,46.4293846300778],[4.78518686905314,46.429307945623606],[4.785116836813056,46.429185916223155],[4.784947552846213,46.42889673917639],[4.78602284449157,46.428586298831405],[4.78587103545931,46.428317745743364],[4.785842773697409,46.42827009092341],[4.785814640944919,46.42823036015504],[4.785785288164353,46.42819713343351],[4.785736397525553,46.428147999855895],[4.785697467309685,46.42811267118014],[4.785593541821973,46.4280455738429],[4.785499735848326,46.42799714259281],[4.785445281249223,46.42797700806812],[4.785375378221207,46.4279584661243],[4.785287881253698,46.42794362186908],[4.785220647858393,46.427938998788754],[4.785146856539593,46.42794096317376],[4.785073389687144,46.4279488669941],[4.784955631888382,46.42797259479399],[4.784735858631613,46.42801151759853],[4.784635902721626,46.42802595988999],[4.784571643884759,46.428032638628494],[4.784531036253441,46.428033633598844],[4.784463622595807,46.428027481716356],[4.784453295644411,46.42803034518784],[4.784444249282693,46.42803652119753],[4.784425882969542,46.42805644328753],[4.784403516119625,46.42809345094031],[4.784287270936028,46.4282073134769],[4.78426220080077,46.428237337962024],[4.784190128042458,46.42830385434045],[4.78417603137315,46.42832289904519],[4.78416485700771,46.42834766249886],[4.784165171823186,46.42837323717572],[4.784173584995244,46.428463264777],[4.784201516700119,46.428624412084275],[4.784225875976156,46.42875994554517],[4.784253009177857,46.428920564901645],[4.784251533761855,46.4289790427361],[4.784248283685304,46.42917850627706],[4.784249089480919,46.42939844216066],[4.784249206605358,46.42950165939146],[4.784245545132136,46.42958890338846],[4.784235253293906,46.429672558166466],[4.784235229136431,46.42975551207899],[4.784242593250469,46.430016687121146],[4.784249323846567,46.43011899037508],[4.784253543818636,46.4301325248468]]],[[[4.785263809804774,46.44425115729486],[4.78530891289293,46.444235861109576],[4.785412681762493,46.444197671019026],[4.785419813152683,46.44415279533205],[4.785444396353266,46.44406387337236],[4.785463456487673,46.443957474328364],[4.785493424056859,46.44379019836751],[4.785512927697386,46.4436854136131],[4.785534971015998,46.44357860763282],[4.785559515297388,46.44345266795192],[4.785567545010531,46.44341534398453],[4.785600739860104,46.44331088556294],[4.785635251772447,46.443186951666675],[4.785656424550603,46.44311726762101],[4.785697768749767,46.44298313916295],[4.785706510661277,46.442951658519696],[4.785762702038415,46.44282531401007],[4.785815266235135,46.44270758272443],[4.785842665226833,46.4426410437532],[4.785876136482974,46.44256098956072],[4.785891623407561,46.44252859280461],[4.785956193614449,46.4424154473446],[4.785989935592865,46.442343675212705],[4.786028654373763,46.44224084154949],[4.786076796272362,46.442139301601316],[4.786095486716058,46.44209730741144],[4.786101177699922,46.44208010532334],[4.786090368557266,46.44206433218266],[4.786077804644335,46.44204669503818],[4.786060593332697,46.44203435456781],[4.786043978921277,46.4420283095806],[4.786018521085666,46.44202276316684],[4.785992554144197,46.44201758498458],[4.785974942144556,46.442012906621265],[4.785959241655686,46.442010900428514],[4.785931610669127,46.442010611973835],[4.785918490481518,46.44201180790381],[4.785901910223746,46.44201476924832],[4.785860407657687,46.44203253132973],[4.785819299296777,46.44204641427047],[4.785779200922036,46.44205532761615],[4.785702017577929,46.44206968453067],[4.785643077943599,46.442080153391366],[4.785612852967464,46.44208819175164],[4.785492759545917,46.442129069181036],[4.785437071176554,46.44214732309279],[4.78533484600269,46.44218080556661],[4.785228680270063,46.44222128484551],[4.785159910693924,46.44225388390827],[4.785113854409231,46.442279823086274],[4.785089037774418,46.44229786447795],[4.78501647207265,46.44235781364318],[4.784995952106519,46.44237975088558],[4.784957547416753,46.44241655880247],[4.784902208682393,46.44248137256554],[4.784842882890857,46.442547779780114],[4.784793409032348,46.44260070281092],[4.78469552916835,46.4426914005533],[4.784644313462847,46.44273489350785],[4.784601745419558,46.44276393036691],[4.784562100342184,46.4427827437595],[4.784512267597071,46.442820720843756],[4.784260294474849,46.44299245591212],[4.784190300557801,46.443043447526854],[4.784072668623175,46.443135804306436],[4.783863296012483,46.443299487321255],[4.783822383233685,46.443335343247625],[4.783742672747618,46.4434119758025],[4.783684701306679,46.44347205640063],[4.783634797952272,46.443531830826785],[4.783570824637129,46.44360362396828],[4.783514981358437,46.443661059242686],[4.783433538182509,46.44372456858107],[4.78338821255295,46.44375698056729],[4.783317512751417,46.44380636139788],[4.783173603417996,46.44388813910922],[4.783202704479533,46.44389750223791],[4.783260683877169,46.44390542369901],[4.783539101987696,46.44393665329353],[4.783761564914784,46.44396209106928],[4.783975995082243,46.44398891485214],[4.784094982680993,46.44400173738266],[4.784164656397778,46.444008665088184],[4.78422836610829,46.44401649654334],[4.784320458324703,46.44403163045488],[4.784642843796168,46.44410044969547],[4.784745914620132,46.4441285617598],[4.784887436339311,46.44416904272821],[4.785028268845608,46.44420836340182],[4.785143118912208,46.44424205541406],[4.785171460401092,46.444248097375294],[4.785214053473285,46.44425166484295],[4.785243177006429,46.444253731534644],[4.785263809804774,46.44425115729486]]],[[[4.786829989680864,46.44083746301265],[4.786872911377656,46.44084318633563],[4.786966193189681,46.440847040822995],[4.787110225259172,46.44085298327815],[4.787140412919205,46.44085179032703],[4.787430523396826,46.44083067736616],[4.787494089333265,46.4408262598303],[4.787602354877785,46.44081024424697],[4.787655183703668,46.44080419330949],[4.787703457262973,46.440802266756585],[4.787733038009445,46.44080243418261],[4.787787173501172,46.440808431965216],[4.787842535008686,46.44080810570402],[4.787949229105244,46.44081571245066],[4.788057121761905,46.44082411095271],[4.78828354267655,46.440851369245806],[4.788400366740391,46.44086593239489],[4.788417963118017,46.44076676113631],[4.788447147813916,46.44062363488771],[4.78847593664166,46.44047240862032],[4.788836700240778,46.44048432168153],[4.789021155802971,46.44049133983039],[4.789034735394727,46.440202095789914],[4.788997187989077,46.44020133295514],[4.78900146840999,46.44016100507274],[4.789037317037281,46.44016161438034],[4.789041205441533,46.44007355608358],[4.789374487733782,46.44008184481631],[4.789383222026587,46.43997470601467],[4.78916182442098,46.439969438145305],[4.789164161021001,46.43992148484398],[4.789164397132506,46.43989689231484],[4.789147208288447,46.439897161609636],[4.789146611435026,46.439886903097346],[4.789165632187879,46.439886875309156],[4.789166284396832,46.43987497598638],[4.789130424152368,46.439874006628244],[4.789138978922033,46.439729582105386],[4.789139412386847,46.439714984140245],[4.788836496389117,46.439710902686706],[4.788662889531913,46.439708848293314],[4.788624504697877,46.439710350181706],[4.788599952480856,46.43971253610091],[4.788562398269899,46.43972348220008],[4.788543716825664,46.4397338625051],[4.788527088946639,46.43974727298995],[4.788508968820073,46.43976683153186],[4.788493778802234,46.439784362664966],[4.788441012530565,46.439851930126025],[4.788409924828145,46.439889255176205],[4.788392631027242,46.439902225723664],[4.788379321757325,46.43990558656144],[4.788301808828576,46.4399097726654],[4.788114782049648,46.439915673505325],[4.787994256113401,46.43991530887832],[4.787873599960156,46.439914946162794],[4.787663418752561,46.43991400324183],[4.787442464785483,46.439914309375204],[4.787155726824733,46.439914924022794],[4.78672747709811,46.4399148698636],[4.786611579545357,46.44006385568128],[4.786588526306208,46.44009592059008],[4.786572584438071,46.44013030610303],[4.786557712648424,46.44017350162549],[4.786536792165982,46.440358290014046],[4.786529586910934,46.44051629351119],[4.786533510197714,46.440544603839435],[4.786564972966495,46.44065003266551],[4.786603127921087,46.44077283015516],[4.786609608371666,46.440779754147314],[4.786627245437056,46.44079316869915],[4.786653299710402,46.44080501046202],[4.786678990408405,46.4408137054958],[4.786829989680864,46.44083746301265]]],[[[4.787384681045414,46.44437596601189],[4.787421494649728,46.44437412890795],[4.787441739154126,46.44437561344997],[4.787479152293781,46.44438412486434],[4.787532269624894,46.44439473226712],[4.787636277156031,46.444403642423424],[4.787642595450921,46.444385709890966],[4.787852454403111,46.444404131526255],[4.788292272306078,46.44444200995694],[4.788366211381346,46.4442649476505],[4.788397667072218,46.444187085911224],[4.787740810398926,46.444126305362886],[4.787886249211232,46.44374537908738],[4.787998157708557,46.44375686727664],[4.78799608677592,46.44374933391139],[4.788029464381726,46.443535258013895],[4.788014106415726,46.443535768662585],[4.788024755894789,46.443196672674624],[4.788036818635933,46.44312740097322],[4.788043502600616,46.44309279993891],[4.788044558022083,46.44307729156391],[4.788199008286775,46.44308288949066],[4.788196605517605,46.44310499399398],[4.788242856028239,46.44310886333125],[4.788263334960304,46.443181138210996],[4.78836013992829,46.44318502652573],[4.788445689389258,46.44318737970732],[4.788569326919427,46.443191027790945],[4.78856778576718,46.443239418933175],[4.788595304864921,46.443240248925825],[4.788593085581094,46.443263971806246],[4.788566356681572,46.44326339964456],[4.788563363172845,46.44327542569036],[4.78855429371527,46.44331276618451],[4.788766142355278,46.44334430498668],[4.788806315663127,46.443242258165675],[4.788825389956324,46.44319215129421],[4.788828928706955,46.44317291118661],[4.788852538661188,46.4430783292882],[4.788872269298126,46.44294489837028],[4.788876141251692,46.44290799953141],[4.78888433660744,46.44284797532692],[4.788889327461694,46.44280943772011],[4.788891203899305,46.44271960960679],[4.788891227280485,46.442632872861495],[4.788890674295689,46.44256830210017],[4.788889354120425,46.44248032543301],[4.788885993630588,46.44237382652346],[4.788887498644979,46.44220906686786],[4.788885193136369,46.44205922827021],[4.788880715746756,46.441934552923456],[4.788870755262493,46.44135241322557],[4.788877810064871,46.44130132369518],[4.788891803583478,46.44123535416736],[4.788706981817518,46.44122518909389],[4.78873599069253,46.4411760975075],[4.788799698151611,46.44117996337647],[4.788909107420582,46.44106368190302],[4.788612387946272,46.44093881028784],[4.788580046759925,46.44092994963329],[4.788534573915395,46.440921925109265],[4.788446895589845,46.44090618511536],[4.788337059543339,46.44088619851719],[4.788287807415548,46.44087814300824],[4.788168101244605,46.44085912142514],[4.788114655106752,46.44085428392432],[4.788058267438922,46.440847150661774],[4.787988748128289,46.44084085344837],[4.787890470680041,46.440835636901475],[4.787803119530604,46.440833851979775],[4.787666846646256,46.44083409376423],[4.787576360874219,46.440836050562865],[4.787446725302907,46.440844024188145],[4.787271760531397,46.44085630983571],[4.787073714679765,46.44086400260649],[4.786962376338813,46.440861781778075],[4.786872421837346,46.440852110816586],[4.786790573480078,46.44084330371545],[4.786761534227772,46.440843758055344],[4.786736175975781,46.44084919865565],[4.786703755218245,46.44086177511794],[4.78668455454195,46.440876216329244],[4.78666418131286,46.440894638912866],[4.786637192931977,46.440937843860645],[4.786592200042061,46.44101213402766],[4.786544840997204,46.44113753025023],[4.786521731090517,46.44123156341436],[4.786500199067889,46.44132205920162],[4.786435243939215,46.44151492200795],[4.786388417348814,46.44163670705954],[4.786328196354064,46.44173141072674],[4.786295164619229,46.441789031055755],[4.786223683453368,46.44195371415751],[4.786180210601823,46.44204662461038],[4.786158202773837,46.44208677925328],[4.786152427531849,46.44213325504382],[4.786148270956973,46.4421615116071],[4.786140148731131,46.442188028814606],[4.786118210337369,46.442238270074405],[4.786088895062624,46.44229799385999],[4.785992963897947,46.442476029076424],[4.785952890898968,46.44254943138186],[4.785907040556384,46.44266129334591],[4.785857554270072,46.44278149847661],[4.7858275990729,46.44284159246309],[4.785777170464927,46.44292902722554],[4.785764569568182,46.44295804628746],[4.785711936650795,46.443077670059964],[4.785688646062024,46.44315828556044],[4.78563722001244,46.44335462906807],[4.7856006832708,46.44348039599437],[4.785584655842072,46.44354009200613],[4.785565008704307,46.44363650262033],[4.785546617461126,46.44376333685783],[4.785533454036132,46.4438468563206],[4.785533081758423,46.443935039521456],[4.78553160302113,46.44405710589718],[4.785544061132678,46.444127254878964],[4.785559604987619,46.44422401598781],[4.785558555137438,46.44425564655771],[4.785543095707799,46.44429686956398],[4.785497204130764,46.444411524075605],[4.785470374175508,46.44448354822743],[4.785459647061559,46.44452604826971],[4.785446304306291,46.44460011328576],[4.78543774827283,46.44466914968397],[4.785440411882831,46.444706756807705],[4.785449440390202,46.444735797960824],[4.785454915685762,46.44475579771068],[4.785463617290545,46.44477484633503],[4.785476249373319,46.44479455406343],[4.785483082561321,46.44480030171149],[4.785497694867912,46.444800883892064],[4.78554029797526,46.444892358249476],[4.785392873264412,46.445316725374646],[4.785387076701073,46.44534266573445],[4.784734369662433,46.44620194553117],[4.784814733771341,46.446228881237104],[4.785918913388392,46.44579532287544],[4.786412643479061,46.44558116371508],[4.786668856787826,46.4454552027533],[4.786735247008484,46.44542146917488],[4.78702272480397,46.44528339940371],[4.787578386623657,46.444987204029594],[4.787941321825008,46.44477814743667],[4.78776957460893,46.444757778342066],[4.787779052754888,46.44472493497688],[4.787393001233603,46.444677746636856],[4.787424659629774,46.44455430717764],[4.787205276820487,46.44452756731077],[4.787226202526097,46.444434468927355],[4.787304335893597,46.44439730874422],[4.787356372610468,46.444386857024625],[4.787384681045414,46.44437596601189]]],[[[4.788022643726894,46.43146387008891],[4.788172539869929,46.43178478057408],[4.788199452031299,46.431842813930466],[4.78828920628871,46.43203370571522],[4.78829847484124,46.43205418636963],[4.788409113113977,46.43204353670727],[4.788743229268789,46.43201119231154],[4.788939365864294,46.4319819995327],[4.789106147583441,46.43195939106753],[4.789283614377935,46.43193688512641],[4.789474237424019,46.4319103898222],[4.789528835954553,46.43190295910074],[4.789570284329245,46.431895734453214],[4.789578126149411,46.43189254920062],[4.789647810742794,46.43187641548413],[4.789767846685683,46.43186237471335],[4.789891175922684,46.43184945308937],[4.789972651786353,46.431839349104486],[4.790031452906361,46.43182104396649],[4.790114894711314,46.43179541717255],[4.790196054852824,46.43177171754027],[4.790276098937396,46.43175370970195],[4.790403283172242,46.431703438461874],[4.790475021212008,46.43168240830177],[4.790554665618457,46.43166413632435],[4.790712820873852,46.431628780876345],[4.790825858510338,46.43160395036878],[4.791074972476363,46.4315577105326],[4.791134530025248,46.43154659848102],[4.791235077331406,46.431518270657705],[4.791341314857635,46.431488682574845],[4.791455222151185,46.43145861378065],[4.791673747972192,46.431397270561504],[4.791769619229172,46.43137333895127],[4.791864768314757,46.43135121997541],[4.791912033673181,46.43133867916828],[4.79194919676154,46.431327918129476],[4.792119104045887,46.43127760492468],[4.792520850729024,46.43116285539512],[4.792738723294709,46.43109755730926],[4.792826920998512,46.43106608939422],[4.792916672197094,46.4310303637638],[4.792960105137702,46.43101617137741],[4.792493145481844,46.42927183731126],[4.792440349310721,46.42927059456232],[4.792159597696208,46.42925347511075],[4.79187153772078,46.42923592925209],[4.791706169544842,46.42922591468715],[4.791260497301854,46.42919651947867],[4.79100789763646,46.42917985623713],[4.7908995481112,46.42917272899589],[4.790671229499608,46.42915766567829],[4.790315763682117,46.429134237706855],[4.790168773947083,46.429124563231284],[4.790104019124059,46.42899299671095],[4.789927995721983,46.42903538674457],[4.78983791559415,46.429057064428186],[4.789778487410532,46.42907204679114],[4.789400565987768,46.4291622749453],[4.789238700075495,46.42920345125984],[4.789080008709479,46.42924610877313],[4.788949581213123,46.42928472045968],[4.788961495342332,46.42933028889634],[4.788976175619434,46.429380767792075],[4.788986750274067,46.42941726023314],[4.78899121212816,46.429450065548636],[4.788995966827288,46.42948385703568],[4.789005319497293,46.42955063184265],[4.788918874341933,46.42957594465938],[4.78883836787987,46.42959963319298],[4.788709865731372,46.429637403801415],[4.788584718957764,46.42967422101008],[4.78850137152833,46.42969867435708],[4.788410286098951,46.42972550057176],[4.788358422812555,46.429740814031085],[4.788305944783393,46.42974929184385],[4.788220090982376,46.429772793477134],[4.788065822875186,46.42982330634316],[4.788038795034438,46.429829313884404],[4.787974142990508,46.429843926745654],[4.787912334554508,46.42985786455861],[4.787833588519765,46.42987567031337],[4.787630452981218,46.42992163366761],[4.787599258810403,46.429927706332705],[4.787529748054026,46.42994113403984],[4.787492990855523,46.42994837459599],[4.787455961466751,46.42995525912499],[4.787401713419811,46.429965385468975],[4.787299003367436,46.42997536970354],[4.787258489167401,46.4299752833304],[4.787152708995722,46.42997504761701],[4.787111587507223,46.42998028477141],[4.787010119855581,46.42999241095634],[4.786932140837021,46.43000182765531],[4.786520306176998,46.430079066478456],[4.786522567888158,46.43009245137717],[4.786532917823944,46.43013804450705],[4.786557419095264,46.43019413442814],[4.786605409931365,46.430263457223724],[4.786649091953184,46.43025286611622],[4.786661836013733,46.43027608465114],[4.786740642486944,46.43025611711767],[4.786732930180291,46.43024335793016],[4.786849456057184,46.43021370309192],[4.786860723841675,46.43023559367317],[4.787000510948876,46.430200260575745],[4.787010675869058,46.430216313915544],[4.787122564603526,46.4301882625443],[4.78714023703836,46.43022275259151],[4.786860603234592,46.43029558154469],[4.786855087327684,46.43029818979903],[4.786825789262512,46.43030648430085],[4.786842391055385,46.43033612741753],[4.786852709723989,46.43035289891703],[4.786700860501535,46.43039382471705],[4.786964590406491,46.43076231318021],[4.787115796871859,46.43098025553717],[4.787211044353461,46.431144131491386],[4.78726830374981,46.431265729132726],[4.787411338096857,46.43159206202746],[4.788022643726894,46.43146387008891]]],[[[4.788013245837209,46.43524538548515],[4.788023845485646,46.43527467207916],[4.788093222602072,46.4353762644036],[4.788172205433502,46.435480768614426],[4.788194251727753,46.435509515668414],[4.788210667977459,46.4355254710157],[4.788261248797619,46.43557025383712],[4.788284690432783,46.43558591901669],[4.788305374546487,46.43559694378764],[4.788394320650326,46.43563175854414],[4.788495589053982,46.4356689021708],[4.788605374248744,46.43570753355182],[4.788630103788738,46.43571876510804],[4.78864153182268,46.43572561148854],[4.788649882462322,46.435729984138575],[4.788661819126792,46.43574042531084],[4.788668603500228,46.43575265849766],[4.788673339530151,46.43576996763399],[4.788682938142744,46.43584025125463],[4.788682804775384,46.435899788963795],[4.788672858835366,46.43592624490771],[4.788642829129778,46.435971929927064],[4.788618404272944,46.43601770728541],[4.788606117049125,46.43604825299987],[4.78857688875696,46.436126350290365],[4.788559219928437,46.436171571469195],[4.788531776929781,46.436240543812346],[4.788523733018565,46.43627336484894],[4.78851750613774,46.436305977287816],[4.78851608269178,46.43633410111222],[4.788518182089883,46.43637829211281],[4.7885217799566,46.4364125520531],[4.788525909193025,46.43643122173284],[4.788532590819045,46.436464172407746],[4.788567605391119,46.43660638336387],[4.788579577262407,46.436649699181075],[4.788588666762061,46.436664688406985],[4.788597627296124,46.4366677905437],[4.788618025735325,46.436670083044675],[4.78863700406756,46.436668795025355],[4.788692540003974,46.43665801754929],[4.78884882523504,46.4366287288699],[4.788905178149542,46.43661505628264],[4.789011716784474,46.43658636653778],[4.789162605106582,46.43654347148252],[4.789308372222877,46.43651524765096],[4.789405184926571,46.43649986000696],[4.78955463310835,46.436472659003094],[4.78961756113531,46.43646086453655],[4.789727430103037,46.43644635282787],[4.789872497421937,46.436428587243746],[4.789943009677987,46.436421627516886],[4.789976050593314,46.436420118844985],[4.790030454834158,46.43641854549174],[4.790100007434378,46.43642204871984],[4.79015652691351,46.43642935898346],[4.790261232461971,46.43644411007498],[4.790367156920037,46.43646424610391],[4.790428541226309,46.43647688410437],[4.790453373006441,46.436475323867114],[4.790479101768932,46.436469336176586],[4.790650076422236,46.436427205017],[4.790686192681961,46.436416190663685],[4.790726911618559,46.43639060300235],[4.790854714483544,46.43631519248655],[4.790869893668448,46.43630135400494],[4.790941679132048,46.43622997430425],[4.790981630050065,46.4361770175947],[4.791013196317516,46.43613851335907],[4.791052078603543,46.43608872580031],[4.791074698732657,46.436051532759485],[4.791115079619219,46.435928315372614],[4.791133609558498,46.43584588172537],[4.791141779569145,46.43575343276734],[4.791149466893834,46.43566612531597],[4.791150534018158,46.4356351248128],[4.791140245338561,46.435520087837],[4.791132671018345,46.43549570785251],[4.791108686914532,46.43543177472418],[4.791085071182085,46.43539494660789],[4.791042798806802,46.435333461975475],[4.790987171045336,46.435277861150205],[4.790951173948905,46.435240866922804],[4.790776628098947,46.43505887266631],[4.79064693355033,46.43492165972192],[4.790525107863673,46.43478999760371],[4.790419267165052,46.434676999234334],[4.790402939391656,46.434659781842036],[4.790374024129162,46.4346281706173],[4.790355794350443,46.434600625096316],[4.790297689329042,46.4344893100339],[4.790264358691866,46.43438265039846],[4.790244940620502,46.43421956952787],[4.790241346510715,46.43408218045975],[4.790238726469223,46.43405790288482],[4.790241968205902,46.43375954325584],[4.790232522954458,46.43367412570764],[4.790210163995654,46.43350874913051],[4.790114186613488,46.43316015527067],[4.788957283811533,46.43336743140285],[4.788794082712378,46.43293495461305],[4.78909015822597,46.432906357632525],[4.789065146027883,46.432830821304336],[4.789957456140641,46.43270677259356],[4.78994009919109,46.4326541741215],[4.789789295030832,46.432675452506594],[4.789598554021946,46.43270240048842],[4.789351535587596,46.43273725545281],[4.78926077523947,46.43275029659832],[4.789242213192157,46.432680783928575],[4.789229332115655,46.43268125597742],[4.788980472382854,46.43269173027223],[4.788577583911328,46.4327085798489],[4.788551046424424,46.43270971607746],[4.78848913249963,46.432712577306795],[4.788297252653204,46.4327286425857],[4.788251084222661,46.43273098688094],[4.788271175113899,46.43277165365303],[4.788296990652753,46.43282402981148],[4.788305360161915,46.43284092178336],[4.788308717994508,46.432847984649655],[4.788314013673911,46.43285852985915],[4.788290797677971,46.43287357470875],[4.788280469574243,46.432880401569165],[4.788260701178507,46.43289332083066],[4.788235703614723,46.43290965453628],[4.788223457858227,46.43291759225179],[4.788196978801434,46.4329244919001],[4.788152257167199,46.432927263840355],[4.788033402080469,46.43294164465276],[4.787969436610645,46.43294949151793],[4.787894594054042,46.43295138396426],[4.787803273829724,46.43276438938049],[4.787586206270469,46.43282281998891],[4.787556577244154,46.43276933248286],[4.78745737047114,46.43281087615843],[4.78724738976948,46.43286694345046],[4.787249924990599,46.43287275825509],[4.78722154291171,46.432881218635444],[4.787167646633844,46.43289422152035],[4.78715595447216,46.43289917817688],[4.787146942977573,46.43290643467085],[4.787134926954966,46.43292139405484],[4.787054029777547,46.43303677760039],[4.786977923466062,46.4331274071971],[4.787037782805905,46.43311350046219],[4.786937873409708,46.43324503360338],[4.786828634304126,46.433477589923974],[4.786794659260524,46.43361367541492],[4.786830214511651,46.43378055730978],[4.786905614935458,46.4339946423061],[4.786965880193135,46.43411646325228],[4.787314696780523,46.43452072786786],[4.787622126486012,46.43488627923281],[4.787644141267408,46.43490214701319],[4.78784868123013,46.435073498484975],[4.788013245837209,46.43524538548515]]],[[[4.788491482064903,46.43967451450383],[4.788522551907088,46.439664480602424],[4.788511219141084,46.439644662779],[4.788507586938563,46.43962526476821],[4.788512164782434,46.439601955281354],[4.788637354681481,46.43959756271626],[4.788682649830785,46.439596222794634],[4.788760316105848,46.43959275457441],[4.788778807033995,46.43959246494102],[4.788842684964111,46.43958966298405],[4.788945353033812,46.43958580300226],[4.78903109277907,46.43958220812557],[4.78906844167145,46.43958090246609],[4.789258557011901,46.43957387082595],[4.789277367965381,46.43944027400311],[4.789247305447732,46.43944128543355],[4.78921985021389,46.43934696302257],[4.789214583239231,46.43930552374162],[4.789199753997909,46.43923469164975],[4.789123758085453,46.438855881235654],[4.789733224797119,46.43881624813365],[4.789746550494742,46.43871804421237],[4.789769685603898,46.438561411900785],[4.789781485986253,46.43847629188178],[4.789799087956689,46.43841314784005],[4.789808895990055,46.438299056818906],[4.789813571833712,46.43819135106271],[4.789797080172717,46.438141351026744],[4.789790581919139,46.43813388707622],[4.78977883376904,46.43812524443983],[4.789768109296463,46.43812000838104],[4.789756567788027,46.43811766733481],[4.78974472419518,46.43811803309227],[4.789721528015444,46.43812181925474],[4.789556672628853,46.43817195923594],[4.78926640822306,46.43825946110452],[4.789109598758227,46.43830866373948],[4.788925960631692,46.438370085473224],[4.78875359635283,46.4384137668628],[4.788546782543153,46.438471678023205],[4.788309675578936,46.43858320388379],[4.788027300226471,46.438692916093785],[4.788023577965688,46.43868666954696],[4.787963282862647,46.43870733868978],[4.787892300244503,46.43873583098674],[4.787840684798535,46.438758976172906],[4.787775883174032,46.43879718914365],[4.787664546736865,46.43886252074748],[4.787573388654369,46.43894329844848],[4.787457456708544,46.43904734135124],[4.787380551036883,46.439149602418496],[4.787244712908764,46.43932213883119],[4.787188153463508,46.43939724078623],[4.787056637826915,46.4395705199242],[4.787014823253375,46.43961449740566],[4.786875775332229,46.43976069336571],[4.786816337011388,46.43982350072065],[4.786773850328058,46.43986685813983],[4.786774666458752,46.43987188922979],[4.786782606297613,46.439875637966196],[4.787218799047272,46.43987556760684],[4.78773051853593,46.43987431328416],[4.788135139409857,46.43987293227935],[4.788328599406504,46.43987251493741],[4.788347342019576,46.43987195122727],[4.788360390846305,46.43986859447162],[4.788374073924662,46.43985676130034],[4.788392404420057,46.439835668314664],[4.788458434888225,46.43974348446224],[4.788460839506532,46.43972939604651],[4.788466101341298,46.43970310357481],[4.788467105583207,46.43969399088264],[4.788470334908267,46.43968916665373],[4.788477228459318,46.43968086241905],[4.788491482064903,46.43967451450383]]],[[[4.789130790085047,46.43713085965512],[4.789135520479372,46.437147988723126],[4.789144107780199,46.43718739447757],[4.789002235265729,46.43719538159582],[4.788995022413135,46.437174058170406],[4.788906538237959,46.43719715097834],[4.788869605406802,46.43722700196726],[4.788836845227344,46.43725696771778],[4.788806479387058,46.43728446408901],[4.788836945895783,46.437315691129875],[4.788839963195784,46.437328253524626],[4.78884107843876,46.43736228213689],[4.788840280216758,46.43741345383305],[4.788672977256414,46.437420667994886],[4.788648695511108,46.4377650218077],[4.788640937992913,46.43794573163607],[4.788632113507724,46.43799847014105],[4.788601372317562,46.438129821865054],[4.788576556737556,46.438223341864294],[4.788570714825155,46.43825180509087],[4.788569496151054,46.43827425135434],[4.788596319186856,46.4383135516652],[4.788617947527266,46.43833347843252],[4.788637256438018,46.438346236006005],[4.788686898706903,46.438366264396294],[4.788717184860404,46.43837209484397],[4.78874655696837,46.43837388649671],[4.788783476441705,46.43836745371145],[4.788845759091095,46.43835179685311],[4.7890793853101,46.43828517873379],[4.789415495909987,46.43818137702757],[4.789620778274172,46.43811655294608],[4.78973798425038,46.438063466832446],[4.789756993876964,46.438047226687495],[4.789800484040943,46.43799088242144],[4.789908946315224,46.437842009657054],[4.789961183641286,46.43775445440598],[4.789982071412136,46.437712064763765],[4.790037428768781,46.43757267087531],[4.790120346097696,46.43739969952179],[4.79014340058236,46.43734790869868],[4.790185205976393,46.437172699546956],[4.790196002673707,46.437120560455206],[4.790201278778384,46.437086791922184],[4.790215763016223,46.43695245205283],[4.790227513635911,46.43684598636756],[4.790233048042656,46.43676051415001],[4.79023961055281,46.43673816421402],[4.79025894138674,46.436692016013716],[4.790282406159958,46.43664877527752],[4.79033259582294,46.43653459147725],[4.790336840191723,46.43652497761409],[4.79033519995203,46.43649483019797],[4.790271588183861,46.43646988760888],[4.790199556502363,46.436454354096234],[4.790166252798538,46.43644785080701],[4.790126825966672,46.43644531646561],[4.790069749592686,46.4364448601643],[4.789966442676636,46.436444948366535],[4.789874401418206,46.436450894522174],[4.789792723501723,46.43645901996985],[4.789659475363631,46.43647966256565],[4.78953100949189,46.43649914923272],[4.789458777434702,46.43650928806884],[4.789349183086821,46.43652820859491],[4.78928092809786,46.436540446655194],[4.78914248440383,46.43657747254243],[4.788918247426322,46.43663619789997],[4.789109393444653,46.43704247690702],[4.789130790085047,46.43713085965512]]],[[[4.790770678961971,46.437919199108855],[4.790760518814475,46.43783586443215],[4.790575521614518,46.437827957028965],[4.790241658522376,46.43781346635283],[4.790121886319407,46.4378081384306],[4.790092307188131,46.43780797162314],[4.790072689236438,46.437809630180865],[4.790053497045173,46.437816325926725],[4.790031889530086,46.4378288239474],[4.790018873149018,46.43784109722913],[4.78997977812093,46.437896381933726],[4.789921918189899,46.437979341730106],[4.789899067246504,46.438033381031296],[4.78990144534688,46.43823302676925],[4.789987135979979,46.4382240277685],[4.790349375232731,46.43821384578612],[4.790444923110052,46.438211447077435],[4.790471753713058,46.43845745527263],[4.790406986639365,46.43845693954945],[4.790270329055001,46.4384571905647],[4.790217369036648,46.438431360377024],[4.790170635464289,46.43840867504365],[4.790149653145292,46.43840846354969],[4.790019133186989,46.438413121503714],[4.790014388268694,46.438463094114475],[4.790010025441051,46.43850882749163],[4.78999719439291,46.43864593351534],[4.790031198043124,46.438649903968454],[4.790061620003688,46.438663838146624],[4.790095203497907,46.43866691447678],[4.790202395978658,46.4386858599444],[4.790257171569372,46.43869553932498],[4.790254139145659,46.43876196773046],[4.790249889305525,46.43884291633193],[4.790424884781877,46.43883972249684],[4.790426079373233,46.438895996905956],[4.790431571271984,46.439075328289725],[4.79053654081313,46.4390701698111],[4.790516077772536,46.43887531108189],[4.790909336038967,46.43886932462765],[4.790908623185005,46.43895877435678],[4.790937643039256,46.439112607502395],[4.790927947513695,46.43926182379805],[4.790804111204964,46.439263765799],[4.790801818605501,46.43934081076664],[4.79031642310606,46.4393381535549],[4.790204842935227,46.43940394182602],[4.790166154402791,46.43951137014896],[4.790127376748454,46.43950486256165],[4.79012603293392,46.43950758569668],[4.789900144404105,46.439468613809105],[4.789914717495007,46.4394243416561],[4.789742146373676,46.439398224261],[4.789742382531794,46.439405426079595],[4.789694344991126,46.43950192226028],[4.789669522544295,46.439551488936665],[4.789664920647908,46.43955021002001],[4.789657227603783,46.43956591251608],[4.789669450021371,46.43956914359567],[4.789668363330275,46.43957573566208],[4.78969943089916,46.439589479685836],[4.789772132424415,46.439605453416114],[4.789850643607826,46.43961980487319],[4.790005483786024,46.439625664305716],[4.79007058975053,46.439624553724045],[4.790241864564974,46.43958331934053],[4.790240651560285,46.43957811435373],[4.790363655853169,46.43955078655837],[4.790550677677081,46.43950903462189],[4.790566354529403,46.43950239392069],[4.790697508680489,46.439433596295515],[4.790757070018353,46.439406452244484],[4.790801241528422,46.43938675501832],[4.790935696820559,46.43933519859622],[4.791027104979872,46.43930584364353],[4.791106032429334,46.43928524092353],[4.791509877903644,46.43919685335862],[4.791752618911595,46.43914593894846],[4.791985098964435,46.43909599565028],[4.792344389346193,46.439023615974],[4.792605101595206,46.43897250773488],[4.792792767738031,46.43893461492198],[4.793262801982841,46.43884256995047],[4.793337723696333,46.43882698236596],[4.793394986308145,46.43881320323117],[4.793557635314296,46.43876336254998],[4.793756321373098,46.438692149622305],[4.7938092955395,46.438674744802704],[4.794002541454493,46.43861244366255],[4.794181291604993,46.43855703505045],[4.794122986873655,46.43789702383163],[4.793890771643142,46.43790724695765],[4.793861326777493,46.437760536551025],[4.793826576021535,46.43759904807744],[4.793715095892105,46.43761611095019],[4.793536129776584,46.43764107891148],[4.793480993368485,46.4376481596319],[4.793394650127183,46.437661044498796],[4.793280684003905,46.43766985962656],[4.793056906726413,46.43768310098232],[4.793000269946453,46.43768417039732],[4.792919410770139,46.43767760393908],[4.792849024841804,46.43767258430904],[4.792610688209652,46.43765506959877],[4.79249569826719,46.437656514347665],[4.792428002263392,46.43765802727963],[4.792269917698534,46.43766032835056],[4.792230883338826,46.437661841669716],[4.791805276297662,46.43772589453066],[4.791642260174647,46.43774862771803],[4.791458510238852,46.43777474828477],[4.791373279149032,46.43778581278446],[4.791277201902781,46.43779587645588],[4.791169109305822,46.43780901071798],[4.791226729743464,46.43815946630187],[4.790957781857479,46.43819773066002],[4.790805155811837,46.438199673864084],[4.790792782680226,46.43810448478227],[4.790770678961971,46.437919199108855]]],[[[4.790737220409226,46.43645862362366],[4.790702465823823,46.43646349194372],[4.790654157285565,46.43647217555515],[4.790588554117075,46.436485813924534],[4.790523400335413,46.436505209628955],[4.790473220705993,46.4365243705114],[4.790460915403877,46.43653050800744],[4.790446997093678,46.43653910265713],[4.790434037219744,46.43655308642088],[4.790408572765971,46.436586991362546],[4.790384149965808,46.43662087996624],[4.790355553628633,46.436666542974464],[4.790346203596503,46.436687315378684],[4.790331895535868,46.43672374745967],[4.790312200757495,46.43681043244967],[4.79030201481909,46.436849411901605],[4.790267258053021,46.437080623623416],[4.79027739094809,46.437079744213314],[4.790786547347421,46.4370885136345],[4.79078160952547,46.43725170612479],[4.79077537125993,46.43752615427942],[4.790143676978659,46.43752714174216],[4.790118035874547,46.43757951352463],[4.79009738588694,46.43764901024545],[4.790086785990085,46.43767934953076],[4.790078893070319,46.43772072487186],[4.790077187263706,46.43773624348407],[4.790093788700758,46.43774589083957],[4.790113912113067,46.43775170008367],[4.790142070375811,46.43775621247212],[4.790387376452776,46.43776776857226],[4.790764002467243,46.437783209481346],[4.790823184336616,46.43778426292249],[4.791016720098057,46.437778435579766],[4.791116428103911,46.43777579091217],[4.791170555737363,46.43776971792255],[4.791275786736326,46.4377527555754],[4.791362192881218,46.437737799745456],[4.791455396659816,46.43772354783251],[4.791794305280226,46.437673466334445],[4.79195413984716,46.43764907153782],[4.791959587615176,46.43752135816736],[4.791971696192983,46.437271136388496],[4.792494580531732,46.43726941492719],[4.792498502562437,46.437603059357976],[4.792562229896003,46.43760368026988],[4.792647667188526,46.437606842554565],[4.792740464421756,46.437611960822004],[4.792911620088635,46.43762287417281],[4.792957363276995,46.437623326875915],[4.793146278596901,46.437619640046044],[4.793199085895652,46.43761700944764],[4.793248220608671,46.43761362587467],[4.793381410801388,46.43760306776857],[4.793612512280424,46.43757881236915],[4.793680785302322,46.43757107490024],[4.793961115921555,46.437526500529415],[4.794177926015585,46.4374876070803],[4.794236181358132,46.437476333834155],[4.794370341668673,46.43744378245302],[4.794373505235646,46.43744094059972],[4.794281800160518,46.43737789204304],[4.794172495966455,46.43730260031549],[4.794075266215314,46.43724189012848],[4.794027259335259,46.43725975747591],[4.793957989364614,46.43728075098365],[4.793922749307113,46.437270856568034],[4.793913613943416,46.437242628301306],[4.793737750766622,46.43724701209426],[4.793697364200725,46.43725890510977],[4.793671448998585,46.43726318513928],[4.793589421312737,46.43726465366955],[4.793568890307326,46.436960992834976],[4.793613706774536,46.436953083392986],[4.793402639356054,46.4368217450364],[4.793299835983308,46.436757879256604],[4.793038494736998,46.43659517506454],[4.79291501874236,46.43651668207202],[4.792801563152504,46.43644577757695],[4.792596429925396,46.43632046931573],[4.792480729072819,46.43624860899873],[4.792225106985814,46.436089325930574],[4.792019822567865,46.43596329848888],[4.791829394356435,46.43584532393362],[4.79174925317714,46.43586054214501],[4.791589254544659,46.43589565753818],[4.791500528502578,46.43590731743028],[4.79140147138837,46.43592175132716],[4.791367696619508,46.43592867607424],[4.791320933010391,46.43594472140653],[4.791226062036872,46.43597953516299],[4.791186072171681,46.435995564253865],[4.791162725424022,46.436010611722615],[4.791152293235869,46.43602221412965],[4.791123941239041,46.436055443984095],[4.791053107418676,46.43615581112445],[4.791001750828462,46.4362184940701],[4.790927327304406,46.43631270265839],[4.790902923409543,46.43633524238235],[4.790815178534098,46.43640065757183],[4.790798661509914,46.436417399235694],[4.790788672960939,46.43643061589227],[4.790890779891781,46.43645351337715],[4.790890628758603,46.436456848302825],[4.790889471387895,46.43646127983813],[4.790851009399978,46.43645638881867],[4.790788428735506,46.43645493836939],[4.790737220409226,46.43645862362366]]],[[[4.79117036473667,46.43546926677644],[4.791192535329325,46.435525572467164],[4.791199109149676,46.43555519214889],[4.791202169413814,46.43560080917215],[4.791200931462538,46.43567027185526],[4.791186685645853,46.43582370282446],[4.791176194668021,46.43593276090255],[4.7913855814647,46.43589407918501],[4.791577268237264,46.43585990802692],[4.791780188727481,46.43581475198371],[4.791681191791272,46.43575163569175],[4.791528444262617,46.43565837884593],[4.791364893363011,46.43555745526959],[4.791196170878473,46.43544580429808],[4.791187707370026,46.43544593705634],[4.791175115388509,46.435451268510455],[4.791168009858866,46.4354570543187],[4.79116720475198,46.435460309434525],[4.79117036473667,46.43546926677644]]],[[[4.792636318632911,46.44909397277678],[4.792822720186993,46.449163282407774],[4.792912271097185,46.449211774952225],[4.793020812446361,46.449310768203716],[4.793120891628619,46.44954085444893],[4.793183294307144,46.449865564085854],[4.793203977166416,46.44996359466272],[4.793136289582373,46.44996582819165],[4.793143570489192,46.4500049839472],[4.793182576057011,46.45010542894755],[4.793195690999407,46.450159534622834],[4.793275583567304,46.450453346180666],[4.793279431426818,46.450625947916656],[4.793266289343025,46.45074549557928],[4.793275998493039,46.45074354176954],[4.793283635568313,46.45074198076598],[4.793968057199551,46.45070709492006],[4.794213869307606,46.450692605830035],[4.794408909799506,46.450683597414205],[4.794706147372966,46.450671631921786],[4.794693751058833,46.450746403801965],[4.794690424300313,46.45079977690139],[4.794927652264012,46.4507778553606],[4.795263143183143,46.450744301223814],[4.795113637879124,46.45036683003295],[4.795117475566947,46.45026562224972],[4.795139416557754,46.45013638870135],[4.795147283496679,46.45007844077135],[4.795199734532653,46.450005200951125],[4.795221943385787,46.44997918223317],[4.795239501996624,46.44995440749625],[4.795269684776541,46.449905385915365],[4.795361834273818,46.449763429882985],[4.79536983826141,46.449765105453366],[4.795409873868824,46.449670984527636],[4.795456354384974,46.44948759396098],[4.795463765177854,46.44943559772134],[4.795483516629308,46.4492636157111],[4.795495224429247,46.44917192155499],[4.795504715144648,46.44908017217888],[4.79551623276736,46.44895893836982],[4.79553675141106,46.44882612429451],[4.795515407881835,46.44860516023953],[4.795509773695015,46.44854481249689],[4.795442990334045,46.448526947816724],[4.795427607173284,46.4485188132111],[4.795409189858214,46.448501629326934],[4.795402118297856,46.448492643514605],[4.795405589833162,46.44846745968926],[4.795408741732738,46.44844444254453],[4.795409860405919,46.44843487764398],[4.795431506167287,46.44826899052962],[4.795438813153666,46.44821384349557],[4.795444110280179,46.448157016742954],[4.795447705837366,46.448119761715624],[4.795451374510717,46.44804116385607],[4.795455410106743,46.447957876637986],[4.795456057910061,46.44793796119984],[4.795456125610496,46.447920216537305],[4.795459341347496,46.447839734345095],[4.795460758638798,46.44781548349697],[4.795480573524412,46.44772861567231],[4.79549204857709,46.44770114436799],[4.7954910709737,46.4476635108809],[4.795490111056119,46.44762245449238],[4.795489672607919,46.44760516813063],[4.795485986956695,46.44758027694732],[4.795475477711641,46.44751036844525],[4.795471931195268,46.44748574528122],[4.795467131220637,46.447395301357346],[4.795469479857304,46.447324109899085],[4.795478563280009,46.44729919812256],[4.795504970764083,46.44726221496288],[4.79551523220624,46.44723746480201],[4.795517708847625,46.447201848598006],[4.795521419360752,46.44714828925783],[4.795526354942112,46.44708047974984],[4.795532778105695,46.44682818545513],[4.795557113924542,46.44655795601298],[4.795498145132131,46.44591813181258],[4.795481947280782,46.445706994375506],[4.795346525127319,46.44563445596065],[4.795093460756955,46.44564167618515],[4.794707974149722,46.44566754948441],[4.793711875477156,46.44574012124272],[4.793136239136398,46.44578059426773],[4.792424095115037,46.445893910923765],[4.791852196891568,46.44601258869865],[4.791901020190573,46.44613044353602],[4.791909752785182,46.44617417011269],[4.791917073171927,46.44622647539613],[4.791921091498534,46.44632107482688],[4.791897440249135,46.446636507097445],[4.79192221485665,46.44696640125177],[4.791992352681191,46.44724127209517],[4.79202609494126,46.44739980444871],[4.792121753985128,46.44783279612717],[4.792153735288867,46.44815591202265],[4.792155214590136,46.44817318204747],[4.792172248010139,46.4483545838261],[4.792194971340557,46.44859417091895],[4.792243647551257,46.449084372876506],[4.792310359009618,46.44911593102521],[4.792461968754432,46.449082117837804],[4.792636318632911,46.44909397277678]]],[[[4.801938976121598,46.45098009243365],[4.801860921432651,46.45115380618671],[4.802779630003966,46.45146157749457],[4.802858250890242,46.45147862065114],[4.803369460262561,46.4515492713063],[4.803797041594229,46.45158935585656],[4.803844010881305,46.451441260919914],[4.803878091907578,46.45132903689751],[4.803921997190407,46.45119864386763],[4.803984326055446,46.45101851185038],[4.803996736488045,46.45094454916559],[4.804013747250444,46.450856012678955],[4.80405292336804,46.450669310942864],[4.80409030331026,46.45048741122197],[4.804100023730459,46.45041880508711],[4.804109196243203,46.450365159094595],[4.804118490051881,46.450311240977115],[4.804144826087131,46.450181575668324],[4.804159665354375,46.450102260501794],[4.804227456036473,46.44972479040692],[4.804232885405499,46.449695882490786],[4.804328718204129,46.44918917032289],[4.804341547857688,46.44901756588474],[4.804326232920614,46.44888936907565],[4.804315940630297,46.448806667958486],[4.804134327842521,46.44828353237164],[4.804029842678621,46.44797669555769],[4.803661395902736,46.44819129498812],[4.803520165361796,46.44823135421749],[4.80342845808524,46.44825585998245],[4.803302281208174,46.44832954727611],[4.803186815213458,46.44841585515864],[4.803048940153537,46.4485653849825],[4.802486697956946,46.44917384979727],[4.8026931918695,46.44923562091044],[4.802682041222937,46.44925309018288],[4.802538114575475,46.4494759410765],[4.80256676119979,46.44958969672521],[4.802523391571062,46.44969296995788],[4.802471786815862,46.4498151975846],[4.802449584447165,46.44986103288583],[4.802425471222258,46.44991608539188],[4.802391374466638,46.44999633466218],[4.802355082055695,46.450021946575745],[4.802321699131621,46.450186939650685],[4.802233405169681,46.450362256389546],[4.802217173995884,46.45039556787424],[4.802190378708955,46.45045228388168],[4.802173064484898,46.45048831452205],[4.802158363453676,46.45052061109352],[4.80213840566823,46.450555512537534],[4.802046533194984,46.4507408832395],[4.801989356167324,46.45086806224157],[4.801987517884403,46.45086764089661],[4.801936744129141,46.45097958722969],[4.801938976121598,46.45098009243365]]],[[[4.803302558672881,46.445975943540816],[4.803266592944889,46.44642145351189],[4.803214237294287,46.447045289087995],[4.803214765360461,46.447088874263386],[4.803213594185323,46.44769226656631],[4.803214006203221,46.448039927287375],[4.803214654997722,46.448260676716366],[4.803362280414882,46.44817359083387],[4.803590840462211,46.448110626275316],[4.803750144577702,46.448022094486454],[4.803806925511615,46.4479895834662],[4.803862901541226,46.44792484033875],[4.803942265636057,46.44773588257364],[4.803950644701167,46.44766612670277],[4.803982679949959,46.44751574549068],[4.804101397207347,46.44705884044559],[4.804112745884482,46.447011915236914],[4.804222938152569,46.44635239871646],[4.804235690089482,46.446178453636435],[4.804222239051042,46.446023837030296],[4.804148905209605,46.4455437552858],[4.803767684147147,46.445560584928536],[4.803340000905578,46.445602735825005],[4.803302558672881,46.445975943540816]]],[[[4.804251530233988,46.45021249527154],[4.804928767605544,46.45030744680164],[4.805052626418505,46.450325124617436],[4.805259298317599,46.45035266206896],[4.805329716056621,46.450369923233],[4.805554997063604,46.45042031382611],[4.805665377094644,46.4504283864992],[4.805757214983056,46.45043531109553],[4.806091465881784,46.45047082775256],[4.806244537775902,46.450485250216374],[4.806321177254236,46.450391266904425],[4.806432287420134,46.4502481910404],[4.806490247861181,46.45019224204142],[4.806561074764544,46.45011951676299],[4.806700092460903,46.44996924401815],[4.806871329721361,46.44981999258612],[4.806905518130125,46.44979387206974],[4.806924409791423,46.4497583561168],[4.807004535549972,46.44962018319069],[4.807020719780038,46.44958948372453],[4.807099922123477,46.449592644073086],[4.807114701027282,46.449590338658304],[4.807124926526787,46.449584322372004],[4.807137580018207,46.449568990531525],[4.807153066187985,46.44954082402999],[4.80717260260895,46.449453958322614],[4.807196081105477,46.449289390490044],[4.807186874775828,46.44922387562352],[4.807184425102432,46.44915384045552],[4.807181599901908,46.44899770496167],[4.80717650424447,46.44889105344373],[4.807179445846457,46.44883822628051],[4.807169965868312,46.44872903211888],[4.807157741615266,46.448643209329425],[4.807150608085987,46.44859306351414],[4.807134903598815,46.448484778454684],[4.807110155189963,46.44830800365689],[4.807100038394666,46.44824646623309],[4.807095647782139,46.44820438325499],[4.807088741315264,46.448137480947004],[4.807062601013677,46.44798162424043],[4.807029201120952,46.447728517435294],[4.807021565718983,46.447568765171596],[4.806963481316146,46.44757364716593],[4.806670114708887,46.44762719566113],[4.806402931009888,46.447680509435585],[4.806041708288432,46.44767208095094],[4.805776307750736,46.44766510868924],[4.805432434836825,46.447649378572045],[4.805174530586127,46.44767993538055],[4.804830099881078,46.447718253831745],[4.804481219807733,46.44775601104644],[4.804232846791203,46.44784234813831],[4.804121891367227,46.44787976822544],[4.804133159132173,46.44792498514725],[4.804159750759253,46.44800409626131],[4.804205004005952,46.4481431689165],[4.804244006113852,46.448136518182736],[4.804328320604675,46.448475648043825],[4.80437336020991,46.448655525379934],[4.804410335752859,46.44881220215804],[4.804422143502263,46.448861913983414],[4.804429001372704,46.448939265195214],[4.804430381801794,46.44899283458853],[4.804430200860871,46.44903859262362],[4.804414809197096,46.44916817521339],[4.804396765151845,46.44924907223934],[4.804349651603138,46.44947940299951],[4.804312922900476,46.449669128593975],[4.804274459931105,46.44984582152387],[4.804255588549058,46.44993717961157],[4.804237221657758,46.45003591540147],[4.804219845411846,46.45011337920089],[4.804201714350906,46.450207427655734],[4.804251530233988,46.45021249527154]]],[[[4.804283451067971,46.44529384922981],[4.80431213610647,46.445463897237275],[4.804329273053908,46.445462005259685],[4.804302710971861,46.44549016622929],[4.804338496847903,46.44574098427082],[4.804380904760115,46.446010792367744],[4.804385078659975,46.44609368023826],[4.804391203430717,46.44632226938623],[4.804345663106442,46.44662769321046],[4.804285068246737,46.44701378667418],[4.804239049009278,46.44731264291418],[4.804193497661664,46.44756654716285],[4.804147321491678,46.44782127186961],[4.804301868197475,46.4477701931698],[4.804413024950926,46.44773493138343],[4.80448200499659,46.44771276539449],[4.804512411891601,46.44771021340473],[4.80484853145321,46.44767274780149],[4.805313212297576,46.44762199055966],[4.805400146013765,46.44761079888992],[4.805460010039782,46.44760850157159],[4.805693026101741,46.447617337587644],[4.805969713116417,46.44762674358921],[4.80623270455359,46.44763573502181],[4.806383944692974,46.44763442401748],[4.806463913105554,46.44762145023887],[4.806883109347101,46.4475429440568],[4.806972880060599,46.44752693262737],[4.807247517273447,46.44750592452284],[4.80745645871457,46.44748424408652],[4.807521601592706,46.44747609770843],[4.807539480751267,46.4474690595594],[4.807737526094437,46.447397742689674],[4.807896243739012,46.447342900192695],[4.808316365914906,46.447198082967525],[4.808491907400454,46.44712405868799],[4.80861939188754,46.447062594223326],[4.808841158263428,46.4469482969382],[4.808926450235472,46.44690335253409],[4.808998324093329,46.446866366556776],[4.809246248841321,46.446743277686046],[4.809368791551836,46.44663892752864],[4.809459076724752,46.44657561951785],[4.809562183166584,46.44650994663083],[4.809693321263346,46.446409422975215],[4.809766834722365,46.44635511718488],[4.809927563364961,46.446270697139255],[4.810064379896497,46.44619998609947],[4.810214481820062,46.4461055562008],[4.810357829575397,46.44602357266772],[4.810509915576854,46.44594577376097],[4.810669903506226,46.4458469532578],[4.810543570444954,46.44578194434483],[4.810439373959033,46.4457361294692],[4.810267611046004,46.44566067177315],[4.809921052516151,46.445508632783095],[4.809865652721539,46.44548438132242],[4.809813047535517,46.44546188694052],[4.809729653773185,46.445426460051884],[4.809627886386667,46.445383127909],[4.809322854611436,46.4452533968749],[4.809274482906351,46.445232816712],[4.809021229470296,46.44513991365274],[4.808863468055057,46.44508972176858],[4.808828148462014,46.44506587234161],[4.808508546215029,46.444901332946635],[4.80833343136434,46.44481106404226],[4.808261052385419,46.444773750388265],[4.808198619668613,46.44474168338289],[4.808143928228197,46.44471516815894],[4.808117350496283,46.44470739261249],[4.808085845939065,46.44470428859727],[4.808097286288227,46.44473103823241],[4.808107394529054,46.444756908261645],[4.808034580384346,46.44475364758937],[4.807992975572636,46.44475637781476],[4.807918905839609,46.444774213183806],[4.80782276166807,46.444790416394014],[4.807805491802288,46.444804020025984],[4.807798575667752,46.44481944129616],[4.807794008604605,46.44484284155899],[4.807798421299839,46.444901316815695],[4.807813814009048,46.44498051437043],[4.807837814895247,46.445052099905254],[4.807900651162642,46.44521827404125],[4.807997771365254,46.44546748981752],[4.808035606070045,46.445559392139565],[4.808069610575408,46.44569693019467],[4.807923563218801,46.44571716595714],[4.807337262446779,46.44577373173463],[4.807304817772184,46.44577766778273],[4.807175922710426,46.44580042331069],[4.807162641857612,46.445812522607945],[4.807156189126018,46.44579866395737],[4.807139834860513,46.44578090885412],[4.807183163494275,46.44576725328404],[4.807243058376661,46.44575414618561],[4.807281070215361,46.44574913129778],[4.807417672513803,46.445738773323136],[4.807536985776082,46.44572571651507],[4.80778776440036,46.445708507182545],[4.807899834246362,46.44569313277076],[4.807942318592505,46.445689397905085],[4.807962415023829,46.44568637770126],[4.807986942309691,46.44567157833313],[4.807998236665492,46.44565851961978],[4.808009756680169,46.44563654046378],[4.808008644229983,46.44560296219337],[4.807995953119123,46.44555812840393],[4.807936770581988,46.445400002725506],[4.807885885340552,46.44525633691838],[4.807867864893168,46.44521582073624],[4.807827701542317,46.44510080738916],[4.807815187621921,46.44506524792269],[4.807763080154566,46.444943668410104],[4.807739489788409,46.4449159401552],[4.807755996318307,46.444879290852946],[4.807756528286174,46.44485208147716],[4.807744429169362,46.444781838722385],[4.807739108735231,46.444762828224604],[4.807681463650916,46.44461566655058],[4.807083248194803,46.444603246518696],[4.8069832331878,46.44460879201438],[4.806974349379106,46.444576597665446],[4.806741684304884,46.44455830162494],[4.806566108232748,46.44454450625598],[4.806532567873814,46.44454287512723],[4.806433517278838,46.44454606308444],[4.806354558565004,46.4445539770655],[4.80622948857669,46.44457018607788],[4.806172186551287,46.44457892833029],[4.806090006509817,46.444595809936445],[4.805561874286019,46.444704948077195],[4.805539514368983,46.44471043551811],[4.805508391061052,46.44450223689278],[4.805145915771273,46.444518324564385],[4.805066917420763,46.44452110432814],[4.804983058907249,46.44452269987735],[4.804905190921153,46.44452420069411],[4.804796201183804,46.44452628333238],[4.804761696459843,46.444527008726254],[4.804672311034371,46.444538779147315],[4.804610508813771,46.44454146700902],[4.804471558164177,46.44454771558255],[4.804217328699931,46.44455893757682],[4.804218543281012,46.4447927382918],[4.804220574896812,46.44491330898684],[4.804246914756174,46.44506366888615],[4.804283451067971,46.44529384922981]]],[[[4.805232650404301,46.433275030895025],[4.805543752374869,46.433393687413414],[4.805661696684698,46.43344244143715],[4.805751839203989,46.433473801245704],[4.805933406576895,46.43353983294424],[4.806055922251491,46.43356923939833],[4.806161762688918,46.433582877115796],[4.806213026469162,46.43359278450285],[4.806337201051252,46.43362900970091],[4.806840873316339,46.43377596048335],[4.80698514247166,46.43382889015956],[4.807120504423162,46.433880339371484],[4.807253025212202,46.43391679178328],[4.807374056417919,46.43395639819783],[4.807615708843671,46.434038949712686],[4.807492163804107,46.433872295231915],[4.807264686551991,46.433564705570404],[4.807231204237564,46.433517408580045],[4.807110693827552,46.43335971263445],[4.807088174257608,46.43333268789067],[4.807037333844992,46.43327260547016],[4.806848261224134,46.43310185335106],[4.806765760825287,46.433025879139095],[4.806678747405201,46.43294736426085],[4.806555112901346,46.43283295056206],[4.806474444181831,46.43275325431951],[4.806440549496123,46.43270920613707],[4.806391093850604,46.43261613609175],[4.806361401654605,46.432533741857775],[4.806341311778727,46.43241084456674],[4.806315172354982,46.43228227852207],[4.806297504365041,46.43220500815769],[4.806284212194615,46.43213793649461],[4.806223169847464,46.43188364508365],[4.806168373270348,46.43160943954609],[4.806155618810643,46.43155073582741],[4.806092544261703,46.43123892205981],[4.806055573648136,46.431058557155836],[4.80604858426729,46.43101660523796],[4.806048350565138,46.43082449061757],[4.806046843231607,46.43031039753038],[4.806043389995312,46.4301312137603],[4.80599806015957,46.43011157504431],[4.805832819453213,46.43023947530243],[4.805351974048302,46.43059654896374],[4.805137835744698,46.43075458394937],[4.80472136615761,46.43107722124015],[4.804684158221109,46.43111807039863],[4.804521319645426,46.43130699779061],[4.804415280468944,46.43148818206233],[4.804387991742198,46.43148627149504],[4.804371710176076,46.43152967206913],[4.804349654336677,46.431615136265684],[4.804333668685253,46.431691137307915],[4.804319469334084,46.43176206622841],[4.804298946183083,46.43196090365964],[4.804293609116387,46.43204772489837],[4.804260812798882,46.43252948430739],[4.804260024596176,46.43258840219265],[4.804258828659947,46.4326507491597],[4.804250139825654,46.43285687531548],[4.804254998120133,46.43286985862086],[4.804280522703448,46.43288143453873],[4.804368664384833,46.432903549875626],[4.804427513817658,46.43292621811374],[4.804511279367198,46.43296569583451],[4.804612498739937,46.43300904084801],[4.804762793196319,46.433070975062726],[4.80510705907463,46.43321955204661],[4.805232650404301,46.433275030895025]]],[[[4.806453543356111,46.438782025326574],[4.806456308775865,46.43881440657917],[4.806466618433796,46.4389290820267],[4.807156704867794,46.43893221446754],[4.807640396788863,46.438938519882996],[4.807837473500878,46.43894116462527],[4.808368055100833,46.4389470849308],[4.808374050980452,46.43894717012244],[4.808626141355519,46.43895083378457],[4.808901112705929,46.43888225899515],[4.809206661961277,46.438808605551856],[4.809405842174749,46.43875681226887],[4.809464806632018,46.43871588712226],[4.809508050044821,46.43868412793443],[4.80946054361354,46.438689474231616],[4.809439284659579,46.43861018962439],[4.8095328560641,46.43859924965791],[4.809476477827584,46.43837235717653],[4.809458424687815,46.43829545365066],[4.809445452766637,46.43824999394331],[4.80926761757005,46.43825785550474],[4.809264239579544,46.43819918369694],[4.808965879239043,46.43820661245646],[4.808957538567936,46.43803750396427],[4.808929418454257,46.43803812954589],[4.808924491934784,46.437964170444275],[4.808953245174746,46.43796299441691],[4.808953090465081,46.437926878991945],[4.808927155053986,46.43791873322344],[4.808930951748438,46.437840672880775],[4.808944221968141,46.43780866813151],[4.808934513795565,46.43775946382076],[4.808847745475187,46.43776336020635],[4.808813268946407,46.43776480700288],[4.808801187758559,46.43761647373386],[4.808916868951671,46.43761229952528],[4.808912702157327,46.43761236552974],[4.808909840931007,46.437581066660506],[4.808904965596144,46.4375322361393],[4.808896535366458,46.43745869281078],[4.808926641179943,46.43745902654228],[4.809088437943385,46.43745475212724],[4.809176697765665,46.43745263331139],[4.809105531105621,46.43729046472439],[4.808721093922611,46.437298896272374],[4.808498093205247,46.43730792239842],[4.808245893212685,46.43732038275031],[4.808235134483658,46.43734955549286],[4.808203564941333,46.43743481078565],[4.808184070077278,46.43747556067998],[4.808169085859755,46.437506961989854],[4.808131099965511,46.43760303712457],[4.808061258689434,46.4377796883975],[4.808123658471708,46.43779527318828],[4.80813468840562,46.43801811061284],[4.808141375531721,46.438200305383035],[4.807619407248353,46.4381946080766],[4.807332585060753,46.43820031874669],[4.80732138369426,46.43820040595567],[4.806800756118109,46.43820765369232],[4.806424541527323,46.43821279487347],[4.806422445585459,46.43830298754287],[4.806420912881778,46.43837083407935],[4.806420398187908,46.43839858360959],[4.806431851381021,46.43849270514327],[4.806433280425917,46.43850439156528],[4.806433185294081,46.43852907209721],[4.806433079546882,46.438612478072486],[4.806435739236361,46.438621983360726],[4.806445154535895,46.43865452963064],[4.806459148780982,46.43870339610478],[4.806456811975309,46.43873513751289],[4.806453543356111,46.438782025326574]]],[[[4.807319790092447,46.43315942120474],[4.807331979615886,46.43313806192795],[4.80734273406962,46.43310483618496],[4.80734637795815,46.43308505327989],[4.807344396490392,46.433052749678225],[4.807325578400099,46.4330116155443],[4.807305518881406,46.43297626550714],[4.807254162309723,46.43287304804176],[4.807218065040455,46.432715277111804],[4.807242579639408,46.43270813389725],[4.807272490684461,46.43280889864507],[4.807279458638472,46.43283049511826],[4.807317515062642,46.43291365744136],[4.8073701209704,46.43303099602306],[4.80737567275968,46.43304522920396],[4.807380848850879,46.4330599186791],[4.807384491253347,46.433083369175385],[4.807380430897421,46.43310631110782],[4.807350134012163,46.43316308411853],[4.807301856983039,46.43324337964647],[4.807228529063454,46.433342175611735],[4.807225280908124,46.43334637021895],[4.807228781302062,46.433357663579145],[4.807248048874848,46.43338482983604],[4.807267153478398,46.43341100790437],[4.807318200882303,46.43348126480841],[4.807748720373501,46.43407053003622],[4.807768612690506,46.434085076584765],[4.807856672219751,46.43412034073204],[4.807989985248376,46.43417281213978],[4.808064718501712,46.43420297302819],[4.808223122653529,46.43426567507735],[4.80853207801181,46.43438994193492],[4.808607377422963,46.43442144455311],[4.808644129150745,46.434437615380254],[4.808774057503397,46.434497975556276],[4.80885835346803,46.43454149489552],[4.808921907110345,46.434580208801506],[4.809015394630909,46.434645559392685],[4.809119287117413,46.434722183897065],[4.809320432470549,46.43487553783813],[4.809455298671729,46.4349786921385],[4.809537671766572,46.43495631053765],[4.809671727220295,46.43492104050291],[4.809739190270305,46.43490474956981],[4.809845261717566,46.43488595521648],[4.809951580851412,46.434874632612896],[4.810076586181032,46.43486895829838],[4.810112023264892,46.43479832242022],[4.810137799506923,46.43460921802317],[4.810160750559302,46.434413493248265],[4.810169030336333,46.43437247039704],[4.810185948578062,46.43431302647411],[4.810210933669644,46.43423363935303],[4.810235900591364,46.4341733472677],[4.810237175946504,46.43415288125002],[4.810231461411344,46.43414162307379],[4.810267747194435,46.43413195079488],[4.810338021296083,46.43407868638537],[4.810374661284885,46.43405612850229],[4.81041597183347,46.43403691920132],[4.81056989859525,46.43395278548489],[4.810470567114201,46.43382123757326],[4.810426171675776,46.43377492513216],[4.810311045878218,46.43369739906296],[4.810131216738659,46.43357397233991],[4.810077474525492,46.4335404176827],[4.809969842613892,46.43348456933315],[4.809857897062409,46.43342041278393],[4.809764302444889,46.43335965813462],[4.809537384124012,46.43319500439749],[4.80951089204641,46.43317786065222],[4.809437595699904,46.43307706338387],[4.809347436837803,46.432927355273435],[4.809294348033846,46.43282308527774],[4.80925534307437,46.43272318565065],[4.809225074704146,46.43262747092268],[4.809224822450507,46.43259234777763],[4.809223433383533,46.43256615953491],[4.809220437441917,46.43250721141977],[4.809219490786159,46.43248651041216],[4.80922780353059,46.432434678749914],[4.80923091152582,46.432351585335006],[4.809217105823127,46.432151219086336],[4.809216433445574,46.43204053419991],[4.809215587465992,46.43194426319897],[4.809214999720155,46.431840061979784],[4.809205356631717,46.431820309390545],[4.809189566589208,46.43176444621612],[4.809129396139997,46.43167442928289],[4.809086398650071,46.43161125118638],[4.809046758711996,46.431555045308436],[4.80898587659115,46.4314907094166],[4.808886095651307,46.43138465702829],[4.808807741675594,46.431323750272746],[4.808749698082281,46.43129395602123],[4.808640703608955,46.431255781717496],[4.808617263958441,46.43124030075105],[4.808558431587194,46.431226010869665],[4.80848552592475,46.43119978446662],[4.80842433796605,46.43116157331495],[4.808399401664724,46.431148097540444],[4.808260685930089,46.43108175147271],[4.808235474402037,46.43106782967422],[4.808181864043782,46.43103814507415],[4.808100520839869,46.43099313743558],[4.808072258220119,46.4309775525952],[4.807942130314235,46.43091089002285],[4.808195765228473,46.43076960762215],[4.807928799815815,46.430697185832884],[4.807686957242016,46.4305651899761],[4.807354228577516,46.43035167821715],[4.807242507267958,46.4302822015703],[4.806352044589404,46.42989296094706],[4.80628347321415,46.429985826627544],[4.806234930323248,46.43008954405113],[4.80620597209087,46.43016313862053],[4.806147906667636,46.43056567724334],[4.806167713545439,46.43091627485609],[4.806202431781268,46.43117422523182],[4.806279933771052,46.43149292621257],[4.806250184001062,46.43149537835865],[4.806321901902053,46.431828221651855],[4.80634960665882,46.431984414282496],[4.806359457444779,46.4320380299532],[4.806387519711822,46.432177463985504],[4.806390769273854,46.432192994605344],[4.806418919312823,46.43232720320822],[4.806442643685554,46.432426084496655],[4.806480007846694,46.43254348445031],[4.806505041347544,46.43260712783081],[4.806527663086697,46.4326569386563],[4.806546953897898,46.43268482521342],[4.806601056288328,46.432741163379674],[4.806813301030675,46.43294298348748],[4.806924759271934,46.43304371889368],[4.806969421628496,46.433082462580074],[4.807011053648387,46.43312017337121],[4.807088080092493,46.43319605390375],[4.807205201405603,46.43331435305401],[4.807270362222542,46.43322856631176],[4.807319790092447,46.43315942120474]]],[[[4.808135783745036,46.442314226555766],[4.808202811986579,46.44228452323836],[4.8082426374159,46.442263536983184],[4.808324780249301,46.44221026629139],[4.80853263622458,46.44207781530853],[4.808613710903177,46.44202771374455],[4.808688380651555,46.441976993001795],[4.808719277877493,46.441950023248594],[4.808745643083227,46.441919972833006],[4.808792502515503,46.4418635677464],[4.808818380443225,46.44182667975108],[4.808836723344651,46.441790451511004],[4.808853632532511,46.4417384838201],[4.808872076057789,46.44165811994269],[4.808876704856253,46.44162481099507],[4.808880526137101,46.44157106906905],[4.80887533189577,46.44137110705866],[4.808872288300607,46.44132251775438],[4.808870500342934,46.441221398061565],[4.808446531786333,46.441232976322134],[4.807903136447213,46.441249956381675],[4.807346943328913,46.44126605555314],[4.806888634465264,46.441279342379744],[4.806520003084087,46.44128985779196],[4.806297334651155,46.44129761312413],[4.80627736102663,46.44130036091059],[4.806255071100276,46.441307919006796],[4.80622786639838,46.44132050864749],[4.806205439892592,46.441339687846174],[4.8061924459142,46.441360429177585],[4.806179832009311,46.44140052941642],[4.806175447602995,46.44144914616214],[4.806347508158364,46.44144363266302],[4.80661498232616,46.44143543866323],[4.806627181213225,46.44164258545637],[4.806627832323342,46.44164257515622],[4.806632439895374,46.44171879105234],[4.806539783586177,46.441785106749435],[4.806547377805454,46.44187676733778],[4.806582277068695,46.44208481600182],[4.806595551168071,46.442151257373865],[4.806741066238285,46.44214670365169],[4.806739043712015,46.442128901907196],[4.806783677479485,46.44212720501969],[4.806790285178702,46.442212666413],[4.806753722211107,46.44221414555031],[4.806782989807331,46.44243309158013],[4.806941870067097,46.442422922005065],[4.806952237111222,46.44248418531023],[4.806936317913292,46.44248740947238],[4.806942652814031,46.44250559333086],[4.806979351235854,46.44250032907812],[4.806990431558185,46.44253591131498],[4.806952736028214,46.44254254238811],[4.806958395975495,46.44256001636963],[4.807148003875766,46.4425255820133],[4.807617517968943,46.44243330621826],[4.807848231027811,46.44238506993668],[4.808009123939827,46.44235307020952],[4.808081754915822,46.44233516743174],[4.808135783745036,46.442314226555766]]],[[[4.80903824537528,46.449336337296934],[4.809190252872614,46.449342306116144],[4.809347527820771,46.449353865662594],[4.809396495195252,46.449352999893534],[4.809650826529352,46.44934419697688],[4.809710547110088,46.44934144938481],[4.809744147979039,46.449336953950905],[4.809829709061432,46.449311819936476],[4.809949469051018,46.44927272359952],[4.809994038744631,46.44926499191681],[4.810068985365879,46.4492616425757],[4.810139512774298,46.44925863342879],[4.810189906718944,46.44925756457114],[4.810291055957014,46.44926631945873],[4.810315561996019,46.449266561540064],[4.810444931025507,46.44926180895776],[4.810614687009386,46.44924894025862],[4.810741457147708,46.44922477354527],[4.810769187498788,46.44920830157289],[4.81078438135321,46.44919887361746],[4.810854179694933,46.449154263517926],[4.810987817488193,46.4491132347331],[4.811087824062267,46.449083637458514],[4.811252019095401,46.44900924849115],[4.811320030040005,46.44897754636771],[4.811329081570118,46.448967585257805],[4.811331496868887,46.44895790952637],[4.811192609271946,46.4486758528771],[4.811172664912718,46.44860888727736],[4.811162628513696,46.448573469001865],[4.81114048062431,46.44846366529048],[4.81115518333247,46.448321662868025],[4.811225617624759,46.4479272127414],[4.811239513417542,46.44784728093046],[4.811241856611949,46.44772943294439],[4.81121017985874,46.447654457078826],[4.811144271606644,46.44752174909736],[4.811094420268708,46.447385994317195],[4.811042587783794,46.447178755792535],[4.811035913941533,46.447142563629875],[4.810935175402483,46.44697329920134],[4.810846883867035,46.446833560261446],[4.810817344514874,46.446775843738415],[4.81077759555957,46.44664605338055],[4.810759312631287,46.446578070602875],[4.810751653335781,46.44651217113109],[4.810731637439156,46.44639981158668],[4.810726499212717,46.446370620477644],[4.810714072143192,46.44630632777069],[4.810708142413612,46.446233645665906],[4.810698577546609,46.44614958237074],[4.810692248761791,46.44610807061994],[4.810679315921313,46.44594606057298],[4.810665939071599,46.4459316813924],[4.810645229180163,46.44593191964509],[4.81062235251553,46.44594146939743],[4.810442320383735,46.446040967836964],[4.810065912789986,46.446250130479065],[4.809955344210182,46.446310788137275],[4.809839143645992,46.4463745072202],[4.809812390639768,46.44638898197819],[4.809776588481284,46.446421343794846],[4.80973191548355,46.4464533958125],[4.809574949646257,46.44656486684379],[4.809441971659148,46.4466610060993],[4.809396973232189,46.44669504466114],[4.809325370673508,46.44674805895435],[4.80925194388426,46.44680893813537],[4.809229672465554,46.44683676209861],[4.809219197548272,46.44685881489185],[4.809218014034122,46.44688207154454],[4.809230103851747,46.44692051980736],[4.809255792082677,46.44697217300004],[4.809301683381582,46.44709475104291],[4.809356211196098,46.4472577234814],[4.809365938551012,46.44731530386802],[4.809373491518404,46.44736625356435],[4.809373779559246,46.447433891118216],[4.809371009990039,46.44748005052362],[4.809361448347048,46.44752965009367],[4.809338007550521,46.44755758266536],[4.809273874514966,46.44767478811774],[4.80922102159989,46.44777064854176],[4.809195895947091,46.44781851310348],[4.809195230364555,46.44784167147857],[4.809158695566132,46.447938444288106],[4.809091875897013,46.44802966212263],[4.809080090443583,46.448055428496815],[4.809066451813736,46.448080323527904],[4.80906877160619,46.44809920135467],[4.809053767306378,46.44814186168197],[4.809047299434329,46.44820618359073],[4.809032860803186,46.44825018599505],[4.808988644389738,46.448347170469425],[4.80895855023984,46.44844564257612],[4.808944706615348,46.448468289101136],[4.808914668357543,46.44858810674722],[4.808899783165823,46.448634367935384],[4.808869573569818,46.448745091271185],[4.808833043557195,46.44884204400732],[4.808800309837405,46.44891200587041],[4.808781666645627,46.4489746291046],[4.808742887819816,46.44909809780682],[4.808664981295456,46.449314867447995],[4.808713310426849,46.44931833540688],[4.808903858081615,46.44932729707505],[4.80903824537528,46.449336337296934]]],[[[4.808487351825379,46.43488801435187],[4.808518527461692,46.43486563369959],[4.808831114110991,46.43507576864184],[4.808946522010435,46.43515392221753],[4.808980263813967,46.435177526329426],[4.809161203496699,46.43509855098564],[4.808762461495026,46.43485960836272],[4.808781055830255,46.434842831097725],[4.808834008115032,46.43479749794942],[4.808909755685982,46.43472063960139],[4.808945425382803,46.43468449706247],[4.808801144517155,46.43459202945354],[4.808736993616191,46.43455494619411],[4.808642664939893,46.43450744247675],[4.808539147522837,46.434457832478586],[4.808423491431737,46.43440751393717],[4.808351421440581,46.43437911249085],[4.808256556719424,46.434339002655385],[4.808233720496347,46.434396828652204],[4.808216621122538,46.43443907183656],[4.808186610694857,46.434516286309766],[4.808127457110882,46.43460251885216],[4.808104203135281,46.434635942587],[4.808100883402461,46.434637976682616],[4.808145504346224,46.43473832815361],[4.80820039390728,46.43486157480541],[4.808331514099787,46.43517023833406],[4.808508299445844,46.43513492348637],[4.808506658386979,46.4351286446091],[4.808518810258699,46.435121877073726],[4.80850430446723,46.43510085040132],[4.808557216756289,46.435081818331014],[4.808570401566373,46.43509836244192],[4.808628594433315,46.43506177321068],[4.80861152236465,46.43504979415267],[4.808431273195754,46.4349294337854],[4.808487351825379,46.43488801435187]]],[[[4.809183777168968,46.45018068421216],[4.809187697156637,46.45021637965551],[4.809189088819013,46.450250493897165],[4.809185823501014,46.45028170961323],[4.809180611590377,46.45031709935162],[4.809163117427378,46.4504143811337],[4.809154168322871,46.45045496401596],[4.809142896473289,46.45053161142556],[4.809115929879982,46.45066155825981],[4.8090940099508,46.45074720110541],[4.809536154395756,46.45081387415936],[4.809778727342778,46.45085110264925],[4.8102621720978,46.45092531485134],[4.810293174326169,46.45092887663035],[4.810303120337252,46.450969430353986],[4.810308989622534,46.450977443575944],[4.810406250138389,46.45119882376069],[4.81042166539219,46.45123532773632],[4.81051453613634,46.451453985260706],[4.810725559789105,46.45142001663797],[4.810772108702517,46.45141297385993],[4.810807813173796,46.45138151404119],[4.811054953961367,46.451187189134004],[4.811080371789955,46.45115598239145],[4.811131657170598,46.451083564054244],[4.811220986223664,46.45093632526238],[4.81122341938598,46.45090755454261],[4.811209933508343,46.45073681667035],[4.811183430981611,46.45054295722004],[4.811183600824664,46.45048918309463],[4.811185113606391,46.45034630903508],[4.81118874284779,46.4503182399026],[4.811204323241578,46.4500652580939],[4.811282374649664,46.44976282829376],[4.811353141199971,46.44945294810812],[4.811395885611664,46.449288163751554],[4.811407519639988,46.449159720387456],[4.811367439355433,46.44901219181026],[4.811354880105933,46.44900284362412],[4.81133423303986,46.449008935499535],[4.811197177362485,46.449060827227214],[4.811089850703987,46.44910936517711],[4.81088651925215,46.44917851988399],[4.810836679245599,46.4492002061631],[4.810774827855171,46.449232981240975],[4.810630523670516,46.4492706661482],[4.810415102300158,46.44928966285334],[4.81034278202549,46.44928576524285],[4.81029626539738,46.449285872021065],[4.810231963769301,46.44929193502269],[4.810207156586843,46.449294399777685],[4.810136893287608,46.449289658812525],[4.810060267295357,46.44928952210482],[4.809949843842808,46.449299738476164],[4.809930475022942,46.449305089282845],[4.809865334844385,46.44932908917201],[4.809812006535933,46.44934776790974],[4.809755311718204,46.44936316739565],[4.809714867805261,46.44936957264257],[4.809543987603788,46.44937606288014],[4.809405998480261,46.44938023043666],[4.809332999000223,46.4493715692693],[4.809309231934347,46.449507590222595],[4.809276844715065,46.449674461364516],[4.809265605754178,46.44974029995644],[4.809247567083941,46.44983686983562],[4.809233816832049,46.44990950340212],[4.80920816353394,46.44996899524011],[4.809153261555907,46.45008173098717],[4.809166949677635,46.45011727171332],[4.809183777168968,46.45018068421216]]],[[[4.809251237047648,46.4400825629536],[4.809288624029073,46.44005882277239],[4.809357324896385,46.440032514854735],[4.809360712159482,46.44001678909512],[4.809435580463619,46.440011459676086],[4.809493513338921,46.44000225535303],[4.809550681687152,46.43998964047341],[4.809597639284265,46.43997556611238],[4.809649743646583,46.43995168266771],[4.809686822171092,46.43992650612732],[4.809739737966686,46.439883875323545],[4.809775062362475,46.43984116299616],[4.809790313827196,46.43981390044452],[4.809802469515152,46.439775788540516],[4.809805748777503,46.43974502286766],[4.809803173101614,46.439710567062704],[4.809758571445572,46.439504924633674],[4.809727711888158,46.43937580364132],[4.80969939337022,46.439252586960784],[4.809689872662824,46.439252287487236],[4.809630123126948,46.439049497069256],[4.809614479331586,46.439049204549384],[4.809514035252278,46.43904935505925],[4.809260001165752,46.439049957410184],[4.809130382789418,46.43905038965375],[4.809126594933611,46.43901865512577],[4.809066633064176,46.439017713568056],[4.808527628444122,46.43901319086237],[4.808373388392103,46.439005815850415],[4.807572004425396,46.43898986120922],[4.806572805462221,46.43897649007543],[4.805905155614023,46.43896633415527],[4.805904799417719,46.43897525666086],[4.805968582102791,46.43948935500831],[4.805973618382406,46.43955493596775],[4.80600353545312,46.43993932945336],[4.806015501037624,46.4400922582221],[4.806018796500553,46.44014066344827],[4.806034370875411,46.44036721191545],[4.806042347908907,46.440482284531846],[4.806043662450904,46.44049838616637],[4.80605197102092,46.440599853057385],[4.80605805990607,46.44067361367437],[4.806060912869763,46.44072833075229],[4.806062966206284,46.440766757914],[4.806064405462814,46.44079843958188],[4.806067618895704,46.44086404935557],[4.806073449572493,46.440989063541146],[4.806086754396024,46.44114701499141],[4.806098042436478,46.441216460116706],[4.806108752113864,46.4412526787803],[4.806116384515149,46.441251026894356],[4.80673235734097,46.4412302951486],[4.807027724526015,46.44122246950691],[4.807582597195921,46.44120585236747],[4.80800730231757,46.441192914610454],[4.808031772823422,46.44108993809982],[4.808070647910464,46.440930169910075],[4.808961282502655,46.44090210494316],[4.808984419041431,46.44079824862863],[4.80901549884703,46.440639234028566],[4.80904070628796,46.44051138640836],[4.809054913253322,46.44041721888562],[4.809116280941399,46.44026006625342],[4.809129459136806,46.44022527080561],[4.809164094091272,46.44016959959571],[4.809188554565129,46.44013714735079],[4.80921306193818,46.440113971514755],[4.809251237047648,46.4400825629536]]],[[[4.809712634286361,46.43613128747431],[4.809699526152038,46.43591667930825],[4.80969645117066,46.43583179244246],[4.809687943325191,46.435653769675376],[4.809682894356597,46.43559971788181],[4.809656267214797,46.43549601944432],[4.809639349666359,46.435445488311515],[4.809618058479587,46.43538484862605],[4.809571103968922,46.43530065712156],[4.809493779994424,46.43515705058635],[4.809463730549759,46.43509943188644],[4.809449252675233,46.435094977686305],[4.809434755012763,46.43509385637187],[4.809324218882204,46.43513911145935],[4.809178104704514,46.43519970153419],[4.808783601033226,46.43536780618539],[4.808677236400958,46.43541317468964],[4.808514502083293,46.43548726735934],[4.808496165799128,46.43549611436842],[4.808487464850183,46.43550480877565],[4.808483409605095,46.43551216863279],[4.808481686160505,46.435519131281964],[4.808481841366661,46.43553561154899],[4.808485579744635,46.43555014360755],[4.808496166572835,46.43557870812084],[4.808530447760575,46.435661839785894],[4.808659159672637,46.43599206772163],[4.80873542774571,46.43618640066036],[4.808770962107535,46.436271944285295],[4.808831067221142,46.43641096027741],[4.808883606226756,46.43653001058617],[4.808912569875729,46.43655486131902],[4.808967767108859,46.43656542576413],[4.809184649482569,46.43654091357491],[4.809116385670475,46.43629727613454],[4.809293919887392,46.436272666538486],[4.809315394983192,46.43633492461397],[4.809342865060415,46.43633043623228],[4.809645873933446,46.43629456074564],[4.809643660416617,46.43626316154895],[4.809699235814173,46.436261560255396],[4.809729758462491,46.43626269778495],[4.809712634286361,46.43613128747431]]],[[[4.809923435818521,46.43687029981282],[4.809829178852766,46.43677010518655],[4.809749762834032,46.4366892203786],[4.80964585051192,46.43653747870485],[4.809370611589244,46.43656615894469],[4.809329720831551,46.43657058976751],[4.809074661126789,46.43659885948751],[4.808974837229444,46.436621517153085],[4.808952333919559,46.436630430240484],[4.808933570032914,46.43664603930199],[4.808937818576612,46.43666416604618],[4.808985372345914,46.436786087437774],[4.80911416758294,46.4370872211119],[4.809183608431751,46.437248426271985],[4.809278677049871,46.437471373329544],[4.809293184052295,46.4375041990001],[4.809300176709405,46.437502917304805],[4.809391505101472,46.4377348404177],[4.809719519543023,46.43763561004893],[4.809695369841237,46.437547724612955],[4.80966658296455,46.4374496447307],[4.809723702699802,46.43740028211354],[4.809812984276796,46.43737004491347],[4.809798573590715,46.437312628791375],[4.809850271296447,46.43730406347191],[4.809814746511368,46.43721888028506],[4.810100758829979,46.43715355008636],[4.810058144940884,46.43707460406856],[4.810027867403912,46.437021942948554],[4.809962295132104,46.436922464660064],[4.809923435818521,46.43687029981282]]],[[[4.810584922037182,46.4439767471172],[4.810749945287127,46.443919908999185],[4.810906817650581,46.44386482112997],[4.810932329588607,46.44385225722399],[4.810952563725284,46.44383770540205],[4.810968813937238,46.4438130388964],[4.811039283398813,46.44368285187703],[4.811075362373297,46.44361571839668],[4.811083757049859,46.443589915469914],[4.811093493367075,46.44355742612407],[4.811118442533314,46.443476868627876],[4.811127426648128,46.443433492797325],[4.810888702539043,46.44347988116617],[4.810866640989398,46.44341186823228],[4.810846022142694,46.44334806568515],[4.810830326856975,46.44329913660363],[4.81093602178471,46.44328422047205],[4.810933069486932,46.44325022101658],[4.810927502511423,46.443212029754505],[4.810768694172845,46.44322049238683],[4.810766632065471,46.44321331952262],[4.8107504500361,46.44313008167204],[4.810739578612962,46.44306945713153],[4.810731838584696,46.44302859823023],[4.810716883040181,46.44295876128288],[4.81078391366829,46.44294878162567],[4.810775672435677,46.442904598101784],[4.810751697310381,46.44277104489287],[4.810724291610336,46.44277364107937],[4.810718767235,46.442748509208954],[4.810714465659413,46.44272488913238],[4.810700845904178,46.44266782087113],[4.810486529423421,46.442691844517434],[4.810080770624397,46.442738177015165],[4.809693495946035,46.44278007196884],[4.809660540219586,46.4427174554797],[4.809558320314884,46.44273105441095],[4.809284242220551,46.442768182056305],[4.808998316288882,46.442805586775314],[4.808666262635917,46.44285074671695],[4.808830116111945,46.44302991181037],[4.808952538030972,46.44315407001802],[4.809042164869909,46.44324794383085],[4.809249263739076,46.44346596382307],[4.809391352408936,46.443613408220784],[4.809521734905564,46.443745726118344],[4.809557656555787,46.44377596071876],[4.809660649983584,46.443864218116715],[4.809747014925171,46.44393823774029],[4.809817446035771,46.44399539660342],[4.809931995159553,46.44409418891331],[4.810002962504852,46.444151789516205],[4.810226452015548,46.444089882377476],[4.810361517524568,46.444052974670335],[4.81043451561088,46.44403038099313],[4.810584922037182,46.4439767471172]]],[[[4.810486592778092,46.44118948423582],[4.810533040352516,46.44134853119209],[4.810586689769432,46.44152043396084],[4.810625717154288,46.441636455225655],[4.810667222492011,46.44176432636557],[4.810693527289595,46.44184244991861],[4.810710934038005,46.44189585536126],[4.810733982191094,46.44200933778627],[4.810762041632134,46.44210499705745],[4.810776010164837,46.44216079881191],[4.810802274121548,46.44226909627243],[4.810830633092867,46.44236592168128],[4.810848657202505,46.44241436349187],[4.810875818545405,46.4424750900086],[4.810896561869859,46.44251123924273],[4.810936793583476,46.44259283475862],[4.810956133188271,46.44262594387803],[4.810980574249452,46.442655729597526],[4.811283758484721,46.44265551508575],[4.811326650071052,46.442656275935384],[4.811328438899952,46.442631658586954],[4.811631688741674,46.4426334236385],[4.811910562769439,46.442634854062575],[4.811910333069249,46.44262008630411],[4.811929582334271,46.44261906034978],[4.811927540594045,46.44259288250993],[4.81194774027177,46.44259301237746],[4.811977401475803,46.442591641082736],[4.811978117508652,46.442609283350265],[4.8119846886658,46.442803278928984],[4.811985526381627,46.44281281300783],[4.812022893165627,46.44281591299251],[4.812124934660882,46.44282834477426],[4.812283047166329,46.44284997450126],[4.812466122410646,46.44287390993778],[4.812512545201638,46.44287506465197],[4.812526031769635,46.442873139290505],[4.812557943146874,46.44286497691977],[4.812530052548113,46.44279804754929],[4.812516589674946,46.44273791462047],[4.81249431523535,46.442604694994664],[4.812222060163601,46.44260640347129],[4.812220415948742,46.442529420107014],[4.812281899577466,46.44252898487929],[4.812278763001331,46.44251300227431],[4.812271882648304,46.44247059863282],[4.812262929759383,46.442416789047165],[4.812307151993998,46.44241446604603],[4.812448657615884,46.44240294325735],[4.812565107760237,46.44239415976293],[4.812557033922294,46.4423589806405],[4.81262954183332,46.442349183160296],[4.81265718917037,46.442432328889645],[4.812698193342688,46.442427264657844],[4.812769408053028,46.44241775782474],[4.812743336533572,46.442338910445855],[4.812836441807821,46.4422980721758],[4.812793035440937,46.44226219294125],[4.812686691386755,46.442179035390964],[4.812495442836031,46.442187474955674],[4.81223316114832,46.44219911299664],[4.812153921014607,46.44220235190595],[4.812079211781418,46.44220470824277],[4.81168610042981,46.44221977186104],[4.811675915718426,46.44212491007278],[4.811935785695642,46.44211520303131],[4.811922852229134,46.44202389757999],[4.811919902794994,46.442009623318164],[4.811916457240542,46.441980405384214],[4.811896205271899,46.441982618152316],[4.81189074659812,46.441979101974844],[4.811888125924923,46.44197473014546],[4.811881777945406,46.44192087920528],[4.811898292292194,46.4419198966425],[4.811884592569679,46.4418015824811],[4.811884485413512,46.44179050562781],[4.81205967777738,46.44178511398405],[4.812156091689039,46.441781152274636],[4.81209686993528,46.441735886298694],[4.812009518601911,46.44166746839405],[4.811949949976588,46.441619595831924],[4.811840618113174,46.441505230799514],[4.81181317946097,46.4414675666962],[4.811790913838093,46.44142873968396],[4.811749690378892,46.44132905620315],[4.811717693904007,46.44124435801435],[4.811691012670149,46.441158854940575],[4.811425519577324,46.441163877004094],[4.811367116212096,46.441166784886114],[4.811355872998468,46.44111066975524],[4.811323416442149,46.44100030894457],[4.811313088352893,46.440936433314654],[4.811299759175453,46.440805683616176],[4.811299069755643,46.44079668759696],[4.811270469193893,46.440798582326245],[4.811265930807862,46.44075605141509],[4.811405276625646,46.44075023848752],[4.811471377445179,46.44074765882921],[4.811476869852511,46.44078359952539],[4.811604653525763,46.44077094433008],[4.811573196295054,46.44063967159244],[4.811531444958401,46.44052405410049],[4.811490776131759,46.44040571733648],[4.811484373734541,46.44039338929561],[4.811468799746612,46.440371659363755],[4.811447096526006,46.44034975644311],[4.81142759458984,46.44033529437469],[4.811406329357408,46.44032266166276],[4.811373410184299,46.44031219532464],[4.811317791152645,46.440300828044805],[4.811154011645015,46.44026523612353],[4.811082386556126,46.44025051979466],[4.81109104006583,46.44043277337597],[4.811046265650137,46.44043411392345],[4.811042928200438,46.44040813675409],[4.811017926169181,46.44040853324376],[4.81101846319471,46.44041293813477],[4.810938150973432,46.44041520247803],[4.810932331706234,46.44022804019389],[4.810805599226108,46.44020951392928],[4.810742238991603,46.44020043078857],[4.810623657827967,46.44018411688555],[4.810619937005563,46.440201559297364],[4.810606197597369,46.44026653712189],[4.810594588874928,46.44032112316716],[4.810556269914971,46.44032461291372],[4.810509565006684,46.4403227413555],[4.810503273068124,46.440372649552586],[4.810334276526294,46.44036830322398],[4.810325770699848,46.44041824650328],[4.810337599788862,46.44048813307112],[4.810355215291778,46.440559639230194],[4.810373121275392,46.44061240632236],[4.810387879433843,46.44064883066114],[4.810393264266475,46.44067369455338],[4.810566182719628,46.44066662987147],[4.810634375949669,46.440664287731686],[4.810639021963342,46.44070222340855],[4.810620960259085,46.44070368067532],[4.810632338742754,46.440799244174116],[4.810668004051317,46.440798228358275],[4.810669878453089,46.440831164084386],[4.810970046114777,46.44082280174521],[4.810983664648667,46.44091517726201],[4.81098765263911,46.44094898016393],[4.81069580046163,46.440956670277714],[4.810456096030718,46.440965334342934],[4.810514548440564,46.44118778006956],[4.810486592778092,46.44118948423582]]],[[[4.81055839594551,46.43960321234188],[4.810586196897945,46.43973040010181],[4.810722877285049,46.4397267918937],[4.810722738727352,46.43967941751375],[4.810635460359856,46.439679810585275],[4.810631077898476,46.43962232563577],[4.810766086097114,46.43961937437093],[4.810765811324552,46.43961109233009],[4.810818240995315,46.43960881986931],[4.810818963175088,46.43961880613704],[4.810831064399228,46.43961834404257],[4.810859041858473,46.439574126608804],[4.810898130255997,46.43958206338246],[4.810948072686398,46.43959514212531],[4.810948281773448,46.43960144367782],[4.810964955522198,46.43960135940646],[4.811157272293901,46.43960182220495],[4.81115351465391,46.43970059802629],[4.811247381585553,46.43970244187061],[4.811245932155284,46.43973335871524],[4.811238161648205,46.43988002511586],[4.811236286408247,46.439921666989086],[4.811234433657252,46.440007172374855],[4.811231516665703,46.44004883076948],[4.81113377247044,46.440047949089006],[4.811117932829494,46.44019096051847],[4.811222610129334,46.44021623117338],[4.811222401178794,46.44022956477982],[4.811411297364509,46.4402721439153],[4.811435589227501,46.44028175632299],[4.811503721203426,46.44029328533816],[4.811511110797609,46.44029217735558],[4.81151907977407,46.44028889851282],[4.811531390016171,46.44027510273731],[4.811630932027924,46.44012995281596],[4.81170724335389,46.440018947423205],[4.811769357202074,46.43991591319774],[4.811822895779498,46.439762576027036],[4.811846605709219,46.439684019472274],[4.811875742874374,46.439576644609815],[4.811888099404416,46.43956032610802],[4.811891765205885,46.43944705049524],[4.811891669206315,46.439369592186104],[4.81190347026754,46.439301222280804],[4.811902959247535,46.43925835727135],[4.811897370686803,46.43917242949655],[4.811893119275617,46.439130704667214],[4.811885874595468,46.43911262555836],[4.811871840770551,46.43909411374873],[4.811842456884487,46.43906845977436],[4.811814582650925,46.43905295970328],[4.811795956283161,46.43904523902744],[4.811766270558221,46.43903796401621],[4.81174510092226,46.439036048134255],[4.811642296323083,46.43903966060944],[4.811527660014566,46.43904400109693],[4.811418915013666,46.43904527572507],[4.811342905437277,46.439039726154085],[4.811293715807632,46.4389433213038],[4.811167707685874,46.43868348763784],[4.811051342477928,46.43840404588869],[4.810782064410192,46.43840453314892],[4.810703775843989,46.438404873825576],[4.810538438525735,46.43840461307261],[4.810531968446103,46.438402013566275],[4.810500552090367,46.438425029040566],[4.810462323605486,46.438399785157195],[4.810348435245987,46.438477699441904],[4.810253850663614,46.43854449925945],[4.810321932447842,46.438554588627206],[4.810405844866573,46.438566678725614],[4.810441596489016,46.43857223666555],[4.810399122945651,46.43871359864693],[4.810409472458148,46.43893527585383],[4.810399402916989,46.439020551203335],[4.810258801719534,46.43901980779776],[4.810066581395856,46.43901826115598],[4.810023207468021,46.43898715409211],[4.809975986983957,46.43898934363435],[4.809850441502286,46.4390850957701],[4.809868396764108,46.43909615996741],[4.810231165259397,46.43923929498978],[4.810012918224568,46.43932904095924],[4.809852237341203,46.439394636253894],[4.80982309609934,46.43940770782117],[4.809867792947379,46.439572997578395],[4.809894053137284,46.43968913134961],[4.809947271329805,46.4396909899913],[4.809946254033798,46.439734960038905],[4.809982928698509,46.43973690072281],[4.810010990589655,46.43964413470012],[4.810016531183266,46.43961477428973],[4.810186457108387,46.43962757285514],[4.810180276783021,46.439665139742296],[4.810261417325426,46.43969573816132],[4.810257146184354,46.43972408769741],[4.810480791268875,46.43974990498494],[4.810495186847996,46.43975183842992],[4.810495028491301,46.439637092356755],[4.810494675575764,46.43961467063812],[4.81055839594551,46.43960321234188]]],[[[4.810667523182378,46.44201687649431],[4.810069962230929,46.44209408130376],[4.809973412744338,46.44175217655638],[4.810273411896778,46.44172679566653],[4.8104219153079,46.4417141736773],[4.810500647702502,46.44170743129832],[4.810577178249278,46.441701084050784],[4.810564756520468,46.44166047949707],[4.810552878408247,46.44161662382142],[4.810526391752308,46.44153300888134],[4.810495375572052,46.44143460427456],[4.810463947936399,46.441335575695916],[4.810454402543497,46.441303121857096],[4.810438781679779,46.441252480220925],[4.810398738762719,46.4410626179965],[4.810385414857974,46.441002662780676],[4.81010084982656,46.44101401876797],[4.810094127533317,46.44094882492565],[4.809921625653989,46.44095669290094],[4.809908245048806,46.440851793855046],[4.809979542920503,46.4408487724204],[4.810082226788004,46.44084534355114],[4.81007470898488,46.44077187592086],[4.810072027901218,46.44074210540889],[4.810065623985842,46.440682580896],[4.810063546689606,46.44066315880707],[4.810051150466373,46.44054473374153],[4.809988230671885,46.44054501042677],[4.809981013268643,46.440445237732156],[4.809979147975305,46.440432207216666],[4.809968441845689,46.440313665285714],[4.809906685329853,46.44031365328488],[4.809863955674817,46.440313790060024],[4.809874054195266,46.440201853757664],[4.80983553341075,46.440203184793454],[4.809529489363552,46.440214969887414],[4.809520238429359,46.44005776505272],[4.809520295137297,46.44005947547471],[4.809479352139991,46.44006633901175],[4.809445388292719,46.44007543375989],[4.809420379645367,46.44008348591434],[4.809367462809137,46.44010251837017],[4.809326020067362,46.44012181935964],[4.809292967971007,46.44014269871993],[4.809277552841619,46.44015717392324],[4.80926086455112,46.44018040603568],[4.809231485908395,46.44022563601127],[4.809223246865663,46.4402482839116],[4.809200490847926,46.440312503690386],[4.809162488755573,46.44044739933075],[4.809131767407174,46.4405621841887],[4.809075862790725,46.4407741025901],[4.809047203711198,46.44088822425895],[4.809001797903589,46.44106313787905],[4.808985604962678,46.44112491182987],[4.80895436197713,46.44123970487915],[4.80894329059719,46.44131842082544],[4.808943712576375,46.441346876093604],[4.808946373667683,46.44140357770773],[4.808952609337783,46.44151309347808],[4.808954080321566,46.441612506868644],[4.808948127170461,46.4416844765979],[4.808936184639576,46.44174870515179],[4.808922464380619,46.44179467776078],[4.808902117674169,46.441841205672795],[4.808875366160065,46.44188711447048],[4.808844665094854,46.44192786178815],[4.808800198284648,46.441977834069135],[4.808752518473899,46.4420212821481],[4.808698134565652,46.442062944922725],[4.80861738300664,46.44211493288806],[4.808456195522366,46.442216651904694],[4.808389917141772,46.44226111488932],[4.808356466755891,46.442281820113536],[4.808331847682585,46.44230166493636],[4.808318823437153,46.442317543245345],[4.808308552794021,46.44233788142441],[4.808300733547992,46.442361423287174],[4.808299535843256,46.44238819287448],[4.808308306802481,46.442428765382374],[4.808317414612758,46.442444113113446],[4.808340388878323,46.442472931835894],[4.808395468170808,46.442542674129726],[4.808455984210163,46.44261133954336],[4.808518670503074,46.442682582573035],[4.808590748178051,46.4427659262902],[4.808658870551573,46.44284392843728],[4.808884776317402,46.44281179857179],[4.809043911540291,46.44278964280939],[4.809291093107636,46.44275474324235],[4.809662228674262,46.44270157649852],[4.809701963160291,46.44276822876699],[4.80997828094899,46.442739711289036],[4.81046425390739,46.44268805444947],[4.810442894673128,46.44259012723447],[4.810398858097406,46.442389880281475],[4.810555385197831,46.44237163671548],[4.810568252067807,46.442425654566165],[4.810728287486933,46.44241104799383],[4.810724255933495,46.442399492948674],[4.810770418430988,46.442392816444254],[4.810722466322284,46.442255229980965],[4.810704049944163,46.44217139705647],[4.810667523182378,46.44201687649431]]],[[[4.810775197138937,46.4348321221755],[4.811457150278389,46.43469376734412],[4.81143781094081,46.43462526094266],[4.811113817612529,46.43445242260524],[4.810911466795161,46.43440420211649],[4.810812710145936,46.434368569507036],[4.810678424593042,46.43429080720615],[4.810607714831357,46.43423275269651],[4.810550433528845,46.434182861698794],[4.81045760301168,46.43403130531206],[4.810329390700116,46.43409341449107],[4.810250024837107,46.4341632156968],[4.810194109659671,46.43431163612439],[4.810174111892588,46.43448641794875],[4.810136226597978,46.4348485578578],[4.810356711414284,46.43484254055023],[4.8105840761782,46.43483578324067],[4.810775197138937,46.4348321221755]]],[[[4.810924959139459,46.44438405424856],[4.810922441897237,46.44441814042537],[4.810924623303009,46.44453492594912],[4.810935233121351,46.44463869789341],[4.81094675088592,46.44471093112286],[4.810965990968962,46.44476457766023],[4.810975898651353,46.444788288969896],[4.811032838257391,46.44492176974778],[4.811041538080871,46.44494441937141],[4.811065468707688,46.444947012192024],[4.811185636819649,46.44495978791475],[4.811216651887218,46.4449677625945],[4.81125161269866,46.444976845594134],[4.811392290445647,46.44505009273979],[4.811632702028747,46.445003316386746],[4.812464081192031,46.44486826178321],[4.812539559837475,46.4448458075407],[4.812739068559614,46.4447994077498],[4.812896397342699,46.44476196354664],[4.813266280581582,46.444678631854124],[4.813424819389164,46.44465017465414],[4.813587197871542,46.44460787561903],[4.813699972158799,46.444578523486285],[4.813791171665266,46.444554737911034],[4.813856665034413,46.44453766539417],[4.813947346482119,46.444513977989196],[4.814078981134101,46.44447973237394],[4.814121482180751,46.444468699287995],[4.814100601433811,46.4444206636053],[4.814073710593488,46.44438389200788],[4.813972896938386,46.44423994085771],[4.813939441161017,46.444193816197036],[4.813901206056112,46.444141102286736],[4.813796125400455,46.44401379155857],[4.813757386188679,46.443957662965595],[4.813664405721246,46.44381412757632],[4.813593515077418,46.44372365258436],[4.813477798478695,46.44357030023467],[4.813330197504476,46.44364551013492],[4.813266258315414,46.44367795958409],[4.813031514378599,46.44383237269935],[4.812897226220156,46.44392007048176],[4.812666072428178,46.44408064061619],[4.812541841497821,46.44418087813741],[4.812526430492417,46.44412879232221],[4.81254551882654,46.444122905072255],[4.812598503896755,46.44407838044096],[4.81266495912365,46.444035353312984],[4.812912746198823,46.44386560226071],[4.813220118317154,46.44365788607024],[4.813471876918893,46.44351365044079],[4.81365410164535,46.44340996894899],[4.813793835711597,46.44332938930634],[4.813840117338589,46.44329884124078],[4.813852400745341,46.443284235023],[4.813856098229684,46.44327003537621],[4.813853350558267,46.4432422475178],[4.813844271283456,46.44321212834029],[4.813828092450329,46.44318401337843],[4.813789490003549,46.4431280627651],[4.813782156916374,46.44313088131366],[4.813675276952735,46.44317283978568],[4.813555399603731,46.44321968816607],[4.813559476882814,46.44322475738561],[4.813512480019525,46.44324162612022],[4.813365548116078,46.44329773071426],[4.81325297346091,46.443340860034],[4.81322412888583,46.44335113557432],[4.813122112907212,46.44339049434243],[4.81307624820329,46.44324927285898],[4.813068890567233,46.44322389998116],[4.813030421253863,46.44310525860239],[4.813006793127051,46.44303330784721],[4.812816214290959,46.44302669565519],[4.812757110657108,46.443012502118464],[4.812465718290755,46.442940207532345],[4.8123085958696,46.44289739600097],[4.812037826378823,46.44285755838804],[4.811980653453841,46.44285441237376],[4.811922980557824,46.44285190474989],[4.811869271192684,46.44285104553688],[4.811395254197858,46.44284289270382],[4.811227727222811,46.44283987531047],[4.811238274019152,46.4428828513394],[4.811266925118963,46.44299237181571],[4.811288632500057,46.44303399993339],[4.811323424053212,46.44314009043787],[4.811171277706833,46.44313727935617],[4.811174751355674,46.44321054084318],[4.811184626012893,46.44338638004743],[4.811185177641456,46.443418706249496],[4.811175163715604,46.44346245869489],[4.811156194719796,46.44351905295218],[4.811127672711904,46.44359795579524],[4.811111973547384,46.44364314943257],[4.81106686535857,46.44371303812239],[4.811050769346379,46.44373842275425],[4.811016362397099,46.443824534372425],[4.811005242029681,46.443889921019014],[4.810971679250667,46.444036816135686],[4.81096012329493,46.44410085863897],[4.810953856366289,46.44413581490104],[4.810935272792345,46.44436110313437],[4.810924959139459,46.44438405424856]]],[[[4.810794722576929,46.435499228291114],[4.810950997624807,46.43568994931689],[4.811157645934219,46.43558093018173],[4.811263877915974,46.43552376232645],[4.811339508741206,46.43547878883133],[4.811403402380719,46.43544129711042],[4.811562172362401,46.435346006721566],[4.811798401173694,46.435198057367835],[4.811996660644245,46.435083675504394],[4.811815788608437,46.43501935355319],[4.811449822468872,46.43488906446429],[4.811428770965042,46.43489065938945],[4.81131391652006,46.434907793149286],[4.811032470322618,46.43494936589194],[4.810792049303114,46.43494741424094],[4.810642182310139,46.43494979070475],[4.810465463025556,46.434951692020576],[4.810337476574122,46.43495390130641],[4.810218158341777,46.43495822477335],[4.809990026712454,46.43496544384887],[4.809904416852049,46.434968782330444],[4.809825442644599,46.43497579849947],[4.809762830727056,46.434985167310096],[4.809728692126964,46.4349928238567],[4.809680264797964,46.435005660669006],[4.809607227730255,46.4350267235164],[4.809552069527157,46.43504480090553],[4.809538648566995,46.43505257942948],[4.809529042379995,46.435061468404655],[4.809522700298879,46.43507057586254],[4.8095200330609,46.435088361834424],[4.809524070120961,46.43511189608765],[4.809534841332844,46.4351420788442],[4.809614166599873,46.43529889386464],[4.809678980771507,46.43542666619526],[4.809715814088618,46.435539570114614],[4.809877370228674,46.43546927730619],[4.809910590409121,46.435622499534524],[4.809978882676683,46.43556440304869],[4.810089538955387,46.43563668622939],[4.810214608135908,46.43569180774587],[4.810178377825669,46.43572282559962],[4.810187063684885,46.43576475040201],[4.810243727572242,46.4358745476481],[4.810270443113784,46.435921951076345],[4.81028241430805,46.43594508931748],[4.810350534452675,46.436066413941845],[4.810575205644523,46.43591153496836],[4.810705194710042,46.435820395012065],[4.810630294240531,46.435738178229585],[4.810665714963129,46.435722034548284],[4.810630861177791,46.4356845778343],[4.81062018533487,46.43568871017385],[4.810605215674498,46.43567336549414],[4.810616228386905,46.435667606561914],[4.810588129910935,46.43563742842915],[4.810671362451281,46.435597739032346],[4.810683517145369,46.43559106128937],[4.810672818650677,46.435578801327615],[4.810708862239527,46.43553823889423],[4.810794722576929,46.435499228291114]]],[[[4.811028432595968,46.438063045561314],[4.811025596957187,46.4381385688292],[4.811029823731915,46.43817957351953],[4.811049648489819,46.438294097815124],[4.811160714421115,46.43853948724822],[4.811200049906371,46.43853526059849],[4.811216969158393,46.43857399237453],[4.811310866772379,46.43878488711496],[4.811371659086234,46.4389247015901],[4.811500272088899,46.43898426907866],[4.811813881781507,46.438980825092806],[4.811877936219099,46.43902655492482],[4.811968335785103,46.43913590618006],[4.8119739094523,46.439138970178405],[4.81222983462695,46.43910113304883],[4.812848726314695,46.43900430282595],[4.813209216689249,46.43894922145455],[4.813126085621963,46.438623408528514],[4.81304705905666,46.43831131102779],[4.813001512551826,46.43805794774856],[4.813012365926336,46.43794933161355],[4.813022329789455,46.43785315920541],[4.81303148000082,46.43778348018209],[4.813038052549329,46.43763620206404],[4.813059081304897,46.437496620549936],[4.813055479929131,46.43746272147845],[4.813050778897724,46.437329042715376],[4.813050632823713,46.43717952944534],[4.813040771200534,46.43696108701485],[4.813036366584655,46.43691477108395],[4.813040287236605,46.43675825787582],[4.813038095331065,46.436562841558256],[4.813033723372856,46.436525351931394],[4.81303623918551,46.43644028624565],[4.813032794179683,46.436344416771945],[4.813025205317786,46.436151247801995],[4.813022362183945,46.43600682122822],[4.813018740535959,46.435870333141224],[4.813018002236206,46.43584026160007],[4.813013311497265,46.43563236524935],[4.813012787135118,46.435604812260785],[4.81300556841799,46.435360027480954],[4.812871178814821,46.43531460433935],[4.81281752095293,46.4352954607316],[4.812764734059809,46.43527900536214],[4.812552336885603,46.435218697728445],[4.812492529287869,46.43520658694928],[4.812436105411576,46.435198295427],[4.812394017528399,46.43519409968326],[4.812359514503255,46.435190774307564],[4.812291373394074,46.435186631747655],[4.81222320071985,46.43518546194627],[4.812174935983509,46.43518748888573],[4.81210093350502,46.435195148284],[4.812017289335714,46.43521061655202],[4.811972575583895,46.43522150395027],[4.811887893517325,46.43524887778269],[4.811774666149309,46.4353032750028],[4.811627305809636,46.435392980504986],[4.81155068023484,46.43543544802863],[4.811298510651264,46.43558202843941],[4.81107640618781,46.43570029993091],[4.811019455407012,46.43573110626776],[4.8109977113627,46.43574325023438],[4.810758821894543,46.43588574579374],[4.810694174110511,46.43592802278268],[4.81063614476163,46.43596560124163],[4.810476728640502,46.4360690067867],[4.810580426314742,46.436171032731934],[4.810503783270917,46.43622088550048],[4.810524408774488,46.43623785184243],[4.81056305924884,46.43626407976425],[4.810553454821151,46.43626909580338],[4.810634661540928,46.43632932573932],[4.810648333470715,46.43634874412482],[4.810602143786505,46.436366229447465],[4.810646529536379,46.43641218171326],[4.810548866997402,46.436444984362495],[4.810485955997807,46.43646894955603],[4.810536801927245,46.43654470253856],[4.810438491022225,46.436577605437456],[4.810275649469423,46.43663278767731],[4.810132155835794,46.43667820568292],[4.809890007124202,46.43674617337592],[4.8099441378856,46.43680314007982],[4.810003941301669,46.436858305524346],[4.81005404034077,46.43693118832512],[4.810360473151006,46.436845268109586],[4.810482087468256,46.437055363800816],[4.810538057440398,46.437163820868335],[4.810547902654096,46.43718176875579],[4.810756704176303,46.43753801573903],[4.810540277790751,46.43758423039301],[4.810574928106692,46.4377294135638],[4.810644416193999,46.43773479681105],[4.810667400346545,46.43783855279313],[4.810763266827754,46.43783793340193],[4.810880457369601,46.437930287851984],[4.811019241579682,46.43801770618903],[4.811029379731088,46.438024841043706],[4.811028432595968,46.438063045561314]]],[[[4.81069618526159,46.43145279182149],[4.810233876344453,46.43114262670006],[4.810465240808824,46.43069527531012],[4.809773298437935,46.43051124402073],[4.809115722257436,46.431238258686164],[4.809502988644096,46.43168192976879],[4.809747301897722,46.43219857007859],[4.810952337062513,46.43162310433119],[4.81069618526159,46.43145279182149]]],[[[4.812179283449251,46.43228915847522],[4.812054896840191,46.431913020017035],[4.812050785037478,46.43187156314859],[4.812044194508932,46.43169657228129],[4.812080596184336,46.4316943733364],[4.812077257101516,46.431844932764086],[4.812079696041574,46.43191055485431],[4.812083167463499,46.4319209478456],[4.812100943697581,46.43194237252789],[4.812120239290765,46.4319860203056],[4.812151100220984,46.43208766954478],[4.81215865356848,46.43211114792444],[4.812159703845027,46.4321467087787],[4.812183251429206,46.432216409271085],[4.812201162420513,46.432269356187376],[4.812207506855038,46.432287809848575],[4.812240535610151,46.43234880323453],[4.812274145561997,46.43243122397022],[4.81228451819931,46.43246114261221],[4.812311797048342,46.43252943281319],[4.812322573960797,46.43255583231796],[4.812388143573125,46.43275726821714],[4.812421792499445,46.43284869526077],[4.812428027442043,46.43287561719776],[4.812390080516042,46.432878381185645],[4.812184979869542,46.43230771249165],[4.811332384756354,46.43255533168623],[4.811288545669724,46.43281236532527],[4.811171073364533,46.43318234332296],[4.811269764595163,46.43338487567712],[4.811294958361832,46.43346887129009],[4.811258941022697,46.43356905963186],[4.811084980350189,46.433693232776925],[4.811604116328436,46.433748316671725],[4.811731359899782,46.433912206130515],[4.81194194318975,46.43408287930797],[4.812222815063247,46.4342635151841],[4.812330314749625,46.43415831902202],[4.812527228510416,46.43424679437591],[4.81281778156661,46.43404024579863],[4.813168225252889,46.43380527420318],[4.813210378310814,46.43384675746011],[4.813254822640177,46.43389054612932],[4.81329543616557,46.43392097523263],[4.813321018140415,46.43394596863785],[4.813393298622209,46.434012012767525],[4.813467469527698,46.43407613536743],[4.813570132341089,46.43415872003986],[4.813620571176642,46.43419863043931],[4.813985816798771,46.43413473377293],[4.814095595143444,46.43412956712971],[4.814373947027598,46.434116587994126],[4.814598290982902,46.43413662134075],[4.814761153451562,46.43415294775414],[4.81486833665035,46.434163763952455],[4.815072774796452,46.43420023522999],[4.815205902848654,46.434152904006794],[4.815270719194802,46.43419420639573],[4.815286057892143,46.43420495105864],[4.815369483160146,46.43425739641458],[4.815467776395532,46.43422025614948],[4.815618149788246,46.43431541079433],[4.815884948823032,46.43448770500483],[4.816122761225948,46.43463839255045],[4.816989733617691,46.43475970506235],[4.817480190302596,46.43482935979534],[4.818345782717721,46.4349481621159],[4.818639155376618,46.43498708386515],[4.818837449456228,46.435022745643764],[4.818921892942185,46.43503914432775],[4.819485046704957,46.435104840348856],[4.81980606671329,46.435144579570114],[4.820100036593313,46.435177903750876],[4.820154854110451,46.43518486606238],[4.820209315165711,46.435188951794736],[4.820283838093593,46.43518911490491],[4.820368333961232,46.435183624720985],[4.820401353374922,46.435177604071804],[4.820443070670373,46.43516676111668],[4.82053541355482,46.43513484531033],[4.820609936139586,46.43510375397083],[4.82065644419387,46.4350803148425],[4.820721459696091,46.43504541193608],[4.820856140108454,46.43495877887306],[4.821116723792811,46.43478799404435],[4.821381057752198,46.434616428212294],[4.821581539638236,46.43448731250536],[4.821685189570704,46.434423420687615],[4.821718564965924,46.43440856711812],[4.821755342667154,46.43439807268324],[4.821802514646114,46.43439065491835],[4.821854112548773,46.43438703952456],[4.821914421102572,46.434386797851886],[4.821973525779176,46.43439342066914],[4.822014165518066,46.43440105864851],[4.822082533820653,46.43442761918579],[4.822147573975977,46.4344559441201],[4.822175387710933,46.434473514262756],[4.822192333416314,46.43449332943733],[4.822271869052419,46.434604647583186],[4.822373896746494,46.434753616223254],[4.822402846705372,46.43479350551791],[4.822436808584555,46.4348313332782],[4.822495720043535,46.43488677680976],[4.822548736165658,46.43492952447923],[4.822635032142022,46.434989664844856],[4.822698662208436,46.43503035156384],[4.822833368205765,46.43510061750929],[4.822902364978587,46.43513815607111],[4.823076766819973,46.43523066579278],[4.823112747239873,46.435250897499614],[4.823258749480567,46.4353317009272],[4.823365968017058,46.43539024571033],[4.823419252301639,46.435417586751285],[4.823497090666073,46.4354467874158],[4.823582635367915,46.43547658552023],[4.823662910483066,46.43549683023649],[4.823792111587953,46.435523138800114],[4.823921784221032,46.435540162483974],[4.824037989320587,46.43555181681211],[4.82410665955399,46.435357339699486],[4.824126302066937,46.435317485214156],[4.823884071120735,46.435261457966604],[4.823989555703385,46.43501469274592],[4.824212866260959,46.43491781302226],[4.82420530783835,46.434906044536454],[4.824135415148656,46.434822225105506],[4.824090214240654,46.434830152765755],[4.824070234763764,46.43480534240568],[4.823805417913839,46.4345021635903],[4.823832106378373,46.4344899381567],[4.823598798864445,46.43422516583208],[4.823582716918664,46.43420002293722],[4.823515918614114,46.43407228966474],[4.82339398559247,46.43383447061049],[4.823369125919037,46.43365184544071],[4.823364650292493,46.433627057602365],[4.823342411519569,46.43358138697114],[4.823289122149997,46.433479738287176],[4.82321612651491,46.43338092619249],[4.823191432456951,46.43334754425098],[4.823100052241468,46.433271633187175],[4.822975851171861,46.433277849417216],[4.822741433492218,46.43328384341203],[4.821914903308736,46.433292801018624],[4.821404213789519,46.43329977739539],[4.820936748067425,46.43330597212768],[4.820977795552354,46.43348987073866],[4.82098664270469,46.43352467676635],[4.820996125672166,46.43357073138996],[4.821014856211794,46.43360501951918],[4.821040020750847,46.43364082629448],[4.821062933367318,46.433706752322095],[4.821099869988586,46.43383379228011],[4.821142341709776,46.43393930731496],[4.82108884625536,46.433940700908984],[4.821029166368493,46.43373719404161],[4.820884873972882,46.433730848394596],[4.820755560915626,46.433724443854175],[4.820662579328122,46.433721513025894],[4.820640881623376,46.43371933702932],[4.82058167656665,46.43371748883993],[4.820537465828785,46.4337160320474],[4.820255463473369,46.43370539607859],[4.820214777229224,46.43370415318675],[4.820285119393655,46.43347353382739],[4.82030313337857,46.433333998631696],[4.819923090530632,46.43320378078446],[4.819715935050997,46.43313268459951],[4.819520260641254,46.43306599866113],[4.819325340911403,46.43299848974135],[4.81898046827639,46.43287977780607],[4.818528638803313,46.432725659547565],[4.818216920606385,46.43262055828866],[4.817759939702348,46.43246417726526],[4.81756635795759,46.43240150787601],[4.817440161102764,46.432359472457065],[4.817120123331265,46.43225477089583],[4.817144047181133,46.432366887356245],[4.817180543566624,46.43247709240006],[4.817197824480492,46.43251878991079],[4.817174567990405,46.4325167281424],[4.817073862321676,46.43248518508501],[4.816822565555088,46.43251233177299],[4.816777439038334,46.43252638011758],[4.816600288629654,46.43255423801366],[4.816486976388302,46.43257837799347],[4.816439589787426,46.43258714803921],[4.816285090638198,46.432606718961836],[4.8160607070021,46.43263622802094],[4.815996148829591,46.43264572133598],[4.815867287103309,46.43268019580634],[4.815794231196189,46.432677034237656],[4.815728483512122,46.43270951410558],[4.815658315030634,46.43275008043856],[4.81558962239327,46.43269794147733],[4.8155602521795,46.43267264852336],[4.815526908396587,46.43262580199959],[4.815426572156403,46.43249175224356],[4.81534591927609,46.432393327304496],[4.815301719862466,46.43234124912062],[4.815261211021053,46.43229046329519],[4.815216405635007,46.43223190969121],[4.815175277371321,46.43217816138227],[4.81513455175942,46.43212476693757],[4.815078824810306,46.43203549297261],[4.815033148803407,46.43195857891043],[4.814949216981884,46.43180850578938],[4.814917849669418,46.43175054910225],[4.814892508939769,46.43170537659159],[4.814846071743278,46.43162514197729],[4.814773691044429,46.43150118550651],[4.814739818932607,46.43143840481738],[4.81471374972621,46.4313830659653],[4.814688370431245,46.43133672311838],[4.814617971833779,46.43121750875069],[4.814568847684458,46.43114263084858],[4.8145487497239,46.431110164853386],[4.81446602356423,46.4309806081438],[4.8143866768336,46.43085865360629],[4.814350688062756,46.4307909526075],[4.814336830700071,46.43076595327212],[4.814319950635479,46.43072055613178],[4.814287801902169,46.430666484698904],[4.814151954243069,46.43043968588748],[4.814003570544564,46.430458886438245],[4.813935734214913,46.43047158314889],[4.813729966852515,46.43050835786369],[4.813367133563881,46.430573566861106],[4.813335148750917,46.43057929887257],[4.813157542036082,46.43065210354799],[4.812960703109987,46.43073025721464],[4.81293519641709,46.43073885855244],[4.812627857350402,46.43083164604757],[4.812614740434703,46.43083284504594],[4.812602692315759,46.43079169431336],[4.812332371414919,46.43085381005501],[4.812294472026479,46.430861887391856],[4.812249552687581,46.43086647334734],[4.812077039440136,46.430876957301756],[4.811887898993443,46.43090454787763],[4.811769620169853,46.43092029546633],[4.811758423291876,46.43092047313284],[4.811585192947477,46.43088187974325],[4.811376772818358,46.430838800453635],[4.811196425799701,46.43079770736154],[4.810946082581705,46.430743493169885],[4.810552862698946,46.43065461555724],[4.810521673238477,46.4307589604346],[4.810509615432514,46.43083922355178],[4.810502628996261,46.43084852143672],[4.81043939620163,46.43093328884247],[4.81041606277748,46.43096815548767],[4.810342048731088,46.431018507033265],[4.81033531666553,46.43102762073458],[4.810292209168163,46.43108684946218],[4.810264654883779,46.43112799779816],[4.810400932792543,46.431207170014176],[4.810417979522613,46.43122626470244],[4.810576221852331,46.43129211842512],[4.810712271293821,46.43135652248149],[4.810750457933798,46.43137672299461],[4.811008383783177,46.431514131819505],[4.81113224347905,46.43158016984197],[4.811488580111305,46.43166827967714],[4.81141114329469,46.43230639074377],[4.811336435686185,46.43253608258966],[4.812179283449251,46.43228915847522]]],[[[4.813135763192443,46.44521715807088],[4.813078240013663,46.4452270782082],[4.812955762564365,46.445258565252985],[4.812472518359619,46.44538908993001],[4.81255808279952,46.445599665584126],[4.811676973215658,46.44575208232262],[4.81166032537819,46.44659296479228],[4.811729165615394,46.44681398413548],[4.812284054305091,46.4467137603173],[4.812294821865517,46.44671232849052],[4.812887524857805,46.44663257794252],[4.812980226238624,46.44661858681915],[4.812970276040623,46.446577943279365],[4.813583343207978,46.446464089758095],[4.813570966108329,46.44629945906913],[4.813462631176445,46.446042949933165],[4.81341947301868,46.44594798135572],[4.813463305000321,46.44592206593388],[4.813748023582036,46.44577343356694],[4.813880357731509,46.44572485607249],[4.814033678408838,46.445672612519196],[4.814249812046834,46.44562846801479],[4.814695265862432,46.44558410232794],[4.814604328588023,46.44532191357952],[4.814417078045993,46.444996314739086],[4.814021839650056,46.44510085893584],[4.813609607072005,46.44513712868072],[4.813466479184837,46.44515885641032],[4.813135763192443,46.44521715807088]]],[[[4.813551100149183,46.443541214704595],[4.813548400513038,46.44357368261456],[4.813558207390687,46.44359433295465],[4.813566924600083,46.44361355948449],[4.813588135797051,46.44364411651646],[4.813608251356684,46.443673069691286],[4.813659383921238,46.44374143112069],[4.81379469166746,46.443927527690086],[4.81393679454489,46.444118109731576],[4.814106739720279,46.44434661899388],[4.814180785777936,46.44444965330117],[4.814252350241391,46.44455641983632],[4.814373968555961,46.444738229741546],[4.814524636048038,46.44496290146866],[4.814573221723122,46.445036887289824],[4.814589166633151,46.445038345278135],[4.814757829981882,46.445298668551374],[4.814893408786717,46.44549268571077],[4.815030084367912,46.44571965075108],[4.814975607205331,46.44571538251156],[4.814886439095004,46.445714097386855],[4.81483149640133,46.4457154207893],[4.814727181022668,46.44571707831678],[4.814911513918994,46.44666789583427],[4.814926549211111,46.446783036011],[4.814967335169263,46.4470377350663],[4.81497862975875,46.447122671308016],[4.814988177356819,46.44715116170364],[4.81500839374171,46.447175249290915],[4.815106383197596,46.44728889103637],[4.815169044616583,46.44735896007959],[4.815312318260216,46.447533399472036],[4.815376255631135,46.44760263750206],[4.81540045722635,46.44762116743905],[4.815426416182516,46.447629851857265],[4.815436153932651,46.447628796382865],[4.815655816862542,46.44760828153308],[4.815732331121269,46.44760121066175],[4.815803571459776,46.44758836906218],[4.816114443396581,46.44753641008048],[4.816492363254461,46.447470954325915],[4.816859008672886,46.44740738797471],[4.817108924451284,46.44736801486377],[4.817282189325055,46.44735508030977],[4.818078018030213,46.44729431790852],[4.818455742663599,46.447258311470875],[4.81848515417514,46.44720245036953],[4.818532144711091,46.447107129073174],[4.818552753401566,46.447064738416266],[4.818568239868565,46.44700549622007],[4.818574986319794,46.446934233781654],[4.818575869406335,46.446843429518594],[4.818573652087533,46.4468159935819],[4.818558519572811,46.44677246068033],[4.818552037881179,46.44677346458048],[4.818534068691354,46.446707369361086],[4.818526178839179,46.446670026011496],[4.818517641348246,46.44664061910199],[4.818485687226269,46.44654196119163],[4.81845923651358,46.44645204247523],[4.818445871704031,46.44640289709644],[4.818426471956514,46.44634078770152],[4.818409129983555,46.446293507033246],[4.818371719747963,46.44619142324369],[4.818254902684158,46.44602124999075],[4.818203065607068,46.44594371462817],[4.818151770598174,46.44586680110181],[4.818098099034925,46.44579677067853],[4.818047256710753,46.44572561435933],[4.81771743019068,46.44526682533332],[4.817619170641007,46.44517642803012],[4.817572394232175,46.445149070720475],[4.817400841437593,46.44506452323874],[4.817140677498839,46.44494058384263],[4.817095635136189,46.44491833272334],[4.816917602803345,46.444807407155054],[4.816879190339212,46.444784690202155],[4.816841588973751,46.44475502497248],[4.816679314866952,46.44462817624949],[4.816643670145011,46.44459856990353],[4.816548275371526,46.444500200022496],[4.816488116995425,46.44443873860238],[4.816375478321675,46.444323349478076],[4.816206617977154,46.4440337589854],[4.816134790980319,46.443907452683064],[4.816110453874323,46.44385740070056],[4.816083598073988,46.44382954589137],[4.815973012188103,46.443713132984634],[4.815895129126623,46.44362799458263],[4.815662403802907,46.443506047558024],[4.815613957831455,46.4434793465077],[4.815552915829792,46.443446090456554],[4.815289281950677,46.44329581176913],[4.815188199583655,46.44323391933172],[4.815091768172954,46.44318258110346],[4.814822715269025,46.44304166466731],[4.814672124489852,46.44297983794559],[4.814548241479009,46.44301197962406],[4.814341549974996,46.44306155919126],[4.814326179999729,46.44310089356598],[4.81434979978181,46.44313726672187],[4.814321671032987,46.443145549641734],[4.814268220065361,46.4431642325462],[4.814283611871267,46.44318434375909],[4.813928258048211,46.443277175696664],[4.813912735692188,46.44328057466976],[4.813916010425383,46.44330069824228],[4.813912357978437,46.44330841216667],[4.813837947303773,46.443355079116934],[4.81369330793987,46.44344096074778],[4.813619814648655,46.443479957067694],[4.813572738021702,46.44350619432418],[4.813562738732836,46.44351896284744],[4.813551100149183,46.443541214704595]]],[[[4.813779273333859,46.44294610434741],[4.813996769010754,46.44290013711216],[4.814084524324949,46.44287865769554],[4.814315100333309,46.44283032040201],[4.814470257895842,46.44279831258098],[4.814516725503815,46.44280865286694],[4.814572473661091,46.44279245528784],[4.814590953608358,46.44278396533207],[4.814656287148338,46.442828772668044],[4.814704630359478,46.442836741266774],[4.814796696018968,46.44289004064505],[4.814855556046452,46.44292432252547],[4.815012990487408,46.44301954613764],[4.815159803862081,46.44310881361512],[4.815218025203905,46.4431434657445],[4.815334988949989,46.44320492557868],[4.815471998793025,46.44327363248591],[4.815572364446245,46.44332571848377],[4.815902953979601,46.44350681659738],[4.816100012059088,46.443664997889364],[4.816200666895391,46.443800122949504],[4.816258782943455,46.44387855007963],[4.816352757458534,46.444047827569705],[4.816405991687091,46.44414398591586],[4.816484252209468,46.444236503693105],[4.816594724107139,46.444372913400265],[4.816764721428243,46.444375613495495],[4.816826335967485,46.444379046766095],[4.816920566721762,46.444403307629536],[4.81715296670672,46.44446049728436],[4.81720746110229,46.444473140671654],[4.817266724343686,46.44448030397423],[4.817323893280744,46.44448326729802],[4.817397032351434,46.44448453534941],[4.817459097331851,46.44448192644694],[4.817482617703773,46.444480020971085],[4.817541829265243,46.44446998165067],[4.817599642579438,46.44445708232293],[4.817661679744077,46.444437991005614],[4.817739053405606,46.44440991880421],[4.817794650610099,46.44438525552193],[4.817829657153485,46.44436830566095],[4.817856066912305,46.4443475295585],[4.817895801031098,46.44431213021668],[4.817917313054824,46.444292963241935],[4.817929556628889,46.44430456748034],[4.817943224155137,46.444323714903234],[4.817909379878469,46.44435208514704],[4.817867472130108,46.44438481700092],[4.817835616762206,46.444406400339396],[4.817800837668947,46.44442235581531],[4.817605546376996,46.444489593580215],[4.817522311877602,46.444509922897645],[4.817469418506994,46.44451797020022],[4.817355095890652,46.44452032983301],[4.817278244426779,46.444517139292834],[4.817182388280869,46.44450668523594],[4.817104581312434,46.4444904496847],[4.816981976579888,46.44445538167703],[4.816832258914038,46.44441606123332],[4.816773480750427,46.444407809155386],[4.816734277424636,46.44440437963942],[4.816638430818955,46.444402031245495],[4.81661720361767,46.44440236888866],[4.816692648392234,46.44446899126533],[4.816827036497832,46.44459187016308],[4.816900032774717,46.44465537892222],[4.816956638823849,46.44469230763867],[4.817126825478404,46.444798494211234],[4.817155473539727,46.444813620452344],[4.817225592129426,46.444845470285486],[4.817394952012165,46.44491897434732],[4.817516800470006,46.44498215569404],[4.817698537194581,46.445079060602104],[4.817712413515573,46.44508100142652],[4.817814326935165,46.44505812294502],[4.817908838598708,46.445043828733944],[4.818240061318719,46.44500090700039],[4.818808722149275,46.444896468656474],[4.818934836405306,46.444872573270295],[4.819210727278056,46.444823234261555],[4.81936628132277,46.444791303598635],[4.819602757726524,46.44475177860663],[4.819904165087302,46.44470572422618],[4.819908757553865,46.44472231394259],[4.819915384511594,46.44474130312166],[4.819898989962197,46.44473417864903],[4.819878459970236,46.44473198383481],[4.819864658709565,46.44473229382027],[4.819748564962489,46.444751887378565],[4.819479784684467,46.44479562016998],[4.819114000053038,46.44486485596607],[4.818949847515529,46.444896833152626],[4.818771017865026,46.44493021473651],[4.818740942646998,46.44493483687866],[4.818625517212597,46.444954959057156],[4.818492488466736,46.44497860391261],[4.818334184811884,46.445006253800535],[4.818094501170829,46.44503952231206],[4.817959435856029,46.445056804013774],[4.817859054847298,46.44507092147861],[4.817764151140023,46.4450890948821],[4.817778910737224,46.445121465181586],[4.817816450767461,46.44513753057242],[4.817956363387302,46.44536354008482],[4.818010303414198,46.44545338161931],[4.818132903920488,46.445621211298075],[4.818226146254089,46.445740870619716],[4.818382877036889,46.44592013595823],[4.818441397940449,46.44601837091637],[4.818544780119649,46.44618029135703],[4.818552893141984,46.446220423313065],[4.818671974178264,46.446227804359836],[4.818778821168171,46.446239523308506],[4.818941131636779,46.44626161757498],[4.819013315284852,46.44626542179627],[4.819045210264839,46.44626455353768],[4.819080495492508,46.44625984834744],[4.819337445334877,46.44621279235983],[4.819664091674316,46.4461496738199],[4.819926626608101,46.44609820416155],[4.8199328679063,46.44612125261979],[4.81939982314035,46.44622341769266],[4.81908114245059,46.44628316608697],[4.819018580369359,46.44629046737832],[4.818927893440017,46.446290560626416],[4.818799035225433,46.44627522927269],[4.818692867553573,46.44626043715622],[4.818651642055892,46.44625893193936],[4.818566505943861,46.44626136839438],[4.81859312685267,46.44638767251956],[4.818629790675712,46.44653381218709],[4.818675141884775,46.446686478664276],[4.818698133896541,46.44675861861923],[4.818723766519016,46.44685134247094],[4.818790904251825,46.446848381901106],[4.819159391311969,46.44680117140276],[4.819584147038636,46.44674549743033],[4.820112319350887,46.44668853414279],[4.820513954454048,46.446646825655634],[4.82076385678358,46.446622846580745],[4.821049909679402,46.44659666931308],[4.821158399123236,46.446587283553576],[4.82176989947166,46.44650502528697],[4.822064799044048,46.4464628520752],[4.822131088540769,46.44644621246248],[4.822151972800524,46.44642777525937],[4.822168265833728,46.44640842053392],[4.822201479085577,46.44621288963664],[4.822215390454736,46.446137819724946],[4.822435991454729,46.44611052149831],[4.822460778353817,46.44608409582272],[4.822441981059889,46.44600504430782],[4.822420234549941,46.4459235178955],[4.822412927286146,46.4458958930073],[4.822392444204961,46.44582488459184],[4.822379623021221,46.4457804145679],[4.82240406130146,46.44576696450955],[4.822451638520079,46.445740175179616],[4.822464550283541,46.44572492749835],[4.822456786314757,46.445707037434246],[4.822427717139118,46.445648145308496],[4.822448908713802,46.4456467263241],[4.82242214265692,46.44548511791473],[4.822394462997956,46.44530785193594],[4.822389332701589,46.44528298447135],[4.821927894331014,46.445336191920845],[4.82190913410261,46.445187966161996],[4.821897114868858,46.445101150509686],[4.821869818789288,46.44490018995814],[4.821859654935532,46.44482991753895],[4.821828676591754,46.44469818928934],[4.82192778566108,46.44468895236591],[4.821882282759574,46.444555384224635],[4.821872503615373,46.444531761804726],[4.821854773560893,46.444476831868755],[4.821849742760199,46.44445493509701],[4.821812911433507,46.44430789827557],[4.821684859413423,46.443774025730484],[4.821667308192529,46.44369711588957],[4.821651629232676,46.44362945336898],[4.821607408454448,46.443428852760675],[4.82160538908533,46.44340348529387],[4.821588852154258,46.44327107628162],[4.821569101743104,46.44313997949689],[4.821561492907438,46.443087680246755],[4.821546219951156,46.44302046158347],[4.821528164242751,46.44295184618521],[4.821511091231636,46.442889249785765],[4.821309505510078,46.44291984598436],[4.821043830856921,46.44296263240706],[4.821030995179134,46.44293329419202],[4.82093982148604,46.442731190269875],[4.820892973631346,46.44263529236537],[4.821164742983472,46.442615106661954],[4.821512755164953,46.4425877596954],[4.821489124577667,46.44244969933386],[4.821469070983785,46.44234463752708],[4.821465266622205,46.44232434243229],[4.821460003893769,46.44228767789632],[4.821453203565389,46.442247885440814],[4.821419376224737,46.442065853495905],[4.821354682077354,46.44172020666296],[4.821321721756852,46.44154851888333],[4.821305462126357,46.4415493186113],[4.821274366299049,46.44137102598787],[4.821214405823341,46.44103052762284],[4.820796529056,46.441072318088935],[4.820778713379918,46.440952268903374],[4.820765286086753,46.440788015553025],[4.820753519173564,46.44059932681348],[4.820762439795835,46.440374640600275],[4.820760280889815,46.440145897745325],[4.820758999989778,46.440037203923964],[4.820711420600408,46.43989195936227],[4.820696227217319,46.43989346257035],[4.820685652587241,46.43989282053427],[4.820682115957035,46.43988053735667],[4.820671748492326,46.43984314353948],[4.820664463869936,46.43973022208157],[4.820659127381948,46.43966788879008],[4.820648966060928,46.43959761620721],[4.820637916738379,46.43955149648668],[4.820605372727934,46.43946248594079],[4.820559117383509,46.439360813992515],[4.820396165387169,46.43945951614084],[4.820324264410481,46.43951470413975],[4.820219293212164,46.439605726559925],[4.820083319138545,46.439724263933854],[4.819994596939316,46.439794671387624],[4.819892945836567,46.43986807696805],[4.819714966684589,46.440000703660196],[4.819552079276938,46.44012489325392],[4.819532328328411,46.44014601405988],[4.819512254565938,46.44017308460967],[4.819501341578454,46.44018965117871],[4.819483477976156,46.44022830550835],[4.819414644331817,46.44045763893676],[4.819374181316196,46.44061176243496],[4.819347730573177,46.44072504122507],[4.819324867502063,46.440801334254104],[4.819306957931207,46.44083080216544],[4.819266722637527,46.44088233254021],[4.819228583358643,46.44092248072202],[4.819152217007156,46.44099233035255],[4.819085763996658,46.441046890306204],[4.819002241791371,46.44110532488615],[4.818941775684859,46.4411401541896],[4.818866741027926,46.44117179283993],[4.81869724158612,46.441234568791124],[4.818590051150473,46.44126698954686],[4.818520547340508,46.441284759221126],[4.818464461712566,46.441294659267214],[4.818386872891069,46.441300488255386],[4.818071817040345,46.44131568216655],[4.817995714109245,46.441315272423154],[4.81781653242589,46.44130254262528],[4.817420853871493,46.44126767829521],[4.817289405193029,46.44125634971323],[4.816926233163264,46.44122339828435],[4.816785943312178,46.4412165331308],[4.816623159666075,46.44120714338822],[4.816606621648972,46.44120740645814],[4.81659685971902,46.44121161487505],[4.816586063633735,46.44121998294599],[4.81658054828354,46.441230428689124],[4.816570114321221,46.441284906669175],[4.816576154333081,46.44134894019759],[4.816590975208898,46.44143409049262],[4.816618216083114,46.44155182858101],[4.816644599089374,46.44161247614033],[4.816671249709605,46.44166159051952],[4.816655217960613,46.44167706731452],[4.816609867506247,46.44161807251587],[4.816595246005844,46.44159371607773],[4.816566793789216,46.441510043587186],[4.81653952235916,46.44131700773174],[4.816535461037064,46.441198900926665],[4.816528206020911,46.441196224167065],[4.816513868158445,46.44119212888331],[4.816310256289018,46.441165644383425],[4.816149063714009,46.441145330235],[4.816151790409123,46.44112547154727],[4.815989900559323,46.44110769021605],[4.815921250303535,46.44110022522269],[4.815873453295422,46.441092969030706],[4.815843894703358,46.44108956602878],[4.815794662423159,46.441090078615375],[4.815663687690717,46.44109297164315],[4.815581340499695,46.44109283971095],[4.815415318426296,46.441087913152806],[4.815155899920002,46.44107969716645],[4.814924228904417,46.44107527289906],[4.814778468925256,46.441072365216],[4.814715500654644,46.441071204152344],[4.814647813007212,46.441073090341554],[4.814540095298103,46.44107795433917],[4.814434356280291,46.44108747041765],[4.814386721012284,46.44109291085282],[4.814355593803171,46.441097188305804],[4.814194220450669,46.44112235943816],[4.814107930466753,46.44113688035379],[4.814007784629957,46.44115396310259],[4.813946808347944,46.44116177693311],[4.813908701582612,46.44116382331387],[4.813799641113473,46.44116357396957],[4.813739112462113,46.44116525584655],[4.813730443675578,46.44120628511891],[4.813476515685584,46.4411751004389],[4.813462600168736,46.441226841214444],[4.81345076099602,46.44126656976156],[4.813390682363311,46.44149747139899],[4.813366069129702,46.441493899159724],[4.813366347297309,46.44150227121403],[4.813346592522453,46.44150375579188],[4.813346963670548,46.441558061856355],[4.812842362051537,46.44157805218532],[4.812614126698439,46.44158689896019],[4.812514075925098,46.4415911889915],[4.812512470087128,46.441585990443244],[4.812373125243216,46.44159189474292],[4.81237186560673,46.44157750360415],[4.812367359181241,46.441535962985064],[4.812352123259566,46.441536204773215],[4.812338321989423,46.44148940748436],[4.812309243367002,46.44137097712851],[4.812386602751597,46.44135822056581],[4.812429869405795,46.44135068863361],[4.812364498424325,46.441190861837704],[4.812341205170712,46.441195644901974],[4.812317156171381,46.44113450903705],[4.812299708859185,46.44108776960311],[4.812275101518105,46.44102943474662],[4.812165235696559,46.44103631212135],[4.812173511949649,46.4410854488408],[4.812185291170203,46.441185149064374],[4.812006531438615,46.441208611444345],[4.811804426539849,46.44125099823797],[4.811856886155558,46.44138301854248],[4.811889706119644,46.44144149339273],[4.81191143940802,46.44147213250414],[4.812015456175005,46.441587302359565],[4.81205574384867,46.44161953850934],[4.812046586069915,46.441626258891645],[4.812181866458025,46.441725530651055],[4.812283744127087,46.44180371563261],[4.812400597301099,46.44188949891971],[4.812574894933428,46.44202192710927],[4.812780411172566,46.44218808594334],[4.812811184339999,46.4421848953867],[4.812859011381472,46.44224403245705],[4.812969394663704,46.44231541668782],[4.81304818093237,46.442369108383545],[4.813099924593119,46.442412781284865],[4.813190520004715,46.44250033170075],[4.8133169454983,46.442630996894486],[4.813451693786695,46.44276900557354],[4.813546508592604,46.44285018385192],[4.813593042717021,46.44288997620446],[4.813681028527163,46.44294208027965],[4.813779273333859,46.44294610434741]]],[[[4.813745553773747,46.44113561071884],[4.813796203581503,46.441134626154835],[4.813821684922353,46.44113296047498],[4.813850870853149,46.44112907427982],[4.813905196890873,46.44112109591916],[4.814005402541117,46.441105813701775],[4.814174074258755,46.44108070703698],[4.814316188312314,46.441060165244544],[4.814409418701421,46.44104670480669],[4.814488423579431,46.44103644261097],[4.814527464250487,46.441031138690114],[4.814563397585894,46.44102642454621],[4.814587429945268,46.441028204362865],[4.8145211896034,46.44083848939843],[4.814499432803046,46.44078758547004],[4.814465124342139,46.44070400555088],[4.814430160503912,46.44060854684447],[4.814418572591656,46.44059702190196],[4.814375370498568,46.44052024841053],[4.814353021102653,46.440482864314234],[4.81426498666295,46.44039392308758],[4.814228958351692,46.44036441219736],[4.814125835587661,46.440264451863186],[4.814095227296601,46.440229450655934],[4.814072195402221,46.440210721760685],[4.81404154590936,46.44013527993557],[4.814012185281141,46.440055494288],[4.813990616201398,46.44001413466693],[4.813941306176655,46.43989467497279],[4.813908480960041,46.43980863945802],[4.813892154934321,46.43977998642642],[4.813861075268117,46.4396837453062],[4.813834000789216,46.43959824891763],[4.813808791780746,46.439564963273924],[4.813788415779745,46.43953205121189],[4.813729605800049,46.43945993879756],[4.813708880772912,46.439443965353995],[4.813634915227103,46.43936272635343],[4.813566483387298,46.4392794178961],[4.813522592773942,46.43923282835862],[4.813499055588351,46.43921455772712],[4.81341072409815,46.43911265057207],[4.81332971722437,46.439035125981505],[4.81329057159031,46.43899017233722],[4.813287267205589,46.438976984572506],[4.812759460760027,46.43905859070472],[4.812258797793793,46.439133728961274],[4.811978825664822,46.43917717174377],[4.811965094606918,46.43937184982813],[4.811950139411,46.43956105308257],[4.811939003521661,46.43956312123177],[4.811901631612047,46.43972070544687],[4.811874142420916,46.43982670312316],[4.811823110163338,46.43994172098969],[4.811773847034376,46.440027618292845],[4.811676847203761,46.44017083656007],[4.811588346155227,46.44030320163938],[4.811677576602111,46.44031448592979],[4.811749124692764,46.44031902525088],[4.811955835943902,46.44033700208472],[4.811938635128387,46.44047427079969],[4.811902898329205,46.440473126480924],[4.811889387030788,46.44060772462824],[4.812229703741965,46.44063925325758],[4.812210342010375,46.44071927206577],[4.81236864012471,46.440738827039446],[4.812305182234939,46.44087592920507],[4.812512510949264,46.440928121703486],[4.81268775970326,46.44097550892514],[4.812755382239056,46.440991278566514],[4.812864032876448,46.441014503150015],[4.812913754169478,46.441024792412335],[4.813021472465217,46.44104740116156],[4.813197481304805,46.441082345944075],[4.813277163779239,46.44109639262054],[4.813389708112729,46.44111523154696],[4.813453563811111,46.441123494747714],[4.813555499364367,46.44112890146371],[4.813659743009462,46.44113319059885],[4.813745553773747,46.44113561071884]]],[[[4.813565716332842,46.43602548418785],[4.813577691993769,46.4362918101184],[4.813587538763668,46.43640388052777],[4.813664602166885,46.43710384885448],[4.81370514875058,46.43743799375792],[4.813718038727335,46.43755145692448],[4.813786092772761,46.43800765960732],[4.81385288368586,46.43836309437518],[4.813898248907017,46.4386108759321],[4.813925811382624,46.43875418926627],[4.813933856516839,46.43882377537289],[4.813934076487046,46.43882647396786],[4.813935593910177,46.43884077093657],[4.813939253186366,46.43885287221236],[4.814101683100311,46.43909879414817],[4.814229645209068,46.43929545494165],[4.814423302407137,46.439587086069956],[4.814646234927961,46.43992842049337],[4.814910513842717,46.44032980436229],[4.8151759431899,46.44073432180893],[4.815385614399982,46.441052717761316],[4.815690114546359,46.44106490010561],[4.815815341676898,46.44106939407541],[4.816018785045429,46.44108300216681],[4.816243602820125,46.441104646444664],[4.816412092039839,46.44112106147783],[4.816680299134584,46.441146698398924],[4.816900360568001,46.441166345451336],[4.816931866581258,46.441169537059174],[4.817164932267811,46.44118843629123],[4.817525776538776,46.441218001357704],[4.817544831648447,46.44120725001013],[4.817543268069752,46.44121898395514],[4.817871481334815,46.44125068851166],[4.818006962241314,46.44125789909905],[4.818186577264285,46.44126017361094],[4.81826171459132,46.441258977344894],[4.818345106310772,46.441251344722055],[4.818416912618525,46.441240113582055],[4.818482765986626,46.44122618502591],[4.818629495441969,46.44119169361728],[4.818772179547696,46.44114528716894],[4.818830813028248,46.44112192600015],[4.818893479714658,46.4410905744272],[4.818946874905614,46.44105468686402],[4.819030676147673,46.44098507923173],[4.819110251933845,46.44091770051466],[4.81918242239331,46.44084314405301],[4.819209578816569,46.44080965586298],[4.819240611162162,46.440767369156575],[4.819254639984392,46.44074264670379],[4.819264245524918,46.440714211784],[4.819275569659088,46.44067088797664],[4.81930669751195,46.440533756280104],[4.819312158176041,46.44050214487429],[4.819334340038079,46.440424961997444],[4.819349457761868,46.440374282092954],[4.819378968936188,46.440294190276845],[4.819406268784404,46.44022593281936],[4.819444493696996,46.44016101401578],[4.819456945303414,46.44014370238063],[4.819474894236856,46.44012324078685],[4.819661531760825,46.43999236798967],[4.819739799684777,46.43993662862839],[4.819908037438489,46.439801004691454],[4.819895931240205,46.439746615332986],[4.819849419058922,46.439523893429204],[4.819842019047734,46.43948951462851],[4.819767223602462,46.4391335798468],[4.819709062640099,46.43885060668222],[4.819703062844439,46.43882305086345],[4.819656726310278,46.43860555012391],[4.81970808407339,46.438598516942214],[4.819693191918943,46.43851525955129],[4.819689441821944,46.43848874872018],[4.819663319344972,46.43833046200153],[4.81965877134974,46.438319095608165],[4.819648663188721,46.43830898872],[4.819644496835299,46.43829734603549],[4.819640352653262,46.438282460485084],[4.819641743466499,46.43826946827345],[4.819645995973812,46.43825634039261],[4.819660087675317,46.43824134440304],[4.819677056439592,46.43809380990003],[4.819684616736328,46.43799623390993],[4.819695061064795,46.43791482452416],[4.819706865225806,46.437792141498946],[4.819718441233835,46.43766261680015],[4.819732584020812,46.437516298210696],[4.819737547529925,46.43745416101995],[4.819753464909046,46.43728682787752],[4.819755571125726,46.43724058850217],[4.819771297939429,46.43710271121491],[4.819784019026497,46.43701144791363],[4.819807332623506,46.43677680479937],[4.819806913318352,46.43674078355506],[4.819829152540834,46.436544257078744],[4.819844278947636,46.4364079205162],[4.819849066123705,46.43636785322331],[4.819851045180817,46.43629045170555],[4.819857742305389,46.43625296599781],[4.819860645956667,46.43617203701994],[4.819866364702035,46.43615600352161],[4.819874431211009,46.43608535029159],[4.819877173743383,46.43602694133551],[4.819892437962394,46.43597679938232],[4.819912228825104,46.43588659427863],[4.819927204523279,46.435808265059485],[4.819898179517548,46.435801251848254],[4.819884786144921,46.43580200572109],[4.819541457052783,46.43575361516023],[4.81930545190308,46.43571621356818],[4.819170072169344,46.435699906068315],[4.819148254335558,46.43570196497224],[4.819138749196865,46.43570211639622],[4.8191234921413,46.43571731103976],[4.819001757443201,46.43594235319125],[4.818776057906016,46.43635108218295],[4.818527413645155,46.4367985457749],[4.818208034955433,46.43739106647998],[4.818099671954928,46.43759535868365],[4.817979445980511,46.4378111884127],[4.817814256483228,46.43810870645183],[4.817663956745013,46.43839175619228],[4.817654347387618,46.43841226490459],[4.817643223297043,46.4384616200413],[4.817643258236439,46.43850179058736],[4.817644188900539,46.43852582439353],[4.817643495215302,46.4385715007904],[4.81757530528322,46.43858168317624],[4.817571868001211,46.438779711153856],[4.817567720970346,46.43918725260333],[4.81656415319994,46.43923078222297],[4.816518019197416,46.43907380403291],[4.816451536727372,46.438837798088805],[4.816388840628679,46.43884473993125],[4.816224282215386,46.43886402012185],[4.816208426223121,46.438814283618605],[4.81613614531453,46.4388307450078],[4.816036475699665,46.43884241786372],[4.815988555551387,46.43863953234249],[4.815885719174501,46.43864999445521],[4.81587619484942,46.43861042517223],[4.815925787009355,46.438605133098505],[4.815915798568049,46.43855944645959],[4.815900214927318,46.43848655767599],[4.81582124665692,46.43812186021199],[4.816029464278432,46.438075675990426],[4.815959306623069,46.43793664321987],[4.815858006619223,46.437742622684326],[4.815809392492887,46.437651974961284],[4.815727313354092,46.43751484294419],[4.815596314391606,46.43728958987592],[4.815496169691995,46.437130227505406],[4.815379738475311,46.436935546436665],[4.815196452896475,46.436630511770424],[4.815135770258263,46.43653339046068],[4.815091790626282,46.436460592654115],[4.815062191019958,46.436397113652845],[4.814896267110655,46.436292838133],[4.814829592707253,46.436250574272584],[4.814737312202554,46.436202232292],[4.814681464820444,46.43615646370602],[4.814607330043746,46.43609747524512],[4.814439489642627,46.43594333093409],[4.814359539564925,46.43587398663776],[4.814214080750792,46.435644548415816],[4.813953450333057,46.43565003995084],[4.813903896710092,46.435648575372284],[4.813841400277468,46.435641822110554],[4.81377879176363,46.43562777495163],[4.813670352225792,46.435594910575844],[4.813620959659469,46.435747282311176],[4.813588002681628,46.435849314254384],[4.813570678520966,46.435931732929795],[4.81356519106088,46.43596262390558],[4.813565716332842,46.43602548418785]]],[[[4.81860631552994,46.45075214635259],[4.818605079631841,46.45076198361561],[4.818605184638792,46.45076513437945],[4.818597029252861,46.450817594658524],[4.818568184323912,46.45093352312349],[4.818547959244194,46.45100310864268],[4.818529460806602,46.45108149348649],[4.818522581982725,46.451129249813455],[4.818557622864392,46.451273523822124],[4.818626113767892,46.451451761897296],[4.818641695374876,46.45149699895175],[4.818655793305089,46.451540728444115],[4.818695425998613,46.45165853891382],[4.818813699857546,46.45197757360377],[4.81885745552004,46.452086131272345],[4.818921037019613,46.45221085595434],[4.818979733687768,46.45231413176178],[4.819013248513175,46.45236565827005],[4.819116476339265,46.4525029917156],[4.81928785338829,46.452722193764814],[4.819335520228106,46.45278385278604],[4.819393459423192,46.452852643808235],[4.819520542633995,46.45299013735817],[4.819609570571135,46.4530845532406],[4.819648744208337,46.45313770075207],[4.819682656237252,46.45318156483318],[4.819814678224767,46.453349873265054],[4.819841558458849,46.45340952143627],[4.819881836020349,46.45356217817879],[4.819913953921251,46.45369289786036],[4.819941384094996,46.453819819227384],[4.819956473799359,46.45388541967717],[4.81997767736949,46.453978033659254],[4.819997455390107,46.45406697749739],[4.820014188917251,46.45414669267277],[4.821197686507118,46.45387896758526],[4.82119689027619,46.45385511183148],[4.821326629015855,46.45384160444045],[4.821617995789888,46.45378219602768],[4.822319298977305,46.45364329135898],[4.822350159397395,46.45354498338897],[4.822352166763838,46.45348802734422],[4.822350084409141,46.453445187410644],[4.822340680058084,46.453405526657],[4.822319886899831,46.45336433626959],[4.82229933729403,46.45333043763509],[4.822206597065319,46.45321086348914],[4.822087237369185,46.45308243671937],[4.821907210499742,46.4529050788961],[4.821848822221159,46.452850257056],[4.82175196189831,46.45275164443202],[4.821517123398716,46.4525211183908],[4.821406454119989,46.4524147995645],[4.821302640032396,46.452330348324296],[4.821277199024177,46.45230994788546],[4.821240599916419,46.45228711332954],[4.821177963646361,46.45225334511936],[4.821107550651124,46.452224744760905],[4.821069709116192,46.45221544040559],[4.82102137168955,46.45220792462093],[4.820956255420777,46.45220526985302],[4.820910589903526,46.452207529016796],[4.820907436085069,46.45219893260825],[4.820888155929647,46.45217960477844],[4.820867258756802,46.452158681469044],[4.820853091288316,46.452140262898084],[4.820828889523124,46.4520866969838],[4.820773617929286,46.45194166523476],[4.82069237846306,46.45171355283057],[4.820671971310731,46.451609667544446],[4.820634512523534,46.4515337054221],[4.820621875740229,46.4514908535557],[4.82058350434535,46.451332852525894],[4.820538910674939,46.4511680152942],[4.820368160946186,46.45119028175767],[4.820339177298244,46.45109490957535],[4.820333146586458,46.45107428966924],[4.820289795574404,46.45093104925743],[4.820371156146743,46.45091678261363],[4.8203027096611,46.45082987539308],[4.82021042848242,46.45072380284739],[4.820136425211098,46.4506343720643],[4.820114826290869,46.45059238351436],[4.820103327777965,46.45056410473684],[4.820092909508939,46.45052914359194],[4.820068474691037,46.45041775653457],[4.820053530672475,46.4503643131568],[4.820042481543122,46.45032215648888],[4.819984153666236,46.450190863664616],[4.81993078041601,46.450083090113075],[4.819860548206324,46.44994649265791],[4.819826573587116,46.44988506605554],[4.819629738375896,46.44958998141926],[4.819593041870553,46.449536794450694],[4.819468997650232,46.44934169812711],[4.819441514951706,46.44929908262681],[4.819392290409144,46.44921015737657],[4.81931892102355,46.44904974112825],[4.819213949399638,46.44878174462264],[4.81914329448253,46.448593273376765],[4.819103330550927,46.44847330663086],[4.819056864526484,46.44834200458189],[4.819050372466203,46.44832706634658],[4.81903708105424,46.44831142577161],[4.819019056681315,46.44830234558605],[4.818977062002722,46.448305176054866],[4.818756756315473,46.448361194933106],[4.818500755825287,46.44843705659394],[4.818346994203378,46.448483998977515],[4.818299719304266,46.448508259754355],[4.818186369781759,46.44857527457521],[4.818111857065002,46.448626809598956],[4.818063025981822,46.4486669472957],[4.818015777851395,46.448719399310136],[4.817997207784631,46.44874869730174],[4.817986947698302,46.448781015458195],[4.817978968518441,46.448830950951006],[4.817974766691122,46.44888866237529],[4.817981210802849,46.4490664472673],[4.817983692547425,46.44927392811952],[4.818034416473741,46.44936490167521],[4.818116753289385,46.4495364346464],[4.818283466854375,46.44987028084931],[4.818360490297772,46.45005829090584],[4.818453005608744,46.45026929223291],[4.818494701276042,46.45036302134872],[4.818560882607751,46.45058930333],[4.81860631552994,46.45075214635259]]],[[[4.81930825326218,46.44886265627539],[4.819347077518143,46.448967959756864],[4.819357310109562,46.448993466611626],[4.819433261485721,46.449149248156466],[4.819503809621422,46.449275843095485],[4.819545371095918,46.44934597575186],[4.819672851721882,46.44954642142871],[4.81969471568596,46.449580749915306],[4.819775169288345,46.44970736702719],[4.819860483779684,46.449846876665895],[4.819945009807932,46.44997054655156],[4.820007031102047,46.45007584048812],[4.82036052064914,46.45004327658383],[4.820404162996006,46.44976948985683],[4.820363064852776,46.44963125745251],[4.82033065097183,46.44949162565707],[4.820321150448865,46.449456830041235],[4.820279273118359,46.449291318919315],[4.820172034476534,46.44885393832283],[4.820132690388312,46.448697934160776],[4.820057921239602,46.448409641736845],[4.820049654004017,46.44838446389988],[4.820005050326225,46.448277811611],[4.819916923445098,46.44812033295933],[4.819802551810485,46.44792607363176],[4.819734333737837,46.44783024556888],[4.819683173093948,46.4477770188702],[4.819593234375072,46.44769801952526],[4.81943519305324,46.447565702920464],[4.819331519656314,46.447477284715276],[4.819114064748444,46.44729817714765],[4.818800906114133,46.4470272810918],[4.81869568518581,46.446935374262225],[4.818682959715677,46.44697971102279],[4.818663344879513,46.4470401898792],[4.818642844822294,46.447093657394184],[4.818612938357889,46.44715421004297],[4.818592091974943,46.447201198046706],[4.818573748782657,46.44725291987997],[4.818570864190936,46.44727584349792],[4.818569670517414,46.447333867351524],[4.818576872082803,46.44737401381423],[4.818586755309312,46.447400787271455],[4.818600169900601,46.447427954847804],[4.818662924045463,46.44751630470714],[4.818764306514691,46.447653307518884],[4.818854183782491,46.447769597306376],[4.818889434992866,46.447818574239555],[4.818954166349022,46.44793103112494],[4.818980445217957,46.44798447426314],[4.819001287819076,46.448027285685924],[4.819099191712021,46.44826315001298],[4.819125436082376,46.448331184950966],[4.81916672034242,46.44845167107955],[4.819205479818411,46.448558957170626],[4.819214376873964,46.44858349454328],[4.819248317038161,46.44866347621041],[4.819274135683882,46.448738273119766],[4.81930825326218,46.44886265627539]]],[[[4.82013513190567,46.44835310858272],[4.820180418262062,46.44848803182023],[4.820215066589544,46.448616549486786],[4.820264526447437,46.44883751277964],[4.820321793938904,46.449062044474964],[4.820415886403246,46.44944514232205],[4.820467130556458,46.449649234060416],[4.820532694669372,46.44993100778541],[4.820564631504975,46.450068035110114],[4.820601982669014,46.45028531825455],[4.820633489902852,46.45060474344476],[4.820636896437564,46.45064044679651],[4.820674471824812,46.451032371374176],[4.820682035399234,46.45114970162633],[4.820707222432431,46.45143590174415],[4.820726351414863,46.45152881890506],[4.820742381263023,46.45159134192586],[4.820787797733519,46.45174175482514],[4.820813559867362,46.45181475091591],[4.820843391885443,46.45188083683143],[4.820870256644453,46.45193219862086],[4.820888758019424,46.451963337989916],[4.82092068357711,46.45200624261656],[4.820967434970702,46.45206386244317],[4.82097244334851,46.452069456987026],[4.820993914715355,46.45208415631878],[4.821023445287746,46.452102149810145],[4.821044923751468,46.452113156164415],[4.821094689576053,46.45213614114277],[4.821124584965617,46.452149445171344],[4.821252044567124,46.45220442706178],[4.821314995405863,46.45223981146923],[4.821373752312028,46.452282288149334],[4.822563903128398,46.45214882595038],[4.822839536207286,46.45211416423917],[4.822968753348971,46.45209688030412],[4.823019810595411,46.45208048339202],[4.823045605130796,46.452068542791075],[4.823067457094026,46.45205171127578],[4.82306785843862,46.45203252002593],[4.82305796465304,46.45193531259633],[4.823056267862283,46.45186112225036],[4.823063555015291,46.45178669844737],[4.823068343677773,46.45172330302262],[4.823074903308101,46.45168951226161],[4.823093350826142,46.45163319447712],[4.823121872029501,46.451566357888254],[4.823149316293928,46.45150629370727],[4.823191822587074,46.45143680199579],[4.823207058216656,46.45143646874042],[4.823242357879397,46.4514087042412],[4.823372523922329,46.45131457521061],[4.823420062165372,46.45127868915117],[4.823439911900594,46.45126044840308],[4.823468971639198,46.45123314372104],[4.823498880771468,46.45120006100927],[4.82353749056304,46.451146573699845],[4.823623809201429,46.45098433109756],[4.823648124644603,46.450920353663236],[4.823690259016033,46.45081637097602],[4.823851395980618,46.45045198801701],[4.823890504374779,46.45035886192261],[4.823899528473309,46.45031305246857],[4.823896650678575,46.45027373794609],[4.823894999651597,46.450193151893885],[4.823883064698346,46.4501440743245],[4.823877597571141,46.450089669431016],[4.823855685745881,46.44989024463126],[4.823840163955657,46.44977673439482],[4.823808933245131,46.4494934233094],[4.823799605100023,46.44940926697358],[4.823774639426052,46.4492159255819],[4.823750394110528,46.449106517687625],[4.82373179761886,46.44903746091138],[4.823680211565206,46.448874177489245],[4.823603221217689,46.448707156443376],[4.823563236445302,46.448621958359325],[4.823549443944757,46.44857966564185],[4.823533950234138,46.44853325687471],[4.823519312294581,46.44849295918611],[4.823499330392334,46.44844482067475],[4.823453717466331,46.448351065712615],[4.82341568495927,46.44827358241135],[4.823376681958112,46.448202149264816],[4.823336071997779,46.44812551771334],[4.823306651984429,46.44806789237471],[4.823282508869457,46.44802000039507],[4.823263440204046,46.44797968333522],[4.823243567606995,46.447919203480836],[4.823197570369896,46.44776321635762],[4.823175936513716,46.44773582020627],[4.823066655585754,46.44760065853025],[4.822989056637298,46.44752452719129],[4.822975682172371,46.447510329499394],[4.822965394269542,46.44749491163541],[4.822955173456807,46.44747760123497],[4.822913872989698,46.447380264520866],[4.822910880150498,46.44735698422171],[4.822884783317512,46.44726228707382],[4.822869829527041,46.447216410023515],[4.822850791310576,46.447165284042754],[4.822834746653272,46.44712185628148],[4.822826664763323,46.44710225998983],[4.822818618962521,46.44708374395873],[4.82278297642873,46.44699973729484],[4.822767524035561,46.446962334746054],[4.82275266157106,46.446915285316884],[4.822771328066911,46.4469123753927],[4.822745933400675,46.446846489329566],[4.822716496179331,46.44669077815896],[4.822704301465829,46.446633868545696],[4.822701759416586,46.4466006733731],[4.822697437046205,46.44649076717778],[4.822685842707762,46.44638160751996],[4.822674795290687,46.446265413690405],[4.8226601211879,46.44613036308471],[4.822635273911605,46.446131570234705],[4.822597538714922,46.44613703618385],[4.822479324129809,46.446151712488664],[4.822303733213763,46.44617288846867],[4.822283990074471,46.4461825707299],[4.822271038099823,46.44620052112127],[4.822265748864441,46.446229427831604],[4.822254268979046,46.44631878004532],[4.822253067061366,46.4463530257265],[4.822246659814387,46.446383571528074],[4.822232752186587,46.44641973124986],[4.822228277299264,46.446437906664286],[4.822223280571383,46.446471672470366],[4.822213179583206,46.446485254018896],[4.82220071132806,46.446494279777646],[4.821730673155344,46.446547803597554],[4.82173091356512,46.446555005341565],[4.82138657473615,46.44659166122608],[4.821069930092227,46.44662652345533],[4.821070239508027,46.446635795702434],[4.820992513138917,46.44664162853227],[4.820794866640113,46.44665792975996],[4.820342613962681,46.44669783397067],[4.820161890306318,46.44671755723624],[4.819978076938096,46.44673841028401],[4.819645708957239,46.446782435981696],[4.819311493156277,46.44682576958006],[4.819005807696075,46.446857208967444],[4.818810472152656,46.44688815128758],[4.818919190869305,46.4469911709468],[4.819035444984793,46.44710523913263],[4.819081904516427,46.44714647164706],[4.819231627924834,46.44727558862786],[4.819550970059747,46.44755205942987],[4.819656291993717,46.447639100133806],[4.819772809501945,46.44775316340812],[4.81990650097758,46.44788595762273],[4.819935647101564,46.447935481874026],[4.820009800566884,46.44805688509928],[4.820029628394197,46.448092687083395],[4.820092666723998,46.44819337121324],[4.820108118743683,46.44825815527764],[4.82013513190567,46.44835310858272]]],[[[4.820295364959263,46.45069173554948],[4.820355760857144,46.45075607352655],[4.820435555118028,46.45085892232567],[4.820474910363764,46.45090972485457],[4.820583600628588,46.45103499069817],[4.820553961989178,46.45063096033715],[4.820399301800941,46.450658915024626],[4.820354997825058,46.45067069966954],[4.820295364959263,46.45069173554948]]],[[[4.820322038587715,46.43302196540281],[4.820323831273901,46.43298978187673],[4.820402632817808,46.43298942630288],[4.820423658667379,46.432936310142864],[4.820430180233156,46.432917021285434],[4.820469431787866,46.43291432389001],[4.820487503061801,46.432858552724895],[4.820914772709664,46.43281904443727],[4.820945091046296,46.432896111126006],[4.820911526176991,46.43307318338855],[4.820926733368517,46.43314634784259],[4.820939728245947,46.433215674569276],[4.820944907598518,46.43325378160781],[4.820958760875732,46.43326292795422],[4.82117662400164,46.43326053424088],[4.821506376252247,46.433253833334675],[4.821964364798773,46.43324472510526],[4.823050061993899,46.433229738171136],[4.822998323006662,46.4331822867165],[4.82292584468287,46.43311454031955],[4.822848722326804,46.43304425598772],[4.822773804563519,46.432973666203736],[4.822608380534429,46.43282598007361],[4.822421003493885,46.43266063010683],[4.822134434122886,46.43241156656181],[4.821913245235918,46.432220545010324],[4.821734533572283,46.4320610003186],[4.821556143430132,46.431903251629386],[4.821257097247692,46.43163529020025],[4.821184056246067,46.431570073682316],[4.821017617211961,46.43142294196223],[4.820696299229894,46.43163531688954],[4.820419965993873,46.43181779103306],[4.820081541936986,46.43204079490218],[4.819804062423926,46.43173573748716],[4.819519107525939,46.43178081010241],[4.819122047969352,46.4318392870845],[4.818925721637388,46.43187015624416],[4.81841906149327,46.43196640457797],[4.818603347940807,46.432055070610836],[4.818573299373355,46.43208374105525],[4.818546787853049,46.432101276567096],[4.818322855304283,46.432159875499366],[4.81814210732925,46.432232197537864],[4.817987998325351,46.432294727887076],[4.817811824552075,46.43228537329834],[4.817587985532755,46.43226858083688],[4.8174937330922,46.43223522410194],[4.817463836554049,46.43223326808568],[4.817144601483595,46.43223483619884],[4.817455933807513,46.4323402166741],[4.817716341768765,46.432426321435095],[4.817913207464816,46.432493711991214],[4.818288822769643,46.43262427710001],[4.818435212664993,46.432670223300676],[4.818598170527869,46.43272860529024],[4.818929320531534,46.43284213276185],[4.819268462167726,46.4329569730833],[4.819772352349167,46.43312908339416],[4.82020400366665,46.43327559233991],[4.820305214282203,46.4333104572212],[4.820322038587715,46.43302196540281]]],[[[4.822348255850225,46.45391330855169],[4.822374259689044,46.45400125202071],[4.822389171863013,46.45404974179438],[4.822437398388704,46.45420605385106],[4.822459897621329,46.454282704438825],[4.822477817764518,46.4543315064897],[4.822499744982108,46.4544066350121],[4.822509936879673,46.454423045218],[4.822543480247694,46.4544635817956],[4.822582688605077,46.45450204644506],[4.822643980859723,46.45454619338246],[4.822700404644773,46.45458114079777],[4.823633323840185,46.45426757996905],[4.824259222539464,46.45405610012253],[4.824230491743649,46.453999724976946],[4.824185138600327,46.4539100192809],[4.82417070254728,46.45387971619072],[4.824137311690435,46.45381648007508],[4.824126602267819,46.45379629534399],[4.824065784026995,46.453688372278286],[4.824047365364483,46.45365588102763],[4.82403793659192,46.45363891834779],[4.823989630449375,46.453550520709186],[4.823961346412156,46.45350359568429],[4.823941710490611,46.45346977280908],[4.823921613341233,46.453426049628874],[4.823914919885791,46.45340904326367],[4.823897799170061,46.4533568960722],[4.823890194845349,46.453336031252746],[4.823875899244999,46.45330212309722],[4.823866168823825,46.45328003124791],[4.823849116539083,46.45323382755676],[4.823846586362679,46.453224410637546],[4.823829478222627,46.453184332574715],[4.823800125898215,46.453121031884834],[4.823761705716056,46.453039862027325],[4.823741803172663,46.452994154177006],[4.823724826695835,46.45296191006089],[4.823717036342308,46.452947172939986],[4.823635012362249,46.452805181598855],[4.823632381202622,46.45280053998123],[4.823596263689232,46.452745363451434],[4.823569763000716,46.45270498495284],[4.823603925780713,46.45269777439812],[4.82357580726017,46.452632382353684],[4.823474566197104,46.45240666266893],[4.823447608170675,46.45234089179017],[4.823329480032791,46.45206995636393],[4.82306356090989,46.45210671597142],[4.822721692880946,46.45215594562503],[4.822453421394547,46.452184725134906],[4.821714862808863,46.45226495930088],[4.821400489802651,46.452302487754615],[4.821507731373919,46.45240372727507],[4.821736282387205,46.45262939977647],[4.822049946734262,46.45294135199054],[4.822085837316719,46.45297806832575],[4.822146095582238,46.45304204732435],[4.822204543510505,46.453102542455575],[4.822212250280863,46.453110886061026],[4.822350853258737,46.45325359699003],[4.822364510512688,46.453268420738354],[4.822402875402939,46.45332067955486],[4.822430621011096,46.453371036181224],[4.822445689290505,46.45341249802662],[4.822449239103019,46.45351097759414],[4.822444990887796,46.453602285931396],[4.822434755730646,46.4536509066998],[4.822430252294258,46.45367214491706],[4.822413124058005,46.453740690979274],[4.822394393687226,46.45380809169236],[4.82257558218109,46.45381330715568],[4.822733617140222,46.45381591949353],[4.822730177041628,46.45384948029923],[4.82272402438646,46.45392667810191],[4.822705649068891,46.45393057409689],[4.822348255850225,46.45391330855169]]],[[[4.823506887570296,46.45126027989441],[4.823449989295747,46.45131243789243],[4.824155030550012,46.45125524496301],[4.824541615504418,46.45122628287704],[4.824630809512466,46.451220264548446],[4.824275483780935,46.45034442750072],[4.823940404321208,46.450362478525896],[4.823917147310342,46.45042301648613],[4.823853375317841,46.45058138661863],[4.823818992001975,46.45065993602033],[4.823789692401477,46.45071903924582],[4.823708080227344,46.450873911202436],[4.823670126441476,46.45100160555504],[4.823631548593982,46.45107553823064],[4.823583001499861,46.45116701350644],[4.823569508860004,46.45118830523044],[4.82353848686136,46.45122708012018],[4.823506887570296,46.45126027989441]]],[[[4.824917415531418,46.43574456639806],[4.824772373412176,46.43557178826471],[4.824640951322927,46.43560766456182],[4.824546825689406,46.43562907401101],[4.824459777936516,46.4356439753292],[4.824408875187776,46.43564893182619],[4.824282505141552,46.43564887914803],[4.824219924520115,46.43564744701691],[4.824154552391951,46.43564434811598],[4.824129637110238,46.43579930615038],[4.824098106416137,46.43606038216731],[4.824085581074114,46.43617677246631],[4.824180413549804,46.436336302631204],[4.824232040723553,46.43641536992635],[4.824393645457189,46.43651069418302],[4.824494689701705,46.43657149827453],[4.824569985238232,46.436621995372555],[4.824869716830443,46.436831212063275],[4.825086748668992,46.43698275395135],[4.825099831355476,46.43699218234228],[4.825242295394042,46.43681111644954],[4.825360688554791,46.43665826675202],[4.825518558342806,46.43644317797709],[4.825340768456017,46.43623012234299],[4.825101854905078,46.435942294553],[4.82493373815706,46.43573791057229],[4.824917415531418,46.43574456639806]]]]}}]}
