{"type": "FeatureCollection","name": "aoc_geojson","features": [{"type":"Feature","properties":{"dt":"Bordeaux","type_prod":"Vins","categorie":"Vin tranquille","type_denom":"appellation","signe":"AOC","id_app":585,"app":"Bordeaux supérieur","id_denom":1740,"denom":"Bordeaux supérieur","insee":"33543","cvi":"1B105D2, 1R105S2","nomcom":"VERDELAIS","insee2011":"33543","nomcom2011":"VERDELAIS","id_aire":1372,"crinao":null,"grp_name1":null,"grp_name2":null},"geometry":{"type":"MultiPolygon","coordinates":[[[[-0.280396521102787,44.58540839911337],[-0.280046011690295,44.58552972690458],[-0.27936822754764,44.58576222829292],[-0.27935797112207,44.58575280180572],[-0.278695076457397,44.58597909020458],[-0.278386140210359,44.58608259937856],[-0.278008764321228,44.58621255698562],[-0.27797465202229,44.58622870676894],[-0.277973057594604,44.586229474916415],[-0.277968515586294,44.58623159199204],[-0.277876899215063,44.58613042337314],[-0.277872992953098,44.58612612430372],[-0.277802244839988,44.58604992528938],[-0.277729530126799,44.58597459553074],[-0.27770499650479,44.5859494643356],[-0.277606756874353,44.585851465496795],[-0.277492053524104,44.585737015973415],[-0.277480948139461,44.585725992675485],[-0.277386805149469,44.585655083000304],[-0.277262821716101,44.585587041096296],[-0.277253445884097,44.58558191320499],[-0.277196606373399,44.585536746812565],[-0.277081145050623,44.585443943976344],[-0.277032248773596,44.58540962437493],[-0.276984936520242,44.58537435672496],[-0.276948195578057,44.58534526272506],[-0.276836618966709,44.58526288635801],[-0.276584730677544,44.58511132995472],[-0.276576372342827,44.58510635202504],[-0.276498176697317,44.58507335207153],[-0.276408723211079,44.58503320759547],[-0.276317928984094,44.584985173828784],[-0.276295691022537,44.5849713271397],[-0.276077774206578,44.58483588120601],[-0.275868352513023,44.58473162855889],[-0.275855888334393,44.584725420845764],[-0.275853161632417,44.58472406009747],[-0.275734848250762,44.58466891324305],[-0.275530983236084,44.58457999275115],[-0.275502782610417,44.584567674314336],[-0.275468001582071,44.58455059543385],[-0.275447498970748,44.58454057151019],[-0.275447236799065,44.58454039908213],[-0.275412586890088,44.584523406398425],[-0.27528609378285,44.58442074753768],[-0.274938253825387,44.58411913014483],[-0.274896672421436,44.58407612314574],[-0.274862789485202,44.58403324823357],[-0.274846897420759,44.58399839947908],[-0.274832807471559,44.583927276203724],[-0.274821389626579,44.58380012023551],[-0.274818188649356,44.58376453470412],[-0.274795673872624,44.58366122450144],[-0.274770887011461,44.583586093556065],[-0.274750281898563,44.583546068541246],[-0.274726747091712,44.583520726955136],[-0.274607430429904,44.583422179544215],[-0.274587449573296,44.583403760510144],[-0.274569435479348,44.583384472231124],[-0.274553015791043,44.58336441585207],[-0.274545618814844,44.583354273454965],[-0.274516939828492,44.583112208531624],[-0.274522084373804,44.58311178566996],[-0.274536380057519,44.58311046072612],[-0.274718982892074,44.583093873014604],[-0.274837293209379,44.583077389677285],[-0.274899684618187,44.583066258815464],[-0.275080632466019,44.58301683229414],[-0.27523054369941,44.58297571440537],[-0.275515408784846,44.58289644454189],[-0.275799560190947,44.582815753459506],[-0.276082872041423,44.58273364489783],[-0.276589255339257,44.58259373860286],[-0.27676336818752,44.58253955643789],[-0.277004241178015,44.582464831734214],[-0.277229726350969,44.58239650992832],[-0.277404636586548,44.582334374058014],[-0.27768045260404,44.58223833770017],[-0.277778883736477,44.582203069225116],[-0.277870167469332,44.58230947337665],[-0.277889094620968,44.582301072633484],[-0.277920923071725,44.582286882776074],[-0.278025239985497,44.58224008647309],[-0.278066896416443,44.58222146011339],[-0.278090244561046,44.58221103594311],[-0.278392390465385,44.58207565233424],[-0.278464019865207,44.58212587510122],[-0.278297893739895,44.582195951217706],[-0.278337938795682,44.58224503940545],[-0.278372342122504,44.58222960163916],[-0.278409551575588,44.58227111529639],[-0.278437742718521,44.58230496769345],[-0.278451876397011,44.582298691418565],[-0.278607603594811,44.582229734749866],[-0.278838930151429,44.58243109255632],[-0.278905981055376,44.58248928992131],[-0.278761361408844,44.58255197044379],[-0.278878634102579,44.58267598304302],[-0.278974258422741,44.582776761257364],[-0.279117337435946,44.5827092606846],[-0.279167730360047,44.58272380243714],[-0.279206815658373,44.58274769019903],[-0.279290688038811,44.582819804196845],[-0.2796356083015,44.58310996179399],[-0.279815290791167,44.58325563664617],[-0.27995468405476,44.58336322331044],[-0.279989653081778,44.583390026264304],[-0.280075636260201,44.583457211515366],[-0.280161614412056,44.583524306754285],[-0.280284307202039,44.58362653247694],[-0.28038789336524,44.5837102239609],[-0.280492932604749,44.583792881065456],[-0.280569259207469,44.583845756255776],[-0.280651354303769,44.583900262071886],[-0.280734661071342,44.58395392091241],[-0.280920315254162,44.58407211571502],[-0.281376091282677,44.5844188929548],[-0.281418083967569,44.58444287382457],[-0.281488347113851,44.58447601596942],[-0.281688639442679,44.58456404077882],[-0.281893381282282,44.58468301838419],[-0.281918016872828,44.584699045288396],[-0.281981928765028,44.58474219707781],[-0.282044519085319,44.584786469343186],[-0.282105656737627,44.58483177588066],[-0.282165221094176,44.58487821038059],[-0.281852431167417,44.58499112467072],[-0.281593526997115,44.58508540735854],[-0.281285900660726,44.585196094182216],[-0.280863958291575,44.58534648784118],[-0.280460957207091,44.58548874854466],[-0.280396521102787,44.58540839911337]]],[[[-0.274132158275969,44.5830166668733],[-0.274078660992836,44.58296383139894],[-0.27404662741768,44.58293324544882],[-0.274003476241528,44.58288271614681],[-0.273954975348363,44.58283558911967],[-0.273808045294102,44.58270001678184],[-0.273615739735621,44.582786179158255],[-0.273704519722255,44.582895183655246],[-0.273514786658738,44.58296703344408],[-0.273295447919488,44.58304795978057],[-0.273427627733315,44.58317703220386],[-0.273322433650623,44.583247907276686],[-0.273315761971429,44.58325242994412],[-0.273310301900286,44.58325610577698],[-0.273370385190862,44.58330946720254],[-0.273432304281385,44.58336187315896],[-0.273474646678226,44.58339629839013],[-0.273287471968111,44.58352312428071],[-0.273099116104546,44.58363178422462],[-0.273078923392998,44.583642293977086],[-0.273008906281479,44.58367194053112],[-0.272537367249133,44.58386945375202],[-0.272365339874549,44.58393798357366],[-0.27171489181678,44.58418764782931],[-0.271536149429967,44.584257816893555],[-0.271412152458531,44.5843045591471],[-0.271208497155923,44.58438213325369],[-0.270895706272137,44.58450402616469],[-0.270325401914509,44.58472490813485],[-0.270308960155516,44.58472836842107],[-0.27029205735537,44.584730400726485],[-0.27028212463166,44.584730875084],[-0.270252059775018,44.5847298732951],[-0.270218886927604,44.58472310690882],[-0.2700120701759,44.58467444937807],[-0.269299689401976,44.58450200321383],[-0.269068045106478,44.58444696095174],[-0.268845342682627,44.58439174362637],[-0.268116986143235,44.584215438087504],[-0.267530434384949,44.58407331537149],[-0.267011900611638,44.5839496304358],[-0.266543200688978,44.58383519112271],[-0.266641353191149,44.58374488888755],[-0.266755494895527,44.583695560371716],[-0.266779345362105,44.583709000779194],[-0.266856514613918,44.583676533729815],[-0.266882957084485,44.5836585420095],[-0.266901238629256,44.58364331456951],[-0.266922465924191,44.58361799867833],[-0.267005331512192,44.5835119300336],[-0.267014191868237,44.58350382903955],[-0.267027006802471,44.58349434962089],[-0.267041153279414,44.583486092230984],[-0.26704817099657,44.58348318155218],[-0.267060810736245,44.583479383725674],[-0.267074163141934,44.58347700644136],[-0.267087729984477,44.58347615454155],[-0.267181169501156,44.58347645344042],[-0.267282007910679,44.58347824527647],[-0.267294374268974,44.58347625754763],[-0.267319737883839,44.583467938531854],[-0.267344291408849,44.5834521650295],[-0.267421311113695,44.58335401777601],[-0.267488856638084,44.58326425996854],[-0.26755472929674,44.58317392090514],[-0.267574431435052,44.58315928202311],[-0.26759471280031,44.58315246485466],[-0.267767643328992,44.58311905556371],[-0.267868604345721,44.583099038577366],[-0.268051892255182,44.58306379058972],[-0.268235913475991,44.58303032262468],[-0.268530839407961,44.582972217535264],[-0.268612197185165,44.58295332071185],[-0.268673307276238,44.582935293483786],[-0.268798568051257,44.58288644455392],[-0.268982133771869,44.58280163074104],[-0.268996603758326,44.58279678738308],[-0.269028884554086,44.58278601063855],[-0.269072694460142,44.58278273143253],[-0.269140423510913,44.58279189895328],[-0.269190237510978,44.58280520089589],[-0.269206942497366,44.58281281550136],[-0.269245212589716,44.58283141478908],[-0.269282160829576,44.582851134422306],[-0.269317797645679,44.58287215429741],[-0.269382111741565,44.5829007045832],[-0.269412220375353,44.582909003535256],[-0.269422687505352,44.5829090540358],[-0.26943550351868,44.58291047662026],[-0.269447784094131,44.58291353689041],[-0.269451617211826,44.582914414520495],[-0.269588284627486,44.5828927080233],[-0.269646436781415,44.58285845938558],[-0.269676541145453,44.582831888959056],[-0.269692535357525,44.58281636835241],[-0.269718393903012,44.58278397690803],[-0.269738596837787,44.58274319324354],[-0.269786190216132,44.58263555382979],[-0.269804346622776,44.582598615032154],[-0.269808732908192,44.58259163740465],[-0.269816869562355,44.582581935768395],[-0.269826568656423,44.58257308888418],[-0.269845651839004,44.58255648566361],[-0.269889251219347,44.58253870595653],[-0.269905923222347,44.58253487849206],[-0.270184663118388,44.58248905152619],[-0.270326704593114,44.582466554215166],[-0.270429176317835,44.582455229977384],[-0.270459996471253,44.58245188441945],[-0.270503541853446,44.58245491960523],[-0.27060381216386,44.58249042330373],[-0.270652692405645,44.58250501367134],[-0.270774831653077,44.58251977675036],[-0.270926580166044,44.582529878347486],[-0.271047009081238,44.58253036558233],[-0.271399288762796,44.5825069548934],[-0.271446349102807,44.58250538047857],[-0.271476318242051,44.58250692535469],[-0.271625455911516,44.58253287119042],[-0.271641240304234,44.582533304551426],[-0.271685716307664,44.582528472830575],[-0.271703456395893,44.58253001956427],[-0.271724331861264,44.582533455641425],[-0.27174478216521,44.582538255841534],[-0.271764303878111,44.58254443508103],[-0.271819078086854,44.58254326266666],[-0.271873807208212,44.58253479330002],[-0.272242035064652,44.58239512629484],[-0.272317074241355,44.582367313626236],[-0.272363052940669,44.58235144465173],[-0.272416749446888,44.582340392651865],[-0.272460864523218,44.582331516718654],[-0.272590238297413,44.58231669013693],[-0.272652349114731,44.582313768135045],[-0.272682455075602,44.58231332638245],[-0.272775735522612,44.582313084596],[-0.272869477053415,44.58231427069704],[-0.272979005816924,44.58232462969995],[-0.27306388574968,44.58234256696884],[-0.273261121058647,44.58241087452737],[-0.273309709582753,44.582420426669756],[-0.273360021207294,44.582418394649515],[-0.27338155382465,44.58241577409714],[-0.273617458200547,44.58236616245828],[-0.273654357480796,44.582356779146174],[-0.273915040056751,44.58226273276603],[-0.273921124055999,44.58225894829993],[-0.273932885887322,44.58224003854773],[-0.273958481834765,44.58224009057122],[-0.274136605893456,44.58250907995733],[-0.274426075419447,44.58294127616934],[-0.274472179697366,44.58301226103553],[-0.274366854269825,44.58302655690685],[-0.274314762323839,44.5830370216584],[-0.274260288952634,44.583049899652735],[-0.274206392096319,44.58306402195496],[-0.274184071712749,44.58307045030931],[-0.274132158275969,44.5830166668733]]],[[[-0.271415885749157,44.5822084059116],[-0.270893252535392,44.58229651042025],[-0.270869895913886,44.582295940845015],[-0.270837320415292,44.5822951037244],[-0.270398972303428,44.58218437716678],[-0.270062316846986,44.582238046762924],[-0.269501682735737,44.58232745016665],[-0.269392306735437,44.58253720207131],[-0.269095957461037,44.58253372201126],[-0.269095585100909,44.582533823136814],[-0.268912266806675,44.5825728580957],[-0.268684499386558,44.582688984145655],[-0.268680985032728,44.58269143082225],[-0.268645956910252,44.582715713961655],[-0.268245705623568,44.58281856381248],[-0.268243581664222,44.58281889698091],[-0.267746986976683,44.58290180066098],[-0.267557621884836,44.5828930780985],[-0.267424985079143,44.58287555861987],[-0.267354211975618,44.58288783424621],[-0.267265146813991,44.58293038464416],[-0.267190196731695,44.58311866243371],[-0.267152874567767,44.583146887328446],[-0.26714091469693,44.58315589095578],[-0.267009940031089,44.58322148572875],[-0.266871003002579,44.58329110017554],[-0.266594601770291,44.583429654239296],[-0.266589956195353,44.58342780942461],[-0.266364411757157,44.58333428803552],[-0.266295283087272,44.58330966270332],[-0.266234397029739,44.583288037188304],[-0.265791408890926,44.58313850564693],[-0.265775301456907,44.58313249469352],[-0.265717965032991,44.583113376878046],[-0.265714995589412,44.58310346340572],[-0.265627362701794,44.58308803468088],[-0.265613542480695,44.58309321877868],[-0.265574277827623,44.5830987949313],[-0.265518634074221,44.58312197476137],[-0.265461641383732,44.583161052352956],[-0.26540622663071,44.58320125457424],[-0.265369391335593,44.58322919413707],[-0.265333425680754,44.58327215495593],[-0.265295656271906,44.58331444828567],[-0.26525606227621,44.583355714333564],[-0.265214423216474,44.58339650022713],[-0.265149994520546,44.58334416409529],[-0.265119455058625,44.58331317110331],[-0.265046954472302,44.5832259339326],[-0.264744817616241,44.582667316664605],[-0.2646965309912,44.58257801190438],[-0.264658823815771,44.582471094837196],[-0.264656403623291,44.58237701017326],[-0.264681440327718,44.58228463659865],[-0.26469007444012,44.582266090697985],[-0.264701380485969,44.58222836425317],[-0.264700539023808,44.58219640305015],[-0.264690536007315,44.58216516321899],[-0.26467146516808,44.5821362638158],[-0.264488264309736,44.58192904017403],[-0.264519096563438,44.58188451947924],[-0.264587166481867,44.581801595803014],[-0.264691973741563,44.581684698842935],[-0.26472084567472,44.58164987691827],[-0.264746053736051,44.581623632863455],[-0.264765873300632,44.581604485944204],[-0.264787396666747,44.58158645996703],[-0.264805645969343,44.58157285566573],[-0.26481933051891,44.58156533303259],[-0.264834356931975,44.58155921234902],[-0.264852828314119,44.58155380072071],[-0.264868025649002,44.58155281077113],[-0.26488331149845,44.58155334992987],[-0.264893085718418,44.58155450255882],[-0.264920786089073,44.58156260359052],[-0.264972427550171,44.58159008939012],[-0.265024088879839,44.58163316216201],[-0.265073371982136,44.58168306285698],[-0.265126803127009,44.58174581551488],[-0.265188402005926,44.58181463374872],[-0.265251493055184,44.58188962484444],[-0.265360428121433,44.582013897384634],[-0.265467260548354,44.58213886272923],[-0.265501099623825,44.582178948390144],[-0.265542037977666,44.582195758067925],[-0.265597462106939,44.582207994662],[-0.265637641002073,44.58220950947997],[-0.265681361256923,44.58220686497511],[-0.265724872319534,44.58220278501265],[-0.265754035635156,44.58219912936541],[-0.265766312367262,44.582197775164396],[-0.26584804581253,44.582183194147376],[-0.265934853379765,44.58216044394365],[-0.266020811978207,44.582136096949505],[-0.266085137002472,44.582116984949536],[-0.266145188049788,44.58209808943014],[-0.266204395362699,44.58207768710485],[-0.266237111991825,44.582065726969084],[-0.26638736284441,44.58201082560344],[-0.266515785594271,44.5819621560494],[-0.266864398968256,44.58182543015751],[-0.267138083684561,44.58172065367969],[-0.267444175254176,44.58160077159705],[-0.267860905876002,44.581440852890864],[-0.26800912493706,44.58138357661945],[-0.268193488840531,44.58131477855064],[-0.268279270253098,44.58128088419712],[-0.26852393229307,44.58118444161671],[-0.268769432031749,44.58108941530397],[-0.268929417757038,44.58102854576088],[-0.268967405661795,44.581009671100034],[-0.269170272650593,44.5808947320522],[-0.269258811069265,44.58084534787416],[-0.269728199296675,44.580576191120436],[-0.270185531081852,44.58031225483126],[-0.270345999988937,44.58022064411099],[-0.27038307461531,44.58020125537736],[-0.270448543822556,44.580167149950206],[-0.270482471387414,44.5801500168365],[-0.271219623508095,44.57980489538898],[-0.27160059456413,44.58030250368731],[-0.271723432268545,44.58038806497056],[-0.271752650566462,44.58040711175402],[-0.271763524209715,44.580414177922634],[-0.271872426510625,44.5804920427936],[-0.271995068868281,44.580585088053695],[-0.272023295566943,44.58060659690805],[-0.272263416457411,44.58079274993642],[-0.272373959679537,44.58087714318151],[-0.272420787958323,44.5809128773977],[-0.272444679744426,44.58092919861036],[-0.272526653153673,44.58098182150578],[-0.272653564621547,44.58106149460432],[-0.272695998168503,44.581099701618186],[-0.272771647404843,44.58126928395555],[-0.272826396035359,44.581395876383375],[-0.272865829716276,44.581436695117844],[-0.272990485345448,44.58156436901685],[-0.273030165754169,44.58160509028723],[-0.273081579218632,44.58165681661447],[-0.273076240502023,44.5816582362901],[-0.272386967085069,44.58185968008367],[-0.271867244791255,44.58192616869281],[-0.271843401371735,44.58194111128952],[-0.271666993321086,44.58205139702487],[-0.271450806735192,44.582186647883184],[-0.271415885749157,44.5822084059116]]],[[[-0.263021588952061,44.5817991251192],[-0.26235469733978,44.58196308241816],[-0.261796070207165,44.58210257366996],[-0.261749147152129,44.58201277700815],[-0.261535517090201,44.581603989643],[-0.262757347327114,44.58129578727148],[-0.263021588952061,44.5817991251192]]],[[[-0.261145949585894,44.58459100752796],[-0.261106647071038,44.58462865932382],[-0.261009263357633,44.58462558845695],[-0.260847057052177,44.584620016698295],[-0.260626426412203,44.58461139443587],[-0.260394236681293,44.58456202672441],[-0.260362878128272,44.58455826730192],[-0.260350048368074,44.58456315117188],[-0.260062648921641,44.58428060830743],[-0.260189228539193,44.584173705121586],[-0.260254960549391,44.58411779367765],[-0.260307037728112,44.584080846252625],[-0.260414896941077,44.58401215792553],[-0.260503116173065,44.583954861564976],[-0.260550401823375,44.58393535498303],[-0.260614582060027,44.583909312728686],[-0.260964242494204,44.584211099328876],[-0.260975085373772,44.58420456212869],[-0.261173440766944,44.58408526658976],[-0.261330332885644,44.583992423682325],[-0.261451357473533,44.58410345847553],[-0.261506848425595,44.58415389824613],[-0.261573978972453,44.58418759572382],[-0.261743082586351,44.58427756802604],[-0.261787956311634,44.58429047861422],[-0.261816493818658,44.58429341994265],[-0.26195071297798,44.58415952881471],[-0.262271014652953,44.58432414314281],[-0.26248750105793,44.58440280338189],[-0.262455236575754,44.584488001607404],[-0.26235929753949,44.58465157723585],[-0.26215195303608,44.58486394515119],[-0.261950394412896,44.58479925950727],[-0.261833741389702,44.584766033907044],[-0.261697083597181,44.584740066582434],[-0.261145949585894,44.58459100752796]]],[[[-0.258309016065304,44.588175553907384],[-0.258511195801554,44.58758311757596],[-0.25891903808975,44.58721148758299],[-0.258952576926036,44.58717004224411],[-0.258986778883471,44.58711389077316],[-0.259048979628129,44.58709061098605],[-0.259336640177368,44.58699355148469],[-0.259530774633485,44.58692970608982],[-0.259602153752401,44.58691471472027],[-0.25966553335956,44.586903112981865],[-0.259706695558368,44.586895410668895],[-0.25980879271725,44.58687744010105],[-0.259911723010061,44.5868607963671],[-0.260016426673877,44.58685302024176],[-0.260033051666432,44.5868527096674],[-0.260138229546198,44.5868509562331],[-0.260157712031447,44.586852093009504],[-0.260191552809636,44.5868551485396],[-0.26022523025242,44.586859740608595],[-0.260258366758074,44.586865880364456],[-0.260291901970671,44.586850564159555],[-0.260374345842824,44.58682632556023],[-0.260446484661474,44.5868441081898],[-0.260476157430618,44.586929909863805],[-0.260318219445822,44.58688051183356],[-0.260682384305966,44.586994550692374],[-0.260683092783366,44.58698281656301],[-0.260561253620021,44.58682287953908],[-0.260810899557713,44.58663755768095],[-0.261040590262813,44.58647129533324],[-0.261405994648609,44.586203444431455],[-0.26139854867405,44.58619023919341],[-0.26138646522888,44.586146986870446],[-0.261400583405971,44.58585914575278],[-0.261414344788167,44.585593480194326],[-0.261560185000636,44.58545771464887],[-0.26259316018841,44.5853989088605],[-0.262666204330755,44.585395309157555],[-0.263150587081847,44.585362345880036],[-0.263403480759604,44.58534234855641],[-0.263427606062102,44.585338752351916],[-0.263449607279157,44.58533548921875],[-0.263510226658696,44.58532198454041],[-0.263907415957369,44.585157072844666],[-0.264079987728022,44.58508682854802],[-0.264240058068663,44.58474178288221],[-0.264295170216349,44.58475294820925],[-0.264458488681995,44.584784251141535],[-0.264594747626646,44.584814191358994],[-0.264767235247078,44.58485360223979],[-0.264793791168959,44.58488110906998],[-0.264810229382888,44.58491242899165],[-0.264881369146218,44.584984839875304],[-0.264985004168986,44.585091519744864],[-0.264996060122113,44.58510173476564],[-0.265020971402759,44.585124785088986],[-0.265088163156842,44.58518343691929],[-0.265129141593477,44.58522268098565],[-0.265234788784307,44.58532272373348],[-0.265270938583569,44.58535913717208],[-0.265341073460359,44.585429415077314],[-0.265368083937521,44.585449520004794],[-0.265469439689991,44.58545147850503],[-0.265550809879557,44.58545231597886],[-0.265550951368785,44.58545258210024],[-0.265554280271904,44.58545563722305],[-0.265562971879206,44.58546421017641],[-0.265559383436907,44.5854806247165],[-0.265553903549903,44.58550574496143],[-0.265502009036365,44.585550167990675],[-0.265471497621402,44.58557629873546],[-0.265430647990045,44.58555453071471],[-0.265405865578313,44.58557508592536],[-0.265409122409999,44.585587784075614],[-0.265387953605276,44.58560760171522],[-0.265385676745039,44.585609651280734],[-0.265383410300521,44.58561188074181],[-0.265419796517122,44.58563495208783],[-0.26543477533165,44.5856323467202],[-0.265443588477139,44.585638663545026],[-0.265449764537806,44.58564298600723],[-0.265456999600733,44.58564817817206],[-0.26537681641937,44.585707043010885],[-0.265335180919752,44.58574791893627],[-0.26531006590835,44.58577361976048],[-0.265306020838037,44.58577779394956],[-0.265242684010517,44.58587066954233],[-0.265185869486172,44.5859542519654],[-0.265173331366746,44.58597723823875],[-0.265138939059656,44.58605394063888],[-0.265092584837678,44.58615487368019],[-0.265044537791084,44.58625270318878],[-0.264992876135238,44.58634036793893],[-0.264978987231472,44.586357447407075],[-0.264951492514683,44.58637907381791],[-0.264866124449534,44.5864551207896],[-0.264848376155486,44.58647087271246],[-0.264816910140766,44.58648270529889],[-0.264775808732187,44.586497976297366],[-0.26470656925932,44.58653029745427],[-0.264609346910903,44.58658452962301],[-0.264315730597617,44.58667871575351],[-0.264257904151954,44.58669475123922],[-0.264186981322696,44.58671324614187],[-0.264010850819534,44.586754763126514],[-0.263827344981254,44.58679956126135],[-0.263801629648407,44.5868040154463],[-0.2637123501387,44.58681251065614],[-0.263660688021448,44.586810883900526],[-0.263447433432373,44.58678826344296],[-0.263426461309486,44.58678753167308],[-0.263405205272009,44.58678843012061],[-0.263384410114993,44.5867907565724],[-0.263364081041751,44.58679460097667],[-0.263357367458605,44.58679624099583],[-0.263337777021142,44.586801955704445],[-0.263319282003189,44.586809169769026],[-0.263306026586909,44.5868154180834],[-0.263282247450642,44.58682936571512],[-0.263193682912512,44.58690469486179],[-0.2626812010112,44.58734791035228],[-0.262552801550238,44.58744955422023],[-0.262506970355044,44.58748334482569],[-0.262459692099474,44.587516096939666],[-0.262430298390842,44.58753543614357],[-0.262398525784396,44.587561603244836],[-0.262319371635081,44.5876623326364],[-0.262239762998274,44.58778136604207],[-0.262178260665525,44.5878494075727],[-0.262097922253195,44.587912238951674],[-0.262033710317309,44.587953059613355],[-0.261968287412796,44.587992564478874],[-0.26191178864658,44.58802504808328],[-0.26175365661626,44.588111891470426],[-0.261594056283602,44.58819733635748],[-0.261517214930148,44.588237808885964],[-0.261344937235982,44.588313356205546],[-0.261176283322938,44.588377443421145],[-0.260840286248816,44.58847161001456],[-0.260626934518284,44.58850845391778],[-0.260592024312175,44.588513088705646],[-0.260446591315892,44.58852522132862],[-0.260301367330715,44.58853878921447],[-0.260263389353325,44.588542703549344],[-0.260214632114634,44.588549909444154],[-0.260124319375839,44.58856239663821],[-0.259998582209534,44.58859025563062],[-0.259951581691284,44.58860822174732],[-0.259905403969025,44.58862733487694],[-0.259875665642895,44.58864073683115],[-0.259768655304508,44.58870246159628],[-0.259636034891636,44.58878575563914],[-0.259514858697625,44.58884672694234],[-0.25937230876115,44.588910941869656],[-0.259277775404487,44.58893986131009],[-0.259240828951369,44.58894635778814],[-0.259217389497328,44.588948761468394],[-0.259193861668766,44.58894963602416],[-0.259170124793073,44.58894907511831],[-0.259141464394858,44.588946226763774],[-0.259082769402154,44.588940750789625],[-0.259023669693575,44.588936998658575],[-0.258961107929373,44.58893442987995],[-0.258757295833824,44.58896621319485],[-0.258617107022484,44.58898620766304],[-0.258606380046704,44.58885948093453],[-0.258609340136859,44.58877541891203],[-0.258632634166321,44.5886701236394],[-0.258647218594152,44.58861049582081],[-0.258309016065304,44.588175553907384]],[[-0.258655276362425,44.58857755192051],[-0.258647218594152,44.58861049582081],[-0.258647219153339,44.58861049653995],[-0.258655276362425,44.58857755192051]]],[[[-0.258102445053309,44.58406311037239],[-0.258084251641362,44.58407554054149],[-0.258070192040557,44.584085325903935],[-0.258134615016361,44.58413766617955],[-0.258081800819642,44.584177157122205],[-0.258027403455156,44.58421543332786],[-0.258002285230517,44.58423239265658],[-0.257994572974015,44.58423856688664],[-0.257928041285054,44.58428503986482],[-0.257818563161017,44.584207899282035],[-0.257787817633286,44.584186371082374],[-0.257731613561251,44.58421956465832],[-0.25730673619663,44.58392052766766],[-0.257215108081038,44.583857726736184],[-0.256950002779867,44.584052596472716],[-0.256723026902186,44.584217869011745],[-0.256553614838225,44.584094020269546],[-0.256800362230613,44.58391744291474],[-0.256731211981186,44.58385307764892],[-0.256867665664867,44.58376643033799],[-0.257012799356721,44.58367727430142],[-0.256779093926777,44.583461797104974],[-0.256675581756887,44.583525037588984],[-0.256618507049803,44.5835584364692],[-0.256563303936628,44.58350852652106],[-0.25623590948944,44.58370108677175],[-0.256189025602729,44.583666428745516],[-0.256178200021018,44.583660170568386],[-0.256171127052162,44.583657766193056],[-0.256158212535594,44.58365463305457],[-0.256144877664039,44.58365295393017],[-0.256129935297197,44.583656187673476],[-0.256003102566813,44.583717322005924],[-0.255963067521363,44.583737964332755],[-0.256174106482012,44.5839059073965],[-0.256261367447296,44.58397388361138],[-0.256423271081947,44.584103089959086],[-0.256233462371966,44.584243929170775],[-0.256047482994982,44.584381231276375],[-0.255966736418701,44.58443920461878],[-0.255822113411625,44.584546004000536],[-0.255625749115853,44.58469127014742],[-0.256004132475846,44.58498213374642],[-0.256183972550829,44.58512279518755],[-0.256198870365646,44.58513406907607],[-0.256069838368337,44.585220496649356],[-0.256078232453649,44.585306926635475],[-0.256057038207641,44.58531980533835],[-0.256013377603043,44.585286403659246],[-0.255998600456994,44.585275036085704],[-0.256014798923241,44.58525861053962],[-0.255873531217658,44.58514402216554],[-0.255662100543747,44.584975909679834],[-0.255528760782372,44.58509255743978],[-0.255384410769509,44.58522160317745],[-0.255624447827048,44.5853829261762],[-0.255694217210862,44.585429614078535],[-0.255473463293265,44.585539017817496],[-0.255494553373034,44.58556146202135],[-0.255330092518793,44.58564136461154],[-0.255143519876476,44.585508558831776],[-0.254896786212165,44.58567684251715],[-0.254683163757652,44.58554501346757],[-0.254588968034786,44.58548796238059],[-0.254558142603174,44.585469408984],[-0.254311199915284,44.585319459803756],[-0.254520693244449,44.58510884617946],[-0.253947335708524,44.58474911923395],[-0.254068688651526,44.58459074942349],[-0.254167872076932,44.58445240453927],[-0.254237003569462,44.5843526074828],[-0.254319290719713,44.584238276790785],[-0.254423904433875,44.584084814825815],[-0.25457970809769,44.583865872198956],[-0.254622140086169,44.583801550754266],[-0.254642519110013,44.58376581064484],[-0.254668520198465,44.58370296456535],[-0.254690474079654,44.583620235295996],[-0.254861081824066,44.583708101076],[-0.255163886101964,44.58386487161284],[-0.255340485614712,44.58377911516326],[-0.255465515605975,44.58371731395121],[-0.255697461356422,44.58360316516963],[-0.255747116259726,44.5835788154669],[-0.255780331519336,44.58356233874682],[-0.256040517752538,44.58343510280314],[-0.25626046960117,44.58332725312189],[-0.256313171858072,44.58330110136794],[-0.25637345928913,44.58327094165341],[-0.256423149962513,44.58324722128706],[-0.256587402508443,44.58316822405155],[-0.256638520222048,44.58314301987819],[-0.256881818193419,44.58302249691304],[-0.256952238526894,44.58298879436181],[-0.257179127125216,44.58287668361248],[-0.257409407825103,44.58276438221138],[-0.25779150035177,44.58257822358392],[-0.25795583066944,44.58296333391623],[-0.258007882729406,44.5830721723298],[-0.258062164099112,44.58318031424527],[-0.258079498732515,44.583214131411566],[-0.258111743218069,44.583265979442146],[-0.258145839295089,44.583317142124926],[-0.258160684503491,44.58333841854236],[-0.258222314749698,44.583414447688924],[-0.258026585293003,44.58350942303906],[-0.257915059185257,44.58356704457852],[-0.257662849732751,44.58369044567556],[-0.257815431619676,44.58381974483331],[-0.257970680966429,44.58395374048206],[-0.258102445053309,44.58406311037239]]],[[[-0.257160329966861,44.58913532218841],[-0.256980948781213,44.58917097680472],[-0.256770640406663,44.58921475128472],[-0.256617039281153,44.58924486966645],[-0.256471768868729,44.589270777716415],[-0.256441673434379,44.58927364737006],[-0.256328325931288,44.58927374590692],[-0.255932581667024,44.58925270716336],[-0.255802339687609,44.58924627533112],[-0.255736529730084,44.58924641342314],[-0.255495214314187,44.5892619967631],[-0.255247583040811,44.58927956776705],[-0.254752650867423,44.58930514760929],[-0.254754802196472,44.58927688246087],[-0.254767419476498,44.58911099430019],[-0.254784967299001,44.5888819799478],[-0.254801833774526,44.5886608245123],[-0.254818531435601,44.58844111568762],[-0.254835404117843,44.588217887763435],[-0.25483761374764,44.58818844958692],[-0.254850178627093,44.58802166200534],[-0.255283383458532,44.588056196562015],[-0.255956888005293,44.58811004467292],[-0.255941284676477,44.58813897675823],[-0.255931240438204,44.58821396698293],[-0.257819403073348,44.58829739950031],[-0.257765666345274,44.58862001647802],[-0.25776106262316,44.58864727284756],[-0.257676837923828,44.58914495546592],[-0.257473523542078,44.589146087164266],[-0.2573260098154,44.58914187850851],[-0.257160329966861,44.58913532218841]]],[[[-0.254611548634768,44.58361364147715],[-0.254596911424204,44.58368552314094],[-0.254563515678366,44.58377534720152],[-0.254303688994722,44.584151428492945],[-0.254036887037964,44.58453122861879],[-0.253974361013077,44.58460785508821],[-0.25388609759383,44.58469073607284],[-0.253878523626091,44.58470150108884],[-0.253861535598171,44.58473921345666],[-0.253846587317462,44.58477731622566],[-0.253833558113252,44.58481590305363],[-0.253829128084895,44.58483090028713],[-0.253818859961628,44.584882380333084],[-0.25381676095561,44.58483288650993],[-0.253817751849928,44.584600936786714],[-0.253697742236132,44.58455095273088],[-0.25340395648413,44.5848564919622],[-0.253231246712643,44.58503601602356],[-0.253370986275418,44.58502586245381],[-0.253347732014504,44.58505330760457],[-0.253195204047486,44.585228632979494],[-0.253014073092966,44.58543705693916],[-0.253006038251158,44.58544639384775],[-0.253029869675968,44.5854442502104],[-0.253364928435838,44.58559620141114],[-0.253448053700679,44.58563402769827],[-0.253689625761112,44.5858089148806],[-0.253691224374255,44.58581039950097],[-0.25370035410461,44.58582004164341],[-0.253339754987546,44.585979422761355],[-0.253301333035735,44.58599091631937],[-0.253265852866313,44.58599439429114],[-0.25321575624427,44.586015512176495],[-0.25328300607047,44.58604695859108],[-0.253346918238169,44.58602273062793],[-0.253420208896661,44.586106437921096],[-0.253353602753879,44.58613642166946],[-0.253252321840747,44.586181662876044],[-0.253214403201861,44.58619314157287],[-0.253161113191134,44.58620480277232],[-0.253118710185378,44.58620848462958],[-0.25307664711088,44.58621368817778],[-0.253036922274282,44.58622008424848],[-0.253006248141614,44.58622819592413],[-0.25297870376619,44.58623810752392],[-0.252938769589266,44.58626054774383],[-0.252917299077169,44.586277398409614],[-0.252902783738143,44.58629242237619],[-0.252854146341867,44.58636944996768],[-0.252843982859986,44.58639434697525],[-0.25283329739041,44.586432053731976],[-0.252832250721441,44.58646199817072],[-0.252845728250462,44.58648800084416],[-0.252691517399715,44.586562101252],[-0.252541079005134,44.58649174816926],[-0.252389313501622,44.58642242509337],[-0.252316442556213,44.586389702059044],[-0.252019798031923,44.58625238405851],[-0.251843975609354,44.58617034363424],[-0.25165013299176,44.58608189576339],[-0.251452522980742,44.58598932374367],[-0.250981859741584,44.585772701892914],[-0.250931336830694,44.585858613975326],[-0.250875294764723,44.58584440596079],[-0.25086966795973,44.585851779692085],[-0.250831229985613,44.585926433732794],[-0.250791245214686,44.58600050258493],[-0.25076653625362,44.586044298279184],[-0.250721964819302,44.58613066577308],[-0.250833422307562,44.5861241411579],[-0.250810881310553,44.58617273850497],[-0.25059074999399,44.586509709267325],[-0.250521906553703,44.58666716010508],[-0.250490988568951,44.58674105206874],[-0.25045984096847,44.58690721434346],[-0.250442751596891,44.58709197417408],[-0.250434242856438,44.587189353647844],[-0.250430046949494,44.587236870349905],[-0.250364624339074,44.58744494735761],[-0.250240011488464,44.58745077739349],[-0.25006271604636,44.587459148853746],[-0.249953816169158,44.58746415572909],[-0.249858001587562,44.58746868732234],[-0.249856138114119,44.5873553949444],[-0.249841477570288,44.58712723983566],[-0.249812992175327,44.58670730593611],[-0.249803841570957,44.58654413183329],[-0.249734802123904,44.586293429960946],[-0.249722685417444,44.58625819659829],[-0.249705687208436,44.586190760598505],[-0.249649896538603,44.58597742120218],[-0.249620975167681,44.58586060027814],[-0.249601693040454,44.58572070013992],[-0.249596584310604,44.58566048276772],[-0.249596185187285,44.58557697084037],[-0.249603453512519,44.58549305308645],[-0.249618895703323,44.58543502410568],[-0.249630082889534,44.58539505044253],[-0.249718102303131,44.5851809030146],[-0.249754732433548,44.58509017452786],[-0.249793126023402,44.58499723170774],[-0.249821151324602,44.584927840069184],[-0.249824399285319,44.58490981437927],[-0.249827568508312,44.58483791058921],[-0.249810523184836,44.584763087755164],[-0.249781724497638,44.58470527949848],[-0.249762122171982,44.584673600201526],[-0.24970519227836,44.58461770099956],[-0.249663289933015,44.584588479952885],[-0.249635217110243,44.58457389879433],[-0.249612249929182,44.58456259122277],[-0.249911915649719,44.584406907814106],[-0.250063130923216,44.584331187528555],[-0.250275383764259,44.58422294604829],[-0.250476519252418,44.584120887951556],[-0.250489020280221,44.584114663411995],[-0.250653134751316,44.58403090399902],[-0.250746129146244,44.58398410707811],[-0.250867142217347,44.58392251957652],[-0.251191049998452,44.58375882068587],[-0.251210527952843,44.5837489668061],[-0.251408360322781,44.58364871610414],[-0.251412147950086,44.58364662235785],[-0.251495508640579,44.58359019731397],[-0.251715901255029,44.58343954596004],[-0.25173049635679,44.583430286273966],[-0.251882391284378,44.5833336399165],[-0.251963231051346,44.58328161358832],[-0.252055187891713,44.58322998060834],[-0.252075841134042,44.58321865033872],[-0.252205984626758,44.583151476440854],[-0.252380345784264,44.583059663862876],[-0.252517858597041,44.582989118992465],[-0.252616405853559,44.582938102315296],[-0.252655827818721,44.58291774958909],[-0.252768559546756,44.58285910686809],[-0.252814964814925,44.582833052209935],[-0.252856068374727,44.582806883403435],[-0.252969224791973,44.582714079639395],[-0.25309781904759,44.582604782960374],[-0.253194634921914,44.582519398123814],[-0.253230407990794,44.58248825044662],[-0.253456310705389,44.582291211220756],[-0.253463992060451,44.582284497622915],[-0.253472615220847,44.58228973972338],[-0.253475367208716,44.58229155076377],[-0.253556726996315,44.5822332909059],[-0.253639517538309,44.58219327935364],[-0.253665901155454,44.58218295124003],[-0.25367565063341,44.582181492654755],[-0.253685608992678,44.582181469531704],[-0.253695403848611,44.58218298294443],[-0.253697962523279,44.58218362836078],[-0.253711146395746,44.58219143909243],[-0.25372229701048,44.58220552671125],[-0.253822065128274,44.58246198807709],[-0.253859248479019,44.58255144405065],[-0.25387129702546,44.5825723528871],[-0.253899151788981,44.58260937457038],[-0.253973393869566,44.582683412416834],[-0.25405129771036,44.58276409990179],[-0.254083982093864,44.58279305032455],[-0.254132686967284,44.58283089915131],[-0.254218840948822,44.5828841328588],[-0.254321058430509,44.582944822006006],[-0.254385015997602,44.582986996585696],[-0.254428528532589,44.58301788032733],[-0.254510276738149,44.58309088573264],[-0.254561796572337,44.58314910439783],[-0.254593832782746,44.58320177040653],[-0.254614551992435,44.583254950160644],[-0.254621283684077,44.58327547503153],[-0.254625891322934,44.58329633280885],[-0.254628238664955,44.58331734730601],[-0.254629785640045,44.58337911113688],[-0.254628659638341,44.58342951089759],[-0.254626466988553,44.58346579620728],[-0.254622094591569,44.58352548197459],[-0.254615566973157,44.58358496096031],[-0.254611548634768,44.58361364147715]]],[[[-0.253939203404907,44.590654690012066],[-0.253871634122364,44.590569732929225],[-0.253439149879147,44.5900081679591],[-0.253409644860476,44.58997975419758],[-0.253366775280235,44.589936056489975],[-0.253325374757715,44.589891594681674],[-0.253324312011271,44.58988847244001],[-0.253324231658714,44.589882708318854],[-0.253326306753946,44.58987715100625],[-0.253330175237796,44.58987208147186],[-0.253341145964892,44.589865541297954],[-0.253373602367866,44.58986206234285],[-0.253511961509206,44.58984744452255],[-0.253738935487652,44.58982363839379],[-0.253836054406881,44.58992250151918],[-0.253835933721425,44.58992259517631],[-0.254173375980783,44.59026612055921],[-0.25419922204619,44.590292299312935],[-0.254377387568646,44.590473649455085],[-0.254319562187893,44.59051166428777],[-0.254252292082707,44.59054770485337],[-0.254215164893634,44.59056420619307],[-0.254189227756258,44.590575782624434],[-0.254030102319814,44.590626062573165],[-0.253939203404907,44.590654690012066]]],[[[-0.253519983272824,44.59229220060406],[-0.253493373753212,44.59233803522001],[-0.25347328684565,44.59237016246336],[-0.253417151590961,44.592461557163524],[-0.253359338182369,44.59255228045497],[-0.253326883298818,44.592601711071566],[-0.253134615865957,44.592901645898415],[-0.252932630873234,44.59322114829409],[-0.252826066143872,44.59319031862945],[-0.251864853626583,44.592921739847],[-0.251952381198973,44.59266183305303],[-0.251863442488935,44.59263706092885],[-0.25200060889437,44.59239173060338],[-0.252111552233737,44.59207653276629],[-0.252181462986085,44.59192661774946],[-0.252272047599274,44.591737260189625],[-0.25228306613763,44.591714049964125],[-0.252446488519033,44.5913709066694],[-0.252250772636032,44.59135306366072],[-0.252289147958042,44.591017116875435],[-0.253548275571092,44.591069140932376],[-0.253518915179019,44.5911372215415],[-0.253515328061715,44.591153725676115],[-0.253515758154454,44.59120489062022],[-0.253562500155111,44.59160635718271],[-0.253600176266194,44.59175670780556],[-0.253621896543529,44.591840312796116],[-0.253626972806887,44.59187584342939],[-0.253629693688222,44.59191207416275],[-0.253622742022455,44.59199264946613],[-0.253600462420912,44.5921025988984],[-0.253567544077501,44.59219862570497],[-0.253544914784067,44.592245694601914],[-0.253519983272824,44.59229220060406]]],[[[-0.25301240219884,44.59727508072772],[-0.252792833141312,44.59735344825681],[-0.252722557577727,44.59737470946265],[-0.252654699390024,44.597455366502544],[-0.252663139360953,44.59745520806153],[-0.252671289864083,44.59745658987176],[-0.252678768034442,44.597459433106486],[-0.252685049548193,44.597463392799945],[-0.252689751539759,44.59746839012555],[-0.252692480765637,44.59747416635914],[-0.252693206092499,44.597480181807924],[-0.252691339568443,44.59748717459923],[-0.252466279946897,44.5977021169845],[-0.25243938606292,44.597727776956056],[-0.252082105997473,44.5979941854622],[-0.25202269181076,44.59803323683101],[-0.251904446725777,44.59809303166857],[-0.251787664034235,44.59815413484481],[-0.251734687431619,44.59818236453861],[-0.251555250714928,44.59827008988476],[-0.251068339195907,44.598499585010074],[-0.250815634913264,44.59862893007618],[-0.250540395919669,44.59877209252881],[-0.250239875785761,44.598925188537784],[-0.25013200159818,44.59899431708584],[-0.250088339677535,44.59902227187132],[-0.25003580357291,44.59905598394492],[-0.249848880401313,44.59917582261802],[-0.249701861144904,44.5992703397556],[-0.24955617293892,44.59936607894984],[-0.249487922777505,44.59941160583617],[-0.249322441243762,44.59953153359677],[-0.249248836328612,44.59958262393951],[-0.249165739335072,44.59963750740486],[-0.24908715157203,44.59968748278515],[-0.248983715193599,44.59973737808785],[-0.248828347031132,44.59980961419033],[-0.248658070197117,44.59991202204249],[-0.248540323964454,44.59998279081786],[-0.248371693730739,44.60009190739259],[-0.248069431050532,44.60028721594871],[-0.247914906323974,44.60037195001101],[-0.247742521585539,44.60046847165832],[-0.247733605537415,44.600473509188525],[-0.247659926454504,44.60051459932862],[-0.247626455850209,44.60053342350204],[-0.247558648820405,44.60057136757696],[-0.247478136694169,44.60061644274678],[-0.247388404236473,44.60065908587814],[-0.247348311853348,44.60071621756417],[-0.247304732631828,44.60075660276307],[-0.247285100408122,44.60077483980184],[-0.247263426299067,44.6007948487918],[-0.246897211327512,44.601082045371456],[-0.246819865440307,44.60114270462171],[-0.246777154038309,44.60117189150738],[-0.246687425721094,44.60119272935945],[-0.246692343815777,44.60118177262879],[-0.246697261908548,44.60117081589797],[-0.246729650194098,44.60109814315358],[-0.246752617807703,44.601045839928595],[-0.246900881094742,44.60057637815817],[-0.247045841968913,44.60012188002111],[-0.247049870957396,44.60009986693224],[-0.247058341982839,44.600043304510955],[-0.247065034875081,44.599986524056],[-0.247061764461761,44.59990345656018],[-0.247062650936384,44.59985315389606],[-0.247057334422363,44.59973455648479],[-0.247048332648826,44.59967021837426],[-0.247032052033941,44.599617447016044],[-0.246990193456055,44.59948622839169],[-0.246946205185463,44.599355252570355],[-0.24688693833281,44.59916480842263],[-0.246720413457094,44.59864252006748],[-0.246703337415076,44.59857373403527],[-0.246699962921195,44.59855455152916],[-0.24669266652197,44.59850448942877],[-0.246687636243767,44.59845436071973],[-0.246715372508759,44.59792203748891],[-0.246753427935499,44.59725137577175],[-0.246764606641022,44.59700750327907],[-0.246787132411992,44.59670446109493],[-0.246793672387522,44.59657713589511],[-0.246810273067368,44.596285080076925],[-0.246828892984926,44.595993055028615],[-0.246844058233893,44.595776816639194],[-0.246864424514148,44.59572098585342],[-0.246901984122838,44.595665911050766],[-0.246952791886379,44.595619727204884],[-0.24703349165715,44.595567078285534],[-0.247116949341572,44.595522907846416],[-0.24716796019802,44.59549996405743],[-0.24748626511705,44.59536464396783],[-0.247783047439528,44.59523662329958],[-0.247862741961452,44.59520157305933],[-0.248063522159088,44.59511448745269],[-0.248265255488194,44.59502863485333],[-0.24838934555586,44.595267357924655],[-0.248505371907328,44.59525664723872],[-0.24851037484822,44.595295333773336],[-0.248589915940651,44.59580702255424],[-0.248611497906755,44.59584017579195],[-0.249551984060478,44.59570258608139],[-0.249597797221794,44.59583891316362],[-0.249672520871452,44.59606989715385],[-0.24974936970902,44.59630054830018],[-0.249770628303116,44.59636308392859],[-0.250799033883923,44.59583428919982],[-0.25138433872682,44.59551828424941],[-0.251453592188301,44.595501198614656],[-0.25148808425309,44.595550459853676],[-0.251602271698361,44.59569810839115],[-0.251689441987525,44.59581240375961],[-0.252251958175734,44.596522510686995],[-0.252336130746734,44.59662851448057],[-0.252399586992712,44.59659835404881],[-0.252410878363899,44.59659297587008],[-0.252462406700669,44.59666209816893],[-0.252553046795283,44.5966113148153],[-0.252596163018182,44.59658706922679],[-0.252870270274472,44.59643330265394],[-0.252899527523051,44.59647704129226],[-0.25291844015504,44.59650540690793],[-0.252959560944044,44.59655149918692],[-0.253040831382728,44.59661154603587],[-0.253146946069214,44.596693476599306],[-0.25323866264509,44.596783760096514],[-0.253352899298118,44.59689716703653],[-0.253496774886082,44.597041236408586],[-0.253516865209145,44.59706596318666],[-0.253521975548744,44.59710644849751],[-0.253509214746384,44.59713007060745],[-0.253489928464993,44.59714550547712],[-0.253155022632049,44.597244390358014],[-0.253077366623621,44.597257940228054],[-0.25301240219884,44.59727508072772]]],[[[-0.247291136612763,44.58995520916287],[-0.247293563895965,44.5899710856866],[-0.247329855618852,44.59022689682582],[-0.247336081863736,44.59026933157612],[-0.247427922604315,44.59025482783462],[-0.247462016064354,44.590229407924696],[-0.24792571391568,44.5899065448987],[-0.247958208363355,44.58987964013305],[-0.248045020673716,44.58981068245758],[-0.248458293153849,44.59001125600651],[-0.248625990983725,44.58991712306647],[-0.248626116859443,44.58991711936376],[-0.248838399778322,44.590010346427725],[-0.248773737350189,44.59006324587427],[-0.248892396261305,44.59012030323193],[-0.248989503984411,44.59017096658884],[-0.248989624678442,44.590170872936994],[-0.249080174195732,44.59024776839837],[-0.249134666477838,44.59029409908398],[-0.248995464663258,44.590386042972895],[-0.249127748892796,44.590430085104344],[-0.249154675585609,44.59040721812733],[-0.249154801462384,44.59040721442401],[-0.249177212606916,44.59042196238891],[-0.24920158965462,44.590438004029885],[-0.249365074396724,44.59054428889871],[-0.249428128547266,44.5904963018812],[-0.249655094547045,44.59063639863367],[-0.249707434921638,44.59058629396508],[-0.249727011073711,44.590597791499874],[-0.249770755710786,44.590623895072476],[-0.249893496811649,44.59069704953572],[-0.249958128461869,44.59073551298296],[-0.249964189062076,44.59073128007985],[-0.250114858613094,44.59082082179441],[-0.250130291832285,44.59080856434998],[-0.2501963565407,44.59084563397604],[-0.250223919026636,44.590820675687674],[-0.250281551457615,44.59085583099273],[-0.250246781387237,44.59088262323668],[-0.250437595517588,44.59100359975451],[-0.250370554419565,44.59106116534003],[-0.250476947923831,44.59118318473269],[-0.250358916084827,44.591233331013676],[-0.250470240747323,44.59136214310307],[-0.250509574188654,44.591405765797845],[-0.250543056481721,44.591446317046355],[-0.25021976783931,44.59156467401626],[-0.250427643404218,44.59175191361528],[-0.250481785278656,44.591722118444],[-0.250704418027537,44.59159879450067],[-0.250722505624191,44.59168070482376],[-0.250719726042273,44.59175935498951],[-0.250717494012098,44.591819067762735],[-0.250636147422648,44.59185597085859],[-0.250462992615153,44.59193422942222],[-0.250452351887799,44.59192463144619],[-0.250260084754505,44.5920410244213],[-0.249829449155807,44.59229877240889],[-0.249893591869374,44.592372479968816],[-0.24956273404962,44.592528089225],[-0.249327914277838,44.59263915510156],[-0.249077204396296,44.59248101479543],[-0.248820217270068,44.59261660852722],[-0.248799316960009,44.592525229939206],[-0.248751716488985,44.59243878141014],[-0.248578247983495,44.59254668944809],[-0.248450295267813,44.59247503820796],[-0.248399484854833,44.592523295210206],[-0.248260888560395,44.59265432418678],[-0.248222858088646,44.59269022176737],[-0.248137003141085,44.59277149525186],[-0.248075453741092,44.59273402124461],[-0.24786282593205,44.59258241690121],[-0.247405804998387,44.5923012248028],[-0.24726187638717,44.59221049004167],[-0.247214258413452,44.59218062498927],[-0.247100736805429,44.59211647687556],[-0.247079553712681,44.59210772914848],[-0.247018887791965,44.59208338339939],[-0.246931650757253,44.592059638587],[-0.246287548722845,44.59198270513874],[-0.24605307569244,44.59193995111737],[-0.245392036528286,44.59179215027883],[-0.245316369843614,44.591776623830086],[-0.245305445558338,44.59176865553716],[-0.245282937215409,44.59172372579178],[-0.245280179129317,44.5917020924794],[-0.245279187438796,44.59150957564996],[-0.245210656350523,44.59129156260714],[-0.245139099305919,44.591066970992536],[-0.245083049713505,44.59088616331825],[-0.245055430577074,44.5908312924135],[-0.244989444409688,44.59071664052989],[-0.244932622894318,44.590640733084456],[-0.244879216333449,44.5905847277043],[-0.2450599473675,44.59058986916747],[-0.245142336847108,44.59043959252708],[-0.245036000672174,44.590410370766556],[-0.245063146761049,44.59034965596567],[-0.244861358747528,44.590283143727476],[-0.244866467745535,44.59027551523601],[-0.244904708479276,44.5902191597564],[-0.244964345461881,44.590131451155514],[-0.245043557754315,44.59012317702449],[-0.24533576007106,44.59007152257653],[-0.245468982962484,44.59004868643964],[-0.245520113492437,44.590062951538904],[-0.246028609510101,44.59020496303842],[-0.245982557789072,44.590278938018336],[-0.246362430742716,44.59038346212681],[-0.246406719776689,44.590309538788006],[-0.246477023868094,44.590177186013165],[-0.246489529042498,44.59018195417175],[-0.246551961104178,44.590077133375615],[-0.246492784198395,44.59005670810299],[-0.246547474726057,44.589966350849764],[-0.246674611691043,44.58980277407883],[-0.246676639240286,44.58979856982416],[-0.246686449549569,44.58978062161237],[-0.246702278757331,44.58975114372115],[-0.246734294034899,44.58969181703605],[-0.246750605979391,44.589661964541484],[-0.246777011133691,44.58967163998441],[-0.246817316375107,44.589686222732304],[-0.247273476096074,44.58981273800596],[-0.247291136612763,44.58995520916287]]],[[[-0.248489819515978,44.58780492368079],[-0.248475848549125,44.587960759001],[-0.248460285982116,44.58813493166426],[-0.24838385563571,44.58811483476601],[-0.24824414121406,44.58807740768266],[-0.247802431699638,44.58792136924726],[-0.247415223061523,44.58778336852863],[-0.247307939152798,44.58775733050247],[-0.247275143322815,44.58775270858674],[-0.24724154926894,44.58774955174877],[-0.247208184673131,44.58774819017403],[-0.247174394281744,44.58774819262433],[-0.247140948855385,44.5877498067394],[-0.247124642597193,44.58775127730565],[-0.246857699072839,44.58780561805419],[-0.24655964968838,44.58786717966389],[-0.24636803339296,44.5878633520075],[-0.246319270669501,44.58785514462843],[-0.246325558630742,44.58778477112993],[-0.246302203523943,44.587722927595514],[-0.24628464799319,44.58767641094433],[-0.246264926443693,44.587622930087676],[-0.246238623257005,44.587533962717465],[-0.246223622597849,44.58744421260402],[-0.246236819530184,44.58743472448212],[-0.246256198401272,44.58737054355995],[-0.246255648170869,44.58727117838264],[-0.246230051164685,44.587100288510044],[-0.246223282960333,44.58709003575367],[-0.246193228762086,44.58704541822419],[-0.246161333167631,44.58700166572452],[-0.246149204036647,44.58698589418851],[-0.245991666702218,44.586767975539395],[-0.24595999727299,44.58672376584331],[-0.245779862179299,44.58647245303423],[-0.245792650594907,44.586469013731865],[-0.246051034307316,44.58640186240518],[-0.245991933262563,44.586334492211044],[-0.245857605242528,44.586241582037026],[-0.245620694183714,44.58607717327661],[-0.245584191543936,44.586051936637446],[-0.24559641237864,44.58604301788365],[-0.245699246289874,44.5859698970546],[-0.245681917465135,44.58595797244447],[-0.245650027281623,44.58593620430034],[-0.245614729993141,44.585912193661166],[-0.245589812429266,44.5859283332423],[-0.245488822740248,44.585858229488444],[-0.245475238097697,44.58586754871488],[-0.24529661335299,44.58599515515032],[-0.245149095254165,44.585898667369314],[-0.24507860986806,44.585852534684506],[-0.245239961037654,44.58566137452792],[-0.245004810974912,44.58554502670213],[-0.244868359654035,44.58571536236232],[-0.244788198347563,44.58566320676497],[-0.244717646099623,44.5856093271657],[-0.244663189680664,44.585567859018724],[-0.244567357441243,44.58551066756707],[-0.244279433797255,44.58540397786687],[-0.244322737364378,44.585341437127376],[-0.244325725285652,44.58533639380204],[-0.244327121839256,44.58533437055539],[-0.244330377014368,44.585329589680626],[-0.244412880331417,44.58520769213674],[-0.244460242192414,44.585138995354605],[-0.244551747123959,44.58502674431635],[-0.244566652146888,44.58500531290476],[-0.244604601655499,44.58494833540295],[-0.24464853717431,44.58488145112064],[-0.244682286582601,44.58483036344834],[-0.244790234265489,44.58466645182053],[-0.244895349820273,44.58448838737594],[-0.244895465333763,44.584488203780055],[-0.244895811874227,44.58448765299242],[-0.245006677153153,44.584319690971185],[-0.245151622977982,44.58409765794771],[-0.245251178630067,44.58394570555578],[-0.24529953307177,44.583872384077615],[-0.245325821315405,44.58383187705679],[-0.245384662770623,44.58373923607262],[-0.245403554701113,44.58370822678506],[-0.245455468320984,44.58361569926531],[-0.245484709461918,44.583567356751004],[-0.245497288024852,44.58354932730902],[-0.245541885846446,44.58349837101886],[-0.245603120156339,44.58341665187719],[-0.245629135824314,44.58338236974433],[-0.245694466070355,44.58329296169589],[-0.245775487742528,44.58317389973352],[-0.245837353912167,44.58308783704255],[-0.246056036410606,44.58315916590669],[-0.246227400566232,44.58322539813676],[-0.246340647269972,44.58327414720706],[-0.246485332281463,44.583358733035894],[-0.246807203974706,44.583588757730226],[-0.246947154507777,44.58370276499126],[-0.247009514665346,44.583750126434666],[-0.247308411980234,44.58394235229217],[-0.247710368248919,44.584209934267754],[-0.247802543156837,44.58427146530103],[-0.24792803248125,44.58429192151261],[-0.248052428367469,44.58436782181798],[-0.248161256263525,44.584433908408634],[-0.248225129558572,44.58447248493449],[-0.248491713658588,44.58462889716474],[-0.248656687818409,44.58472414616689],[-0.248901143062945,44.58486625172475],[-0.248790839069435,44.58509411864589],[-0.248646438973892,44.585078094011166],[-0.248551522397456,44.5851835112655],[-0.24850305793636,44.5852089038099],[-0.248601551327079,44.585327552634766],[-0.248694787745186,44.58558475118195],[-0.248853717736679,44.58601931807558],[-0.249058744854239,44.586579931555704],[-0.248689599461016,44.58666566560093],[-0.248821578008213,44.58748809986979],[-0.248689432535201,44.58750324995683],[-0.248516319084558,44.587522938736605],[-0.248498577977083,44.58772276416986],[-0.248489819515978,44.58780492368079]]],[[[-0.247619413964468,44.59387117461981],[-0.247572007686167,44.59394573078124],[-0.247603488708855,44.59396030252591],[-0.247668926023101,44.59399739221737],[-0.247761223057181,44.59404982017604],[-0.248128426183818,44.594257877753606],[-0.248058331138287,44.59430850374043],[-0.248043925859772,44.5943189286157],[-0.24790133160281,44.59442223335549],[-0.248016874056822,44.5944994762295],[-0.247948723893209,44.59455103605964],[-0.247943649096508,44.59455487944743],[-0.247913195120867,44.59457784982049],[-0.247886614052993,44.594598003257374],[-0.247874129593114,44.59460674980081],[-0.247385708474212,44.59429953999716],[-0.247346750920559,44.59427338474347],[-0.247298181598211,44.59432337733172],[-0.247193590637558,44.59441439121229],[-0.247087324754601,44.59447851395482],[-0.246908252555595,44.594533063785924],[-0.246827969121388,44.594549119289205],[-0.246727068197691,44.594570646273084],[-0.246626753604006,44.594593597547274],[-0.246511629735966,44.59462653476335],[-0.246409099883515,44.59457377582156],[-0.246095171855871,44.5944061340285],[-0.245937195250519,44.59458620393202],[-0.24623838069803,44.59473620048132],[-0.246144369473976,44.59480951282197],[-0.246167910073663,44.594837292932866],[-0.246309009482539,44.594944510939065],[-0.246400175388173,44.59490281751828],[-0.246592051881015,44.594820951904055],[-0.246672743291422,44.59478569302658],[-0.247082620607281,44.59460704653791],[-0.247143390174471,44.59464409358739],[-0.247660280520261,44.59497046992791],[-0.247851328799989,44.59509099396092],[-0.2477308360524,44.59514238088609],[-0.247346202896061,44.59531271904844],[-0.24702149880064,44.595455164653764],[-0.246953602655748,44.59549365167579],[-0.246860103426829,44.595569292219515],[-0.2463869700051,44.59537434505099],[-0.24638684411706,44.59537434875115],[-0.245862500724129,44.59515720800973],[-0.24582619433485,44.59514205675172],[-0.245825073631389,44.59514668484838],[-0.24579255984625,44.59529162208625],[-0.245747815803075,44.5954760226558],[-0.245764620806409,44.59554670877976],[-0.245817450202679,44.59556849250049],[-0.245845477355621,44.59558001272515],[-0.245859248432958,44.59556293929915],[-0.246105524722726,44.59566589537382],[-0.246105650611434,44.59566589167398],[-0.246724745278134,44.595925387014596],[-0.246724871167381,44.595925383314054],[-0.246700779021321,44.59630415652314],[-0.246678885232739,44.59665322182417],[-0.246656563685485,44.59697734166932],[-0.246638766467501,44.59743260619909],[-0.246633645118011,44.59749916141928],[-0.246630646411622,44.59761791302607],[-0.246606995875089,44.59816426197357],[-0.24660050952136,44.59818959090667],[-0.246585217128758,44.59849782665887],[-0.246590818623924,44.59855568729934],[-0.246598208560095,44.59861394588087],[-0.246619474490799,44.598698556718205],[-0.246486938871811,44.598694253020646],[-0.246411769033417,44.59888026916615],[-0.246385977158748,44.59896455118661],[-0.246376746173553,44.59904077795357],[-0.246371784786243,44.59913859366942],[-0.246383526079667,44.59917167620085],[-0.246388990557882,44.59918773384629],[-0.246465390999949,44.599338480531976],[-0.246479207672139,44.5993813231132],[-0.246485770546008,44.59942302737202],[-0.246492944180665,44.59946876824339],[-0.246518741593654,44.59965397932073],[-0.246515120864289,44.59984735326905],[-0.246503735377889,44.59988616120823],[-0.246477903653942,44.6000026106522],[-0.24638450272354,44.599977154012734],[-0.246373686806999,44.6000258563531],[-0.246322265633006,44.60025640541258],[-0.246672717701977,44.60035035263742],[-0.24682754548874,44.60039130297722],[-0.246848063888868,44.60039502472851],[-0.246826396739487,44.60046990520907],[-0.24676527981528,44.600654697707256],[-0.246713496963823,44.60079353438034],[-0.246713371063712,44.60079353808088],[-0.245784845701043,44.60052925786002],[-0.245706633094667,44.60069536041851],[-0.245982443287316,44.60082024547301],[-0.245966042915246,44.600844243886],[-0.246175546364093,44.600908276260164],[-0.246614976889817,44.601042767495265],[-0.246615102790492,44.60104276379484],[-0.246504173120047,44.601238570971326],[-0.246434143837134,44.601349651920806],[-0.246342216149325,44.60146371903493],[-0.246312696434806,44.60149422996738],[-0.246048416081701,44.601764642256825],[-0.245889685639777,44.60194293213254],[-0.245333804251075,44.60173103817784],[-0.245439932592459,44.60154375278506],[-0.245413234063907,44.60153345472987],[-0.245284041290895,44.601484360874245],[-0.245060064006572,44.60170790515738],[-0.245059932927288,44.601707818906725],[-0.244947938442535,44.60181950093604],[-0.244852796781764,44.60179670699253],[-0.244550553196354,44.602095711583765],[-0.244741769496808,44.60217064559551],[-0.244859954489524,44.60221690993678],[-0.244704017597018,44.602371509360715],[-0.244597476211797,44.60247717423519],[-0.244467315039362,44.60268741968565],[-0.244465807685202,44.60268971649424],[-0.244398604465541,44.602795216855135],[-0.244639479553345,44.602871756054704],[-0.245053580188868,44.603004204805224],[-0.244917948213065,44.60320046562756],[-0.244642634721209,44.603575265591324],[-0.244405658181307,44.6035073516275],[-0.243924181721814,44.60336786880287],[-0.243738485264161,44.60331439550495],[-0.243462123032806,44.603234841724564],[-0.243302231227665,44.60318925977574],[-0.242919947290555,44.60314507084133],[-0.242604217852488,44.60310901831506],[-0.24207798038591,44.603059501320956],[-0.242034210198631,44.60305718189374],[-0.241773876136367,44.603043558256054],[-0.241716834183026,44.60304072717364],[-0.241611605048069,44.6030355258857],[-0.241615333165785,44.60287882042827],[-0.241553812571369,44.60251292241483],[-0.241550899663233,44.60250832262777],[-0.241408345572574,44.60227725138036],[-0.241280656879388,44.60207439601022],[-0.241274679395012,44.60206475037],[-0.241269276365508,44.60195102093327],[-0.241257520111182,44.60152275430976],[-0.241251199633391,44.601458877797604],[-0.241257394021442,44.60142842202436],[-0.241253804485326,44.60139230665931],[-0.241240974024143,44.60130951971338],[-0.241219806682339,44.60122211193081],[-0.241209211041083,44.601151873583554],[-0.241214118983232,44.60111659009834],[-0.241239676731234,44.60107196087166],[-0.24126727988012,44.601027812227315],[-0.241253260131595,44.60102525027091],[-0.241036685389454,44.601099180931435],[-0.240819277118413,44.601171784090106],[-0.240714432682073,44.601206125193045],[-0.240875829968187,44.601736591167125],[-0.24101700008428,44.60220692234145],[-0.241067521011602,44.60236618065412],[-0.241301508904844,44.603134726604736],[-0.241159590825171,44.60318457208831],[-0.241118902076563,44.603198560317175],[-0.240989136315271,44.60324480536902],[-0.240966766158447,44.60325275990087],[-0.240799943649689,44.60331036348322],[-0.240715764814959,44.60333788122685],[-0.240618814017884,44.60336919743327],[-0.24006908616729,44.603545162562696],[-0.239947421454889,44.60359414207764],[-0.239882217535709,44.60362047192163],[-0.239818745239628,44.603646210331895],[-0.239761916800453,44.603669050814865],[-0.239640594957,44.6037152267849],[-0.239494068932877,44.60376394377576],[-0.239371948452434,44.603805007091154],[-0.239205286642921,44.603861071750444],[-0.239191431187225,44.60386796532184],[-0.238813293225834,44.60354468726873],[-0.238584100854541,44.60334867924145],[-0.238350819088862,44.60315170947054],[-0.238347471860199,44.60314613122434],[-0.238031143545445,44.602601102017566],[-0.237963010940084,44.602464433563405],[-0.237939640271233,44.60241763533131],[-0.237813374369814,44.602162475961926],[-0.23778142286331,44.60197942608093],[-0.237765939081308,44.601830582438595],[-0.237764653841808,44.601601763386114],[-0.237790083841003,44.60142748334589],[-0.237779438708694,44.60128822882753],[-0.237776099378662,44.601274000640004],[-0.237769732578214,44.601248778762006],[-0.237754742434109,44.60118758902201],[-0.237689952780277,44.6010344241691],[-0.237580925147089,44.60087075268099],[-0.237465044044317,44.600693136122],[-0.237350779714087,44.60051511168706],[-0.237143593310663,44.60024520435651],[-0.236915355720228,44.599949063527916],[-0.236811884952927,44.5998228007384],[-0.236773852866062,44.59976661099404],[-0.236757151751095,44.599719527083565],[-0.236768129128489,44.59965811696654],[-0.236803005240905,44.599591231185265],[-0.236933450413645,44.599346028156724],[-0.237065562097255,44.59910131673162],[-0.237149903484956,44.59894711498588],[-0.237582687475397,44.59814073128454],[-0.237620689693487,44.59806023845916],[-0.237731559971587,44.59782344698458],[-0.23783464974539,44.59758733397525],[-0.237910744272797,44.597423552360404],[-0.237991408581003,44.59725810501014],[-0.238030399343124,44.59717947517737],[-0.238216795228504,44.59683496088847],[-0.238255529194679,44.5967672407115],[-0.238519654980604,44.59632484988284],[-0.238609825158525,44.596177864325185],[-0.23872588778679,44.59597452719154],[-0.238839899181821,44.59577061937169],[-0.238888894099964,44.59568178475619],[-0.23911616587337,44.59528948801379],[-0.239275545692667,44.59503685612503],[-0.239523083548408,44.594615492233075],[-0.239604104337284,44.594482739804846],[-0.239683200277557,44.59434941306694],[-0.239716587761853,44.59429185036732],[-0.23986545906854,44.59399907050755],[-0.239898257769904,44.59391809878871],[-0.239919891720212,44.59384691516826],[-0.239934597160137,44.593769267324994],[-0.239940271338148,44.593696839961446],[-0.239948221759884,44.59362452602741],[-0.239951263331139,44.59360065016931],[-0.24001206502169,44.59318187966179],[-0.240044762618943,44.592985041155025],[-0.2400694599658,44.59276528142637],[-0.240095389737494,44.592551612408286],[-0.24012956380773,44.592209307827694],[-0.240153028759133,44.59187155219241],[-0.240155345174833,44.59131934640011],[-0.240534947865566,44.59126126640428],[-0.240719248673319,44.591220989557364],[-0.241379899700637,44.59105527814003],[-0.241589254438583,44.591007777226636],[-0.241715140516597,44.590982277832715],[-0.241931641994484,44.59094285576258],[-0.242148356961826,44.590904958707895],[-0.242365783777032,44.59086848193593],[-0.242436624042098,44.590857121767925],[-0.242571055422388,44.59082236040682],[-0.242674763731129,44.59079273569043],[-0.242739337650483,44.590766692660594],[-0.24305456236514,44.590613185072435],[-0.243142214617453,44.59057844512427],[-0.243111263480142,44.591033462711316],[-0.24310203275126,44.591144828232025],[-0.243111447629143,44.591242761795606],[-0.243127108359358,44.591243202928105],[-0.243310905546357,44.591246815657435],[-0.243443050911133,44.59123806945142],[-0.243444373581015,44.591256681506735],[-0.243338259274191,44.59126421275861],[-0.243369250293966,44.59148296879294],[-0.24371879170751,44.59145252059339],[-0.243714522330736,44.59147255830356],[-0.243651931498413,44.59176983772855],[-0.243643451266448,44.59180874011424],[-0.243791001919193,44.59180692936342],[-0.243940916719012,44.59180676089439],[-0.243908737282301,44.592310469727074],[-0.243904501057696,44.592361771533184],[-0.243911217204206,44.59260565795836],[-0.243910860770508,44.59278578040047],[-0.2437232073455,44.59347587961069],[-0.243691898396522,44.59347085245898],[-0.243567836802626,44.593690378080865],[-0.243460175152116,44.59383112412363],[-0.243345013328848,44.59397740626358],[-0.243238169691824,44.59411704683968],[-0.243085409733829,44.59437480653085],[-0.243084595783265,44.59437600174469],[-0.242817021023353,44.594832201082866],[-0.242450115677218,44.595460165202745],[-0.242383112183071,44.59556466720212],[-0.242267800205529,44.595752308933406],[-0.24296103785648,44.59593747740678],[-0.24277429476948,44.596472754767575],[-0.242651002851618,44.596830832256046],[-0.242734248023886,44.596848661076486],[-0.242709617506944,44.59691813135518],[-0.24289714413842,44.596964343773735],[-0.242859031002201,44.59707565646882],[-0.242818044669355,44.597178674099446],[-0.242775604328767,44.59728930289913],[-0.242692339306887,44.597483843076034],[-0.242621647808658,44.59765143422506],[-0.242612705745966,44.59766917636263],[-0.242546756515703,44.59782275266507],[-0.242481783128446,44.597969182288786],[-0.242765989186007,44.598045263632756],[-0.242539703961639,44.59861675102032],[-0.24261042641721,44.59859440210387],[-0.242629071039472,44.59859187253297],[-0.242435238413239,44.59898652949005],[-0.242395543190605,44.59898264906292],[-0.242235158287028,44.59937785552465],[-0.242191397634306,44.59948311679741],[-0.242160101181243,44.59956170265255],[-0.242176775484836,44.599621400830046],[-0.242187719893025,44.599625314343996],[-0.242218103564166,44.5995725242158],[-0.242242648101682,44.5995914458307],[-0.242257885137193,44.59959325111042],[-0.242276273246162,44.599584061648244],[-0.242303504694149,44.59960804015024],[-0.242577407353634,44.59920878037859],[-0.242552388646557,44.59918599841024],[-0.242715295063101,44.599049578172185],[-0.243290634221333,44.598561186519746],[-0.243478239985511,44.59876651460873],[-0.243588228118142,44.59851478561111],[-0.243674659585696,44.5983139346616],[-0.243759180070927,44.59816098351349],[-0.243823238630521,44.59806665841134],[-0.243848153709933,44.59807448632191],[-0.244010582858314,44.59792987885317],[-0.244087506230433,44.59795834413432],[-0.244130747086241,44.59788796648009],[-0.244197912107632,44.59777751188477],[-0.243844446651507,44.597685628223815],[-0.243745968441687,44.59765950772554],[-0.243404967880728,44.59756725664394],[-0.243335654178411,44.597548298397754],[-0.243469410994231,44.59711350686153],[-0.243516747311742,44.59695867451255],[-0.243637841874557,44.59656687248002],[-0.243789335999689,44.59614237183195],[-0.243811641420333,44.596025936768555],[-0.243970264904054,44.595569781201085],[-0.244017551229204,44.59548207547273],[-0.24405019486169,44.59540507132888],[-0.244595178902833,44.594692400974054],[-0.244675503940676,44.594718693432526],[-0.244917018873166,44.59427226490594],[-0.244803058493935,44.59423777049544],[-0.24504967496633,44.59385155955421],[-0.245150232370218,44.5936882249983],[-0.245086755374286,44.59368297208097],[-0.245373942992776,44.593241507637984],[-0.245339573055855,44.59323368766235],[-0.245121658496674,44.59318512898895],[-0.24508718862726,44.59317776237881],[-0.245081939009761,44.59306024457599],[-0.245323989558458,44.59277886463624],[-0.245397297978352,44.592689853035814],[-0.245163513526444,44.592628425888115],[-0.245170048182348,44.59230594228991],[-0.245211078237795,44.592100837950305],[-0.245253759968829,44.59189595537393],[-0.245273335346686,44.59180446818923],[-0.245393993300531,44.591826150984744],[-0.245704426012752,44.59189829957343],[-0.246044600652463,44.59198110611303],[-0.246174300356332,44.592004324352835],[-0.246881273174759,44.59209571847521],[-0.246993294791064,44.592116301942234],[-0.247044910833146,44.59213676912061],[-0.247153710637881,44.59219555994619],[-0.24740752150444,44.59235730737198],[-0.247494137471523,44.592414047130056],[-0.247550876740849,44.59245121236842],[-0.247773504862358,44.59260351430483],[-0.247893911366602,44.59267989329242],[-0.248019027643409,44.59275703466524],[-0.248064135605717,44.59278490089314],[-0.248144103773133,44.59282471645929],[-0.248405845437404,44.59296424385033],[-0.248369406216045,44.592997121339],[-0.248255427570393,44.59310021567062],[-0.248185369599203,44.593182105805276],[-0.248024341002889,44.593368125241355],[-0.247861240214509,44.59355321424812],[-0.247619413964468,44.59387117461981]]],[[[-0.245556742630908,44.58722468570959],[-0.245354771848492,44.5873782966595],[-0.245309178306211,44.587355038968354],[-0.24525488234724,44.587327351744946],[-0.245196963736171,44.58729805903422],[-0.245129677169644,44.5872637256221],[-0.244949464456625,44.58717099129918],[-0.244720880944994,44.5877408382168],[-0.24359257602864,44.5876688357918],[-0.243352417456112,44.58765183232619],[-0.243004020436469,44.58760530030632],[-0.243037598808673,44.58755556970691],[-0.243095597831756,44.587470072730724],[-0.243436075728096,44.586947039447814],[-0.243273978206138,44.58687106982247],[-0.243053695182751,44.586767706149544],[-0.243020133029689,44.58675193300737],[-0.24293267323259,44.58671098267375],[-0.242815691870442,44.586834161764585],[-0.242670949922892,44.58675741135062],[-0.242670824053832,44.586757415046534],[-0.24243506273522,44.58663261020016],[-0.242263699834435,44.58675729526071],[-0.242035372890642,44.58661704429434],[-0.241976815416383,44.58665993941271],[-0.241869723348554,44.586738047060514],[-0.241677593464708,44.5868787480258],[-0.241577481556967,44.58673392150463],[-0.241504245430581,44.586598217120184],[-0.241492350535645,44.586579915421176],[-0.241359027675693,44.5862762249521],[-0.241389230206799,44.58629498040694],[-0.24188592577716,44.58593639588324],[-0.241752338462761,44.585768495443254],[-0.241611344077875,44.58568667824829],[-0.24159712310977,44.58567835592601],[-0.241664570392727,44.585614657093245],[-0.241824090020795,44.58546383103011],[-0.24184504779486,44.585455557230325],[-0.241852889468897,44.585453795315416],[-0.241865901997547,44.58545206180295],[-0.241879007593704,44.585451947369],[-0.24189194935561,44.58545336945472],[-0.241907282424441,44.585461298687335],[-0.241960716335803,44.58548721072779],[-0.242015074495909,44.585511653999085],[-0.242080076102164,44.58553920859696],[-0.2420864986912,44.58554127255681],[-0.242098878367549,44.58554388243012],[-0.242111552910774,44.585545042034056],[-0.242124265416271,44.5855446688102],[-0.242136890016621,44.585542766453834],[-0.242148802549821,44.585539443390516],[-0.242159756453283,44.58553479696001],[-0.242169751726474,44.58552882716261],[-0.242238134593859,44.5854550993138],[-0.242273234638677,44.58541649678204],[-0.242816198440085,44.585643555540564],[-0.242713690698512,44.58571801551782],[-0.243015197733163,44.58590089600821],[-0.243353629619622,44.58565155912118],[-0.243788228080127,44.585335965438524],[-0.244044245068933,44.58538115384181],[-0.244179111893722,44.5854155748001],[-0.244315417092808,44.58546184664636],[-0.244367101878357,44.58547924936687],[-0.244328425418108,44.58551264172962],[-0.244272462405958,44.58556113825833],[-0.244218892444634,44.58560740203514],[-0.244144546090437,44.585671665589956],[-0.244435701738378,44.58584547593731],[-0.244594463721272,44.58594019265906],[-0.244600334735002,44.58594362419541],[-0.24472606257584,44.586018588128894],[-0.244947436914341,44.585834134279494],[-0.245073920391895,44.58591565297826],[-0.245261425380591,44.58603439199159],[-0.245161910147658,44.58611480314232],[-0.244716188116558,44.586473707313644],[-0.244607683083912,44.58656005842371],[-0.244733616935701,44.586614473359674],[-0.245433871400443,44.58618501848258],[-0.245444952664796,44.58617820555699],[-0.245470344375358,44.58620097565488],[-0.245529987633631,44.586264636030535],[-0.245612597889462,44.58637465404371],[-0.245829829357823,44.58667686498254],[-0.24612538036531,44.58708894913788],[-0.245858245376732,44.587205642992416],[-0.245734777833322,44.58725765606099],[-0.245670724590386,44.58719845018737],[-0.245648094678301,44.587177671262886],[-0.245581233311753,44.58721207262622],[-0.245556742630908,44.58722468570959]]],[[[-0.242732671661904,44.58969910270088],[-0.242662075935372,44.58972126802234],[-0.241471922625238,44.58991856808079],[-0.241466474366568,44.589898365205165],[-0.240023143387912,44.5901156941629],[-0.240143755863855,44.590553649429935],[-0.239647146534888,44.590556865314745],[-0.239465598443848,44.58982850035448],[-0.239526093184595,44.58982582486408],[-0.239317293678206,44.589011492398804],[-0.23965585459794,44.588829649191055],[-0.239680026512715,44.588818037925336],[-0.239855746415796,44.58948007886146],[-0.240276303661077,44.58941521173276],[-0.240639153566736,44.589362037509375],[-0.240406162829378,44.58849120273465],[-0.240558946323679,44.588424820489315],[-0.240573063825976,44.58848180039927],[-0.240633988545493,44.58854587628584],[-0.240679191744346,44.588639155616725],[-0.240943144088406,44.58860501031508],[-0.241129876926708,44.588580879327516],[-0.24109202331763,44.58835881069554],[-0.241104572844891,44.58835339674851],[-0.240998522081094,44.588234692891405],[-0.241142846454449,44.58817252248963],[-0.241214454381324,44.58830620270275],[-0.241269337314087,44.588282697435424],[-0.241373218596446,44.58869708535199],[-0.241633021589644,44.58868288235532],[-0.241630373996852,44.58864998318226],[-0.241606800849962,44.5884197468206],[-0.241577772426851,44.58818453486359],[-0.241439649952276,44.58816155879737],[-0.241388685201392,44.588064574544326],[-0.241571803680789,44.587981983348705],[-0.242041702957859,44.5877645618253],[-0.242102106129276,44.587916049976336],[-0.242141750661235,44.58790821864908],[-0.242176281185831,44.587984691577816],[-0.24228774529779,44.587962858385666],[-0.242392803624895,44.58794364587467],[-0.242699665184775,44.587919048530885],[-0.242873845747493,44.58790032872998],[-0.242979531944881,44.58817050106552],[-0.243073635461591,44.58841902889045],[-0.243281000277939,44.588959761358424],[-0.243365931292394,44.58917152699966],[-0.243211957579304,44.58921280999121],[-0.243011575537296,44.58926491614459],[-0.243157986413121,44.58957227564764],[-0.242917750486368,44.58963519274143],[-0.242798297858233,44.58967383962109],[-0.242732671661904,44.58969910270088]]],[[[-0.240436141295663,44.58838535576927],[-0.240372191401699,44.588413451483795],[-0.240364524640878,44.58835682288638],[-0.240298057723949,44.58807558658345],[-0.23989315259164,44.588149365335276],[-0.239882561357721,44.588103274200954],[-0.23961389949049,44.588145393923654],[-0.239650218282738,44.58830353640899],[-0.239462675088512,44.58833111249767],[-0.239440491347166,44.58821490265133],[-0.239041497859176,44.588248950632064],[-0.238933528249442,44.587822337243985],[-0.238849471843615,44.5873334838269],[-0.23885597062218,44.587332482323404],[-0.238761119116668,44.58670392927567],[-0.239033158658375,44.5862992377492],[-0.239103289799096,44.58631952569329],[-0.239115941936215,44.58629834135736],[-0.23918471438542,44.586319119605555],[-0.239220004955697,44.586329887640495],[-0.239258504244666,44.58634164275208],[-0.239342380516189,44.586192949162644],[-0.239463294727159,44.586217153265906],[-0.239426455427387,44.586032356401056],[-0.239350066862357,44.58601946027017],[-0.239428372932607,44.58579794853772],[-0.239717962849008,44.58586135351673],[-0.239998261747504,44.585923228338444],[-0.240098152478213,44.58594579603411],[-0.240235539271228,44.58597582301618],[-0.240446180146471,44.58602343237081],[-0.240615514890421,44.586060900786514],[-0.240623311692324,44.586062744304556],[-0.240626761803924,44.586063544067486],[-0.240634558606558,44.58606538758473],[-0.240722844172175,44.58608784478237],[-0.240664138563853,44.58619399418569],[-0.240682278517943,44.58624418852921],[-0.240744132657548,44.58625426666238],[-0.240758794626601,44.58631195131598],[-0.240808995491059,44.586509780776694],[-0.240857591423328,44.58670819794432],[-0.240868659009762,44.586755986908564],[-0.241028482340631,44.58673760117591],[-0.241144216768274,44.586724293428674],[-0.241142965290885,44.58671568049231],[-0.241162049299726,44.58670989454701],[-0.241241839962903,44.587003533503015],[-0.240942846362688,44.587044294339236],[-0.241199286190314,44.588055446992634],[-0.241015294607475,44.58813382843911],[-0.240832135283717,44.58821353665436],[-0.240718899749534,44.58826380206033],[-0.240436141295663,44.58838535576927]]],[[[-0.239927091760955,44.5931865348105],[-0.239874757010982,44.593449813068936],[-0.239850693485056,44.593693791327844],[-0.239830824192022,44.593841779220796],[-0.239813281264822,44.59390076929679],[-0.239669363529283,44.59423367887451],[-0.239621909849466,44.59431417936824],[-0.239460897653149,44.59458442934168],[-0.23929833192855,44.59485400381991],[-0.238856032768749,44.59560363979369],[-0.238772253509555,44.59574989755637],[-0.238677197617073,44.59591279417342],[-0.238579833824196,44.596075037566756],[-0.238328454903631,44.59650660311455],[-0.238094489547799,44.59690549152081],[-0.237848427666721,44.59738366240364],[-0.2377576183649,44.59757229265719],[-0.237712250935348,44.59767165231538],[-0.237627902635431,44.5978608138755],[-0.237545216223086,44.598050377162004],[-0.237314890473082,44.59846014944713],[-0.23722243598254,44.59863116767313],[-0.23713077441559,44.59880063086293],[-0.237080433676006,44.59889247742083],[-0.236973165500847,44.599091049942096],[-0.236867690116603,44.599290110422146],[-0.236764762926634,44.599489636730965],[-0.236702160117347,44.599600763621496],[-0.236679319403078,44.599613686639294],[-0.236660073241896,44.599607943529165],[-0.23662991513697,44.59957467896563],[-0.236603322747736,44.59954860809006],[-0.236575009118293,44.59952330845146],[-0.236470034360719,44.59945430356818],[-0.236368509131132,44.59939925326887],[-0.236219014320448,44.599354348110396],[-0.236185651103027,44.5993443332797],[-0.2358812334878,44.599225849020804],[-0.235808911936443,44.59919841458716],[-0.235747292858906,44.599175081532884],[-0.235604517896685,44.59911979732737],[-0.23546268329097,44.59906331409098],[-0.234601730654081,44.5987246121802],[-0.234295274415205,44.5986056428717],[-0.234067254452448,44.598515190697945],[-0.233836289023427,44.59842833824345],[-0.233621663810036,44.59834713381842],[-0.233447529774848,44.598281502415404],[-0.233381020333214,44.59825641915181],[-0.233302775951245,44.59822681392133],[-0.233205984960454,44.59819045336906],[-0.233388001063835,44.597971316267355],[-0.233361663477937,44.59796064446064],[-0.23326911205882,44.597923439068296],[-0.233201996385124,44.59789657144658],[-0.233011323061438,44.59811208728634],[-0.232832474709081,44.59804118690723],[-0.232721047792698,44.59799588384562],[-0.231981542502511,44.597700730747945],[-0.232050574178831,44.59746183618039],[-0.232109717267936,44.59725503646569],[-0.232138209964536,44.59716031782985],[-0.232145635503102,44.59713586346644],[-0.232214030011138,44.59700907265427],[-0.232472468973548,44.59653704076032],[-0.232574170349365,44.5963511600421],[-0.23266538144273,44.596180272655126],[-0.232754284702228,44.59600873193037],[-0.232812570994604,44.59589043573574],[-0.232892918925253,44.59572365033227],[-0.232971347097868,44.59555638045668],[-0.232981246475527,44.59553329523472],[-0.232996749768126,44.59547598794264],[-0.232999822811483,44.59542841496181],[-0.232991855746264,44.59508491430931],[-0.232992055717698,44.594837672389566],[-0.232994575207477,44.594637485209525],[-0.233063994135442,44.59466500618971],[-0.233144376349227,44.59470779360762],[-0.233563394171314,44.59487257471925],[-0.233477554787457,44.59510187105176],[-0.233506125136838,44.59510752187921],[-0.233685686740392,44.595142629998875],[-0.233837579999509,44.59517242108992],[-0.233857826697863,44.595134076113794],[-0.233894426710823,44.59506425769481],[-0.233926234567971,44.595003229238806],[-0.233992170875156,44.59502058016173],[-0.234256682176504,44.59507914895993],[-0.234540994749341,44.595181737099196],[-0.234557759473247,44.59515304462403],[-0.234666352114335,44.59506327762943],[-0.234686099946407,44.59504702176444],[-0.234773863018788,44.59497444320941],[-0.234998694254836,44.59475017496505],[-0.23498561528472,44.59474199847607],[-0.234793557186004,44.59483195783024],[-0.234785943075965,44.59483551455502],[-0.234775663538967,44.594823381722996],[-0.234683965147014,44.59471524346813],[-0.234404260072519,44.59486002737718],[-0.234335499589798,44.59489456728827],[-0.2341721494783,44.59502558165844],[-0.234045935514796,44.594997201543194],[-0.233823812925889,44.5949367604714],[-0.233727576114529,44.594907772605694],[-0.233710772240837,44.594900606033654],[-0.233546637382566,44.5948222485435],[-0.233421483232044,44.5947727531671],[-0.233197070886549,44.59468994286848],[-0.233128342252095,44.59465906803976],[-0.233097284677485,44.594638623331356],[-0.233045227212538,44.594595006767086],[-0.233008008105633,44.59454627060845],[-0.232999454661035,44.59451804919436],[-0.23299446705818,44.59441566071829],[-0.233025319632441,44.594414937811294],[-0.233066034188625,44.594166149600646],[-0.233045813894262,44.5939036478112],[-0.233047962750781,44.593835558978334],[-0.233053125411181,44.59373206250365],[-0.233060428097925,44.59362850338835],[-0.233121942367378,44.593445600559576],[-0.233195557080982,44.59328901323519],[-0.23325609966155,44.593155153479415],[-0.233297156642836,44.593086105826906],[-0.233354937908946,44.59299206119582],[-0.233414653651743,44.59289877080334],[-0.233538676300808,44.59277467538189],[-0.233599347523396,44.59271784763261],[-0.233727365805106,44.59257768720217],[-0.233876807585914,44.59250988077497],[-0.234054916020229,44.592460426138686],[-0.234115624428034,44.59243504209749],[-0.234175238023515,44.59240815837161],[-0.234236618072253,44.59236590578631],[-0.234380273255201,44.59226538139362],[-0.234522733079176,44.592163810604255],[-0.234581591866346,44.59211937914072],[-0.234672226209378,44.59205077105649],[-0.23508560115248,44.591730609424346],[-0.23518569906491,44.5916643366038],[-0.235242632825178,44.59164131499653],[-0.235448323252085,44.59162213474986],[-0.235659853885551,44.591616838710365],[-0.236005835434476,44.59165832954728],[-0.23616597937823,44.59169580426623],[-0.236443044379308,44.591771208742465],[-0.236765600588096,44.59182194326927],[-0.236866251329647,44.591837824484415],[-0.237087368439011,44.59188089914193],[-0.237267000842935,44.591904195895154],[-0.237350310121307,44.59189914101582],[-0.237414267337355,44.59188645417659],[-0.23747384390903,44.591863353929014],[-0.237569978800483,44.59182692827363],[-0.237794800291575,44.59176321368715],[-0.238041727214217,44.59170677939323],[-0.238451044020708,44.591669820084064],[-0.238577829395733,44.59166871527594],[-0.238614725915167,44.59167006605155],[-0.238724849970882,44.59167305367903],[-0.238835001761137,44.591674328469274],[-0.238942293083877,44.591671902806304],[-0.239012958898146,44.591664063925414],[-0.23935364544535,44.591560637387076],[-0.239604321741029,44.59148390698507],[-0.240050246946623,44.5913401795881],[-0.240069271727163,44.59134430669647],[-0.24004213862794,44.59232927401415],[-0.240032036700878,44.592427780288965],[-0.240004040179879,44.59268448801325],[-0.239974018939405,44.59294107494392],[-0.239927091760955,44.5931865348105]]],[[[-0.23789037671736,44.58932336856176],[-0.237918392288401,44.589242537819814],[-0.23794757549078,44.58915788861059],[-0.238078832135001,44.589017357537124],[-0.237589206661272,44.58885646679322],[-0.237427374798014,44.58880264556065],[-0.237507200614254,44.58865353160059],[-0.237621834652655,44.58869125686848],[-0.237878980734292,44.58877571068526],[-0.237948115949786,44.58879837127606],[-0.238882358911727,44.589104798891974],[-0.238744481976955,44.589189302308746],[-0.238714354492026,44.58921577442382],[-0.238695814003194,44.58924641176512],[-0.238679192612619,44.589277533428174],[-0.238663840285217,44.58930879807393],[-0.238607773072887,44.589471992763144],[-0.23789037671736,44.58932336856176]]],[[[-0.238403429682573,44.58993605675255],[-0.238381933332826,44.589945967455506],[-0.238359609402973,44.58995464101131],[-0.238336321687153,44.58996190121199],[-0.23831218573287,44.58996756446753],[-0.238287473955554,44.589971983192385],[-0.23827082018572,44.58997400322148],[-0.23742050840677,44.589998662198916],[-0.236924673091621,44.590015268288525],[-0.236764101338783,44.59003177762014],[-0.236759535608187,44.59002911831361],[-0.236756554648477,44.59002551155452],[-0.23675597370082,44.5900241770718],[-0.23680978981904,44.58992051583361],[-0.236833978796034,44.58987403578224],[-0.236908257095297,44.58970949746798],[-0.236923861756245,44.58966723342374],[-0.236953732053033,44.58954400131822],[-0.237545571725911,44.58967991410431],[-0.237689226350726,44.5893138586089],[-0.238131246853123,44.58940757828926],[-0.238600998945234,44.58950552866301],[-0.238500949170822,44.58985354815251],[-0.238488877542812,44.589869489555866],[-0.238475007481524,44.589884852989535],[-0.238459439035169,44.589899185015625],[-0.238442177368699,44.58991257558262],[-0.238423469069218,44.589924927358354],[-0.238403429682573,44.58993605675255]]],[[[-0.238275147494797,44.590732253833664],[-0.238258571554682,44.590729045732175],[-0.238109222900622,44.59069729433084],[-0.238015723583392,44.5909750229939],[-0.237832905018764,44.59099281676751],[-0.237676010284491,44.59099435294422],[-0.237622301983725,44.59099007088654],[-0.237426336093345,44.59091283278874],[-0.237269367134871,44.59085157040954],[-0.237202968022244,44.59082828850638],[-0.236864386307867,44.59071135064509],[-0.236796546075783,44.590687119638936],[-0.236349199186667,44.59051390149157],[-0.236593958632373,44.59020227883323],[-0.236970966635954,44.590277005251295],[-0.237034222712387,44.59028947721422],[-0.237071847025337,44.59029693398773],[-0.237153075264522,44.59009092568172],[-0.237527664061675,44.59007958489051],[-0.237745163666721,44.5900729383989],[-0.237972204030111,44.59006556125009],[-0.238325860805777,44.590054200741115],[-0.238323489239999,44.590061208032814],[-0.238256710778648,44.59025967568251],[-0.23856279017803,44.59031782560266],[-0.238463047551034,44.59068439686108],[-0.238347963828918,44.59072894742905],[-0.238343237275625,44.59073007712862],[-0.238326498728081,44.59073282045171],[-0.238309305065424,44.59073422560639],[-0.238292144306031,44.59073400798091],[-0.238275147494797,44.590732253833664]]],[[[-0.23788014732711,44.60478120051279],[-0.237609573825093,44.60498690294119],[-0.237331900188984,44.60519857921415],[-0.237189739936017,44.60514111598985],[-0.237088553536487,44.605105337626775],[-0.237059103796385,44.60495266822369],[-0.237036789821328,44.60473536740747],[-0.23659866533254,44.60450285953836],[-0.236431609125967,44.60465759216426],[-0.236136204123563,44.60493393679621],[-0.235985073720972,44.60507612860844],[-0.235891973980786,44.60502740803586],[-0.235569439239557,44.6048904411371],[-0.235457098837012,44.604851474081386],[-0.235345997040648,44.6048121102365],[-0.235229205683352,44.60477029998229],[-0.235149016197729,44.60473994174534],[-0.235066731838007,44.60471703308819],[-0.235386603857778,44.604238418806894],[-0.235492122435951,44.60408161590101],[-0.235307492161258,44.60400485129264],[-0.235297801299249,44.6040008102653],[-0.235082247938329,44.60393900671849],[-0.234922207153899,44.60389512905655],[-0.234712735361928,44.603838192377374],[-0.234703299631554,44.603858380999824],[-0.234351749688955,44.60380245039833],[-0.234215015393868,44.604068107037115],[-0.234254562947818,44.60407595926568],[-0.234091945899191,44.604371926666026],[-0.233628657431512,44.604327103719065],[-0.233447685475406,44.60430969559465],[-0.233204932508719,44.60430139360834],[-0.233191539748206,44.60430097468474],[-0.233163764068074,44.60427187411477],[-0.233155996880965,44.60427498467585],[-0.233147270957602,44.60427677178239],[-0.232964508139235,44.6042831118382],[-0.232616687754188,44.604338431272424],[-0.232450366948453,44.60438078019669],[-0.232377436031564,44.604402195844166],[-0.232228747304107,44.60444411859415],[-0.232080855064173,44.60448673864179],[-0.231768985586427,44.6045928115012],[-0.231652086191744,44.60463046970672],[-0.23137400137666,44.60471428925501],[-0.231070338098434,44.60485796239785],[-0.230985560389224,44.60491035789739],[-0.230902219084957,44.60496361232614],[-0.23088118916453,44.604977382118605],[-0.230619556823806,44.60513487151649],[-0.230586237574579,44.60515647901733],[-0.230469459133003,44.6052226943574],[-0.230272052110112,44.60533010075655],[-0.230180219740591,44.60527259865855],[-0.22998272012432,44.605433437027685],[-0.229872047453541,44.60544334035978],[-0.229283179604816,44.60503374842767],[-0.229246364777888,44.60501635395108],[-0.228795295971455,44.605237761673045],[-0.228711306273915,44.60522688158103],[-0.228566892326004,44.60516073361582],[-0.228562836316586,44.60519121611482],[-0.228461496045096,44.60555349969866],[-0.228286951054736,44.605597704346344],[-0.228251026026786,44.60560686325576],[-0.228062684715085,44.605654624234845],[-0.228091034077738,44.60553738564859],[-0.227978867330707,44.60552120151105],[-0.227912235445188,44.60551170571317],[-0.227752131405405,44.605488722894385],[-0.227687786607733,44.60547952054126],[-0.227626363550249,44.60547068328956],[-0.227541409957987,44.60545838885481],[-0.227365772734646,44.605435048404644],[-0.227152799819835,44.606002147179325],[-0.227088139506795,44.60600286475796],[-0.226867554867379,44.606005163663895],[-0.226461209908872,44.60598576738468],[-0.22628740476451,44.60597462536609],[-0.226126142283771,44.60596446829762],[-0.226102609743137,44.606086611245836],[-0.225726889254577,44.60609325801876],[-0.225697104056915,44.60609070391145],[-0.225194371573214,44.60604654660148],[-0.225219320713281,44.605907243426586],[-0.225234557542156,44.605604781265846],[-0.225235407021741,44.605482940421524],[-0.225200685872923,44.60548007979625],[-0.225161754472294,44.6051699187889],[-0.225338146940895,44.604796437555635],[-0.225525527929776,44.60439902882017],[-0.225579334843238,44.60432988225943],[-0.225627588622068,44.6042915320242],[-0.225980303059638,44.6040571520468],[-0.226489799923752,44.603723946463255],[-0.226549127311446,44.60368518226323],[-0.226607264821907,44.603645461677914],[-0.226661504259697,44.603605945021826],[-0.226882020905462,44.60343074513607],[-0.226893633363537,44.60343752386618],[-0.226968730528452,44.603359195092324],[-0.227115455011818,44.60319921492435],[-0.227169551826085,44.6031065427991],[-0.227331147071056,44.602825212841495],[-0.227404851819505,44.60234363406373],[-0.2274596793099,44.60215579419954],[-0.227511528754681,44.60197101464413],[-0.227555468052201,44.60186836763617],[-0.227597498040114,44.6017654159959],[-0.227612106287915,44.60172759740867],[-0.227794935036238,44.601363474574924],[-0.227866715841513,44.60128235882632],[-0.22801010157413,44.60113689102945],[-0.228226351400159,44.60091604181407],[-0.228484943499641,44.60065503113349],[-0.228509247532415,44.600634588751625],[-0.228784787923306,44.6003965081154],[-0.22879498753588,44.60038963263193],[-0.228907725930094,44.60050626109079],[-0.229042446744524,44.60064558291423],[-0.229131202266005,44.60073759398665],[-0.229216727486952,44.600823842892915],[-0.229269701227918,44.600876805130376],[-0.229182204740695,44.60091468246805],[-0.229221359003718,44.600959759466505],[-0.228969078283169,44.60108210278311],[-0.229180649301496,44.60137856608995],[-0.229408957992441,44.601573086396115],[-0.229900824849217,44.601243262814414],[-0.229848721180895,44.601190095202405],[-0.229958341187898,44.60113994743969],[-0.230176347365977,44.601040138158126],[-0.230234115129701,44.60100285908354],[-0.230304045239444,44.60095774594571],[-0.230375724171607,44.60103340665694],[-0.230443541824096,44.60100205051294],[-0.230453125083281,44.60099762561643],[-0.230491221762998,44.60098020323629],[-0.230477110505043,44.6009650285052],[-0.230339544908861,44.600817952720284],[-0.230290687297612,44.600786224461025],[-0.23014503732556,44.60069173338432],[-0.230086047259474,44.60060200620487],[-0.230018028763016,44.60049776649865],[-0.230100022022128,44.6004541027532],[-0.230411876188855,44.60034370981481],[-0.23046398637019,44.60032876082948],[-0.230430427802864,44.600299918941765],[-0.230297694444467,44.60016891999377],[-0.230294448554464,44.60011666642975],[-0.23038456422409,44.60004969915219],[-0.230353016538562,44.60002953820633],[-0.230284044476968,44.599985694022166],[-0.230261529186604,44.59997130565135],[-0.23014526668411,44.600066157736265],[-0.229888631066507,44.599951665935905],[-0.229849488997381,44.60000146481353],[-0.229803287448083,44.599958846637335],[-0.229865491741276,44.599921978626426],[-0.229851126881236,44.59990897366521],[-0.230016240603567,44.59981053099555],[-0.230056478432341,44.5997864687958],[-0.229938993078902,44.599683855819315],[-0.23020872218123,44.59951621983919],[-0.230409256433379,44.59940872175158],[-0.2305600823598,44.599311867381495],[-0.230798459245451,44.599490682873686],[-0.230912631074152,44.599577263862585],[-0.231647467563029,44.599090937853255],[-0.231853594511346,44.59924609716331],[-0.232035660614077,44.59940168986137],[-0.232136364349894,44.599482086360055],[-0.232449502285257,44.59973520638861],[-0.23246500078842,44.599748177852405],[-0.232619907741421,44.59984572869784],[-0.232804108167935,44.59999008532714],[-0.232927405297487,44.60008838070579],[-0.232962151804303,44.60011592568641],[-0.233119731244973,44.600218263124155],[-0.233298656269652,44.60038493823362],[-0.233675338261945,44.600683768395626],[-0.233746049731846,44.60061934853859],[-0.234276154263144,44.60037848605358],[-0.234091860235509,44.60019521088263],[-0.234155246873387,44.60010424525386],[-0.234392214062404,44.59976357323191],[-0.234485591310996,44.5996260480955],[-0.234596200555502,44.5994657633535],[-0.234712729398254,44.59929656535739],[-0.234607183709728,44.599257128583886],[-0.23431957715671,44.599143643995326],[-0.234204002581833,44.59909864396035],[-0.234118834379443,44.5990560872636],[-0.233934171828612,44.598982835926556],[-0.233933226561753,44.59898394481143],[-0.233933562980212,44.598983214155474],[-0.233785327216632,44.59892502412374],[-0.233632178721905,44.59886472520489],[-0.233485616343698,44.59880711650888],[-0.233344864029987,44.59875186037451],[-0.233198433292519,44.59869433756471],[-0.23328012735658,44.59859716025363],[-0.233245062430637,44.598638822108946],[-0.233073661542951,44.59857247938647],[-0.232887402303676,44.59850431877684],[-0.233124399238426,44.5982147359601],[-0.233317641846341,44.59828593534875],[-0.233484692547719,44.59835339612403],[-0.233629951430087,44.59841248454878],[-0.23379249851034,44.59847836481418],[-0.233913822422509,44.598526891025465],[-0.234063267724683,44.59858639694644],[-0.234204991382178,44.59864099302383],[-0.234376240050417,44.59870905041117],[-0.234466791526312,44.598744331293055],[-0.23458467816123,44.598790074233264],[-0.23486540450109,44.598900155541386],[-0.234960461027982,44.59893701601925],[-0.235473115638674,44.59913743183034],[-0.235519039600683,44.599155368219094],[-0.235930418491084,44.59931378821172],[-0.236157272283351,44.59940138768907],[-0.236313368657074,44.59944925304666],[-0.236376185290918,44.59947146950435],[-0.236409799620486,44.599488054291484],[-0.236441571968925,44.599505503947995],[-0.236472031743434,44.599524253468246],[-0.23654011169914,44.599578842058264],[-0.236587575029455,44.59962358300219],[-0.236620491801964,44.5996631639112],[-0.236771691950077,44.59988713929713],[-0.237067059371804,44.60030258905652],[-0.237145215540395,44.60041184365379],[-0.237340312218759,44.60068643018996],[-0.23753052903941,44.60097043989961],[-0.237594846296398,44.60106487279352],[-0.23764229620063,44.60114448287025],[-0.237667868403994,44.601209867508096],[-0.237682693816923,44.60126160147569],[-0.237694391078275,44.601309372584005],[-0.237698664657883,44.601346459058306],[-0.237702476609077,44.60139527220135],[-0.237704148230262,44.60144414808],[-0.23770392098986,44.601492899414495],[-0.237701414588338,44.60153270744729],[-0.237696622571646,44.601576637021154],[-0.237689805776194,44.6016204457405],[-0.23768640642253,44.601673254500994],[-0.237691899733408,44.60188311908685],[-0.237707985089624,44.60203365702547],[-0.237733305984609,44.60211661876282],[-0.237772003182862,44.602241445839695],[-0.237056867937674,44.60244251681228],[-0.237065036043676,44.602459576855736],[-0.237076923051885,44.6024886915625],[-0.237086805927696,44.60251804520107],[-0.237090181831594,44.60260759683746],[-0.237096608495521,44.60263606064817],[-0.237100158941356,44.60264298448754],[-0.237115559767631,44.6026674010679],[-0.237131723159201,44.60268972297508],[-0.23713281819502,44.60269122260348],[-0.237151546181249,44.60271428026291],[-0.237254736131206,44.60278063406323],[-0.237279968324974,44.60285107446718],[-0.237414877634624,44.60295587273808],[-0.23769372683147,44.603164573451686],[-0.23788130075435,44.60328819047102],[-0.237922986829847,44.60331571084943],[-0.23796597254124,44.6033153518664],[-0.238216206147907,44.60314214048936],[-0.238235078450678,44.60313915452497],[-0.238252897766807,44.60314638085493],[-0.238362976426536,44.60325578030609],[-0.238738272414864,44.6035604020079],[-0.238779773952908,44.603595676196825],[-0.2388304798498,44.603639690621634],[-0.238883565835,44.6036856174678],[-0.239018505888873,44.60381501068954],[-0.239128816601061,44.603926204708955],[-0.239002963234594,44.604012067259085],[-0.238570156707159,44.604309116184716],[-0.238215282892908,44.60455116964599],[-0.23792507753844,44.604748798661646],[-0.23788014732711,44.60478120051279]]],[[[-0.232823568925071,44.59372220344696],[-0.232813553955907,44.59386863969206],[-0.232810548179804,44.593906389705936],[-0.232816260689698,44.594012631264576],[-0.232317495112707,44.594038131257996],[-0.232278983823232,44.59363245440021],[-0.23233660524964,44.59310881575617],[-0.232391081079415,44.59277889519118],[-0.232599166955477,44.592739828169286],[-0.23283742702743,44.59297855844192],[-0.23282982458746,44.59301310927343],[-0.232819503078411,44.59313000147933],[-0.232817768633783,44.59320312378124],[-0.232825044807811,44.59336743438761],[-0.23283030171039,44.59353171401019],[-0.232831433485147,44.59357564995051],[-0.232823568925071,44.59372220344696]]]]}}]}
