{"type": "FeatureCollection","name": "aoc_geojson","features": [{"type":"Feature","properties":{"dt":"Mâcon","type_prod":"Vins","categorie":"Vin primeur, Vin tranquille","type_denom":"dénomination géographique complémentaire","signe":"AOC","id_app":583,"app":"Mâcon","id_denom":2893,"denom":"Mâcon Villages","insee":"71258","cvi":"1B370, 1B370 01","nomcom":"LEYNES","insee2011":"71258","nomcom2011":"LEYNES","id_aire":1831,"crinao":null,"grp_name1":null,"grp_name2":null},"geometry":{"type":"MultiPolygon","coordinates":[[[[4.718356304177298,46.262165838967846],[4.718423028765671,46.26215681551718],[4.71845358492685,46.26215392235148],[4.718605581242707,46.262139288105296],[4.718639701455147,46.26214237571378],[4.718659490155793,46.262143968385274],[4.718664816829252,46.2621274953681],[4.718721374843651,46.262121417387625],[4.718751916840679,46.26211807400925],[4.718823282200296,46.26209141675711],[4.718921482410131,46.26207570294734],[4.718949916310515,46.26206725740571],[4.719188960748316,46.2619795226559],[4.7192741969137,46.26194797201954],[4.719431167387654,46.261889127618254],[4.719431297185471,46.261889125657596],[4.719587299866062,46.26183669056848],[4.719877046494478,46.261726031347955],[4.719877692653989,46.261725931515585],[4.720066012275923,46.26168949012624],[4.720143480607539,46.2616752594263],[4.720144770096396,46.26167496973206],[4.720144899893679,46.26167496777059],[4.720145029690963,46.2616749658091],[4.720147230588778,46.261674752411],[4.720213130546151,46.26166844243572],[4.720261288159156,46.26166780471499],[4.720397708524167,46.26167411936724],[4.720519250000684,46.26167804674623],[4.720551877204253,46.261679084753695],[4.720552396393367,46.261679076905935],[4.720651267970904,46.261676501545374],[4.720651916957248,46.261676491735095],[4.720677029734335,46.26167395045813],[4.720734103417054,46.26166777360267],[4.72090992531063,46.261634492018544],[4.720995395496562,46.26161869864935],[4.721166412489384,46.26159368561285],[4.721301672896162,46.2615672315119],[4.721404653745767,46.26154666957066],[4.721371556204635,46.261493488822],[4.721343129340718,46.26144843373472],[4.721318113265458,46.26139621159094],[4.721296879069666,46.261352759039404],[4.721262040256352,46.261293750091305],[4.721250802699899,46.26127500547898],[4.721243103607273,46.26125728818945],[4.721175522349949,46.26110267043621],[4.721134300832601,46.26103889422545],[4.72112816574812,46.26102961978977],[4.721098715470562,46.26098917365275],[4.72106193654839,46.26093866049318],[4.721037965030896,46.260919658053396],[4.721015460891027,46.260901894392006],[4.720604576435671,46.260835240089754],[4.720542595559949,46.260825728951595],[4.720219401493125,46.260776752357685],[4.720219009279599,46.2607766682159],[4.720218487270923,46.26077658603563],[4.720120628764506,46.26075761918904],[4.719932490772378,46.260675707012005],[4.719931833314987,46.26067544673868],[4.719828019889511,46.26063225093398],[4.719827887267267,46.260632162868596],[4.719802568000666,46.26061984566289],[4.719608321380108,46.260525325499295],[4.719608058963898,46.26052523939451],[4.719583933390227,46.26051371473086],[4.719480331838111,46.26046484105562],[4.719428175905537,46.260445633563165],[4.719377552566604,46.26043387864177],[4.719372583633958,46.26043278279983],[4.719365681919291,46.26043216649913],[4.719330919412743,46.260429268963485],[4.719281013593101,46.260432094374146],[4.719280367447768,46.260432194203126],[4.719166883243504,46.26045732627488],[4.719020654598924,46.260494211403895],[4.718973731959894,46.260513474290356],[4.718947835616317,46.260524133260304],[4.718751719483606,46.26060581524917],[4.718711198985613,46.26062633239044],[4.718673237623449,46.2606456399763],[4.71862708272734,46.26067696039568],[4.718581088824791,46.26071341230873],[4.71856411195439,46.26073519516786],[4.718556211745102,46.26074414122761],[4.718517729244969,46.260788225655304],[4.718486219398633,46.26084346344816],[4.718472456422508,46.260868350192],[4.718455864335918,46.26091894936455],[4.718445572230428,46.26095098923901],[4.718416916816414,46.26105581203762],[4.718382764497031,46.26115513352103],[4.718338283097429,46.26128532451198],[4.718255836879392,46.26152164965622],[4.718234538092594,46.26157952537036],[4.718195227404864,46.26168829184259],[4.718145917328537,46.26182188818498],[4.718093740697879,46.26197174021848],[4.718037746092143,46.26212408171463],[4.718011897854548,46.262169416359015],[4.717987299544462,46.26221320095602],[4.718288834675367,46.26217595445395],[4.718315595621815,46.26217212785489],[4.718355528211311,46.26216594075102],[4.718356304177298,46.262165838967846]]],[[[4.719367411811088,46.26951984998481],[4.719351684005269,46.26956494194733],[4.71933970624643,46.26960124056582],[4.719319006027894,46.26964928983108],[4.719300780537685,46.269693428745306],[4.719300656375407,46.269693610758694],[4.719276079101431,46.2698043166124],[4.719275830776208,46.26980468063914],[4.719275833603194,46.269804770665566],[4.719275082973535,46.269805682692855],[4.719269097724188,46.269813609095976],[4.719223656124644,46.26991751456258],[4.719211187424814,46.26995886444886],[4.719191029933232,46.270028341941554],[4.719097835768689,46.27020394292682],[4.71906223455525,46.27025726101477],[4.719047464437714,46.270274957451356],[4.719022199475777,46.27030587237659],[4.718976957880995,46.27036239835052],[4.718962467128965,46.27038072104068],[4.718887033644035,46.27048498912614],[4.718829752036953,46.270592405730035],[4.718816772280603,46.27063817666582],[4.718803508185047,46.27069971398676],[4.718799005040705,46.27072175883608],[4.718789324586552,46.270773334448116],[4.718785112719826,46.27080879519626],[4.718781764361471,46.27084280180163],[4.719074880600865,46.27081720990829],[4.719076929756829,46.27087833589588],[4.71907750944326,46.27090093449067],[4.719096584010783,46.27100377560191],[4.719090076289366,46.27100747663327],[4.719071975373714,46.27129552077174],[4.719079758927776,46.27129522310347],[4.719128407765786,46.27129755085393],[4.719161441442578,46.27129894348367],[4.719407710214214,46.27129522442507],[4.719499574785769,46.27129230580916],[4.719518776851074,46.27129165551234],[4.719533074027027,46.27129197998615],[4.719594292810863,46.27129339713007],[4.719648713134974,46.27129752893552],[4.719746217039306,46.27130461268159],[4.719823240228547,46.271308853315766],[4.719848476237825,46.27131009333322],[4.719893348753939,46.2713079743482],[4.719939256999381,46.27130574962914],[4.719983897872118,46.27130039161898],[4.720055185510882,46.27129156865379],[4.720181722141397,46.27127191319726],[4.720250224089134,46.271261240747336],[4.720276608364731,46.27125768965476],[4.72036118814991,46.27124614371054],[4.720411947443904,46.27124123348982],[4.720505815116391,46.27123179881128],[4.72054852587075,46.2712311533424],[4.720578424061043,46.27123196246273],[4.720623257201763,46.27123272599653],[4.720813416104371,46.27124138074101],[4.720867130775524,46.271243721247615],[4.721088500313996,46.2712536150779],[4.72120949287857,46.271255929091645],[4.721291154535009,46.27124658823148],[4.721293913581628,46.271049295038125],[4.721302038031344,46.270919382527495],[4.721296491278486,46.2708751523593],[4.721280316948794,46.270744886675836],[4.721275146109492,46.27067543145464],[4.72127753738964,46.27062342538769],[4.721279684881329,46.27055953387542],[4.72128268675971,46.27045671956159],[4.72128475876668,46.27036977148045],[4.721279931358029,46.27035255118652],[4.721269079887372,46.27031722799898],[4.721269392398914,46.270215625243885],[4.721269363720458,46.270210581803624],[4.721266858922376,46.270130908453396],[4.721282429088142,46.270043666215756],[4.721344204141989,46.269695155219516],[4.721356326399755,46.26961805284577],[4.721364059823174,46.26956659647895],[4.721364051331953,46.26956632639978],[4.72137515520372,46.269494013087396],[4.721375143882034,46.26949365298184],[4.721378013644458,46.26939903694454],[4.721377996661931,46.26939849678621],[4.721378361449036,46.26931508720367],[4.721378350127368,46.26931472709811],[4.721378537078307,46.26929175662862],[4.721378411772287,46.26927950911385],[4.721370856010918,46.26923747098148],[4.721358932524828,46.26914325876167],[4.721355079923713,46.26910746947783],[4.721345130270402,46.26896449997966],[4.721344780070359,46.268961623060754],[4.721327253133152,46.26881723695494],[4.721327238981615,46.26881678682297],[4.721325693083944,46.26879240144678],[4.721323695858618,46.26877018455531],[4.721285411688163,46.26851911009614],[4.721275317013807,46.268454142701266],[4.72126328992961,46.268302918236415],[4.721255071967928,46.26820675852266],[4.721259025652921,46.268113567196735],[4.721259309999699,46.26810608715428],[4.721277356406627,46.268039793573294],[4.721287010070196,46.2680039802074],[4.721336704605878,46.26780831906285],[4.721096292452085,46.267803667624875],[4.720518797781395,46.26779294207704],[4.720392214018863,46.26779017152576],[4.720381040997347,46.26785618094293],[4.720370697430186,46.267919655886466],[4.720349136854928,46.267989875388785],[4.720346775388246,46.26799738681637],[4.720346651233291,46.26799756883093],[4.720346656890597,46.267997748883786],[4.720343606760754,46.26800400974986],[4.720319053255618,46.26805337842559],[4.720312024495549,46.26806528370278],[4.720290963654111,46.26810180976949],[4.720230118340842,46.26818244042279],[4.72019708616043,46.268255445240335],[4.720147590049052,46.26836661793662],[4.720069296665958,46.26850371529022],[4.720069045523683,46.268503989292284],[4.72002007130927,46.268578045543826],[4.719945390371803,46.26868545546755],[4.719877687458471,46.268783482793324],[4.719824284376728,46.26884886915218],[4.719758772707722,46.26892984022676],[4.719631669186141,46.26910082002591],[4.719496662617709,46.269264173090484],[4.719455381148062,46.26931028151586],[4.719393218119431,46.26944001925513],[4.719383957599945,46.269467720272914],[4.719367411811088,46.26951984998481]]],[[[4.719907265127512,46.26303130812438],[4.719915096489125,46.263003628619785],[4.719918225018117,46.262991602144815],[4.72004087197941,46.26302649718253],[4.72015040329247,46.263057266966264],[4.720212511065414,46.263070739480746],[4.72025408178984,46.26307947845217],[4.720319494328578,46.26309893560345],[4.720372017046681,46.26311732655915],[4.720389611161027,46.26312345556448],[4.720392212832126,46.26312359638226],[4.720422891055313,46.26312457382645],[4.720490413830333,46.263136793449675],[4.720534267637263,46.263147929681494],[4.72054944898978,46.2631516632621],[4.720719460051742,46.2632225899058],[4.720719722482622,46.263222676008],[4.720741312544063,46.26323198704742],[4.72075881371371,46.26323928830176],[4.720935377271396,46.263307953916176],[4.721015044056972,46.263338814104536],[4.721195661506767,46.26342074828018],[4.721195926769158,46.263420924407725],[4.721283673815489,46.26346508255009],[4.721345685184212,46.26349611941625],[4.721452833911546,46.2635584482341],[4.721640927464755,46.26366746957426],[4.721641322531724,46.26366764373757],[4.721733577837161,46.26372299201426],[4.721813910508287,46.26377086467433],[4.721966768309413,46.263866097452336],[4.722183719610716,46.26400071139709],[4.722326090697556,46.26407628712741],[4.722378296412782,46.26409693370795],[4.722432609702347,46.264114395950756],[4.722527186031503,46.264144399022875],[4.722608892577944,46.26415334042846],[4.722635490357781,46.26412366541502],[4.722651714723477,46.264090364469254],[4.72268232398121,46.264027213039384],[4.722689911405138,46.26397530838632],[4.72269704474765,46.26392548219734],[4.722671944595942,46.263874792777],[4.722671391399177,46.26387372031758],[4.722635309996892,46.263808335644285],[4.72263283194664,46.26380386968158],[4.722629715735926,46.26379563046696],[4.72258150521705,46.263670803473644],[4.72258149672074,46.26367053339442],[4.722550605256419,46.2634852780327],[4.722537076644939,46.26342675759075],[4.722526323443715,46.26338215588555],[4.722513273543049,46.263239773707525],[4.722512972415106,46.263221944548924],[4.722509906369527,46.263083194199865],[4.722522386133635,46.26300104231544],[4.722530151039943,46.2629465229733],[4.722523789003064,46.26278143219984],[4.722519647688012,46.26276537246804],[4.722517440151754,46.26275711950021],[4.722511225346247,46.26274532440086],[4.722496741135293,46.26271834265953],[4.722463151411871,46.262670213534676],[4.722458167589852,46.262664524516026],[4.722415785553203,46.262617609253475],[4.722331834472644,46.26252484721367],[4.722284528898231,46.2624535075605],[4.722266816890559,46.262427115045604],[4.722255878446775,46.2624137701564],[4.722242380389852,46.262397491707496],[4.722226949962984,46.262385836026525],[4.722210599624911,46.262373833984554],[4.722129823262155,46.26230354108852],[4.722075352220237,46.262243838627136],[4.722051616292894,46.26221996908468],[4.722002423148248,46.26217117519427],[4.721968710915486,46.26213151429688],[4.721945798741681,46.26210493019404],[4.721930562519315,46.26208705675766],[4.721881659493877,46.26203096281869],[4.72184211501853,46.26199166031806],[4.721737912990779,46.26191145361176],[4.721720978606727,46.26189738874383],[4.721696588742248,46.26187749206987],[4.721669184838377,46.261852597100294],[4.721634853166166,46.261822132543124],[4.721597916290011,46.2617831507991],[4.721585835434038,46.26177063375094],[4.721506299770222,46.261673661168615],[4.721501042392726,46.261667525901316],[4.721423818678243,46.26157799404777],[4.721176089687479,46.26161236375831],[4.72117595989038,46.26161236572097],[4.720960389168345,46.26164525792843],[4.720959872808944,46.26164535580453],[4.720936004623747,46.26165031019713],[4.720836793181797,46.26167099486151],[4.720771145414248,46.26168946073375],[4.720725485389666,46.26169519486066],[4.720693930830484,46.261699364703716],[4.720464158443224,46.26170184710377],[4.72045999644294,46.261701639803185],[4.720371434753372,46.26169757419079],[4.720299244508988,46.26169380150123],[4.720222124804654,46.26169019333199],[4.720169122542452,46.26169369639453],[4.720124297505683,46.261697075861115],[4.720100539224243,46.26170139793166],[4.720073826706481,46.26170675540078],[4.720073696909119,46.26170675736218],[4.719968983203462,46.261734189531694],[4.719950309615288,46.26173915529289],[4.719924971385172,46.26174692382981],[4.719866453599471,46.26176501123306],[4.719763185201026,46.26180539133895],[4.719599784307022,46.26185793843827],[4.719528887934925,46.26188296785766],[4.719439253023874,46.26191503548039],[4.71914619737704,46.262023762009946],[4.719114950577211,46.26203774430477],[4.719084222954285,46.26205171874995],[4.71903911031963,46.26206663098386],[4.718954943106978,46.262095012874774],[4.718856319759246,46.262113795454965],[4.718780603032273,46.26213421358909],[4.718678986430912,46.26216934373312],[4.718662180288064,46.262233816812376],[4.718649606074162,46.26228417519991],[4.719154954695391,46.262596379753006],[4.719381801475955,46.26273634364384],[4.719416832115418,46.26276427637195],[4.719530821574212,46.26285433500036],[4.719613134301702,46.262895063791255],[4.719632664205707,46.26290494657408],[4.719907265127512,46.26303130812438]]],[[[4.719477941505533,46.25928866317596],[4.719456685406546,46.2593643722261],[4.719404999235944,46.259550335335895],[4.719395867126441,46.25957380121369],[4.719374158311412,46.259630962821674],[4.719318996833863,46.259842738173],[4.719305091696707,46.25988789275108],[4.719294408301932,46.25992399174116],[4.719294295467806,46.25992453386081],[4.719263641387398,46.26002353260607],[4.71926352007338,46.26002380464612],[4.719237162760311,46.26011490245911],[4.719237049925225,46.260115444578695],[4.719192087451657,46.260271583159465],[4.719168218167877,46.260355077558096],[4.719173257524997,46.26040805221091],[4.719196781167297,46.26040454449282],[4.719256878310062,46.26039544047888],[4.719313956701373,46.260393587568096],[4.719327872954741,46.2603942780557],[4.719354912563702,46.26039522065666],[4.719424691946873,46.260409118089214],[4.71944468050788,46.26041295932678],[4.719451494828547,46.260414927981124],[4.719516748663344,46.260433577320725],[4.719655895352394,46.260501999392815],[4.719718610788656,46.260534917906305],[4.71977195254835,46.26056293413585],[4.719779985943513,46.26056650559816],[4.720037230181139,46.2606822305544],[4.720126743211114,46.260716635356665],[4.720158808817986,46.260724617285895],[4.720196498041741,46.26073386525756],[4.720279985742161,46.26075007694511],[4.720399517248167,46.26076862601506],[4.720660101377351,46.26080873101949],[4.720751989243844,46.26082364448197],[4.720907819178417,46.26084848954157],[4.720970210405173,46.26080494348848],[4.720932880430059,46.26067490747177],[4.720932877600821,46.260674817445285],[4.720882196747088,46.26048769922064],[4.720877216587148,46.26042013250476],[4.72087088688331,46.2603426785737],[4.72084573912132,46.260154003405425],[4.720819227900328,46.26005830031567],[4.72081094634324,46.26002203753876],[4.720791177020152,46.259938391867124],[4.720744074329298,46.259811385753075],[4.720725944579364,46.25976338270978],[4.720694825956754,46.25966567765295],[4.720669320762048,46.259618506651655],[4.720648819092965,46.2595817981104],[4.720627132349331,46.25954456706465],[4.720612201460691,46.25951984358564],[4.720579166284292,46.25948098269496],[4.720576739512133,46.25947813716257],[4.720521324192841,46.259408900942375],[4.720486828427094,46.25934421222884],[4.720481176039438,46.259333759564775],[4.720472133666815,46.25930633505259],[4.720448356666328,46.259235629808174],[4.720402289907429,46.259133286882175],[4.720337143127107,46.25901880276464],[4.72031529591787,46.25898058332755],[4.720314581916313,46.25897852252624],[4.72028758281694,46.25890444331877],[4.720279588022847,46.25888555953865],[4.720262520533972,46.258846547298404],[4.720246142653265,46.25878401655863],[4.720238796247815,46.25875683660528],[4.720235254252151,46.25874328968007],[4.720225740421485,46.258709117081544],[4.720180760140082,46.258637201060395],[4.720175088381343,46.258630261376],[4.720145256673981,46.258594144101636],[4.720114527445721,46.25851291568898],[4.720096583874771,46.258450138383445],[4.720085147040236,46.2583506045587],[4.720084788491063,46.25834745755336],[4.720052213314931,46.25825292677257],[4.720046504569719,46.25824067355542],[4.720024005538121,46.25819408747723],[4.719976410980191,46.2580885249885],[4.719833578277519,46.2580886117036],[4.719770750727852,46.25829185654277],[4.719715178340324,46.258473915516014],[4.719477941505533,46.25928866317596]]],[[[4.720047576241812,46.25815076824662],[4.72011919197317,46.2583182956118],[4.720126642599703,46.25834466337391],[4.720131132657905,46.25835945694404],[4.72013231162962,46.25843419660632],[4.720140801466035,46.258472978219146],[4.720154829566364,46.25850618190833],[4.720170347585316,46.25854134460248],[4.720170621304406,46.25854179081204],[4.72021895206354,46.25863356150442],[4.72025984474739,46.258715897254056],[4.72028837737165,46.25877265999335],[4.72034813813351,46.25893478210803],[4.720359338440884,46.25895649965016],[4.720379052451645,46.25899294993669],[4.72039943179388,46.25902164420791],[4.720410281741286,46.259036341639224],[4.720467804640776,46.25918507720289],[4.720496485755443,46.25925895080822],[4.720505979097925,46.259280063654124],[4.720526890371614,46.25932568288365],[4.720545278102794,46.25935710931339],[4.720565423863325,46.25939076089707],[4.720724850611177,46.259633519380706],[4.72072485344002,46.2596336094072],[4.720751346446222,46.259683287402545],[4.720760354736993,46.259705488392946],[4.720783927982398,46.259761425300404],[4.720787940125071,46.259794059784994],[4.720792796095988,46.25982875310528],[4.720829784651074,46.2599355564584],[4.720838197801059,46.25995947775664],[4.720868754478456,46.260080609280394],[4.72090970567552,46.260263911567556],[4.720918063996858,46.260372859066315],[4.720919658895166,46.2604814584739],[4.720958958249481,46.26064524068942],[4.72102783521094,46.26078740941242],[4.721050329784902,46.260825528867024],[4.72105553928983,46.26083427688589],[4.72110949842285,46.260844719663105],[4.721273585296118,46.26087610450076],[4.721412308480001,46.26090616137175],[4.721446168880502,46.26091339524559],[4.721544801632993,46.260936312301325],[4.721546110908857,46.26093665277643],[4.721633606399629,46.260956405637025],[4.721634128412142,46.260956487810766],[4.721695593681501,46.2609702394142],[4.721745537899285,46.26098101282974],[4.721841518371185,46.26100216836519],[4.721937493255421,46.26102314376679],[4.721996549177478,46.261038733043485],[4.722042235737468,46.261050381365166],[4.722042368364284,46.261050469427964],[4.72216969347514,46.261085561567114],[4.72231285430246,46.261124557143155],[4.722499067935158,46.26118640912971],[4.722592217151332,46.261216613815044],[4.722761515904337,46.261281513508926],[4.722852834116312,46.26131129535105],[4.722888574421015,46.261320481872964],[4.723040692328042,46.261359340974714],[4.723041084550076,46.26135942510678],[4.723123756122814,46.26137852930672],[4.72331342769684,46.26145942233258],[4.723340500130297,46.26146964063732],[4.723422499105166,46.26150037374795],[4.723535389815414,46.261530639051976],[4.72357992822651,46.26153879144894],[4.723613752466452,46.261544854334375],[4.723691527400205,46.26155277361133],[4.723910379692724,46.26157467871771],[4.723930532174186,46.261554828464845],[4.723930907393714,46.26155437243549],[4.72392724469064,46.261532901340274],[4.723883849372293,46.26146618670938],[4.723860378779322,46.26140538509622],[4.723859963882999,46.26140458075578],[4.723859819916053,46.261404132589504],[4.723860226286464,46.26138404097701],[4.723860795271143,46.26131548960781],[4.723865412920651,46.26128479610639],[4.723866151448725,46.26127938076242],[4.723920146786256,46.261076447448474],[4.723380834522798,46.26095635546202],[4.723195148129862,46.260915393010535],[4.723240160367591,46.26081482470425],[4.723283962317336,46.26071706684872],[4.723467935268726,46.26075724446689],[4.723997284375496,46.260870281371794],[4.72400760556071,46.26084751764614],[4.724019455352114,46.260819686884524],[4.724019700770749,46.26081923282074],[4.724047364439854,46.260761619795495],[4.724055666041562,46.260724205353284],[4.724062185104127,46.26069204193066],[4.724084713673786,46.26065693393651],[4.724113955278798,46.26062469654296],[4.724146322664058,46.260588628882125],[4.72414644678959,46.26058844686328],[4.724187476796477,46.26053468445379],[4.724191459546573,46.26052507677472],[4.724203359600188,46.26049472328788],[4.724197464099197,46.26044770632932],[4.724190563673807,46.260397642235354],[4.724152287588687,46.260332651549724],[4.724130914443428,46.26029721777011],[4.724042417724777,46.26017966669835],[4.723999467733559,46.260122943067714],[4.723999196809624,46.260122586893836],[4.723906783037275,46.25999608811833],[4.723856168159623,46.25992687081796],[4.723841394412009,46.25990718924243],[4.723777598083772,46.25982349023841],[4.723710979991401,46.2597161456992],[4.723710836030112,46.259715697532656],[4.723651464507755,46.2595910399789],[4.723612696582401,46.25951038450974],[4.723580625842644,46.25941971998918],[4.723550632329847,46.25935379307171],[4.723530829982115,46.25930635618123],[4.723499023226564,46.25918281233719],[4.723485918390037,46.25906348876964],[4.723483424146297,46.25904199996737],[4.723431470566742,46.25884355327489],[4.723420659399482,46.25876409568342],[4.723416123769606,46.25873137912279],[4.723410635749867,46.258730291317754],[4.723396917118067,46.258727616817225],[4.723396911451691,46.25872743676437],[4.723396522081146,46.258727442659925],[4.723375204517133,46.25861121571826],[4.723334857725127,46.25850923763779],[4.723318457136905,46.25845022033419],[4.723309649874326,46.25841792872217],[4.723300777992041,46.258387709682495],[4.723281258896574,46.258233716444536],[4.723263879629354,46.25817660540719],[4.723252783878555,46.25814173642866],[4.72316231114715,46.25797359568239],[4.723140972274204,46.25795158154395],[4.72311067802563,46.25792970297712],[4.723051539140672,46.25790312711735],[4.722974622164835,46.25787691041913],[4.722903032739387,46.25785493635383],[4.722868163558593,46.257844475710904],[4.722822315229644,46.257827606182694],[4.722779624323583,46.257812039885295],[4.722623612407817,46.257756396545204],[4.722573339164876,46.25773094723397],[4.72249062564386,46.2576896862966],[4.722304899789781,46.25759342059654],[4.722305280658376,46.25759314462529],[4.722304885633108,46.257592970464195],[4.722324321251871,46.25757925603553],[4.722331811663008,46.257573828599746],[4.722332192531331,46.257573552628415],[4.722399541765701,46.25760522862713],[4.722445554009187,46.25762731986103],[4.72254139625392,46.25767315581367],[4.722636330144329,46.25771900543563],[4.72268659159497,46.25773995143176],[4.722729999326912,46.257757668577014],[4.722778646750934,46.25777683757635],[4.722845423034178,46.25780266748441],[4.723046995304871,46.25787014045994],[4.723130594857345,46.25790652384515],[4.723159943238597,46.25792310263593],[4.723178978351576,46.257933802912845],[4.723179113805462,46.2579339810008],[4.723179508835969,46.25793415515887],[4.723199149137629,46.25795583472883],[4.72321471659084,46.25798838427798],[4.723247178500101,46.25803788128477],[4.723293267898501,46.2581284237114],[4.723306504923556,46.25816118867152],[4.723310154236042,46.25816987014399],[4.723320439062419,46.25826149507546],[4.723322401125487,46.258270202093726],[4.723342642938574,46.25836050536541],[4.72340228327774,46.258572165969476],[4.72341480284681,46.258619262805276],[4.723436355390524,46.25869756699401],[4.723483850872409,46.25885338832642],[4.723491604070451,46.25889344184947],[4.723495599130903,46.25891310653972],[4.723515905877779,46.25904258895879],[4.723542792856697,46.25919547982897],[4.723574361703465,46.25931146144107],[4.723586615237436,46.259350095770856],[4.723601225426879,46.25939346808745],[4.723640881405852,46.259469336437455],[4.723645989739964,46.25947898656857],[4.723646125199191,46.25947916465595],[4.723651448336496,46.25949151361394],[4.723702178664391,46.25960567384611],[4.723747204563464,46.259724243773825],[4.723774390130939,46.259762832091425],[4.72377887732605,46.259769249127864],[4.723791390694444,46.25978725362572],[4.723879481003117,46.259912556997065],[4.72392490585287,46.259973656584016],[4.723999178488095,46.260072508621654],[4.724127005614885,46.26025143168628],[4.724222499132987,46.26038085593014],[4.724281644222245,46.26048588152373],[4.724335575076212,46.260474796632685],[4.72440032641331,46.26046093577958],[4.724743781036882,46.260378002216186],[4.724743910830927,46.26037800024947],[4.724792999408541,46.26036572754082],[4.725030956462072,46.26030582816466],[4.725108606729903,46.2602851062838],[4.725154704213264,46.260272698610436],[4.725168012742365,46.26026646225478],[4.725215211758226,46.26024367988445],[4.725299758065096,46.26020691107083],[4.725338829089258,46.260156960829704],[4.725383493877103,46.260115572441265],[4.725414904728752,46.2600862741029],[4.725415409719188,46.260085816101096],[4.725530114598868,46.26000886935027],[4.725609338838242,46.259955698282106],[4.725699788942187,46.259896142172494],[4.725760170233291,46.25985901881507],[4.725887542755522,46.25978025837492],[4.725887669710771,46.25978016638053],[4.725952740301195,46.259743512229726],[4.725965947192988,46.259738178012164],[4.726127516332437,46.259673219779025],[4.726229204321958,46.259632407381076],[4.72633832360881,46.25958841982115],[4.726665863168272,46.259482844076295],[4.726691701530225,46.259474526003594],[4.726691831322058,46.25947452403464],[4.726694912262291,46.25947339646385],[4.72692811018659,46.25939041738361],[4.727097502764357,46.25931831362573],[4.727100950347332,46.25931645992504],[4.727246343626562,46.25923688405319],[4.727336275273096,46.25918156772473],[4.72737828430303,46.259134274235706],[4.727445854792108,46.2590369645379],[4.727485321218841,46.25897493820742],[4.727518082747607,46.25892265105401],[4.72755856007007,46.25885151233938],[4.727584327264972,46.25878744215714],[4.727586013683865,46.25878327336659],[4.727642044285256,46.25869064216143],[4.727667306946495,46.25864351266927],[4.727730958425014,46.25852491580912],[4.7277637787106,46.258445696919985],[4.72780816438891,46.25831325155319],[4.727812928145758,46.25829138243298],[4.727815848190869,46.25827692699494],[4.727819052732689,46.25824679515455],[4.727828217321704,46.25815451499019],[4.727839381802664,46.25805977258938],[4.72785193349539,46.257947265445935],[4.727863017924365,46.25787468133956],[4.7278694948612,46.2578289178035],[4.727869616127611,46.257828645754216],[4.72790602936779,46.25767812732862],[4.727965606720201,46.25748807700388],[4.72798210944371,46.25743495569165],[4.727883420439944,46.25742249317088],[4.727865560097665,46.257420242363416],[4.727817216873001,46.25741899471829],[4.72769194038536,46.25741576244586],[4.727339549323941,46.25740814097253],[4.727264564901942,46.257402073376426],[4.726973772467977,46.25739603790357],[4.726840424543044,46.25739625973254],[4.726706732673257,46.25739792773399],[4.726700892262197,46.257398016337014],[4.72668136823974,46.257400654332656],[4.72653048590528,46.25742131735272],[4.726509971048557,46.25742135833564],[4.726495564694293,46.25742157686434],[4.726495434907316,46.257421578833046],[4.726370414673872,46.25743059066094],[4.726348221096439,46.25743092728529],[4.72623869505126,46.257433038821375],[4.725986262680587,46.25740813493788],[4.725841391283736,46.2573888051424],[4.725651025789454,46.25736386007124],[4.725650896002585,46.25736386203898],[4.725637595332239,46.257362082168754],[4.725634018755638,46.257351598274695],[4.725630490405795,46.25734264482914],[4.725390170069248,46.25731062065636],[4.725389910495742,46.257310624591284],[4.725268466407663,46.25729301052869],[4.72523241770811,46.25728220820969],[4.725199537788212,46.2572730691671],[4.725104912798176,46.25726180362243],[4.724953838517547,46.257247520538684],[4.724872048965461,46.25723975312019],[4.724871789392256,46.25723975705393],[4.724847177494698,46.257237518023366],[4.724697562188269,46.25722420325475],[4.724640063269966,46.25722084126646],[4.724477735266392,46.25721204216987],[4.724477216120184,46.25721205003555],[4.724377121728091,46.25720852265373],[4.724355675766147,46.257207856801145],[4.72435541335837,46.25720777070729],[4.724355283571824,46.25720777267356],[4.72433751577298,46.257200205821064],[4.724308955250854,46.25718802879635],[4.724239859610758,46.257199883877064],[4.724236631954401,46.25720047318926],[4.724222758967639,46.25720113369789],[4.724147562137279,46.25720479476697],[4.724092395051535,46.25723012930589],[4.724091627668893,46.257230501207495],[4.723987550141436,46.25723243798008],[4.723945118418956,46.25723335088749],[4.723555076675762,46.25724646352773],[4.723517020848975,46.25724613910929],[4.723462998429221,46.25724596637997],[4.723428359015335,46.257242798050015],[4.723392813931969,46.25723973349223],[4.72319613018636,46.25721614097944],[4.72301417480582,46.25719430669302],[4.722952731442731,46.25718938231866],[4.722810322958765,46.25717811764696],[4.722722721741098,46.257171337351885],[4.722691115167049,46.25716551088407],[4.722653639888676,46.25715887253825],[4.722653368988153,46.25715851636106],[4.722653239201663,46.25715851832539],[4.722640450243889,46.257139977467716],[4.722627540003893,46.257121708652285],[4.722552551309087,46.25714437014502],[4.722352756336588,46.257224132779896],[4.722074255063028,46.25726617596784],[4.721878152608475,46.25729409203308],[4.721797883315673,46.257305754382045],[4.721550010531367,46.257343189747665],[4.721294121736456,46.257381736558045],[4.721293475630777,46.25738183639849],[4.721259271266096,46.25738424512579],[4.721237125778742,46.25738611120414],[4.720678976187341,46.25739247893787],[4.720514499135389,46.25739379443894],[4.720454950412206,46.2574078446924],[4.720295137051167,46.25744601777909],[4.720201637673735,46.257462292351],[4.720122877442608,46.25747654271086],[4.719989445583576,46.2574906284453],[4.719987253335836,46.25749111192003],[4.719812037105356,46.25753086811962],[4.719822818845612,46.25758888994309],[4.71984737168311,46.25772569441397],[4.719862664711919,46.257778514119295],[4.719876924849269,46.257827386383276],[4.719915368495012,46.25792687241023],[4.719945121619462,46.257977041730086],[4.719960599215779,46.25800265772046],[4.720005173223557,46.25804512731468],[4.720036178288503,46.258122748815616],[4.720047576241812,46.25815076824662]]],[[[4.720959022262851,46.266146938453204],[4.720974069361903,46.26615463706374],[4.720984355663376,46.26615961550073],[4.7210134559785,46.26616818247947],[4.721034902579065,46.266168758934676],[4.721136534310862,46.26614218313713],[4.72114400373809,46.26614017875077],[4.72130851023475,46.2660811279269],[4.721341734579274,46.266072159035296],[4.721370441117639,46.26606406907244],[4.721563707748831,46.26603169381003],[4.721659690525795,46.26601547085858],[4.721756458577341,46.266007702455425],[4.721976664152045,46.26598951025098],[4.722054948929337,46.265984543121746],[4.722126740490214,46.265979584099284],[4.722317214733569,46.2659658040532],[4.722467637886568,46.26595452116435],[4.72248792324556,46.26594295556763],[4.722489539938911,46.265940679373884],[4.722492846491013,46.265934324494374],[4.722493220348005,46.265921438935386],[4.722492962629248,46.2659132465337],[4.722492948468878,46.26591279640174],[4.722493651337372,46.26588972803963],[4.72249364284115,46.265889457960455],[4.722487662041096,46.26565392730951],[4.722487656376994,46.26565374725673],[4.722480059739521,46.265552624369484],[4.722480051243418,46.265552354290286],[4.722468310265841,46.26545985068958],[4.722468171963641,46.26545958257452],[4.72245376402568,46.26541440568209],[4.722453620059699,46.265413957514205],[4.722453334959728,46.26541315120484],[4.722429341281131,46.265343980793425],[4.722423185726266,46.265309307202436],[4.722420082695775,46.265293231758385],[4.722421181593455,46.26527862391283],[4.722422322506607,46.265261223284746],[4.722422314010835,46.26526095320555],[4.722422095545149,46.2652251089499],[4.722421331500465,46.26515540691124],[4.722421431357874,46.26503885579001],[4.722421166768958,46.26494374666386],[4.721989353782331,46.26495181076172],[4.721989924858391,46.26477175370829],[4.721957818262062,46.26477494146416],[4.721800718345311,46.2647802900791],[4.721729081188107,46.264790110323325],[4.721604961275268,46.264807659604685],[4.721511858551614,46.26482041635796],[4.721488070721048,46.26482383845248],[4.721404447289873,46.2648448282016],[4.721290384002116,46.26486006339798],[4.721179828211199,46.264875335514816],[4.721038858403597,46.26488980638231],[4.720962663295241,46.26489510152064],[4.720890494953474,46.26490042580236],[4.720836922309362,46.264902406574535],[4.720775575512486,46.26490495518573],[4.720734139452478,46.26490468085425],[4.720687773635061,46.26490457109389],[4.720571724559921,46.264897948764784],[4.720411059089482,46.264889028343816],[4.720185236985361,46.26487712927354],[4.720178611280483,46.26487704925811],[4.720091692633446,46.26487584073783],[4.719931654530974,46.264878619157436],[4.71987740457186,46.264879709019624],[4.719806757044853,46.26488383873627],[4.719777108066356,46.26488671853698],[4.719755622656858,46.26488902465282],[4.71969249582471,46.264901056836216],[4.719764690619958,46.264999942964046],[4.719765097000745,46.26500047723972],[4.719807615131149,46.26506414428409],[4.719841119426408,46.26511371656566],[4.719887120404124,46.265184896774336],[4.719911681570388,46.26522262495269],[4.719911817031679,46.26522280304441],[4.719936361264932,46.26525999105853],[4.719969490518308,46.26531001931738],[4.720014580357291,46.26538112317566],[4.720058690968479,46.2654499900838],[4.720058829258858,46.265450258201795],[4.720100913698043,46.26551663377299],[4.720130140287865,46.26556230756886],[4.720148029875048,46.26558608571794],[4.720165507432086,46.26560914953702],[4.720242783896886,46.26567544361499],[4.720399355869806,46.26578134062566],[4.720417795055451,46.26579367164091],[4.720449596517929,46.26581381686321],[4.720810525208984,46.26605010717833],[4.720959022262851,46.266146938453204]]],[[[4.721545617802622,46.26168099261786],[4.721593639093369,46.261729714349705],[4.721627088381845,46.26176928925959],[4.72165229456315,46.26179863087307],[4.721712909662292,46.26185139532964],[4.721803860421359,46.26192729903809],[4.721912261406773,46.26200888327527],[4.721980575572142,46.26207107847162],[4.72207192909555,46.26215976571851],[4.722090258333901,46.26218101497543],[4.722118014989726,46.262229502659785],[4.722137351513611,46.26224974590841],[4.722167945054849,46.26228107750047],[4.722168478406203,46.26228151977748],[4.722207678784993,46.26231812529837],[4.722257690228316,46.262364024506454],[4.72229153736976,46.26239557704704],[4.722319332590097,46.26243289551245],[4.722359955221352,46.2624940683751],[4.722361589266482,46.26249647552054],[4.72236186019151,46.26249683169824],[4.722363085017547,46.26249861455071],[4.72240235832063,46.26255404338267],[4.722445041908234,46.26259816193912],[4.722456440163915,46.262609608398584],[4.722456708258277,46.26260987454963],[4.722480585658167,46.26263410214826],[4.722562255984098,46.262716270423496],[4.722579102584985,46.262748170217215],[4.72258520277185,46.262843010919156],[4.722584499067394,46.26290733103019],[4.722584760586263,46.26294866886934],[4.722585766466163,46.263009540476276],[4.722585772130316,46.26300972052909],[4.722581613397237,46.26311282271074],[4.722572610920015,46.26315276956182],[4.722572630744449,46.263153399746706],[4.722572100725405,46.26323149782553],[4.722577201704762,46.2632987023788],[4.722577207368917,46.26329888243163],[4.722577025656367,46.26331374661104],[4.722576776492551,46.2634049004827],[4.722609837692859,46.263489875908355],[4.722611251825683,46.26349354734831],[4.722622952901558,46.26353525248545],[4.722626229610833,46.263565105896035],[4.722627093864343,46.26357193808163],[4.722629671508326,46.26358369814803],[4.722640563611007,46.263632711136594],[4.722640704741636,46.26363306927791],[4.722655454103586,46.26368085299177],[4.722688501848791,46.26374475239129],[4.722688642980022,46.263745110532525],[4.722717897729011,46.263804023446895],[4.722738967379533,46.26384630734412],[4.722741759347156,46.26385662305632],[4.722750375034458,46.263886936078734],[4.722750513334068,46.2638872041935],[4.722768791655408,46.26394808459956],[4.722798734023764,46.26404535659711],[4.722863534733773,46.264098957829255],[4.722917000045941,46.26412661050522],[4.723140366814266,46.2642008692273],[4.723223757413737,46.26422617731069],[4.723311958434159,46.26422277047821],[4.72336031446101,46.264211860578285],[4.723399422203047,46.26419181353849],[4.723495950188961,46.26412289019252],[4.723562035429589,46.2640687487218],[4.723604641523559,46.264023699446],[4.723638102407967,46.26398104036158],[4.7236558174074,46.26395798459055],[4.72367753759305,46.26392189819086],[4.723682099401199,46.26391417322478],[4.723711968858757,46.26381518512081],[4.723734411693071,46.26374017783006],[4.723734527325107,46.26373972573258],[4.723782038320281,46.2635782325764],[4.72378625772752,46.26356375759292],[4.723786381860993,46.26356357557454],[4.723825776317082,46.26345777806249],[4.723832898944035,46.26344064710153],[4.723877815149868,46.263332874491745],[4.723888965523718,46.263303433104305],[4.723921282377536,46.263216206943476],[4.723950567844833,46.26314406825536],[4.723960674647142,46.26311860571342],[4.723994331797178,46.26303271026773],[4.724006728448149,46.26299748555499],[4.724020281947205,46.262961883042195],[4.724048478804448,46.262875800067526],[4.724070232698249,46.26280368534339],[4.724073038932237,46.262793825285016],[4.724073030428707,46.26279355520588],[4.724088344709156,46.262719016070704],[4.724088463170648,46.26271865399921],[4.723828323722344,46.262672425226945],[4.723833019733863,46.262656591981916],[4.723869688808268,46.26255912208368],[4.723898274517538,46.26246889006605],[4.723898401482361,46.262468798073904],[4.723944625263774,46.26247683474621],[4.724134740835726,46.262509802870596],[4.724138095257431,46.26242661808295],[4.724140402904522,46.26236380481543],[4.724139630450991,46.26228977953629],[4.724139082318028,46.26228474395692],[4.724120866431882,46.26211451864756],[4.724106970943668,46.26206501085292],[4.72409066199705,46.26200896455174],[4.724083242388952,46.26197953419535],[4.72407266394953,46.261940514265945],[4.724058242614694,46.26190317378864],[4.724041611320711,46.26186163352382],[4.724041337553491,46.26186118732371],[4.724013142550593,46.2618565704811],[4.72398442836219,46.26185196149493],[4.723984414190613,46.261851511362984],[4.723985332367783,46.261839428168024],[4.723986543570268,46.26182427817818],[4.723986932962766,46.26182427228061],[4.724009128335024,46.261823936116755],[4.724021459097272,46.261823749357184],[4.723991394623623,46.261768001451124],[4.723992046444776,46.2617680816482],[4.723992043610451,46.26176799162181],[4.723999617207032,46.26176931802372],[4.72400835898032,46.26177062673221],[4.72395077898046,46.26162459575273],[4.723797101560775,46.26160224414913],[4.723652431262451,46.26158137719575],[4.723567085568144,46.26157222148831],[4.723541297390203,46.26156567663199],[4.72349836698446,46.26155497793169],[4.723497712333067,46.261554807705366],[4.723314617638378,46.261497233425175],[4.723213195820536,46.26145589589387],[4.723212800764521,46.26145572173596],[4.723119201403883,46.26141948971897],[4.723043050247803,46.26139713438749],[4.72298394548642,46.26138001520505],[4.722875575606161,46.26134896038179],[4.722778744051499,46.261321423665045],[4.722621282132434,46.261281924538174],[4.722415418834315,46.26120226615798],[4.722323248190338,46.26116601188094],[4.722298272652927,46.26115639209617],[4.722236648913327,46.26114174251783],[4.7221519914312,46.261121406759585],[4.722135769333844,46.26111759907547],[4.722127775341384,46.261115288149824],[4.722036427142261,46.26108865861478],[4.721844814737333,46.261036795171],[4.721792426561354,46.26102263613432],[4.72172714335442,46.26100723101583],[4.721610107727244,46.260985493151324],[4.721464651456715,46.26095193557542],[4.721225814351142,46.26090141579011],[4.721185853603558,46.260894274096124],[4.721131665941749,46.26088482557152],[4.721108862659293,46.260898860898614],[4.721102119319938,46.26090328618559],[4.721108537339812,46.26092156326985],[4.721108952192068,46.26092236762037],[4.721152651760772,46.26099475301742],[4.721191381679204,46.26105775627437],[4.721236592029573,46.26114101717668],[4.721271246204205,46.261218943467476],[4.721310757467537,46.26130679398633],[4.721371916822127,46.26142647184156],[4.721495939188856,46.261620857135945],[4.72150926780576,46.261640020447196],[4.721519590890214,46.26165445554182],[4.721545617802622,46.26168099261786]]],[[[4.722220132804434,46.26727246607871],[4.721791070518113,46.26720338828163],[4.721789452051636,46.26732950966236],[4.7217923285327,46.267338383008585],[4.721796861827848,46.267350383718316],[4.721796732017172,46.26735038568167],[4.721755224153018,46.267356147417175],[4.721402752709801,46.267405791848674],[4.721400681651212,46.267439058702244],[4.721402002272105,46.26746867150092],[4.721404068953627,46.267509621737815],[4.721406617702079,46.267545250602055],[4.721412680495898,46.267618295117614],[4.721411935466826,46.26764829942801],[4.721411968146599,46.26766586242838],[4.721408727621714,46.26768671741511],[4.721404116932352,46.26772182405419],[4.721393501321629,46.267760083847115],[4.721392917361623,46.26776216426887],[4.721365762481565,46.26783616141472],[4.721365643991001,46.26783652348322],[4.721342524749724,46.267943875272145],[4.721325468077203,46.268000336358],[4.721306927585634,46.26806330485838],[4.721304693229333,46.26807072431655],[4.721301389996613,46.26808545554125],[4.721297618833957,46.26810595826954],[4.721297624494401,46.268106138322324],[4.721294402391182,46.268144106172464],[4.721292762375347,46.26817043117475],[4.721294028993327,46.26822724568526],[4.721294555414869,46.268243990595884],[4.72129456956599,46.26824444072788],[4.721302339862752,46.26835114530401],[4.721305148967092,46.268395056596304],[4.72130910299613,46.268429943657594],[4.721319987353945,46.268520028414734],[4.721341439724638,46.26866534593115],[4.7213417644497,46.26866741261258],[4.721341770110348,46.268667592665366],[4.72134177294067,46.26866768269178],[4.721341928227401,46.268668490966505],[4.721354220290283,46.268782692977915],[4.721354237272384,46.2687832331363],[4.721401154286449,46.26915189746831],[4.721412601304424,46.269280523319274],[4.721407948801076,46.269413445720524],[4.721407954462018,46.26941362577331],[4.721403119503902,46.26946638935572],[4.721397738509815,46.26953483323222],[4.721379265226219,46.269657786788564],[4.721327221221567,46.269977058331726],[4.72130703397404,46.27012399618255],[4.72130427935159,46.27027598453344],[4.721311866339103,46.27031901295606],[4.721318657069966,46.270357369820225],[4.721312895143592,46.270521112630306],[4.721311502065345,46.27056355627421],[4.721310878109467,46.27068416833146],[4.721315015903456,46.27072076392296],[4.721319520516126,46.270756633414685],[4.721328920906035,46.27081602700664],[4.72132988096606,46.27082177691779],[4.721343094086587,46.27091155624115],[4.721338457167811,46.27109455683613],[4.721336999210004,46.2711679852532],[4.721336289032863,46.271240411602605],[4.721400348920014,46.27123304810928],[4.721514871526688,46.27121960745063],[4.721547004177248,46.27121299685668],[4.721590918884615,46.27120107414387],[4.721801422081419,46.271117368889776],[4.721901212736962,46.27107740009167],[4.721952472743793,46.271059511643855],[4.721999999100793,46.27104267040708],[4.721964682448384,46.27025014537189],[4.721964812265928,46.27025014340834],[4.721964803771638,46.27024987332925],[4.722078346417893,46.270250767893906],[4.722248385183722,46.27025161831134],[4.722258284915884,46.27014518689116],[4.722269151445333,46.27002820274583],[4.722284630820481,46.2700289593309],[4.722285336091952,46.27002660686204],[4.722286244358424,46.27002244993812],[4.722289757690429,46.26996898574947],[4.722291019611133,46.2699471699113],[4.722301213729408,46.26985010122578],[4.722306990100766,46.269794260999426],[4.722310405050459,46.2696674819626],[4.72229112995751,46.26966579204482],[4.722291127125573,46.26966570201847],[4.722290607860987,46.26966570987416],[4.722279536912952,46.269615168397124],[4.722274113081002,46.26959138211119],[4.722277867681712,46.2695249443045],[4.722277853522177,46.269524494172664],[4.722280779482728,46.26949364623847],[4.722283800367973,46.26945342967033],[4.722281423491843,46.269369611195714],[4.722280672133158,46.269337467854996],[4.722263017173616,46.269259284665466],[4.722255291855771,46.2691953623286],[4.722277684150988,46.26882546959177],[4.722422035579593,46.26883148196245],[4.722436934322419,46.268665168906644],[4.722442046737235,46.268604745178344],[4.722478779499569,46.268414143343975],[4.722497515632504,46.26832027793253],[4.72250902842689,46.26826101832438],[4.722516016156092,46.268214797151096],[4.722526243531852,46.26814357778241],[4.722526240699608,46.26814348775605],[4.722538154666261,46.26806395649668],[4.722544228467631,46.26802171219475],[4.722560587642159,46.26802155472925],[4.723233887293597,46.26801433710958],[4.723248314593912,46.267956924748354],[4.723284115547865,46.26783172697203],[4.723284254246638,46.267790743364664],[4.723283978009274,46.267748955415094],[4.723290304481385,46.26765698901239],[4.723292640747135,46.26763218460273],[4.723301368431378,46.267538110255856],[4.723302806814502,46.26750953652912],[4.72330311638037,46.267502866718345],[4.723304309334934,46.26740872629153],[4.723294746748201,46.26737311355681],[4.723293143155945,46.26736755353826],[4.723292999177962,46.26736710537153],[4.723265726499903,46.26724745590754],[4.723265720833077,46.267247275854814],[4.723244295503685,46.26717311291206],[4.723242485611205,46.26716512414592],[4.723242482777834,46.267165034119564],[4.723235804954014,46.26713442159012],[4.723222921448748,46.2670799445771],[4.723201625530817,46.26700163648235],[4.723194605738075,46.26698904297771],[4.723177150924346,46.26695850350856],[4.72316614515105,46.266934801750836],[4.723155991908398,46.26691342888804],[4.723155184718709,46.266912540413834],[4.723139783473329,46.26689773197402],[4.723139647997399,46.26689755388619],[4.723073274660088,46.26684361629832],[4.723028572415029,46.26677674097166],[4.723014132718077,46.266755342906656],[4.722922084961216,46.26664901325113],[4.722887432316092,46.26660846613204],[4.7228666890911,46.26656833897769],[4.722839807208221,46.266543616495845],[4.722826483584332,46.26653291975825],[4.72281065111138,46.266520909949215],[4.722724329149854,46.266480964592816],[4.722605787017947,46.26649428731427],[4.722403308154996,46.26652284066697],[4.722274832880673,46.2665382948559],[4.722116109697147,46.26655825960307],[4.721986243168148,46.26657490541039],[4.721930959186865,46.26658033519023],[4.721849792691732,46.26658867836948],[4.721796118177832,46.266603991353854],[4.721783893907517,46.266607598875645],[4.721766014661195,46.26661309331063],[4.721732062159738,46.266623694580574],[4.721720827036339,46.26664223862559],[4.721724472640981,46.26666731280044],[4.721746419840463,46.26676227409537],[4.72176157166805,46.26682698483725],[4.721786549913487,46.26692334138897],[4.721787934059868,46.26704995777452],[4.721788085833661,46.267100214102165],[4.721788333788053,46.26712461910968],[4.721788347942943,46.26712506924169],[4.721790945050246,46.267162228547456],[4.721790950712214,46.26716240860025],[4.721791562205054,46.2671818543023],[4.722013076205871,46.26721750370571],[4.722214873020962,46.2672497581372],[4.72221488151602,46.267250028216345],[4.722215141136867,46.267250024288664],[4.722220392425385,46.26727246215101],[4.722220132804434,46.26727246607871]]],[[[4.722655768898855,46.266444173024595],[4.722658276784569,46.26643719974191],[4.722621327162116,46.26644334317354],[4.722579433478928,46.26644920112932],[4.722569113927895,46.26642665983443],[4.722602874503018,46.26641822287647],[4.722600926423806,46.266409965984664],[4.722642317355684,46.26640051285857],[4.722642314523339,46.26640042283218],[4.722568017307982,46.26621429315244],[4.722489689964683,46.26601975790044],[4.722482558113789,46.26601184965135],[4.722481618308775,46.266010873110034],[4.722469952161708,46.2660074468623],[4.722455938153734,46.26600369586183],[4.722126674988622,46.26602705157716],[4.721870820356383,46.26604731447338],[4.721690092612025,46.26606130663573],[4.721540451474154,46.26608095310145],[4.721436468972677,46.26610297128261],[4.721368993125121,46.26612128491999],[4.721332170929141,46.26613147912226],[4.721320748221881,46.26613579502886],[4.721298300715826,46.26614469102952],[4.721297787144724,46.2661448789335],[4.721170920456995,46.26618669784151],[4.721159839408411,46.266193620572906],[4.721129798998302,46.266212989299284],[4.721116565333581,46.26622579907073],[4.721106128014082,46.26623667510917],[4.721097878344546,46.26625517395423],[4.721045527614513,46.26637044339087],[4.721045287805776,46.26637107750085],[4.721005927260241,46.26646579488276],[4.720933768381156,46.26664089945996],[4.721648784659088,46.26657316427425],[4.72166974576314,46.2665995978206],[4.721670262167985,46.26659949994133],[4.721670121036058,46.266599141798906],[4.721735385781139,46.266588967662905],[4.72183668881503,46.266572574041724],[4.722032874613953,46.266537992192504],[4.722095506235576,46.26652668677938],[4.722152319092921,46.26651618991255],[4.722365404097214,46.2664986451224],[4.722454144127359,46.26648748490164],[4.722521793294713,46.26647880540934],[4.722652259365121,46.266452332364864],[4.722655768898855,46.266444173024595]]],[[[4.723060130900543,46.272158259917916],[4.723054774148736,46.27220265503763],[4.723054782648705,46.2722029251166],[4.723013351086091,46.27249186366486],[4.722992067025382,46.272640980091595],[4.722982578185062,46.272706784137895],[4.722949693040632,46.27293713839175],[4.72294969587382,46.27293722841806],[4.723033664828184,46.27296811235629],[4.723389518592797,46.273099091046525],[4.723944516040001,46.27330514339234],[4.724107644859407,46.273370855575386],[4.724285493102898,46.27344201896693],[4.724305002315933,46.2734139821783],[4.724356683991781,46.27341355971682],[4.724374928542877,46.27340310556829],[4.724422414790834,46.273335464907895],[4.724457606049454,46.27326098505279],[4.724453833489981,46.27319069812675],[4.724098092799131,46.27316239991506],[4.724106678575624,46.27312570179349],[4.724227787485876,46.2726737917985],[4.724257974680574,46.27256002752947],[4.724325312323828,46.272302040163574],[4.724357343755798,46.272180862248256],[4.724346093997369,46.27217833055895],[4.724337621540236,46.2721773780504],[4.724318342665822,46.27217559844994],[4.724318466817049,46.272175416431125],[4.724317685049508,46.27217533820223],[4.724350212627105,46.272069914888384],[4.724351738689598,46.27206475782829],[4.724352195596767,46.272062769384824],[4.724364278715266,46.2720134085708],[4.724408851984059,46.27193167113821],[4.724461138817211,46.27183504549324],[4.724477573576555,46.27180426308258],[4.724505177092836,46.27174457940408],[4.724505298406781,46.27174430735877],[4.724541963520176,46.27166304993001],[4.72454911818363,46.27164690922741],[4.724565104784512,46.27160190264973],[4.724582232673672,46.271527155929505],[4.724611793986144,46.27138944259361],[4.724642697460594,46.27124486365083],[4.724644164549905,46.271241959210265],[4.724654789599149,46.271220541910466],[4.724704418102342,46.27111377857499],[4.724773882494989,46.270964652360355],[4.724776681153223,46.27095866538984],[4.724827858499332,46.270851608317805],[4.724896337742118,46.27074131679175],[4.724874984202812,46.27075199828412],[4.724757216458801,46.27081079635023],[4.72471429436516,46.2708294604565],[4.724695977001629,46.2708375739785],[4.724598443326017,46.27087489906635],[4.724460587458229,46.27091859927631],[4.72432813152417,46.270952309911415],[4.724249976542861,46.270965743039824],[4.7242319486909,46.270966556491906],[4.724168413848257,46.270969950590725],[4.724060699612986,46.27096446636184],[4.724060569793825,46.270964468327776],[4.723672126519219,46.270936574164814],[4.723375748555364,46.270912148802644],[4.723242275977762,46.270901199221825],[4.723223935670736,46.27102000791946],[4.723223944171355,46.271020277998446],[4.723221902634642,46.271033819282366],[4.723217340995948,46.27107045643071],[4.723212691511851,46.27110430276255],[4.723211966954267,46.27111016822865],[4.723211975454841,46.27111043830764],[4.723211138078688,46.27111684589667],[4.723208781270341,46.271136876935685],[4.723184214662261,46.271297211702205],[4.723181338556181,46.27131725060006],[4.723173201171254,46.271376459169964],[4.723173088351931,46.271377001292855],[4.723160078595837,46.27147123046232],[4.723159962942729,46.271471682558854],[4.723140616937169,46.2716080699485],[4.723116849709347,46.27177730943934],[4.723106024317588,46.27185015913323],[4.723101318030823,46.2718822049314],[4.72309117287246,46.27195603508843],[4.723069582719173,46.27209128551934],[4.723064289613983,46.272125321718335],[4.723060130900543,46.272158259917916]]],[[[4.72324282789082,46.27086921629498],[4.723531418709483,46.2708897067739],[4.723603141701944,46.270894745640625],[4.723714301907318,46.2709024298562],[4.72399180459566,46.27092137573899],[4.724160142004028,46.27092999505199],[4.72420227083041,46.27092737549807],[4.724239209725495,46.27092492460073],[4.724349300131669,46.27091100778189],[4.724369537112221,46.27090610773446],[4.724429587595202,46.27089105729721],[4.724552051687501,46.27084939166516],[4.724597578735948,46.27083095836796],[4.724709255632185,46.27078495250857],[4.724826998491464,46.270729487431474],[4.724874979906406,46.27070651337227],[4.724913117116783,46.270680265812665],[4.72494552591689,46.27065770780462],[4.724986175856498,46.27062052376654],[4.725000823496973,46.27060724178237],[4.725001201606058,46.27060687577619],[4.725001328587897,46.2706067837829],[4.72516691187414,46.27048268122191],[4.725167292817958,46.27048240524144],[4.725351034273128,46.27034929051731],[4.725351288234439,46.27034910652993],[4.725447760054619,46.27028225414317],[4.72551614067163,46.270234832061924],[4.725447846211683,46.270206684711546],[4.725530436573164,46.27009500799458],[4.725546925516569,46.27007422227643],[4.725647745163983,46.26993930149538],[4.725651111177971,46.26993483707847],[4.725505876996238,46.2698844379752],[4.725560565356127,46.269827045556276],[4.725704238715374,46.26967958601697],[4.725868783206171,46.269724558171994],[4.725921338666783,46.26967368289466],[4.725974805579122,46.26962288384221],[4.726006989110785,46.26959321345412],[4.726040804187291,46.26956586012152],[4.726016415748637,46.269550287617356],[4.725966149236221,46.269521326841186],[4.725909827507276,46.269481559457766],[4.726209245266317,46.26924833381782],[4.726169602993439,46.26919795568042],[4.726279263486783,46.26915405037141],[4.726278862688548,46.26915369617174],[4.726266108108895,46.269144612438396],[4.726173126079777,46.269079010774355],[4.726150379997874,46.269061972289215],[4.726141607882844,46.26905562030655],[4.726117760121569,46.269032473806455],[4.726010339754153,46.26892908168505],[4.725919567787722,46.26879760565355],[4.725856812069996,46.26872262862895],[4.725745571400624,46.26856804475448],[4.725650746628512,46.268509856301456],[4.72561399673028,46.268485284028216],[4.725478298260551,46.26839529004608],[4.7252849379353,46.2682888764942],[4.725199897778817,46.26821144470071],[4.725128134603596,46.26816380472401],[4.725121107043334,46.26815922761522],[4.725064174477748,46.26811649680856],[4.725000551529884,46.268059276127744],[4.724885701692888,46.2679178061955],[4.724861111661047,46.26788755521823],[4.724819462430633,46.267855851388376],[4.724793873781369,46.26786398504311],[4.724781023055798,46.26786832293065],[4.724633006088951,46.268145817139384],[4.724509656628948,46.268377722681215],[4.724479266358067,46.2684354670967],[4.72443603103386,46.268518355263964],[4.724435785584173,46.26851880932831],[4.724349511793211,46.26868260109974],[4.724343996229711,46.26869304260867],[4.72421682195729,46.26893554382032],[4.724159199836762,46.26904413936224],[4.724120350554004,46.2691178639681],[4.724120107933927,46.26911840805806],[4.724039279901125,46.26926959745543],[4.724028493991989,46.26929002637832],[4.724024191415293,46.2692977474224],[4.723957542713455,46.26942080055388],[4.723957421401937,46.26942107259869],[4.723861451655653,46.26959050499335],[4.723861203361882,46.26959086903008],[4.723855520949288,46.269600142137904],[4.723855399636866,46.26960041418258],[4.723752330733059,46.26978364449417],[4.723667534837404,46.26990787289419],[4.723614551801282,46.26998649489333],[4.72342479387806,46.27027515734491],[4.723381501663651,46.27035633459624],[4.723373143230194,46.270383752100734],[4.723353306639993,46.27045088374719],[4.723298631218169,46.270632570390354],[4.72324282789082,46.27086921629498]]],[[[4.723336960738648,46.26548345189332],[4.723331213485052,46.26535861282195],[4.723327196408698,46.26528049350834],[4.723164884628549,46.26525232704996],[4.72301463127859,46.26522767068566],[4.722478827781892,46.265137784045876],[4.722474723023637,46.265197201793164],[4.722471247460887,46.265255979534516],[4.722470619622571,46.26529381811963],[4.722501893773075,46.26538800767942],[4.722867334244244,46.26542904322387],[4.723336969238966,46.265483721972444],[4.723336960738648,46.26548345189332]]],[[[4.723839848842508,46.26362428322521],[4.724005250965003,46.26364762818109],[4.72406382393882,46.263656018203214],[4.72414140245294,46.263669974836006],[4.724138258397226,46.263685604447076],[4.724103142772837,46.2637953003136],[4.724009663620602,46.26378365606625],[4.724002471307845,46.26380682273645],[4.723983437988864,46.26380449898782],[4.723951564725551,46.26389757294389],[4.723762241393012,46.263873419240824],[4.723762247061122,46.26387359929357],[4.723731984321685,46.26394359105396],[4.72370808869249,46.263980701168315],[4.723707834755191,46.263980885152165],[4.72361551302184,46.26408027848601],[4.723615386052805,46.26408037047783],[4.723606148483967,46.26408807617007],[4.723459783364686,46.264211615604715],[4.723479226590483,46.264218706908515],[4.723731715207122,46.264310447354724],[4.723764732309026,46.2643238180546],[4.723790629509197,46.26433378386074],[4.72389939637439,46.26437311826422],[4.724052648702029,46.264427090603604],[4.724071691331678,46.26443382759842],[4.724123680367039,46.26445168452652],[4.724171634180639,46.264469242273556],[4.72419133436284,46.264476239497085],[4.72427149271381,46.264506099248784],[4.724480017627808,46.26458319221415],[4.724521397334293,46.264453856298395],[4.72458851197528,46.264288102752715],[4.724653931837711,46.26411390832027],[4.724660526572872,46.26409651509606],[4.724660642198017,46.264096062997645],[4.724731659483122,46.263918180931356],[4.724909824006416,46.263785961637886],[4.724910204904951,46.2637856856581],[4.725028341826229,46.26360717942953],[4.725159198657823,46.2634119976005],[4.725238181132523,46.26329740326495],[4.725342256191744,46.26314252782222],[4.725392352511892,46.26306737121856],[4.725475291171041,46.26294235875859],[4.725475816045072,46.26294253094106],[4.725475937334698,46.262942258894476],[4.725562905116661,46.2628008827361],[4.72556302640554,46.262800610689425],[4.72556263416931,46.262800526566046],[4.725620326357014,46.262710933676054],[4.725659806010135,46.26264917807971],[4.725659927298197,46.26264890603291],[4.725769401109584,46.26247998755703],[4.725919925815214,46.262253882979316],[4.725920049938625,46.262253700958574],[4.726023835215731,46.26209387539628],[4.726023832378051,46.262093785369935],[4.726365435358496,46.26158115411993],[4.726332023449839,46.26156346684367],[4.726305886613894,46.261549992554336],[4.726278822101682,46.261540045033854],[4.726257545281966,46.26153244160654],[4.726222503003529,46.26153306310809],[4.726155797487642,46.26154263128852],[4.72615243696135,46.26154313259677],[4.726124755589201,46.26155481104445],[4.725965183955796,46.26163387978038],[4.725896199465467,46.2616659096347],[4.725845024031966,46.26169028373942],[4.725775436498345,46.2617114242685],[4.725720656430417,46.26172855734833],[4.725656867121089,46.26174825885691],[4.725619580540259,46.26176008279549],[4.725494165789369,46.261781619126346],[4.725466141602839,46.26178654740465],[4.725460199291792,46.26178753817509],[4.725434381654499,46.2617924329974],[4.725246386024416,46.26180609085912],[4.725173832777364,46.26181142375944],[4.725145104841385,46.26182699080705],[4.725144721121436,46.261827176761315],[4.725131076871216,46.26181864682266],[4.725118770305988,46.26181135757999],[4.725074588129986,46.26181040592731],[4.72494217991628,46.26180781897851],[4.724709486506575,46.26180828261317],[4.724509162631795,46.26185932468375],[4.724508392351944,46.26185960656159],[4.724494262026231,46.26199645581122],[4.724488760621948,46.26204031285134],[4.7244823298996,46.26205878441921],[4.724662815987693,46.26212414235206],[4.724634149176445,46.26226535505664],[4.724657807164424,46.262270220629894],[4.724643362679545,46.262343485709515],[4.724632762030458,46.26240273180192],[4.724676663028398,46.26240711052797],[4.724634024733922,46.262541779714454],[4.724659973859278,46.26254516946647],[4.724681216191005,46.26254754969564],[4.724681094898307,46.262547821741386],[4.724681616930561,46.262547903901165],[4.724674336531094,46.262564136619666],[4.724647152112301,46.26262048155154],[4.724620426663015,46.26267078487706],[4.724537134808243,46.26265268188892],[4.724439031085663,46.26263020969591],[4.724436133587663,46.262633045739996],[4.724405065402143,46.26266504065956],[4.724496709764329,46.26268445831446],[4.724470049100998,46.26271620633984],[4.72447645747906,46.262717640433955],[4.724522478660994,46.2627274813317],[4.724514862660946,46.26274543044018],[4.724586745825712,46.26276001345306],[4.724403682176932,46.263004622950454],[4.724316185365287,46.263236525845265],[4.724312795351429,46.26324846634685],[4.724000626347993,46.263207889806935],[4.72396932928769,46.26328213056761],[4.723853596451097,46.26358246301722],[4.723839848842508,46.26362428322521]]],[[[4.724630502812151,46.272729659728085],[4.724595937855929,46.27291059199798],[4.724711653069286,46.27292667281209],[4.724818236590978,46.27294973711541],[4.72474820535782,46.27320875634612],[4.724744797803857,46.27322015669111],[4.7247012052977,46.2736092856684],[4.724903935329192,46.27369096956729],[4.725081171938663,46.273507695408696],[4.725187955172424,46.27339691346116],[4.725215322157235,46.27337506228794],[4.725248016126655,46.273361506825644],[4.725356223579711,46.27331654374915],[4.725482039517029,46.27325744303737],[4.725537112886894,46.27322040051727],[4.725560633849727,46.27320428191071],[4.725643930091625,46.273135467478824],[4.725775815733324,46.27302583564457],[4.725828419135071,46.27297225767171],[4.725847161243785,46.27295287888076],[4.725847412377551,46.27295260486606],[4.725898869930023,46.272899764782],[4.725936663233003,46.2728378546842],[4.725960439093241,46.272780390331306],[4.725961276903752,46.27277812589846],[4.725961254198703,46.27277740568851],[4.725961311523083,46.27275038403851],[4.725942071083733,46.272679791204375],[4.72592459800545,46.272644658867236],[4.725859048379319,46.272547116773836],[4.725841045427192,46.27249929269026],[4.725838927811196,46.2724939206348],[4.725838919297451,46.27249365055607],[4.725838916459535,46.27249356052981],[4.725835788548064,46.272456139129346],[4.725850487454089,46.272411512159515],[4.725916312583833,46.27227883302048],[4.725938502783641,46.27224111787464],[4.72598892365628,46.2721554181648],[4.726013569752616,46.27212144867981],[4.726060353406059,46.27205633987161],[4.726115481681874,46.27198813223951],[4.726224192071815,46.27185624379544],[4.726256240356566,46.27180576940705],[4.726304793449644,46.271681458136065],[4.72633177911473,46.27161872099566],[4.726336978178904,46.27160648280565],[4.726344835903742,46.27157970314489],[4.726368617575615,46.271497739749314],[4.726377143822782,46.27143861507233],[4.726381126349334,46.27137955929493],[4.726378901955509,46.271346087248524],[4.726373795560694,46.27127888291939],[4.72636494960725,46.27124136809365],[4.726357832584413,46.27121337439527],[4.726327311875754,46.27112692033285],[4.726287991184066,46.27103735720488],[4.726274104513658,46.27101297885374],[4.726246097118318,46.27096503631933],[4.726245958783717,46.270964768209],[4.725654752687766,46.270882761090114],[4.725692231326408,46.27083562717556],[4.725699731019034,46.27082632642792],[4.725680857638956,46.270816794959785],[4.725666206565924,46.270809361150405],[4.725300137448448,46.27062594404331],[4.725209547949222,46.27084240227657],[4.725189060988334,46.270888828195375],[4.724908001282794,46.27081058347656],[4.72489293031088,46.270806308355375],[4.724892682018453,46.2708066723943],[4.724881853581105,46.27082575100058],[4.724819148638008,46.27093793655609],[4.724752222512194,46.27109341926421],[4.724743276671023,46.27111454092718],[4.724694248157648,46.27119499496967],[4.72468975962067,46.27120506065425],[4.724675600159268,46.27123797029549],[4.724665938368806,46.271265227506255],[4.724654787423218,46.27129881212249],[4.724649093634431,46.271344833694094],[4.724648907727728,46.271347178310855],[4.724646860859417,46.2713605395673],[4.724633000988672,46.27145244002135],[4.724597875678491,46.271599064433154],[4.72456261382299,46.271683633188005],[4.72452556050732,46.271773182874185],[4.724479780688425,46.27186196403492],[4.724402846855493,46.27199255883042],[4.724470499932972,46.2720044140108],[4.724562505627626,46.272014188949896],[4.724719819516785,46.27201910149071],[4.724794881305747,46.2720146317792],[4.724888381475618,46.27199763324779],[4.724811333188954,46.27205860653526],[4.724799401311961,46.27207977343686],[4.724813082223216,46.272126492249924],[4.724813062108552,46.27214234474212],[4.724776225353057,46.2722263970024],[4.724602179959785,46.27262632900398],[4.724658375398087,46.27263727681309],[4.724641086872738,46.27267806986352],[4.724630502812151,46.272729659728085]]],[[[4.724616255750644,46.26170134179108],[4.724618553033996,46.26170418920333],[4.724624589547481,46.26171031252713],[4.724905736412853,46.26167326722341],[4.724920824002961,46.261781211870215],[4.725339094250834,46.26176451474405],[4.725484310514187,46.26175321653445],[4.725501967921666,46.26174898581705],[4.725475107765753,46.261729037310054],[4.725662330700993,46.26163730064351],[4.725775407238523,46.26160748466543],[4.725890402168201,46.26156025609769],[4.726125423159679,46.261485357433386],[4.726125552956298,46.261485355465084],[4.726160437631163,46.26147149618473],[4.726174918090725,46.26146947520338],[4.726201807937411,46.26146564478198],[4.726213805981004,46.26146726421688],[4.726245875000386,46.26147119127734],[4.726327018312466,46.26152003924255],[4.726385322232975,46.26154878780352],[4.7264247952747,46.26149099506218],[4.726432470845216,46.26147907955672],[4.72658211967503,46.26124596187044],[4.726621744015211,46.261184744120854],[4.726685864207111,46.26108496534656],[4.726685604615811,46.26108496928445],[4.726114425347404,46.26087692542708],[4.726125697529448,46.26085964130686],[4.726198307928672,46.260740819490024],[4.72623897302404,46.26063022806528],[4.726393108717616,46.260683643336925],[4.726443576074355,46.260727462233206],[4.726471004823381,46.26074073675245],[4.72652325640197,46.26075876870655],[4.726563233756678,46.260791127714],[4.726618537895367,46.26088125890624],[4.726651964550459,46.26094884431463],[4.726679042964367,46.26103336899],[4.726702947093411,46.261058405943736],[4.727072576448545,46.26049193600947],[4.72709214939839,46.26047434569989],[4.727121057359548,46.260448057148515],[4.727186066393505,46.260314758750546],[4.727219894827994,46.26023039080586],[4.72728903188516,46.26007154005333],[4.7273544880696,46.259907160806165],[4.727334186271674,46.2598769353654],[4.727339420078991,46.25986172427703],[4.727343923402726,46.25984805545403],[4.727344630500159,46.25973050413018],[4.727350932515844,46.25955567381498],[4.727335612227762,46.25948988542468],[4.727326776038628,46.259452640708965],[4.727278480525951,46.25927593684986],[4.727249311904221,46.25926512080835],[4.72714319787191,46.259317890465084],[4.727029934553009,46.259374551411376],[4.727000116146039,46.259388424185],[4.726973508446051,46.25940116740318],[4.726837577883818,46.25945141686263],[4.726756840787688,46.259477140598754],[4.726708893973672,46.259492639351926],[4.726707993946551,46.259492923213685],[4.726423695598998,46.259586134200504],[4.726270623738597,46.259640515942465],[4.726243318540495,46.25965173838398],[4.726144754055744,46.25969277363392],[4.726077402664243,46.25972297748882],[4.726003389950774,46.25975607446529],[4.725921835717169,46.259792978590355],[4.725898192939158,46.25980504610668],[4.725883124254685,46.259813110627505],[4.725831329280092,46.25985073434973],[4.725771804122666,46.259894419830005],[4.725664581724188,46.25994918639627],[4.725559300998096,46.26002436917028],[4.72555892012899,46.260024645152335],[4.725449419721346,46.260110159697696],[4.725410387936011,46.260140744469986],[4.72532704944468,46.26021172141999],[4.725287845858837,46.260245100902246],[4.725287718901501,46.26024519289596],[4.725287338029491,46.2602454688771],[4.725258822317084,46.26025950157276],[4.725224045964348,46.26027678158072],[4.725110304384322,46.26031426302697],[4.725025301856473,46.26034068063305],[4.724989426815958,46.260351942571134],[4.724971956330504,46.260357971770205],[4.724941134726918,46.26036888690154],[4.724667413653522,46.2604312194403],[4.724638275806916,46.26043787571651],[4.724390012968838,46.260496309135625],[4.724299493851253,46.260524881357846],[4.72426953926503,46.26054271850849],[4.724219821440583,46.26057625688198],[4.724209913496072,46.26058739542567],[4.724160026847112,46.26064444442505],[4.72411801966955,46.26071254264742],[4.724097765752184,46.26077040373481],[4.724071383179745,46.26084808282918],[4.724015588330058,46.26101033215133],[4.723992530869081,46.26107814330334],[4.724157654573086,46.26112175774404],[4.724205872979949,46.261135438449344],[4.724217713348287,46.26114030297699],[4.724276585786313,46.261150039355314],[4.724264168429112,46.261213456127024],[4.724253184041086,46.26129351401585],[4.724260268546261,46.26130817806921],[4.724323078796714,46.26132749219412],[4.72452186863411,46.261388609986355],[4.724500202546572,46.261455229264584],[4.724530245101424,46.26145666556628],[4.724519907901118,46.261503658233174],[4.724486753034645,46.26150235914947],[4.724484832837543,46.26151148524325],[4.724555274021057,46.26151744344297],[4.724611928409624,46.261522709792615],[4.724612058206388,46.26152270782605],[4.724612052535727,46.26152252777329],[4.724629914082073,46.261524779090294],[4.72465546199339,46.26152781463795],[4.724641409927401,46.261601163849164],[4.724620175503573,46.26168561033791],[4.724616255750644,46.26170134179108]]],[[[4.726174805861882,46.27363901321274],[4.726222634736481,46.273557585979724],[4.726323311888377,46.27338916111074],[4.726401851333264,46.273256018709844],[4.726480494669373,46.273122064048195],[4.726480618815557,46.273121882027056],[4.726514176457108,46.27306571032702],[4.726583593514135,46.272948107967686],[4.726740328291474,46.27268335909179],[4.726792486331828,46.27259511072968],[4.726852616989235,46.2724919700494],[4.726852741132754,46.27249178802781],[4.727145493052718,46.271997460306395],[4.727304549814732,46.27172826192381],[4.72739262504265,46.271588759284676],[4.727413595274403,46.27155358428028],[4.727461547465043,46.27147206451378],[4.727461671604225,46.271471882491525],[4.727587309116065,46.27126326697439],[4.727589038529886,46.27126044858219],[4.727589159827437,46.271260176533566],[4.72755682562601,46.2712439142935],[4.727297086580076,46.27111707471222],[4.72705775184465,46.270998841885365],[4.727157503138867,46.27078071190715],[4.727229033027387,46.27062317629956],[4.727805018388853,46.27077025616137],[4.727805125478952,46.27076953398143],[4.727819229412883,46.27071023444678],[4.727821705584522,46.270702270764986],[4.727843229234129,46.27063114960482],[4.727843226393016,46.27063105957859],[4.727900230433252,46.27042897951118],[4.727900354568612,46.270428797488435],[4.727933456190478,46.2703130063253],[4.727723360859754,46.27028989468942],[4.727619879591976,46.270278585164796],[4.727482500980853,46.27026319637231],[4.727592279543779,46.27011597850204],[4.727706947074407,46.269963192090295],[4.727718331192586,46.26986709547779],[4.727720655661102,46.269862556734324],[4.727721613784182,46.26985587706253],[4.727725161937641,46.269832495256004],[4.727726797798441,46.26981436649241],[4.727738601192496,46.26973979008508],[4.727697723316239,46.26974086080097],[4.727672290717572,46.2697416070401],[4.727625828760575,46.26974681559291],[4.727568634662554,46.269753538025725],[4.727512256374413,46.2697614189516],[4.727495308957213,46.26977176388185],[4.727485500580675,46.26977785729173],[4.727465553714523,46.26980428007276],[4.727465057172958,46.26980500816194],[4.727432227648491,46.26988828002671],[4.727432109193598,46.269888642101435],[4.727416861743212,46.269932286877236],[4.727385323392792,46.270023555303986],[4.727371893960989,46.27004249349068],[4.727334235198227,46.27009620578593],[4.727289701250551,46.27013371983162],[4.727245128664979,46.27016177716587],[4.727222977852385,46.27017598390935],[4.727179666822312,46.270190511678365],[4.727168562181373,46.270192571605484],[4.727088631297584,46.270207294623404],[4.727088501480326,46.270207296592794],[4.727062536002567,46.27021174361846],[4.72697703143705,46.2702268213192],[4.726853853793007,46.27025399927482],[4.726810426188015,46.27026483582724],[4.726718039882138,46.27028821402069],[4.726716880042697,46.27028850182015],[4.726452266771141,46.270352861391125],[4.726344378124894,46.2703912457317],[4.726286633066278,46.27042995046351],[4.726229177448129,46.27047783784421],[4.726197093016389,46.27052714189036],[4.726196841895498,46.27052741590588],[4.726191542216349,46.27054469949804],[4.726176012744874,46.27059591418395],[4.726174188565271,46.27063692337189],[4.726173245326495,46.27066467901624],[4.726178002744664,46.27069198794804],[4.726184522353824,46.27072575514974],[4.726216328696979,46.2708076862888],[4.726245006623392,46.27088101820342],[4.726276307705173,46.27093044197317],[4.726308938827187,46.27096849683584],[4.726320252393176,46.27098129526124],[4.726357141504762,46.271030814414466],[4.726357147182145,46.27103099446695],[4.726365348709791,46.27104807333544],[4.726384509975718,46.27108732319499],[4.72641167793399,46.27115806595885],[4.726431071514667,46.27121703746409],[4.726440531008457,46.27124517577463],[4.726455367995189,46.2713408745777],[4.726455370834058,46.27134096460395],[4.726456990828023,46.27137174373624],[4.726459733248904,46.271413404231886],[4.726452947929231,46.271470070645314],[4.726445360425052,46.27153836816131],[4.726429476279611,46.2715948122734],[4.726420767168732,46.27161106674406],[4.726393937527898,46.271662272672046],[4.726274155049698,46.27187962479221],[4.726231325301815,46.27194242201252],[4.726196466849427,46.27198204061669],[4.726134543283888,46.272053053395744],[4.72608055214172,46.27212025303373],[4.726066013689787,46.272145242503356],[4.726003086179907,46.27225445979805],[4.725975388274545,46.27231522611969],[4.725903992156724,46.272431867347656],[4.72589535086886,46.27245028240673],[4.725897599102418,46.27247627834417],[4.725921117090828,46.27252600033792],[4.725960327480553,46.2725955698802],[4.725991400126324,46.272641844769275],[4.726023421322062,46.27268936623984],[4.726024864303661,46.272693937896456],[4.726035405003671,46.27272341088468],[4.726043480545457,46.27276120761834],[4.726042324225127,46.272765728612434],[4.726036833488258,46.27278931993504],[4.725968224888908,46.272903757267635],[4.725922991156412,46.27296037601269],[4.725922869846816,46.27296064805947],[4.725901783144502,46.27298393538411],[4.725890253698797,46.27299726027467],[4.725838344813423,46.27303578618141],[4.725809541668434,46.27305738907365],[4.725772880257121,46.27308928890181],[4.725678201563967,46.27317196648688],[4.725499396814667,46.27330951021331],[4.725420316408232,46.273343133632885],[4.725347904518653,46.273374043931106],[4.725277040455774,46.273412856820386],[4.72527691346789,46.27341294881397],[4.725113874514739,46.27356448393421],[4.725113750363007,46.273564665953856],[4.725036640358638,46.27364023150639],[4.725036516206477,46.273640413525975],[4.724968301554883,46.27371386272701],[4.725906910435684,46.274090088327206],[4.725953053090669,46.27401282997051],[4.725953425540542,46.274012283908824],[4.726011889359905,46.27391385260481],[4.726012013509443,46.27391367058419],[4.726126449027187,46.2737201782195],[4.726126570337452,46.2737199061725],[4.726174805861882,46.27363901321274]]],[[[4.726161070662011,46.269034429120964],[4.726196754274459,46.269058116700585],[4.726215856295295,46.26907079703596],[4.726233772211819,46.26907881174941],[4.726329913572064,46.269121037504796],[4.726452212612382,46.26917727758802],[4.726542495608389,46.269219051595776],[4.726592569097088,46.26924189033267],[4.726593094035013,46.269242062509896],[4.726778025908307,46.26917575873407],[4.726832135627632,46.26915773474099],[4.726797967562696,46.26906268946289],[4.727045062645084,46.26902372408299],[4.72707928456932,46.269017530548126],[4.727097232222825,46.26901419591009],[4.727202398489711,46.26899665812163],[4.727216420457613,46.26899239226169],[4.727203005236514,46.26895413618998],[4.727181479366247,46.26887285995767],[4.727160568759094,46.268876960116984],[4.727143791698952,46.26877741782581],[4.727560078591029,46.26875380810241],[4.72762937444748,46.26875608907937],[4.727679037084819,46.268852340093865],[4.727664455185308,46.26894587323257],[4.727664717654536,46.268945959318714],[4.727664836105851,46.268945597243714],[4.727798499492843,46.268983289284634],[4.727874496391188,46.269004473047694],[4.727851297879941,46.268878457846],[4.727851808620156,46.26882467869082],[4.727851712032091,46.26876811660318],[4.727852902870753,46.26872765738943],[4.727853710168563,46.26867504463393],[4.727853704486503,46.26867486458147],[4.727830335197698,46.26867512920055],[4.727751128148177,46.268671557657804],[4.727581062104036,46.26866558199211],[4.727528270085198,46.268568928079354],[4.72724049442331,46.26812519968387],[4.727540661673087,46.26810137018519],[4.727894674270153,46.268071768815005],[4.727886796351769,46.26802379134866],[4.727913971649958,46.268020676794634],[4.727895299233866,46.26798457218786],[4.727855565196958,46.26789015209676],[4.727842677124452,46.26787683730557],[4.727824575833052,46.26785882796124],[4.727766804677553,46.26782250612976],[4.727741447076601,46.267813253560945],[4.727722010544954,46.267806433066276],[4.727721748081098,46.26780634698027],[4.727646232115089,46.26779623437109],[4.72758307724753,46.26780331751237],[4.727483817164387,46.26779392540006],[4.727461153270077,46.267791837441806],[4.72724166659826,46.267763013061625],[4.727007705781677,46.26773233624746],[4.726977244728964,46.26773009627186],[4.726925830095853,46.26772646283339],[4.726896242489381,46.2677025028756],[4.726763109820864,46.26766092879597],[4.72669268556495,46.26766812170847],[4.726435673912619,46.267705435421085],[4.726435535585323,46.2677051673109],[4.72643501917857,46.26770526521178],[4.726302904163789,46.267547665875554],[4.726242051854438,46.26747536228347],[4.725937261098665,46.26734830232522],[4.725864992913825,46.267379391055336],[4.725790678889433,46.267411501515376],[4.725561785552055,46.26751269647767],[4.72546456977016,46.26755578203542],[4.725054146389756,46.2677363762204],[4.724907437983233,46.26779975629071],[4.724907227225187,46.26780543384928],[4.724907570398275,46.26781632703341],[4.725006497974987,46.26800892735947],[4.725045908570179,46.26805201377671],[4.725046176703771,46.26805227992152],[4.725079323841296,46.26808618410196],[4.725096631248604,46.26810375555351],[4.725118555182765,46.268119455659075],[4.725381188685032,46.268305791892],[4.725578050639811,46.26842440163204],[4.725696553688355,46.26849213883534],[4.725764207731108,46.26853299549097],[4.725775032626808,46.268546792134345],[4.725806253895662,46.268585498981],[4.72587537459966,46.26868523866443],[4.725969056747017,46.268806042428764],[4.725987100341569,46.26883459104544],[4.726032342062516,46.268906050632346],[4.726070558139429,46.268952397318934],[4.72615906384083,46.26903256809425],[4.726161070662011,46.269034429120964]]],[[[4.72615327386456,46.26630715824368],[4.726176364161488,46.26631455407737],[4.726271332927403,46.266344458101315],[4.726271725190104,46.26634454222222],[4.726283939262664,46.26634886046931],[4.726316489317437,46.26635971559566],[4.72637947279544,46.26638019694975],[4.726396394042599,46.2663855246311],[4.72644472190431,46.26639839217585],[4.726487018995809,46.2664094597087],[4.72651748497132,46.26641187986833],[4.72656825214049,46.26641561336196],[4.726715939422609,46.26642463196396],[4.72671646149487,46.26642471411437],[4.726726756097792,46.26642581893332],[4.727051733210915,46.26646006926436],[4.727106931801583,46.26646841889534],[4.727140321775892,46.266472956191656],[4.727246152655695,46.26650134357345],[4.727307021955427,46.26651654240785],[4.727330029300682,46.26651718406777],[4.72734753557245,46.266512234825676],[4.72735512611099,46.26650995798343],[4.727426747786665,46.26637610894127],[4.727458005539608,46.266317179597166],[4.727513598172922,46.266169252698106],[4.727500552078442,46.266167379081054],[4.727500673365151,46.26616710703238],[4.727388580668394,46.26615016365271],[4.727462851137743,46.26597268080681],[4.727373559798861,46.26594161079296],[4.727379328441621,46.265930985142425],[4.727398981404324,46.26589528966049],[4.72741605324403,46.26586422687994],[4.727379663019979,46.26585514165837],[4.727388109315468,46.26584294419643],[4.727425044322112,46.26585283177263],[4.727468384938516,46.26576525714282],[4.727348566652602,46.26573392980366],[4.727367477975543,46.265687076977656],[4.727402057045697,46.26560170691599],[4.727401667626707,46.265601712825244],[4.727259922302502,46.265591614222025],[4.727094197332687,46.265570620590545],[4.72709406752642,46.26557062255995],[4.726946604287268,46.26588981382254],[4.726749498991641,46.265853893868524],[4.726452665210405,46.265756527644136],[4.726435065881354,46.26579147125451],[4.726416781802651,46.265862362914525],[4.72626031276939,46.26581366647017],[4.726310046587468,46.26575580831121],[4.726333368580628,46.26558108038516],[4.7259316969052,46.265474314211545],[4.72601367077854,46.26540101585313],[4.726103615020771,46.26532102151397],[4.72610348521506,46.265321023482244],[4.726089722231419,46.265316998913335],[4.726076233050852,46.265313420537844],[4.726050478340613,46.265316242924854],[4.725906959493952,46.26535696864851],[4.7258268601665,46.26538673502207],[4.725728027560351,46.265423720672025],[4.725705883234077,46.265433964001325],[4.72569628965032,46.26543861290301],[4.725514556654265,46.265548370112896],[4.725591477758058,46.26561142354848],[4.725639112438104,46.26563529038839],[4.72570669053693,46.26563264470168],[4.725745603406915,46.26564349359507],[4.725926127628314,46.26570551656067],[4.726007747080333,46.26573220054871],[4.725535641530078,46.26599902760321],[4.725642443123433,46.26607063501114],[4.725713140005803,46.26611748017941],[4.725744759885338,46.26613591538993],[4.725785088969131,46.26615872202549],[4.725958296804963,46.2662316642001],[4.726058077453646,46.26626590883912],[4.726151958755436,46.26630663776914],[4.72615327386456,46.26630715824368]]],[[[4.726726556753123,46.27344510377539],[4.726946823729344,46.27351030562983],[4.726947348709303,46.273510477805345],[4.727299468155135,46.273617362536754],[4.727399436364636,46.273475968214285],[4.727376735198016,46.273468656750964],[4.727359416510735,46.27346315507578],[4.727359543495237,46.27346306307987],[4.727376073363121,46.27344768064577],[4.727430431500594,46.27339623695762],[4.727447431494069,46.27337517301344],[4.727457910680124,46.27336150361944],[4.727458031982979,46.273361231571016],[4.727559400965025,46.27321486202552],[4.727559652091425,46.27321458800707],[4.727620883972143,46.2731587165928],[4.727845278407271,46.27302957456898],[4.727851285496654,46.27302236792721],[4.727853404424141,46.27301954362071],[4.727886326558715,46.272967974673264],[4.727961808151914,46.27284919855393],[4.727961932292556,46.272849016531154],[4.728071023523341,46.272663439197],[4.7280711476632,46.2726632571741],[4.727058895425206,46.27238147846882],[4.726972015681629,46.272526006553],[4.727127907737045,46.272568135981075],[4.727482084745366,46.27266219901599],[4.727447203392478,46.272725776790175],[4.72738039681555,46.27286018306395],[4.727107308405471,46.27278389423871],[4.727097509172975,46.27278206136755],[4.726858812889668,46.27271722944395],[4.726703576847854,46.27298006430392],[4.726682484307748,46.27301551122008],[4.726630342725144,46.27310429968541],[4.726630345564393,46.27310438971161],[4.726546467829869,46.27324121600981],[4.726546216698278,46.27324149002604],[4.726433741627679,46.27343117022213],[4.726336953061399,46.27359521290462],[4.726239782953972,46.273759531486064],[4.726172951387386,46.273872681005656],[4.726151237414612,46.27390903792424],[4.726122517867624,46.2739580206772],[4.726122390879897,46.27395811267171],[4.726062095450203,46.274056121455985],[4.726061852827538,46.274056665549814],[4.726016043737919,46.27413626069589],[4.726131279079924,46.27418234044981],[4.726188392959787,46.274111130438754],[4.726266565266919,46.274015732750485],[4.726271065853349,46.2740101702863],[4.72632937259769,46.27393560954831],[4.726392053520864,46.27385972148056],[4.726421187260542,46.27382388248772],[4.726543423318922,46.27366774021124],[4.726725918986075,46.27344547372516],[4.726726181475396,46.27344555981342],[4.726726556753123,46.27344510377539]]],[[[4.726883118643624,46.26950588995265],[4.726978670636274,46.269500567514065],[4.727058041913712,46.26950107476279],[4.727082201811447,46.26950115859091],[4.727041773556583,46.269376485472456],[4.72703080578574,46.2693417049575],[4.726935331547633,46.26935360132543],[4.726878999011509,46.26936292235808],[4.72682538973789,46.26937211198567],[4.726825132946688,46.269372205950106],[4.726793761030096,46.269378176036646],[4.726743555318157,46.26938821469272],[4.726749553166788,46.269393077531625],[4.726763400353622,46.26940385595726],[4.726743701229222,46.26941343188913],[4.726739479784579,46.269415477443644],[4.726714778426404,46.26940234170469],[4.726709630451618,46.269399717706605],[4.726682360225211,46.269412200610226],[4.726632571803608,46.269435473076996],[4.726556853794375,46.269472559101146],[4.726499689257857,46.269500807117026],[4.726445520473606,46.26953756625714],[4.726387934589149,46.269577169337566],[4.726430277697228,46.26961021313893],[4.726605670224843,46.269562608609036],[4.726726394135047,46.26953591846192],[4.726794750668735,46.26952074076025],[4.726883118643624,46.26950588995265]]],[[[4.7279802925093,46.27167765650777],[4.728508266356181,46.27187923309569],[4.728492580277736,46.271954228801405],[4.728400578508502,46.27209271109863],[4.728354754567246,46.27217167701799],[4.728801263005838,46.27233927191589],[4.729547399718014,46.27262138539995],[4.729549545980579,46.27261531814799],[4.729551756652943,46.27260717832216],[4.729476356257995,46.2724611504064],[4.729451101162115,46.27243055019017],[4.729428821626788,46.27240368768174],[4.7294121773817,46.27236196819254],[4.729406535174079,46.272347822940496],[4.729374813792782,46.27223175504133],[4.729367933106569,46.2722195200566],[4.7293621620911,46.272209519949676],[4.729356804280464,46.2722043773114],[4.729347169892325,46.272195426650796],[4.729347167048657,46.272195336624634],[4.729366495443585,46.27210821616529],[4.729369622917964,46.27205097461463],[4.729371827539797,46.27200563623742],[4.729375755071961,46.27197783521439],[4.729382758249875,46.271924047495055],[4.729387692051659,46.27179652440014],[4.729387683520518,46.27179625432162],[4.729392561669339,46.27169575287949],[4.729396320877671,46.27161328230622],[4.729401412402478,46.27153187232591],[4.72941332432687,46.27150602160809],[4.729420995822353,46.27148572953512],[4.729426007488094,46.27147169265258],[4.729426089418769,46.27142494540586],[4.729425986639805,46.27138468595935],[4.729425057590697,46.271347051076006],[4.729423735247154,46.271305188906595],[4.729419942362489,46.271246791502215],[4.729411276267169,46.271120465749945],[4.729402739987264,46.27089956518318],[4.72940885232361,46.2708504745938],[4.729412659326795,46.27081474929076],[4.729400572799279,46.27071171339109],[4.729397531571878,46.270668886567094],[4.729391989426308,46.270600337892205],[4.729354167728073,46.2705912749982],[4.729341343186784,46.27058822730863],[4.729341340343209,46.270588137282445],[4.72934055574758,46.27058796906184],[4.729373258781576,46.27051721817964],[4.729381878689328,46.27049817266982],[4.729054975949296,46.27038730883084],[4.728576059607237,46.2702211979599],[4.72854765365227,46.27034169171274],[4.728188019401728,46.270255370906774],[4.728088717997388,46.27023246948044],[4.728088605229086,46.27023301160827],[4.72808396094513,46.27025046548876],[4.728050644443125,46.270375897383204],[4.728036922841047,46.27042672463207],[4.728021371329346,46.27048541568689],[4.728021261401255,46.27048604784083],[4.72795929212225,46.27070774838259],[4.72795917366907,46.27070811045782],[4.727928740350466,46.270817916546136],[4.727887307270874,46.27093311359204],[4.7278839706659,46.27094262151279],[4.727815070111739,46.27108876890887],[4.727733509116392,46.27124942941268],[4.727604153714492,46.271463685816215],[4.727572073636362,46.27151722344699],[4.727571828199238,46.27151767751794],[4.7279802925093,46.27167765650777]]],[[[4.729562490151396,46.27139693332269],[4.729615311957192,46.27134632248298],[4.729630584834756,46.27131997033198],[4.729671810839062,46.27132988211441],[4.729734908354542,46.271349639420464],[4.729739105254445,46.271350926695725],[4.72974644911868,46.27135315692053],[4.729806644057887,46.27147014314683],[4.729806580319594,46.27150923422508],[4.729850108334856,46.27152622644949],[4.729787892817548,46.27161661065017],[4.729769115160748,46.27161014074986],[4.729624454510321,46.27181661591563],[4.730082460578723,46.27195755073703],[4.730370998114967,46.27204593713207],[4.730379085834851,46.27201005666135],[4.730413648900305,46.27185434177872],[4.730217654961886,46.271776258125406],[4.73032314373028,46.27161262007532],[4.730437525440952,46.271463257849554],[4.730461595792631,46.27138651314149],[4.730490301797588,46.27125097271806],[4.730510645285281,46.27117959873863],[4.730551537846963,46.271100886983135],[4.730605111919327,46.27099604244979],[4.730644424968149,46.27090024147913],[4.730653482180072,46.2708498450676],[4.730728703433013,46.27085869926025],[4.730729433965239,46.270857156974564],[4.730742124257604,46.27081075844647],[4.730853415358916,46.27054318159547],[4.730689044518402,46.27047515613954],[4.730571409896831,46.27042290272364],[4.730512505313678,46.2703755209183],[4.730358115674568,46.27032328556147],[4.730344234125923,46.27030323093363],[4.730272096149198,46.270330267328575],[4.730288543789628,46.27035343539293],[4.730393902914458,46.270498106744085],[4.730231941257518,46.27067890576293],[4.730063049905957,46.270611668667584],[4.730063663540077,46.270594095811056],[4.729745919631043,46.27046075753657],[4.729667773815345,46.27063064479317],[4.729607441755238,46.27078062622787],[4.729595313103161,46.27080783130494],[4.729529778991575,46.27078081532745],[4.729447732405244,46.27075323953223],[4.729444318260143,46.27092064029411],[4.729459373265899,46.27106830550341],[4.729458056440708,46.27126098389337],[4.729457766939915,46.271301159230475],[4.729469256515586,46.27146752295668],[4.729503619737886,46.27144520414996],[4.729562490151396,46.27139693332269]]],[[[4.729073403602245,46.26894330693392],[4.729016415171678,46.26894417247648],[4.7289953228028,46.26896719030476],[4.728965695859443,46.26899961489256],[4.728975277492302,46.26900280193978],[4.728969762873854,46.26905026218564],[4.72900232639941,46.26904913714166],[4.729448753244852,46.26902164013714],[4.72944654478983,46.26921487252822],[4.729613856355462,46.26922403971371],[4.729608889887841,46.269399840553035],[4.729471757482827,46.26939219641105],[4.729371116545988,46.26939264443738],[4.729325989001544,46.269584006835935],[4.729575486565101,46.26960462541603],[4.729575769951929,46.26960948485767],[4.729653478392878,46.269606682995125],[4.729643440012573,46.26967537831564],[4.729671878227867,46.26967521645576],[4.729676495235244,46.26976791777973],[4.729698953587547,46.269837470406316],[4.729939057094597,46.26979914541383],[4.730248255188921,46.26974436793644],[4.730263971142324,46.26973205977794],[4.730375872950923,46.26964407248689],[4.730400372574088,46.2696261365665],[4.730405582987743,46.26961840146955],[4.730409151319979,46.26961213244227],[4.730410521320119,46.269606167037466],[4.730411146569146,46.26960129378565],[4.730401158587233,46.26957703679119],[4.730391083477279,46.2695541321614],[4.730390945125948,46.26955386405605],[4.7303592936591,46.26948111871481],[4.730359550444748,46.269481024742404],[4.73041965604315,46.26945137901287],[4.730489592319243,46.269416359792785],[4.730584492461566,46.269369882505956],[4.730714489789383,46.26932025956098],[4.730769108640899,46.269289616220604],[4.731099918424267,46.269092828589805],[4.731109974519201,46.269086370815586],[4.731201114105704,46.26902779080651],[4.731224428314697,46.26902167182197],[4.731266397636681,46.26900995503897],[4.731596567519715,46.26896962626526],[4.731669918736731,46.268960494355525],[4.731635389976322,46.26864487581039],[4.731633550866405,46.268627790589576],[4.731632451831978,46.268593040499525],[4.731652394639873,46.26848033047635],[4.731732811793263,46.26827167726427],[4.731732935910993,46.26827149523731],[4.731301409561524,46.268211407343045],[4.731292217368866,46.268208214568766],[4.731274993890668,46.268205684349226],[4.731159937742245,46.26828003001578],[4.731063200048785,46.26828474354612],[4.730870303991543,46.268254981347816],[4.730903690820256,46.26818953365836],[4.730654934570625,46.268142876741514],[4.730795699968293,46.267920426847105],[4.730566028512845,46.267910498128515],[4.730526235001133,46.267908851314665],[4.730512356532116,46.26790942256292],[4.730436736066451,46.26791246351928],[4.730398524125222,46.26791565636899],[4.730324699308945,46.26792209259448],[4.730323920438596,46.26792210443297],[4.730308795272701,46.26800240604385],[4.730111080802184,46.267984514910346],[4.730067033653573,46.26810308518033],[4.730065606760887,46.268107250058236],[4.729962078966807,46.26809846536573],[4.72989721634073,46.26809260574624],[4.729843825548783,46.2680881029526],[4.729748930840909,46.26808125848105],[4.729700002032665,46.268078219002625],[4.729685274937447,46.26810537351782],[4.729807730704859,46.26811720342115],[4.729764778983032,46.26822936198827],[4.729757125135946,46.268250194248154],[4.729710651395124,46.26837420539715],[4.729893663368663,46.26839943614285],[4.729904072003141,46.26853978625149],[4.729806825646408,46.268532527204385],[4.729768171066664,46.26866560663947],[4.729501262102612,46.26866515839757],[4.729440758760409,46.26868219997745],[4.729403257247849,46.2687202385462],[4.729350755427443,46.26869455570142],[4.72929151535174,46.268743372505206],[4.729515895144673,46.2687501417375],[4.729463207990118,46.26892828879515],[4.729455062969508,46.268937689679085],[4.729073403602245,46.26894330693392]]],[[[4.729456215877311,46.26990753932734],[4.729438598800098,46.26991312104735],[4.729440485473475,46.26991939724323],[4.729515011761908,46.27016532538999],[4.729708914383351,46.27013220624439],[4.729589094386291,46.26987093399671],[4.729556929367551,46.26987646654685],[4.729456215877311,46.26990753932734]]],[[[4.730395856545091,46.274131025680084],[4.730430763881549,46.274199848550765],[4.730449174744432,46.274235776613374],[4.730451901104887,46.274235735175644],[4.730457469424479,46.274235200196195],[4.730845337420531,46.274046823776494],[4.731036682437454,46.27395294462606],[4.731077303845294,46.27393134083798],[4.73112111108822,46.27390779713747],[4.731114170626845,46.27388547538858],[4.731109566428957,46.27387131443124],[4.731083036116127,46.27381686555916],[4.731076705464146,46.27380561307103],[4.731056349797282,46.27376980474318],[4.731015248939618,46.27371872982005],[4.730994439376806,46.27370553579912],[4.730962239975547,46.2736853994597],[4.730869254710033,46.273636554412676],[4.730854466660479,46.27362894319447],[4.730794224018463,46.27360508994499],[4.730787563088708,46.27360393023361],[4.730729443669847,46.27359382528864],[4.730699030431463,46.2735932067802],[4.730642508107961,46.27359253479819],[4.730568992231822,46.27360076775393],[4.730510469910851,46.27361489748411],[4.730498871010592,46.273617775863606],[4.730446420209398,46.27363496570412],[4.730437189457284,46.27363879884666],[4.730329250881369,46.27368394285601],[4.730072245684567,46.273804488357115],[4.730144762661889,46.27389615783234],[4.730188175153225,46.27395053049577],[4.730280888504819,46.27404009158222],[4.730341380354503,46.274088260047805],[4.730369626282481,46.2741107083822],[4.730395856545091,46.274131025680084]]],[[[4.730470034934322,46.274291662845584],[4.731170978505027,46.2740635794954],[4.731132146120976,46.2739487009915],[4.730672521851346,46.274168072229976],[4.730473482604625,46.274265130049756],[4.730464912264456,46.274269313432534],[4.730470034934322,46.274291662845584]]],[[[4.731623580354708,46.26899011149592],[4.731405509569333,46.26901450454195],[4.731299772981796,46.26902629046185],[4.731279578883375,46.26902839895721],[4.731254861208726,46.26903120672709],[4.731230342793504,46.26904031632185],[4.731204811474228,46.269050251939326],[4.730960642718032,46.26919402270885],[4.730766974463947,46.269308383106306],[4.731291274717275,46.269981515963735],[4.73139844964165,46.26992890675378],[4.731455190739803,46.26988733241205],[4.73165882842588,46.269726793734],[4.731717184506707,46.26969933559182],[4.731740723238138,46.26968798906251],[4.731763670339129,46.26967025659745],[4.731766766185522,46.26962031103277],[4.731769788498259,46.2695598284613],[4.731754040115963,46.26936578823],[4.731747997287688,46.26934309258203],[4.731690016469276,46.26912780788523],[4.73167875628808,46.26904691666455],[4.731669781660975,46.268984905260666],[4.731623580354708,46.26899011149592]]],[[[4.732021448757687,46.2678012667905],[4.732061629484967,46.26776588863883],[4.732062010375139,46.267765612635216],[4.732091114654161,46.26774958779539],[4.732153400221359,46.26771504418239],[4.732180765190585,46.26770562085494],[4.732197974756007,46.26769950447828],[4.73232564957248,46.26765874175109],[4.732541130455663,46.267589621735226],[4.732570198698096,46.267576569610426],[4.732610530744039,46.26755830215515],[4.732639439418344,46.26754020854965],[4.732685135517491,46.26751087094879],[4.732708523721235,46.267490699681034],[4.7327344141024,46.26746751802983],[4.732744581380849,46.26741944630726],[4.732745936826691,46.26741303074242],[4.732746570389875,46.26740842755509],[4.732749546959738,46.267387576197],[4.732748735875134,46.26737425825831],[4.732745920134845,46.2673386335994],[4.732738209529501,46.26731659386823],[4.732736930127187,46.2673131006319],[4.732655256872068,46.267247962534455],[4.732333200270626,46.26699022125305],[4.732258634569255,46.26703476941956],[4.73192340339397,46.26723496054634],[4.73190327214024,46.267247246056876],[4.731811162105024,46.26730376986046],[4.731770622782659,46.26732780463072],[4.731614900019062,46.26733584782359],[4.731460221386007,46.26734405506079],[4.731101418736259,46.26736572427954],[4.731083270899708,46.267366810869106],[4.730958719497755,46.26737491956983],[4.730902574203044,46.267377754789436],[4.730842554510979,46.2673812793748],[4.730809290604159,46.26732323998759],[4.730716370051753,46.26735005229471],[4.730747604853428,46.267397314224525],[4.730770773941118,46.26743181884507],[4.730792847657009,46.2674645387263],[4.730905000938938,46.26763117329771],[4.730941289528115,46.26768628444708],[4.730950001583015,46.267698941839974],[4.730961255309818,46.267697509752914],[4.731008584042597,46.2676910256547],[4.731058399099463,46.26768513421549],[4.731098120187589,46.26768038701194],[4.731115842117414,46.26771101134262],[4.73112489353707,46.26772618550663],[4.731262068875551,46.26795710910428],[4.731376380677981,46.26799067783986],[4.731453848217347,46.26801318789111],[4.731622171206356,46.26805854461313],[4.731741108270398,46.26809051145342],[4.731830692621642,46.267999259343554],[4.731924400988047,46.26790290052675],[4.732021448757687,46.2678012667905]]],[[[4.732605180231696,46.27345523089096],[4.732829651412819,46.27335345882918],[4.732979557319662,46.27328011236464],[4.732979692843386,46.273280290440674],[4.733078960294764,46.27323212343593],[4.733075873012147,46.27323307112582],[4.733078429598484,46.27323177123658],[4.732955293487906,46.273268592525504],[4.732779979735212,46.273327103924494],[4.732411272500295,46.27344746336422],[4.732038479256556,46.273565992286976],[4.731905229087118,46.27361161294564],[4.731866042509188,46.27362517903497],[4.731631751360621,46.273753308702936],[4.731389650765514,46.27386453351536],[4.731216196543922,46.27392445528066],[4.731254164722989,46.27403664481799],[4.731741463317849,46.27387512514785],[4.73222891504935,46.27367748317947],[4.732278883200261,46.27365573674358],[4.732399637833312,46.27356824335956],[4.732605180231696,46.27345523089096]]],[[[4.732882166151438,46.269682059076764],[4.733224484938994,46.26975052477253],[4.733490841156778,46.269807176142756],[4.733520012473722,46.2698137573712],[4.733578432565475,46.269812957856004],[4.733670372397971,46.26980840536073],[4.733812643784854,46.26980191536458],[4.733938808062182,46.26979125711022],[4.734073240758311,46.26977101547365],[4.734276702959399,46.269728195505344],[4.734329291402578,46.269715505196935],[4.734558555242638,46.26966310455618],[4.734654092831063,46.269776217300745],[4.734698671888101,46.26984687309261],[4.734718867286083,46.269881692474996],[4.735049776132849,46.269766224489686],[4.73522195049037,46.26970334380855],[4.735283662829413,46.26966709590982],[4.735361835895489,46.269605197452336],[4.735473112875892,46.269497759526516],[4.735574064737103,46.26965870598282],[4.736179394822089,46.26948563946803],[4.736599922705847,46.269509668910494],[4.736636705228288,46.269477763605],[4.736659709082168,46.26945777752244],[4.736760213464245,46.26937112855919],[4.736973453419305,46.26918629496459],[4.737182426486777,46.2689980133422],[4.736987449056423,46.2689274015918],[4.736951015225109,46.26891705906823],[4.736932669928763,46.26891193479569],[4.736774136401384,46.26888472059769],[4.736747314567595,46.26887441150829],[4.736635305498719,46.268831715935235],[4.736596953147235,46.26882230326254],[4.736507697865931,46.26880087716518],[4.736376782045742,46.26875991085141],[4.736274109321597,46.26867987379712],[4.736273976653418,46.26867978575097],[4.73623127465075,46.268651975036164],[4.736204634075568,46.268635087979426],[4.736070443373569,46.26858093104221],[4.73603179306809,46.26856620862281],[4.735963182913285,46.26854050421658],[4.735963050245943,46.268540416170055],[4.735803271134913,46.26848205557099],[4.735731666936593,46.26845612647146],[4.735558201153506,46.26842895813958],[4.735338011510652,46.268394575670314],[4.735337881697987,46.268394577649104],[4.735305960611141,46.26839137138212],[4.735241218319626,46.26838524275025],[4.735131127209826,46.268382507369026],[4.735100457190755,46.268381893992924],[4.734984240613025,46.26839078073096],[4.734966280821481,46.26838961333109],[4.734895494427168,46.268385378007245],[4.73475227549666,46.26837414015709],[4.734569234142405,46.26836035646539],[4.734527434481345,46.26836099334847],[4.734492136857833,46.26836189142901],[4.734380561993182,46.26837791239007],[4.734247235150248,46.26842065497875],[4.734173901899573,46.26844672136187],[4.734144113229186,46.26845753313016],[4.734143469867622,46.268457723069496],[4.734051005547873,46.26848254961156],[4.733986361213044,46.268500016986],[4.733855443781205,46.26851633204192],[4.733855184155193,46.268516335996125],[4.733855054342187,46.268516337973246],[4.733853502287884,46.26851654175071],[4.733627885269947,46.26854042354353],[4.733555939843001,46.268557011089776],[4.733454867516379,46.26858070724842],[4.733280484420486,46.26865992149388],[4.733235720038369,46.26866537672076],[4.733221232236922,46.26866721854658],[4.733092461781985,46.26866521592258],[4.733062430877718,46.26866017886105],[4.732997430479335,46.26864999975502],[4.732981796497487,46.268668972200096],[4.732967377953819,46.26872224261321],[4.732728421182207,46.26869399530361],[4.732689379797637,46.26876538413229],[4.732424130643695,46.268739427812534],[4.732367335375797,46.26873407730363],[4.732346767862305,46.268732588894316],[4.732291798543919,46.26872748077067],[4.732252088627981,46.268724392166845],[4.732058553428007,46.26870734146861],[4.731901096287722,46.268693524503036],[4.73168214517699,46.26867361732287],[4.731682159413608,46.26867406745356],[4.731687069275276,46.26872254020147],[4.731704160154912,46.268885125789375],[4.731709047673629,46.26899448582249],[4.731765569956865,46.269241677282714],[4.731807263633187,46.26935263908173],[4.731812318100756,46.269652043098446],[4.732117747471361,46.269621906793326],[4.732217176215014,46.26959544471737],[4.732714340315915,46.26967722782624],[4.732715718835256,46.269634603987306],[4.732825584253951,46.26966706810033],[4.732882166151438,46.269682059076764]]],[[[4.733145626179599,46.268215320082746],[4.733242151646921,46.26835570996175],[4.732759073085563,46.26849294403673],[4.732755368339494,46.26849489188493],[4.732815949715506,46.26852549409153],[4.732868862383198,46.268551799593695],[4.732955701273875,46.26859542239242],[4.733018181951204,46.268616268078155],[4.733046134231834,46.268625389921255],[4.733061136849842,46.2686275033377],[4.733076130920169,46.26862934667386],[4.733107649905303,46.268628056213274],[4.733159783554771,46.26862564127689],[4.733307740735431,46.26858141625542],[4.73337026277114,46.268562540473745],[4.733397304068294,46.26855519338459],[4.733457425150307,46.26853842571033],[4.733504305018569,46.26853005595719],[4.733529741372508,46.26852534529047],[4.733554799684569,46.26852100065274],[4.733600248729491,46.268512562578394],[4.733711301777511,46.268504656591865],[4.733719076303188,46.26850408784455],[4.733781971765326,46.26848880892631],[4.733782358353389,46.26848871296915],[4.733822961495854,46.26847899756438],[4.733940443882616,46.268464958775745],[4.733954149878056,46.26846303869563],[4.734013223460715,46.26845421279528],[4.734063468408281,46.26844137814701],[4.734086776345229,46.268435078523844],[4.734293997038363,46.268371665341824],[4.734368317301019,46.2683439625903],[4.73442520257668,46.26832346077412],[4.734463329115522,46.26830936946286],[4.734619336590169,46.268310234955706],[4.734784453763001,46.26831168197197],[4.734826881027401,46.268314458072055],[4.734856673695953,46.26831607565628],[4.735070700226574,46.26832812566547],[4.735341325170963,46.26835570518503],[4.735557039586314,46.26837592488365],[4.735783687244474,46.26842146715693],[4.735819952818557,46.26836507107081],[4.735820463506529,46.26836479307531],[4.735823772988823,46.26836267101336],[4.735854960568199,46.26834274044375],[4.735904116142505,46.26829965821404],[4.73593618528565,46.268282956682704],[4.735941551776333,46.26828017276337],[4.736144486548847,46.2681717867432],[4.736232600802638,46.2681163110997],[4.736336421757822,46.26804420315977],[4.736443813775804,46.26794547012518],[4.736710428927816,46.26766651067414],[4.736823666779417,46.26752283341793],[4.736803992444213,46.26751673864263],[4.736785108399094,46.26751099208531],[4.736587345513013,46.26745474328791],[4.73657099643631,46.26745111969543],[4.736512943765987,46.26743885509131],[4.736316117645665,46.26740393803092],[4.736298043955546,46.26739916979965],[4.736247765742149,46.26738633613625],[4.736168843515356,46.267363040888206],[4.736021770774802,46.26732439222629],[4.735898487835406,46.267294657781235],[4.735833612531684,46.26727610193244],[4.735691415960922,46.26723557710661],[4.735471334927989,46.26715940103209],[4.735283530037782,46.26709354089454],[4.735145675124122,46.267038357950895],[4.735086860060912,46.26701430514021],[4.735000033366749,46.266979240393546],[4.734942706269853,46.26694885996392],[4.734879850233746,46.266916131889054],[4.734826966704502,46.2668907275779],[4.734776869113222,46.266867172248446],[4.734720258296774,46.26684299559317],[4.73465879326088,46.266817271627225],[4.734621210105263,46.26680748631467],[4.734589009020302,46.266799510441835],[4.734550861022728,46.26678829260049],[4.734526745183747,46.266781364418975],[4.734487665634414,46.26677763652228],[4.734423428838086,46.26677510253434],[4.73427714578723,46.266769495145994],[4.733808345386228,46.26674601254058],[4.733785668225599,46.2668255290305],[4.733764458046677,46.26682423081436],[4.733702576444451,46.26692479014584],[4.73366678195963,46.266975594062714],[4.733471269100806,46.26697794091298],[4.733311288510967,46.26697452238439],[4.733313930384709,46.267057976590515],[4.733313020154585,46.267062043577475],[4.733307438797471,46.26709086073147],[4.733274490256451,46.26716593995044],[4.733241521830355,46.267195264153784],[4.733223971266812,46.2672111133906],[4.733136042892321,46.26728892109224],[4.732970037777724,46.267382418496695],[4.732799621032518,46.26748426919403],[4.732784504063911,46.26749494735567],[4.732766602481264,46.267507919637396],[4.732689699617086,46.26768382496107],[4.732639579950615,46.26780320930017],[4.7326185624725,46.26785315746696],[4.732615984281161,46.26789480880625],[4.732897627282834,46.26788079442763],[4.73297340830047,46.26796079345872],[4.732957907497735,46.267971657623406],[4.732981018383196,46.268004271243846],[4.733030345591523,46.26807323411517],[4.733081168314792,46.26816892483758],[4.733086415905085,46.26818289578995],[4.733097847005611,46.26820758094407],[4.733134110838626,46.268192077327434],[4.733145626179599,46.268215320082746]]],[[[4.733236594364527,46.2670847338274],[4.733244977000403,46.267025430534474],[4.733226898790346,46.26687691096217],[4.733210708661452,46.2667470070274],[4.733204697158008,46.26671710540868],[4.733195566418822,46.266674821688774],[4.733189428365509,46.26667374423779],[4.733170376562406,46.26667088186898],[4.732778613995447,46.266676845750176],[4.73244283307912,46.26668303717129],[4.732145826973233,46.26670385935524],[4.732120282956416,46.26673388088623],[4.732513971995851,46.26704736642715],[4.732637089609567,46.267145830036505],[4.732714356457704,46.26720716222596],[4.732871456789856,46.267332939816946],[4.732889442748313,46.2673472572889],[4.732904430763797,46.26734892059567],[4.732919277572759,46.267350225772034],[4.732974248463712,46.267318495126304],[4.733004218167889,46.26730110582785],[4.733157179591651,46.267197629101155],[4.733158959884555,46.26719643109328],[4.733161349331379,46.26719396283821],[4.7332188387695,46.26713102967754],[4.733236357543625,46.26708545798911],[4.733236597214323,46.267084823853516],[4.733236594364527,46.2670847338274]]],[[[4.735844569507655,46.2684287351741],[4.735844809256603,46.268436297361134],[4.735845148798434,46.2684388141314],[4.735882081482426,46.268456715237434],[4.735946697325151,46.26848752449441],[4.736028639666437,46.268515907826746],[4.736073887560223,46.26852980907775],[4.736180769908134,46.26856240551457],[4.736272680042306,46.26861432495267],[4.736403717429468,46.26868780464006],[4.736403982766283,46.268687980732075],[4.736491918973072,46.26873743866433],[4.736520665051309,46.268746997903705],[4.736537071617751,46.26875242202326],[4.736576199935566,46.26876173280894],[4.736718573538421,46.268795408605634],[4.736853092813893,46.268827132457815],[4.736993323773745,46.26885057267327],[4.737063811887765,46.2688699429456],[4.737314204836584,46.26895970434638],[4.737441519492598,46.26902630432367],[4.737592639762219,46.26911046466694],[4.737635344057075,46.26913422171916],[4.7376743192985,46.26915506337883],[4.737690607715984,46.26916084941733],[4.737694017177047,46.2691618782106],[4.737769073927891,46.26918604207826],[4.73789805602051,46.269227396619115],[4.738104584694707,46.26929359721226],[4.73816978400977,46.26930998519398],[4.738841986470053,46.26877695583317],[4.73897698100534,46.26883587096371],[4.739120420627263,46.26891122973918],[4.739523997711508,46.26912537409251],[4.73964443152722,46.26902436711185],[4.73944730651082,46.26884129535827],[4.739393400840673,46.268783843937484],[4.739344165566815,46.26870578525732],[4.739302902868246,46.26864156554493],[4.739273675913001,46.26861688264851],[4.73917406453251,46.26857201860496],[4.738832258878609,46.268413403248964],[4.738715129893992,46.268356737049956],[4.738674366565082,46.268345020089136],[4.738658685514227,46.26835426654468],[4.7385513536453,46.26833618049154],[4.738570628413986,46.26830922552143],[4.738333852363582,46.26821880861634],[4.738243188536844,46.26818164320786],[4.738141526003398,46.26816211916542],[4.737924125950441,46.26812562749498],[4.737788519476276,46.268096443467996],[4.737730788332057,46.26808615609421],[4.73782706703222,46.26775602238868],[4.7376876562493,46.267709242686735],[4.737568518525321,46.267683319743085],[4.73742957505188,46.26764716081147],[4.737415562456553,46.267643501679025],[4.737282998636783,46.26761192882443],[4.737032792674582,46.267552427968205],[4.737016593342081,46.26754943264112],[4.736936141651542,46.267535258282784],[4.73691956016912,46.26753659211319],[4.736903763261048,46.267538094109696],[4.736709469860055,46.26775092050597],[4.736675958204156,46.26778763971789],[4.736675834103953,46.267787821750254],[4.736675580192571,46.26778800576294],[4.736673811379305,46.26778956392982],[4.736625848013236,46.2678333488798],[4.736549935771231,46.26790088817265],[4.736549554902737,46.26790116419126],[4.736435333202571,46.268005675888446],[4.736335004963964,46.26809781616437],[4.736297892196551,46.2681274746859],[4.736149490162574,46.2682189969569],[4.736039204930123,46.26827976446026],[4.736005513910438,46.26829856235365],[4.735888645240564,46.268376993662656],[4.735877908006747,46.26838652462105],[4.735868697124864,46.26839504153919],[4.735861098221523,46.26840524519855],[4.735844569507655,46.2684287351741]]],[[[4.738088311755841,46.27096571752204],[4.7381150215498,46.27101746003482],[4.738115159942646,46.27101772813073],[4.738146251879849,46.27108885876526],[4.738158279454538,46.271115876150915],[4.738290510973505,46.271091700108116],[4.738548517024632,46.271044526996086],[4.738548519883367,46.271044617022035],[4.738549166118781,46.2710445170838],[4.738878906586189,46.27098634008177],[4.738991259785303,46.27096606961717],[4.739243731062835,46.27092051063742],[4.739286356675166,46.270913104212106],[4.739372640692697,46.27089809539458],[4.739728408579804,46.27082114404324],[4.739984654649684,46.27108239297159],[4.740074052512516,46.27117352813661],[4.740195919957195,46.271297312557586],[4.7401866158842,46.27129880581791],[4.740153406819872,46.271304177183396],[4.740153683626975,46.27130471337023],[4.74019718743874,46.27138213878383],[4.740566561525429,46.27174127424061],[4.740566694207929,46.27174136228175],[4.740673535768854,46.271719282974836],[4.74071179990215,46.27174625924369],[4.740720303048,46.27175225396834],[4.740785138334679,46.271855112934844],[4.740785412288296,46.27185555909423],[4.741030870172475,46.27211625018907],[4.741031005719502,46.27211642825552],[4.740997155482717,46.27214657881978],[4.740992353960569,46.27215079544933],[4.74099235682338,46.27215088547519],[4.740999721806747,46.27219868990354],[4.741214459113604,46.27281247310247],[4.74121530963146,46.27281471183603],[4.741352631674136,46.272832066609965],[4.741328234516543,46.27282865683872],[4.741424213745258,46.2728406992558],[4.741470584403704,46.2728489068698],[4.741455317794991,46.27284670850798],[4.74149803337301,46.27285434153136],[4.741693298736033,46.27288846321447],[4.741695909517815,46.272888873622826],[4.741715939505825,46.272889738106024],[4.741721337658666,46.27288794419989],[4.741734701784112,46.27288341640658],[4.741756314388007,46.27286462148424],[4.741766156933602,46.2728310550606],[4.741766743037708,46.27282906456133],[4.741769481505075,46.272776331911864],[4.741765970458152,46.272751706538116],[4.741749036728805,46.27263586580225],[4.741678069266491,46.27211986152659],[4.741657707968667,46.27195750719165],[4.741639969022451,46.27182042231345],[4.741604514549489,46.27174296435226],[4.741593220151548,46.27171863817857],[4.741550070160036,46.27168507178371],[4.741185134726483,46.2714248580981],[4.741171757659433,46.27141263307291],[4.741138865789214,46.27138305284603],[4.741002649941195,46.271269666694714],[4.740854655477667,46.271157541333366],[4.740657261961005,46.27097456570974],[4.740648898368208,46.2709647859227],[4.740130540979642,46.27117320515227],[4.739910337166565,46.2709549093448],[4.739864465855153,46.270909224522676],[4.73976642461419,46.270811736275064],[4.739754434478878,46.270814531523726],[4.739750314623559,46.2708156753173],[4.739750181944617,46.27081558727522],[4.739646135965577,46.27069261091545],[4.739634777532602,46.270674410274964],[4.739622490358718,46.270655593337665],[4.73959481139232,46.27057747556492],[4.73958640073167,46.2705294168293],[4.739586389290011,46.2705290567256],[4.739586386429595,46.27052896669968],[4.739586457277343,46.27052302102144],[4.739588431082594,46.27028673821547],[4.739586241792391,46.27027506261612],[4.739585642433306,46.27027254982475],[4.739585639572906,46.27027245979884],[4.739522938520065,46.270154886235346],[4.739428529154032,46.270012217339485],[4.739346908734997,46.26980603402723],[4.73931813114074,46.26977098626223],[4.739286423281015,46.26973364144807],[4.7392489315706,46.26970638271742],[4.738865257798826,46.26994318214596],[4.738612827707702,46.270100335974206],[4.738449877919831,46.27000780095678],[4.73839212348474,46.27005002482344],[4.73829034014783,46.27012498572165],[4.738101546825243,46.27026162159177],[4.738101284333304,46.2702615355297],[4.737949542267988,46.27037067464838],[4.73788287987874,46.27041870861495],[4.737889690393474,46.27044913824111],[4.737897590893336,46.27048117248045],[4.737919983631951,46.27053604330261],[4.73796307585567,46.270616988515314],[4.737990953722822,46.27066871322288],[4.738030451332933,46.270779616391906],[4.738034149546657,46.2707897377968],[4.738068838766419,46.27090873055439],[4.73806884162436,46.270908820580345],[4.738088311755841,46.27096571752204]]],[[[4.739719718693561,46.27026563726154],[4.739736504725224,46.2702788911907],[4.739908291841748,46.27040011163346],[4.739938499565385,46.270418834795755],[4.739959157328584,46.27043130896322],[4.740017022975298,46.27044573639674],[4.74037191211553,46.27043932094092],[4.740362274689449,46.27036903380154],[4.740362738028484,46.27035092271833],[4.740363570270151,46.27031172969691],[4.740365740494688,46.27019613715523],[4.740350874845992,46.27005126219511],[4.740339497859186,46.270003879337715],[4.740330103248076,46.26996574334931],[4.740302331833524,46.269852049632526],[4.740269540164173,46.2697193378844],[4.740270200773258,46.269674743306346],[4.740270421674882,46.26965717634659],[4.740268193338615,46.269595242486304],[4.740263545830413,46.26955117939835],[4.74026032210006,46.269523307083986],[4.740249606584217,46.269484470723874],[4.740219609456861,46.26937837686202],[4.740068897478452,46.26930313058977],[4.740011524487463,46.26936138187908],[4.739974139640922,46.26939879176099],[4.739892540832919,46.26935680545188],[4.739538458994222,46.269167665993464],[4.739511261104794,46.26919050891968],[4.739428798639666,46.269260311906386],[4.739356449445648,46.26932140369869],[4.739347850841742,46.26932874064337],[4.739278990431313,46.269385185528705],[4.739093806674456,46.26953716989087],[4.739191164872373,46.2695887336007],[4.739225262379792,46.26961136058255],[4.739303114185484,46.26966214136779],[4.739428998896948,46.26976127616458],[4.739430997615431,46.269762866879425],[4.739431398503188,46.269763221032775],[4.739474803099862,46.269931618546515],[4.739485078786331,46.269952537833966],[4.739520277397427,46.270022074187175],[4.73961737994154,46.27015956788817],[4.739713445660726,46.2702603289443],[4.739719718693561,46.27026563726154]]],[[[4.741198015653035,46.27140106284434],[4.741214750854084,46.27141269608831],[4.741255640065205,46.27144053272399],[4.741296947409866,46.271469263646885],[4.741349394457208,46.271505209881916],[4.741441157856721,46.27157261951036],[4.741459870074848,46.2715688205654],[4.741478951705188,46.271564385478904],[4.741481209255117,46.2715455263852],[4.741477547592931,46.27152432595401],[4.741474389935805,46.271506720599994],[4.741456862410588,46.271466097079085],[4.741424420934358,46.2714220988955],[4.741388873397603,46.27137436528696],[4.74137261457169,46.27133687478675],[4.741350923441126,46.27128784838714],[4.741285684214529,46.27113554766135],[4.741277798017578,46.27107135853697],[4.741276655475598,46.27105993716412],[4.741266594060139,46.27096002364987],[4.741266340572831,46.27087446134046],[4.741266105911944,46.27084258026622],[4.741262921317495,46.2706975267339],[4.741281351221558,46.27058276629457],[4.741286667212949,46.27054980955495],[4.741302999846069,46.27044670017512],[4.741334596338873,46.270366144949776],[4.741359357207561,46.27031568747332],[4.741366541097701,46.27030062602278],[4.741366665188006,46.27030044398534],[4.741457272890782,46.270135581549084],[4.741491773607257,46.2700687625076],[4.740353339853152,46.26989999756075],[4.740363250093179,46.269929839256676],[4.740383160358145,46.26998826029837],[4.740404064194024,46.27005342137185],[4.740406494288636,46.27006040965484],[4.740412052211752,46.27007590673814],[4.740411452313527,46.270097892905184],[4.740411419796467,46.27010095577059],[4.740406907219006,46.27017145922748],[4.740402506214224,46.27020052893675],[4.740401474188221,46.27020892119171],[4.740404982712012,46.27036423770833],[4.740407675624914,46.270448952083946],[4.740403263706803,46.27054305224764],[4.740404389670321,46.27056212980071],[4.740407347923621,46.27060207550188],[4.74045812419982,46.27067947971059],[4.740547128406004,46.270799082538375],[4.740593457315263,46.2708509749032],[4.740643270353735,46.2709062366269],[4.740826156201273,46.27109862121368],[4.740887842486158,46.271147396406235],[4.740920212940532,46.27117284147116],[4.740966906340055,46.27121166801796],[4.741084956931179,46.2713092996153],[4.741175353668379,46.27138276501728],[4.741198015653035,46.27140106284434]]]]}}]}
