{"type": "FeatureCollection","name": "aoc_geojson","features": [{"type":"Feature","properties":{"dt":"Bordeaux","type_prod":"Vins","categorie":"Vin tranquille","type_denom":"appellation","signe":"AOC","id_app":14,"app":"Bordeaux","id_denom":67,"denom":"Bordeaux","insee":"33349","cvi":"1B105D, 1B105S, 1R105S, 1R105S1, 1S105S, 1S105S1","nomcom":"QUINSAC","insee2011":"33349","nomcom2011":"QUINSAC","id_aire":79,"crinao":null,"grp_name1":null,"grp_name2":null},"geometry":{"type":"MultiPolygon","coordinates":[[[[-0.509838930266655,44.76179667979678],[-0.509790090716726,44.761786331659664],[-0.509734875726922,44.76204465219411],[-0.509732620759722,44.76205716017227],[-0.509506614445217,44.76218742515064],[-0.509503150241413,44.762198799882185],[-0.508988430449883,44.764251453408285],[-0.508975849281024,44.76429916485424],[-0.508900207247023,44.76457687703531],[-0.508862015626374,44.76467027942381],[-0.508762766071264,44.764831223178604],[-0.508734015946517,44.764869173135246],[-0.508691821363223,44.764898446867136],[-0.507799039815642,44.765320907541884],[-0.507588375213921,44.76564867540132],[-0.507568907442631,44.76567119097236],[-0.507549495684455,44.76568243979907],[-0.50753566136682,44.76568576170967],[-0.50752070477336,44.765683261373724],[-0.506752001144303,44.765460852689515],[-0.506441894229947,44.765100999086975],[-0.505747775243069,44.76358543975046],[-0.505717469299799,44.763519349997445],[-0.505660122048455,44.76332389333545],[-0.505611223210582,44.76309960137806],[-0.505605275927201,44.762985968614245],[-0.505588710594579,44.762750740172756],[-0.505575709008616,44.76259091913106],[-0.505572846174713,44.76243546342267],[-0.505585046522881,44.762247718776756],[-0.505635737634553,44.761928713409716],[-0.505660427745993,44.76172218908277],[-0.505703473977878,44.76148750718701],[-0.505714677300771,44.76142983657345],[-0.505720729263715,44.76139909450379],[-0.505778235861194,44.761079873392426],[-0.505809384637336,44.7609221696359],[-0.505937140709975,44.76023862471714],[-0.505981522217015,44.76003147705487],[-0.506041327295895,44.75980392473178],[-0.506101639832503,44.759566262934406],[-0.50625001503186,44.75931689143323],[-0.506253991861062,44.75920420632083],[-0.506212511676345,44.75912927842976],[-0.506116184912822,44.75911799887884],[-0.50604878352279,44.759089852437796],[-0.505255163234793,44.75923311917797],[-0.505180295785866,44.75924954726036],[-0.504319663401264,44.759523167831915],[-0.503652854608993,44.75965556129206],[-0.503614371699697,44.75947644985961],[-0.503603116803123,44.75947851816417],[-0.503555122994919,44.75923202798169],[-0.503378363258764,44.75923311342556],[-0.503201230408581,44.75923430050836],[-0.503141293123208,44.75923457418638],[-0.503095023074739,44.75923495626123],[-0.502975229307426,44.75924289069679],[-0.502816088721004,44.75925270026307],[-0.502802342110376,44.759190411999064],[-0.502797397004436,44.75892832127685],[-0.502791590426244,44.75859758694086],[-0.502847538232393,44.75859419531443],[-0.503113677332576,44.7585782076378],[-0.503125779145943,44.75857755449898],[-0.503922377311032,44.75853694473645],[-0.504145923811036,44.758525546367636],[-0.504370973833789,44.75851391973287],[-0.50510576824027,44.758474085398525],[-0.505262095269166,44.758467876168666],[-0.505340094845954,44.758459099137404],[-0.505399854840256,44.7584499080348],[-0.505508686897094,44.758430512232174],[-0.505777316302384,44.75838145558293],[-0.506554218386858,44.75821978896075],[-0.50658832703972,44.758213031505825],[-0.506628663233622,44.75820878044763],[-0.506680562483821,44.758207407560874],[-0.508064859063121,44.758202229939066],[-0.508985041444593,44.75819633020732],[-0.509512269681221,44.75819296232419],[-0.510020851568961,44.758188740970795],[-0.51007210561435,44.758189189333365],[-0.510149356779788,44.75878837969297],[-0.510181939356219,44.759456125042604],[-0.51013935075606,44.760001707552775],[-0.510097016210832,44.76032648881063],[-0.509994939420531,44.76099507754967],[-0.509838930266655,44.76179667979678]]],[[[-0.507775279065379,44.7578911172723],[-0.507711188740015,44.75789170524386],[-0.507648595634633,44.758117003787085],[-0.506663134459873,44.758116578248156],[-0.506584094816697,44.75812692119191],[-0.506487735758645,44.7581394345753],[-0.505535434583488,44.758336121678404],[-0.505450399451622,44.75835377299961],[-0.505377959860754,44.75836651962882],[-0.505314657023721,44.75837365998768],[-0.505179122393531,44.75838470853035],[-0.505042061674267,44.758395624963825],[-0.504314752669066,44.75843378015137],[-0.504253102099664,44.758436992486494],[-0.504085932712497,44.75844579631589],[-0.504080847159418,44.75818154711211],[-0.504078103924059,44.75802185235094],[-0.504067290561674,44.75739171980347],[-0.50394382597163,44.75740157393725],[-0.503814686457668,44.75741169758901],[-0.50317167271153,44.75746276939225],[-0.503061639256767,44.75746895339786],[-0.502886570298048,44.757478816437555],[-0.502834661827338,44.757498301823944],[-0.502801070068175,44.757531626948015],[-0.502796789028157,44.75753599795171],[-0.502766748885498,44.75756542572699],[-0.502542282734503,44.757580275036716],[-0.502294365040496,44.75759631609787],[-0.502185907657827,44.75760344069393],[-0.502045333511709,44.75761275229725],[-0.501539690394052,44.75764577253812],[-0.501485653761941,44.75764937346477],[-0.501424686580033,44.7576148027093],[-0.501259974066382,44.75762037049135],[-0.501083894887266,44.75762620723394],[-0.500982035493561,44.75762960742158],[-0.500753712290703,44.75763736548115],[-0.500802460438477,44.75818870555461],[-0.500841028141207,44.758625285355635],[-0.500571095492484,44.75864129733098],[-0.499998711207282,44.75867515802987],[-0.499938991534603,44.758382265607665],[-0.499862136001704,44.75838911016009],[-0.499680433263992,44.75838998551295],[-0.499679399530135,44.75837947424257],[-0.499581157801649,44.75838005520985],[-0.499512115658404,44.7583803442924],[-0.499291338995351,44.758381372211986],[-0.499290271746946,44.75837032128469],[-0.499287717409344,44.758341473763934],[-0.499232415096475,44.75834304081809],[-0.499235928340052,44.758375102329566],[-0.499239208424289,44.75840951430429],[-0.499248352621804,44.75849546935815],[-0.499272277689996,44.75872136295849],[-0.498974000614124,44.75873312977153],[-0.498504615901724,44.75875751042261],[-0.498357939738403,44.75876637916043],[-0.498111642384067,44.758784161867815],[-0.497976105350967,44.75879520160302],[-0.49797608521629,44.758557017645025],[-0.497775705683225,44.758568753302775],[-0.497638419268473,44.7585760628886],[-0.49764038747569,44.7588150864724],[-0.497632067050436,44.75881552947232],[-0.497124989084072,44.758843978405814],[-0.497154253588133,44.75863731270141],[-0.4969005785571,44.758640185692556],[-0.496756436507138,44.75862878565212],[-0.496672928726887,44.75862223003518],[-0.496652183652849,44.75862423677573],[-0.49670009093308,44.75840004030958],[-0.496806222203296,44.7579040091528],[-0.496846812674663,44.757708611362155],[-0.49693091151579,44.757279332952386],[-0.496963649634253,44.75706751106944],[-0.496969414321275,44.756989376176925],[-0.496967523838456,44.75687967102125],[-0.49688840463554,44.7562176323912],[-0.4968709968527,44.75605975302691],[-0.49685773414815,44.75596852088575],[-0.496857655835335,44.75596726169406],[-0.496774394269083,44.75566564930401],[-0.496768604306741,44.75565186369253],[-0.496715524261681,44.7555426934342],[-0.496645814686372,44.75541016671309],[-0.49659146024996,44.755323205893845],[-0.496388969038959,44.755038424959714],[-0.496165741718198,44.75471302395859],[-0.496163111700731,44.75470733938242],[-0.496163104498167,44.75470112141178],[-0.496168710420907,44.75469364481291],[-0.496271335521964,44.754635522599294],[-0.496356620290541,44.75460363160309],[-0.496537270161574,44.75454331613287],[-0.496834140501427,44.754436073659434],[-0.49697222782029,44.754380796250345],[-0.497071768617572,44.7545903335153],[-0.497117578604345,44.75471072763439],[-0.497555925678845,44.754639298713414],[-0.497542895225498,44.754448117507984],[-0.497540073101087,44.75443324690309],[-0.497496881269024,44.754220758902115],[-0.497425950132251,44.75416009603511],[-0.497461135758595,44.75414627807285],[-0.497570663941119,44.754107672615696],[-0.497555467392274,44.754052459100286],[-0.497425190336508,44.75409298148157],[-0.497356020543046,44.75411553277428],[-0.497383971101053,44.75405859615391],[-0.497344064247922,44.753978208754376],[-0.497245211602833,44.753779734666715],[-0.497205711791726,44.75369978497768],[-0.49717480542822,44.75364209361519],[-0.496905944511255,44.75370546601093],[-0.496878246946057,44.753711567492424],[-0.496863278914946,44.75371492392853],[-0.496729752658505,44.75345914734182],[-0.496742799293205,44.75345540099668],[-0.496621255636414,44.75325196547487],[-0.496612787286988,44.75323781385002],[-0.496430596718017,44.753309893635716],[-0.496304644196895,44.75335892958406],[-0.496176085479578,44.75340876861126],[-0.496284463351282,44.753717788872045],[-0.495998486307131,44.75381711607319],[-0.495900383438454,44.75385031263849],[-0.495789418188735,44.75389022344663],[-0.495553755718769,44.753974984093524],[-0.495499533518274,44.75391451361904],[-0.495452312131629,44.753856796072924],[-0.495400444554554,44.7537914749462],[-0.495345040417488,44.75372419269199],[-0.49502419958361,44.7533359038934],[-0.494888009228284,44.75317140961414],[-0.494862451945205,44.75313869200802],[-0.494853476806517,44.753122483527264],[-0.494854048203817,44.753113363506706],[-0.494856652717969,44.75310643229172],[-0.494970039726554,44.75304445700889],[-0.495297636044858,44.752857845574525],[-0.495436165233165,44.75279750944108],[-0.495534315320659,44.75275899475493],[-0.496153936290624,44.75255216812972],[-0.496422556688813,44.752460597860804],[-0.496569124553753,44.75241974245422],[-0.496822209953492,44.752359031710164],[-0.497154195914882,44.75227365953323],[-0.497271713529498,44.752241560894326],[-0.497504633009548,44.752179953378736],[-0.497557092182887,44.752285267578586],[-0.497582689506298,44.7523369082757],[-0.497584579007592,44.75234288655896],[-0.497698253913559,44.752310007641576],[-0.497753406902149,44.75229393675739],[-0.497831858098084,44.75227424615466],[-0.49795075011061,44.75223985040151],[-0.497917426322138,44.75217989254643],[-0.497871247000076,44.75209015093919],[-0.497864811708025,44.75207818816525],[-0.498028671169842,44.75202867389904],[-0.498283512330936,44.751947447285374],[-0.498463726317449,44.75188029313435],[-0.498747719396668,44.75178588829045],[-0.499090340379774,44.75166421669769],[-0.499311313275014,44.751575316246125],[-0.499478402448542,44.75151677593219],[-0.499769418583701,44.75141944286714],[-0.500056223677151,44.75132152115387],[-0.500122578026677,44.75130257168011],[-0.500354414044828,44.75123585544034],[-0.500683106785723,44.75114652109022],[-0.500966048996914,44.75107800770658],[-0.501357869971517,44.75100325738585],[-0.501676472688352,44.750922529977906],[-0.502437325823058,44.750705703699516],[-0.502524707985473,44.75063453959758],[-0.50260534602109,44.75057692635022],[-0.502721498827173,44.75051692801583],[-0.502898873992208,44.750434806292105],[-0.503298245176556,44.75026212103923],[-0.503343314284337,44.750242581286805],[-0.503986809921998,44.75077897699618],[-0.504607354439435,44.751251300151466],[-0.505102857033264,44.75162258927645],[-0.505344472017241,44.75181626771138],[-0.505495578215605,44.75197613227802],[-0.50568351451334,44.75210599261069],[-0.505831731799116,44.75221340873675],[-0.506039425856107,44.75242888714425],[-0.506009370629559,44.75245191789721],[-0.505919716436459,44.75246836427702],[-0.505490437037247,44.752544857096545],[-0.504791277787545,44.75266819047789],[-0.504580268941197,44.75270992473173],[-0.504600625423718,44.752811295427286],[-0.504653798376634,44.753073932242],[-0.505358182291368,44.75359424629401],[-0.50539477638632,44.75358479700329],[-0.505400743563546,44.75364399670426],[-0.505445767062487,44.753994937830406],[-0.50566381504099,44.754059950788424],[-0.505696702850569,44.75409450681552],[-0.505776646343847,44.754062236747686],[-0.505872023752321,44.75424098798509],[-0.505911154908137,44.7543148185605],[-0.505917575342489,44.754326511051275],[-0.505881171526114,44.75433901853681],[-0.50591524267619,44.75440471832668],[-0.507444526857332,44.753836125258445],[-0.507526539974162,44.753934371292885],[-0.50751670028614,44.753971271400886],[-0.507634402309876,44.754124621504204],[-0.5078364162108,44.754346134799796],[-0.508059766192029,44.754532546320995],[-0.508235736025867,44.75477443992547],[-0.508487426309287,44.755104865002075],[-0.508800054000133,44.75552401916065],[-0.509102064926075,44.755985775094445],[-0.50915782753645,44.75598554024209],[-0.509289305545688,44.75620748401972],[-0.5094710137125,44.7565107459551],[-0.509684641564682,44.756893743274695],[-0.5097677857076,44.75706467867535],[-0.50989185239085,44.75735624893392],[-0.50998145183801,44.75767919167334],[-0.510057003609006,44.758105315993355],[-0.510002352548582,44.758105155525556],[-0.508042741367172,44.75811533433797],[-0.508007040962705,44.7580296800398],[-0.507944594802739,44.75786809106264],[-0.507775279065379,44.7578911172723]]],[[[-0.500883155161018,44.75069113432721],[-0.500959502004012,44.75082660262014],[-0.501041198166344,44.750987044941844],[-0.501011670704595,44.75099419666837],[-0.500661988751493,44.75107545400931],[-0.500219207491001,44.7511970522767],[-0.500099381990458,44.7510091567498],[-0.49985540000762,44.75108797179536],[-0.49991711426346,44.75118343983828],[-0.499909759433069,44.75118718692538],[-0.499945811718747,44.75124219155339],[-0.499964269730126,44.751270536344315],[-0.499900905447277,44.75128876038942],[-0.499801387813717,44.7513174092409],[-0.499307031118204,44.75148821649367],[-0.499064989804706,44.7515860735856],[-0.49888438393336,44.75165909886718],[-0.498350696443491,44.751850339670106],[-0.498147266454096,44.75191633450725],[-0.497827412542801,44.75200150680028],[-0.497678869439475,44.75204107453316],[-0.497309755458911,44.752151682608826],[-0.496874548584169,44.752273298210895],[-0.49661965418997,44.7523354179865],[-0.496322291904443,44.75241627088172],[-0.495777087111454,44.752599481419814],[-0.495537046608043,44.75268086573365],[-0.495295511519621,44.752463553185166],[-0.494962097043875,44.75259925098375],[-0.494850344618113,44.752437229779346],[-0.49476053021272,44.752261899562335],[-0.494636199456091,44.75231259469932],[-0.494736005486155,44.75247165869486],[-0.494796231440721,44.752567717089114],[-0.494482821705723,44.75269566270691],[-0.494395853166194,44.75259053494964],[-0.494282621285277,44.752453522773386],[-0.494130395709544,44.75228124280369],[-0.493848362087108,44.752016541124256],[-0.493525772697488,44.75171580916433],[-0.493884289001641,44.751556703936004],[-0.493791762133363,44.751459771759805],[-0.493367714685402,44.75156561113719],[-0.493091049665551,44.75129560170875],[-0.493023266720017,44.75123051135764],[-0.492936485732344,44.75114664472524],[-0.493222965216007,44.75101279400927],[-0.493094239315569,44.75088888623485],[-0.492810187292832,44.751019055316895],[-0.492524824369654,44.75069443687],[-0.492494936781316,44.75065915184204],[-0.492488420211783,44.75065196764687],[-0.492720353279456,44.750537862200275],[-0.492751155315675,44.75055121952861],[-0.492779928767289,44.75055634992961],[-0.492807141664505,44.7505546805383],[-0.492838285121554,44.75054910218707],[-0.492868041198456,44.75053951225426],[-0.493042771598322,44.75046956606546],[-0.494136517449478,44.75000465390721],[-0.493959303927567,44.749814778348984],[-0.493933353293816,44.74978180268785],[-0.493931423901352,44.749744644605826],[-0.493942594863288,44.74972293404656],[-0.494007759015773,44.74968483055382],[-0.493879640979234,44.74953404928877],[-0.493788306567143,44.74942572472618],[-0.493727662134939,44.74935338042439],[-0.493609975797453,44.74920560417388],[-0.494190127025791,44.74893803146636],[-0.494935151761644,44.74860694533354],[-0.495374380600556,44.7484100508974],[-0.495683469252361,44.748274037753106],[-0.4957458387014,44.748380211132],[-0.495845994727904,44.748551068273514],[-0.495979877603672,44.74878232146581],[-0.496001275670366,44.74882138821748],[-0.49607380340975,44.74895058148618],[-0.496134690105407,44.7490450861094],[-0.496237785092112,44.74924486842514],[-0.496326497607159,44.74940247866776],[-0.49685490189383,44.74925467106211],[-0.496718020372694,44.749030182209786],[-0.496712232776598,44.74902252464367],[-0.496588837275525,44.74887457115482],[-0.497267660699277,44.748577281035395],[-0.497602907479388,44.74842881095491],[-0.497903517128511,44.74829684425146],[-0.498644935965415,44.74798143673719],[-0.498701259773463,44.748039135508186],[-0.49876206768274,44.74810182934172],[-0.499616290211761,44.74769714789943],[-0.499584331098243,44.747653008442846],[-0.499648097640072,44.747616928247645],[-0.49978293287361,44.747552377282354],[-0.499874620417568,44.74748946027053],[-0.499916754134574,44.74745325258519],[-0.500003916114002,44.74737858282122],[-0.500068053074784,44.747336272465795],[-0.500426012053427,44.747181127695626],[-0.50040720429326,44.74720199897165],[-0.500302190870389,44.74725803807242],[-0.500372326052609,44.74722067469315],[-0.500354075176539,44.74727487230668],[-0.500347627298315,44.74739069853858],[-0.500859962396936,44.74802119454949],[-0.501021734152306,44.74815774677473],[-0.501423866849847,44.74852920865146],[-0.501560820584857,44.74862662228177],[-0.501574959093129,44.74862824793544],[-0.501641068756474,44.74863589026541],[-0.502055016466138,44.749075106448345],[-0.502828568253826,44.74981169445225],[-0.502908869783953,44.749882691408196],[-0.502868807288468,44.7499034243989],[-0.502345460282953,44.750162758487534],[-0.502372650524564,44.75019118718898],[-0.501877117287114,44.75038547454124],[-0.501542292822841,44.75048591088934],[-0.500883155161018,44.75069113432721]]],[[[-0.500611156458858,44.759638191123194],[-0.500379851332317,44.759646943599506],[-0.500366222593977,44.759629170256275],[-0.49968580314689,44.7596771675574],[-0.498679663185215,44.759259441362545],[-0.49862895632289,44.75906656618767],[-0.498714302509603,44.759053866920866],[-0.498649256898893,44.75883179555877],[-0.498904087405327,44.75881698636706],[-0.49984933230302,44.75876251780594],[-0.500365952411658,44.75935665840754],[-0.500611156458858,44.759638191123194]]],[[[-0.496258948302781,44.754375290067486],[-0.496262664021208,44.754380129295306],[-0.496196929495338,44.75440302198232],[-0.496291314193356,44.75454188924815],[-0.496299681988881,44.7545544219436],[-0.496096631286399,44.75462670903647],[-0.495870302582081,44.75435511629541],[-0.495692652601131,44.75414633143682],[-0.495787943194164,44.75411061040063],[-0.496077144054472,44.75400208002181],[-0.496344844733449,44.7539017075096],[-0.496337179157302,44.75386995734999],[-0.496567553034903,44.75379779836314],[-0.496670423260799,44.75376805541855],[-0.496717810357586,44.753755204219715],[-0.496829425983253,44.75401861186286],[-0.496950359798064,44.75430371421091],[-0.496813478041205,44.75434786891396],[-0.496680817485496,44.75439279134943],[-0.496612723152915,44.7542557077676],[-0.496258948302781,44.754375290067486]]],[[[-0.496339485066136,44.759380383793705],[-0.496327080465545,44.75943718985975],[-0.496322464098645,44.75946058628411],[-0.496277419586881,44.75969424483507],[-0.496268481584001,44.759739676592545],[-0.496099442942332,44.76054229520586],[-0.496041542408941,44.76081943637831],[-0.495945156925817,44.760563116273744],[-0.495783336849862,44.76013321958587],[-0.495478268280503,44.76021287042736],[-0.495390613201215,44.760066399820346],[-0.4950156844823,44.76018204869353],[-0.495091778464095,44.76031347406845],[-0.494952563894537,44.7603814009524],[-0.494616234372077,44.76056864646775],[-0.493922383739323,44.76095029132527],[-0.493816734537452,44.760996610752684],[-0.493750166762628,44.76101844662403],[-0.493693834365257,44.76103401174842],[-0.493542331325744,44.76105690447263],[-0.493460600526288,44.76106678203233],[-0.493357225127945,44.76107031294067],[-0.493255876177347,44.761069814608945],[-0.493158637330183,44.76106828536908],[-0.493072519972622,44.761062530185924],[-0.492984826260172,44.761055833342695],[-0.492895616410886,44.76104305616243],[-0.492850735526559,44.7610352794064],[-0.492697378937844,44.76101001584027],[-0.492749518211727,44.76113462813824],[-0.492753205503481,44.761163440008474],[-0.492742889843259,44.761186745616435],[-0.492716158514556,44.76122679027705],[-0.492713874976671,44.76122668204964],[-0.492622334766688,44.76123137106472],[-0.492513762992348,44.76123677729394],[-0.492353136752976,44.76123499312562],[-0.492229849268868,44.76123563618782],[-0.492116675684207,44.76123415785471],[-0.491790061893035,44.76124202200726],[-0.491644942259588,44.76124551555064],[-0.491563617509703,44.76125582948622],[-0.491442867053515,44.76127288343057],[-0.491333002344379,44.76130635619353],[-0.491157995452303,44.76130520383133],[-0.491054941295317,44.76130169318506],[-0.490908783728813,44.76129458446035],[-0.490852452758324,44.76129185395695],[-0.49076342274698,44.76128808126948],[-0.490573481587312,44.761272529074844],[-0.490336704763633,44.761248269084845],[-0.489934548835939,44.76117010184521],[-0.489814659200826,44.76098706338344],[-0.489725912255716,44.76082277958786],[-0.489669355224391,44.76071858199444],[-0.489588286979118,44.760537384242085],[-0.48957027888342,44.76048568279103],[-0.489541978573728,44.76039654589123],[-0.489533057859062,44.760368980284746],[-0.489462157853969,44.760131498448615],[-0.489392011521938,44.75986335252577],[-0.489375049791332,44.75980404813673],[-0.489308117419837,44.75961213143145],[-0.489275127376743,44.75951467111616],[-0.489235681680565,44.75941101575611],[-0.489142414974237,44.7592349784514],[-0.489052157902562,44.75907074194012],[-0.488929394145607,44.758871842440804],[-0.488828406815007,44.7587119991624],[-0.488816439477166,44.75867813108669],[-0.488794965250354,44.75860112533512],[-0.488710276809901,44.75828810773973],[-0.488650170022453,44.75808993791877],[-0.488668453193572,44.758084946198025],[-0.488589192700316,44.75765757746333],[-0.488600801881897,44.757593948580336],[-0.48867617585171,44.757555076322966],[-0.488710507887493,44.75753966601199],[-0.488867600248105,44.75751525183319],[-0.489014697998563,44.757507103270974],[-0.489133810773504,44.757500466989704],[-0.489608642099957,44.75755787200074],[-0.489727928879989,44.75756015133845],[-0.49048815766575,44.75753285987652],[-0.490494645865377,44.757533466459016],[-0.490480349556226,44.75766990601952],[-0.490467159393256,44.75779360399545],[-0.491228207450435,44.757785567115704],[-0.491236059492379,44.757814247685786],[-0.491294469334055,44.75781384831375],[-0.491620290242777,44.75781186771697],[-0.491690077965856,44.75781137978685],[-0.491866858979547,44.75776795639537],[-0.491865441160973,44.75772068878476],[-0.491863159682058,44.75764118591487],[-0.491860872623648,44.75756159310459],[-0.49186656433452,44.75756159388889],[-0.491871504226159,44.75756170849565],[-0.491912621960755,44.757563926719264],[-0.492093845228131,44.75757371314633],[-0.492132306475423,44.75757592493176],[-0.49229014522683,44.75758798039916],[-0.492370499627721,44.75759878414921],[-0.492420240587652,44.75761154451174],[-0.492540413993298,44.75764641584781],[-0.492639782444889,44.75768843170981],[-0.492705650691798,44.75772258221314],[-0.492829673059537,44.7578132956057],[-0.493055895559963,44.75797936914394],[-0.493279946451337,44.75814100482888],[-0.493550871271833,44.75833639799232],[-0.493724995749351,44.758317387509194],[-0.493984986798882,44.75844670703483],[-0.494074705577587,44.758486052202144],[-0.494183417203482,44.758531827361146],[-0.494596033240181,44.7586930085985],[-0.494872464712897,44.75880594651127],[-0.495177459523764,44.75897547822999],[-0.495416300399498,44.759087979014154],[-0.495443761392565,44.75912685477976],[-0.495520493639169,44.75914038410522],[-0.495571666100361,44.75914561807552],[-0.495650751452308,44.759148168655],[-0.495721275853789,44.75914729451045],[-0.495763835481714,44.75914216620403],[-0.496045281880026,44.759097685502844],[-0.49609137449416,44.759100556252214],[-0.496340022334073,44.75913884800746],[-0.496366542682471,44.75915648518539],[-0.496380013429548,44.7591717406306],[-0.496380691856149,44.759188751697764],[-0.496351238487295,44.759325310543694],[-0.496339485066136,44.759380383793705]],[[-0.492832132439979,44.75947149349282],[-0.492828757528809,44.759472140638586],[-0.49270569545296,44.75954964857018],[-0.492664538465996,44.75949795661609],[-0.49252668434203,44.759325130247184],[-0.491984869349403,44.75956417692376],[-0.492042793482303,44.759812520308735],[-0.49212109073365,44.7597962634576],[-0.492291179253289,44.75976107113022],[-0.492357906932572,44.75973571644127],[-0.49239236220471,44.75972228371534],[-0.492441332161997,44.75982644889599],[-0.492539346922203,44.75979163635646],[-0.4925544458335,44.75982089943141],[-0.492570798247469,44.75985201547183],[-0.492555477544203,44.759855832988805],[-0.492595034607072,44.7599550680531],[-0.492629843728145,44.75998397993219],[-0.49291310282096,44.75991971420073],[-0.493008658429498,44.75992472119348],[-0.493073545229447,44.7599124913545],[-0.493120070402121,44.759903994742835],[-0.493253235573523,44.759879157565706],[-0.493190162159876,44.75969460092951],[-0.49333864480016,44.759653689968964],[-0.493177859500844,44.75935001413346],[-0.493050294485138,44.75941000120374],[-0.492832132439979,44.75947149349282]]],[[[-0.49561236101335,44.75687676220261],[-0.495512796787717,44.75692316176177],[-0.495500932608987,44.756915425524184],[-0.495464024622381,44.75693209085263],[-0.495470614990744,44.756940444139424],[-0.495435400700936,44.756959939804624],[-0.495413929814872,44.75697467599509],[-0.495362820326742,44.75701314767044],[-0.495324635319464,44.757045894407526],[-0.495239530160481,44.75712346908551],[-0.495145369526356,44.757201870185376],[-0.495071342350075,44.75726233301245],[-0.494981452846723,44.75731788922743],[-0.494874028179753,44.757359940171234],[-0.494854697676713,44.75736027980972],[-0.49482553067431,44.75735498200053],[-0.494794748244186,44.757348113020555],[-0.494783926595837,44.75734493986793],[-0.49477307140525,44.757341227059776],[-0.494715716789507,44.757303654960204],[-0.494595193124443,44.75722653129641],[-0.494562352306011,44.75720485760143],[-0.494452642212469,44.75711856094968],[-0.494451461394947,44.757117877257],[-0.494345211648487,44.75703841047662],[-0.494236439878558,44.756961095909574],[-0.494159089102734,44.75690703187212],[-0.493944566645086,44.756758254845835],[-0.493850623727841,44.7566936294571],[-0.493811355495964,44.75666621049196],[-0.4937884955374,44.75664638457564],[-0.493749676025494,44.756607866829164],[-0.493718258567832,44.75657244995884],[-0.493647440558766,44.756489161285394],[-0.493593233419804,44.75642283161993],[-0.49354390178532,44.75636779321629],[-0.493449662813015,44.7562678503305],[-0.49335531930409,44.75617232649315],[-0.493298235451432,44.756114648729366],[-0.493229609553864,44.75604219505845],[-0.493162069617087,44.75596889603136],[-0.493063030665749,44.75586495881192],[-0.493011399957646,44.75580954213462],[-0.492937957992623,44.755738952468924],[-0.492903379168983,44.755707600339775],[-0.492864847116925,44.75567979739173],[-0.492830012601512,44.755650435917836],[-0.492790856097084,44.7556186874199],[-0.492691049237018,44.75553901606062],[-0.492704344995716,44.7554965113302],[-0.492838809785525,44.75545000489911],[-0.492964992246307,44.755398442521795],[-0.493177162336503,44.75530794010194],[-0.493076140412138,44.75519649553272],[-0.493031584950963,44.75515112926333],[-0.492981097837132,44.75510189472539],[-0.492967545174073,44.755085289752365],[-0.492882989494513,44.75501901584906],[-0.492816653733445,44.75497118228984],[-0.492795210227434,44.75495581747233],[-0.492767991480421,44.754939102776476],[-0.492762494344504,44.75493612199489],[-0.492752514450731,44.75493427389691],[-0.492745302679625,44.75493423098791],[-0.492729871585889,44.75493624967362],[-0.492710615768148,44.75494388621848],[-0.492621469247547,44.75486477983702],[-0.492249838155274,44.75509413588112],[-0.492213825935975,44.75507634656235],[-0.49204572227663,44.754990537391066],[-0.49192452607344,44.75496353830798],[-0.49191567108605,44.75496147442892],[-0.491802177174974,44.754936305084655],[-0.491967777910213,44.75480464721133],[-0.491847276816315,44.75473995656874],[-0.491752990051901,44.75468191912844],[-0.491664918797344,44.75462620896901],[-0.491615722429509,44.754591622503376],[-0.491568475386118,44.75455787574606],[-0.491480302877881,44.75449441844961],[-0.491357653936984,44.75440122745223],[-0.491345690334899,44.75439187181182],[-0.491227870824709,44.75430312448176],[-0.491691824781256,44.754002461076595],[-0.491922925245714,44.75385026374665],[-0.49224383394877,44.75364738092422],[-0.492613649077913,44.75340726775711],[-0.492721908279281,44.753500911165645],[-0.492758295217421,44.753530854475706],[-0.49282101567442,44.75358159569295],[-0.492852540141117,44.753606555576134],[-0.493001925729323,44.75372701862182],[-0.493067498512684,44.753780914021526],[-0.493203133997776,44.753893789975166],[-0.493356359479425,44.75402107061739],[-0.493421921768809,44.75407478592821],[-0.493413513912633,44.75407991755969],[-0.493103425370781,44.75427372105961],[-0.492797465423791,44.75446072464711],[-0.492895766968183,44.754540623539484],[-0.493056383323283,44.754774642396185],[-0.493093106521505,44.75480998215491],[-0.493265416164747,44.75471307667379],[-0.493425095890046,44.75462053453703],[-0.493598238652059,44.754518735819595],[-0.49378941081864,44.75440789686948],[-0.493841777211424,44.75449347969113],[-0.493960471757553,44.75459012722909],[-0.49398110630463,44.754623000374664],[-0.494022305893042,44.75460214477832],[-0.494045569044271,44.75458573016973],[-0.494062176610653,44.75456601091294],[-0.494331334353084,44.75462330522163],[-0.494443353162827,44.75464914936474],[-0.494615447179425,44.754689228975806],[-0.494713654781838,44.75471262487068],[-0.494806538543066,44.75473582821092],[-0.494883288480621,44.75475584575452],[-0.494902580427741,44.75476100454359],[-0.49491462149336,44.75476549096523],[-0.494943844544945,44.754777816197894],[-0.494969771272516,44.75479204782534],[-0.495006849036433,44.754814759172866],[-0.495061802109236,44.75485646215014],[-0.495079871586971,44.754872473741784],[-0.495102210222527,44.7549022288878],[-0.495118589074121,44.75492766618131],[-0.495130802412702,44.754953234936],[-0.495148448936326,44.75499296110328],[-0.495166474169746,44.75503267531696],[-0.495180440121116,44.7550742298976],[-0.495192182795476,44.75511053763726],[-0.495201364142226,44.75514836811345],[-0.495210589157645,44.755205212273985],[-0.495220615224293,44.75528104621695],[-0.495222143538462,44.75533615067806],[-0.495218523770053,44.75538168478696],[-0.495240100609042,44.755460218226204],[-0.495272189216109,44.75557356623585],[-0.495223039054394,44.75555808498942],[-0.495137070096425,44.75557900215857],[-0.495106102215437,44.755538614963456],[-0.49511164276636,44.755536187137956],[-0.495114816141215,44.755532301999374],[-0.495114809054398,44.75552608402686],[-0.495113042709286,44.75552208442626],[-0.495106720924704,44.75551804835459],[-0.49509904093416,44.75551657847245],[-0.495092224547492,44.75551679359208],[-0.495085887485038,44.75551861572236],[-0.495079305915238,44.755522608419454],[-0.495076695725784,44.755529449703204],[-0.495077516093787,44.75553654319705],[-0.494797762925209,44.75565072041992],[-0.494811387738767,44.75568678857218],[-0.494817396454057,44.75568578788886],[-0.494819397583721,44.755693565073464],[-0.49475805427029,44.755713885072],[-0.494828556826355,44.755895863053375],[-0.49457500918844,44.75598605217364],[-0.49464452704347,44.7560789338796],[-0.494876456325763,44.756013308297206],[-0.49515846992142,44.75593546756992],[-0.495219240458101,44.75591813934859],[-0.495294768297925,44.756168719157984],[-0.495387727895019,44.75615037493741],[-0.495446200014206,44.756138796622594],[-0.495475074147295,44.756133289233034],[-0.495496429926297,44.756171636644645],[-0.495515172487385,44.75620456928514],[-0.495542906713006,44.75627227434613],[-0.495560165608861,44.756317960566044],[-0.495571739489532,44.756345441979164],[-0.495597458911112,44.756417356093976],[-0.495622598397263,44.75648604423316],[-0.495639189503765,44.756533193427494],[-0.495650841146341,44.75664736671245],[-0.49566166274818,44.75676039465628],[-0.495666410603035,44.7567940393663],[-0.495665161749806,44.75681057053473],[-0.495657687543112,44.756830722714106],[-0.49564951030218,44.756845670189634],[-0.495638158090573,44.75685837478707],[-0.495628141721748,44.756868153416406],[-0.49561236101335,44.75687676220261]]],[[[-0.494538398038178,44.75748489164049],[-0.494425923961915,44.757561707080505],[-0.494335071933586,44.75762621487373],[-0.494278955537325,44.7576696202865],[-0.494139131610293,44.75777649681099],[-0.493801408498964,44.7580510190506],[-0.49366573864573,44.75816371172944],[-0.493535352785246,44.75809275569915],[-0.493410524887919,44.758019641602154],[-0.493238865566095,44.75791952696947],[-0.49306769172933,44.75782110903801],[-0.492979063598151,44.75776875162285],[-0.492883651242944,44.75771102074196],[-0.492856164184364,44.7576961168455],[-0.492727943370825,44.75763554543526],[-0.492652446843382,44.75760521321673],[-0.492562097192318,44.757573997565345],[-0.492469219637203,44.75754484417129],[-0.492441823364272,44.75753750728802],[-0.49238346170177,44.75752646067857],[-0.49227633009065,44.75751217560185],[-0.492130692647596,44.75749495910866],[-0.492049041496087,44.75748771070751],[-0.491945007843058,44.757480537130185],[-0.491921683422696,44.75744711755639],[-0.491768861593853,44.7572164557435],[-0.491717750344063,44.75713885286922],[-0.491681730252303,44.75708429516321],[-0.491577982409742,44.756928957191235],[-0.491475923072304,44.7567763595951],[-0.491454136352052,44.756743251946475],[-0.491378621967105,44.756633164502425],[-0.491339076977881,44.75657682534646],[-0.491338010241145,44.7565596463172],[-0.491307249565565,44.75641867920107],[-0.491294660403207,44.75633814954701],[-0.491271275806238,44.756242640048626],[-0.491260622523501,44.756181064398184],[-0.491458662799361,44.75605234996649],[-0.491675478113662,44.75590826376532],[-0.491956735404603,44.75572654837245],[-0.491994549528639,44.75570003272455],[-0.492287192154997,44.755512279973196],[-0.492393301180305,44.755442967052936],[-0.492489744048306,44.75538297071879],[-0.492525143700279,44.75542754451588],[-0.49261279787696,44.75553148070896],[-0.492623776713524,44.75554330049078],[-0.492699636662011,44.755622285236875],[-0.492770113222643,44.755681793851295],[-0.492876514629339,44.75576378049275],[-0.49291386722985,44.75579702775956],[-0.492978314382775,44.75586330508645],[-0.493017166378638,44.755902362747776],[-0.493109281412166,44.75599867806943],[-0.493220797763812,44.75611411737154],[-0.493303465917921,44.756198834862246],[-0.493413061653852,44.75631388399155],[-0.493447631271723,44.756351184115395],[-0.493563936316594,44.75648260333073],[-0.493701336874489,44.75663597677638],[-0.493746789819002,44.75667743943561],[-0.493821679032641,44.75673464542673],[-0.494117792815683,44.756950780705274],[-0.494310940220465,44.757091400213234],[-0.494515340643442,44.75724211813788],[-0.494703559890131,44.75737667433774],[-0.494538398038178,44.75748489164049]]],[[[-0.492133757306235,44.74780017999907],[-0.491512788811619,44.74804577836777],[-0.490600045877584,44.74837654070438],[-0.4905701713141,44.748371985202134],[-0.490537983834526,44.74835461567893],[-0.490494511340294,44.74831435134136],[-0.490251024439534,44.74808330276166],[-0.490381809673239,44.748002219368296],[-0.490900877794834,44.74768567261085],[-0.490722133461755,44.74755640036894],[-0.490560796978784,44.74743252693832],[-0.490399577458348,44.74730441405435],[-0.490306260936515,44.74723733356401],[-0.490212560421871,44.74717017498871],[-0.49012676675804,44.747102046181865],[-0.490038540574416,44.74703750859736],[-0.48986601932763,44.746904524379254],[-0.489693482152041,44.74677127007176],[-0.48951371834489,44.74663770255571],[-0.489338549163067,44.74650480105896],[-0.489134423982051,44.74635154384071],[-0.48894361963439,44.74620507602284],[-0.488791908054903,44.74608945827801],[-0.488771198384935,44.74607361915921],[-0.488629499947342,44.74596651731172],[-0.488602363252456,44.74598161094424],[-0.488400980848342,44.74582357996963],[-0.488224892213225,44.74568800233602],[-0.488049990502307,44.74555319812955],[-0.488024191787606,44.74553481565336],[-0.489196839887732,44.744691673146654],[-0.489363106885623,44.74483404718227],[-0.489523538295284,44.744967953564434],[-0.489726515223111,44.74513944992745],[-0.489960879871533,44.74538268207078],[-0.490168220959881,44.74560000047971],[-0.490406536584382,44.74583959269476],[-0.491118771303754,44.74658170280042],[-0.491677105083248,44.74720943557116],[-0.49210201899245,44.7476861898549],[-0.492145750253355,44.747736718909266],[-0.492161410745152,44.747750643968644],[-0.492164933706072,44.74777071938436],[-0.492156506682434,44.74778774716701],[-0.492133757306235,44.74780017999907]]],[[[-0.491230614248568,44.74039039021744],[-0.491231455171426,44.7403917154726],[-0.491229873823886,44.74039068391923],[-0.491280883477901,44.74042413138784],[-0.491375918705945,44.74047628688904],[-0.491531829662379,44.740561939027465],[-0.491612800624354,44.74060750864624],[-0.491613162461328,44.740607226881],[-0.491666576966933,44.740636633150864],[-0.491683860277515,44.7406461813282],[-0.491777855110938,44.74057770113092],[-0.491911235017469,44.74048373692297],[-0.491953080526736,44.74045511136601],[-0.491965811737655,44.7404463288475],[-0.491978898040206,44.740431046621616],[-0.49198876692203,44.74041892988654],[-0.492045230656439,44.740350822084025],[-0.492204197727668,44.740430699460134],[-0.492297306186217,44.740476246227196],[-0.492424500071794,44.7405270260327],[-0.492508453305791,44.740559523929576],[-0.492659054250198,44.74061461174317],[-0.492761575348214,44.74064679408125],[-0.49287514266871,44.7406797092694],[-0.493061330398527,44.740727545851286],[-0.49320276970267,44.74076336634628],[-0.493240207510084,44.740798142340196],[-0.493284408403661,44.74082576583899],[-0.49331190968228,44.740841029308264],[-0.493392127325175,44.740843905416035],[-0.493441856334616,44.740868921241315],[-0.493628844958636,44.74098459067634],[-0.49336732522466,44.74118966056593],[-0.493300500864921,44.74115202680811],[-0.493273675005914,44.74117206836739],[-0.493115752468952,44.7410724235456],[-0.492987395424877,44.7411678529095],[-0.492995442086653,44.741175259101766],[-0.492866583120733,44.74126872154922],[-0.492826865042531,44.74130106530718],[-0.492784224303422,44.74133521349445],[-0.492769674533352,44.74132693101494],[-0.492544674057449,44.741197769920944],[-0.492495128261875,44.74116959377741],[-0.492284602806293,44.74134682802712],[-0.492353115426136,44.74139333083607],[-0.492389554577989,44.741418135501654],[-0.492415338478804,44.741448503107826],[-0.49244278561527,44.741499545432525],[-0.492421431548986,44.74151607980327],[-0.492357929810177,44.74147086086533],[-0.492113654940524,44.7416055420764],[-0.492077825925719,44.74162721905993],[-0.492039792326219,44.74165004698022],[-0.492276677521112,44.74179343343158],[-0.49243553531577,44.741889805735674],[-0.49253188327309,44.741889740527554],[-0.493182550144124,44.74148828447651],[-0.493282859622714,44.741558115486406],[-0.493571342087866,44.74139013486189],[-0.49358362761933,44.741380284796776],[-0.493621992973324,44.741350596867534],[-0.493762993757367,44.74143428335249],[-0.494055006001666,44.741201034515136],[-0.494252626911213,44.741298524034754],[-0.494512685851967,44.74143018003555],[-0.494671620352332,44.741509424308475],[-0.4947987839753,44.74157795581319],[-0.494974003317663,44.74167506980496],[-0.49510346310845,44.741750017028224],[-0.495238008604364,44.74183354504807],[-0.495315894137242,44.74187821823226],[-0.49542647379163,44.74194844414752],[-0.495499298116019,44.741991024035286],[-0.495081828128541,44.74225644416777],[-0.494970722246544,44.74233646180386],[-0.494845109216452,44.74242721071955],[-0.494922548421039,44.742489110900415],[-0.494674338554035,44.74264591094501],[-0.494790715571468,44.74274226911874],[-0.494852357452918,44.74270256387642],[-0.494892886398462,44.74273210509309],[-0.494988676172532,44.74267419941898],[-0.494990389979884,44.74264683945639],[-0.495165697599539,44.742543887713495],[-0.495351225259362,44.74243448499412],[-0.495338150097344,44.74242552544767],[-0.495760413993642,44.74218230234032],[-0.4958263881101,44.742236723585464],[-0.495913468008165,44.74230724043066],[-0.496020997282149,44.74239549568952],[-0.496106700665889,44.74248047481244],[-0.496165517213971,44.742541790649796],[-0.496172389549069,44.74254860288589],[-0.496234609675444,44.74261584915587],[-0.496286938331917,44.742670430686125],[-0.496321061364318,44.7427067523284],[-0.496368563421106,44.74276301825149],[-0.496421425200134,44.7428322722015],[-0.496468656748464,44.742896386938106],[-0.496538584898412,44.742989974605734],[-0.496574495189734,44.74303876621133],[-0.49654584520735,44.74305183694958],[-0.496347442941377,44.743173814239746],[-0.496338660709822,44.74316679196378],[-0.496134830115898,44.74329299559231],[-0.496162430036814,44.74331591538336],[-0.495966018093753,44.743433323178756],[-0.496218562873735,44.74362694410812],[-0.49645693719683,44.743501091418246],[-0.496573513171618,44.74342973113392],[-0.496655385116898,44.74337983345285],[-0.496757493037938,44.74331983419839],[-0.496781987207329,44.74330500216429],[-0.496835570295603,44.74336143635758],[-0.497029785488535,44.74358086915915],[-0.497127687672375,44.743672852073175],[-0.497462059489783,44.74399266527712],[-0.497650657184728,44.744139999545546],[-0.497738348498616,44.744208062654586],[-0.497854911426029,44.74428287372085],[-0.497875704905377,44.74431222632916],[-0.497873750101763,44.74432959084734],[-0.49786709530975,44.74434458052024],[-0.497901166430604,44.744367836208866],[-0.497961114073274,44.74436188706947],[-0.498002280157612,44.74437113044775],[-0.498118972450456,44.744448009902904],[-0.498173492506294,44.74448287560491],[-0.498194818475041,44.74449842319575],[-0.498158362706173,44.74451408403944],[-0.497656877191334,44.74475846698509],[-0.49727903351681,44.7443680224579],[-0.497165757742175,44.74443756698953],[-0.49714287360402,44.74441729214129],[-0.496819849047968,44.74456672712637],[-0.497139178295128,44.74490080470942],[-0.497176082188891,44.744939111074586],[-0.497181785530213,44.74494541947693],[-0.49745767019193,44.745233556201555],[-0.497911585736386,44.745511202074226],[-0.498701357989225,44.745138212029005],[-0.498734366679201,44.745126084439576],[-0.498810521535933,44.74522208764445],[-0.499033267099066,44.745485224747696],[-0.499216441536216,44.74569157559009],[-0.499198907211981,44.745671943121906],[-0.49916968451307,44.745683951202416],[-0.498833856078044,44.74588372242631],[-0.498796055753451,44.745959084507184],[-0.498754910920816,44.745986789358945],[-0.498648051647678,44.74604973423009],[-0.498457018162642,44.746162200188415],[-0.498523713921115,44.74627688671895],[-0.49854873861603,44.746264470746496],[-0.49858479191324,44.746246389309505],[-0.498880605267706,44.74609853003496],[-0.498939851311368,44.74606908161198],[-0.499052425146598,44.74601262465108],[-0.499096940214786,44.745990310422776],[-0.499332391829218,44.74587229412102],[-0.499359626334889,44.745858816814014],[-0.499423342401261,44.745931691809915],[-0.499610330336835,44.74614441015241],[-0.499584026513219,44.7461606517859],[-0.499170118022091,44.74638596208348],[-0.498747816749474,44.746616672701116],[-0.498773996542371,44.74670208907671],[-0.498820363044794,44.74677659406891],[-0.498487236959364,44.74693455373642],[-0.498206477647483,44.74707445639757],[-0.497708202015025,44.74730981593006],[-0.497285002689357,44.747501888109895],[-0.497025713948984,44.74762110317362],[-0.496747960456673,44.74774234258781],[-0.496437200576009,44.74787579817962],[-0.49603665021959,44.74804786482671],[-0.495642221175952,44.74821469008025],[-0.495233221511577,44.748397384053455],[-0.494795061125579,44.74859316277344],[-0.494471348257779,44.74873810597558],[-0.494127484551439,44.74889458837127],[-0.493752511274434,44.74906331599191],[-0.493549186261837,44.7491553434059],[-0.493006389407824,44.74854019544709],[-0.492744792258817,44.74824375655135],[-0.492328106125408,44.7477774689325],[-0.49228568373306,44.74772969233424],[-0.492259602171979,44.74770068570513],[-0.492108270209683,44.74753026815081],[-0.492067903336885,44.747485040093906],[-0.492054442141789,44.74746987412961],[-0.492030376867188,44.74744278647506],[-0.492027948674651,44.747440339735874],[-0.491775790776495,44.74715522658165],[-0.491654597023945,44.74701801300548],[-0.491216665674131,44.74652697854231],[-0.491211809439068,44.746522085029824],[-0.490942417093142,44.746246435427864],[-0.490760566457044,44.74606093747118],[-0.490615973380057,44.74591337608678],[-0.490388875678403,44.74567117771096],[-0.49020853204851,44.74548545126167],[-0.490023300092514,44.745294291315005],[-0.489850254031389,44.745116084535034],[-0.489821898560311,44.745093187023066],[-0.48966856585282,44.74496365333834],[-0.489467572995778,44.744799664304345],[-0.489286338899624,44.74465451782243],[-0.489217934745445,44.744597555895794],[-0.489146624572224,44.74454266810422],[-0.489088272836936,44.744500979778124],[-0.488868361452886,44.74436218817463],[-0.488639393023945,44.744315872352374],[-0.488565271571294,44.74430126546699],[-0.488454295508975,44.74427961890887],[-0.488407607301612,44.744266941285495],[-0.488262085257161,44.74422042889468],[-0.488156085757194,44.744187270390206],[-0.48812050020942,44.74417622548441],[-0.488068717255805,44.74416091456007],[-0.488055405882757,44.74417259865098],[-0.487991331697081,44.744179303221294],[-0.487922219801594,44.744196530021796],[-0.487865657895615,44.74421426263435],[-0.487783835513218,44.744240631177284],[-0.48749642112525,44.74433457534155],[-0.487176195790891,44.74444388084202],[-0.48688375816033,44.744548615485364],[-0.486423792812174,44.744723058725896],[-0.48617978130675,44.74436062701206],[-0.485926144961703,44.74398362845939],[-0.485822910544365,44.7438298029199],[-0.485926123547651,44.74378744235536],[-0.486056623234957,44.74373241715029],[-0.486219820966002,44.74366023116284],[-0.486492299319245,44.743545672992845],[-0.486696880841911,44.74346794762695],[-0.486772482568653,44.74343303432275],[-0.486862893345534,44.743386119506006],[-0.487040863428268,44.74328913519336],[-0.487153576229271,44.74322259298723],[-0.487176937066389,44.74320779884887],[-0.487561637665804,44.74291487457733],[-0.487662477128017,44.74283428692465],[-0.487777859428979,44.74275576437872],[-0.48794534005122,44.7426426173445],[-0.488114061797491,44.742531143183434],[-0.488252830974853,44.74243827552589],[-0.488336371615326,44.74237238073519],[-0.488498860598919,44.742209374566364],[-0.488482919572191,44.74220311796478],[-0.488418396002095,44.74215973138813],[-0.488334429313773,44.74210866648546],[-0.488290825258433,44.74207840881834],[-0.488242898218242,44.74202737995205],[-0.488169950696248,44.741933792557845],[-0.488095885090375,44.74184663872747],[-0.488067729159165,44.74179633871178],[-0.488057096180857,44.74175945495375],[-0.488063562162361,44.74172915184653],[-0.488087244223422,44.74170731817425],[-0.488145967655908,44.741675548997456],[-0.488203878787365,44.74164903222257],[-0.488243250559374,44.741629407757024],[-0.488321744491072,44.741598367383766],[-0.488968317301838,44.74135675508321],[-0.489321278048745,44.741225144357585],[-0.489371237709568,44.74119887753376],[-0.489423072670929,44.74116615320382],[-0.489535386873828,44.741087184674306],[-0.489569178466991,44.74106322968179],[-0.489638208964946,44.74101419263109],[-0.489658990641011,44.74100065075562],[-0.489695816442082,44.74097669020771],[-0.48984620386969,44.740881651852405],[-0.489919642110696,44.74082418482271],[-0.490055585585205,44.74072257223491],[-0.490098044277125,44.740691585013415],[-0.490157220334117,44.74064880604181],[-0.490308308437683,44.740558971778675],[-0.490332797523236,44.74054405124283],[-0.490401087270816,44.740501435419326],[-0.49040436059767,44.740499169394035],[-0.49047008844469,44.740451948149605],[-0.490527839926818,44.7404167837955],[-0.490608050794225,44.74038289393406],[-0.490787055461985,44.740308940816014],[-0.490948951746197,44.740240483320825],[-0.490983345173694,44.74022624164685],[-0.491074701059167,44.74028635366877],[-0.49108003582443,44.74029285419617],[-0.491079683020575,44.740292966442375],[-0.491094551580459,44.74030059724216],[-0.491230614248568,44.74039039021744]],[[-0.491079662820849,44.74029295607553],[-0.49100080376248,44.740318062212175],[-0.491079683020575,44.740292966442375],[-0.491079662820849,44.74029295607553]]],[[[-0.490796455444999,44.75166886259422],[-0.490656181495241,44.75173168102896],[-0.490540906236485,44.75176937934301],[-0.49052186237255,44.75177430529001],[-0.490497081720978,44.75177238281767],[-0.490472231102867,44.751750996964084],[-0.490464418741673,44.75175349616592],[-0.490434672779293,44.7517632653423],[-0.490426843665502,44.75176549471413],[-0.490410812672909,44.751806733524084],[-0.490388707257509,44.75185402148726],[-0.490341764570001,44.75192903768467],[-0.490249183055759,44.752051182325125],[-0.49011912347711,44.752205238430456],[-0.48990184669352,44.75247009495213],[-0.489782799197687,44.752618216249424],[-0.489736130527947,44.752673217239966],[-0.489707941335602,44.752708080187446],[-0.489678416952739,44.75275199704346],[-0.48965226887281,44.75280752289355],[-0.489629580818288,44.75287600687877],[-0.48961517993512,44.752912958628734],[-0.489599814264595,44.752940478343476],[-0.489590098069908,44.752948985285805],[-0.489577847493414,44.752953336521465],[-0.489563062537239,44.75295353204963],[-0.489543109245627,44.752949925221664],[-0.489493728520841,44.75293066386199],[-0.489406482732904,44.7528881734951],[-0.489255324905791,44.75280624234821],[-0.489184395825554,44.752763778424175],[-0.489030363893049,44.75267220476417],[-0.488872305795986,44.752576882661124],[-0.488799460816699,44.75252799034919],[-0.488772093757571,44.75250884623702],[-0.48870413258683,44.75245916918245],[-0.488622866334971,44.75239684407138],[-0.488537433354911,44.75232239407081],[-0.488445473973126,44.75224670770738],[-0.488337453072977,44.75215674780809],[-0.488202081873104,44.752041785361534],[-0.488144936434104,44.75199519181897],[-0.4880613715821,44.75193248815734],[-0.488016312350118,44.75190335729607],[-0.487936056766243,44.75185118327811],[-0.487876712987438,44.75181195843578],[-0.487722897781255,44.751723800807255],[-0.487689516796996,44.751699438765826],[-0.487635223605872,44.75165599941886],[-0.487598673250349,44.75162335616862],[-0.487274551217107,44.751395200641475],[-0.487156226296519,44.751304212435635],[-0.487114465057755,44.75127930306755],[-0.487059695512872,44.75125264046492],[-0.486984890452443,44.75122714943086],[-0.486899194134337,44.751209571218695],[-0.486801530718766,44.75118867489822],[-0.486701473295909,44.75117199930928],[-0.48662409095244,44.751153888763966],[-0.486574150106487,44.751131669930935],[-0.48567807373718,44.7513285800721],[-0.48564337622089,44.75133192517171],[-0.485470867569944,44.75133384031455],[-0.485404355972366,44.751325840477115],[-0.485021349530045,44.75097994526617],[-0.484943167772826,44.75089994757937],[-0.48474866341734,44.75069384029316],[-0.484637581360977,44.75057270246537],[-0.484183746986758,44.75008772839565],[-0.483880452458094,44.749760589690226],[-0.483830802359219,44.74971240656456],[-0.483749283063464,44.749633594596965],[-0.483678366959219,44.74957283308678],[-0.48362338847984,44.74953049494364],[-0.483528561745327,44.74946345634015],[-0.48311956746637,44.74922435181171],[-0.482642875903092,44.74894574052387],[-0.482315254290733,44.74876463332498],[-0.482282590135725,44.748739526323355],[-0.482239668987093,44.74870194511765],[-0.482205523560924,44.748665169348094],[-0.482193807497191,44.74864138617437],[-0.482192966398547,44.74862167680068],[-0.482203501250134,44.74859575203052],[-0.482231253121421,44.748559913579456],[-0.482260569564087,44.748518708962855],[-0.482302497862798,44.74846061615036],[-0.482417084727772,44.74830155922648],[-0.482457448005687,44.74824270450601],[-0.482586087996588,44.74807167034102],[-0.482778810761837,44.747851128356075],[-0.482910779300031,44.747703239512376],[-0.483031572767199,44.747589315988996],[-0.483168363383332,44.747482549145616],[-0.4832825028043,44.74739596013114],[-0.483385879167938,44.74732548021158],[-0.483435902729892,44.74730011543411],[-0.483478487260392,44.7472771474856],[-0.483530002991143,44.747251375249995],[-0.483644320916124,44.74719830409598],[-0.483803661872181,44.747124891558194],[-0.483904565509607,44.7470696287371],[-0.483975857540241,44.747014035850775],[-0.48408055651955,44.74692206555606],[-0.484153044478596,44.746849042152654],[-0.484198956511455,44.746794067454275],[-0.48424168894093,44.74673675959931],[-0.48428136405599,44.74667296931775],[-0.484316622730405,44.74659300664105],[-0.484351902625319,44.74649501969353],[-0.484417150764672,44.746311288714445],[-0.484444932202566,44.74625147735255],[-0.484479908519165,44.7462098236347],[-0.484554790106245,44.746150963254806],[-0.484645935419751,44.74608519262946],[-0.484768288410812,44.74600266914786],[-0.484877406243939,44.745926960436144],[-0.484971340148016,44.74585722668971],[-0.485082571088576,44.745748287844314],[-0.48512760660487,44.74568531981411],[-0.485164719205633,44.745629179748136],[-0.485226136377531,44.745659148398474],[-0.485332189243987,44.74572375925102],[-0.485424188642978,44.74578809143031],[-0.485591105250884,44.74599001853309],[-0.485768070779626,44.746158195313505],[-0.485652687986741,44.74621238370565],[-0.485743026614344,44.74645799528651],[-0.485989477432983,44.74674951885143],[-0.486390391837984,44.74704807436616],[-0.486730572175671,44.74733988967128],[-0.487189170333804,44.74769367103937],[-0.487543269969988,44.74800180780257],[-0.487765826070426,44.74809131473416],[-0.488460465893329,44.748537687751806],[-0.488771974944515,44.748721718179716],[-0.488958821336036,44.748816493382705],[-0.488972128452952,44.748890331557924],[-0.488977448298356,44.74898830273427],[-0.488973515304801,44.74901663367054],[-0.488954063598863,44.749088349855086],[-0.488922566873637,44.74915548903307],[-0.488857783423436,44.7492303456979],[-0.488752462980077,44.749312247025784],[-0.488677627806792,44.74938408588191],[-0.488600800332649,44.74946662140342],[-0.488538908256464,44.7495147117705],[-0.488436305290231,44.74956093045341],[-0.488366319552062,44.74958863860543],[-0.488105424864216,44.74969463519188],[-0.487916375945893,44.74977845207354],[-0.487875138574754,44.74979867576669],[-0.4881844822513,44.75013120106666],[-0.488042861476596,44.750239568333384],[-0.488070451807383,44.75027456634916],[-0.488191534471674,44.750428369210454],[-0.488514618980271,44.750700982924535],[-0.489346665535146,44.75026734340012],[-0.489457981898984,44.75020868333654],[-0.489711345099044,44.75038481106542],[-0.489846814278077,44.75030574366416],[-0.489970809016954,44.75020685120191],[-0.490131777177885,44.75031857145159],[-0.490390236540274,44.75058898117146],[-0.49039820801083,44.750607384422366],[-0.490106383476428,44.750704087118976],[-0.490028506473017,44.75058632360966],[-0.489979752904141,44.75061381421065],[-0.489905002239077,44.750656452909105],[-0.489818714969374,44.750708827430664],[-0.490267416308733,44.75107354381473],[-0.490521757881095,44.750959728177804],[-0.49061690411027,44.75100728552555],[-0.490726930337194,44.750958397632125],[-0.49093512854764,44.75096913731009],[-0.491106315644214,44.75096428137414],[-0.491135217592027,44.75097148087807],[-0.491147976837844,44.75098144225152],[-0.491159324099046,44.75100532637799],[-0.491158175680125,44.75128626177905],[-0.490796455444999,44.75166886259422]],[[-0.486678440747113,44.74779013910683],[-0.486556422712185,44.74765168457328],[-0.486447864968449,44.747528396559396],[-0.486361851424778,44.7475729194887],[-0.486257452349749,44.747626852764554],[-0.486183927434938,44.74766476421254],[-0.486142696955954,44.747623886998625],[-0.486048029585804,44.747528818865064],[-0.486045930105109,44.74752555059172],[-0.485562658219051,44.7477895797218],[-0.485613154120167,44.74783304926894],[-0.485529077243097,44.74787823150389],[-0.485223704962674,44.74805005573043],[-0.485659473605448,44.74853135807574],[-0.486292034817715,44.74824586661222],[-0.486523584220637,44.74847432537591],[-0.486746901461135,44.748368073816046],[-0.486766180491414,44.74838531015444],[-0.48691004663237,44.74831319142693],[-0.486492648822733,44.74788358383919],[-0.486678440747113,44.74779013910683]]],[[[-0.490784357837923,44.75258628937061],[-0.490420963632066,44.75239200319345],[-0.490657588203294,44.75215771670075],[-0.490606635283213,44.75212534811568],[-0.490691261114397,44.75205229812657],[-0.490507828396881,44.75193939402048],[-0.490664427286929,44.75179116963809],[-0.490676650621397,44.75179249659401],[-0.490729499130529,44.75180651133816],[-0.490836138414589,44.75187416316973],[-0.491001573286342,44.75198438984664],[-0.491212387060699,44.752122744558385],[-0.491383942411491,44.75222764101266],[-0.491546589100102,44.752335701897714],[-0.491648447313772,44.75240575672691],[-0.491615312184437,44.752428159550334],[-0.491142329247178,44.75277263473729],[-0.490784357837923,44.75258628937061]]],[[[-0.489508183221708,44.76124598780173],[-0.489428221712271,44.76121101763215],[-0.48937327741449,44.76120616996553],[-0.489342192099935,44.76119444255024],[-0.48928381908763,44.76116492022448],[-0.489257529738634,44.7611570970369],[-0.489226383926979,44.76115050826073],[-0.489195171138181,44.761142840162044],[-0.489151566416665,44.76113727468525],[-0.489077751997154,44.76112797468228],[-0.488905345743058,44.76111979772161],[-0.488661108156856,44.761103699650896],[-0.488562254009291,44.76110059512368],[-0.488336163534918,44.761095640180955],[-0.488239993992425,44.76109299152729],[-0.488123691271248,44.76109611360902],[-0.487963071870042,44.76110054106336],[-0.487863295033363,44.7611131456066],[-0.487817497622576,44.76112116644816],[-0.487764382317451,44.76113356316503],[-0.48772468915463,44.761142112694216],[-0.487692247601316,44.76115133504787],[-0.48765236470956,44.76115682649296],[-0.487573892659769,44.761182548049725],[-0.487259137724317,44.76125923648643],[-0.48698318156543,44.76130072782679],[-0.486832790139075,44.76133547192473],[-0.486672384799818,44.761373955554426],[-0.486578545279609,44.76139664552559],[-0.486499576541774,44.761420489443815],[-0.486482177841416,44.76142752565728],[-0.48634966524567,44.76147522406814],[-0.486310406668537,44.76149078864333],[-0.48626497736851,44.76151087312354],[-0.486206365498399,44.76153867211378],[-0.486138870906243,44.76157621309939],[-0.486093503337695,44.76160341492599],[-0.486025561936648,44.76156031382826],[-0.486007293124586,44.76155331886164],[-0.485988300317426,44.761546887389926],[-0.48596187232459,44.76154294288804],[-0.485933072064065,44.761543578968045],[-0.485573022171072,44.76163646748392],[-0.485458995990242,44.76140700939188],[-0.485393655254849,44.761271184298124],[-0.484866666256108,44.76130939492372],[-0.484882037761963,44.761122726567194],[-0.4848110606339,44.7611408205982],[-0.484712624748896,44.761144458364875],[-0.484511185561614,44.76114538880088],[-0.484146179703014,44.76113992916888],[-0.484007865536038,44.76113689033706],[-0.483866131681906,44.76113377866119],[-0.483472069532463,44.76112481496262],[-0.48324217561099,44.76112582695516],[-0.482908326197751,44.761127133590485],[-0.482908086269729,44.76111100995139],[-0.48290928358022,44.761105835555185],[-0.482773395819753,44.76101944954357],[-0.482552583405248,44.760885267424015],[-0.482189308423424,44.76066265200246],[-0.482016168251628,44.76055067121339],[-0.481502911687902,44.76021615575233],[-0.481435231671909,44.76017106120723],[-0.481304539127,44.760101092017585],[-0.481169112900101,44.76002820744966],[-0.481095061914234,44.75999052241745],[-0.481052511624709,44.75996518477949],[-0.480972863607838,44.75991677128153],[-0.480863525405814,44.75984234549979],[-0.480839114977418,44.7598096788191],[-0.4808229416278,44.75978747732686],[-0.480814403939934,44.75976602716165],[-0.480812465978756,44.75974698300961],[-0.480814448919743,44.759723850431975],[-0.480822820032033,44.759693577987036],[-0.480848350665346,44.75964014658456],[-0.480877295340613,44.759580569958786],[-0.480904340639724,44.75953934701315],[-0.48093389213954,44.75949570221992],[-0.480963237460346,44.759460985599425],[-0.480992382269856,44.75942303101739],[-0.481040128768905,44.75937908468579],[-0.481188692058827,44.759265822809034],[-0.48142217052326,44.75908996295613],[-0.481735182658819,44.75885654011217],[-0.481892041427518,44.75874247573444],[-0.482527503508357,44.75895500131738],[-0.482663757929996,44.75899226141432],[-0.482679267931217,44.758966991179754],[-0.48275962969359,44.758818652814625],[-0.482782412691069,44.75877603138801],[-0.482848478222031,44.75865418669026],[-0.48290399020116,44.758551869020856],[-0.483366740442298,44.758659245851995],[-0.483438678033493,44.75847908978115],[-0.483550743624916,44.75849340844052],[-0.483629070337792,44.75850211945796],[-0.483845687781424,44.75850747175839],[-0.483991240854499,44.75850496589033],[-0.484060611777608,44.75850386507672],[-0.483886388253233,44.75901121455072],[-0.484039679700098,44.75903559086077],[-0.484102156982952,44.759045701334095],[-0.484114805042657,44.759047736647695],[-0.48457309270311,44.75911361435938],[-0.484566332972733,44.7591392404136],[-0.484560129986591,44.759161604689986],[-0.484473867729286,44.75949018665214],[-0.484522511097108,44.75949748787445],[-0.484486766925027,44.75960035607675],[-0.484482000349854,44.75961528545187],[-0.48433074745101,44.76005243188431],[-0.484658454659208,44.76008069260994],[-0.484940670662157,44.760103534761186],[-0.484923575586254,44.76032972917426],[-0.484907615777234,44.76054363177163],[-0.484897460744899,44.760692015872756],[-0.484966543653888,44.76067398137179],[-0.485332815272006,44.76066317705585],[-0.48532673249943,44.760571177292995],[-0.485388587218677,44.76057121343159],[-0.485410597831227,44.76057124173272],[-0.485516250731929,44.76056773666984],[-0.485592529964307,44.76056173141215],[-0.485778781747228,44.76052396787906],[-0.485821510136309,44.76051541363626],[-0.485822807798776,44.76044453967625],[-0.485814169049168,44.76008487841089],[-0.485802758421617,44.75967438751023],[-0.485513824340203,44.75968393131437],[-0.485466573774934,44.75968686018721],[-0.485264282444601,44.75969232489392],[-0.485051242002168,44.75969578438448],[-0.48505548315661,44.759654016227316],[-0.485248742325173,44.75918454607446],[-0.485276159975306,44.75910041388449],[-0.485284376873837,44.758890179443256],[-0.485288071432115,44.75876002233929],[-0.485289046811395,44.758610485238485],[-0.485294117184839,44.75856373447418],[-0.485312327468759,44.758545317974715],[-0.485335343889273,44.75852485774028],[-0.485372401322809,44.75851666232859],[-0.485415128249176,44.758508108248506],[-0.485888331214873,44.75841066706099],[-0.485996261427983,44.75838275776546],[-0.486064232905247,44.75836520806929],[-0.486515802525568,44.7582065336982],[-0.486707528385736,44.758134801629275],[-0.486914974772371,44.75805347231029],[-0.487070333246511,44.75798883238348],[-0.487207942387266,44.757925562162015],[-0.487297970135868,44.75788433699575],[-0.487542836249627,44.75777010649226],[-0.487619642996836,44.75773596614304],[-0.487871188526491,44.75764991186414],[-0.487969325076548,44.7576170821338],[-0.488041879241683,44.7576061457424],[-0.488049300711657,44.75763402897859],[-0.488093072275964,44.75780135224544],[-0.488095022331813,44.757808320072336],[-0.48814201144241,44.757868481215375],[-0.488181430833749,44.758240871055136],[-0.488290286665797,44.75823401806349],[-0.488277072991469,44.75806996793916],[-0.488422728463411,44.758050781056845],[-0.488511177612652,44.75803916348136],[-0.488552584197802,44.75803380390374],[-0.488566723707855,44.75811491580129],[-0.488585292995128,44.75816957355436],[-0.488649137250855,44.75841574898892],[-0.488687077481427,44.75856243843812],[-0.48872041118711,44.75870215362635],[-0.488939347614071,44.759087272775744],[-0.489063850838081,44.75929585030588],[-0.489175262151314,44.75955025996198],[-0.489222132717559,44.75970018264377],[-0.4893062906521,44.759967887200645],[-0.489388580727759,44.76025439526893],[-0.489421160936982,44.760363583931955],[-0.489445520453588,44.76043202760231],[-0.489470726793856,44.760501886489635],[-0.489503318744669,44.760574576719705],[-0.489594094043099,44.76075321572733],[-0.489707103846138,44.76097215813941],[-0.489772597062786,44.76109193506153],[-0.489819923786168,44.76118191435599],[-0.489842834384288,44.761239228919365],[-0.489871497573549,44.761328084007005],[-0.48988463764766,44.76137471194255],[-0.489664277468872,44.76129703356724],[-0.489595077383597,44.76127037584615],[-0.489508183221708,44.76124598780173]]],[[[-0.488607848162628,44.75274796772704],[-0.488453400082182,44.75288206278187],[-0.488279142034832,44.7530515672863],[-0.488158521909916,44.75318054102103],[-0.488120843048352,44.75322147000978],[-0.488085794931077,44.753188599308],[-0.487810355329684,44.75335399031079],[-0.487809976654545,44.75335400223697],[-0.487792806558935,44.75334021418225],[-0.48761594132828,44.75343103624503],[-0.48742565702817,44.75323209957283],[-0.487106723671711,44.7529103270818],[-0.486927229780977,44.7527140238314],[-0.486712100243161,44.75248757130075],[-0.486685060277883,44.75250428346645],[-0.486563290237055,44.7523883501429],[-0.4860907610407,44.7519328090049],[-0.485825700169809,44.75200856114935],[-0.485809874236562,44.75201032096069],[-0.485809411934267,44.75200898373959],[-0.485544182778473,44.75147608227963],[-0.485688463989767,44.751392146811824],[-0.48592403211556,44.75133030033886],[-0.486154449540347,44.75127717672657],[-0.486567380599653,44.75121217839524],[-0.486614518029422,44.75120754015184],[-0.486661127361678,44.75121274140153],[-0.48703569419145,44.75129998736798],[-0.487062569238366,44.75131121695107],[-0.487370764421161,44.7515456421803],[-0.487536544991457,44.75167992446729],[-0.487711288128597,44.75178130144477],[-0.487930517109508,44.751908673000436],[-0.488020446568492,44.751970004749545],[-0.488092322262202,44.752027759645514],[-0.488160489550968,44.752086892965984],[-0.488425568503097,44.752311138532484],[-0.488576862418621,44.75243199755967],[-0.488605622071288,44.75245524329101],[-0.488656547029793,44.75249329111077],[-0.488707159554653,44.75252630212389],[-0.488743019964353,44.752553920164594],[-0.48875623674516,44.75257125710939],[-0.488760933062041,44.752585798453296],[-0.488757210159869,44.75260529118749],[-0.48874666003359,44.75262481876565],[-0.488705027856466,44.75266316896172],[-0.488607848162628,44.75274796772704]]],[[[-0.488166106851946,44.74727232885383],[-0.487871593961691,44.74706856661386],[-0.487431847715807,44.746639486521794],[-0.487442805015383,44.74663265291939],[-0.48702330363893,44.74629746773374],[-0.486780829142683,44.74610684354597],[-0.486503622569858,44.745912806596316],[-0.486423426018705,44.745849185056834],[-0.486135967484566,44.745544805155035],[-0.486072234079022,44.745452998849004],[-0.486005966171035,44.74521014442377],[-0.485988137601375,44.745142846862954],[-0.485988768672181,44.74509794823468],[-0.486006087891193,44.745065230856504],[-0.486036859487228,44.74503533420228],[-0.486088093220487,44.74500506367474],[-0.486173340242203,44.7449604748971],[-0.486353805661578,44.744866927866106],[-0.486446201217817,44.745004963229796],[-0.486635699429939,44.745289627019595],[-0.486702619264737,44.74538998401393],[-0.48674232404012,44.745442984809145],[-0.486808819829045,44.745530378110494],[-0.486877836723977,44.74560336322023],[-0.48689947641714,44.74562809506858],[-0.486915024089443,44.74564635001911],[-0.486947088028118,44.74568012587123],[-0.486985104025201,44.74571200203499],[-0.487062823535999,44.74577849484555],[-0.48714676296655,44.745847405151686],[-0.487260209402266,44.74593331962264],[-0.487405196309022,44.746044555115866],[-0.487634936733096,44.7462194479329],[-0.487882186158129,44.74640748677083],[-0.487898903011264,44.746420117453056],[-0.488152836377335,44.746611910416846],[-0.48833877846174,44.74675339603635],[-0.488631005232134,44.74697534279363],[-0.488948377255837,44.747217313898375],[-0.489205469650254,44.74741098779603],[-0.488666560294234,44.74776861454352],[-0.48831233595473,44.747525820861206],[-0.488341026312167,44.74750518116366],[-0.488166106851946,44.74727232885383]]],[[[-0.485222228979512,44.753835326298606],[-0.485110962054083,44.7539745459584],[-0.485083595617727,44.75404110336009],[-0.484931010724486,44.754150352044505],[-0.484432284345905,44.75379863296946],[-0.484688205742349,44.75362422223504],[-0.484115423814579,44.753216165303414],[-0.484481469367665,44.75301269676862],[-0.484300788893705,44.75285220377743],[-0.484227445936396,44.75279521360365],[-0.483735283867482,44.75308808071527],[-0.483769688795381,44.75311673739102],[-0.483716247077584,44.75315437568846],[-0.4842934600432,44.753597261004415],[-0.484361040016435,44.753646952698226],[-0.484304085783528,44.753713629733674],[-0.484274082597891,44.75374377199857],[-0.48427514256819,44.75374454971307],[-0.484136484587567,44.75389283085699],[-0.484353610771286,44.75405974751309],[-0.484707643219511,44.7543235587505],[-0.48469102651158,44.754337058633055],[-0.484667565997828,44.7543564513051],[-0.484765810482851,44.75442338180743],[-0.484803084561268,44.75444933450752],[-0.484844084188592,44.75447417866378],[-0.484859895637466,44.75449666127236],[-0.484908082237354,44.75457012333845],[-0.484966655497306,44.75465200001132],[-0.485054217655924,44.754773067040404],[-0.485099307551803,44.75483328899322],[-0.485140321605912,44.75490120913082],[-0.485166125734605,44.75495023248409],[-0.485186477353511,44.754990866188244],[-0.485206562232605,44.755039438692165],[-0.485238508573735,44.75516306690616],[-0.485249836083171,44.75524787219735],[-0.485254712231847,44.75529593202258],[-0.485249273738698,44.7553306184749],[-0.48523830363549,44.755422974471834],[-0.485232382600028,44.75548660407907],[-0.485208377362327,44.755607397078116],[-0.485177002612067,44.755786818640416],[-0.485161801016301,44.755896610512536],[-0.485151793091088,44.75597388647692],[-0.485136678959975,44.75606060531288],[-0.485130404472897,44.75608792837133],[-0.485116126817551,44.756108564169544],[-0.485098708096796,44.75612749644433],[-0.485070095777304,44.75614948450802],[-0.485029994372386,44.75616976138007],[-0.484950219177311,44.75619272855539],[-0.484884405079288,44.75620831725737],[-0.484717224382199,44.75624746219398],[-0.484558301598879,44.756272919425996],[-0.484409408368315,44.75629490673564],[-0.484216546979694,44.75631151823633],[-0.484149239446631,44.75631525786575],[-0.483966919530727,44.75631828991235],[-0.48383167996507,44.75630956718682],[-0.483768236868144,44.756302190595925],[-0.483661800295281,44.7562867940579],[-0.483624153136095,44.756279326907546],[-0.483238626636605,44.756199352182044],[-0.483218544443582,44.756193675523136],[-0.482836739198747,44.75611250098133],[-0.482749499672099,44.75609460739467],[-0.482656501787479,44.756075633166624],[-0.482776493249044,44.75588720765627],[-0.482593900744199,44.755842934021146],[-0.482492325757291,44.756040783327116],[-0.482425569478479,44.756028914139925],[-0.482364911329541,44.75601748399229],[-0.482300421699661,44.756005453341245],[-0.482044418340913,44.755970516265364],[-0.481760035544016,44.75593683128846],[-0.480870757755561,44.755797616132156],[-0.480704255953727,44.755749679569874],[-0.480623884246018,44.75573237956516],[-0.480659103685231,44.75565160830928],[-0.480695409061602,44.755563863820925],[-0.480364751281294,44.75550585596447],[-0.480449109231797,44.75523203971634],[-0.48080358383596,44.75530092393437],[-0.480813157181247,44.75527169514699],[-0.480934507202101,44.754976439230894],[-0.480675413291818,44.754922130823395],[-0.480588527147099,44.754903773926046],[-0.480541169445476,44.754874261688684],[-0.480096155678392,44.75516932473936],[-0.480032685348439,44.75521052053361],[-0.479991731994324,44.755180266106066],[-0.479922544650888,44.755129090285386],[-0.479804135463349,44.75520832978602],[-0.479756978482527,44.755175927132406],[-0.479571806682306,44.75530448590841],[-0.479853805404633,44.755397819267394],[-0.479899197689373,44.755413965979386],[-0.479866546751318,44.75562208312687],[-0.479860603582396,44.75566093049981],[-0.479868248641729,44.75570475799346],[-0.479475426778549,44.75573359190582],[-0.479047971161621,44.755754590722006],[-0.478802143905224,44.75575528365588],[-0.478716130460335,44.75575717439294],[-0.478733356158592,44.75574122314365],[-0.478437455632019,44.75568076602368],[-0.478362914685388,44.755677970494006],[-0.478024445919688,44.755610197943],[-0.477867313111559,44.755578724915665],[-0.477819682116249,44.75556931641241],[-0.477476213787029,44.75550043758127],[-0.477531052809518,44.75531965137179],[-0.477575789665496,44.755135036931264],[-0.477618515146921,44.75496084919233],[-0.477726672133175,44.754832369221695],[-0.477799836545946,44.75474545095304],[-0.477816822976162,44.754725632294964],[-0.477831676357127,44.75470813356656],[-0.477903525983273,44.75462450075606],[-0.477957586453517,44.754572246878574],[-0.478165372129843,44.75439215415534],[-0.478100462782363,44.754367157359596],[-0.477789994947295,44.75424281213069],[-0.477662911212326,44.75419408397133],[-0.477493334341747,44.75410857014882],[-0.477218968663756,44.753954432302265],[-0.477326478955003,44.753821647384804],[-0.477503097477504,44.753610002018874],[-0.477167707227693,44.753438405048996],[-0.476907171762843,44.75329924249432],[-0.47676869875888,44.75323194625789],[-0.476779726877451,44.75320780893659],[-0.476745908890577,44.753194722149836],[-0.476715081400969,44.75318091064438],[-0.476682678047875,44.75316615730797],[-0.476698345038522,44.75287341350713],[-0.476558716117132,44.752793536861596],[-0.476555372377684,44.752757865080355],[-0.476591878311676,44.75272238417345],[-0.47693614014252,44.752387152094876],[-0.476962789303552,44.75241929849956],[-0.477073010272175,44.75256354088312],[-0.477129805528276,44.75263529373195],[-0.477136040883645,44.75265636574975],[-0.477131395771211,44.75266714549755],[-0.47716258879283,44.75270527720511],[-0.477182148131162,44.752677988201704],[-0.477185485251456,44.75265832785968],[-0.477178358586929,44.75264124901279],[-0.477159516247121,44.75261264247421],[-0.477054066579269,44.752478073194],[-0.476986530704834,44.752392148582544],[-0.476864047763879,44.7522520760644],[-0.476773281145279,44.75215246186117],[-0.476695993709979,44.75208675928416],[-0.4766117903232,44.752019651660596],[-0.476536657433672,44.75196424488684],[-0.476397483582405,44.75186714137004],[-0.476326754449015,44.751827727298355],[-0.476268759969561,44.75179791649881],[-0.476085772305009,44.75171011833468],[-0.476043753761475,44.75168710548384],[-0.475994803086212,44.751656289733326],[-0.475965570307137,44.75163143364441],[-0.475895496454417,44.751559646500425],[-0.475828772750754,44.75151136500125],[-0.47554578855936,44.75134640973208],[-0.4757426555641,44.75122298784876],[-0.475492906411134,44.75105554749093],[-0.475469349590963,44.75107340915899],[-0.475315108881742,44.750947308831904],[-0.475361772227832,44.75090430016001],[-0.475466209012696,44.7508077507769],[-0.475530659955217,44.7507456195407],[-0.475634484004857,44.75064530427553],[-0.475783248207413,44.75051708377452],[-0.47589452599648,44.75043302582355],[-0.47601236236207,44.750356872472],[-0.476143684925112,44.75028408058859],[-0.47626913213507,44.75021444686225],[-0.476369068982371,44.750155616892094],[-0.476446637136151,44.750097038472916],[-0.476541908972187,44.750017988193946],[-0.476622107168607,44.7499344545959],[-0.476703947644408,44.74985294208037],[-0.476774349424085,44.74978278299367],[-0.476887659022005,44.74967027311362],[-0.476969659527597,44.74959749677584],[-0.477015329130965,44.749556861615105],[-0.477068732983551,44.74951859699571],[-0.477160265591227,44.74945273061752],[-0.477296090323344,44.74936690907897],[-0.477395143463859,44.74948401561391],[-0.477590116074406,44.749716614644996],[-0.477637939471271,44.74977215730119],[-0.477787557308482,44.74994616198858],[-0.477842589140119,44.75005077259025],[-0.477848730677716,44.75005805948027],[-0.477876036436346,44.75008856288003],[-0.477947758744098,44.75016858781591],[-0.477982431157551,44.75020778148624],[-0.477985671801189,44.7502111041807],[-0.47795161982252,44.750224880262266],[-0.478033209008742,44.750317211751764],[-0.478060943718622,44.75034851270329],[-0.478118272427663,44.75042277150157],[-0.478191397827996,44.75051933391452],[-0.478233709870437,44.7505716250002],[-0.478277508808946,44.75062341878114],[-0.478378835861002,44.75057481670802],[-0.478487641313888,44.75052444762572],[-0.478549764430177,44.75061486694857],[-0.478586485712678,44.75067490342718],[-0.478784782896988,44.750979490557874],[-0.479054344014548,44.75085990689931],[-0.47928334758613,44.751213093381836],[-0.479305549770373,44.751204014858416],[-0.480222444326296,44.75076696929925],[-0.480591377675639,44.750591810112724],[-0.480599479896069,44.75058786061984],[-0.480623424594428,44.75057629386805],[-0.480809733190941,44.750791226714846],[-0.480672780198696,44.75085879419105],[-0.48088021765539,44.750998264991054],[-0.4810632770947,44.75112390265491],[-0.481110125479864,44.7510900776392],[-0.481173707012407,44.75113043435735],[-0.481021684905221,44.7512303777172],[-0.481067981757472,44.75126118462151],[-0.481107078501356,44.751292127726295],[-0.480945333036843,44.75140048723715],[-0.480933644532054,44.75140779372848],[-0.480861670230321,44.7514525016495],[-0.480892174698484,44.751479479367795],[-0.480933899875177,44.751509979446574],[-0.481082268755581,44.75162679461543],[-0.480951706732178,44.75170569660251],[-0.480939628363455,44.75171283511214],[-0.481127150677976,44.75184923677021],[-0.481348420008906,44.751691153131006],[-0.481312825505505,44.75166163200077],[-0.481341665338283,44.75161882051377],[-0.481433168517071,44.75155250084271],[-0.481476258239162,44.75151924442541],[-0.481436776901836,44.75148822340988],[-0.481588225393319,44.75138514337532],[-0.481539767535435,44.751350078952086],[-0.481604502025302,44.75130487724388],[-0.48134548570901,44.751122871406245],[-0.481492122168769,44.75102174512708],[-0.481780292765784,44.750822896618565],[-0.482189275470963,44.75100658421161],[-0.48228011031548,44.75105815914415],[-0.482426798590303,44.751147809754535],[-0.482571872675594,44.751248144877714],[-0.482669831130177,44.75132896408662],[-0.482764226066581,44.75141350001383],[-0.482849750464399,44.751495701433704],[-0.482942837934744,44.751601996800694],[-0.482872585928856,44.75165611429922],[-0.482694805025795,44.751756689917094],[-0.482732160238424,44.75179624847643],[-0.483054164396996,44.75213136345434],[-0.483438360881415,44.7519392230386],[-0.483737259465555,44.7519931735769],[-0.483838620915646,44.752018642415905],[-0.483919796348516,44.75204898177134],[-0.483980769034183,44.75208392185936],[-0.484052545696105,44.75213402232746],[-0.484279807511968,44.75234216438554],[-0.484372496165655,44.7524113425848],[-0.484517006411303,44.75246573289999],[-0.484606627532143,44.75254050465017],[-0.484624103166187,44.75255924004718],[-0.484671077532898,44.75260092853617],[-0.484797376657393,44.752526752213676],[-0.484907525658232,44.75262052353287],[-0.485249187048059,44.75293581902312],[-0.485775792350155,44.75341291237763],[-0.485528135058997,44.753604278228885],[-0.485345821056866,44.753723565153976],[-0.485359793988783,44.75373475064906],[-0.485345282426643,44.75374548083681],[-0.485222228979512,44.753835326298606]]],[[[-0.4849010888743,44.752363618941985],[-0.484795892812764,44.75239261295666],[-0.484680772480944,44.75240840142908],[-0.484594368959246,44.75241003881354],[-0.484506639238174,44.75239639777396],[-0.48442731665527,44.75235311362533],[-0.484337396074061,44.752291868894794],[-0.484071341814851,44.75205773175779],[-0.484009366562297,44.752018858063714],[-0.483939100015439,44.751987004042874],[-0.483897117336014,44.751970751789905],[-0.483839264120666,44.75195553950867],[-0.483467894825485,44.75188314175585],[-0.483334018655618,44.75185950640506],[-0.483274812414713,44.75184082179259],[-0.483230563209998,44.75181247465031],[-0.48315203799134,44.7517452832879],[-0.483088091650298,44.75168069734674],[-0.483046509487993,44.75163415252507],[-0.482961139206696,44.751505445479104],[-0.482908764955341,44.75144391997827],[-0.482853523072171,44.751385098069896],[-0.482791137006991,44.751333439913566],[-0.482643773214637,44.75121452263421],[-0.482475422147696,44.75109365176071],[-0.482374791910796,44.75103706805071],[-0.482342850415419,44.751017525594996],[-0.482189296693612,44.750933407737975],[-0.481496843450326,44.750613903097936],[-0.481372370759499,44.75055212034066],[-0.481840923426607,44.75021512727167],[-0.482288377513352,44.74989285396475],[-0.48237096382748,44.74994603990499],[-0.482653939304588,44.74964506840446],[-0.482702004581429,44.74959417209705],[-0.482932723498413,44.749717496616924],[-0.483066846083817,44.749592069361626],[-0.4831278071524,44.749534999684734],[-0.483265492507742,44.749405855385405],[-0.483337531910038,44.749441889469544],[-0.483472228539856,44.749521732441046],[-0.483629556670808,44.74963006154408],[-0.483714628278546,44.7497049768834],[-0.483814607641054,44.749800060193934],[-0.48398395218752,44.74999209094629],[-0.484009657463572,44.750021201402575],[-0.484258068235674,44.750289146913936],[-0.483848998007958,44.750557231499506],[-0.483655041322866,44.75068445190983],[-0.48354674770801,44.75075526690069],[-0.483490980412126,44.75079207710007],[-0.483727500121084,44.750984428425554],[-0.483968008677056,44.75117989806827],[-0.484214121127921,44.75138005731697],[-0.48443253579966,44.751555674290785],[-0.484486336286105,44.75159732826518],[-0.484840739610188,44.751885728965995],[-0.485035429197006,44.752045780105206],[-0.485076371832494,44.752075852749925],[-0.485110709929137,44.752103429686265],[-0.485248747936631,44.75221867226066],[-0.4849010888743,44.752363618941985]]],[[[-0.48426064002346,44.74298311331984],[-0.484174970688927,44.743014736962],[-0.484042376910269,44.74306045356986],[-0.484018166934851,44.743030935770165],[-0.483828262177462,44.74290470829099],[-0.483521400901383,44.74258669472221],[-0.483311897600776,44.742376732827324],[-0.483679632529399,44.742250623623],[-0.484009194606089,44.74213905175065],[-0.484272202334466,44.74240437324893],[-0.484681797690252,44.742831438459696],[-0.484370907172547,44.74294440729122],[-0.48426064002346,44.74298311331984]]],[[[-0.485175329139068,44.75731464710607],[-0.485010862384373,44.757342532326874],[-0.485036337000711,44.757447439521144],[-0.484927600138759,44.757468434184744],[-0.484872756675853,44.757318220386516],[-0.484808343810441,44.75731970645835],[-0.484756990786738,44.75732375547361],[-0.484555325933327,44.75732694647728],[-0.484619272824428,44.75755059076634],[-0.484463524234774,44.75763957141513],[-0.484481706112929,44.75771253592322],[-0.484426437783035,44.757720763281384],[-0.484359513181684,44.75773070910365],[-0.484279417474866,44.75774242102548],[-0.484188517021205,44.75774510049567],[-0.483981615344993,44.757743408529784],[-0.483854893358997,44.75773748180017],[-0.483788992767652,44.75773333661037],[-0.483643067563505,44.757711431927184],[-0.48330830101678,44.757660861135015],[-0.483143746632089,44.75761998606023],[-0.483072310159221,44.75760610154686],[-0.482837261188607,44.75756041379313],[-0.482716726711079,44.75753797980062],[-0.482668358122505,44.757528956964585],[-0.482522327911288,44.75749921385522],[-0.482528888069185,44.75748260606008],[-0.482674641941998,44.75712196574717],[-0.482806564419912,44.75714449222471],[-0.482964578600395,44.75717169521582],[-0.482983369003257,44.75717488924779],[-0.482987695953704,44.75716511052039],[-0.483124675319862,44.7571835123913],[-0.483155013728691,44.757109742711016],[-0.483212260114843,44.75697420682052],[-0.483275097151484,44.756824797092754],[-0.483303079811945,44.75676200576663],[-0.483345984460494,44.75676858673044],[-0.483363599647165,44.756771186829525],[-0.483433325301427,44.75678197079221],[-0.483719835610246,44.756825407618194],[-0.483776139731545,44.756833910003806],[-0.483952715360221,44.75686061781606],[-0.483981067950302,44.75686504288266],[-0.483984587144951,44.75685447845714],[-0.484066603890792,44.75686154099899],[-0.4841771290227,44.756869418865584],[-0.484244081123998,44.75687217893738],[-0.484319971528564,44.75687222456751],[-0.484375902009253,44.756868572439444],[-0.484481112567949,44.75684579675384],[-0.484492724043456,44.75684335870661],[-0.484879582857176,44.75675494635716],[-0.484906481027905,44.756833854676245],[-0.484909700931817,44.75684907347052],[-0.485010829171618,44.756827777504675],[-0.485175329139068,44.75731464710607]]],[[[-0.484296516300141,44.74347646098432],[-0.484299969486648,44.7433913711825],[-0.4843050789546,44.743357506319676],[-0.484329227716766,44.74327582056584],[-0.484349101892206,44.743223107034815],[-0.484364339958588,44.74320577547266],[-0.484388119137456,44.74319159960544],[-0.484431313160706,44.74317852499766],[-0.484873891901766,44.74304194594046],[-0.485085769905814,44.743253362452045],[-0.485265225928488,44.74343128401622],[-0.485247040289755,44.74341329215516],[-0.485230971921417,44.7434172224147],[-0.484741979231876,44.743576170954896],[-0.484264791597407,44.74370527724077],[-0.484296516300141,44.74347646098432]]],[[[-0.483319745083458,44.74552285955458],[-0.48329887706368,44.745547307140725],[-0.483278655059196,44.74557606005817],[-0.483261584178307,44.74559444040747],[-0.483243906251911,44.74560914501731],[-0.483219780564814,44.74562387221734],[-0.483202436476705,44.745631717360396],[-0.483164323760809,44.745641116994264],[-0.483119958065859,44.74564755918526],[-0.483042941537465,44.745653586529386],[-0.48300359820663,44.74566149281286],[-0.482969616883129,44.745670221716956],[-0.482950446469544,44.7456792056804],[-0.482932751554724,44.745687512404174],[-0.482891075491059,44.74570675675365],[-0.482858614192289,44.745715527929086],[-0.482839515842368,44.745713425109784],[-0.482807237730146,44.745700652341384],[-0.482775744429204,44.74567604944104],[-0.482717351531854,44.74562751019308],[-0.482641809121473,44.74557157993691],[-0.482562708734104,44.74550720034417],[-0.482525541744162,44.74547673793172],[-0.482422604866364,44.7454011222597],[-0.482345264622688,44.74534678036964],[-0.482279238830635,44.745303617684655],[-0.482242879496636,44.74527394084899],[-0.482224081787375,44.74525831080344],[-0.48220848014126,44.74524528377863],[-0.482183240226274,44.74522363819465],[-0.482145466670956,44.74518949991556],[-0.482117019462374,44.74515281539039],[-0.482079262625925,44.74511281890984],[-0.482063816986987,44.745102310259895],[-0.48202543684728,44.74508288022159],[-0.481948771441667,44.74505780514605],[-0.481895803319763,44.74503558955874],[-0.481849917650974,44.74501134888319],[-0.481805446266934,44.74498544159819],[-0.481742472545516,44.74494254312446],[-0.481680267263415,44.7448936726833],[-0.481597221258134,44.74482680313116],[-0.481552661026346,44.74479332865648],[-0.481505005080993,44.744758870089],[-0.4813849384166,44.7446883881593],[-0.481746361718954,44.74450904449201],[-0.48190202882656,44.744492794665774],[-0.481929884314278,44.74442189721505],[-0.481824199814387,44.74436925741441],[-0.481956820126733,44.74426262315104],[-0.481767606370109,44.744153672977646],[-0.481692050583856,44.74417100834243],[-0.481589023144904,44.74425319105377],[-0.481491769286744,44.74433059612284],[-0.481465199339618,44.74431196610859],[-0.481306153073473,44.74420008404525],[-0.481159406797468,44.74409691696318],[-0.481066295145997,44.744167702940366],[-0.481016206850366,44.74413683525666],[-0.48098240977091,44.74416078766652],[-0.480976223845322,44.744165037435224],[-0.480926413463384,44.74419994690212],[-0.480903546355388,44.74418597659306],[-0.480870873909592,44.74420971337629],[-0.48078004466663,44.74426835157472],[-0.480723152711625,44.74421949386343],[-0.480663254281559,44.74416496310276],[-0.480610928089155,44.74412245029123],[-0.480608556202657,44.744120902731765],[-0.480419853008994,44.7439649830006],[-0.480419045685194,44.74396419731798],[-0.480329978023368,44.743904184913504],[-0.480112078391549,44.74376071747915],[-0.479908716886284,44.743637609924164],[-0.479890566286031,44.74362015683899],[-0.47987362388082,44.74360383730936],[-0.479867833899123,44.74358383292676],[-0.479868652834527,44.743566414485585],[-0.479881030612475,44.7435457490074],[-0.479899427355404,44.74351813553903],[-0.47992602009698,44.74348197365624],[-0.479951059249629,44.74345135776975],[-0.480008553980878,44.74338124159145],[-0.480022496047493,44.7433674659892],[-0.480044261042249,44.74334524380758],[-0.480150925154469,44.7432482590992],[-0.480225779498929,44.74318895199332],[-0.480294882090098,44.74313478209364],[-0.480505702287416,44.74297387394249],[-0.480572722141493,44.74291057732571],[-0.480671233246955,44.74282286013017],[-0.480804158587542,44.742690534138774],[-0.480886181749234,44.74274094472993],[-0.481195808928416,44.7425584547476],[-0.480946533261044,44.74235541653508],[-0.48083976820977,44.742266853016325],[-0.480846566868987,44.74221121693315],[-0.480793530772855,44.742065271562474],[-0.480157359593328,44.74256757864596],[-0.480402742606195,44.74270774872126],[-0.480205997691257,44.74289993568303],[-0.480383762503848,44.74300789635804],[-0.480275746592158,44.74308915321191],[-0.480222712931802,44.74312713756144],[-0.480154824026759,44.74318253091383],[-0.480092001750013,44.74323398003546],[-0.480047196753823,44.7432823395465],[-0.479982230314001,44.74334818469546],[-0.479927508768381,44.743401812292575],[-0.479905621266144,44.743422055711875],[-0.479887876522987,44.743429552458245],[-0.479864803407013,44.74343676607421],[-0.479837577040303,44.743432034450635],[-0.479665144549442,44.743367341990385],[-0.479624895633404,44.743348330394966],[-0.479502959004514,44.743247535761675],[-0.479316205371835,44.7430801081883],[-0.479136863379928,44.742915962043725],[-0.479038875587809,44.742809818456685],[-0.478950112995492,44.74272402186278],[-0.478873264645873,44.74265911861234],[-0.478827978359263,44.74262611657258],[-0.478715164023467,44.74253783126774],[-0.478795012267935,44.74249792376935],[-0.478895529442582,44.74241807554554],[-0.479015501027901,44.742309319036764],[-0.47906224365945,44.74226162002024],[-0.479096331485977,44.74219944922377],[-0.47911580883185,44.74215864477978],[-0.479141490388157,44.74207096449021],[-0.479162400047675,44.74199199530726],[-0.479190693898199,44.74187296213283],[-0.479208596405282,44.741806703892],[-0.479228592643554,44.74173136810222],[-0.479232246728184,44.74168619450703],[-0.479236614190164,44.74162189357675],[-0.479238308502525,44.74157570015497],[-0.479328704340716,44.741418127750066],[-0.479370457004538,44.741381759968476],[-0.479426234576676,44.741339093794075],[-0.47948046944461,44.741308281468406],[-0.479638835498493,44.741249954987744],[-0.47968397792278,44.74104766426094],[-0.480218273655721,44.74051756160549],[-0.480720346113872,44.74093181999998],[-0.481046885422107,44.741378180000446],[-0.481418884104442,44.741903134381914],[-0.48155243003545,44.74208115314571],[-0.481764317697142,44.74198662558659],[-0.481868144493411,44.74213800254543],[-0.481986871300597,44.742321713702786],[-0.48213199014791,44.74253343243532],[-0.482362245972207,44.74241696817521],[-0.482482138040325,44.74257045279914],[-0.482550188362484,44.74265861041842],[-0.482633274539676,44.74262202270411],[-0.482728353104906,44.74280359325792],[-0.483162748742486,44.74320248798609],[-0.483024726139975,44.74328306946625],[-0.483349935047036,44.74346244683039],[-0.483337212280194,44.74361226240987],[-0.483100922904664,44.74370485700069],[-0.483352075812811,44.74385835715549],[-0.483522043904115,44.74397502947275],[-0.483827026027918,44.74418297853944],[-0.483724734673908,44.74448520797701],[-0.484211185285637,44.74460345669427],[-0.484007562328363,44.74486210380992],[-0.48356725126975,44.74531726443158],[-0.483368241004742,44.74548510656474],[-0.48333884831808,44.745506668207774],[-0.483319745083458,44.74552285955458]]],[[[-0.482011697726092,44.74630693190976],[-0.481976930690881,44.7463091066002],[-0.481932307981132,44.74629302692168],[-0.481870591206901,44.74626432754269],[-0.481732870129352,44.746196744036844],[-0.48136583456604,44.74595469283692],[-0.481352265258491,44.74594385473578],[-0.481316318047764,44.7459024493227],[-0.481248861477707,44.74583004272535],[-0.481233626844309,44.74602517609383],[-0.481222557415309,44.74607923430416],[-0.481208041376677,44.746120514027815],[-0.481092291999099,44.746242387513185],[-0.481043298351119,44.746278262622184],[-0.480760488555366,44.74644693181208],[-0.480203679466501,44.74672442315356],[-0.479949024327145,44.74683930614962],[-0.47986993946776,44.74686711460564],[-0.479614797303651,44.746667591355404],[-0.479421856390985,44.74651684936018],[-0.479269584575951,44.74639799252057],[-0.478974692209701,44.7461629489441],[-0.478857916322443,44.74621924652994],[-0.478803448258533,44.74624637094709],[-0.478548763989381,44.74637305701206],[-0.478366226276732,44.74646404250549],[-0.478175948106997,44.74655869528977],[-0.478135784035518,44.74648588017864],[-0.478068494343755,44.74637931191129],[-0.4780042001996,44.746278236818796],[-0.477879096226309,44.746107878752724],[-0.477797197514643,44.74599203651246],[-0.477752322363238,44.74594117773093],[-0.477708415509363,44.74589984098879],[-0.47761619196441,44.745819468779935],[-0.477476035889706,44.745706267048135],[-0.477455374467436,44.745685017350986],[-0.477450375752823,44.745665528703256],[-0.477455472009199,44.74564365031811],[-0.477476954822789,44.74562296954316],[-0.477507919934917,44.74560226131964],[-0.477562894964254,44.74557106633251],[-0.477741177217214,44.74547877391428],[-0.477807482517625,44.745452900348226],[-0.477940009498247,44.74539980395458],[-0.478014717011833,44.74536870988075],[-0.478143357589827,44.74530798519229],[-0.478270924231324,44.74522990138394],[-0.478343649876873,44.74518517145642],[-0.47839966565161,44.745146283341036],[-0.478441421681988,44.74510991586143],[-0.478492571498794,44.745059825736995],[-0.478533497838728,44.745022312755495],[-0.478578138312003,44.74497738354909],[-0.478632734714108,44.74492168790334],[-0.478634160178697,44.744920201238884],[-0.478720845740402,44.744837453431984],[-0.478858563098991,44.744708854480315],[-0.479002755541193,44.74457455472368],[-0.479076750657498,44.74449517922588],[-0.47913655819603,44.74442562169582],[-0.479168013147127,44.744376059945644],[-0.479218456616731,44.74427165072381],[-0.479262346357252,44.744171682938415],[-0.47928054328625,44.74414083162677],[-0.479307264478467,44.74411286657381],[-0.479353306778052,44.744066090625836],[-0.479457027380423,44.743988934895846],[-0.479526404574793,44.74393304465007],[-0.479551143241806,44.743909827950574],[-0.47963313747407,44.743837139732946],[-0.479739335393121,44.74374485622292],[-0.479795900077996,44.74370261574312],[-0.479818110517236,44.743687589021945],[-0.479837620406689,44.74367796410878],[-0.479868182047889,44.74368141938625],[-0.479901783556683,44.74369108735247],[-0.479944967092794,44.74370847462914],[-0.480029624409937,44.74376466075434],[-0.480166307006984,44.743852374945625],[-0.480202592098317,44.74387475518735],[-0.480280251202328,44.74392818721706],[-0.480355688979399,44.74397637207657],[-0.480458135997984,44.74405642062552],[-0.480517054225706,44.744107377589],[-0.480606639936231,44.7441880105307],[-0.48068139324979,44.744255772248714],[-0.480720651918662,44.744289413694425],[-0.480573547497386,44.74437045768329],[-0.480498697802466,44.744411470973056],[-0.480730119617343,44.74457109437589],[-0.480784784892181,44.744608487031],[-0.480929924368528,44.744501820987196],[-0.480944662928914,44.74445801102538],[-0.481066699545581,44.744535821115136],[-0.481070636037749,44.74453813053682],[-0.481147623184635,44.74458680691126],[-0.481168547319788,44.74460002720497],[-0.48126518375735,44.744665838938815],[-0.481374626633683,44.744736294543905],[-0.481475133256735,44.744803336196505],[-0.481556586611529,44.7448567382468],[-0.481383106585038,44.744983581391885],[-0.481356636572074,44.74500333836046],[-0.481093505582011,44.7452017595206],[-0.48135501612964,44.745375485547015],[-0.481446130575314,44.74535820198136],[-0.481512929742899,44.74540161118247],[-0.481903860339944,44.74565588733344],[-0.482433551604441,44.746000602275615],[-0.482222023743729,44.74614405347878],[-0.482159422823114,44.746199101534344],[-0.482045473524633,44.74629487541743],[-0.482011697726092,44.74630693190976]]],[[[-0.47962854575209,44.74378132098255],[-0.479558595064388,44.7438463312009],[-0.47951633408875,44.743880642299686],[-0.479439351289766,44.74393623083266],[-0.479385503392408,44.743973339160355],[-0.479331972604689,44.7440155742001],[-0.479268842139456,44.74407433202883],[-0.479228356568111,44.744118950748614],[-0.479200142656353,44.7441595791519],[-0.479179940834432,44.7442009470897],[-0.479134073890832,44.74431188119616],[-0.479103398435625,44.74436177891395],[-0.479076047014285,44.74441022041558],[-0.47900188456782,44.7444991536393],[-0.478925322207215,44.74458608950639],[-0.47882427736746,44.7446758672145],[-0.47872489133798,44.74476793576626],[-0.47862385697899,44.744857893183],[-0.478575129702866,44.74490421244619],[-0.478547188458624,44.744930863871396],[-0.478485710028643,44.744985694258474],[-0.478458247461536,44.74501395273887],[-0.478420104621147,44.74505966906996],[-0.478402954425303,44.74507678946744],[-0.478344839448025,44.74511853717482],[-0.478287771242287,44.74515881008578],[-0.478280482515421,44.745163635043454],[-0.47801792445731,44.74499119665186],[-0.477829817650307,44.74515769455747],[-0.47802970984646,44.745304435689974],[-0.477892890002217,44.74536172232607],[-0.477792374053686,44.74540489161614],[-0.47772874141918,44.74543104170238],[-0.477657591052095,44.74547058502773],[-0.477557965046674,44.74552201696206],[-0.477499554630097,44.74555286925],[-0.477443800086489,44.745583728215294],[-0.477417139743052,44.74559429817912],[-0.47738020132875,44.74559816174293],[-0.477324966988325,44.74559448927852],[-0.477284699693498,44.74558746300668],[-0.477204845889722,44.74555374341236],[-0.476965091381664,44.74543718026696],[-0.476898901809654,44.74540357210332],[-0.476844699885341,44.74537364278415],[-0.476762197289705,44.7453277500777],[-0.476691169272459,44.74529564548438],[-0.476619801117271,44.74527031034249],[-0.476524480225027,44.745237977094355],[-0.476459815689715,44.74521675702217],[-0.476362986049709,44.745184561128106],[-0.476256340137146,44.74515312391844],[-0.476183340550855,44.74513207524901],[-0.476138931694033,44.7451194110766],[-0.476124122096704,44.74510689908095],[-0.47611790962183,44.74509231484193],[-0.476122042252036,44.74507938842061],[-0.476170326361925,44.74503200280429],[-0.47652495595157,44.74469338203498],[-0.476624885833946,44.74459778390922],[-0.476666336784105,44.74455647024502],[-0.47674341921396,44.74448402863698],[-0.476778839414732,44.744449482866344],[-0.476910206215859,44.74433469361322],[-0.477100117560429,44.74416057077792],[-0.477207846734424,44.74405616600045],[-0.47744974564139,44.74384553442265],[-0.477526096671592,44.7437735657841],[-0.477568765616619,44.743733565264115],[-0.477592686599362,44.74370938341455],[-0.47760698611476,44.743689108447406],[-0.477615600466194,44.743675049910095],[-0.47762288390467,44.74366400705132],[-0.477640246071575,44.74363804860203],[-0.477710696926185,44.74353202047721],[-0.477760828505658,44.743459343176355],[-0.477857889588457,44.74331742342576],[-0.47806726136468,44.74301643288165],[-0.478116274667917,44.74291342092534],[-0.478204751812322,44.74271247315308],[-0.478237793704628,44.74265790537758],[-0.478284912012557,44.742579464835664],[-0.478315169678038,44.74252894967034],[-0.478327959779346,44.7425088121362],[-0.478351773561343,44.74249517722469],[-0.478380263762382,44.742489686209616],[-0.478380653492215,44.74248985420123],[-0.478389238674973,44.74249372990196],[-0.478483664637211,44.742536182680816],[-0.478542325125034,44.74255236328879],[-0.47857815285295,44.74256124074362],[-0.478628706925549,44.74257515269491],[-0.478665765072652,44.74258552346405],[-0.478745670027176,44.74264465340683],[-0.478799340949755,44.742684421213],[-0.478860817458989,44.74273385668087],[-0.478933551038266,44.74280582828308],[-0.478983146339388,44.74285329394313],[-0.479052422945491,44.7429184350464],[-0.479268549486679,44.743119184719575],[-0.479356756514083,44.743202114800006],[-0.4794524968217,44.74329030526581],[-0.479532982345776,44.743358788700554],[-0.479585112437202,44.74339202600993],[-0.479627421370449,44.7434136764112],[-0.479648021941097,44.743421680308],[-0.479706711330014,44.74344443802234],[-0.479767260426672,44.7434665965561],[-0.47979247653624,44.743481754901836],[-0.479814318044898,44.743515944000414],[-0.479812285005465,44.74354439494775],[-0.479789394446509,44.743591344684596],[-0.479757684304573,44.74364289723617],[-0.479716887420085,44.7436947353437],[-0.47967209861603,44.74373723653443],[-0.47962854575209,44.74378132098255]]],[[[-0.480430532952793,44.7613926484337],[-0.480408685249913,44.76161592699277],[-0.479797690984909,44.761584478180446],[-0.479381582362111,44.76156267477448],[-0.478980756924343,44.76154255260572],[-0.478687970583246,44.761520657931904],[-0.478136294909745,44.761478865853086],[-0.477792386390332,44.76145253627939],[-0.477663874720506,44.76144233274785],[-0.477623812609742,44.761444942395734],[-0.477455331740333,44.761463389465604],[-0.477316809978127,44.76147539850584],[-0.47721693597613,44.761480336384864],[-0.47714210880404,44.76147917090006],[-0.477025582639627,44.761472555555876],[-0.476899182633604,44.761453543398744],[-0.476714665326771,44.7614213056906],[-0.476552103540875,44.76138819830144],[-0.476421249173046,44.76135851126246],[-0.476399160937384,44.76135109392477],[-0.476316460662023,44.76132692455166],[-0.476214735484835,44.76129578231026],[-0.476173338715312,44.76127680500069],[-0.47613894820821,44.76126067180007],[-0.476116176028321,44.76124219135904],[-0.476093220347177,44.761220742778754],[-0.476242032631204,44.76104376667877],[-0.476267700029472,44.761010879075386],[-0.476285174396541,44.760980501563544],[-0.476299858608787,44.7609479586711],[-0.476323878038969,44.76084546155787],[-0.476328219203215,44.76081747883994],[-0.476327213077867,44.760733700675544],[-0.476368754236187,44.76050340699056],[-0.476406507813167,44.760273232181106],[-0.476428385405128,44.760074736506354],[-0.476382222332257,44.76005230419379],[-0.476253892076356,44.7600449772219],[-0.476085033550787,44.760032703943175],[-0.475886803356068,44.7600056716615],[-0.475816000071985,44.76027824753618],[-0.475798271189045,44.76034747379469],[-0.47560804202434,44.76033325699488],[-0.475227098955668,44.76030925341339],[-0.4751740307799,44.760482052473],[-0.475039946543106,44.76047373307426],[-0.474665088707185,44.76046224323759],[-0.474200139533377,44.76044817104764],[-0.474164489455831,44.760577436932884],[-0.474116884315746,44.76077115161929],[-0.474061128617272,44.760980351863466],[-0.473948652351311,44.76097784184073],[-0.473740091634794,44.7609678915803],[-0.473553483180399,44.76093859807824],[-0.473359266999153,44.760909002137645],[-0.473374645406467,44.76086310047333],[-0.473243876636582,44.76087774507767],[-0.473054540080772,44.76092099104898],[-0.472882948887619,44.760956651085934],[-0.472795654958436,44.760974798335496],[-0.472725989987386,44.760983471113555],[-0.472133340982545,44.7610583750368],[-0.472076195113668,44.76107314342539],[-0.47200290821975,44.761090760826015],[-0.471625265091246,44.76112638938725],[-0.471568326650239,44.761132229346586],[-0.471301417973169,44.76116060099407],[-0.470606867566829,44.761336738371334],[-0.469608748865203,44.761377742221434],[-0.46917908239343,44.76138822704357],[-0.469129397533291,44.761382483714435],[-0.468863214508059,44.761342697746976],[-0.468246843410837,44.76102703289155],[-0.467949495260992,44.76091874002935],[-0.467221611538348,44.76066522785667],[-0.466106290887929,44.76011599512985],[-0.465622954066651,44.75995124547902],[-0.46555826406553,44.760034465441585],[-0.465357828072253,44.759928450520796],[-0.465089139018576,44.759786270721605],[-0.464823503273342,44.759644355272776],[-0.464554844639246,44.75950262391231],[-0.464415198033188,44.75942858998711],[-0.464378194193701,44.75946849791435],[-0.464345225082533,44.75949998882868],[-0.464305302214225,44.759541790380965],[-0.464203832203849,44.75961931099534],[-0.464183527084418,44.75963463521926],[-0.46415054301818,44.759659728206444],[-0.46376734070147,44.75948183579185],[-0.463370055675657,44.759426401346516],[-0.46346919243615,44.75917547866655],[-0.46358023146246,44.7589021950582],[-0.463610529933571,44.75882735135783],[-0.463802546463616,44.75835336714205],[-0.463911031007731,44.75808178518197],[-0.464011964224865,44.757823145829384],[-0.464040759548654,44.75776087532094],[-0.464114800036299,44.757767841599026],[-0.464231481393862,44.7577832968625],[-0.464359549971825,44.7578049743765],[-0.464390975512894,44.75781002923935],[-0.464529829158295,44.75784047104886],[-0.464625992088112,44.75786161432239],[-0.46474229144554,44.75788933696589],[-0.464843904341943,44.757918870708885],[-0.464973577177449,44.75796041327632],[-0.465074342434626,44.75799465943763],[-0.465151734798407,44.7580252210334],[-0.465172109617831,44.75803566799759],[-0.4652454897222,44.758075006331],[-0.465349963417609,44.758132476623885],[-0.465392015662445,44.75815603324509],[-0.465530853074659,44.758229280111415],[-0.46571279633078,44.75832469859635],[-0.465818538019241,44.758371945537746],[-0.465975804301702,44.758448670475524],[-0.46615411822307,44.758522123097976],[-0.466273950732473,44.7585701902901],[-0.46636169184039,44.758602409791486],[-0.466506579287835,44.7586568118578],[-0.466587376234534,44.758687175833494],[-0.466703457181208,44.75872977272699],[-0.466842527477217,44.75877597553378],[-0.4669593012487,44.75881134108792],[-0.467092487544835,44.758848265446524],[-0.467346954029776,44.75891978291516],[-0.467439081557374,44.75894312288311],[-0.467522226854324,44.75896232823548],[-0.467588776716887,44.75897700652801],[-0.467699912425173,44.75900092269233],[-0.467802176843467,44.75902250310523],[-0.467927386311716,44.759046969682956],[-0.467976544563271,44.75905651490329],[-0.468034167774353,44.75906795786374],[-0.468159432926683,44.75909332361782],[-0.468272201923503,44.75911295255502],[-0.468407509570088,44.75913502967817],[-0.468663550765269,44.75917666599524],[-0.46878081615643,44.75918921455391],[-0.468857554534549,44.75919681418878],[-0.468905293899535,44.759201807449536],[-0.469009595520371,44.75920719192174],[-0.469161220326022,44.7592108236642],[-0.469199592991272,44.75921160430943],[-0.469317518738685,44.759210253511256],[-0.469410338059299,44.75920788669565],[-0.469492632256728,44.75920098315831],[-0.469644431264696,44.75917054432362],[-0.46973901468306,44.759147575148496],[-0.469818332744824,44.75912319166481],[-0.46991007750473,44.75909111927273],[-0.469988572605431,44.759059552035396],[-0.470058268305429,44.759026818551426],[-0.470122054340802,44.75899670335644],[-0.470158063865852,44.758977641708476],[-0.470219054437985,44.75894527098313],[-0.470248942156218,44.758931537820196],[-0.470300946504971,44.75891341684385],[-0.470393485745212,44.75888807796442],[-0.470441361803162,44.7588768450992],[-0.4705263519993,44.75886444923918],[-0.470584491025509,44.75885965354189],[-0.470842916297588,44.758841552228205],[-0.470923020778702,44.75883606799393],[-0.47101032639244,44.75883044813845],[-0.470884495644763,44.7591462888231],[-0.470870483089579,44.75914672795197],[-0.47066023696628,44.75963184133802],[-0.470991743248913,44.75963578146868],[-0.470997808337322,44.75963568151235],[-0.471010850400202,44.7596133741844],[-0.47117396577477,44.75961871581356],[-0.471249252367261,44.75962122261234],[-0.471442787629925,44.75962759303275],[-0.471488714303742,44.759492599075166],[-0.471557931031924,44.75929847880908],[-0.471642556499974,44.759046650760595],[-0.471727382201507,44.75879193260269],[-0.471806822470811,44.758794128550925],[-0.472047515585748,44.75880226380476],[-0.472245687133319,44.75881001939424],[-0.472293983928831,44.75881174947924],[-0.472790411698943,44.75883808950083],[-0.473145096627583,44.758854904047205],[-0.473529065095042,44.758872781659676],[-0.473738035622506,44.75888335003643],[-0.473689736962037,44.75901670723804],[-0.473658569587044,44.75910798281002],[-0.473618041930418,44.75922586634271],[-0.474167520673655,44.759263243101174],[-0.474417109309168,44.759280196153206],[-0.474664793388239,44.759297028162756],[-0.474897514461543,44.75929891892288],[-0.474981400120648,44.75929935102831],[-0.475090575117126,44.7593098938539],[-0.475112310580734,44.759225672586034],[-0.475124284203652,44.75917996759478],[-0.475433685226979,44.7592191932276],[-0.475444843615305,44.759190996649494],[-0.475523084821545,44.75900190725922],[-0.475610594699874,44.759011867761934],[-0.475651344178102,44.75886081302177],[-0.476171756918794,44.75893135412273],[-0.476145372766407,44.759075379622736],[-0.476130879583885,44.75915396675851],[-0.476127207480564,44.7591743585472],[-0.476114714638768,44.75924233910049],[-0.476109058813594,44.759273607302376],[-0.47607515832847,44.759271517151845],[-0.476039369819455,44.75926957636431],[-0.476033771305045,44.75928335988183],[-0.476013460460824,44.75933536455808],[-0.476352824535213,44.75939275229985],[-0.476394750484395,44.75939576199881],[-0.476472888253402,44.75940142000096],[-0.476525065738731,44.75940248574481],[-0.476576830758415,44.75912482953512],[-0.47658180065532,44.75910088238857],[-0.476601437403856,44.75904412250115],[-0.476611837740962,44.759015949583095],[-0.476624905242785,44.758994091316275],[-0.476644950385266,44.75898075545889],[-0.476790220341416,44.758985928011036],[-0.477080822457604,44.75898500584566],[-0.477184930693507,44.75942286497483],[-0.477238529314021,44.759663689792994],[-0.477333036378951,44.75966405702566],[-0.477366513486418,44.75967156717449],[-0.477558418322172,44.75966995762776],[-0.477594836621002,44.75966980544534],[-0.477624086651107,44.7596764569438],[-0.477797732322282,44.7597170548361],[-0.477796592940787,44.759680232333494],[-0.477845954311406,44.75959487256963],[-0.477846073460016,44.75955999314595],[-0.477848747547085,44.759370120587405],[-0.477851421616105,44.75918024804142],[-0.47785057557217,44.758994811708995],[-0.477861935297656,44.75893308462348],[-0.477654305799897,44.75892581625094],[-0.477623513071639,44.75892489064874],[-0.477599958559848,44.758537942593684],[-0.477256865702582,44.758573587516544],[-0.477229418178716,44.7583751984164],[-0.477219331919026,44.75830414165164],[-0.476992489266332,44.758317481518496],[-0.476882501817072,44.7583183209869],[-0.476816322463871,44.75831580251909],[-0.476756475525642,44.7583113729849],[-0.476730864709337,44.75868877987426],[-0.476710769534095,44.75890380131603],[-0.476709805298261,44.75891275326287],[-0.476514657461354,44.758898692573844],[-0.476383818393402,44.75888756951562],[-0.476205969824253,44.75886485468038],[-0.476138136547356,44.758854006731035],[-0.475912376129239,44.75882351303506],[-0.475804817474814,44.75880841442424],[-0.475599145954694,44.75877756000434],[-0.475427406865538,44.7587615912967],[-0.475337942024088,44.75875682872758],[-0.475277938400988,44.75875600801526],[-0.475238585485434,44.75875778354078],[-0.475160742703199,44.758763019709406],[-0.474989902266906,44.75878000527342],[-0.474934701719389,44.7587586670364],[-0.474887503533037,44.758744016777555],[-0.474819872202698,44.75872414991203],[-0.474782274615096,44.758717489242784],[-0.474725251451054,44.75870963564947],[-0.474680608401814,44.75870562916748],[-0.474633776453137,44.75870304310669],[-0.474571038523895,44.75870095602788],[-0.474570000229858,44.758536793883636],[-0.474232176325511,44.758510353137666],[-0.474185291121841,44.75883850099811],[-0.473689335879223,44.75881368438653],[-0.47379220756694,44.7584765714051],[-0.47336394457625,44.75837429179605],[-0.473243513032398,44.75834733844107],[-0.473144633935349,44.75832529639539],[-0.472942231432475,44.75827973556105],[-0.472908365921022,44.758272056067675],[-0.472760607433518,44.758238839790984],[-0.472740566248997,44.75825839292196],[-0.472443837477268,44.75821533822351],[-0.47264263804171,44.75767425634661],[-0.472756965755894,44.75736282940557],[-0.472818624442507,44.75727375217232],[-0.472828325390229,44.757277232925176],[-0.472870121796583,44.75727817525444],[-0.472889331105392,44.75726973265946],[-0.472899603347006,44.75725174747442],[-0.472845807869452,44.757234689871105],[-0.472928382922013,44.7571156684345],[-0.472959738405955,44.75707043738855],[-0.473034494472338,44.75694769587468],[-0.472981266840696,44.75693368454197],[-0.473038402503914,44.75684510948007],[-0.472831264722873,44.756771940878],[-0.472852922007336,44.75674170315773],[-0.472958683073156,44.75656806425263],[-0.472989352138087,44.756530154255536],[-0.473029227526981,44.75648772001508],[-0.473097730224956,44.75642960871278],[-0.473145618350625,44.75639404244754],[-0.473194563835716,44.756363309356765],[-0.473256406347743,44.75633866025145],[-0.47334767350963,44.75632966995373],[-0.473433420438996,44.756329594129184],[-0.47363003617943,44.756330727052124],[-0.473710586915139,44.75633252622683],[-0.473795537553483,44.756331844274044],[-0.473898204459792,44.756323126777204],[-0.473996215813261,44.756312752864766],[-0.474077526317262,44.756296143919066],[-0.474146452474349,44.756269469742875],[-0.474207643446763,44.75624042475967],[-0.474278817736551,44.75618258934795],[-0.474414546603725,44.7564080415516],[-0.474522836778561,44.75659470264298],[-0.474744018599571,44.756360936901174],[-0.474800596310169,44.75630022474446],[-0.47481231513603,44.75628724057253],[-0.474827615264238,44.756270809675996],[-0.47488346875181,44.756210660902845],[-0.47491548364668,44.75617613257971],[-0.474901032725987,44.75616946669111],[-0.475009259388522,44.75604197869523],[-0.475148334741011,44.75609438901044],[-0.475404234010282,44.75618296526548],[-0.475571002475829,44.75625982914898],[-0.47564898875227,44.7562876613262],[-0.475725286722634,44.75632500880882],[-0.475922834462616,44.756421002505235],[-0.476144611764049,44.75654065731615],[-0.476214562054561,44.756573517593466],[-0.476290761245179,44.756603117678125],[-0.476308459468698,44.75660706804824],[-0.476338343359926,44.75660558931952],[-0.476375545973172,44.75659360741543],[-0.476396202585942,44.75658403734634],[-0.476411022449901,44.75657825520202],[-0.476441558058894,44.756575043748036],[-0.476453202657419,44.75657927423578],[-0.476476330049236,44.75659125488412],[-0.476600969924004,44.756680163758965],[-0.476642101031563,44.75670716960845],[-0.476668958875494,44.756730387969284],[-0.476724648024379,44.756753512305046],[-0.476778265239096,44.75677994590284],[-0.476820393561234,44.75680466743908],[-0.476839500023696,44.756819117313405],[-0.476865327083987,44.75685020824947],[-0.476872242342904,44.756869997329545],[-0.476888255113901,44.756920321129265],[-0.476911336295467,44.75695609427503],[-0.476929551455981,44.75697453730667],[-0.476982688241638,44.757023875851],[-0.477014491755582,44.757047299344144],[-0.477159591811123,44.75717251366931],[-0.477271424432087,44.75726903341449],[-0.47729195097337,44.757288034650465],[-0.477328060017861,44.75730744781105],[-0.477371236521568,44.757324566344515],[-0.477295636327805,44.757384435258004],[-0.477195791928583,44.75746335923931],[-0.477125265180442,44.7575193739049],[-0.477168568345091,44.75755694531844],[-0.477197826984505,44.75758216091501],[-0.477220670351303,44.757601810373075],[-0.477505255887651,44.75784727805379],[-0.477725060008031,44.75804530452965],[-0.477885147513636,44.75795881087867],[-0.477928808353586,44.75798988229995],[-0.478116746677908,44.758102125090794],[-0.478426069361638,44.75828733590005],[-0.478572351455656,44.758400886277535],[-0.478851395344464,44.75862408553718],[-0.478739730864913,44.75870617587795],[-0.478790989915794,44.75876395364509],[-0.479067289088779,44.7590286028858],[-0.479077740426465,44.759356935265416],[-0.479202845756609,44.75948385684184],[-0.479258342475857,44.75954060014546],[-0.479285765150146,44.75956677412588],[-0.479306666588831,44.759579545124694],[-0.479334178808336,44.759594902107686],[-0.479355475906547,44.75960180299093],[-0.479378499619398,44.759605946085344],[-0.479399529548467,44.7596085296837],[-0.479435530119565,44.759607759191105],[-0.479595110358897,44.75959274269239],[-0.479774733372197,44.75962566992774],[-0.479801880627851,44.75975161322917],[-0.479808446562037,44.75976573572186],[-0.479846232548665,44.759855117271655],[-0.47989762429771,44.759962004844986],[-0.479952162617021,44.76008294209184],[-0.48001005897433,44.76022747489307],[-0.48002980135423,44.7602828179671],[-0.480091033838357,44.760444458499556],[-0.480106593975764,44.76048740655065],[-0.480125846877225,44.76052257852446],[-0.480143250986157,44.76054627345935],[-0.480213230481631,44.760597875155206],[-0.48020586197308,44.760601441060274],[-0.480378241136002,44.76071957652243],[-0.480405665118432,44.76073349415366],[-0.480494637296775,44.76077314397724],[-0.480480399433117,44.76091093155016],[-0.480445907555633,44.76123644101321],[-0.480437796887468,44.76131996512029],[-0.480430532952793,44.7613926484337]]],[[[-0.479021096639434,44.74801683428487],[-0.47894108359374,44.7480848636933],[-0.47881967400822,44.74819510701271],[-0.478732042520321,44.74827491066879],[-0.478516920670123,44.748550669955776],[-0.478509776805286,44.74854557742071],[-0.47834771755084,44.74843414586982],[-0.47810642555603,44.74826842864775],[-0.477656254701636,44.74858374067739],[-0.477332954091862,44.74880963526419],[-0.477206797165301,44.748898397532166],[-0.477145358509454,44.748941690764696],[-0.476875736114396,44.74877794187489],[-0.476669314809521,44.748955285979456],[-0.476436269830284,44.74887996458556],[-0.476315824325325,44.74884634698506],[-0.476243275854692,44.74883267365949],[-0.476200210722501,44.748829519687746],[-0.476143062801261,44.74883176424894],[-0.476118999617383,44.74879845516735],[-0.476303751449083,44.74866946462718],[-0.476176346396769,44.74857235222496],[-0.476648269375493,44.74825897694197],[-0.476027189113421,44.74792079815878],[-0.476006523913553,44.74793631625759],[-0.475729601964098,44.74812695606916],[-0.4756231814797,44.74819950665092],[-0.475587233508236,44.74817441073672],[-0.475341895553655,44.74802287312782],[-0.47510329595886,44.74787598990496],[-0.474864291180673,44.74772866834232],[-0.474626067161731,44.74758168228209],[-0.474387471306186,44.747434797540734],[-0.474364593393179,44.74742064597992],[-0.474399827964017,44.74738304286768],[-0.474492399105517,44.74729101207604],[-0.474561916831966,44.747206553503744],[-0.474616632728739,44.747134274618816],[-0.474632714336017,44.74708141174037],[-0.474634816075789,44.747060168181584],[-0.474608950914488,44.74683802915449],[-0.474607809060675,44.74679498883162],[-0.474615914437377,44.74671741370327],[-0.474635162772923,44.74662984635154],[-0.474652680945037,44.74657567675188],[-0.474683207405383,44.74651100579949],[-0.474627465159799,44.746511403190354],[-0.474600055094868,44.74649757414216],[-0.474484953725662,44.74643368785098],[-0.474700390452113,44.74623038152114],[-0.474906737831339,44.74603348796659],[-0.474925364992284,44.74601569097463],[-0.475095409192904,44.7458513872955],[-0.475184568362099,44.74576559092891],[-0.47561555300826,44.74535482597834],[-0.47562691235147,44.74534834143509],[-0.475690939310638,44.74534083452548],[-0.475701868133237,44.74535193639703],[-0.475771557766261,44.745343981340085],[-0.476229131814892,44.74555373937822],[-0.476423220070965,44.745692554973594],[-0.476706450631688,44.74539555660512],[-0.476941165043608,44.74551651407266],[-0.47671969628701,44.74573866877614],[-0.476690596139063,44.74575886762486],[-0.476638977521745,44.74579527371203],[-0.476579712446657,44.74584913230081],[-0.476836978944013,44.74604030450925],[-0.476979399911903,44.74595085163419],[-0.476963854897736,44.74593872329717],[-0.47733090070105,44.74569658638276],[-0.477359557718525,44.745718305947584],[-0.477406610412195,44.7457553084927],[-0.477587221452533,44.74590310658829],[-0.477663282121228,44.74596749493089],[-0.477819387019483,44.74615454257787],[-0.477868894185641,44.74621895373676],[-0.477935020355484,44.74631285206125],[-0.477892188918392,44.74625210630663],[-0.477559699537379,44.74646414196006],[-0.477616496049812,44.74651760031542],[-0.477686610719188,44.74658397777576],[-0.477472501989299,44.746722724314864],[-0.477533981744698,44.746772160589735],[-0.477373320493908,44.7469102196689],[-0.477644040633483,44.747116377934965],[-0.47818360416534,44.746756082808645],[-0.478248773952328,44.74684676680535],[-0.478299729995655,44.7469100508986],[-0.478351856095695,44.74696158292231],[-0.478417986202662,44.74701258490002],[-0.478851777779855,44.74726678712749],[-0.478965515674015,44.74733918301262],[-0.47902580611631,44.747381626716724],[-0.479072198115993,44.747432437423235],[-0.479163609116125,44.74762223706535],[-0.479183517789564,44.74770488032762],[-0.479182880062822,44.74778041902581],[-0.479164814490376,44.74783794104515],[-0.479140969357579,44.74788789452497],[-0.479120053882066,44.74791774981511],[-0.479076073941835,44.7479672544785],[-0.479021096639434,44.74801683428487]]],[[[-0.476944220435011,44.74956035598014],[-0.476786327750493,44.7497065278292],[-0.476691406612647,44.74979737274175],[-0.476608340224848,44.74988973785676],[-0.476568906472759,44.749933060829605],[-0.476465559123668,44.750028766072035],[-0.476377699568064,44.75009884217511],[-0.476318514218204,44.75014179381555],[-0.476270561691942,44.75017006409435],[-0.476041129464339,44.750294419123534],[-0.475885492431002,44.75039122442802],[-0.475781689025202,44.750461169652176],[-0.475729140789957,44.750501028871],[-0.475666389686071,44.7505538247638],[-0.475576973499192,44.750635574220865],[-0.475376342184562,44.75082697255727],[-0.475114306563795,44.75105616426394],[-0.475086865687413,44.751048013618515],[-0.47498635623111,44.75092572389674],[-0.474908274304318,44.75082868421977],[-0.474875112025437,44.750795480127884],[-0.474810873985549,44.7507444165588],[-0.474600861550824,44.750618262991836],[-0.474468876268048,44.750533007511486],[-0.474386330667654,44.750474227311024],[-0.474286180336616,44.750394551402714],[-0.474213654059078,44.750325994398935],[-0.474169258157936,44.75027061316778],[-0.474156321848275,44.750233169640296],[-0.474155962222487,44.75021506729313],[-0.474171613333611,44.75018591888924],[-0.474375773132459,44.74993493453698],[-0.474580913313448,44.74971212581012],[-0.474595871971022,44.7496963364669],[-0.47477353876582,44.74954468108417],[-0.474811318476331,44.74956052782],[-0.47488418869137,44.74949344666184],[-0.474905052041009,44.749505678786505],[-0.474937357630769,44.749525031607156],[-0.474994525071027,44.74945555936443],[-0.47518474609422,44.74956232702381],[-0.475228973470177,44.7495842795094],[-0.475235605111651,44.74958722550545],[-0.475653261379356,44.74932863709097],[-0.475874444824778,44.74919363749941],[-0.475920720296185,44.74916893461051],[-0.476004065026178,44.749136309279734],[-0.476174172021229,44.749083387372465],[-0.476305671574265,44.74905033154888],[-0.476512104951293,44.749008164240436],[-0.476566948307789,44.74899932314075],[-0.476679292531127,44.749030761658545],[-0.476794570532499,44.749072831955246],[-0.477097661742936,44.74921336123585],[-0.477279947193284,44.74929604278867],[-0.477286188688514,44.74930494868259],[-0.477271715214427,44.74932243541441],[-0.477141614807967,44.74940879812058],[-0.477012448794368,44.74950414309318],[-0.476944220435011,44.74956035598014]]],[[[-0.474856231994913,44.7520678126102],[-0.474872794809789,44.75205341478077],[-0.474900501619508,44.75202902467829],[-0.475069248126949,44.75188026221978],[-0.475240533234323,44.75172961746519],[-0.475414306872524,44.751576280914215],[-0.475442610361929,44.751592244654844],[-0.475607065878113,44.75144776139431],[-0.475621105530431,44.75143551534084],[-0.475743936888624,44.751495373367305],[-0.475811707541957,44.75154218017084],[-0.475849504360485,44.7515705524368],[-0.475830118321327,44.75158837338953],[-0.475524818869432,44.751866506124806],[-0.47525616174923,44.752111406167785],[-0.475276998355995,44.75212318851756],[-0.475185423822803,44.75220689781186],[-0.474856231994913,44.7520678126102]]],[[[-0.474996931631115,44.75126261221344],[-0.474951735798417,44.75132323772585],[-0.474903093684754,44.751377212536],[-0.474854619643777,44.751421629579895],[-0.47478521745953,44.75147733716183],[-0.474631100037768,44.751580401126354],[-0.474437607216744,44.75145147586028],[-0.474208736690709,44.751290316676545],[-0.474044321917052,44.75118372887415],[-0.47399615788499,44.75115333820423],[-0.473705632060592,44.75101357763392],[-0.473501485633873,44.75092094197396],[-0.473378162691208,44.75097590675694],[-0.473358480434078,44.750958230234],[-0.473368587639682,44.75095602075111],[-0.473360571688316,44.75093680678372],[-0.473338425083036,44.7509406555277],[-0.47331473400676,44.750919500032865],[-0.473300354813197,44.7508894011864],[-0.473294221700117,44.75082696186093],[-0.473300690842789,44.75075971151212],[-0.473312048624531,44.75073475319082],[-0.473339096089989,44.75068740419994],[-0.473378862387471,44.750637132978966],[-0.473414417177421,44.75059852888445],[-0.473472014527817,44.75054211105224],[-0.473560002329393,44.75046175995532],[-0.473622816423864,44.75040995463291],[-0.473716014443137,44.750340254073976],[-0.473820481403068,44.75028101403384],[-0.473905288875694,44.750241315304145],[-0.473964178441395,44.75021811003476],[-0.474015855205156,44.75020711664394],[-0.474050802772172,44.75020782263182],[-0.474080809540295,44.75022066924697],[-0.474107410797153,44.75025822478679],[-0.474142373529844,44.75031444268895],[-0.474167143495017,44.75034691896948],[-0.474209870787113,44.75038757327312],[-0.474330276543302,44.750488061733805],[-0.474419214092689,44.75055204848315],[-0.474497773176726,44.750607709511726],[-0.474635394116958,44.75069206719701],[-0.474731572795168,44.75074429146398],[-0.474783718008658,44.75077771100569],[-0.474819569754765,44.750811461554726],[-0.474858010321393,44.750850267564026],[-0.474933920269572,44.75094899754799],[-0.474997625746551,44.75103441258821],[-0.475026304047238,44.751081004652754],[-0.475044714720977,44.7511210699737],[-0.475051097137369,44.7511629546266],[-0.475024851985789,44.75121712784496],[-0.474996931631115,44.75126261221344]]],[[[-0.475060536900928,44.75472293806307],[-0.474975893648134,44.754931152589464],[-0.474888842809681,44.75514953577729],[-0.474804442851846,44.755361707711394],[-0.474725573299509,44.755565144873735],[-0.473859111916408,44.7553894717204],[-0.473112296400488,44.75523419140646],[-0.473013473737533,44.755206830729236],[-0.472960583838957,44.75517983191304],[-0.472912790106401,44.75514933891062],[-0.472858142971677,44.75510617397713],[-0.472818648135965,44.75506875199248],[-0.472786616040904,44.75502929362852],[-0.472782856048013,44.754999132005246],[-0.472806161692119,44.75496487742718],[-0.473081571996597,44.754595499821],[-0.473345997152355,44.754263324113126],[-0.473445091314003,44.75409241709145],[-0.474061246568664,44.75429477963984],[-0.474487030866842,44.75443110761525],[-0.474569232990141,44.754293892757886],[-0.474593568060204,44.754208779083434],[-0.474604132643793,44.75415870264892],[-0.474907962205534,44.754267854724425],[-0.475192301465373,44.75438086185155],[-0.475060536900928,44.75472293806307]]],[[[-0.473595812948382,44.75577676542755],[-0.473464001304422,44.75604458398404],[-0.473350803673623,44.756288207754935],[-0.473316737526369,44.75628954649098],[-0.473227330578656,44.75629793772049],[-0.473170568530278,44.75631269477234],[-0.473203368607536,44.756247862805104],[-0.472826699573796,44.75617586537971],[-0.472534244711213,44.75611582527436],[-0.472372923988887,44.75647729870677],[-0.472341270029813,44.756542274700465],[-0.472332856925971,44.75656578883407],[-0.472284578720895,44.75656432859793],[-0.472227973675175,44.75656934752199],[-0.472200271025262,44.756581570873735],[-0.472161437626096,44.75661631212663],[-0.472146982895703,44.75663415800815],[-0.472110308526891,44.756679285202466],[-0.472072915576524,44.75672506573494],[-0.472028387411306,44.75671060099254],[-0.472035784717207,44.75670135732097],[-0.47180268123925,44.75658862817658],[-0.471712016461654,44.75671799546793],[-0.471689452002578,44.75670897009095],[-0.47160437182682,44.75684275822538],[-0.471760077978642,44.756912584871664],[-0.471973204408182,44.75700287030383],[-0.472405723446805,44.757155847768765],[-0.472309363507061,44.75730972592684],[-0.472156434542663,44.7575798269552],[-0.471982792202846,44.757883199701496],[-0.471820167058619,44.758168383486996],[-0.471696035128723,44.75838873731447],[-0.471566594677626,44.75860916726626],[-0.471509644800585,44.75869467167038],[-0.471487585113676,44.75872456124479],[-0.470906520901861,44.75876548223872],[-0.470537348933092,44.75879056864389],[-0.470424105087641,44.75880628300487],[-0.470355861719035,44.758819505813996],[-0.470246430254088,44.75884780712095],[-0.470069313991844,44.75893527343543],[-0.469890125962654,44.75901992059547],[-0.469832847096724,44.75903865720534],[-0.469685461669384,44.759085269333205],[-0.469543825949877,44.75912052655812],[-0.469475493188227,44.759132309726795],[-0.469347791782153,44.759141266441226],[-0.469185484021557,44.75914283593184],[-0.469094581926256,44.75913937498493],[-0.468992157364506,44.759133661452054],[-0.46886781848619,44.75912331724856],[-0.46877771964424,44.759114423831086],[-0.468627006548322,44.7590948122113],[-0.468382933489286,44.75905649585265],[-0.468097282412524,44.75900848657588],[-0.468023586683489,44.75899484339635],[-0.46785087823488,44.75896312278028],[-0.467693340848038,44.7589312873731],[-0.467599140635981,44.75891125673729],[-0.467511762938731,44.75889110254237],[-0.467425482624772,44.75887028310221],[-0.467298895093232,44.758835765961074],[-0.467184927375928,44.75880283620204],[-0.467108015382661,44.75878010113256],[-0.467011873700629,44.75875319174424],[-0.466880398238754,44.75871323986926],[-0.466778461173213,44.75867849124131],[-0.466642450225907,44.758626515207276],[-0.46637395396647,44.758524344786174],[-0.46619713077324,44.75845661336886],[-0.466079025795857,44.75840578851922],[-0.465891469663645,44.75832397374546],[-0.465800518288462,44.75828275249827],[-0.46574414292512,44.758254597653234],[-0.46566982568914,44.75821853317965],[-0.4655863657328,44.75817572558848],[-0.465502410770378,44.758131040963015],[-0.465420081662689,44.7580881077541],[-0.465273962287563,44.75800751874944],[-0.465192529540574,44.75796681027281],[-0.465096249589024,44.75792530461789],[-0.465022459794909,44.75789778438685],[-0.464968231947903,44.75787983536493],[-0.464905116426032,44.75785928061367],[-0.464789836784398,44.757829633776076],[-0.464619241549016,44.75778901069866],[-0.464400626178798,44.757738805039814],[-0.464242558426014,44.757710586191514],[-0.46412794443243,44.75769173194185],[-0.464176609917934,44.75759477555605],[-0.464291619613802,44.75737372513021],[-0.464431000422615,44.75714794706171],[-0.464629738436016,44.7568386656791],[-0.464785033009149,44.75659409547971],[-0.464832208915608,44.75644221383194],[-0.464863640351722,44.75634886027094],[-0.464966555588256,44.756085561981884],[-0.465045121259913,44.755882773184716],[-0.465047190133028,44.755873246140595],[-0.465077497883198,44.75579245397575],[-0.465158543542505,44.75558066588988],[-0.465246576641293,44.75535297870279],[-0.465295435406353,44.755228439848],[-0.465316875870796,44.755170003802604],[-0.465345053084991,44.75509774924906],[-0.465347299264454,44.75509110040417],[-0.465370149063878,44.755030908021006],[-0.465505741899411,44.754891579345816],[-0.465533566764932,44.754862862408565],[-0.465563179722036,44.75483237728155],[-0.465880238520457,44.75451623670941],[-0.46591755959905,44.7544815450888],[-0.465948592644383,44.75444948341327],[-0.466037051405613,44.75435803954186],[-0.466173832470191,44.75421957396441],[-0.46621597238383,44.754176891209035],[-0.466216334435234,44.7541766095254],[-0.466223475659339,44.7541693568649],[-0.466384784527687,44.75395487537299],[-0.466414776859204,44.753918250148516],[-0.466540316746009,44.753763644470965],[-0.466750612606299,44.75348220384213],[-0.467015813753382,44.75313749378063],[-0.46713306372009,44.75298386783589],[-0.467227830351274,44.752859422746994],[-0.467351540349411,44.752699826787044],[-0.467426263485164,44.75260106167861],[-0.467452255394573,44.7525672649216],[-0.467565297246587,44.75241926739112],[-0.467575496694976,44.75240624148662],[-0.467595550184567,44.75238074119379],[-0.467612088715641,44.7523597667066],[-0.467643082294361,44.75232094695192],[-0.4676925424348,44.75225550504231],[-0.467700246430906,44.75224508055025],[-0.467854051003198,44.75204443941329],[-0.468099719599123,44.75172773382845],[-0.468254780810669,44.75152290733241],[-0.46826391050785,44.751510996269445],[-0.468327088685873,44.75142809224596],[-0.468332747910436,44.75142142655628],[-0.468475921614644,44.75127608898462],[-0.468502311735863,44.75124876793208],[-0.468752741989406,44.75099706644101],[-0.468834150165918,44.75091449224658],[-0.469023305484484,44.75072121302252],[-0.469058812034496,44.750687928852734],[-0.469110921257947,44.750640877315384],[-0.469816979704355,44.75004461881447],[-0.470009452725205,44.74988061206598],[-0.47011307737257,44.7499552262801],[-0.470475779873692,44.75020123512187],[-0.471249237510922,44.74959086904783],[-0.471533427919679,44.74967739455239],[-0.471668593314944,44.749722090881285],[-0.471792965708733,44.74977631740914],[-0.471923422525419,44.74984305960095],[-0.472115399021898,44.74994761454464],[-0.472205082400557,44.749993015372276],[-0.4723818368957,44.750090657547766],[-0.472492539299662,44.750150809156295],[-0.472562127668147,44.75019026127411],[-0.47261017710211,44.75023110972849],[-0.472658786663003,44.75028717045495],[-0.472764193001268,44.75042742211621],[-0.472758886146588,44.75046435647821],[-0.472782202781529,44.75049174192595],[-0.472650437527407,44.75055129628984],[-0.472585855109712,44.750580627109066],[-0.472673294606345,44.75066953461046],[-0.472651174881295,44.75067996095302],[-0.472842153799824,44.7508542970385],[-0.472938186698276,44.75094104240393],[-0.472900584361241,44.75096493127296],[-0.472866273300229,44.7509868244439],[-0.472981448873487,44.75108864990598],[-0.473103329117807,44.75104103034949],[-0.473286666659869,44.75116531983603],[-0.473257474326034,44.751294652936366],[-0.473245282425514,44.75134910585271],[-0.473178183949366,44.75155884113868],[-0.473115049113451,44.75169761967528],[-0.473049953962205,44.75183537824145],[-0.472969018308768,44.751993098934555],[-0.472674403114963,44.751854725455914],[-0.472485113212317,44.75175693586266],[-0.472249305882223,44.752024048463056],[-0.472203896868545,44.75203826892008],[-0.47214362328595,44.75206367940066],[-0.472076129664599,44.75210733971967],[-0.471872296985219,44.7522594502925],[-0.471640485072868,44.75245001658266],[-0.471522561923949,44.75254950817163],[-0.471405182528084,44.75265781409567],[-0.471286295788563,44.75278473133809],[-0.471221463594348,44.75285308998758],[-0.470374644931345,44.75236776299643],[-0.470166542054576,44.75254298403377],[-0.469969972670678,44.752708380935786],[-0.469944006901302,44.752730282010724],[-0.469849698660343,44.75265916043819],[-0.469813067909339,44.75263120023851],[-0.469667825588567,44.75252166226046],[-0.469548000983254,44.752430522788316],[-0.469534471238706,44.752420312819936],[-0.469374533620255,44.75228780437946],[-0.469266964881669,44.7522046615996],[-0.469175598958148,44.7521320054675],[-0.469127358566616,44.75220488962527],[-0.469012630507471,44.75236853200579],[-0.468900786902554,44.75252974085192],[-0.468807486548381,44.7526655864679],[-0.468789601503043,44.7526831788636],[-0.468483261243685,44.75295123048511],[-0.468473702749745,44.75296234393994],[-0.468284397571885,44.7532087059014],[-0.468190907418854,44.75333536492229],[-0.468137486139585,44.75331198528519],[-0.468084048729477,44.753380615947734],[-0.468012886526663,44.753469447226756],[-0.468600533820229,44.753732930417506],[-0.468632239043866,44.75377330127023],[-0.468888278627173,44.753913704964056],[-0.469219769502794,44.75409013457614],[-0.469562032140276,44.75426892932827],[-0.469549527402966,44.754281486945416],[-0.469932312256229,44.75448361318819],[-0.469943864063517,44.75447405926018],[-0.470043842821253,44.754526348901095],[-0.470373186578868,44.75469860708039],[-0.470362658636307,44.7547124546115],[-0.470609780996521,44.754904951652314],[-0.470632748665637,44.75492667115143],[-0.470665845421191,44.754952669209636],[-0.470803971870566,44.75506972876233],[-0.470906535401304,44.75515771335642],[-0.470992279206273,44.75522522763202],[-0.471039401244922,44.755238710265616],[-0.471084373312451,44.75525424285133],[-0.471309333974171,44.75533352449092],[-0.47143488998788,44.75537599951987],[-0.471562116452883,44.75542094534307],[-0.471955574411022,44.75556217154344],[-0.472718762879281,44.7557245161889],[-0.472596547905466,44.75599419548612],[-0.47280861551632,44.755526774157715],[-0.472836220282219,44.755531405710265],[-0.472877451518498,44.75554164783752],[-0.472909470993291,44.75555632423076],[-0.472940059044438,44.755572397268175],[-0.472974405352845,44.755594029855395],[-0.473036643590191,44.755637227055324],[-0.47307773333433,44.75566360461362],[-0.473150319593075,44.75570233182763],[-0.473211034865581,44.755727012456745],[-0.473258808795637,44.75574488950158],[-0.473303709651186,44.755759251924616],[-0.47334291987554,44.75576748456344],[-0.47340003987728,44.75577695784179],[-0.473440108395763,44.755780657643506],[-0.473489728488085,44.75577928162034],[-0.473595812948382,44.75577676542755]]],[[[-0.473019036605051,44.75337420434534],[-0.472990861666705,44.75339103874475],[-0.47251655893494,44.75310167516384],[-0.472431176399737,44.75318744081292],[-0.472233611824195,44.75340424012203],[-0.472194885165926,44.75344681829858],[-0.472181604630065,44.75344065610385],[-0.472093976761866,44.753526942457164],[-0.471739642860588,44.753349344944105],[-0.471493196787754,44.753223065799325],[-0.471123326533552,44.75303342714096],[-0.471244380721975,44.75290472991917],[-0.471315245083235,44.75282960359648],[-0.471440565926339,44.75269013853536],[-0.471575044357471,44.75256381375503],[-0.472013145171642,44.75272788112311],[-0.472648041758366,44.752963727665374],[-0.472595809224721,44.75302105819956],[-0.472748492343226,44.753097376211926],[-0.472887789778812,44.75316582298225],[-0.473153334630802,44.753287985551985],[-0.473019036605051,44.75337420434534]]]]}}]}
