{"type": "FeatureCollection","name": "aoc_geojson","features": [{"type":"Feature","properties":{"dt":"Bordeaux","type_prod":"Vins","categorie":"Vin de triees successives","type_denom":"appellation","signe":"AOC","id_app":20,"app":"Cadillac","id_denom":76,"denom":"Cadillac","insee":"33518","cvi":"1B110L","nomcom":"TABANAC","insee2011":"33518","nomcom2011":"TABANAC","id_aire":83,"crinao":null,"grp_name1":null,"grp_name2":null},"geometry":{"type":"MultiPolygon","coordinates":[[[[-0.422651896484121,44.71973386992706],[-0.422812912186955,44.71977322673988],[-0.422904386895866,44.7197955396665],[-0.422899690931398,44.71980145219009],[-0.422879239397719,44.71982677590838],[-0.422731090925923,44.72005087512624],[-0.422484940194939,44.72038848435524],[-0.422483080374674,44.720391155170525],[-0.422246971566559,44.72032870753714],[-0.422219924403816,44.72029755334612],[-0.421976380895805,44.720289493544605],[-0.421785844315162,44.720282227571985],[-0.421703668865747,44.720277739134104],[-0.421637225954452,44.72026384299714],[-0.421792273711014,44.720007631734624],[-0.42114867252823,44.71982242781856],[-0.420756859083092,44.719710180807674],[-0.42078364412183,44.71966844125887],[-0.420927727102499,44.71942725878441],[-0.420998760166009,44.71931503417672],[-0.421406309845833,44.71941381739528],[-0.422051995264758,44.71957516513848],[-0.422607689640126,44.71972190007481],[-0.422651896484121,44.71973386992706]]],[[[-0.421988193213365,44.72884591592561],[-0.421988319388058,44.72884591202523],[-0.421972700418999,44.728850990674616],[-0.421988193213365,44.72884591592561]]],[[[-0.421962479270567,44.72885752451946],[-0.42209515659556,44.729049872206836],[-0.421962353095846,44.728857528419816],[-0.421972700418999,44.728850990674616],[-0.421962479270567,44.72885752451946]]],[[[-0.420514794660059,44.72117128962573],[-0.420709500445374,44.72125124110656],[-0.420747522775853,44.721373522150536],[-0.420870409646168,44.72141144698786],[-0.42116791753835,44.721498313184604],[-0.421456668033744,44.721673941279356],[-0.421477141923947,44.721686374928304],[-0.421486196949621,44.72169186231772],[-0.421483568796835,44.721696449259625],[-0.421480740093269,44.721751776592114],[-0.421478125762617,44.72180439387827],[-0.421470896214002,44.721934922229885],[-0.42146288730201,44.72210043891996],[-0.421437741755459,44.722561969258535],[-0.421422990284371,44.72302398939548],[-0.421421677676378,44.72303358205888],[-0.42133426998258,44.72306575114193],[-0.421309777241493,44.72310363519378],[-0.42073184515609,44.72399902780232],[-0.420715947194418,44.723976630139695],[-0.420687183949729,44.72393597644938],[-0.420613216769205,44.72383165735197],[-0.420566640735071,44.72377244992567],[-0.420532584696235,44.72372997725629],[-0.420299068802805,44.72349830088973],[-0.420145945327256,44.7233331674255],[-0.41999444726394,44.723163567980336],[-0.419932286282336,44.723089162042314],[-0.419886104678439,44.72301146883423],[-0.419854862484508,44.7229466509075],[-0.419836372092865,44.7229169438981],[-0.419807997797204,44.72288474872757],[-0.420006316406782,44.72243769361097],[-0.420006321874437,44.72243778355599],[-0.420072254581208,44.72229354650027],[-0.420072249113461,44.72229345655525],[-0.42007212295332,44.72229346045344],[-0.420065048256627,44.72228728096115],[-0.419924171189042,44.72223621370736],[-0.420072138205445,44.72164914520575],[-0.419573455007783,44.72144656738539],[-0.419616303223366,44.72123653977422],[-0.41969271556757,44.7211565908948],[-0.419827966423273,44.72101949408533],[-0.419927979907462,44.72091403449141],[-0.420158393012549,44.72101586263535],[-0.420332655565826,44.72109221108482],[-0.420514794660059,44.72117128962573]]],[[[-0.419656774044698,44.72536890767331],[-0.419690490066837,44.72535795352187],[-0.419775197251567,44.72532911338503],[-0.419818037576385,44.72530814498522],[-0.419967712683203,44.725177361015305],[-0.420054282131645,44.7251043072294],[-0.420154589867017,44.725016050179924],[-0.420342742103411,44.72483622622399],[-0.42103153226891,44.725021572187416],[-0.42106794834776,44.725032161540156],[-0.421080432603038,44.72503583083194],[-0.421096388983782,44.72504047418021],[-0.421091428391223,44.7250503598183],[-0.420915101239519,44.72540175737295],[-0.420754839516706,44.72572012695915],[-0.420728247351057,44.72571103618442],[-0.420675068514566,44.72569294456098],[-0.420385023721898,44.72559404069361],[-0.42008849975155,44.726014393382755],[-0.419807838777779,44.726419206079726],[-0.419683833118902,44.72660218385817],[-0.419145676253887,44.72627285994001],[-0.419230387907153,44.7261255201476],[-0.419467927846613,44.725703747968474],[-0.419489591749988,44.72566919585493],[-0.419585371574205,44.725683178454666],[-0.419710412483021,44.725444478328264],[-0.419735655458607,44.72539602814126],[-0.419656774044698,44.72536890767331]]],[[[-0.41886553367595,44.720311193954245],[-0.419011762929981,44.72039219503653],[-0.419053228850117,44.72042146273443],[-0.419078115899849,44.72043997832177],[-0.419214688519459,44.720590845364526],[-0.419309146351642,44.72069552330458],[-0.419370438452069,44.72076400874732],[-0.418870165739028,44.72098645419714],[-0.418813734736039,44.72086275876646],[-0.418680968475953,44.72056443752762],[-0.418557764130613,44.72026537030573],[-0.418607871170622,44.72025796528145],[-0.418656968498124,44.72025266403924],[-0.418680537292673,44.72025364822859],[-0.41871135116269,44.72025738238692],[-0.418790139307666,44.720274773829445],[-0.418830055583931,44.72029102296257],[-0.41886553367595,44.720311193954245]]],[[[-0.41768902336796,44.72370192634636],[-0.417984999000945,44.72382795813521],[-0.41819044524224,44.723907762866524],[-0.418283041578245,44.7239401379177],[-0.41812543601515,44.723414053751526],[-0.418408040706292,44.72338036484328],[-0.418587661755534,44.72335760567624],[-0.418995250985505,44.723311043666115],[-0.419017610580311,44.723587453408214],[-0.41897849831698,44.7237508666425],[-0.418928762783462,44.723955790073646],[-0.418874231854971,44.72408804951739],[-0.418831503051341,44.72417948323615],[-0.41863753646932,44.724571522234825],[-0.418555855382326,44.72473543900475],[-0.417721947730384,44.72437081652878],[-0.41768307625891,44.72444879378925],[-0.417667434861978,44.72448261888122],[-0.41740063622635,44.72500342412797],[-0.417357332885988,44.724985566765234],[-0.416568785104673,44.7246330523775],[-0.416904250931732,44.72406480243665],[-0.416869670715254,44.7240448733632],[-0.416869796879541,44.724044869468656],[-0.417254952848228,44.72349986579221],[-0.417255079011267,44.72349986189723],[-0.41744017050328,44.723587956023586],[-0.41768902336796,44.72370192634636]]],[[[-0.41486893422961,44.722207108237576],[-0.414952864039635,44.722107196019785],[-0.415021314276398,44.72202713577573],[-0.415081262083,44.72196734306147],[-0.415284104281021,44.72176706959499],[-0.415327731589839,44.721713277252604],[-0.41535933318301,44.7216675156289],[-0.415408404128836,44.72158471889246],[-0.415584291191421,44.72127984353561],[-0.415608644249936,44.72126251110585],[-0.415682412265081,44.721205535653574],[-0.415794531004685,44.72115152185649],[-0.415945867728659,44.72107728360302],[-0.416061068833567,44.72106363545762],[-0.416179231029452,44.721032143393785],[-0.416317461498615,44.72102724613353],[-0.416457578845006,44.721022200344485],[-0.416629343377345,44.72104501388795],[-0.416750267050866,44.72106732399045],[-0.416649553523075,44.72133410577192],[-0.4166112519519,44.72143810787609],[-0.416571499225627,44.72155359920863],[-0.416551665488721,44.72170154743795],[-0.416541129986847,44.72180280006517],[-0.416534505784092,44.72188104306458],[-0.416719514253069,44.72190335764218],[-0.417325914735422,44.721833903131746],[-0.417443651166277,44.72182035553347],[-0.417456606260106,44.721915025623225],[-0.417490556035294,44.72215764520219],[-0.417484836611713,44.722173771940525],[-0.417456524581028,44.722209159680915],[-0.417474317577779,44.722327290239896],[-0.417362615892663,44.7223548895084],[-0.41719074339888,44.72239696224592],[-0.417105550026282,44.722430231057935],[-0.41704515166497,44.7224555252446],[-0.417024605400177,44.72227331859818],[-0.416701487879459,44.72232249265783],[-0.416652629431144,44.72232967799177],[-0.41662811712373,44.72232565859933],[-0.416170419982726,44.72226922657812],[-0.416079903801644,44.72243341394796],[-0.415787372402672,44.72296140701728],[-0.415956158788688,44.723024594561316],[-0.415818651246162,44.72323925379771],[-0.415660353818857,44.72349249229255],[-0.415660227655725,44.72349249618572],[-0.415634799571667,44.72348589151778],[-0.415524213903817,44.72345280783354],[-0.415282864663997,44.723379062382776],[-0.415242675617026,44.72337291307461],[-0.415151325673246,44.72336518828451],[-0.414975762700144,44.72336736081416],[-0.414839003296059,44.723367434811195],[-0.414730122232865,44.72336034063812],[-0.414639654918074,44.72335466081566],[-0.414578576302185,44.72335420205971],[-0.414552447218525,44.72332563102501],[-0.414467588211787,44.72325615777074],[-0.414387846268436,44.72318977070808],[-0.414589561320189,44.72270216077786],[-0.414663980342409,44.72252882918501],[-0.414508316414346,44.72246938019835],[-0.4145568628735,44.72244247054681],[-0.414629838961979,44.722401560520396],[-0.414695403020439,44.722365565017824],[-0.41486893422961,44.722207108237576]]],[[[-0.414896755779357,44.730378673978805],[-0.415266338501313,44.73028824264699],[-0.415495721581042,44.73041426408846],[-0.415670716364591,44.73056476207679],[-0.415796552692241,44.730671809749644],[-0.415865312907028,44.7307382648678],[-0.41592741965145,44.730801320692805],[-0.415976114365242,44.73086001430193],[-0.416131404911099,44.73076510832732],[-0.416744657366687,44.73038230191688],[-0.41681032433357,44.73033954357302],[-0.416232190429721,44.729858064294035],[-0.416229852547296,44.7298195676404],[-0.41621449874455,44.729772821711805],[-0.416201136505763,44.72974638009097],[-0.416182879595232,44.7297246853316],[-0.416149215994639,44.72969075993502],[-0.416120135763179,44.72966777711457],[-0.416057913665054,44.72962986682211],[-0.416010170257936,44.729607640120015],[-0.415964701319229,44.72959372381576],[-0.41590912132155,44.72958192177295],[-0.415823125983902,44.72951473697186],[-0.415239974295,44.72904818669808],[-0.415232310107804,44.72903022013209],[-0.415250111875221,44.728990291127765],[-0.415740176215704,44.728311030927536],[-0.415817068582092,44.72821584091558],[-0.415869957422109,44.728172936718025],[-0.416199186177456,44.727919919894006],[-0.416364322715876,44.72779578299431],[-0.416625367028673,44.72760028920611],[-0.416766141367493,44.72749132183093],[-0.416811430650994,44.727450273771545],[-0.416860054706623,44.7273892075701],[-0.416873726523447,44.72738328860926],[-0.41689644571546,44.7273057201129],[-0.416892807800216,44.727287449155654],[-0.416908264694095,44.727250565997494],[-0.41694564128281,44.72719579445715],[-0.417040578721413,44.72707517505298],[-0.417154595509379,44.72692945558424],[-0.417200796093193,44.726882611925255],[-0.417312568606219,44.72680400635766],[-0.417694540707633,44.7265392637197],[-0.417896132248206,44.72639318248305],[-0.417921365971926,44.72636951438752],[-0.418204885054212,44.726046892707274],[-0.41832920022586,44.725893915134314],[-0.418355528939957,44.72587787280681],[-0.418381234014626,44.72587861093524],[-0.418427591421343,44.7259071872993],[-0.418844509113703,44.72616149936619],[-0.419418414090285,44.726511257634854],[-0.419713079119906,44.7267006761995],[-0.419746787149352,44.72670621317579],[-0.419799780629995,44.726694212890436],[-0.419875987581223,44.726662751677424],[-0.42000061025533,44.7266042922873],[-0.420052862971657,44.726592585105486],[-0.420284884530992,44.72655207403498],[-0.420393263094094,44.72652583627077],[-0.420449707371829,44.726510304701506],[-0.420642462123616,44.72644144876481],[-0.420734790588642,44.72640903818438],[-0.420771643719777,44.72640393430057],[-0.420803196233747,44.72640728471073],[-0.420831198480455,44.72641669236053],[-0.420848273601113,44.72642517609336],[-0.420857269164324,44.72642967414731],[-0.4209187273586,44.7264737330603],[-0.4209754517407,44.72651685687008],[-0.421012949932577,44.72655561856273],[-0.421026338120905,44.726567910895405],[-0.421145877781174,44.72667739982876],[-0.421443566881965,44.72696215146555],[-0.421500530763352,44.72702166842149],[-0.421553522252677,44.727086534761504],[-0.421697581551325,44.72731646890043],[-0.421740635762856,44.727400836668984],[-0.421750861831261,44.72742971757485],[-0.421763703329191,44.7274662674568],[-0.421775051310146,44.72751151446991],[-0.421775932137337,44.72752599563162],[-0.42178213076634,44.72762790343622],[-0.421795140563539,44.72787711769569],[-0.421801371531349,44.72805021476157],[-0.421804367769852,44.728178444821545],[-0.42192459258859,44.72849238119551],[-0.421940368271825,44.728535598949314],[-0.421977962474752,44.728638248451105],[-0.421981560842691,44.72867454337971],[-0.421984923943914,44.72870697066801],[-0.421939268035802,44.728725323484475],[-0.421886529243317,44.728747770139],[-0.421878866769458,44.728740257172205],[-0.421865964482541,44.72873804268875],[-0.421853193169466,44.72874005952557],[-0.42184514401279,44.728749049419534],[-0.421851939002544,44.72876100480263],[-0.421791311665154,44.72878261388437],[-0.421706484741929,44.72881371202777],[-0.421668498643996,44.72882723182639],[-0.421406056875175,44.72892266421309],[-0.421322420838106,44.728852797293165],[-0.421200589763932,44.72892604067974],[-0.421129195203946,44.72896807762608],[-0.421150433470723,44.72898472319407],[-0.421215871756754,44.72902974044244],[-0.421215024302767,44.72904490582585],[-0.421215636968535,44.729054979686126],[-0.421236145593483,44.72907209836116],[-0.421286500212198,44.72910397449244],[-0.421306259434176,44.729108770665185],[-0.421327297891528,44.729107579757475],[-0.421349653870608,44.72910103138484],[-0.421690708347169,44.729339926300625],[-0.42173575686255,44.729315734947086],[-0.421837029371464,44.729261960338036],[-0.422128052138649,44.72910436568853],[-0.422171369577626,44.72906211469015],[-0.422028205684898,44.728853239885815],[-0.422028326388095,44.72885314604026],[-0.422171490281032,44.72906202084442],[-0.422252882278091,44.729142770260225],[-0.422233415542421,44.72916148504223],[-0.422374487302644,44.729286077340404],[-0.422407029459834,44.72932228847698],[-0.422495013649789,44.72941995565967],[-0.42256917659264,44.72949822495319],[-0.422593628849642,44.72952405267393],[-0.422596233842172,44.72952946910735],[-0.422601026992671,44.72953968406143],[-0.42261133721282,44.72956162353078],[-0.422616561772905,44.7295851620667],[-0.422609283006912,44.729615124838546],[-0.422590197753784,44.7296504990412],[-0.422331517063615,44.72992415353779],[-0.422337676259445,44.729933965815526],[-0.422342140751986,44.729940856712346],[-0.422130432138274,44.73015547548335],[-0.42196656747101,44.73032121476315],[-0.421878799479298,44.73040998694857],[-0.421727794650163,44.73056271233353],[-0.421623165120568,44.73066525228107],[-0.421369164367365,44.73091415848572],[-0.42134709583805,44.730935837164346],[-0.421222810479971,44.73105817852513],[-0.421208612347699,44.73105960856728],[-0.421184875956076,44.73104970863422],[-0.420981335544259,44.730941463419306],[-0.420884232089805,44.73103683124558],[-0.420858465078293,44.73106213856603],[-0.420605773258097,44.73090855208488],[-0.420593316609617,44.730897041898054],[-0.419968558898019,44.7303812461251],[-0.419428876003149,44.7308073063149],[-0.419381227219259,44.73084698652223],[-0.419410788903345,44.73085913997975],[-0.419540264911412,44.73088451785992],[-0.419755003070513,44.7309191568476],[-0.41984677602238,44.73093362375989],[-0.419888039740502,44.730944874908694],[-0.41992821666693,44.73095904327241],[-0.41997273637595,44.7309843417401],[-0.419932022241733,44.731023717846284],[-0.419894961796681,44.73106289095072],[-0.41984171296347,44.73104164690849],[-0.419807931472974,44.731089009198186],[-0.419771500461179,44.73110734642535],[-0.419840296526604,44.73115766769108],[-0.419865953178944,44.73116588652944],[-0.419767089793852,44.73127185104786],[-0.41986637249642,44.731320419506496],[-0.419809052786366,44.73138193596036],[-0.41971615471024,44.731475821068905],[-0.419623213417874,44.73156484125891],[-0.419566783190564,44.731620202332536],[-0.419550217713301,44.731634681732906],[-0.419482314939054,44.731694722618954],[-0.419418494417648,44.73175121302746],[-0.419328992337022,44.73183859477928],[-0.419300944765342,44.73182432188703],[-0.419103083069597,44.732002911633586],[-0.419128607040089,44.73201726251953],[-0.419089878555297,44.73205189102256],[-0.419059556341834,44.73207923097898],[-0.418878479278069,44.7322386482619],[-0.418781515302848,44.73232184438201],[-0.41830946394159,44.732733734675534],[-0.418017188023009,44.732987689367334],[-0.417858038808823,44.732983771702784],[-0.417430965142568,44.73297505817468],[-0.417339923725602,44.732964351380915],[-0.417192112906859,44.73294521392759],[-0.417136951607625,44.732934120365925],[-0.416980485679037,44.7328848813171],[-0.416960665914849,44.73287702232407],[-0.416753301907714,44.73279529077487],[-0.416621931946859,44.7327408611088],[-0.416444789161532,44.73267171344389],[-0.416304345497939,44.73261774366774],[-0.416194345644425,44.732582118705444],[-0.41595826785012,44.73242305276537],[-0.415853269101932,44.73235735529478],[-0.415774966603261,44.732310749247844],[-0.4156699272261,44.732254785192396],[-0.415520501917816,44.732190277914135],[-0.415385489353176,44.73214452009158],[-0.415233572859945,44.732103518955114],[-0.415143582497368,44.732068447200746],[-0.415041893578701,44.73202184120306],[-0.41497129966367,44.73197724968426],[-0.414796208248547,44.731810623009316],[-0.41459459183019,44.73162769258577],[-0.41454939639452,44.73157456762762],[-0.414490114865126,44.73149556383293],[-0.414463055727994,44.73144548402182],[-0.41444856618209,44.73141087658406],[-0.414413823484974,44.73133417978304],[-0.414389055391014,44.731180218000766],[-0.414305425563547,44.730718800544345],[-0.414244503999789,44.730458628119486],[-0.414240862173341,44.73038196336197],[-0.414239107667122,44.73028640658584],[-0.414245254226711,44.73024188095878],[-0.414265762195563,44.73016320978671],[-0.414293568979461,44.73009440625961],[-0.414896755779357,44.730378673978805]]],[[[-0.412749150571511,44.73379272389321],[-0.412938341084564,44.73365415377969],[-0.413130243429582,44.73352487157013],[-0.413214115271207,44.7334632611108],[-0.413425388927854,44.73357822085802],[-0.413556572470781,44.733469193233574],[-0.41358317675823,44.73344719612669],[-0.413650361436757,44.73344809829037],[-0.41366045982784,44.733454094889815],[-0.413749715947593,44.73350829471841],[-0.413801826928857,44.733464965044476],[-0.413879581625307,44.7334004788092],[-0.413949899931542,44.73343426589103],[-0.414024647178579,44.733372305368796],[-0.414087952587899,44.73331970904738],[-0.414038007088317,44.733296648162785],[-0.413936939385593,44.73324155121523],[-0.413913715037942,44.7332629936149],[-0.413878476831701,44.73329895437987],[-0.413811457684548,44.733367435046034],[-0.41377899489623,44.73335122429364],[-0.413532659566692,44.73323347142046],[-0.413786874957514,44.73305820089187],[-0.413867113957625,44.732995079875565],[-0.414046101978953,44.732832221231135],[-0.414316572547171,44.73257282231098],[-0.414546905351973,44.73234575000651],[-0.414639231151272,44.73227351453046],[-0.414811675689124,44.73212788793129],[-0.414860551192771,44.73209168641135],[-0.414901131487603,44.732075025150614],[-0.414926363694318,44.73207001145702],[-0.414952686672899,44.73206838844339],[-0.415076392596678,44.73211116134765],[-0.415468414713627,44.732236040800025],[-0.415583177099341,44.73228557730079],[-0.415642952547075,44.732312299205155],[-0.415754149759272,44.732380148580845],[-0.415970462467517,44.732530182598545],[-0.41609201463761,44.73261240075011],[-0.416103585267538,44.73263222927124],[-0.416100813025877,44.73265943916058],[-0.416067438225189,44.73268858461144],[-0.415947531158739,44.73277293663326],[-0.415880298897939,44.73282953014978],[-0.415780523870065,44.73292065015431],[-0.415502484675846,44.73316983310744],[-0.41543634174873,44.73323188968599],[-0.415519528805421,44.73327564189888],[-0.415896921215392,44.7334467494895],[-0.416016805341046,44.733309951837256],[-0.416304083733921,44.73299019340184],[-0.416356317301425,44.73293018756255],[-0.416476703946003,44.732793373862016],[-0.416770906076042,44.73290820116167],[-0.417071857283497,44.733023810661656],[-0.417131174727914,44.73304504898842],[-0.417199743965213,44.73305834200565],[-0.417287004932714,44.73307132835323],[-0.417489265230456,44.73309815674701],[-0.417822370133694,44.733112474606706],[-0.417581938315384,44.73342286103462],[-0.417382920761203,44.733684568442925],[-0.417320736725227,44.733761823413154],[-0.417872704247572,44.73399286853325],[-0.418136848209455,44.733708603366516],[-0.418481566944805,44.73389107444998],[-0.418083792880905,44.73436672373595],[-0.417828580759364,44.7346836047006],[-0.417711255648178,44.73481672085772],[-0.417424237705613,44.73516576220213],[-0.417158931575366,44.73547060741478],[-0.417101221803625,44.73543841556116],[-0.416873194761817,44.73567227087563],[-0.416462289979589,44.7360945208806],[-0.415901542733175,44.73667260415085],[-0.415352414231184,44.73723608788563],[-0.414833252600189,44.73776647363484],[-0.414364025925168,44.73826359664117],[-0.41413985242957,44.738488405718584],[-0.414128529826547,44.73849974879831],[-0.414126539217623,44.7384961154993],[-0.413984188030223,44.73823178449302],[-0.413891584285977,44.73806423400367],[-0.413689992003373,44.73772161790408],[-0.413553510786769,44.73747269529781],[-0.413421802659606,44.737246153955624],[-0.413285255022197,44.73700651493391],[-0.413137600531076,44.73674216648877],[-0.413001292158643,44.73651684799707],[-0.412742277987777,44.73605488756639],[-0.412625329922644,44.73584438148055],[-0.412448275813315,44.73552461737279],[-0.412339245072619,44.7353362153314],[-0.412282737425371,44.73527794106044],[-0.412287162332637,44.7352529332146],[-0.412234760439853,44.735189395882095],[-0.412131124754059,44.73517952345581],[-0.411775656642716,44.7351510084994],[-0.410866664504393,44.73508439738541],[-0.4108558431903,44.735074818243206],[-0.410852943799658,44.73506661708821],[-0.410896086624264,44.73502753017842],[-0.411159458521662,44.7348216155713],[-0.411490888524249,44.7345643108108],[-0.411953257016656,44.73426268875153],[-0.412193477118262,44.73411497773141],[-0.412749150571511,44.73379272389321]]],[[[-0.412060684359761,44.73527712512158],[-0.41199583330894,44.736142145552165],[-0.41198031670613,44.73635529282656],[-0.411960306654884,44.73666527094139],[-0.411951296171386,44.73684811965214],[-0.411758678862972,44.73684495395193],[-0.411712574648518,44.73684565376666],[-0.411642356592624,44.73684691639775],[-0.411552661112485,44.7368480582492],[-0.411386220404922,44.73684498643602],[-0.411132097873885,44.7368429037277],[-0.411153352800439,44.73643871841692],[-0.411191085127466,44.73595184152536],[-0.41123722137528,44.735201212553385],[-0.41151391871111,44.7352191801324],[-0.411759876447528,44.735234760104156],[-0.411895522655594,44.73525337869786],[-0.412060684359761,44.73527712512158]]],[[[-0.410509160849105,44.73056646991935],[-0.410594608096853,44.73048291528186],[-0.410681198398504,44.73039319762029],[-0.410666734974483,44.73036940262763],[-0.410138932583881,44.72954535214743],[-0.409882506112609,44.729133501502595],[-0.409699937613574,44.72918931831388],[-0.409278442913505,44.72876110364525],[-0.4092917389325,44.72875105199833],[-0.409464489124383,44.72866048402623],[-0.409564472265041,44.72860612989185],[-0.409687415158653,44.72854683312858],[-0.409746248511557,44.728522672771376],[-0.409784643050959,44.72850959513211],[-0.409906728799485,44.72848204452557],[-0.409995806555689,44.72846884739754],[-0.410067801681826,44.72846996381962],[-0.410094842700731,44.72845101797054],[-0.409873392866547,44.72831789304545],[-0.409797990481632,44.72827515883446],[-0.409698827737425,44.728236670871766],[-0.40948731742536,44.72816739999022],[-0.409481481503221,44.72816496644037],[-0.4094788871545,44.72816387486861],[-0.409180960654263,44.728036978982615],[-0.409182129726555,44.72803541104707],[-0.409183304249688,44.728033933057226],[-0.409239346374631,44.72796372075489],[-0.409375566106516,44.72779813192039],[-0.409389498314039,44.72777355237149],[-0.409394175352862,44.727765207983296],[-0.409396864851756,44.727747012312015],[-0.409415747396437,44.72761639679665],[-0.409425331505892,44.727557617876464],[-0.409425716269164,44.72755562352646],[-0.409458075435088,44.727357458294954],[-0.409490776564826,44.7272400243159],[-0.409531361827711,44.72710459511092],[-0.409981568994068,44.72722463627937],[-0.410027129969779,44.727129604711706],[-0.410206443908842,44.72674704532121],[-0.410414140166272,44.72632810641821],[-0.410588065470434,44.7261027804176],[-0.410684011419358,44.725971502391914],[-0.410769987153416,44.72574041525427],[-0.410790351348709,44.72567391472043],[-0.410905592875113,44.7255460970412],[-0.411029668794678,44.72534717769319],[-0.411208167374685,44.72506394687207],[-0.411645242724036,44.724698763101216],[-0.411254939838559,44.72430311810087],[-0.411381210325307,44.72407583502479],[-0.411419452240083,44.724018605777005],[-0.411453055839154,44.723970350599565],[-0.411495194207316,44.723923184071026],[-0.411562076618503,44.72386092683135],[-0.411646196409654,44.72379110940273],[-0.411752677819523,44.723710690165184],[-0.411804539261454,44.72371756231918],[-0.411920826673842,44.723738398693506],[-0.412071061682348,44.72377918497142],[-0.4120793006516,44.723860844280566],[-0.412080946127029,44.723877554691384],[-0.412183412363301,44.72392684218845],[-0.412236919239874,44.724033779671636],[-0.412465907242813,44.72417883226805],[-0.412442658773233,44.72424983763922],[-0.412537301705194,44.72428891284372],[-0.412730095999634,44.724358213828694],[-0.412815550295357,44.72438333414466],[-0.413005469090133,44.724423977064745],[-0.413395099163394,44.72420623305951],[-0.413768293296837,44.72463006350624],[-0.41398062909513,44.72488178075197],[-0.414238467958882,44.725173005814725],[-0.414324870195417,44.725263698623216],[-0.414420652769421,44.725354822940595],[-0.414581479953929,44.7254929626546],[-0.415133955705359,44.72594838566167],[-0.415711461176838,44.72642033578697],[-0.415847458370816,44.726528331018756],[-0.416109519634531,44.72674516826773],[-0.41615078499543,44.726777327051934],[-0.416536453342707,44.727050004132956],[-0.416751155543518,44.72720504174604],[-0.416765699826304,44.727219731965455],[-0.416786477486276,44.72724963926934],[-0.416794396074348,44.727282196334],[-0.41679257371003,44.72730838563391],[-0.416779277508896,44.72734754504447],[-0.416761447187448,44.72737657141185],[-0.416732035828911,44.727408478425865],[-0.416692123274959,44.7274464768496],[-0.416527965086298,44.72757004339691],[-0.41580525581853,44.72812122532444],[-0.415759697651588,44.72815786565667],[-0.415719931366791,44.72819829226674],[-0.415550302886855,44.728429622100485],[-0.415270012575462,44.728820443174385],[-0.415142405400099,44.72900064287477],[-0.415094901385517,44.729046895017795],[-0.414465357034386,44.72971729768919],[-0.414293844525059,44.729905248622664],[-0.414246075249139,44.72993465724886],[-0.414252035889453,44.729943304575535],[-0.414253097437756,44.729952463455696],[-0.414234796023714,44.729990425186024],[-0.414194233091014,44.73006358712658],[-0.414150033841798,44.73015182011053],[-0.413736220690164,44.73005085798979],[-0.413683566075281,44.730106009360924],[-0.413498030800955,44.730283757945884],[-0.41334443399432,44.73019828999412],[-0.413225212536909,44.73030433533844],[-0.413355328376094,44.730375748790024],[-0.413175007971077,44.73053738583968],[-0.412995488231128,44.73043928967477],[-0.412856366949243,44.730565322595055],[-0.412879167303088,44.73058065994958],[-0.41280308163282,44.730649689856364],[-0.412779967731338,44.73067085827156],[-0.412943525708238,44.73076214767829],[-0.412980741399282,44.73078379913599],[-0.413033191448807,44.7307377559362],[-0.413047234087385,44.730725427959065],[-0.413099184109095,44.73068156287528],[-0.413156048431921,44.730710358276454],[-0.413230541230856,44.73064633349134],[-0.413294106860036,44.730683483025516],[-0.413321840740464,44.73065928840355],[-0.413535106356455,44.73047392653361],[-0.413652297813778,44.7303677632124],[-0.414162040046347,44.73065581752803],[-0.414206083107551,44.730798281057496],[-0.414225915702652,44.73092509052711],[-0.414264228395421,44.73117100139314],[-0.414278341985785,44.73127023215744],[-0.414291583427559,44.731332182638575],[-0.414312267117286,44.7314021940742],[-0.414319141491173,44.7314196443955],[-0.414356205121025,44.731495008047986],[-0.4143797845287,44.73153149788133],[-0.414417493833733,44.7315758423954],[-0.414487577817949,44.73165370202269],[-0.414558296534808,44.73171910630441],[-0.414752832460363,44.73191451071392],[-0.414805544093639,44.73196857524824],[-0.414816237513801,44.73198437580864],[-0.414822646798752,44.731998326008664],[-0.414821078705883,44.73201414433177],[-0.414814036820729,44.73202517522839],[-0.414801189948941,44.73203845780692],[-0.41470552453591,44.73210773256385],[-0.414570422578573,44.7322021038222],[-0.41446687986716,44.732285318653865],[-0.414422902020615,44.73232515372326],[-0.414334072550836,44.73240917622662],[-0.414213267224815,44.732537079069964],[-0.41416805260432,44.73258362060909],[-0.414120845644537,44.73263274676295],[-0.413982879579513,44.73275703331551],[-0.413790792172419,44.732914438381854],[-0.413618159553937,44.73304871471307],[-0.413495071898722,44.73314947265884],[-0.413402981132781,44.7332152116604],[-0.413106223330798,44.733424864672564],[-0.412825635519138,44.73362185297748],[-0.412594865430808,44.7334709969456],[-0.41253389182517,44.73348495171839],[-0.412581677413976,44.73351826272542],[-0.412581551228158,44.733518266615086],[-0.412431012836898,44.73361878810284],[-0.41237851392776,44.7336536583429],[-0.412333313302262,44.73368379790668],[-0.412157684655727,44.7338021238816],[-0.412376791943586,44.73390035332023],[-0.412376918130275,44.73390034943078],[-0.412056977525576,44.73409683646263],[-0.411729704894231,44.73429336823789],[-0.41127533317797,44.73401810394888],[-0.411075716372423,44.73420997929842],[-0.410845131113916,44.73442281365129],[-0.411044177858819,44.73452797176387],[-0.41120825116783,44.73461303037894],[-0.411238145809461,44.73463067273091],[-0.411059451701102,44.73476107644813],[-0.410642272013836,44.73457585884508],[-0.410378310489314,44.73445720012877],[-0.410267372068792,44.734408171207434],[-0.410209992222258,44.73438759045757],[-0.409840021608734,44.73467239151027],[-0.409505820538041,44.734923738800454],[-0.409323792293295,44.734880322537954],[-0.40918102385985,44.734840112622386],[-0.408986603395382,44.73477995579662],[-0.408812046492554,44.73471378021271],[-0.408982747534471,44.73458074275832],[-0.409328259271351,44.73430742145553],[-0.409681246978953,44.73403026419691],[-0.409547784863832,44.733976701699184],[-0.409443697300968,44.73392178385406],[-0.409361297595944,44.73388052612432],[-0.409281220036948,44.73383586261637],[-0.409217629284975,44.73380456888024],[-0.40906430193359,44.733723592182],[-0.408754604877258,44.73394741884037],[-0.408523075950196,44.73411350810719],[-0.408162586624891,44.7343796282051],[-0.408011047653795,44.734298955431356],[-0.407950737968109,44.7342675599665],[-0.407703105353415,44.7341491133678],[-0.407447832328177,44.734015131510304],[-0.407365372916439,44.7339624297311],[-0.407226769644616,44.733863605435424],[-0.407094924365713,44.73374276549178],[-0.406967885493072,44.73360943192596],[-0.406948192922392,44.733589041458444],[-0.406780040074717,44.73336758018275],[-0.406618590798052,44.73312527640654],[-0.406539510260829,44.73300308261405],[-0.406942589537931,44.732797294962474],[-0.407216778386642,44.732657200561015],[-0.406916048759819,44.73233195383049],[-0.407028523182251,44.73228749073294],[-0.407272499666649,44.73219338275959],[-0.407557311309522,44.732093061064035],[-0.407610502023271,44.73207376154554],[-0.407592522970763,44.73206287051822],[-0.407764841905042,44.731998361611836],[-0.407863785006409,44.73201018463377],[-0.408041226805242,44.7320281518356],[-0.408380315631977,44.73205168542458],[-0.408466850266079,44.73206109641837],[-0.408810469322034,44.7322699432786],[-0.408990557162436,44.73235658430621],[-0.408979493161189,44.73238053480189],[-0.408950086260014,44.73242514549104],[-0.408850368282347,44.73248399644039],[-0.408680901680701,44.73257680504191],[-0.408458857765364,44.7327032225149],[-0.408294026820511,44.732793274470545],[-0.40809198714694,44.732911866204475],[-0.408268092968401,44.73303918221923],[-0.40847672945118,44.7331754990591],[-0.408493253102388,44.7331915712562],[-0.408849423453191,44.733505194637274],[-0.408972216440387,44.73360594560729],[-0.408986431658397,44.73361938540994],[-0.409407425790121,44.733281651043775],[-0.409694728106782,44.733055538406184],[-0.409988512186314,44.73325753628568],[-0.410394390619514,44.73348383549439],[-0.410672506135112,44.733652521706965],[-0.410831499188447,44.73346829678099],[-0.410964368164744,44.73330776542903],[-0.410989661570928,44.73331834047232],[-0.410977501032511,44.73328041675048],[-0.410643021071449,44.73314122289245],[-0.410164810834246,44.732937518484334],[-0.410283181347111,44.73272967427785],[-0.410543599694302,44.73233965937067],[-0.410636710746463,44.73218855360372],[-0.411099593227093,44.73136822389375],[-0.410816609303145,44.73118788428951],[-0.410555052272733,44.73101688654138],[-0.410316470210832,44.73085157854905],[-0.41033282857262,44.73068977098434],[-0.410509160849105,44.73056646991935]]],[[[-0.409439885720261,44.73903361216614],[-0.409499842621999,44.73899860391387],[-0.409563812037034,44.73897347471527],[-0.409621927203867,44.73894771473585],[-0.409951026206743,44.738874589851264],[-0.410115430654888,44.73879184807193],[-0.410500043702176,44.73861256952035],[-0.410565742319743,44.73858261041083],[-0.41070435537302,44.738535356089905],[-0.410827146209123,44.73849823121821],[-0.411040388877586,44.738453633636475],[-0.411127893946025,44.73844760349062],[-0.411278428376513,44.73844891307035],[-0.411378101828012,44.738462152675126],[-0.411794690529665,44.73854123254745],[-0.41219466055766,44.73862145385837],[-0.41257678693099,44.73880765727294],[-0.412878577568863,44.73901174533648],[-0.413274350406114,44.73928106171642],[-0.412928749438804,44.739626038977796],[-0.41286048555917,44.739699153146816],[-0.412670252174377,44.739893805950004],[-0.41247479754647,44.74009411628499],[-0.412106472311306,44.74046691550441],[-0.411867549362134,44.74070524069481],[-0.411733702582021,44.740841562517346],[-0.411725002697845,44.74085030132026],[-0.4117153586666,44.74086015058446],[-0.411165538792978,44.74069019424373],[-0.411140186025876,44.74068286504674],[-0.41071978623296,44.740555778665],[-0.410713734751375,44.740553982566894],[-0.410698400382916,44.74054922831333],[-0.410157436307751,44.740381337345525],[-0.4100366263937,44.74034693990586],[-0.409946187498351,44.740310886079435],[-0.409400168449432,44.74011584270246],[-0.409397973963529,44.740115099250424],[-0.409063702221377,44.740009144805725],[-0.409074963147471,44.73999050494382],[-0.409208726484241,44.73976930169677],[-0.409036008311525,44.739618992901974],[-0.408799959651284,44.73940421969562],[-0.409069149914477,44.739264635578174],[-0.409157114948305,44.73922236705256],[-0.409228030512454,44.73918458845078],[-0.409439885720261,44.73903361216614]]],[[[-0.40831511779101,44.72008247371979],[-0.408743468267331,44.72041225380153],[-0.409108564154469,44.72070135708166],[-0.409304184778077,44.72048176299926],[-0.409574090848102,44.720180310097334],[-0.409126607845965,44.719831027188356],[-0.409002488000231,44.71973500456653],[-0.409260459336989,44.71961207411638],[-0.409322586160327,44.7195861001796],[-0.409414580488396,44.719554520282756],[-0.409575302536397,44.71951829997573],[-0.409881472019477,44.7195003972494],[-0.409958644334819,44.719487025859436],[-0.410069650909641,44.71946468201559],[-0.41026392683933,44.71940444798135],[-0.410433619413998,44.719418233278084],[-0.410654979345717,44.719433670276345],[-0.410911622243351,44.71945360654328],[-0.41103929993426,44.71945399721563],[-0.411108789926358,44.71944942254796],[-0.411270407846653,44.71941966029688],[-0.411420704437057,44.71939078743303],[-0.411483213644416,44.71938156156311],[-0.411540329492288,44.719377187797164],[-0.411669280886773,44.71937357348643],[-0.411923348507872,44.71936979683666],[-0.412142163851207,44.71936827786251],[-0.412214489302582,44.71961052603241],[-0.412364027344464,44.71973585946864],[-0.412468202000024,44.71983844092963],[-0.412486728405062,44.719860488226054],[-0.41257210848214,44.720007444240096],[-0.412620589946965,44.72009200785686],[-0.413052198385992,44.72019170181466],[-0.413128110386041,44.720209636485556],[-0.413046229275404,44.72036832821616],[-0.413334510535007,44.72052425605012],[-0.413214226727434,44.72058536773356],[-0.413141303044472,44.72062086841113],[-0.413062185345851,44.72066052503552],[-0.412578568051509,44.72090162191336],[-0.412457577493501,44.72098861711128],[-0.412465937316726,44.72110352448806],[-0.412078719229295,44.721248199212354],[-0.412055315748318,44.72126036508854],[-0.411614723205121,44.72147534998166],[-0.411437748312857,44.72154793925219],[-0.411334308056135,44.72155338018039],[-0.411352158191808,44.72150173567558],[-0.410979690123129,44.7215520535454],[-0.410582104041964,44.72160503649758],[-0.410227702821809,44.72134246186945],[-0.410191761836805,44.72137925413858],[-0.410115686916356,44.72145873508091],[-0.409924562075832,44.721316657050345],[-0.409485915881462,44.720994497335944],[-0.409100903484287,44.72071051425729],[-0.408839979513151,44.72099132365724],[-0.408665198494267,44.72118360151548],[-0.40829286679959,44.72158877252636],[-0.407970197313857,44.72194167929835],[-0.407762100729564,44.72186365008524],[-0.407738166436147,44.721856637215794],[-0.407660648552278,44.72184766948474],[-0.407554209095666,44.72183490618386],[-0.407416632571108,44.72181724396097],[-0.40733009838773,44.721805489711386],[-0.407243476883623,44.72177977051946],[-0.407089872508898,44.721737459669875],[-0.406923221090045,44.721677978112965],[-0.406671347641646,44.7215803881032],[-0.406678456066158,44.721568364480596],[-0.406644139732984,44.72155896752313],[-0.406467617115197,44.72149717584311],[-0.406574997016976,44.72132508889755],[-0.406635380339392,44.721228521406076],[-0.406934348027174,44.72102891007708],[-0.407265346354622,44.72080308015324],[-0.407753549363807,44.72046832836926],[-0.40831511779101,44.72008247371979]]],[[[-0.407938655488882,44.729984558112584],[-0.408084787109914,44.72995113289678],[-0.408233613568804,44.72991420019785],[-0.408321563389796,44.729888603536544],[-0.408371258644669,44.7300432404195],[-0.40845988187276,44.730322927955534],[-0.408389385057409,44.73057399239898],[-0.408324637398574,44.73082397865968],[-0.408324469930867,44.73094014032825],[-0.408330023353425,44.73105891939157],[-0.408345218542269,44.73118452059108],[-0.408349041715878,44.73137697581298],[-0.407345604893968,44.73141759719445],[-0.40730467851071,44.73141813594119],[-0.407305220575674,44.73105559214398],[-0.407188796582635,44.7310535884049],[-0.407193260909427,44.73092693149327],[-0.407372144564842,44.73091241436864],[-0.407468115043589,44.7309044140626],[-0.407646944928829,44.730886924395165],[-0.407553032108579,44.73067011814667],[-0.407213065484141,44.73073212712963],[-0.407214140495064,44.73074570119728],[-0.407171006980773,44.730751534429366],[-0.407170874290247,44.730740995221744],[-0.40716718940123,44.73072398704915],[-0.407203894043131,44.7307163691858],[-0.407194827680539,44.730685649149464],[-0.407174690699755,44.7306286863291],[-0.407130716532224,44.73049541003102],[-0.407256374991503,44.730386920644015],[-0.407383639097184,44.73029451201652],[-0.407560594866483,44.7301751616311],[-0.407683759789065,44.73009648596893],[-0.407808422487629,44.73003001950539],[-0.407836926705201,44.73001850863048],[-0.407938655488882,44.729984558112584]]],[[[-0.405910790727757,44.71647275051278],[-0.405933000168179,44.71645548623576],[-0.405942148996149,44.7164667391633],[-0.406037250382519,44.71658258151023],[-0.40609150515458,44.7165560406008],[-0.406097967772325,44.716552147074495],[-0.406637022814183,44.71622700881699],[-0.40720690832541,44.71588307624739],[-0.407629258143039,44.71563235459347],[-0.407665004198784,44.71561115874527],[-0.4076690580719,44.71560923166326],[-0.407688076867983,44.71559981498263],[-0.407953923133674,44.71547988886576],[-0.407987684173262,44.71545722210856],[-0.40841278367229,44.71521236009654],[-0.408447347783732,44.715196697284924],[-0.408462482227952,44.715189923260866],[-0.40846559143629,44.71519117920221],[-0.408492824769835,44.71515672826883],[-0.408736628887759,44.71481904471304],[-0.408817434132572,44.71474266306809],[-0.409061187691087,44.714525191253976],[-0.409173981364693,44.71442403409729],[-0.409598963330926,44.71405021888327],[-0.409636265580638,44.714071417721314],[-0.409792405693195,44.714160054503346],[-0.409946188837267,44.71401167587954],[-0.41016104763674,44.71379716436788],[-0.41050652111528,44.71345868666415],[-0.410686295773306,44.71347855833196],[-0.410806904199472,44.713502235702684],[-0.41087053954486,44.713515864051494],[-0.410889978672462,44.71352382568754],[-0.41092257169535,44.71354030311834],[-0.41099754038312,44.71359287146373],[-0.41115527422022,44.71370569767578],[-0.411299679457715,44.7138092022968],[-0.411389401277221,44.71386329814502],[-0.411443472617958,44.713892179792765],[-0.411567547353236,44.71391881337721],[-0.411743350908963,44.71397737428806],[-0.411920484345507,44.714045355828624],[-0.412037788676331,44.714097879923216],[-0.412106540790219,44.714131264882454],[-0.412202138052566,44.71418427783881],[-0.412341935116935,44.71426800825035],[-0.412347840632443,44.71427161092406],[-0.412483398370962,44.714372953871056],[-0.412554562156606,44.714429423339126],[-0.412621404487004,44.71448548534158],[-0.412891613227105,44.71473568820068],[-0.412922558222564,44.71476456144257],[-0.412905372729688,44.71477293127261],[-0.413061364926631,44.714969433961585],[-0.413133858670153,44.715056140193425],[-0.413319430212802,44.71528813617767],[-0.413456383437778,44.71548324312624],[-0.413626160439321,44.71559650579024],[-0.413758067343606,44.715691742174116],[-0.413944719219125,44.71588522554028],[-0.414159911044442,44.716107475562325],[-0.414238004537077,44.71618643892808],[-0.414387733257744,44.71631915275852],[-0.415109638508262,44.71710006117651],[-0.415204636231288,44.717226352663424],[-0.415096740897122,44.71726653843063],[-0.414973875544143,44.71731412473785],[-0.41458679367561,44.717460516989426],[-0.414550557790447,44.71747362002394],[-0.414253569432812,44.71755307068126],[-0.413888921374402,44.717683899614926],[-0.413773197446155,44.71772423540477],[-0.413735553624724,44.717730803303766],[-0.413693243504261,44.71773336989379],[-0.413639661701836,44.71773763582341],[-0.413555297270214,44.71774906896827],[-0.41347558400026,44.717760088258515],[-0.413405495406032,44.71775684306662],[-0.413339203545551,44.71774951574496],[-0.413294105622721,44.717739462157205],[-0.41324832435946,44.717722310660626],[-0.413198206215823,44.7177003366503],[-0.413076585481615,44.71762055206646],[-0.413002448229587,44.71756931088908],[-0.412877072050798,44.717469276274954],[-0.412821851512534,44.71741943416403],[-0.412448682949554,44.71708472470824],[-0.412355460043632,44.71716680866611],[-0.41234861590925,44.717181077375315],[-0.412331591179342,44.71719836336993],[-0.412314756716738,44.71720419909167],[-0.412275177884111,44.71720803264159],[-0.411841256972241,44.71752833622492],[-0.411609556144727,44.71771534492971],[-0.411552864688041,44.7177662943251],[-0.411522649411326,44.717797413668336],[-0.411412418091308,44.71792003138526],[-0.411333439408933,44.71802447406028],[-0.411316009499597,44.71805384756986],[-0.411242035059319,44.718026119814304],[-0.41109618588518,44.7181136995024],[-0.411040657256585,44.7180691827056],[-0.41105779023729,44.71805784107127],[-0.411044949024633,44.71804616163723],[-0.411026006303996,44.71805683813729],[-0.410991671483632,44.718026266508375],[-0.410812610307521,44.71787246440332],[-0.410829989381279,44.71786309771469],[-0.41098192258511,44.71778623459218],[-0.410884839930208,44.717685866508674],[-0.410853779919522,44.71770097151342],[-0.410820985734845,44.71767287554001],[-0.410328221864879,44.71724983911454],[-0.410058290526221,44.71741711614589],[-0.410298555866092,44.71765076626672],[-0.41009336891506,44.717791537549246],[-0.410102739922783,44.71779809743228],[-0.410048308374185,44.71784465094483],[-0.410014194763869,44.71786985236714],[-0.409988199941802,44.71789137933308],[-0.409877989210655,44.71797894070177],[-0.409753803347721,44.718079908813344],[-0.409716050649845,44.71805340709235],[-0.409663914989329,44.71808988709471],[-0.409704639248067,44.718119541367706],[-0.409997128329031,44.718334822293485],[-0.410444450109884,44.718056016131904],[-0.410743476085773,44.718235228609174],[-0.411032581150244,44.718432137987946],[-0.410955784542074,44.71853507130549],[-0.410855729783172,44.71869008595551],[-0.410788454692189,44.71879164435748],[-0.41074234834008,44.718854612638374],[-0.410667166348788,44.71894875498211],[-0.410561874778043,44.719050763816576],[-0.410471379896906,44.71912582326841],[-0.410286966017024,44.71926325133712],[-0.410223502994547,44.71930053117919],[-0.41015114597604,44.71933078582894],[-0.410081565812957,44.719356809659274],[-0.410022405739,44.71937124823595],[-0.409906963675028,44.719389223018645],[-0.409615023669119,44.7194333610383],[-0.409542328289148,44.71944344030887],[-0.409486750950679,44.71945443403249],[-0.409434195055372,44.71946731714858],[-0.4093734258004,44.7194864908337],[-0.409314871188661,44.71950884034719],[-0.409270804118871,44.71952623790913],[-0.409227828011988,44.71954495354893],[-0.409173891154878,44.71956842233462],[-0.408916485393404,44.71929808061991],[-0.408472450056184,44.71881775473632],[-0.408315043721968,44.71864579982989],[-0.408290748180458,44.71862654284851],[-0.408129750298609,44.718724947974486],[-0.408018363692709,44.71879316923785],[-0.40788975034171,44.71887120246744],[-0.407823674234483,44.71891126474912],[-0.407745835095916,44.71895952901493],[-0.408135303844805,44.71935286645636],[-0.407906904211825,44.71947993006256],[-0.407937854706572,44.71950889469251],[-0.408026094353132,44.719607284816135],[-0.408150029424633,44.719775404792145],[-0.408307563378792,44.71999115122329],[-0.408320513835507,44.71999003152508],[-0.408265884622635,44.72001460252743],[-0.407955347414106,44.720229622839135],[-0.407660039832204,44.72043110691564],[-0.407664952783162,44.72043501075623],[-0.407335646422748,44.72066367349911],[-0.407068348431794,44.72084771278856],[-0.406993192981402,44.72078172033197],[-0.406563422947629,44.72039079046811],[-0.406418922349826,44.720248263080734],[-0.40640873814157,44.72023244624608],[-0.406311870844416,44.7202378604754],[-0.406255670396227,44.72024067141091],[-0.406244413460119,44.72021966100923],[-0.406171523539109,44.72009502475876],[-0.406039760849284,44.72015035398421],[-0.406016706986575,44.72013907836217],[-0.405992803629818,44.72012629695239],[-0.40595763811973,44.72007988942506],[-0.405928754077363,44.72004329116021],[-0.405893950805226,44.719996602130905],[-0.405917682709799,44.71998776166892],[-0.405926548049947,44.71999641007061],[-0.40593951128959,44.719991325278464],[-0.405932379461804,44.71998208285481],[-0.405996241740926,44.71995551675754],[-0.405892943766505,44.71983172598546],[-0.405953023070964,44.71980113111227],[-0.406135665688902,44.719715670321314],[-0.406128638238265,44.71970606424644],[-0.406171325984571,44.71968465532198],[-0.406251709627748,44.71964289217833],[-0.406322947362498,44.71960663701222],[-0.406346532912545,44.719593295296654],[-0.406227935610148,44.719473580230535],[-0.406146986759451,44.71951644211338],[-0.406085514189805,44.71946138233921],[-0.406027705670013,44.71940629989415],[-0.405976252992661,44.719366431189115],[-0.40614219191246,44.71927022022856],[-0.406072979731607,44.71921675034007],[-0.405862737409677,44.71937866530383],[-0.405751595061563,44.719309003522895],[-0.405660994209923,44.71925087485566],[-0.405501977983925,44.71919836560258],[-0.405379484761684,44.71916041209997],[-0.405347174009404,44.719050476948944],[-0.40531761320766,44.71894838714404],[-0.405316379344522,44.718923824222585],[-0.405318803935512,44.718899148741286],[-0.405328765071051,44.71887370070295],[-0.405343311272387,44.718848832498324],[-0.405365180744282,44.718821756483656],[-0.405530542739019,44.71866590929966],[-0.405643599779509,44.718560512616584],[-0.405719804835529,44.71850193714573],[-0.405766696812486,44.71846021365274],[-0.40570439328097,44.71842689656918],[-0.405572029050219,44.718255068641035],[-0.405457872950844,44.71810007217852],[-0.405266346159784,44.71816814310372],[-0.405336661878042,44.71826285126201],[-0.405296457937895,44.71828769786835],[-0.40497492236636,44.71840662700867],[-0.405095712005815,44.718566826668074],[-0.405254511579981,44.7187765904803],[-0.405269898255432,44.718796933214094],[-0.405285137013488,44.71881692004471],[-0.405271279786783,44.71883437776738],[-0.405255831309689,44.71886522118756],[-0.405249125516845,44.718896426415796],[-0.405250338522675,44.718918556924194],[-0.405253771406515,44.71894395332049],[-0.405278491852474,44.719051688961365],[-0.40523114512127,44.719006557166885],[-0.404777886624251,44.7185465965426],[-0.404511078857709,44.718275002789674],[-0.404382443978292,44.718344381626565],[-0.404189595238783,44.71810863008709],[-0.404004791611848,44.71787839808191],[-0.404104404188946,44.7178244205099],[-0.40405277525087,44.71776905700092],[-0.404709512702114,44.71732478421981],[-0.405334335693004,44.71689212259816],[-0.405901496555711,44.716479975236126],[-0.405910790727757,44.71647275051278]]],[[[-0.406384738412685,44.7363155580412],[-0.406754637167663,44.73623785285346],[-0.407002610778581,44.73617813646088],[-0.407179988038637,44.73611969096772],[-0.40745864461612,44.73602595750114],[-0.407626460184529,44.73596203826729],[-0.407873530940353,44.73586449985695],[-0.408188795653203,44.73573233052014],[-0.408436538983945,44.73563549100705],[-0.408522462248637,44.73560968645504],[-0.408767174518605,44.735544208991286],[-0.40887272162812,44.73552095393534],[-0.408910969896941,44.73551581124118],[-0.409043110172581,44.73550579495359],[-0.409211141411586,44.73549971968225],[-0.409275278091132,44.735500357976214],[-0.409362216290267,44.735501735888775],[-0.409608433345842,44.73550073171953],[-0.409886577340112,44.735482072602395],[-0.40998784430455,44.73545912852104],[-0.410120200696492,44.73542765717439],[-0.410243489134647,44.73539259008659],[-0.410216299754716,44.7357302733814],[-0.410186344243132,44.73611409011745],[-0.410302114369135,44.73611764311328],[-0.410412557185713,44.73612090952136],[-0.410411201946623,44.73613609040932],[-0.410369799081479,44.73660424610502],[-0.410349531484953,44.73690386850849],[-0.410340033659584,44.737099618249644],[-0.410292363979391,44.73802953089545],[-0.4098652695493,44.738006459559],[-0.4098298418543,44.73872134348415],[-0.409482964591895,44.73865551906407],[-0.408391054893795,44.73839834056135],[-0.407947711274004,44.738297002453095],[-0.406712901982309,44.73800356499154],[-0.406727661945035,44.73754380075862],[-0.406736181258086,44.737127122780194],[-0.406739858840715,44.736970752317944],[-0.406647539263623,44.736961968303866],[-0.406495844060614,44.73693933130965],[-0.406424220371785,44.73692991033678],[-0.405570923680683,44.73678746793717],[-0.405506356988764,44.73654587661701],[-0.405536655516556,44.73651800065006],[-0.406044582908956,44.73638964352553],[-0.406133156636385,44.73636790458083],[-0.406384738412685,44.7363155580412]]],[[[-0.405417786426898,44.73145159431707],[-0.405507084778886,44.731581854939925],[-0.405668082068539,44.73188157616375],[-0.405748582351311,44.732023101163826],[-0.405520873608078,44.73211030723105],[-0.405376633568199,44.73216673975626],[-0.405657243368181,44.73260876570486],[-0.405672702411947,44.73259891832626],[-0.405697660734808,44.732583101561154],[-0.405776410133048,44.73253282862947],[-0.40587655630983,44.73268978944162],[-0.406088563010284,44.732558279318965],[-0.40616386006882,44.732672299319816],[-0.405932731849265,44.732832513309766],[-0.40575635893588,44.7329470668934],[-0.405647364188642,44.733019807378774],[-0.405682677545727,44.733047647511],[-0.40575704091219,44.73310240177089],[-0.405794401982962,44.733078453664156],[-0.405949355443806,44.732979698090084],[-0.406000087981531,44.73301373215577],[-0.406168558151749,44.73290437756828],[-0.406275146315323,44.732837838318645],[-0.406315785037063,44.73289516178474],[-0.406653925141675,44.73339768407098],[-0.406737695286917,44.73351171339792],[-0.406885399330858,44.73368568333039],[-0.406990852717557,44.733798684782954],[-0.407069212191509,44.73387971858269],[-0.407150817072829,44.733941278010285],[-0.407218537638656,44.73398650354231],[-0.407360133070109,44.73406793393635],[-0.407087290016376,44.734318015988336],[-0.406738165285168,44.73462370184999],[-0.406662952870927,44.73457167766471],[-0.406440534488972,44.73478605329009],[-0.406216505476416,44.73469201883356],[-0.406001354912835,44.73459635910089],[-0.405271404911927,44.734277192761255],[-0.405166924413505,44.73434519806412],[-0.403623067481127,44.73366653757408],[-0.403377950971889,44.73355395183032],[-0.403174497280304,44.73346549687864],[-0.403785542980192,44.73282916377389],[-0.403870198349616,44.73278871327098],[-0.404123497670424,44.7326605332311],[-0.404216564335544,44.73261703029257],[-0.404286412494172,44.73258676703387],[-0.404297601314547,44.73258155684174],[-0.403531966341033,44.73220688644437],[-0.402840167248981,44.7319220375127],[-0.40260523377809,44.732119758355054],[-0.402307455221395,44.73199328965454],[-0.402296224025381,44.73200616058405],[-0.402241964832617,44.73197646864324],[-0.401979278520727,44.731836575108744],[-0.401458957256596,44.73244514885491],[-0.400773911032849,44.73225722191949],[-0.40064498439751,44.7322199104206],[-0.399941755985757,44.73190466628446],[-0.399746889728406,44.73214007916188],[-0.399622871688306,44.732284374243925],[-0.399143830526424,44.73285688493702],[-0.398722490493485,44.732729514543365],[-0.398615752589958,44.73283137524542],[-0.398478614010246,44.7329636361046],[-0.398469155528385,44.73296401657145],[-0.397959019884045,44.73282116620821],[-0.397778730876073,44.73280417139075],[-0.397337323305372,44.73254332332985],[-0.397378761321429,44.732505195397195],[-0.397714488693311,44.732245008197395],[-0.397881828020865,44.73212299541383],[-0.398012028171913,44.73202447038973],[-0.398281513488009,44.731825068368956],[-0.398154310809742,44.73174300499546],[-0.397970876515724,44.731613195333324],[-0.397862879216811,44.7315351379418],[-0.397665748680303,44.7313941236063],[-0.397916649313063,44.73127215937841],[-0.398078676537669,44.731194104285464],[-0.398167844690348,44.73115090641212],[-0.398241965127116,44.731116010224305],[-0.398493732828165,44.73102726977392],[-0.398587476716394,44.730982399152985],[-0.398917778333169,44.73083141153696],[-0.399017729679623,44.730780492589524],[-0.399125338636436,44.730730780233564],[-0.399397961376916,44.730602288156405],[-0.399511278776136,44.73053617973726],[-0.399532159788953,44.73052400402116],[-0.400167931228665,44.73009374239363],[-0.400162354439564,44.73008931790701],[-0.399474340484318,44.72951912499374],[-0.399741542834015,44.7294286459163],[-0.399798164542921,44.729405460048774],[-0.399841076354683,44.72938341611552],[-0.399894393908137,44.729343210165794],[-0.400454585931098,44.72891553814395],[-0.400754733794489,44.72868842408658],[-0.400797022700106,44.72864981806374],[-0.40101090948041,44.728442835218615],[-0.401076919230124,44.72836168776442],[-0.401153318743137,44.72826003568566],[-0.401173070617191,44.72824383923032],[-0.401230302993372,44.728203602423214],[-0.401267447497689,44.72814055335766],[-0.401356534531066,44.728018776497635],[-0.401442513603845,44.72787069188281],[-0.401573624019578,44.727595151979855],[-0.401772780498878,44.7271342305423],[-0.401845204559508,44.726991968934556],[-0.401985087641002,44.7269618976632],[-0.40219793636865,44.727208213798484],[-0.402498406192635,44.72761367985527],[-0.402690297413884,44.72786244167803],[-0.402986227577131,44.72826588354526],[-0.403104827883804,44.728425162477855],[-0.40280251975543,44.728649826448105],[-0.402860612869998,44.728696972234154],[-0.402455404532055,44.72898643576577],[-0.402541273250785,44.729053904647635],[-0.402557883772929,44.72904429265048],[-0.402644632585993,44.72910749908256],[-0.402660190168873,44.72909719852789],[-0.402719166862798,44.72914431724711],[-0.40264353685479,44.7291917887242],[-0.402702508193215,44.72923881750778],[-0.402775570113655,44.729192776629574],[-0.402852522162393,44.7292549323549],[-0.402840953265705,44.729264299307985],[-0.402925831843461,44.72932792348785],[-0.402910876892043,44.7293398275957],[-0.402994403452314,44.72939781615004],[-0.403072450145095,44.72945507197196],[-0.402933409014678,44.72953468093403],[-0.402776853470537,44.72955463236142],[-0.403497645156927,44.73001620267632],[-0.403896330631313,44.73031249284491],[-0.40403906837775,44.73041930380994],[-0.404163447610157,44.730348074299215],[-0.40403919455721,44.730419299930006],[-0.404066438881924,44.730474692966744],[-0.40426941846806,44.73036328884243],[-0.404401802964574,44.73028856879395],[-0.404776603483349,44.73078537214152],[-0.405253177629355,44.73125714642561],[-0.405347501213649,44.73136184055499],[-0.405417786426898,44.73145159431707]],[[-0.403853934029521,44.73061044986557],[-0.403959189114646,44.73068903647727],[-0.404180024862175,44.730569784295895],[-0.404382571158172,44.73047001792386],[-0.404347027956708,44.73043416444327],[-0.404269544647379,44.73036328496222],[-0.404066438881924,44.730474692966744],[-0.403853934029521,44.73061044986557]]],[[[-0.404367235553582,44.730231238316414],[-0.404367361732598,44.7302312344361],[-0.404395619639375,44.730278305787685],[-0.404367235553582,44.730231238316414]]],[[[-0.403010252402604,44.72749909178969],[-0.403090174841199,44.727441125023276],[-0.403209737154077,44.727348867953005],[-0.403288260052109,44.72728031069146],[-0.403399515371454,44.72716776296116],[-0.403510939568974,44.7270454776809],[-0.403548143414797,44.72700017827088],[-0.403661130774241,44.72684315114247],[-0.404045022320022,44.72696633638062],[-0.404810925919757,44.727183654227446],[-0.405125405558042,44.72727310570857],[-0.40546994866934,44.72737262529874],[-0.405483902937733,44.72737553020543],[-0.405505692658713,44.72731367285675],[-0.405577399568005,44.72709915962676],[-0.406125261038085,44.727191250405944],[-0.406179266938955,44.726968360149066],[-0.406324800081973,44.72633227689382],[-0.406366304521023,44.726155548877955],[-0.406399246497185,44.726039910896226],[-0.406574397111914,44.72607254869664],[-0.406691370191023,44.72597315825749],[-0.406767440215695,44.725841234012016],[-0.406773076630437,44.72579654451153],[-0.406734389743879,44.72576511409724],[-0.406698841754583,44.72574376988472],[-0.406675137389999,44.725734316590554],[-0.406635915172692,44.725723268252146],[-0.406373801799058,44.725707364418355],[-0.405828830301851,44.72567321944149],[-0.405751557945385,44.725668387870066],[-0.405718976542375,44.72566263180858],[-0.405688260450655,44.72565636778116],[-0.405635692919121,44.7256315818914],[-0.405446664789091,44.725540886045145],[-0.405405811970931,44.72552168713394],[-0.405341829649416,44.72549626103526],[-0.405253985246679,44.72547129863408],[-0.405152428596109,44.72544324356462],[-0.404909125929449,44.72539350584593],[-0.404725122311302,44.725354469433846],[-0.404663292353016,44.72533744740749],[-0.404693154865834,44.72531499181968],[-0.404873487470957,44.72494250360793],[-0.404951700371915,44.7247853732211],[-0.405186184018594,44.72431146329976],[-0.405257994123921,44.72411749308451],[-0.405294474105977,44.724112495944325],[-0.405233765577489,44.72390097530461],[-0.405219958272761,44.72385454115975],[-0.405181587859417,44.72372388583738],[-0.405176532555288,44.723707190172455],[-0.405272717116893,44.72369666166316],[-0.405336356702742,44.723687224424694],[-0.405846282205842,44.723616746636395],[-0.406039235300432,44.72358864154542],[-0.406009449438892,44.72347871871316],[-0.406072107489787,44.723467689204405],[-0.40652426806128,44.72340141877191],[-0.406602921461836,44.723389446122574],[-0.406455247999947,44.72276878466781],[-0.406453652337774,44.72275495632538],[-0.40637677036435,44.722430841884744],[-0.406363650462395,44.722379070050295],[-0.405782895195256,44.72232746377827],[-0.405788372037016,44.72230936271953],[-0.405773492321358,44.72230576546406],[-0.405894980476756,44.722017990277756],[-0.405997995213648,44.7217633142953],[-0.406094119042982,44.721770629267056],[-0.40640438627525,44.72182019540658],[-0.406509675678136,44.72160104362299],[-0.406841698712222,44.72172184935596],[-0.407182304682234,44.72183617212086],[-0.407286137612975,44.72186433527863],[-0.407346896218327,44.721878324853904],[-0.407402116440505,44.72188851990628],[-0.407526914554609,44.72190179953668],[-0.407664951519197,44.721920799155235],[-0.407708498871204,44.72193234467375],[-0.407754727438205,44.721946420914826],[-0.408027640500516,44.722042820095055],[-0.4080781197095,44.722058207143675],[-0.408337420583193,44.72211140984525],[-0.408664843760994,44.72217494975497],[-0.408817715612061,44.72220304314139],[-0.408922538336504,44.722228741269944],[-0.40899799919594,44.72225381168314],[-0.409127810250435,44.722299736442736],[-0.409372276394336,44.7224084530075],[-0.409629291060063,44.72252399159624],[-0.409684000623516,44.72255285476224],[-0.409706625529565,44.72257162231513],[-0.409715413974968,44.72258315645162],[-0.409723027245538,44.72259824121393],[-0.409726963915164,44.72261731411274],[-0.409725416456778,44.72263349209246],[-0.409718597464217,44.722650283028884],[-0.409687334198302,44.72268711124588],[-0.409370925676068,44.723011894275665],[-0.409307119470026,44.72308739217144],[-0.409279067319281,44.72313133043455],[-0.409263265572366,44.72315632799901],[-0.409252229947726,44.72318280080482],[-0.409233927205784,44.723235360001745],[-0.409220304649057,44.723313006815054],[-0.409214807328546,44.72337247079151],[-0.409209633005028,44.723518613975855],[-0.409202776379397,44.723603621933734],[-0.409186458065555,44.72370144708211],[-0.409177124453475,44.723751837644194],[-0.409129396824887,44.723892442822674],[-0.40902474718391,44.72411788570025],[-0.408905601582527,44.724350263070185],[-0.408874963347928,44.72441203322035],[-0.408249230888637,44.72439039021448],[-0.407644058463423,44.724368020631516],[-0.407609620868462,44.72473854583187],[-0.408208097024846,44.72476715950919],[-0.408635421428301,44.724785270687626],[-0.408755902817166,44.72477308985241],[-0.408802676782893,44.72474605720374],[-0.408797357374001,44.724839758819925],[-0.408766678894466,44.72511365734627],[-0.408724800066077,44.7253842061376],[-0.408690732450932,44.72561261160571],[-0.408659575464552,44.725707559442874],[-0.408618302437925,44.72583165510236],[-0.408499917309647,44.726055808268725],[-0.408432030141946,44.726036902186166],[-0.40836808151508,44.72601832535995],[-0.408358573172546,44.72603664083162],[-0.408295407996892,44.72602056301921],[-0.408284570006927,44.726016931728836],[-0.408275690785187,44.72601224887833],[-0.408224336946523,44.72598039794595],[-0.408217618539599,44.72599051728794],[-0.408115590019235,44.725956802234386],[-0.40808351943263,44.72601582272955],[-0.408109676701939,44.726024028737385],[-0.408085776532958,44.726063513389605],[-0.408069371591273,44.72605771052441],[-0.408037475263167,44.726119609271876],[-0.40787325650136,44.7264072610046],[-0.407863716771103,44.72644801565647],[-0.408053136345526,44.72649706312811],[-0.408252855287196,44.72655336270983],[-0.408267497781046,44.726563455154675],[-0.408276668843172,44.72657921298693],[-0.408279601385635,44.72659840698839],[-0.408235030513152,44.72678910782068],[-0.408169581871612,44.7270587600964],[-0.408156364769065,44.72714522545516],[-0.408154862414264,44.72717050349997],[-0.408150781049434,44.72738690165095],[-0.408172088171235,44.72747987361374],[-0.408201455743032,44.72759530602318],[-0.408239973705116,44.727696939670324],[-0.408278672446182,44.7277723446997],[-0.408336167012406,44.7278846582496],[-0.408409815923243,44.72802783391074],[-0.408437149756495,44.72808673759523],[-0.408454266867234,44.728137665405356],[-0.408466501365325,44.72818937434865],[-0.408480909176775,44.7282936427091],[-0.408484170427128,44.72838293497345],[-0.408477831151554,44.72848694102206],[-0.408455559059331,44.72870561157968],[-0.408454636115595,44.728832249607876],[-0.408461288109399,44.72890656874327],[-0.408482445731586,44.72897827852173],[-0.408499005954572,44.729009578730206],[-0.408559899571143,44.729090337955434],[-0.408612308305959,44.72913954830822],[-0.408631960636007,44.72917597988206],[-0.408756372926704,44.72924937634059],[-0.408841213530745,44.7293706700909],[-0.408897960136431,44.729522746649224],[-0.408896997903956,44.72954233094171],[-0.408887077410248,44.72958931530109],[-0.408865593252802,44.729620705629685],[-0.408809336160164,44.729660285698486],[-0.408767289908843,44.729679873488465],[-0.408337764384924,44.72984512053025],[-0.408144015898966,44.729566236457366],[-0.407977175279299,44.72964175157497],[-0.407947688258388,44.729655815927856],[-0.40804871709246,44.729762644300614],[-0.408152797186449,44.72989479070001],[-0.408001708355227,44.729923592599185],[-0.407910561137982,44.729946493909466],[-0.407827132511923,44.72996951798908],[-0.407553911762452,44.73012535429684],[-0.407367426244885,44.7302334634557],[-0.407353459630191,44.730244977313724],[-0.407065576144502,44.73049480156372],[-0.406966223581366,44.7305492240089],[-0.406926710511663,44.73056891333275],[-0.406836230953206,44.73060494975412],[-0.40684251192359,44.730618904292015],[-0.406792899925748,44.73064926741788],[-0.406668457842149,44.73069436896758],[-0.406594538322661,44.73072205569757],[-0.406460455405764,44.730770787877304],[-0.406365262984672,44.73080624800865],[-0.406357262795623,44.73079730259242],[-0.406344741912679,44.730801382517306],[-0.405657114799581,44.73107819078587],[-0.405414844260702,44.73117746933681],[-0.40537982016207,44.73119197363826],[-0.405361204311431,44.73119561014074],[-0.405342150963638,44.731196196237846],[-0.405329324995385,44.73119523907073],[-0.405302127393073,44.73117823320526],[-0.40515971089536,44.73104338852176],[-0.404947313502662,44.730817518775496],[-0.404735515082546,44.73059316220004],[-0.404662082013431,44.730505667634716],[-0.404580742256213,44.73039823077939],[-0.40441683068736,44.73011076338127],[-0.404194990549508,44.72972874595435],[-0.404138228758156,44.729634700867116],[-0.403986543840594,44.7294280492432],[-0.403947037158169,44.72937681804574],[-0.403934016227684,44.72936009688136],[-0.403519708389765,44.72881593503627],[-0.403036722600063,44.72819160981799],[-0.402525197698659,44.72751742640887],[-0.402677387286078,44.72750689105143],[-0.402857161293481,44.72751353019128],[-0.402941579862097,44.727515260548536],[-0.402966118310946,44.72751342484942],[-0.402989731050397,44.72750882409043],[-0.403010252402604,44.72749909178969]]],[[[-0.401221367020093,44.72803698729013],[-0.401190644503147,44.72807244460438],[-0.401107077374432,44.72816007904167],[-0.400966460867769,44.728077710354874],[-0.400710993419623,44.72792722986286],[-0.400511525103144,44.727808100150966],[-0.400443884664883,44.727770257832056],[-0.400172831135117,44.727617010905455],[-0.40008989433916,44.727554046093054],[-0.399694526622496,44.72726178704314],[-0.400834415885063,44.72680306099853],[-0.40086475809287,44.72679059432571],[-0.401569187786261,44.7273190011657],[-0.401358318781831,44.72776604419391],[-0.401288353966885,44.72791138385484],[-0.401221367020093,44.72803698729013]]],[[[-0.400494918627509,44.722575112127096],[-0.400593193486097,44.72264310198499],[-0.400700484803474,44.722713878592295],[-0.400759226403968,44.7228053408238],[-0.400756592186625,44.722807764695695],[-0.400984884304116,44.72295862851566],[-0.401024726578265,44.72298416789965],[-0.401159019047331,44.72306249497993],[-0.401420095271229,44.72291723030766],[-0.401642624320938,44.722795047093726],[-0.401689812255437,44.72276647287839],[-0.401974259041317,44.72257714420442],[-0.402234993384656,44.72240539476233],[-0.402499899531192,44.72236535189081],[-0.402429126498192,44.72219829502394],[-0.402211112938675,44.72168234055503],[-0.402693011624461,44.721579216302565],[-0.402342590484331,44.721425712256234],[-0.402593381081436,44.72119623468745],[-0.402605216998278,44.721187129868376],[-0.402765975959803,44.72104062016439],[-0.402805665141635,44.721009302230875],[-0.402957248324937,44.720903354865314],[-0.402981518062941,44.72088458608162],[-0.403034897078745,44.720843475406554],[-0.403180113694138,44.72073258701276],[-0.40334595866948,44.72058871353152],[-0.403530342693713,44.72042120075614],[-0.403651766099094,44.72048532206325],[-0.40370090638586,44.72050787112674],[-0.40377373851317,44.72053762154732],[-0.404152984799411,44.72068500787315],[-0.404343606305322,44.720754299380715],[-0.404271681614439,44.72078760059979],[-0.404769081738045,44.72097631732033],[-0.404672957332239,44.72125511057012],[-0.404547665719374,44.72164302681046],[-0.404510734784101,44.72174707200051],[-0.404511561119818,44.721762816390296],[-0.404512775278205,44.72177034855199],[-0.404523941869254,44.72179613790861],[-0.404554061258214,44.72183017539585],[-0.404537533073959,44.72186826097698],[-0.404529494566771,44.721885809960376],[-0.404412219290261,44.72214723091523],[-0.404274713152891,44.72244405764678],[-0.404367314528524,44.722501765647166],[-0.404400831640391,44.722531373257496],[-0.404166421812436,44.72278296970208],[-0.404719258882041,44.72297890357207],[-0.404581339629469,44.72326682225788],[-0.404433514387739,44.72356234460581],[-0.404272549619742,44.72350079166121],[-0.404159047155119,44.723582320443526],[-0.404089134918103,44.72356329390548],[-0.404048802408645,44.72362995645997],[-0.404088586192056,44.72364405222509],[-0.404058071688298,44.72371212499653],[-0.404146783105464,44.72374102654748],[-0.404160957086657,44.72376429041968],[-0.404306402188904,44.72380748719888],[-0.40411456317641,44.72417573241804],[-0.404109291933113,44.72418679822855],[-0.404004956644928,44.72438852630188],[-0.403998939248875,44.724399795279105],[-0.40399238353886,44.72441261273541],[-0.403829561572426,44.724717336374894],[-0.403778352351957,44.72470034774715],[-0.403745066697478,44.724689205992014],[-0.403487968296165,44.72460357389031],[-0.403316913566611,44.7248328547248],[-0.403071730419514,44.72516570152089],[-0.403041217386158,44.72520457725787],[-0.402701858573533,44.72507344185817],[-0.402691964142418,44.72507077227855],[-0.402509001163265,44.72499664624997],[-0.402315858251163,44.724921391023635],[-0.402021772882678,44.725112458449374],[-0.401712952164266,44.72531280896985],[-0.401424960131968,44.725498100442564],[-0.401388271257256,44.72541812599424],[-0.401344744393311,44.72533376588527],[-0.4013132938116,44.7252860711916],[-0.401240814959658,44.72518070318085],[-0.401179944703161,44.72511471833328],[-0.401009059276115,44.724964343541004],[-0.400824880384832,44.72481987384037],[-0.401073018349015,44.72466743817671],[-0.401351521953242,44.72449460441313],[-0.401013629980692,44.72420986634799],[-0.401022473561568,44.72420770225068],[-0.400958215377386,44.72416092541378],[-0.40092069120816,44.72412774524889],[-0.400891889819248,44.7241029479275],[-0.400714504241978,44.72394952849621],[-0.400427019909101,44.72369144559716],[-0.400365678848491,44.723638541269935],[-0.400654832425059,44.72341401763059],[-0.400536042780736,44.72333287071704],[-0.400520711891647,44.7233218072354],[-0.400454338474812,44.72328392622477],[-0.400386812435962,44.72323742973597],[-0.400293077815329,44.72321111262372],[-0.400254062010214,44.723199244769994],[-0.400219271680565,44.723184093146486],[-0.400046072996769,44.72310614903379],[-0.399949520540587,44.723087577804506],[-0.399809740532384,44.723046003731206],[-0.399712414281625,44.722979065395755],[-0.40001189609888,44.72275395589956],[-0.400250959324044,44.72257278434375],[-0.400340081077114,44.7225060663177],[-0.400393071701871,44.72254003306003],[-0.400468153518054,44.7225902623572],[-0.400494918627509,44.722575112127096]]],[[[-0.399536021176789,44.72063929385177],[-0.39957554513196,44.720552923220495],[-0.399600299641344,44.720473133889136],[-0.399623153499985,44.720378624415794],[-0.399707740142885,44.72011767265196],[-0.399970797548868,44.72002209271285],[-0.400394260487647,44.71986823740991],[-0.40072572156651,44.71975640635774],[-0.400662088083044,44.71966969036899],[-0.400710412365319,44.719655770030805],[-0.400713906665224,44.71965503187777],[-0.401121956042429,44.719576621215495],[-0.401289846352119,44.719821976031874],[-0.401725602523312,44.71973982809811],[-0.401727186630179,44.719868460746206],[-0.401728105893829,44.71992547401123],[-0.401734182856307,44.72008451688754],[-0.401733766424994,44.720104805108704],[-0.401731748917927,44.720303476150306],[-0.401725447175709,44.72043965034088],[-0.401732601622035,44.72053080504102],[-0.401740966623995,44.72063570982943],[-0.40142298282074,44.72069873901261],[-0.401205065596101,44.720744454517856],[-0.40110337676372,44.720757942252895],[-0.400847174553024,44.72079131650818],[-0.400700170800461,44.72080998093395],[-0.400398141870118,44.72092162846677],[-0.400098508757027,44.72103320154711],[-0.399877324171788,44.721121097480285],[-0.399597523130232,44.72123251053689],[-0.399544750999634,44.72125233418396],[-0.399103296931786,44.72142241807101],[-0.39917296629613,44.72126176993605],[-0.399239816230379,44.72112977413099],[-0.399330160488391,44.72097452850597],[-0.399441718208304,44.72079385022753],[-0.399513180891717,44.720679645038636],[-0.399536021176789,44.72063929385177]]],[[[-0.398927240577511,44.7217803462089],[-0.398945126831498,44.721858825980796],[-0.398959488217857,44.721962645610844],[-0.39902719067167,44.72224433217456],[-0.399089159518566,44.72251060528068],[-0.399101380367289,44.72254969945906],[-0.399140378835766,44.722649158008004],[-0.399170809774534,44.722709320071054],[-0.399233985084117,44.722832366638144],[-0.399256077077885,44.722875843540045],[-0.39930882008209,44.72294964832999],[-0.399330117551589,44.72298206572776],[-0.399338033601042,44.723000115551464],[-0.3993493335432,44.72303860720898],[-0.39935420305438,44.72306062545188],[-0.399355478271695,44.723104741643716],[-0.399352778370985,44.72314582596181],[-0.399334198540142,44.723206501915364],[-0.399317336841387,44.72324540787466],[-0.399102477651253,44.723517659128845],[-0.398916476410843,44.723382614335],[-0.398718343114768,44.72323712822622],[-0.39862885423222,44.72329781857579],[-0.39861131559669,44.72329204917951],[-0.398545562912651,44.7232644208815],[-0.398513854071321,44.72325214784902],[-0.397949100672673,44.72301762060582],[-0.397922981126872,44.7230434738129],[-0.39767747176573,44.72295062443675],[-0.397649475268416,44.722987258623384],[-0.397617947907452,44.72303030908493],[-0.397515889609743,44.72298333898462],[-0.397436071746332,44.722940462140166],[-0.397328830505932,44.722874637148024],[-0.397263312022767,44.72284249529605],[-0.397941338621948,44.722420320326464],[-0.398109953302382,44.72231782206191],[-0.398336098107001,44.7221738174549],[-0.398487732713293,44.72207481363069],[-0.398664921768803,44.72195736280384],[-0.398927240577511,44.7217803462089]]],[[[-0.395775333287478,44.73464852893422],[-0.395776692759458,44.73431714113704],[-0.396293112959737,44.734308509043025],[-0.396431343901549,44.734305169542374],[-0.396472941796535,44.73431362559784],[-0.396535423146691,44.734031456701906],[-0.396562863741988,44.73389129984904],[-0.396612292096173,44.73369027279663],[-0.396707537020009,44.73343359188531],[-0.397488220680216,44.733557692612436],[-0.398060273441091,44.73361835400587],[-0.398057275711365,44.73363151243779],[-0.398460830066625,44.73369040477004],[-0.398467463553656,44.733670466334516],[-0.398521170256393,44.73354455147454],[-0.399995377568784,44.73361796595594],[-0.399997369914758,44.73359654790678],[-0.401519341146056,44.733644415033275],[-0.401577545948366,44.733653620519945],[-0.402068646073572,44.7337824413557],[-0.402644463110663,44.73393235620098],[-0.403219541319546,44.734151498047964],[-0.403513371762604,44.73425636882139],[-0.403731699299235,44.73433986031445],[-0.404549986070771,44.73466488088084],[-0.405691813704657,44.735107003747366],[-0.405799568404007,44.73496987015826],[-0.405834050713454,44.73498187586046],[-0.406661612563264,44.735298936567794],[-0.406861008470817,44.735384897114336],[-0.406938890137152,44.7354204383776],[-0.406701071713311,44.735679083698436],[-0.407004606403114,44.73580824816367],[-0.407384138642228,44.735971028317906],[-0.407133995078668,44.736053340822444],[-0.407011543013857,44.736087657705724],[-0.406876780234829,44.73611910918004],[-0.406152795784837,44.73627466346122],[-0.405747683430154,44.7363763387253],[-0.405307978067582,44.73648718670333],[-0.404815105445086,44.73663454195065],[-0.404529084114657,44.73672786423408],[-0.404357373397145,44.73676720724402],[-0.403981998964099,44.73684227906262],[-0.403730293431818,44.736880115524535],[-0.403497959172666,44.736910056710435],[-0.403240621568072,44.73693004245503],[-0.402828489378072,44.73696181416783],[-0.401839467012925,44.73703338916914],[-0.401043882374355,44.737077836600285],[-0.401180824255113,44.73659936246186],[-0.401244548355327,44.73639663195467],[-0.401340413316256,44.73604593888774],[-0.401345590550915,44.73599774934478],[-0.401350168506967,44.735868566192494],[-0.401368384398422,44.735346069320144],[-0.401305720947073,44.73534051506919],[-0.401295499767739,44.7356418981752],[-0.401291272820485,44.73586469843013],[-0.401288049025284,44.73602673139497],[-0.401279289465062,44.73605331363864],[-0.40118813152095,44.73636268017531],[-0.400963135251538,44.737078514750564],[-0.400597143799561,44.73707885294104],[-0.400445394839655,44.737078287178775],[-0.400089099764075,44.73707589281911],[-0.399502848053359,44.737065419270905],[-0.399121568588085,44.73704081002182],[-0.398925505797785,44.737018263297394],[-0.398458963865865,44.73695725018706],[-0.398207883859858,44.736921792609664],[-0.397961336379433,44.73686718144967],[-0.397693759802999,44.736793029725646],[-0.397551704034579,44.73672268518141],[-0.397300449278182,44.73661523043015],[-0.397078120600409,44.736526171846755],[-0.397073041509928,44.73652371440377],[-0.39703721670415,44.7365103954886],[-0.396831717695058,44.7364278488916],[-0.396444533029286,44.73627184642786],[-0.396378262747403,44.73624215955588],[-0.396363175169444,44.73624145092414],[-0.396326903128946,44.736233281966044],[-0.396273175888942,44.73622916287086],[-0.395956752775441,44.73623373257456],[-0.395781922374459,44.73623612130527],[-0.395670780154222,44.7362379982348],[-0.395623245114455,44.736254775398656],[-0.395623786133492,44.73618834536894],[-0.395628956088457,44.73608969306817],[-0.395629647199343,44.73605506840026],[-0.395630146097207,44.73603820192941],[-0.395630513788452,44.73598565465386],[-0.395667032296383,44.7359853456306],[-0.395762803088821,44.735988535930254],[-0.395766471026601,44.735948773616414],[-0.395766547380092,44.735914438142],[-0.3955455161533,44.735899139576766],[-0.395550225727436,44.73583474442692],[-0.395564962073826,44.73568722773468],[-0.395604989411351,44.735271749774306],[-0.395628093653277,44.7348251611702],[-0.395774997021255,44.734843994716265],[-0.395775333287478,44.73464852893422]]],[[[-0.395299507123772,44.73634760816149],[-0.395404893546331,44.73634671914996],[-0.395627094150332,44.736337381278176],[-0.396062875696066,44.73630995726806],[-0.396118915059919,44.73631049112746],[-0.396197470150282,44.736321688552216],[-0.396363828332581,44.73635695607357],[-0.396447699021146,44.73637871373643],[-0.396555537641202,44.736414244275366],[-0.396710927854171,44.73646886167255],[-0.396894098084566,44.736539657943304],[-0.397088215482163,44.73661795789008],[-0.397037900656005,44.736722681421945],[-0.397021247682615,44.73676094985014],[-0.396958158978506,44.73690328206887],[-0.396951809139917,44.73691537184909],[-0.397586805668954,44.73713216433218],[-0.397621445117084,44.73714678105145],[-0.397638670045325,44.737124264800926],[-0.397784827703461,44.736902516160455],[-0.397884230103058,44.73692812156314],[-0.398013724234509,44.73695793978731],[-0.398168199598078,44.736986901010575],[-0.39811308837039,44.73726542076337],[-0.398206294103966,44.737286800538044],[-0.398267131699656,44.73729349400564],[-0.398263099498828,44.73730208842526],[-0.398233569286233,44.737445283827356],[-0.398589060264137,44.73749501844058],[-0.398692132869519,44.73704570302187],[-0.398900040004483,44.737080141968804],[-0.399081221711572,44.73710539844513],[-0.399166397332606,44.73711314648014],[-0.399430539739724,44.73712414057853],[-0.399853332865261,44.73713693072198],[-0.399947647030184,44.737138990727736],[-0.400301410905521,44.73714551839888],[-0.40065710808598,44.73714847113503],[-0.4008127670525,44.73715306173191],[-0.400971737618402,44.73715178312082],[-0.401223921527337,44.737138539310926],[-0.401610363365451,44.737114681911535],[-0.402254618057113,44.73707659299781],[-0.402755617399487,44.73704668801889],[-0.403109690292954,44.73702697415777],[-0.403270364925531,44.73701834065444],[-0.403775894588361,44.736944226204365],[-0.403947937767924,44.73692289662928],[-0.40418075582876,44.73689050654963],[-0.40431475640708,44.7368652096147],[-0.404454906161794,44.73683080217612],[-0.404635781494485,44.73677576775586],[-0.404946329896708,44.7366782665686],[-0.405145578520159,44.73662392782205],[-0.405394423706697,44.73654931955864],[-0.405410329484168,44.73654892043547],[-0.405432837104136,44.73655732961643],[-0.405449433159848,44.73659547792168],[-0.405502769173619,44.73684786791184],[-0.405545815409619,44.73713076252087],[-0.405607748532259,44.737143005332165],[-0.405631349673866,44.7372822259897],[-0.405632860425423,44.73735102641506],[-0.405611032700388,44.737464520238746],[-0.405531516392427,44.73770270366815],[-0.405337253742035,44.73823413206709],[-0.405265793360009,44.73844043759838],[-0.405166829013904,44.7387145434988],[-0.405144006570822,44.738828338174415],[-0.405129607345241,44.73895178630824],[-0.405126123622897,44.73899866249399],[-0.40512427082514,44.73911424532844],[-0.405126143805682,44.73915771267766],[-0.405122922404241,44.73920683364306],[-0.405116083153607,44.7393319416738],[-0.40510144996677,44.73955803661411],[-0.405029081229667,44.739908101441905],[-0.404939546042471,44.7403818797127],[-0.404878302529858,44.74070898379105],[-0.404349738714903,44.74060989099836],[-0.404183958034778,44.74073069417715],[-0.403637732577917,44.740722074548614],[-0.403647205282917,44.74041269320908],[-0.403549474623302,44.74040650585389],[-0.403431706115604,44.74039931230235],[-0.403356286329192,44.74036900940344],[-0.403231550634565,44.74035950661472],[-0.403104217833874,44.74034260407256],[-0.402796073795337,44.740281695846],[-0.402698984074439,44.740267287707155],[-0.402701998672043,44.74026277949173],[-0.402813103345783,44.74009923293354],[-0.402748644352071,44.740074540289946],[-0.402796769040089,44.74001106306866],[-0.402634306551369,44.73994639804041],[-0.402698446135272,44.73985296152836],[-0.402737824999027,44.73979957550281],[-0.402906430516169,44.73956036846043],[-0.402930655688109,44.739526101627305],[-0.403034918902914,44.73937907566909],[-0.403052729808699,44.73935581959361],[-0.403103944551614,44.73929954645848],[-0.403184647370834,44.739206141229275],[-0.40320806195155,44.739179378680404],[-0.403249454958662,44.739134221005756],[-0.403340846769047,44.7390273305013],[-0.403407953756372,44.73895371745079],[-0.403501776161793,44.73886819914427],[-0.403542775180227,44.73883116369357],[-0.403686746174681,44.73870102927731],[-0.403782992710953,44.73861588676059],[-0.403951956684686,44.738470475315104],[-0.404015713250386,44.73841255454154],[-0.404035970187413,44.738390034114346],[-0.404128721227439,44.73825759893976],[-0.403771954838327,44.73817025348404],[-0.403049326291134,44.73799980380751],[-0.402646863806226,44.737913589022654],[-0.40224054623269,44.73784722615579],[-0.401387608482126,44.73771492318669],[-0.401205949912155,44.738087446195294],[-0.400578879107973,44.739413714548355],[-0.399755438117135,44.739315816879305],[-0.399766839998314,44.73926599445499],[-0.399806687666025,44.739222417533],[-0.39977020408687,44.73918569013202],[-0.399628146110076,44.738916737844185],[-0.399747705791545,44.73864615052994],[-0.399766049901257,44.738583589168705],[-0.399774203937877,44.73854278771683],[-0.399778154627471,44.73845336393801],[-0.399747203894662,44.73833455350447],[-0.399598953090667,44.73775183619293],[-0.39953700902218,44.73776031646957],[-0.399537960397876,44.737776057112114],[-0.39925640823684,44.73805233867023],[-0.39895361715147,44.73806298626469],[-0.398755294814489,44.73808051885035],[-0.398496936459641,44.73811719568413],[-0.398138004007308,44.73817588257334],[-0.397761982266396,44.73823004637352],[-0.397260620015632,44.738266698014854],[-0.397290664023705,44.73782007550701],[-0.397380718588639,44.73754228627305],[-0.397368706528886,44.73753598647973],[-0.396891602606172,44.73737130001278],[-0.39618354202708,44.73712538535369],[-0.395776949308286,44.736985114787814],[-0.395548668247604,44.736931469991774],[-0.395465205711166,44.737148949735804],[-0.395329763967451,44.73751905325145],[-0.395307286527538,44.7376032775332],[-0.394797996913467,44.73752526690031],[-0.394791748162164,44.737524377140915],[-0.394672193861669,44.737472803450544],[-0.394907033207972,44.7370381057495],[-0.39501402180225,44.73684171248157],[-0.395087070851138,44.73676377736597],[-0.395241719438442,44.73645634469803],[-0.395299507123772,44.73634760816149]]],[[[-0.395503201033628,44.742134475106205],[-0.395763484128785,44.742158663461964],[-0.395744658981239,44.74182383871193],[-0.396344677948682,44.74183328057867],[-0.3963416387057,44.74174317026496],[-0.396799142306006,44.74172300826347],[-0.397141695680889,44.741731873317875],[-0.397521997149496,44.74174606721606],[-0.397615088273749,44.74175078026475],[-0.397730659570323,44.741765526910775],[-0.397852384158131,44.741785851874006],[-0.398263915744964,44.74187117568496],[-0.398520205667524,44.741921342700564],[-0.398835786954871,44.74198599969036],[-0.398862635462585,44.74197625429938],[-0.399482626325795,44.741864223855515],[-0.399484374935936,44.74185759187808],[-0.400056471442272,44.74197609739556],[-0.400807511252577,44.74213479175537],[-0.402922427647181,44.742767114513185],[-0.402920860377485,44.74282898073326],[-0.402896788055958,44.74378528722905],[-0.402879155471767,44.74411870954589],[-0.402878092932104,44.74413667484982],[-0.402847407242363,44.74412689431978],[-0.402798665726559,44.74411127057278],[-0.402554481764442,44.74402109091915],[-0.402138325898366,44.74386806870347],[-0.401724877047411,44.743705409781825],[-0.401654921033001,44.743681876485056],[-0.401455818118269,44.7436241022539],[-0.401183736289642,44.743563883448545],[-0.4009078785433,44.74350603281072],[-0.400844837304192,44.74349228926185],[-0.400722075402655,44.743473711446065],[-0.400611043335838,44.74345882837365],[-0.400433784467477,44.743436066519955],[-0.400328074868419,44.7434318333574],[-0.400141844009287,44.743430072705124],[-0.399959862772617,44.743433768299944],[-0.399719970729561,44.74345420053193],[-0.399521804773469,44.743472540168675],[-0.399312406078715,44.74349122428891],[-0.399106870801947,44.74350897838839],[-0.399005462695135,44.74351524532245],[-0.398864461043569,44.74351705036004],[-0.398733375552584,44.743517649711784],[-0.398590353876646,44.743511135839576],[-0.398407048561854,44.74350757031279],[-0.397874188969785,44.743521760538904],[-0.397522713636654,44.74353074330267],[-0.397456651829488,44.7435318691516],[-0.397211559983956,44.74353740649852],[-0.397045795269965,44.7435374457833],[-0.396942329085583,44.74353476260942],[-0.396726765617478,44.743528849721336],[-0.39653720386035,44.7435179936072],[-0.396056718894579,44.74348028518162],[-0.39573657484535,44.743446939263585],[-0.395511260737755,44.743424021270904],[-0.395380613420668,44.74340883337446],[-0.394921171620405,44.743357318248066],[-0.394536282182863,44.74330288495527],[-0.394400471661257,44.74327965388909],[-0.394061403851229,44.743230212339775],[-0.393966961666069,44.74321571529319],[-0.393829912581782,44.74319080935218],[-0.393366642225484,44.743092546300616],[-0.393169197146001,44.743049485291934],[-0.393166557620424,44.743049746405035],[-0.393136496889031,44.74305237974435],[-0.393070699472685,44.74245009626493],[-0.393059033773599,44.74232798979349],[-0.393089803763013,44.74233083163987],[-0.394187042118458,44.74242912833497],[-0.394273974763247,44.74201752915308],[-0.394339387569332,44.742024535245356],[-0.395503201033628,44.742134475106205]]],[[[-0.391973955879863,44.72765533556832],[-0.392015678502251,44.72762612215191],[-0.392377102709668,44.727372913737526],[-0.392533675955665,44.7272673692758],[-0.392552329548103,44.72720777373287],[-0.392544287268898,44.72715197006438],[-0.392532264333195,44.72705321449137],[-0.392514763644605,44.726983102430786],[-0.392464238788395,44.726809741997045],[-0.392369986405316,44.72656734358686],[-0.392313216377555,44.72643085040641],[-0.392298826821518,44.726408132408174],[-0.3922572856127,44.72635858186652],[-0.392154135971559,44.72624531720412],[-0.392050285700228,44.726122521985396],[-0.392044310674773,44.726092607434765],[-0.392047478155982,44.726065476560564],[-0.392065882586505,44.72603319291423],[-0.392090790757176,44.726003954023646],[-0.39216505066776,44.72592949812102],[-0.392267807084498,44.725816141318575],[-0.392311559998993,44.7257598317312],[-0.392611946368395,44.72588228043354],[-0.392650427796698,44.72589786199836],[-0.393094217227687,44.726079984398936],[-0.394623482482734,44.726690110410566],[-0.394779482945832,44.72650185657522],[-0.394822019889592,44.726465227815346],[-0.39486113121293,44.72643257894953],[-0.395125511677061,44.72652377486261],[-0.395227783314258,44.72657001991465],[-0.395266587535239,44.72658883477415],[-0.395398455812535,44.7266500317514],[-0.395491807915437,44.726705561455944],[-0.395587444975834,44.72676543653002],[-0.395811811167228,44.72689940038027],[-0.395621815736961,44.72709194263575],[-0.395960982700162,44.727171831314806],[-0.396329584369362,44.727255591881075],[-0.396423529123484,44.72709059627741],[-0.396476668196613,44.72699299553752],[-0.39665796518726,44.72667528139669],[-0.396520487094155,44.72661750206907],[-0.396461424066528,44.7265897572641],[-0.396333955428482,44.72651770309491],[-0.397186462888473,44.726114240356274],[-0.397019715688051,44.72595481140619],[-0.396859632587559,44.72580734298891],[-0.396719550132621,44.725687556099324],[-0.396630677159517,44.72554709376794],[-0.396516559169835,44.72535487018437],[-0.396382234739677,44.725437209717214],[-0.396276944799256,44.72533257512426],[-0.396160268581629,44.72518170142937],[-0.396494705513297,44.72501383263525],[-0.396231765811498,44.72479148175335],[-0.396257316152459,44.72477501818056],[-0.395975987048436,44.72452439488603],[-0.395992299008437,44.7245182173306],[-0.396046010058039,44.724495032503356],[-0.396094572517814,44.72446822087158],[-0.396139680551442,44.72443025109618],[-0.3963225552285,44.72427487256459],[-0.396519163060827,44.72411249407228],[-0.396739022218546,44.723950032488936],[-0.396861878682942,44.72385786161732],[-0.397029954847213,44.723740062473226],[-0.397182004109617,44.72363735322696],[-0.397297814438823,44.72354783113989],[-0.397459642030513,44.723391474541124],[-0.397744178882727,44.7231719666383],[-0.397772544657434,44.723160282362194],[-0.39778657054826,44.72316021226584],[-0.39833277732891,44.72337854877936],[-0.398230532550408,44.723451975885865],[-0.398445130570548,44.72356244410072],[-0.398433752275801,44.72357495868867],[-0.398576904823916,44.72364724959497],[-0.398600649620021,44.723630210097525],[-0.398641432574658,44.723602284463354],[-0.39869624793776,44.72355347231262],[-0.398700440910516,44.723549648937365],[-0.39874897823542,44.723572669322735],[-0.398874221238723,44.72364559988404],[-0.39909017133149,44.72377422822285],[-0.39912102714196,44.723830953000686],[-0.399158251477191,44.72387802034033],[-0.399205232904221,44.72392758154135],[-0.399287539908761,44.72399696410294],[-0.399344376822858,44.72404018502191],[-0.399405342732667,44.724076430521784],[-0.39981644455142,44.724321978286525],[-0.400166505744401,44.72453209288359],[-0.400456748579647,44.72470610650274],[-0.400584307460473,44.724785902869286],[-0.400692793841538,44.72485547147996],[-0.400785777103758,44.72492785923688],[-0.400958292325632,44.725065478326606],[-0.401049532705219,44.72514666041025],[-0.400883572193272,44.72523457340157],[-0.400674282480469,44.72529993731228],[-0.400770023345791,44.72548902699499],[-0.400902094008349,44.72544477892752],[-0.401016271920887,44.7256147386792],[-0.40129464961464,44.72553382442327],[-0.401318607392361,44.72559139147146],[-0.401382524790379,44.72572657965803],[-0.401514241320709,44.72600260393001],[-0.400885707633882,44.72617528886834],[-0.400086605887115,44.726399527541034],[-0.400219191114984,44.726572887738975],[-0.399942239252453,44.72665240362671],[-0.399534520901076,44.7268584886118],[-0.399804192946499,44.72712910660588],[-0.399653479169173,44.727228894803865],[-0.39960214219249,44.727262101127906],[-0.399623302786905,44.72727758151214],[-0.399326996247739,44.727536835012856],[-0.399399757118829,44.72755902127983],[-0.399030290167263,44.72806986356012],[-0.399001404979651,44.728093909556335],[-0.39909882880415,44.7280995689674],[-0.39894322117176,44.728338100360304],[-0.398704162192225,44.728691384510995],[-0.39862340571768,44.72866241439467],[-0.39836874120144,44.728514697434726],[-0.398248659412041,44.72845413314165],[-0.3978268568616,44.72833317284241],[-0.397657862864306,44.728285283278964],[-0.39743994610838,44.72817455424854],[-0.397111973278882,44.72863185052165],[-0.396972773716732,44.72881779002688],[-0.396746312443266,44.72875607293507],[-0.39642912297302,44.728665599557246],[-0.39622162059864,44.72860591302037],[-0.395878752173722,44.72850045617227],[-0.395636777460555,44.72842461449459],[-0.395177187551877,44.72828903362496],[-0.395040186187311,44.72824547557287],[-0.39476114679878,44.72817752726339],[-0.394435107135505,44.728091104539665],[-0.394273886708691,44.72805675883172],[-0.394055339729953,44.72801506916408],[-0.393989374782984,44.728004926417626],[-0.39395678101396,44.72800105963614],[-0.393919437420121,44.727987606281864],[-0.393865345046125,44.72800034857716],[-0.393664950322296,44.72809191921304],[-0.393315646925091,44.72825266506184],[-0.39288007436595,44.72845858715397],[-0.392172298166361,44.72879170770437],[-0.39209044627374,44.72882836860658],[-0.392058363101533,44.72883926410772],[-0.392016681070271,44.72884820090311],[-0.39197255429209,44.72885432898277],[-0.39191983951229,44.72885639477252],[-0.391879547168415,44.72885483585081],[-0.391828110767152,44.72884875227612],[-0.391775164587559,44.728836497154376],[-0.391698512755284,44.728810550274595],[-0.391634580245352,44.728787998385975],[-0.391259506005575,44.72863674566434],[-0.391227692703519,44.728622761536016],[-0.391127633619689,44.728573381131184],[-0.391064866690053,44.728532410226116],[-0.391013964349076,44.72849323855181],[-0.390956546252329,44.728444534273436],[-0.39089589596949,44.728382051616414],[-0.390914737547338,44.728369579587095],[-0.390931515455838,44.72835852245951],[-0.390984521991202,44.72832355704404],[-0.391125923525498,44.728230464436926],[-0.391552896130428,44.72794263006185],[-0.391973955879863,44.72765533556832]]],[[[-0.391220227760202,44.73408725249443],[-0.391242019176402,44.73384688461225],[-0.391275658568714,44.733524151061104],[-0.391318868166014,44.7331588614119],[-0.39136378665437,44.732796763491265],[-0.391433216991121,44.732067515721205],[-0.391450436848002,44.73185828679356],[-0.391468612579361,44.73180330181192],[-0.39149177952819,44.73175771588408],[-0.39151077870183,44.73173316381698],[-0.391536286608075,44.731705438622924],[-0.391563091378671,44.73168244967376],[-0.39158803989199,44.73166222097216],[-0.391709351378401,44.731674003806724],[-0.391844070869646,44.73168591638805],[-0.391937915373935,44.731695026114494],[-0.392058645716317,44.731722325794124],[-0.392108621946187,44.73173350041212],[-0.392162927529717,44.7317514810445],[-0.392227048039213,44.73177709083976],[-0.392303848912631,44.73181591909121],[-0.392394497007391,44.73187054329359],[-0.392601818482103,44.73198998772738],[-0.392765612185912,44.73207940648646],[-0.392813779906239,44.73210460373207],[-0.392866023536333,44.732130306832815],[-0.393043754152301,44.732209746106534],[-0.393187174249495,44.73227365595833],[-0.393269756985985,44.732282569092696],[-0.39329434388562,44.73228569033473],[-0.393336603174674,44.73230304841332],[-0.393375897790479,44.73232365130382],[-0.393410831622259,44.73234321638059],[-0.393472635679111,44.732389081810666],[-0.393501016170762,44.73240479265524],[-0.393811924740838,44.73253547776012],[-0.39377739985026,44.73260231863359],[-0.39374070796242,44.73267724598221],[-0.393724462377931,44.73271180670569],[-0.393730541982809,44.732760191246115],[-0.393737851014,44.7327912364018],[-0.39375602412025,44.732836817165435],[-0.393772388723222,44.73286289884414],[-0.39380814511362,44.732908661485475],[-0.393844225895522,44.7329451325324],[-0.393899937382962,44.732996861657945],[-0.393975158966428,44.73304718162371],[-0.394095916236763,44.73310628829126],[-0.394274125221767,44.73319147833557],[-0.394234688732988,44.73327748381215],[-0.394085170893996,44.73361332336462],[-0.393925037726391,44.733995355670416],[-0.393646367397312,44.73392559000526],[-0.393632082087202,44.73395702678514],[-0.393230767736017,44.73385136975397],[-0.393080989977456,44.73426056775599],[-0.393053350369536,44.73434098465704],[-0.392921602903914,44.73456498825236],[-0.393260773948215,44.73467570521263],[-0.393800267705791,44.734850388550356],[-0.393705364968341,44.73498098792532],[-0.39367547116657,44.735011461359676],[-0.393541887172857,44.735127476492025],[-0.393472421673828,44.73520403911939],[-0.393233208879967,44.73552018851365],[-0.393021525705364,44.735802332042],[-0.393001287335927,44.735808449180084],[-0.39254291130359,44.73565614725449],[-0.392060693258078,44.73549628360173],[-0.391682730409574,44.7353775597237],[-0.391144767265096,44.73520516214122],[-0.391159197003042,44.734964298789265],[-0.391170715476514,44.73465837296852],[-0.391186545211878,44.73439250548628],[-0.391201267980912,44.734171187716406],[-0.391201990522383,44.73415800909656],[-0.391220227760202,44.73408725249443]]],[[[-0.390794901608264,44.72837586357934],[-0.390816875412391,44.7283943845141],[-0.390836769300673,44.72841405050778],[-0.390918260796015,44.728490943621914],[-0.390975259950417,44.72853479466683],[-0.391057197791887,44.728593921810685],[-0.39115508825195,44.72865346133966],[-0.391275022887896,44.72871800257534],[-0.39134650366226,44.72874834345517],[-0.391529918972637,44.72881535517829],[-0.391657910198824,44.72886045517425],[-0.391761684684101,44.72888548095913],[-0.391834292808573,44.728896773201036],[-0.391952805113017,44.72890206310863],[-0.392041499484396,44.72889501998441],[-0.392099174895629,44.72888297983772],[-0.39220884712513,44.72883600458449],[-0.392404806150805,44.72874835738266],[-0.392639227088412,44.728642409638205],[-0.392970872837984,44.72848644255032],[-0.393433307339765,44.728258520137395],[-0.393471670270261,44.72824067325276],[-0.393713580313255,44.728126924068604],[-0.393813363298943,44.728081602022556],[-0.393848746585006,44.728073037863226],[-0.3938858243984,44.72806532286872],[-0.393948436998807,44.72805970859523],[-0.394004090966352,44.72805818249045],[-0.394059937574023,44.728064039706595],[-0.394419600152673,44.728156731661],[-0.394994072086005,44.72830663471246],[-0.394453116069208,44.729047371158586],[-0.394095309230376,44.72891010643674],[-0.393911898714375,44.7288390436292],[-0.393543900992674,44.72924736266361],[-0.393204456468966,44.72907709155158],[-0.392841276180981,44.72950670727813],[-0.392645939398748,44.72938671614498],[-0.392422858911556,44.72910221786842],[-0.391748140764478,44.72954561170348],[-0.391524769760477,44.72972799500272],[-0.391430816355247,44.72982395989304],[-0.391404487103266,44.72985062887734],[-0.391265938132969,44.72999319643545],[-0.390372841359598,44.72949411337594],[-0.390087009810322,44.72925262394381],[-0.389904066991833,44.72909485187033],[-0.389894467296703,44.72908658512774],[-0.389885980007064,44.7290799964615],[-0.389911866925966,44.72905856793838],[-0.390237768547365,44.728788251963074],[-0.39056505890875,44.72852005512937],[-0.390765461763213,44.72835721087828],[-0.390785049553376,44.72836760464576],[-0.390794901608264,44.72837586357934]]]]}}]}
