{"type": "FeatureCollection","name": "aoc_geojson","features": [{"type":"Feature","properties":{"dt":"Bordeaux","type_prod":"Vins","categorie":"Vin tranquille","type_denom":"appellation","signe":"AOC","id_app":64,"app":"Premières Côtes de Bordeaux","id_denom":123,"denom":"Premières Côtes de Bordeaux","insee":"33381","cvi":"1B153D","nomcom":"SAINT-CAPRAIS-DE-BORDEAUX","insee2011":"33381","nomcom2011":"SAINT-CAPRAIS-DE-BORDEAUX","id_aire":122,"crinao":null,"grp_name1":null,"grp_name2":null},"geometry":{"type":"MultiPolygon","coordinates":[[[[-0.451519603137289,44.751366464726964],[-0.451599736395562,44.7511638184817],[-0.451709700340455,44.75094239931539],[-0.451895573132927,44.750544328654996],[-0.452054934926971,44.75022945052368],[-0.452095608361529,44.75014833942798],[-0.452353783063025,44.74966123186964],[-0.452193419221286,44.75026460448659],[-0.452182586163108,44.75030855856493],[-0.452181161424383,44.750314190200434],[-0.452164929178338,44.750375254486464],[-0.452151700216691,44.7504255012876],[-0.452142571113357,44.7504621929268],[-0.452140093982287,44.75047128179435],[-0.452106959516443,44.7505928004233],[-0.451992612471272,44.751018830932246],[-0.451870739083442,44.75145825294063],[-0.451634597242368,44.752333345007855],[-0.451316918605106,44.752275748706296],[-0.451347009937348,44.752063397640136],[-0.451362063156442,44.75197073934299],[-0.451414164066752,44.75173580401998],[-0.451459254278653,44.751555607641286],[-0.451518402391333,44.751369566110895],[-0.451519603137289,44.751366464726964]]],[[[-0.449716109338661,44.75401359739445],[-0.450249669484381,44.753469163663304],[-0.450306052796764,44.753413156921944],[-0.450341434850844,44.753379702762714],[-0.450482446794055,44.75340441696571],[-0.451473126166602,44.753510252713426],[-0.451560272163844,44.75352069371116],[-0.451688828017982,44.75353407947163],[-0.451799196933135,44.75383216943571],[-0.451867146337561,44.75402227014902],[-0.451910899425141,44.75414166259509],[-0.451912393631683,44.75414540091738],[-0.45194574341688,44.7542415971992],[-0.451260041685461,44.755251636978024],[-0.451148101933301,44.7552411572327],[-0.450496981773597,44.75515195393172],[-0.449845760215761,44.75506518317616],[-0.44886221005409,44.754931624535374],[-0.449330628017994,44.75443211963832],[-0.44955689379749,44.754195185045134],[-0.449709366767133,44.75402119697291],[-0.449716109338661,44.75401359739445]]],[[[-0.445708705167468,44.7435139372703],[-0.445833422709595,44.74342174248329],[-0.446024593866814,44.743281159798684],[-0.446680566955566,44.74293199953394],[-0.446988324063557,44.74297720966296],[-0.447041202551348,44.74268259647839],[-0.447204625299367,44.742314251278884],[-0.447263296812425,44.742324590276915],[-0.447344597400154,44.742316291622146],[-0.44740367224022,44.74227957745376],[-0.447533470428621,44.74214865279929],[-0.447538098897168,44.74213958720421],[-0.4475482613029,44.7421217882841],[-0.447568647966048,44.742091325125244],[-0.447584061238573,44.74207255166266],[-0.447590511664866,44.742064330494706],[-0.447611992445941,44.74204140300111],[-0.447639508258659,44.74201585445641],[-0.44764267498486,44.74209226431316],[-0.447634689929622,44.74218064637025],[-0.447566676117488,44.74247582127567],[-0.447544412643985,44.74261799657482],[-0.447476851495408,44.74279474493508],[-0.447458282167433,44.7428486717647],[-0.447432743992291,44.74290236498718],[-0.447403917122772,44.742949852476954],[-0.447349929984846,44.74303038483266],[-0.447420032911718,44.74306217593534],[-0.447428484330566,44.74306596802067],[-0.447449821487243,44.743075757142236],[-0.447375898126765,44.74317141890245],[-0.447342522172495,44.74321895789202],[-0.447250365172985,44.743355469096805],[-0.447223481217752,44.743405779757964],[-0.44720775559827,44.743427716948204],[-0.447213726452806,44.74343023453859],[-0.447107922523823,44.74351120844853],[-0.447091225180758,44.743531734016415],[-0.447008841060475,44.74363378679383],[-0.446994878642977,44.74364323305426],[-0.44694665466396,44.7436754638442],[-0.446940384117912,44.74368043519535],[-0.446930618972696,44.743688218813226],[-0.446904565123095,44.743706692603695],[-0.446842542779634,44.743746922629086],[-0.446795475950618,44.74377740512394],[-0.446684084332926,44.74383737528233],[-0.446677862779126,44.74384108346886],[-0.446676035828515,44.74384222172952],[-0.446671246645185,44.74384660625704],[-0.446625121088923,44.743888323873],[-0.44660451598564,44.74390698844752],[-0.446592244305294,44.74391926573755],[-0.446575267252384,44.74394142201515],[-0.446552569071822,44.74397132611137],[-0.446545505851819,44.74396749074586],[-0.446346715405648,44.74385995186715],[-0.446233510781579,44.74397494872091],[-0.44614493695693,44.74406475744643],[-0.446115895068743,44.7440943181839],[-0.446406922949872,44.74424404462483],[-0.446413580012645,44.74424744206214],[-0.44639279848639,44.744283864932854],[-0.44638442865757,44.74429791318816],[-0.446346457124529,44.74436127506713],[-0.446297068417245,44.74443229167511],[-0.446277776944267,44.74446001701154],[-0.446240410805434,44.74451056353917],[-0.446209774927089,44.74455125817639],[-0.44620811880616,44.74455518470724],[-0.446203782603975,44.744571089960004],[-0.446180583221749,44.74465679136439],[-0.446171147461718,44.744686462841905],[-0.446169979633354,44.744690103827224],[-0.446160331626682,44.74470599416403],[-0.446134963278488,44.744745984143016],[-0.446116056312968,44.74477586026537],[-0.446077550650816,44.74483464275157],[-0.445954076486272,44.74501114763854],[-0.44589828419791,44.74508704936583],[-0.445876457639682,44.74511674595323],[-0.445868700976191,44.74512635940114],[-0.445859747800999,44.74513501880771],[-0.445853790585821,44.74514304428452],[-0.445816477732083,44.7451490717026],[-0.445750713685588,44.74515922865],[-0.445646489277587,44.74517319572635],[-0.445486631052604,44.74519961763359],[-0.445393546556756,44.74521585119786],[-0.445291738579506,44.74523830376245],[-0.445180966199764,44.74526923569677],[-0.445076143134852,44.74530439810048],[-0.445003085792785,44.74533586863844],[-0.444921272847391,44.74537716381238],[-0.444899464625853,44.74539478408404],[-0.443291854622847,44.74475179557172],[-0.442888256361965,44.744589070121094],[-0.443448889215964,44.744167106892995],[-0.44347828273331,44.74418250376368],[-0.443572290286998,44.744127673493736],[-0.444151677074824,44.74442091352903],[-0.445226663401793,44.743785947518624],[-0.445708705167468,44.7435139372703]]],[[[-0.444938854966549,44.75859476419322],[-0.444953905130696,44.75852869135862],[-0.444963016279343,44.75850605910518],[-0.444975736484801,44.75829668361366],[-0.445007498632014,44.75829281193861],[-0.445351854448937,44.758250739773985],[-0.445854004523627,44.758189248517944],[-0.445853678851055,44.758119959142384],[-0.446264199214549,44.75830102644761],[-0.446908396559448,44.758454273545155],[-0.447876491087749,44.75876595225524],[-0.44834160820981,44.75914203704533],[-0.448400281443444,44.75918923367274],[-0.448248012588743,44.75928228867912],[-0.448301967006055,44.75931647525956],[-0.448032032651859,44.75949555981539],[-0.447963970505239,44.759474698954236],[-0.447300721315577,44.759957822484154],[-0.447211578201351,44.76002016401767],[-0.447177149073876,44.759990866311085],[-0.446988223575135,44.75984093473516],[-0.446967287400131,44.7598542927338],[-0.44621922692351,44.76033653432306],[-0.445941391686384,44.76019909993493],[-0.445844454197158,44.760039365513485],[-0.445356213697051,44.759717158408],[-0.444751982046634,44.759320426070374],[-0.444635058823484,44.75922664675431],[-0.444551607384313,44.759158951379064],[-0.444371378596206,44.7590475853662],[-0.444425987404574,44.75900578531477],[-0.444657273785522,44.75882746128684],[-0.444779178582479,44.758736256941965],[-0.444933871132226,44.75861663725421],[-0.444938854966549,44.75859476419322]]],[[[-0.444319693993986,44.75136993850106],[-0.44450045299252,44.75120958695945],[-0.444760430086749,44.75095926818186],[-0.444898752355685,44.75081636677506],[-0.444942530073039,44.75075066202647],[-0.444952262995804,44.7507175569851],[-0.444951724751743,44.7506716145109],[-0.444951611313668,44.7506346704336],[-0.44496678931243,44.75060581169275],[-0.444988710254737,44.750592062923744],[-0.446272672976763,44.75068061854214],[-0.44623520022797,44.7509606041696],[-0.447359155310537,44.75107115880604],[-0.447743546895916,44.75098358447882],[-0.447853879677058,44.750277062341105],[-0.447421330996756,44.75006379644732],[-0.445414992080472,44.750249066057066],[-0.445743325433056,44.749964897125224],[-0.445771435156373,44.74994690039461],[-0.445841159570878,44.749908414007535],[-0.445908455383976,44.749879825805074],[-0.445993207536345,44.7498492524911],[-0.446171001340942,44.749799562791516],[-0.446217935837316,44.74978746847666],[-0.446724922453829,44.749672021208276],[-0.447058519769828,44.749599727658065],[-0.447579626628256,44.749514566468974],[-0.447843273386987,44.74947707030903],[-0.448385500218247,44.749408459885224],[-0.448522263824129,44.74939500909839],[-0.448682170200957,44.74938363101452],[-0.448781190688722,44.7493774832335],[-0.448891213600877,44.74936928048669],[-0.448973881421861,44.74936661566812],[-0.449075485575767,44.74935723308284],[-0.449228783549884,44.74934326642684],[-0.449446904131412,44.74931403326701],[-0.44966364436571,44.74927673220404],[-0.449808018335716,44.74922861830395],[-0.449984065866257,44.74915879067828],[-0.45019840020772,44.749053435555446],[-0.450387463308614,44.74895048950872],[-0.450498551550175,44.74889989726272],[-0.450676441509888,44.74883127270572],[-0.450757080966729,44.748805870301375],[-0.450892888773291,44.748764510244484],[-0.450998063130024,44.74873708144104],[-0.45103881253449,44.74872932313435],[-0.451074575436455,44.74872685684851],[-0.45111787973281,44.74872776017608],[-0.451180169272409,44.748737173550154],[-0.451212605312988,44.748746435915],[-0.45124874806584,44.748762521706],[-0.451312070702196,44.74879082724777],[-0.451539537272383,44.748936574953525],[-0.451823067445899,44.749124191007546],[-0.452003601863858,44.74923256061275],[-0.452211740918368,44.749355929875684],[-0.45224066462664,44.74937800787168],[-0.452273643102768,44.7494125757536],[-0.452297604811442,44.749475360827105],[-0.452297764863069,44.749521225106555],[-0.45228609979292,44.74955574290227],[-0.451988583968955,44.75012094597472],[-0.45196735101173,44.750164413166495],[-0.451779595567878,44.750542086197456],[-0.45164514526554,44.750793105915164],[-0.451585558863766,44.75091842267878],[-0.451531535511093,44.751039600896114],[-0.451462186818774,44.75121397485762],[-0.451373302119083,44.751484210732414],[-0.451324302773188,44.751660473654326],[-0.451293427763125,44.751814723990584],[-0.451249396150135,44.752041026937036],[-0.451228569646834,44.75216531578513],[-0.45120847981073,44.75229336656632],[-0.451189391382168,44.7523676767175],[-0.451168815481084,44.75245690244009],[-0.451122451960995,44.7525648649679],[-0.451107169149194,44.75260021630665],[-0.451043366664248,44.752700161182894],[-0.450990011295166,44.75277869321069],[-0.450917743144499,44.75285610234404],[-0.450854966867641,44.75291095688371],[-0.45080103852358,44.75295336995848],[-0.45073543317331,44.7530012834944],[-0.450665353846056,44.753046362549114],[-0.450544852934243,44.7531188760163],[-0.450510411154612,44.75314085615825],[-0.450480468655903,44.753159902493906],[-0.450422027290901,44.75319885132549],[-0.450408661094106,44.75320773871697],[-0.450348856770152,44.75325745383167],[-0.450288235687132,44.753310348434226],[-0.450224647859448,44.753370544746005],[-0.450166717367616,44.75342813162475],[-0.44999786673915,44.75360722652951],[-0.44984821553299,44.75376121139851],[-0.449468490493484,44.75415188910627],[-0.449208801506426,44.75442537035668],[-0.448677915259223,44.75496421829603],[-0.448631097052912,44.75500920243404],[-0.448534783260021,44.75510294878907],[-0.448431921900328,44.755215733262375],[-0.448353802687407,44.755313328617135],[-0.448271380482038,44.755429441640985],[-0.448179494913123,44.75556035798496],[-0.448090669869266,44.75570406560813],[-0.448010052552725,44.75583931702478],[-0.447919160374143,44.75599264119549],[-0.447845795760179,44.756120367256024],[-0.447782560745119,44.75622353659909],[-0.44768837052491,44.75638291091816],[-0.447618806021603,44.756502498153765],[-0.447583346828281,44.75656569219235],[-0.44757524448499,44.756580002573614],[-0.447538364735389,44.75664684547416],[-0.44751413178951,44.75668067253946],[-0.447486673103618,44.75670108254551],[-0.447439838500603,44.756716959036716],[-0.447413549652658,44.75672138200142],[-0.446840830494855,44.756506256910235],[-0.446908271663178,44.75642215204141],[-0.446911206974404,44.75641845602986],[-0.447017887797623,44.756285368134144],[-0.447091199012249,44.75619387113212],[-0.4470916653497,44.75619322580268],[-0.447093432036327,44.7561910981378],[-0.447050353253056,44.75617333427388],[-0.447050095270419,44.756173252187054],[-0.446499602885465,44.755947160525345],[-0.446249599858888,44.75625935326605],[-0.445745165541244,44.75599848167334],[-0.445939851945142,44.755685488065645],[-0.445745149369403,44.7556019703882],[-0.445539019201138,44.75551358116995],[-0.44535480061117,44.75579515823549],[-0.44472866628956,44.755457233989965],[-0.444927375912761,44.755152047430144],[-0.445258810223798,44.75463726656319],[-0.445781884173214,44.75383013260923],[-0.445824884376411,44.753745527261465],[-0.445853395711986,44.75366182329869],[-0.445864987928333,44.753582701001754],[-0.445858252765676,44.753495497805034],[-0.445841645324264,44.75343293317394],[-0.445817265262439,44.753365293528574],[-0.445806243857626,44.7533195870581],[-0.445793382712363,44.75320671111808],[-0.44579054046499,44.753083971127246],[-0.44590098499296,44.75310522646901],[-0.446010046614397,44.753126614851176],[-0.446187489261371,44.75309991596053],[-0.446240407718628,44.752983190759956],[-0.44623427164046,44.75298212008],[-0.446185254125904,44.752972651253124],[-0.446119551486867,44.75295919579809],[-0.44594696652366,44.75292482486374],[-0.445837620338856,44.752904977264066],[-0.445864097870091,44.75279015637751],[-0.44587604430183,44.752723008533856],[-0.445861805004938,44.75269082952582],[-0.445895909855675,44.75269634681236],[-0.446069287342861,44.75249603047477],[-0.446296556227539,44.752535368047795],[-0.446465706105398,44.75213611583279],[-0.446513503645692,44.75214219806235],[-0.446623459241674,44.75183156973722],[-0.44620832565445,44.75177257639857],[-0.446180442034442,44.75173649646593],[-0.445897379817237,44.75169880475716],[-0.445853403320621,44.75186238228912],[-0.445828871097911,44.751860352028096],[-0.445751339430031,44.75185402318586],[-0.445216847504043,44.75182018758102],[-0.445044573438187,44.751761924928275],[-0.444852863152636,44.752335980844144],[-0.445055296781609,44.75239727075337],[-0.444695918813825,44.7522885052622],[-0.444463497891407,44.75222283057584],[-0.444270646052923,44.75217755264027],[-0.443754356486605,44.75207339392665],[-0.443582444904959,44.75203755665242],[-0.443541498788776,44.752015309579605],[-0.443521111333907,44.75199422554886],[-0.443519724211899,44.75197570476791],[-0.443525200968043,44.75194949092107],[-0.443694805560755,44.75183202242741],[-0.443876948311272,44.7517086666622],[-0.444035110557513,44.751598492388005],[-0.444188226791875,44.751480274244564],[-0.444319693993986,44.75136993850106]]],[[[-0.4414998903152,44.755592939640316],[-0.441562290942056,44.75554828551789],[-0.441483132755731,44.75546792865325],[-0.441336524096584,44.75536831015348],[-0.441254051196852,44.75531644271106],[-0.441203276852089,44.755280351866986],[-0.441162794215386,44.755249167953565],[-0.441153819570173,44.755243048569945],[-0.441131177289844,44.75522852248501],[-0.440810566044709,44.75509826330112],[-0.440605682433539,44.7553752470354],[-0.439872725466974,44.75505611497213],[-0.439589950457046,44.75493233703567],[-0.438753821150797,44.75558541900093],[-0.438869198322595,44.75573692608936],[-0.438835609112769,44.755777079384494],[-0.439059760214807,44.75613959472564],[-0.439097458638531,44.75620177564462],[-0.438754346079537,44.756605245211894],[-0.438669837255813,44.75671240366102],[-0.438669601286226,44.756712681335465],[-0.438669985495138,44.75671275952239],[-0.438883783183869,44.75751184853412],[-0.438649677905947,44.75788210456797],[-0.438649332195416,44.757882655997605],[-0.438649183953139,44.75788230013605],[-0.438575677826748,44.75774544315979],[-0.438097904300588,44.757589235394704],[-0.438052604762794,44.75757442072945],[-0.437926434511423,44.757771816298956],[-0.43763568869038,44.75822736567417],[-0.437581206931717,44.75831268431391],[-0.437165981158049,44.758263120813936],[-0.437165404945689,44.75826403985575],[-0.437117974243353,44.75833850573952],[-0.435668344203468,44.75810790889478],[-0.43453825666469,44.7578345826329],[-0.43391126295778,44.757678568757626],[-0.433655044710172,44.75761478031335],[-0.433193555491919,44.75749093925933],[-0.433323358424891,44.7574190583321],[-0.433681667565243,44.75721816648668],[-0.433713368856041,44.757200872693474],[-0.433764636213024,44.757168463632354],[-0.433814273412026,44.75713628531945],[-0.43387989820587,44.75709252705142],[-0.433952185343205,44.75703567561772],[-0.434030212304894,44.75695891080933],[-0.43412181034476,44.75684757126421],[-0.434208978049431,44.75672375280468],[-0.434398623287675,44.75644310911147],[-0.434451670024885,44.75635702564461],[-0.434500002456938,44.75627865806976],[-0.435635297060187,44.75664806578367],[-0.43580825358504,44.75634694016845],[-0.435933427364615,44.75612903174409],[-0.434801996764314,44.75579789689613],[-0.434824700042967,44.755761687162206],[-0.434946805096014,44.75557631682649],[-0.435028776959279,44.75545238846379],[-0.43517023124783,44.75524632190065],[-0.435231574225151,44.75516151266346],[-0.43532811590867,44.75502974263507],[-0.435351362417838,44.75500036473111],[-0.435458194291757,44.754869356772986],[-0.435576660808911,44.75473627557932],[-0.435691889925894,44.75461852424692],[-0.435955764033414,44.754371080456416],[-0.436071920318633,44.75426645683525],[-0.436125970007658,44.75421548652844],[-0.436198924385589,44.754138607094326],[-0.436215760384341,44.754116096462695],[-0.43628844734828,44.75399966443061],[-0.436320650746717,44.753922337135684],[-0.436345268488442,44.75383677432193],[-0.43635275685684,44.75380410028289],[-0.436363371690559,44.753752224685776],[-0.436369582785278,44.75367795678716],[-0.436357750322521,44.7535650484042],[-0.436332163275708,44.753440220957216],[-0.436311493360093,44.75336894993805],[-0.436303653447355,44.75333999569259],[-0.436225632869464,44.75316218502961],[-0.436152605431229,44.75302675404663],[-0.436101018634312,44.752929677908355],[-0.436128047666017,44.75292703695463],[-0.436339611988244,44.75299094297104],[-0.436605729677263,44.752672777074274],[-0.436628832034754,44.75264520566432],[-0.436837771420059,44.75243442918307],[-0.437434700975716,44.752645607543016],[-0.438538617839533,44.753036323487706],[-0.439248403573783,44.75328733413319],[-0.440829468727103,44.753846775425444],[-0.441510201539718,44.75408768078375],[-0.441579880031075,44.75411237005258],[-0.441875059590166,44.75421151614332],[-0.442133883782186,44.7543014281009],[-0.442426426322983,44.75440498032488],[-0.442756450034857,44.75453611370487],[-0.442997225004722,44.75464722142811],[-0.443211967931608,44.754750396747575],[-0.44347686230222,44.754893916359386],[-0.443787239751975,44.75505936116895],[-0.443832738515025,44.75508362946662],[-0.443638741686004,44.755430751604074],[-0.443415855216575,44.75569649551633],[-0.443541525028606,44.75574945146231],[-0.443599970023702,44.75566914300397],[-0.443616414805497,44.75567539039188],[-0.443965798183977,44.75579411335755],[-0.444305018612651,44.755333974275636],[-0.444441373593309,44.75540651257396],[-0.44411015161098,44.755871269647166],[-0.444204215053554,44.755903760102164],[-0.444884873798049,44.75610770075513],[-0.444591703771303,44.75643799378971],[-0.444560043315011,44.75647241162998],[-0.445067455923709,44.756730312256465],[-0.445026194278192,44.75677935738683],[-0.445359809671803,44.75694813076597],[-0.445451700280952,44.75699465587939],[-0.445463194885351,44.75700060643057],[-0.444465444753918,44.75780826387998],[-0.444581185022258,44.757880722450494],[-0.444571444137441,44.757886882964264],[-0.444559772103827,44.7578966180744],[-0.444529745397844,44.75792674961909],[-0.444521602512724,44.75793628484946],[-0.444502711303184,44.7579623752954],[-0.444494695144293,44.757973979257784],[-0.444419846914763,44.75809210651127],[-0.444351636001318,44.75819470752124],[-0.444372558840117,44.758263716759245],[-0.442894375145949,44.759013214729436],[-0.441501594691049,44.758428931797546],[-0.440960770100382,44.75815204699597],[-0.4409607535865,44.758151777160556],[-0.440484336856113,44.75796417678443],[-0.440308667267409,44.7579023169295],[-0.440248656368654,44.75748171672073],[-0.440260733795349,44.75669724152795],[-0.440426034250422,44.75644708110428],[-0.440852259838253,44.75609166905395],[-0.4414998903152,44.755592939640316]],[[-0.444514078829468,44.75791876592516],[-0.444398550916699,44.75786216115086],[-0.444243138624528,44.75778832276115],[-0.443950642508792,44.75761979927407],[-0.443717400340196,44.7574625896503],[-0.443515385472661,44.757311347625276],[-0.443304290424684,44.75717084106092],[-0.443225189860002,44.75709976542685],[-0.442930248815353,44.756862286488065],[-0.44282408466781,44.75678916820373],[-0.442722604150997,44.75669752053397],[-0.442642456981251,44.7566279189321],[-0.44250044533277,44.75654149607256],[-0.4424347360602,44.75648460252458],[-0.442325688208006,44.75636642524955],[-0.442093894887891,44.756131487430736],[-0.442034678652289,44.75618271148122],[-0.441333051839164,44.75708044389054],[-0.444529745397844,44.75792674961909],[-0.444514078829468,44.75791876592516]]],[[[-0.4439016099208,44.741417291338045],[-0.443855587754223,44.74116748006385],[-0.443740799288135,44.74065982374811],[-0.443740475293132,44.74065866232077],[-0.44374105719483,44.74065990584221],[-0.444168140112028,44.74060570893233],[-0.444243738151275,44.74059930208243],[-0.444243864350772,44.740599298156674],[-0.444243853334456,44.74059911826786],[-0.444594023812411,44.74054226573553],[-0.445024209036214,44.74050364910726],[-0.445050754949229,44.74050354406438],[-0.445166745948788,44.74048984199],[-0.44762419977712,44.74023564011369],[-0.447624441146961,44.740235452366036],[-0.447728410269383,44.740225726551124],[-0.447811262281627,44.740314974698535],[-0.44786980486617,44.74043255527818],[-0.447885179761314,44.74058022709377],[-0.44790218866303,44.74074217646865],[-0.447909459081986,44.740833958443766],[-0.447897840888466,44.7409909417585],[-0.447878731362023,44.741124728211524],[-0.447554195834988,44.74118106327975],[-0.447123875554908,44.741277368027724],[-0.446947827303342,44.74132826725156],[-0.446781537102299,44.74134858347372],[-0.446548188421019,44.7413846844712],[-0.446325372935893,44.74139459385445],[-0.446162063699664,44.74140165943081],[-0.445974242732558,44.741404891730426],[-0.445798214108285,44.74141073054393],[-0.445556122122701,44.74141970630809],[-0.445260045561046,44.741439102587655],[-0.444694543373764,44.741481569407775],[-0.444723489531767,44.74166928125044],[-0.444745809596938,44.741798353620155],[-0.444762533220936,44.74190624265781],[-0.444012644797061,44.74202878774462],[-0.444109225822152,44.74239183396833],[-0.444901416799499,44.74232609694261],[-0.445518110706684,44.742281135175844],[-0.445687978005216,44.742267558432154],[-0.44645958023921,44.74223110773256],[-0.446469445169795,44.74224765234674],[-0.446419969941631,44.7422759567662],[-0.446357407697787,44.742323863195864],[-0.446309746237102,44.74238383191071],[-0.446301068146808,44.74241347980671],[-0.446275378354518,44.74251836328657],[-0.446236462472675,44.74263645487753],[-0.446198644535315,44.742696117164826],[-0.446159497704344,44.74273203019502],[-0.446027461763818,44.74278110740181],[-0.445891419021083,44.74282670450513],[-0.445835542409059,44.742845475344986],[-0.445640748427516,44.74293516485089],[-0.445579565917175,44.74297671976042],[-0.445566344119819,44.74298587244169],[-0.445472338639771,44.743055122979925],[-0.445394044237029,44.743108384625735],[-0.444875634265126,44.74311072681279],[-0.444791328920483,44.74315669540817],[-0.444292353952148,44.743088229966965],[-0.443863672596073,44.743193031511815],[-0.443294917863139,44.74332723955982],[-0.44313278838627,44.74303147476849],[-0.443115798627527,44.74299974163487],[-0.442969725419884,44.742724564496314],[-0.442831732861085,44.74245949928991],[-0.442649645912878,44.7425068844896],[-0.442604264355209,44.74238727005583],[-0.442526392767987,44.74218305583253],[-0.442474222189161,44.74205373972537],[-0.442419944101644,44.74192097461756],[-0.442364420763096,44.74178851855918],[-0.442415420480073,44.74177476735272],[-0.442787254145418,44.74167507311676],[-0.44276815666462,44.741610963843215],[-0.443060847514634,44.74155689488827],[-0.443321446322418,44.74151355566841],[-0.4439016099208,44.741417291338045]]],[[[-0.441708551663564,44.76021265963962],[-0.441986328672743,44.7602170945152],[-0.442135638828646,44.76022425961278],[-0.442308433264356,44.76024520335784],[-0.442452459933296,44.76026316596209],[-0.442620398412002,44.76026470491727],[-0.442769590808773,44.76023276234989],[-0.442876802579562,44.76016797045101],[-0.443163988839647,44.75992537140063],[-0.443439709808983,44.759722779187655],[-0.443908843119663,44.75942144268776],[-0.444096503221176,44.75927006947341],[-0.444278242337151,44.75905922302631],[-0.444431386774384,44.759159986712774],[-0.444484576791942,44.75919825408274],[-0.444601033313543,44.75929267887627],[-0.444794089540381,44.75944410785751],[-0.444969012761668,44.75955554817096],[-0.44508330798486,44.75962706005932],[-0.445209121722587,44.759709027517026],[-0.445258649130859,44.75973704509619],[-0.445341351617062,44.75978836211484],[-0.445458601507643,44.75986266546628],[-0.445506053472937,44.759908410328315],[-0.445577011277786,44.75998478445138],[-0.445685239522301,44.76008523166527],[-0.445797835965527,44.76018058648519],[-0.445889854021949,44.76025179940941],[-0.445983901577774,44.76031691131984],[-0.443243887371545,44.76177730180331],[-0.44261608926808,44.76217530506896],[-0.442217087002924,44.76236235125602],[-0.442111315273762,44.762378434836336],[-0.441929013359157,44.76241717267411],[-0.441799807628183,44.76245750451693],[-0.44138608239949,44.762604542851896],[-0.441300715060889,44.76263161668127],[-0.44121803628104,44.762653019702924],[-0.44113036102784,44.76266718835187],[-0.441066221288177,44.76267116354754],[-0.441012010450127,44.76266996397164],[-0.440963524135607,44.76266516211275],[-0.440918429677468,44.76265791183967],[-0.440867900646475,44.76264866758311],[-0.440803811980212,44.76263074278301],[-0.440746918835898,44.76260844907701],[-0.440681844927794,44.76257442400113],[-0.440624598534546,44.76254015574479],[-0.440313028814816,44.76229579584661],[-0.440163711652815,44.76217697432021],[-0.440008797181562,44.76206382354619],[-0.439916735391625,44.76200008683789],[-0.43984634764654,44.76195568274957],[-0.439760880868922,44.76190670039997],[-0.439643768226126,44.76184698563175],[-0.439423717323401,44.761733874316086],[-0.438600075502482,44.76132094223045],[-0.438194587924651,44.76111454780641],[-0.438239704658225,44.76092363312399],[-0.44027883783003,44.7607035128758],[-0.44114747972799,44.76040708121966],[-0.441366990056653,44.76030681053879],[-0.441708551663564,44.76021265963962]]],[[[-0.440308277544537,44.757902148803076],[-0.440307865464156,44.75789954823612],[-0.440308667267409,44.7579023169295],[-0.440308277544537,44.757902148803076]]],[[[-0.438904652114783,44.73961223109943],[-0.438862449412382,44.73958993164771],[-0.438667327276667,44.73952534134122],[-0.438511880532115,44.73949754725664],[-0.438366712001614,44.73947862554342],[-0.438144117549454,44.739452735971575],[-0.437712879405856,44.73942233027352],[-0.437541637735226,44.73940295542304],[-0.437193463951827,44.73940556431857],[-0.437192953665809,44.73940549004474],[-0.437478738163169,44.74070320088313],[-0.436734637162618,44.74075693917375],[-0.435896903797392,44.7409896634505],[-0.435851246345783,44.740989458198506],[-0.436068320489416,44.74162443343466],[-0.435990467931717,44.741664337405474],[-0.435774095500707,44.741788021479636],[-0.435464341474374,44.74196650898439],[-0.435339742858318,44.74178762094381],[-0.434633709175365,44.74197632779072],[-0.43472136551038,44.742138339490545],[-0.434779256417577,44.742245673339156],[-0.434614266966009,44.74229566879406],[-0.434456843974306,44.74234533918305],[-0.434479542338751,44.74240230893105],[-0.434308955361465,44.74254700851061],[-0.433775743673445,44.742507674161466],[-0.433733361465227,44.74240787914365],[-0.433624819797166,44.742400791755756],[-0.433624798179807,44.742290671548815],[-0.433624747981322,44.74227328085603],[-0.433624174125773,44.74208784140767],[-0.433283216267614,44.741972793545266],[-0.433299648075565,44.74178835880052],[-0.433388086335857,44.74146823057174],[-0.433409131441117,44.74139251198631],[-0.432973733455026,44.74138114062823],[-0.432804331410591,44.74137125348232],[-0.432541794565987,44.74124620250805],[-0.432626707900675,44.7411065048333],[-0.432650906846981,44.74096021857246],[-0.432635117335233,44.74084445949177],[-0.432576045519229,44.74049808579424],[-0.43255156456897,44.740368357985595],[-0.433135744409986,44.74038133549591],[-0.433708095190232,44.74040558072429],[-0.43374536532034,44.74034918424977],[-0.433761126846422,44.740298771605715],[-0.433767236679387,44.74024559436984],[-0.433786579751035,44.74005710424448],[-0.434155087908037,44.74007478221936],[-0.434255478103249,44.74009960414036],[-0.434337694850363,44.740110481127296],[-0.434428174481494,44.740113802412594],[-0.434571422216399,44.740121975053015],[-0.434975633379243,44.74012385400549],[-0.43502919292753,44.74060539055091],[-0.435650142453244,44.740533046426364],[-0.435670043583543,44.7405317980885],[-0.435712951041315,44.740524248703345],[-0.435649693807196,44.74034976577921],[-0.435623205724932,44.740185226092834],[-0.435585557334757,44.73975104726707],[-0.435561290028457,44.73942828637242],[-0.435561458664015,44.739410348197694],[-0.435562119017538,44.73929903533071],[-0.435544324502235,44.73922298949927],[-0.435481594031009,44.73902397892277],[-0.435391137510488,44.738733280267915],[-0.43536495228099,44.738633704360154],[-0.435359293518213,44.73860936859343],[-0.435360032923314,44.738592494099194],[-0.435367773355028,44.73857432099202],[-0.435386120024086,44.738560054205735],[-0.435410409185975,44.738549928560346],[-0.435697421353853,44.738537598181736],[-0.436182252080091,44.73850993602925],[-0.43644011804889,44.73849652574888],[-0.436718545486262,44.73845544203199],[-0.436909239871465,44.73842077580773],[-0.437153985559189,44.73839957063672],[-0.437567060856898,44.73839152222534],[-0.43790902651838,44.73837432581182],[-0.438384906730351,44.738353330063134],[-0.438639235601424,44.73836273355563],[-0.438680797989141,44.73836423627918],[-0.439012705284375,44.73838105200867],[-0.439572134190154,44.738446490043906],[-0.439746883172237,44.73845295631967],[-0.439798721486164,44.73844882256134],[-0.439692764494155,44.73896766503241],[-0.439666879948449,44.739017852472145],[-0.439735661990349,44.739154313214016],[-0.440175778816716,44.73912937455706],[-0.44014061982958,44.73893077104263],[-0.440190718640181,44.738922996426055],[-0.440358204802944,44.73889751621854],[-0.441046034335754,44.738792423608],[-0.44103877241295,44.73868406008301],[-0.441012991797757,44.73829366982402],[-0.441161970274,44.73827570244221],[-0.44153778059467,44.738251675449334],[-0.441634445908413,44.73825074328989],[-0.441876997041281,44.73824329339166],[-0.441967607679551,44.73822813067401],[-0.442035601560532,44.73821114777583],[-0.442184756197379,44.738171275440564],[-0.442372756384025,44.73812983465991],[-0.442579117539871,44.73810124986448],[-0.442845854677519,44.73807376104395],[-0.443126133286368,44.7380485539194],[-0.443288145586809,44.73802459113299],[-0.44340202837965,44.73800131396596],[-0.44340575912591,44.7380002967785],[-0.443493601410974,44.737975035821854],[-0.443690499505857,44.737909615598845],[-0.443781656390309,44.73786415551991],[-0.443897528866686,44.737786656434146],[-0.443931126710785,44.737751006928114],[-0.444090320236002,44.73764386374991],[-0.444149447856284,44.73761012346598],[-0.444310904941906,44.73751931058547],[-0.444732194306413,44.737319303641655],[-0.445419949814275,44.73701115470467],[-0.445571978835529,44.73694811858074],[-0.445657650676063,44.7369204902597],[-0.445764336818558,44.736895361888195],[-0.44582924644129,44.73688586206493],[-0.445909476399491,44.736882914390975],[-0.445989422560851,44.73688565278256],[-0.446171584112759,44.73690791867461],[-0.446445490914904,44.73696247347613],[-0.446432550351171,44.73707110532356],[-0.446440972612799,44.73719204883465],[-0.446448187716604,44.73733249493372],[-0.446443466493538,44.737422577432646],[-0.446438940250813,44.73750346205604],[-0.446468079853324,44.73764268498674],[-0.446473607441798,44.73781129976415],[-0.446109159055102,44.737853553850826],[-0.446189523000148,44.73846356934634],[-0.446233363812638,44.73891494648698],[-0.445222553438299,44.73892603860418],[-0.444678624454661,44.738996221243006],[-0.443715516730366,44.739113233297985],[-0.443733112221212,44.73940060563732],[-0.442710861047247,44.739689676708736],[-0.442352835940453,44.73987842653079],[-0.441785615667097,44.740018617641006],[-0.441396227166475,44.740116421261625],[-0.441162807075278,44.74023397766497],[-0.441101633588111,44.74035834599787],[-0.440455276829259,44.74032940950968],[-0.440053964092039,44.74034602424545],[-0.439510346266053,44.74028514329539],[-0.439510357267176,44.740285323184665],[-0.43877912410935,44.74017304345218],[-0.438951667663143,44.73975666773321],[-0.438967613908883,44.73968867595613],[-0.438962996943,44.73967106661392],[-0.438955849352014,44.739645155135456],[-0.438920176936713,44.73962049132518],[-0.438904652114783,44.73961223109943]],[[-0.438920334789535,44.739620575313225],[-0.438919676303405,44.73962014518844],[-0.438920176936713,44.73962049132518],[-0.438920334789535,44.739620575313225]]],[[[-0.439402284035242,44.74966647598019],[-0.439429530465846,44.74966121406021],[-0.439775397903075,44.7495950499654],[-0.440002264897346,44.7495557412681],[-0.440317278719663,44.74949170539252],[-0.440526530257708,44.74946006201287],[-0.440563703102357,44.74944962514653],[-0.440954143541461,44.74934106970437],[-0.441422212438584,44.74919919063562],[-0.44165723098058,44.74912781422826],[-0.442208064385509,44.74896425484682],[-0.443538366243277,44.748575317623],[-0.443945848333053,44.74845612837113],[-0.44421092531624,44.74837389877001],[-0.444443862313337,44.748301679838185],[-0.444538430737876,44.74827242435585],[-0.444361728856969,44.74803019181236],[-0.443918874220252,44.747420994031295],[-0.444090613849596,44.74732003960519],[-0.444272452583437,44.74720642488558],[-0.444401118224317,44.747149614808656],[-0.444428816758587,44.747137308502765],[-0.44472284131641,44.7470178603196],[-0.44487090430166,44.74693710620976],[-0.445031651743771,44.746846675315055],[-0.445182431877079,44.746903173019874],[-0.44542370819578,44.74700227327578],[-0.44582940563592,44.74716582623405],[-0.445967479472374,44.747227494476554],[-0.446351476720867,44.74739181104751],[-0.446537645214795,44.74747270846647],[-0.446704950198751,44.74754292822618],[-0.446920330866475,44.74764445352835],[-0.447253534002285,44.74778872039787],[-0.447578599773787,44.74793017572312],[-0.447714331982056,44.74798452530144],[-0.447728091355683,44.74799031491944],[-0.447979118764619,44.748093612142505],[-0.448125311149587,44.74814736519515],[-0.4481802429345,44.748164669203945],[-0.44830257995371,44.74819852825477],[-0.448527465094885,44.74824667620355],[-0.448781227260019,44.748295546447835],[-0.448881324141264,44.74831522835521],[-0.448834532146966,44.74845951992548],[-0.448771426595964,44.74866154336002],[-0.448765379576207,44.74868047586661],[-0.448678831861084,44.74897658975525],[-0.448386104498546,44.74896669127286],[-0.448156108833626,44.74895898402203],[-0.448087734452631,44.748988508396394],[-0.448082954688221,44.74906111066569],[-0.447732461934085,44.74904958469319],[-0.446901717392133,44.74896649593085],[-0.446573980095018,44.74896308939015],[-0.446459850230003,44.74896204559206],[-0.446118469848033,44.74895680941591],[-0.446141644636273,44.74936386367877],[-0.446143403539006,44.74939462865881],[-0.446162493085319,44.74973088871696],[-0.445697206395759,44.74986441081652],[-0.445622047216112,44.74991739467699],[-0.445597076434592,44.74993502335296],[-0.44536111361807,44.75017053901185],[-0.445282252902904,44.75023742555431],[-0.445184325238111,44.750319233687364],[-0.445076859046045,44.75040016695937],[-0.445000284991862,44.750440397896625],[-0.444971366823423,44.75045346318323],[-0.444955343740277,44.75046026976766],[-0.444887711020142,44.75046273417088],[-0.444883446798635,44.750417898886994],[-0.444879374415239,44.7503720663591],[-0.44487950063661,44.75037206243261],[-0.444868753700077,44.75025443477548],[-0.444865496322977,44.750219841409056],[-0.444865622544007,44.75021983748258],[-0.444861286727444,44.750173832920794],[-0.444856604294353,44.75012423449867],[-0.444851299743759,44.750066544982204],[-0.444843623846746,44.749961888637536],[-0.444826448526087,44.749768222768374],[-0.444816725974068,44.74961983369079],[-0.444802497885889,44.74940408784508],[-0.444553347149429,44.7494140008791],[-0.444311131404634,44.749417389526116],[-0.444373308947174,44.750065012102255],[-0.444131060908428,44.75005966001624],[-0.444176779963022,44.750455109216304],[-0.4437677784602,44.75042168963036],[-0.443552884586312,44.75040872687099],[-0.443106075983904,44.75039396301329],[-0.44287440128717,44.75038575614507],[-0.442371978899514,44.75037352939155],[-0.442340874183946,44.7500513404228],[-0.442330012242984,44.74996273361366],[-0.441760908086413,44.75002421917044],[-0.441781279541801,44.75019796036374],[-0.440927024707008,44.75025361477469],[-0.4406564679866,44.750271303197266],[-0.440623067086604,44.75000649910435],[-0.440364721524115,44.75002119408966],[-0.440057742576922,44.75003884110707],[-0.440062587049974,44.75020071891804],[-0.440067056716486,44.75035233517401],[-0.439903264344369,44.75035399877246],[-0.439885949965769,44.75035417614392],[-0.439634197244431,44.7503567692892],[-0.439479125148095,44.7503583416347],[-0.439466360250157,44.750358467753294],[-0.439463179151455,44.75029818894958],[-0.438941690754853,44.75030708526353],[-0.438947732131819,44.75053407960051],[-0.438331107157352,44.75049483167699],[-0.438364452329959,44.75033077690713],[-0.43839100607968,44.75018802009098],[-0.438155933036132,44.75015728986705],[-0.438227079621243,44.74999719812458],[-0.438248569117466,44.74998878096098],[-0.438657384920086,44.749874526721655],[-0.438874102895642,44.749807779875006],[-0.439114357553703,44.749739220243626],[-0.439402284035242,44.74966647598019]]],[[[-0.43811797571559,44.74454552387262],[-0.438160731098485,44.74448580141528],[-0.438209731626699,44.74443102161082],[-0.438264433700603,44.74437849786263],[-0.438328892472712,44.744328374588044],[-0.438401022058571,44.74427548983783],[-0.438492125325359,44.744212373471434],[-0.438581088633338,44.74415148625443],[-0.438702429009901,44.74406589307892],[-0.438738668039312,44.74403196557505],[-0.438798900648196,44.743980981983434],[-0.438880091079002,44.74390465579399],[-0.438938380230554,44.74384877612127],[-0.438983347499881,44.743802501960936],[-0.439034311237977,44.743748832290656],[-0.439121643947719,44.743653030400246],[-0.439185717977719,44.743571828658375],[-0.439264010977624,44.74346468250775],[-0.439337425649121,44.74335840875045],[-0.439402060955091,44.7432553814623],[-0.439467001569939,44.74314080985222],[-0.439540695497636,44.74299983276699],[-0.439585715455388,44.74291102214015],[-0.439647693753138,44.7427707693753],[-0.439730316206801,44.74260626496578],[-0.439765477705196,44.74256921652349],[-0.439818596729598,44.742554950133986],[-0.439936070159068,44.74254679481039],[-0.440097684138765,44.74251609079985],[-0.440227341557728,44.74245700175788],[-0.440324862471238,44.742376922867216],[-0.440394927055735,44.74224074393426],[-0.440528783131465,44.74232264512358],[-0.44071082358952,44.742443961366476],[-0.440898043610388,44.742558988514524],[-0.441057943539812,44.74258087378414],[-0.441069714289036,44.74258519399093],[-0.441187332828535,44.74265173871662],[-0.441314746440656,44.742719240517914],[-0.441419289422547,44.74278492978415],[-0.441615524897224,44.74285714099707],[-0.441739009945969,44.743007130211915],[-0.441964566174169,44.743198914176254],[-0.441198147277282,44.74343396720772],[-0.440607223238646,44.74361516963535],[-0.440029881906908,44.74376215345426],[-0.43998097580864,44.743775027414486],[-0.439911431889039,44.74430634703294],[-0.440083447504733,44.74450142025755],[-0.439773200323201,44.744622261237765],[-0.438953206654171,44.74493285706421],[-0.438702072192165,44.74502581560486],[-0.438574161796481,44.74507430490321],[-0.438478048957105,44.745109280574994],[-0.438369205819469,44.74514906712603],[-0.438298750541981,44.74517351343051],[-0.43817923844472,44.74520425904949],[-0.438106767838864,44.74521849462564],[-0.438057721525602,44.74522082851943],[-0.438029400412983,44.745216751502326],[-0.438005084266393,44.745205791460094],[-0.437990903438675,44.7451951475362],[-0.43797655138807,44.74517549736781],[-0.437972812254668,44.7451577705748],[-0.438008089225284,44.744880561117746],[-0.438027646055217,44.74479091970413],[-0.4380483182702,44.74471331914376],[-0.438066638792808,44.744655166448105],[-0.438085021331249,44.74461043904502],[-0.43811797571559,44.74454552387262]]],[[[-0.43736421476239,44.7472514862662],[-0.437395642341952,44.7472029296448],[-0.437420095546562,44.74715819413929],[-0.437442205852155,44.74711650517297],[-0.437470481038096,44.74704740990807],[-0.437529652280863,44.746892106141665],[-0.437539728087873,44.74685006982035],[-0.438025218508341,44.74696854881852],[-0.438186841904163,44.74634623845093],[-0.437711767662407,44.74623879153627],[-0.437821184410801,44.745840147527296],[-0.437916785209917,44.74546581300562],[-0.43793893833874,44.745379335152194],[-0.438025506349503,44.74532059545974],[-0.438158203831304,44.74528006858817],[-0.438253731171972,44.7452541229479],[-0.438310688646081,44.745238476552665],[-0.438359689341923,44.74522298708423],[-0.438450814534229,44.74518915767355],[-0.438601382054634,44.74513482834388],[-0.43881762448485,44.74505439834682],[-0.439058426193851,44.74496203080611],[-0.439162401615732,44.74492536855803],[-0.4394635708383,44.74480904678349],[-0.439786682351346,44.744689699514254],[-0.440018761833821,44.74459949318565],[-0.440244925277115,44.74450974050474],[-0.440476093010804,44.74442325624883],[-0.440797148536968,44.744307574424255],[-0.4408776704045,44.744280290411794],[-0.440965216913445,44.74425828510024],[-0.441077126977069,44.744235612691995],[-0.441230360810173,44.7442063390755],[-0.441398552275474,44.74417353642772],[-0.441575287523397,44.74414190981778],[-0.441711955021003,44.74411468239286],[-0.441907591896569,44.74407372649852],[-0.442064588650159,44.7440419016087],[-0.442242716481332,44.74400824807445],[-0.442420377809694,44.743975239561244],[-0.442598833430571,44.7439366188834],[-0.442799769735215,44.743895496613106],[-0.442882607569246,44.743877150668744],[-0.44290000760819,44.74387633929311],[-0.442939098720307,44.74387458310857],[-0.443031470734021,44.74386945796502],[-0.442770279066436,44.74454155255706],[-0.442750716141619,44.744591724501795],[-0.442330047789726,44.74561887621629],[-0.442560525427504,44.745665690389224],[-0.442889990778977,44.745732766369926],[-0.442888230206496,44.745737056555605],[-0.442725297114613,44.74613673974215],[-0.442333040566327,44.747099386519544],[-0.441875947497943,44.746971932987044],[-0.441679330212961,44.74733589419243],[-0.441479068576774,44.747710601948185],[-0.441129333073891,44.747614142755104],[-0.440888594423595,44.74786061072731],[-0.440505805876522,44.74818088083844],[-0.440329790569884,44.74823275906391],[-0.439979136367369,44.74833629165919],[-0.439693310039538,44.74842050720648],[-0.439406911971502,44.74850365836116],[-0.439495553261694,44.748307156267416],[-0.439480231166263,44.748304748472314],[-0.439428118447722,44.74829627412949],[-0.439428123948935,44.74829636407438],[-0.439249582079693,44.7482676654184],[-0.439108314105277,44.748246730332646],[-0.439059433929901,44.74823941704746],[-0.438981588984139,44.748227866671854],[-0.438727918708388,44.74818446846596],[-0.438493242395229,44.74814561649962],[-0.438231610213526,44.74810228417901],[-0.43797347976541,44.74806037450294],[-0.437919561975538,44.748051324697315],[-0.43771362640943,44.74801716598979],[-0.437453663968171,44.74797630327356],[-0.437206235815469,44.74793568170681],[-0.436855072491122,44.747877823004366],[-0.436819561079896,44.74787198625512],[-0.436850299438429,44.74783696853701],[-0.436902327414696,44.7477778599795],[-0.437018673896583,44.74764556373292],[-0.437146230567218,44.74750841361308],[-0.437248101730583,44.74739585115505],[-0.43736421476239,44.7472514862662]]],[[[-0.437569779038335,44.76079645648818],[-0.43749458705526,44.760758237910835],[-0.437108495646304,44.76056277268315],[-0.43681262730146,44.76041343965265],[-0.436652590236974,44.76033423707162],[-0.436506876016012,44.760274145054154],[-0.436390469206876,44.76023414059695],[-0.436302018832336,44.76020867850884],[-0.43614636142714,44.76017007178408],[-0.436038398612793,44.76014818866646],[-0.435903765262005,44.76012451944781],[-0.435495607076424,44.760060401606744],[-0.435236386528153,44.760020139638755],[-0.435059022269249,44.759986440124855],[-0.434866936324362,44.75994157193604],[-0.434669987091063,44.75988955485027],[-0.434619043979385,44.75987347189593],[-0.434456922008506,44.759822176762974],[-0.434183868190904,44.75972520788508],[-0.4340643956542,44.75968051999504],[-0.434419335023953,44.75902257268692],[-0.43233293941623,44.758405613953165],[-0.434943194268437,44.75917745730194],[-0.437094505108496,44.75991184820924],[-0.437944534786174,44.76015905882023],[-0.437569779038335,44.76079645648818]]],[[[-0.437193293605704,44.751599016223516],[-0.437205807946359,44.75156375300727],[-0.437224157236539,44.751539122574556],[-0.437323905493264,44.75151791326337],[-0.437417073747065,44.75149871041825],[-0.437459341954622,44.751492982737304],[-0.437601018133494,44.75151426797513],[-0.437720259206934,44.75153471751342],[-0.437787724815931,44.751543977773295],[-0.437848626965962,44.751510005938044],[-0.438009796807102,44.75109101057074],[-0.438055859033281,44.75097152886423],[-0.438511182378024,44.75106553094588],[-0.438689179486518,44.75110172761232],[-0.438788599928756,44.75074430502133],[-0.438829827876914,44.75060370573474],[-0.438861767911954,44.750604876671076],[-0.439020920098996,44.75061624529774],[-0.43946943329971,44.75064854529601],[-0.439758689603847,44.750665694531925],[-0.439965520866147,44.750672967458975],[-0.440097051094758,44.75067518971908],[-0.440217226482253,44.75067578202015],[-0.440331907587401,44.750671318159],[-0.440479272659864,44.75065331264849],[-0.440550675256937,44.75064631814511],[-0.440470856625574,44.750896075987015],[-0.440911150383443,44.75098206434919],[-0.441061800910507,44.75101153720745],[-0.440992512292856,44.7512122155921],[-0.440965126211856,44.7512999382988],[-0.440938370798626,44.751385568736296],[-0.440893049652143,44.75153566823069],[-0.440885869886844,44.7515588708794],[-0.440739252736446,44.751535400300334],[-0.440705622712276,44.751634761657385],[-0.440674286628457,44.75173441219684],[-0.440609691106824,44.751920886426156],[-0.440521914976209,44.7519868748512],[-0.440465647997895,44.75209865447686],[-0.440304323690547,44.75241979293201],[-0.440289664225507,44.75244890520253],[-0.440073757838,44.752870145492196],[-0.43999537971064,44.753031905116934],[-0.43998600332689,44.75305021955748],[-0.440466241931794,44.75305089127291],[-0.440557131557907,44.75275879535384],[-0.441057748237686,44.7527763138302],[-0.441416782522741,44.75279895079525],[-0.441456181643658,44.75264921527177],[-0.441517073460221,44.752418788814744],[-0.442074417231088,44.752487077363504],[-0.442135928563345,44.752461014388345],[-0.442435451175269,44.752391596810554],[-0.443174682226687,44.75207411617532],[-0.443288144513648,44.75208068138998],[-0.443635232108356,44.75212305746532],[-0.443396048176886,44.75271309534491],[-0.443446179922022,44.75272631561383],[-0.44356733746804,44.752755260455075],[-0.443688242217212,44.75278214035827],[-0.443754673416301,44.752793051322435],[-0.443803541631829,44.75280009271365],[-0.443943230937816,44.75281980972471],[-0.444080444902095,44.752838341918604],[-0.444113674770422,44.752763503366495],[-0.444338198308557,44.75226664916978],[-0.445243856754848,44.752523154644116],[-0.445430351242803,44.752574035713074],[-0.445486420955335,44.752585087772246],[-0.445552622399964,44.75259843794712],[-0.445684465262966,44.752644891056484],[-0.445621995878861,44.75273785208498],[-0.445579420136359,44.75272205467285],[-0.445509584223953,44.7528743610606],[-0.445459065686531,44.75302408384804],[-0.445324063339658,44.75300863859434],[-0.445287484051391,44.75313611951151],[-0.445190680623253,44.7534737325224],[-0.445762875592374,44.75361075027784],[-0.445763689645523,44.75363848075347],[-0.445744670268435,44.753691339948105],[-0.445678648774781,44.75380477780198],[-0.445298769261739,44.75439361074751],[-0.445272139139844,44.7544337298803],[-0.444926157987982,44.7549546406086],[-0.444641158361767,44.755409941270315],[-0.443883234831522,44.75500158545871],[-0.443576199102619,44.7548328829497],[-0.443447136370976,44.754765794262944],[-0.443249088959912,44.75466471367451],[-0.44304648737688,44.754565666782156],[-0.442931819716291,44.754514711377425],[-0.442816038216077,44.75446415095198],[-0.442797063321369,44.75445581932818],[-0.44264539696222,44.75439339755725],[-0.442423460013176,44.75431108143157],[-0.442179931604517,44.754223127854225],[-0.441609511914899,44.75402827208649],[-0.441010949569782,44.753817796714834],[-0.440020426473421,44.753468189458125],[-0.439257588639647,44.75319765390206],[-0.439065799212441,44.75313043576199],[-0.438386652949453,44.75289235060232],[-0.438235188989787,44.75283928887683],[-0.437937420742923,44.75273273431046],[-0.436864154893522,44.752348811456194],[-0.436977866736792,44.75212359763125],[-0.43697977617629,44.752119663392875],[-0.437052214174915,44.75197232883303],[-0.437069645308982,44.75193060493014],[-0.437116022242982,44.75180381451828],[-0.437193293605704,44.751599016223516]]],[[[-0.435326131957787,44.74310282651577],[-0.435526689328081,44.74309687428385],[-0.43554723871195,44.74309380357348],[-0.435797676510073,44.74310748029456],[-0.435791280605124,44.743133181420795],[-0.435793434959489,44.74317258512477],[-0.435692314951972,44.74328701534021],[-0.435653442780736,44.74334616569993],[-0.435603087105391,44.7434222535905],[-0.435499793262965,44.74360460797235],[-0.435500403635937,44.74368911729747],[-0.435301935211244,44.74405844008278],[-0.435344020416267,44.74438100924428],[-0.435349856855546,44.7444248045013],[-0.435352152035351,44.74444374765045],[-0.435370364374851,44.74458250108124],[-0.435380181697157,44.744658344047565],[-0.435426331150867,44.744875622443395],[-0.434919105061404,44.744889465778904],[-0.434865778472006,44.74488796596328],[-0.434832803637291,44.744470222499075],[-0.434834830283666,44.74441645084663],[-0.434845703089545,44.74413071807525],[-0.434822620669287,44.74409025136584],[-0.434457482509326,44.7440702173518],[-0.434395362122281,44.74327867834182],[-0.434704874740304,44.74318923553926],[-0.434888825218727,44.74314117504409],[-0.434951591137376,44.74310678639572],[-0.43504084592989,44.74310239540932],[-0.435100535905971,44.74310252617323],[-0.435326131957787,44.74310282651577]]],[[[-0.434451390171757,44.76090770417155],[-0.434565426475018,44.76069978517597],[-0.434644299298902,44.76056640094437],[-0.434734522686504,44.76059604481863],[-0.435299608384764,44.76075055100866],[-0.435812892136016,44.760837632504135],[-0.43589855751946,44.760641586205814],[-0.436209423095494,44.76028715857004],[-0.436312265594503,44.7603142468864],[-0.436445249007684,44.76035436793262],[-0.436576039032624,44.76041447251808],[-0.436706703303035,44.76047665352943],[-0.436844685206127,44.76054473522196],[-0.437454951760559,44.760856793354016],[-0.43847038995229,44.76138444492187],[-0.438709842770011,44.76150876087626],[-0.439059104804903,44.761672652324215],[-0.439394300689722,44.76183815103995],[-0.439560588317645,44.761926347706286],[-0.4396972169815,44.76200113672206],[-0.439832178246142,44.76208174480342],[-0.439899596720104,44.76212723240114],[-0.43999791189938,44.76219807433308],[-0.440121656487874,44.762291736845505],[-0.440357741162011,44.76248284015179],[-0.440476398483524,44.76257602951449],[-0.44057907405347,44.76264988961811],[-0.440708740094125,44.7627245333129],[-0.440810179175798,44.76275544616351],[-0.43943672322789,44.76379695168494],[-0.438793403370306,44.76325955707013],[-0.43863699242665,44.7631633025167],[-0.437833667049503,44.762658806151876],[-0.437577114337431,44.76254862639985],[-0.437474550489654,44.76250341710329],[-0.437330761300704,44.762437678980874],[-0.437153827222031,44.762353233803765],[-0.437020442003003,44.762300419517395],[-0.436889894769372,44.76224643562563],[-0.436769124326593,44.76219719473262],[-0.436336889866088,44.76205812900995],[-0.436137155175735,44.76231457772085],[-0.436659770008415,44.762951344790444],[-0.436618241985038,44.76325488263818],[-0.436659145762794,44.76411025729853],[-0.436495180851331,44.764161483839665],[-0.436382599228994,44.76419660734972],[-0.43594592831691,44.764332891740764],[-0.435738653850031,44.764346079833324],[-0.435091260860866,44.76438742600843],[-0.435092558692503,44.76434449051769],[-0.435103729794667,44.76397457815966],[-0.435103631251698,44.76382805253199],[-0.435095807645344,44.7637331326242],[-0.435085121308949,44.7636741676807],[-0.435071411500898,44.76362989529947],[-0.435042729582803,44.763543462351],[-0.435028877696701,44.763507214700915],[-0.435004111916435,44.76345175033101],[-0.434989739027812,44.76342146649318],[-0.434960340497646,44.76336677659817],[-0.4348967258172,44.763282057746416],[-0.434859473414828,44.76324166948398],[-0.435303035218409,44.762992620611946],[-0.434792682006905,44.762525245871196],[-0.434575317517904,44.76233589382407],[-0.434356445128361,44.76214875094601],[-0.434146247321868,44.76196899859528],[-0.434243647985216,44.76163777645088],[-0.434269155992481,44.76155218646609],[-0.434378820845842,44.76118363641262],[-0.434382283691727,44.76117199420172],[-0.434451390171757,44.76090770417155]]],[[[-0.433887410429543,44.76878366724193],[-0.433429421897353,44.76973146638411],[-0.431618611413765,44.76973314566947],[-0.430787963552377,44.769778429208756],[-0.429490008481315,44.76985899130099],[-0.428709561418773,44.76990811197045],[-0.42837776605274,44.769925139637685],[-0.428173478281219,44.769925424026816],[-0.427890560114847,44.76991624589644],[-0.42737587385365,44.769881976529206],[-0.427055466905556,44.76985962772746],[-0.426913308194444,44.7698539325287],[-0.426471263596383,44.76983047859294],[-0.425510385299969,44.76976899823496],[-0.425042617622,44.7697365114434],[-0.424575745542982,44.76970210257871],[-0.424331105151668,44.769683711795984],[-0.424424004659074,44.76939373148419],[-0.42356566821051,44.76925228615182],[-0.423491350870874,44.769475636568565],[-0.423480635767924,44.76950949072904],[-0.423422309509611,44.769488584098056],[-0.421866214795575,44.76895902146784],[-0.421716631697886,44.76828471159747],[-0.421677140817686,44.768140935562414],[-0.421634567890041,44.76794651969858],[-0.421602930372922,44.76778628030061],[-0.421549981499095,44.76750035726044],[-0.421511222593876,44.76722102495346],[-0.421485794216991,44.766867656594194],[-0.421474295607366,44.76662884533931],[-0.421451247655786,44.76616077669776],[-0.421429256081519,44.76574539303167],[-0.421421956227787,44.76557764336655],[-0.421419138439769,44.76539416530528],[-0.421424949561726,44.76527764682015],[-0.4214402455921,44.765165251023305],[-0.421468886021271,44.76505388488701],[-0.421501252043767,44.764951775666916],[-0.421588340199631,44.76472415754818],[-0.421687888551913,44.76446227106576],[-0.421778247191241,44.76423229887719],[-0.42316158463355,44.7647416941257],[-0.424543162915052,44.765396213415855],[-0.424805780189094,44.765004021462225],[-0.424884431719509,44.76500357218273],[-0.42535122429435,44.76517018052842],[-0.425506108868611,44.765206393458875],[-0.425633170361663,44.76544820932009],[-0.426856784711024,44.765822280060604],[-0.426873029252418,44.76580447529406],[-0.42732305166298,44.76607757067236],[-0.427421838187264,44.76601936327258],[-0.427459561818703,44.7660177454548],[-0.427839254711608,44.76614558563051],[-0.427955127495489,44.766226528422884],[-0.428061302281624,44.76627704175745],[-0.428266625633531,44.76638315184957],[-0.428383637673944,44.76642467837654],[-0.428459500731955,44.76646351329356],[-0.428658431918836,44.766529088209516],[-0.428793542887442,44.766585283686766],[-0.429211795767132,44.766706428750716],[-0.429433675294624,44.76675831522743],[-0.429579981601735,44.76678027962677],[-0.430175939872627,44.766878166297275],[-0.430899685827374,44.767026161545495],[-0.431222037314021,44.76689821524684],[-0.431566389592967,44.76679292644901],[-0.431732738705311,44.76678470909677],[-0.431913382840806,44.76679722586153],[-0.433794067523959,44.76688898598368],[-0.433830971208041,44.766731040045705],[-0.43477530533314,44.76687640740779],[-0.434523158608524,44.76746799780444],[-0.43446081572383,44.76759672411975],[-0.434309031501069,44.76774813904735],[-0.434378064722094,44.767768257471836],[-0.433887410429543,44.76878366724193]]],[[[-0.432671758436807,44.74319533093374],[-0.433095338493035,44.74316823065032],[-0.433149907641503,44.74313418731573],[-0.433166808702892,44.74357054222696],[-0.433484805909371,44.743553743151715],[-0.433439300547331,44.744069712689175],[-0.433436775311374,44.74417126085494],[-0.433423432686964,44.744737689041415],[-0.433418011078922,44.74473587461368],[-0.43330539245638,44.74470764596339],[-0.433245014492509,44.744698343746485],[-0.433162862554647,44.74468656256692],[-0.433048126734893,44.74467750375648],[-0.432927613199746,44.74468151044632],[-0.432861068155951,44.74469132343819],[-0.432830602464541,44.74469767486175],[-0.43277178368151,44.74470977149736],[-0.432685182614723,44.744732822291596],[-0.432409515249677,44.74481346008507],[-0.432350306796895,44.74483160629507],[-0.432215932615553,44.744875782691025],[-0.432112347775004,44.74490855121846],[-0.432037878726833,44.74492942314652],[-0.432009536466313,44.74493742071311],[-0.431927428798148,44.744953302633434],[-0.431845886174632,44.744961867641486],[-0.43175853780189,44.74496646721948],[-0.431680995287244,44.744961841418025],[-0.43160718418325,44.74495412611922],[-0.43162203155941,44.744818222739994],[-0.43161383852903,44.74478549446443],[-0.431514046779795,44.74438928639126],[-0.431466837569801,44.74420204809961],[-0.431371998368303,44.74394500469607],[-0.431157679123752,44.74336481588572],[-0.431152532060302,44.74335506270981],[-0.431851923557083,44.7432518337227],[-0.431944657569371,44.74323814565644],[-0.432278868656632,44.74324878317515],[-0.432507444375668,44.74323160466656],[-0.432587162371507,44.74321390390419],[-0.432671758436807,44.74319533093374]]],[[[-0.429783811272157,44.7510004010592],[-0.429803826699318,44.75096571754692],[-0.429858636945735,44.750879491768764],[-0.429901471983093,44.75080841578203],[-0.429950069252112,44.75073851303549],[-0.429981625839728,44.75069400991174],[-0.430020015023075,44.75064127488124],[-0.430059649801168,44.7505944488698],[-0.430098164967702,44.75054792786812],[-0.430143990044408,44.7504989275458],[-0.430176435239155,44.75046485022021],[-0.430567613815191,44.75067270445815],[-0.43104610906402,44.75094363641897],[-0.431083312139267,44.750964742277255],[-0.431366104448334,44.75124903563542],[-0.431635853895466,44.75147704992122],[-0.431867907207559,44.751298729589536],[-0.432015530942297,44.751081842571885],[-0.432250293327571,44.75118621983713],[-0.43246358171086,44.75128062859876],[-0.432557658436694,44.751321869233514],[-0.432719744094835,44.75140200427314],[-0.432882998904367,44.75147435291354],[-0.433059075448595,44.751580637874],[-0.433223490685711,44.751690618377985],[-0.433353792239757,44.751788679651035],[-0.433404563979479,44.751826936647774],[-0.433188800527176,44.751967537576675],[-0.433112628170982,44.75202694215387],[-0.432946904514703,44.75218969169353],[-0.432870127925865,44.7522495653999],[-0.432695466944779,44.752369516338646],[-0.43229111386922,44.75264230290464],[-0.432663091199618,44.752879132120114],[-0.432792153416384,44.75295272112619],[-0.432735813534222,44.75300970834512],[-0.432456755186019,44.75319705706628],[-0.432407393799622,44.75317777027144],[-0.432363191344132,44.75315805321692],[-0.432101700031571,44.75312975070111],[-0.432055407404242,44.7531462346406],[-0.432012555746035,44.75315693464442],[-0.431978430273803,44.75316556189777],[-0.431956554415317,44.75317182698821],[-0.43194677450021,44.753175284107655],[-0.43191190824015,44.753192495273304],[-0.431815700934269,44.753253150564746],[-0.431758904025174,44.75329438119589],[-0.43080306245064,44.752682914892674],[-0.430704627254688,44.752619999794106],[-0.42935006806171,44.75175350060584],[-0.429379770947019,44.7517013952665],[-0.429512791263126,44.751462615496386],[-0.429578639521069,44.75135000469713],[-0.429624433542891,44.7512693750766],[-0.42967496924168,44.75118147947128],[-0.429783811272157,44.7510004010592]]],[[[-0.428468606333698,44.75645345704135],[-0.428378097409926,44.75652267393056],[-0.428271722281333,44.756449909313694],[-0.428247396152842,44.75635793350147],[-0.428261941110651,44.7563496432253],[-0.428204774219896,44.756320593295136],[-0.427960647056998,44.7560856490746],[-0.427868048352487,44.7563280419819],[-0.427811349143151,44.75647677514933],[-0.427788730565798,44.756483332703816],[-0.427761403094848,44.7564852598749],[-0.427681556330714,44.756480431744414],[-0.427612527268476,44.756478783267134],[-0.427520644472555,44.75646946128526],[-0.427326236615081,44.75645258827845],[-0.427152065044299,44.756435719544044],[-0.426963579698767,44.75641640975438],[-0.426835610473371,44.75640225620165],[-0.426832180169686,44.75640200187901],[-0.426710593763175,44.75639296749747],[-0.42665951261448,44.756386978266725],[-0.426611724740188,44.75637899469733],[-0.426589013687818,44.75637365963434],[-0.426607589907496,44.75633397482071],[-0.426658949651843,44.75621379391892],[-0.426713980338667,44.75610197025599],[-0.426762397394745,44.755987467504674],[-0.426885948023423,44.75569257196351],[-0.427010666354302,44.75539818083432],[-0.427050831271631,44.755310156872554],[-0.42706600326661,44.75528103069967],[-0.427126075799954,44.75517310599052],[-0.427133200685907,44.75515927809077],[-0.427157226221033,44.75511771235668],[-0.427184067366414,44.75507461764072],[-0.427214299620657,44.75504151089882],[-0.427250876245971,44.755010821160525],[-0.427268928113794,44.75500197191036],[-0.427291508051428,44.75499063952983],[-0.42736617978623,44.75495417495182],[-0.427539304311858,44.754877175376684],[-0.427642631397934,44.75482531517546],[-0.427739585997631,44.75477887879807],[-0.427885108130181,44.754709671849106],[-0.428013379534239,44.754650010205474],[-0.428153461949577,44.75458286368653],[-0.428292786838343,44.75451159512282],[-0.428426600772378,44.75444743586432],[-0.428574382578566,44.754373832472766],[-0.428619217652995,44.754350005702975],[-0.428805308157561,44.75425548071257],[-0.4289362944498,44.75419059731395],[-0.429045985528637,44.75413529454155],[-0.429118119472956,44.75409665441484],[-0.429171444536924,44.754071032567765],[-0.42922899550566,44.75404627111074],[-0.429319482080734,44.75400580094898],[-0.429426104145184,44.753962397937556],[-0.429532747827878,44.753925572577494],[-0.429621927546577,44.75389478498106],[-0.429760787207264,44.75385326698722],[-0.429932428285194,44.75379973945951],[-0.430097005546373,44.7537527385241],[-0.430265232277953,44.753701298754784],[-0.430422399767118,44.75366137560763],[-0.430532708273975,44.75363696178466],[-0.430604456183167,44.753627259677216],[-0.430688420826169,44.7536312370921],[-0.430805424693357,44.75364401351807],[-0.43095165353353,44.75365903847159],[-0.431094924283631,44.75367325372574],[-0.431207126095099,44.75368194307862],[-0.431271464843744,44.75367931887207],[-0.43132062308623,44.753676624282384],[-0.431324881964289,44.75367595163378],[-0.431580624878513,44.75381311352323],[-0.431621024228061,44.75383475105684],[-0.431873360333943,44.753969945228846],[-0.431922749818573,44.753997972622464],[-0.432019811079534,44.75405281896228],[-0.432135614971282,44.7541039303324],[-0.432158748332684,44.75411411739624],[-0.432302652812153,44.75417598264634],[-0.432493065931718,44.75425388867479],[-0.432567389487517,44.75428636970068],[-0.432781639601663,44.754379757253716],[-0.432798104836667,44.7543884386831],[-0.433116713633964,44.75455672107647],[-0.432882253759234,44.754774499066414],[-0.433191517247632,44.754916036320495],[-0.433552824240655,44.75508137189637],[-0.433873776268463,44.75522993447454],[-0.43389056019651,44.755237614603026],[-0.434018108356189,44.75529665065855],[-0.434069525072017,44.755320559111745],[-0.434376687035636,44.75546278924431],[-0.434701715863553,44.75561176385166],[-0.434728258761368,44.75562391734029],[-0.434740492871405,44.75562957567502],[-0.434548701910711,44.75593092306279],[-0.434433422199949,44.75611211616837],[-0.434273820634241,44.756362811037974],[-0.434270118390871,44.75640573082766],[-0.434249330126346,44.75644431418081],[-0.434243326347536,44.756455764819755],[-0.434224030544128,44.75648772343793],[-0.434184357566421,44.75655050268942],[-0.434138801076605,44.756618420725395],[-0.434086537929304,44.75669456699713],[-0.433938769576029,44.75689884527009],[-0.433987284910151,44.756831736739954],[-0.433923276474588,44.7568149772885],[-0.433925158820659,44.75681059336907],[-0.433866233060322,44.75679836231468],[-0.433837544088345,44.75679249312855],[-0.433702710564064,44.756757112700825],[-0.433709449731788,44.7567411335074],[-0.433657324477305,44.756730493820875],[-0.433639519454181,44.756726810389814],[-0.433566636341357,44.75671176773222],[-0.433562992343404,44.756720441699485],[-0.433540247538393,44.7567145683877],[-0.433411001867029,44.7568100426568],[-0.433242903516244,44.7569382616797],[-0.433369098672749,44.756985445280534],[-0.433682962437981,44.75709439740545],[-0.433627496313413,44.75712639590676],[-0.433537090583696,44.75717650945005],[-0.432058548830673,44.75672841291479],[-0.432035265637461,44.756686780064854],[-0.431725320957538,44.7566005012807],[-0.431557211916395,44.75653172518809],[-0.43140083815145,44.75651845695055],[-0.43140765543941,44.75659078881106],[-0.431408478881615,44.756612571280456],[-0.431409071746809,44.75662643071864],[-0.431413677073553,44.75668531377022],[-0.431398715615547,44.756728221779255],[-0.431389012072998,44.75675781000048],[-0.431367332598068,44.756802548227455],[-0.431322123732051,44.75686378567289],[-0.43126615171733,44.75693103384023],[-0.431214784403027,44.756978403996285],[-0.431219586954198,44.756990781281715],[-0.431253583292245,44.757015230763926],[-0.431287036265469,44.757034920942374],[-0.431351060779752,44.757074751006776],[-0.431390320816283,44.75710462454084],[-0.431451282881037,44.75714815406076],[-0.431535873590162,44.75720789319471],[-0.431641705457084,44.75727580545992],[-0.431680707822836,44.75730559677048],[-0.431753805669752,44.75735109312195],[-0.431781841793312,44.75737320390047],[-0.431822254879168,44.75740331191711],[-0.431870632022299,44.75743542603434],[-0.43192419603561,44.7574717049598],[-0.431980938108829,44.75751239116618],[-0.432037553909955,44.75754686327699],[-0.432100004404997,44.75759196843624],[-0.432129105597257,44.75761494728877],[-0.432171983461814,44.7576460601995],[-0.432256641479498,44.75770273282084],[-0.432420913749004,44.75780803367152],[-0.432381269953428,44.757838189421854],[-0.432342471851326,44.75788841475286],[-0.432308986757447,44.75794072831072],[-0.432274640220076,44.758007937646525],[-0.432247099693004,44.758080973808454],[-0.432226579102303,44.7581529813786],[-0.432217629009066,44.758242563413006],[-0.432212647192353,44.75833085097083],[-0.432207544386064,44.75840886908738],[-0.43220032315403,44.75849776674045],[-0.432200824454352,44.75858264022196],[-0.432206265353107,44.75865519500952],[-0.432167816803008,44.7586572876387],[-0.431946269618517,44.75866631562167],[-0.43151195136367,44.758666525784584],[-0.431291320570679,44.758659483469344],[-0.431131060467289,44.75866552970079],[-0.431050129050758,44.75867200194991],[-0.431039091201197,44.75867351538859],[-0.430880828900077,44.758695720187696],[-0.430811407280067,44.75870841416546],[-0.430798272714861,44.75871080356912],[-0.430673304904748,44.758737654012855],[-0.430456169703941,44.75878997808167],[-0.430240494148026,44.75883928269069],[-0.430069722085686,44.75886791149541],[-0.429976341695861,44.75887765218562],[-0.429862598104633,44.758881174610046],[-0.429756363194547,44.75888131035234],[-0.429664316811831,44.75887767235681],[-0.429542148310539,44.75886748741643],[-0.429400374019629,44.75885727859787],[-0.429261849206176,44.75884435563652],[-0.42912276470168,44.758828476018316],[-0.428964420343404,44.758809948344734],[-0.428847093408335,44.75879411570443],[-0.428635937424856,44.758753702361304],[-0.428422202357546,44.758706249332384],[-0.42827607764659,44.75866409262914],[-0.428227233805226,44.7586554214445],[-0.428156248532948,44.75864455187222],[-0.428044032245728,44.75862747882763],[-0.427900617356397,44.75862353686786],[-0.427745604759573,44.7586202240031],[-0.427661154963819,44.758622927689345],[-0.42754215845751,44.758635711975145],[-0.427422107446432,44.75865817112187],[-0.427297137733921,44.75869123573954],[-0.427226940860474,44.758711971715286],[-0.427116883703083,44.75874691767286],[-0.426996281988937,44.75878939902302],[-0.426883133829479,44.758831739734525],[-0.426737617031385,44.75889085200228],[-0.426598224833696,44.758957073940266],[-0.426418081675202,44.75904780617713],[-0.426297587030964,44.7591086669753],[-0.426225230782265,44.75914587010494],[-0.426147528406901,44.7591825176377],[-0.42601407404164,44.75924449992896],[-0.425914898614757,44.75928784924091],[-0.425840956290833,44.7593177117011],[-0.425631265997011,44.759392685159625],[-0.425124423860294,44.75955200411192],[-0.424878505099937,44.759630259201565],[-0.424630972114623,44.7597069415611],[-0.424436835839794,44.75976737374703],[-0.424379371501455,44.75978122587948],[-0.424363410230527,44.75977874555411],[-0.424356296990377,44.759776171900036],[-0.424346593868578,44.759766378971975],[-0.424344646162687,44.75975932007485],[-0.424366052482732,44.75971414125174],[-0.424434649476866,44.75959441981651],[-0.424523958402546,44.7594492762155],[-0.424671060887674,44.75923340728427],[-0.424822119127835,44.75902228204997],[-0.424971480079266,44.75881238057625],[-0.425100720908319,44.75862932466804],[-0.425254647631492,44.75840720612058],[-0.425351344907098,44.75827129541004],[-0.425370096941894,44.75824485234724],[-0.425378655336916,44.75822962850543],[-0.425508278509957,44.75803835975235],[-0.425642648186937,44.75785027829304],[-0.425707954859002,44.75776382022383],[-0.425832260186711,44.75760155246248],[-0.425931001157133,44.75747431917538],[-0.425937884739902,44.75746482436203],[-0.426007301755259,44.7573752651475],[-0.42601596397807,44.757361750232235],[-0.426041785289242,44.75732887040481],[-0.426267029691126,44.757031911159764],[-0.426290353705109,44.756995413794805],[-0.42631287641544,44.75695822029092],[-0.426347492699525,44.75689325756775],[-0.426949699596796,44.75702286537752],[-0.427198451803976,44.75646843786528],[-0.427314791218782,44.756480607900976],[-0.427516389029063,44.75649924095833],[-0.427684111885274,44.75651612848174],[-0.427801395828471,44.75652304208483],[-0.42787546332304,44.7565264269269],[-0.427828051080155,44.75666568089183],[-0.42755788125209,44.7572359122447],[-0.428003106015096,44.757325585258044],[-0.428776680252825,44.756650194150616],[-0.428468606333698,44.75645345704135]]],[[[-0.428081065344692,44.75712933385926],[-0.428009468155351,44.75730961812993],[-0.428003106015096,44.757325585258044],[-0.428081065344692,44.75712933385926]]],[[[-0.427855234433905,44.75422793849726],[-0.427995903856853,44.75404596699816],[-0.428133318430147,44.753852110711485],[-0.428191372368084,44.75376091919855],[-0.428294499259033,44.7535938069539],[-0.429005671569433,44.75404868022274],[-0.428852084481311,44.754124536617304],[-0.428790965647926,44.75415508560596],[-0.428757211955627,44.754171900829],[-0.428109131773495,44.754492588533815],[-0.427907166868926,44.75459021699821],[-0.427794444330007,44.75464353976356],[-0.427697500974974,44.754690156078105],[-0.427613922014203,44.75472987037568],[-0.42752892148161,44.75476908791067],[-0.427447768246791,44.75480710492688],[-0.427400204670883,44.754829754025074],[-0.427392949104585,44.75482898729755],[-0.427386560851521,44.75482585072878],[-0.427382872959452,44.75482136897542],[-0.427381292510424,44.754818263848136],[-0.427380716439433,44.75481503752263],[-0.427381452037331,44.75481258164279],[-0.42742555460311,44.75475597605236],[-0.427465106845406,44.75470563911241],[-0.427572900709308,44.75457145551111],[-0.427702944945189,44.75441639729406],[-0.427855234433905,44.75422793849726]]],[[[-0.425656430985374,44.75946318813378],[-0.425805210221757,44.75940983394899],[-0.42590397358605,44.75937424741638],[-0.426014566199282,44.75932730079945],[-0.426134643807334,44.75927411304206],[-0.426246548486463,44.75921964601343],[-0.426440985762165,44.75912270447646],[-0.426623335538456,44.75903289520756],[-0.426726484400808,44.758982122946755],[-0.426836433689458,44.75893086983224],[-0.426979474994604,44.758872645068806],[-0.427102096908482,44.75882802857512],[-0.427221463485558,44.758788108562825],[-0.427302912799346,44.758761076769694],[-0.427380107810811,44.758741025342665],[-0.4274452547503,44.75872459085652],[-0.427520583074393,44.7587112656421],[-0.427588907526893,44.75870131116814],[-0.427654031811298,44.75869488007866],[-0.427719869419128,44.7586918512637],[-0.427839084771429,44.7586930279212],[-0.427906985869889,44.75869480136898],[-0.428015986113671,44.758706837510424],[-0.428106434422207,44.7587195378792],[-0.428230670951865,44.75874290735626],[-0.428348222277444,44.75876657374676],[-0.428487448460557,44.75879722889002],[-0.428614006855814,44.75882548243013],[-0.428730894479975,44.75884655562012],[-0.428829845080298,44.75886385844293],[-0.428918312358105,44.758877250301595],[-0.429045113019926,44.75889495233887],[-0.429184444664212,44.75891073429191],[-0.429312969165051,44.7589214437543],[-0.429431844429157,44.758933623348284],[-0.429539879526856,44.75894226350768],[-0.429632793189104,44.758947677066224],[-0.429736700868717,44.75895293033385],[-0.429832688305864,44.758956896807746],[-0.429902335301144,44.75895410919788],[-0.429992010852237,44.758947907702314],[-0.430082268239326,44.75893880441405],[-0.430151284115372,44.75892774555336],[-0.430234938525669,44.75891407050519],[-0.430360335051087,44.75888801833535],[-0.430517269915357,44.75885441072835],[-0.430381132590642,44.75933669085232],[-0.431430203499528,44.7595445326227],[-0.431360656283904,44.75979558689738],[-0.43133904718394,44.75987465704139],[-0.431217190933617,44.760323513716116],[-0.43111808403106,44.7606083758162],[-0.431021512011219,44.760874685574414],[-0.430932316286534,44.76111886863015],[-0.43079000772261,44.761504195955666],[-0.430372293607599,44.76151983715116],[-0.430196782275156,44.761524822156275],[-0.430047925618318,44.76152717913355],[-0.429987200638262,44.761526986977266],[-0.429925932336057,44.761522035480034],[-0.429849992075543,44.76150879705956],[-0.429793806844078,44.76149386547593],[-0.42976857405484,44.76148455386215],[-0.42974182630591,44.76147528915382],[-0.429687996035967,44.761455418349385],[-0.429621327142901,44.76143035788359],[-0.429509193240529,44.761391926151674],[-0.42934147267014,44.76134422126271],[-0.429163043133589,44.76130342612288],[-0.428942206014516,44.76125997847745],[-0.42884029843377,44.761233665468076],[-0.428701055395357,44.76119454020106],[-0.428592945854066,44.76115985797383],[-0.428496209705348,44.76112293116572],[-0.428385460987379,44.76107192939559],[-0.428309473717346,44.76102886313837],[-0.428231587180699,44.76098991082131],[-0.428161011754046,44.76095676991221],[-0.42804456624487,44.76090360114034],[-0.427856278169936,44.76081309494761],[-0.427710781452371,44.760739828002656],[-0.427509057591186,44.76064883590218],[-0.427318229601771,44.76056228242382],[-0.427180269168386,44.76050887739533],[-0.427059674565102,44.76047476029983],[-0.426912151501213,44.76044084544149],[-0.426754699729774,44.76039966787081],[-0.42659679867481,44.76035111451211],[-0.426471156296774,44.76030057171191],[-0.426423487065836,44.76027798556748],[-0.426360450086203,44.76024190690793],[-0.426323561258457,44.7602177256124],[-0.426243324345023,44.76015676640137],[-0.426147434894205,44.760077637421816],[-0.425986962759759,44.759947428048356],[-0.425717001837469,44.75973697783781],[-0.425482640287853,44.759558588525415],[-0.425474556047344,44.75955045781687],[-0.425468129615437,44.759540473527416],[-0.42546634069637,44.75953602308292],[-0.425467033006571,44.759528702321994],[-0.425473889112567,44.759522903123056],[-0.425486151553558,44.75951864891143],[-0.425507218340527,44.75951150905157],[-0.425656430985374,44.75946318813378]]],[[[-0.422745566062347,44.762373430228294],[-0.422912838685954,44.762120894415176],[-0.423003861029164,44.76198714385961],[-0.423121900760649,44.76180894240645],[-0.423245659817638,44.76162704955259],[-0.423388961605555,44.761425448067136],[-0.42352859051827,44.76122170701953],[-0.423609217453764,44.761102155000415],[-0.423727045004162,44.76092260766897],[-0.423785849214134,44.76082896237712],[-0.423893720204715,44.76063755704769],[-0.423957577292427,44.76051473830462],[-0.424088605869163,44.7602695389269],[-0.424217463988138,44.76003440928893],[-0.424266028967845,44.75994711800343],[-0.424283584872574,44.759925938814085],[-0.424308934296399,44.75991019593997],[-0.424344454701043,44.75989323744844],[-0.424378069978703,44.75988030292354],[-0.424612584274561,44.75980582600024],[-0.425029498043225,44.75967551400976],[-0.425372522595918,44.7595676714222],[-0.425657585456942,44.75979144296885],[-0.425900988039062,44.75997703190668],[-0.426006333790056,44.76006190631426],[-0.426126037603134,44.760160304394184],[-0.426221680156408,44.76023953115099],[-0.426262015586849,44.760268381982364],[-0.426298256925411,44.76029024032608],[-0.426344932430025,44.76031520026703],[-0.426405192597533,44.760345146871444],[-0.426474224205656,44.760373740705],[-0.42654044028199,44.76039971813624],[-0.426631526402313,44.76042907142801],[-0.426710284911197,44.76045330899705],[-0.426836571260659,44.76048743059661],[-0.427023053859004,44.76053383767788],[-0.427115617014863,44.760562514077876],[-0.427242271073772,44.760604734253334],[-0.427392290142305,44.76067128340361],[-0.427549044082189,44.760744562847066],[-0.427703377821601,44.76081755651906],[-0.427837233129061,44.76088244255116],[-0.427951279831684,44.76093361311561],[-0.428079783994323,44.76099785344779],[-0.428209501452437,44.761063317706764],[-0.428303634900255,44.76111357231056],[-0.42836925417434,44.76114425319363],[-0.428473087241862,44.761187628991436],[-0.428585598858367,44.76122397738272],[-0.428711355408942,44.761263880744806],[-0.428822489745564,44.761296306452486],[-0.42896038295227,44.761331958856424],[-0.429069382549745,44.761358412664],[-0.429386545996885,44.7614258222531],[-0.429493042977019,44.76145271360523],[-0.429586261984197,44.76148587351434],[-0.429699938293014,44.76153507130068],[-0.429717920163422,44.76154163363636],[-0.429740754313265,44.76154894687528],[-0.429766733682848,44.761555982485696],[-0.429820827675462,44.76156980733774],[-0.429908234551087,44.761584402898364],[-0.429997667067282,44.76159073513273],[-0.430049741430835,44.76159011378791],[-0.430199487474785,44.761587819385454],[-0.430373484033112,44.76158288129573],[-0.430599774413666,44.76158506448505],[-0.430914619200379,44.76158747803825],[-0.43121968259089,44.761593347762506],[-0.431499990594319,44.76160394869162],[-0.431866613820176,44.761627825035426],[-0.431647210607714,44.76198093789278],[-0.431485631453048,44.76224322445479],[-0.43146663947693,44.76227400162939],[-0.431427848575431,44.76233684258839],[-0.431803641160972,44.76258959979072],[-0.431834061317658,44.76255333186617],[-0.431888497489626,44.762591386318505],[-0.432028850462325,44.76268174930288],[-0.432347773602969,44.76287931369877],[-0.432639082477759,44.763059619747],[-0.432886155143902,44.763217685733224],[-0.432926611322616,44.763244277701006],[-0.433265929270776,44.76307353460048],[-0.433448632580346,44.76324215557934],[-0.433550175807686,44.76333696396252],[-0.434282279947567,44.76286035321772],[-0.434578819650409,44.76311168380383],[-0.434685651007075,44.76321227487622],[-0.434744905428315,44.76327532097053],[-0.434786676173932,44.763327554586674],[-0.434823237441124,44.76337526370396],[-0.434854753784419,44.76341700136752],[-0.434882543654944,44.763468136533795],[-0.434905431602567,44.763517711503276],[-0.434946119224523,44.7636184610833],[-0.434963359513116,44.76367704255699],[-0.43498173992997,44.76378947806017],[-0.43498894543853,44.7639177600734],[-0.434985114095716,44.76407450056328],[-0.434968054219224,44.76470620242374],[-0.434962842215557,44.76521299658484],[-0.434952779802285,44.76583087415375],[-0.434957222643656,44.766013311596026],[-0.434944743793743,44.76615067503742],[-0.434942458895334,44.766210582985096],[-0.434198357603527,44.76615390201118],[-0.433306589152256,44.765912098888094],[-0.433365934470412,44.765757062240574],[-0.432965532752312,44.76567764399157],[-0.431907280461941,44.76557210828895],[-0.431140206481687,44.76549530213072],[-0.430971099818005,44.76582513762016],[-0.430139433321773,44.76586315017571],[-0.42888806496132,44.76560478161082],[-0.427597177369455,44.76510052489395],[-0.426184909065663,44.7644929511177],[-0.425912352805962,44.76481110865741],[-0.424762058673417,44.764348611110385],[-0.424734086840128,44.764383629745545],[-0.4221300411367,44.76334532896033],[-0.422195068142134,44.76322707106987],[-0.422290357526903,44.76306777678469],[-0.422512088557576,44.76272903079763],[-0.422708632331318,44.76243161456078],[-0.422745566062347,44.762373430228294]]],[[[-0.4206505362966,44.76488234742028],[-0.420510813808775,44.76483538648143],[-0.420212899141544,44.76473518562826],[-0.419821590847802,44.76557209300249],[-0.419797509593327,44.76562330105418],[-0.420182371906275,44.765740824190345],[-0.420210607838959,44.76574959470652],[-0.420541655900877,44.76585372897245],[-0.420194927409895,44.76653561457112],[-0.420190869102161,44.76654376014498],[-0.419814305375879,44.76643382067245],[-0.419581832901071,44.76691049850257],[-0.419575528308149,44.766923309278646],[-0.418924588768713,44.766746770387925],[-0.418447592186627,44.767710315826115],[-0.418245651560428,44.76765959457441],[-0.418166831717779,44.76765941341354],[-0.417912619404753,44.76758534257371],[-0.417606884999372,44.76750024461319],[-0.417170003300368,44.76737818914023],[-0.416986826176045,44.76733643906605],[-0.416381602642265,44.76719812581534],[-0.415917751980063,44.76709014426201],[-0.41580967991671,44.76706653240018],[-0.416433711653196,44.76593869072824],[-0.416822996714598,44.76608744907457],[-0.417031418044014,44.76563305724865],[-0.416570506948952,44.765517058030184],[-0.416154910931749,44.76544940300596],[-0.415359058602352,44.76696805330495],[-0.41511675399972,44.76691496642947],[-0.414603080779101,44.76680301852948],[-0.414611841880736,44.766784815556335],[-0.41447836714966,44.76675531696271],[-0.414470374497376,44.76677367646732],[-0.41371685608848,44.76660738851395],[-0.413271227626065,44.76650559327878],[-0.412889295122237,44.766421569033035],[-0.41276109162374,44.76639343797742],[-0.412723518784173,44.7663850433601],[-0.412582580980717,44.766353429484234],[-0.412299816573988,44.766290138474936],[-0.412289667378565,44.76628756743933],[-0.412692182791899,44.765597953120746],[-0.412342327471676,44.76549419505618],[-0.411937638866471,44.766187659736545],[-0.411932256045346,44.76619692714769],[-0.411787556049823,44.76615749805634],[-0.411616767878386,44.76610922997018],[-0.41147920102632,44.766064354132254],[-0.411391951299962,44.76603360853509],[-0.411107815316208,44.765914305343976],[-0.410941857721511,44.765839303610804],[-0.410921698270366,44.765830191965534],[-0.410841017615767,44.765790953107576],[-0.410819211383027,44.765781802037544],[-0.411450710822393,44.76478397764581],[-0.41119186776642,44.764749955650515],[-0.410599995051807,44.76567960297506],[-0.410542986800259,44.765651079633734],[-0.409990169716914,44.76538558905549],[-0.410454531239775,44.76479140384522],[-0.410776043388677,44.76432804638217],[-0.410588598796586,44.764257400656845],[-0.410347352750804,44.76416101619408],[-0.410322218289975,44.76420333297349],[-0.41005958502192,44.76464270816107],[-0.409841697856383,44.7645539841212],[-0.409385374318497,44.765118091172766],[-0.408518969480251,44.764737436257796],[-0.408535763537595,44.76471817560942],[-0.40903365702864,44.764182440683946],[-0.409163193096161,44.76396983826944],[-0.409237087359862,44.764003609851585],[-0.409299410252265,44.76392374236243],[-0.409346632368958,44.763843078023186],[-0.409454253591322,44.76364457686078],[-0.409691323109315,44.763207071569866],[-0.410020878606499,44.76259901490565],[-0.410025761849016,44.76258985309298],[-0.410813100969729,44.7625391172916],[-0.411357507243673,44.7625037881617],[-0.411566473607976,44.7624997852418],[-0.411582013384208,44.76249948684126],[-0.412297556105371,44.76247041656254],[-0.412517528613392,44.7624643605954],[-0.412965558991957,44.762452088328516],[-0.413314764181365,44.76243709234019],[-0.413749154280184,44.76242307447478],[-0.41388415940674,44.76240296318528],[-0.413974141103573,44.762370451866666],[-0.414057194688786,44.76234049700528],[-0.414202426713558,44.76226176571994],[-0.414418775987997,44.76214191231769],[-0.414522164321072,44.76208024058361],[-0.414632184769799,44.762013227738024],[-0.414667069049514,44.76198989391439],[-0.414707433594823,44.7619589115859],[-0.414795952961025,44.761891930615995],[-0.414918375867196,44.761793805896374],[-0.415006246334966,44.76170990313703],[-0.415130964940752,44.761585033350634],[-0.415190016989369,44.761522294857436],[-0.415319012649488,44.76156779051763],[-0.415361537409711,44.76158279008537],[-0.415396032607625,44.761594702977575],[-0.415431834019581,44.761607296501516],[-0.415788065702236,44.76173094311293],[-0.416023175112463,44.761430728422596],[-0.417407527517316,44.76180489718534],[-0.417505844615428,44.761815921677936],[-0.417606124550024,44.76181345836959],[-0.417709760965094,44.761799627012955],[-0.4177763363028,44.7617816223576],[-0.417852322046289,44.76175404542279],[-0.417939607366853,44.761712602480515],[-0.418266485320279,44.761540578203366],[-0.418528741903033,44.761406232986644],[-0.418784680354484,44.761292808618286],[-0.41907474678115,44.7612123035619],[-0.419182231932452,44.7611869073537],[-0.419486924623698,44.76113685918228],[-0.420083551155289,44.76104120943217],[-0.42045079035484,44.76098391043332],[-0.421388540594849,44.76085915489797],[-0.421888681414339,44.76076602507284],[-0.422142616898232,44.76069257563382],[-0.423314622032511,44.7602730975882],[-0.423452362352884,44.760217023946666],[-0.423688353087388,44.76012105596143],[-0.424101200675377,44.75997375135669],[-0.424108675974829,44.75997811614212],[-0.424083992723644,44.76002141367753],[-0.424007246236818,44.760163104613014],[-0.423942906846518,44.76028422610271],[-0.423768462499897,44.760597452726024],[-0.423698329062812,44.76073560473885],[-0.423618798546652,44.76087107336076],[-0.423545725403755,44.760985886136616],[-0.423463363627118,44.761108105073],[-0.423385524765704,44.76122775103403],[-0.423292523785705,44.76135597593371],[-0.423197824385114,44.76149786066099],[-0.423105573962208,44.76163011738415],[-0.423018400131256,44.76176474036597],[-0.422928662574708,44.761898811692625],[-0.422854517358775,44.76200644786974],[-0.422750706950391,44.76216492461438],[-0.422641269784174,44.76232240362219],[-0.422393583532375,44.76269394281908],[-0.422183219415589,44.76300124755249],[-0.421988810524661,44.76334004988594],[-0.421853845594817,44.76369125371233],[-0.421706036007197,44.764064211497065],[-0.421529864504511,44.76451572461877],[-0.421332475428942,44.76502187191841],[-0.421331064006848,44.765025700359786],[-0.421301886045697,44.76510121712658],[-0.421279161385695,44.7650936284014],[-0.421279155911858,44.76509353845509],[-0.4206505362966,44.76488234742028]]],[[[-0.419988016599491,44.751914422537006],[-0.420008729909977,44.75190774516572],[-0.420018570514077,44.75190527850713],[-0.420026089400895,44.75190414515676],[-0.420034101848843,44.75190488897668],[-0.420050780163392,44.751904644252114],[-0.420100727575446,44.751902470927845],[-0.420188623807062,44.75190669523345],[-0.420271103647622,44.75190919433968],[-0.420353215758065,44.751911884972095],[-0.420428242776998,44.751914524029885],[-0.420474973174199,44.75191767656402],[-0.420509223949201,44.751919412235964],[-0.420537525664875,44.75192106130157],[-0.420558682096256,44.7519216694491],[-0.42058042550583,44.751923611186534],[-0.420598277779893,44.751926033567365],[-0.420618846471046,44.75192945342069],[-0.42063972233316,44.75193376493185],[-0.420663939896189,44.751941037128404],[-0.420682757459817,44.751946854047944],[-0.420701163138734,44.751954215641085],[-0.420737616962584,44.75197345561014],[-0.420755912091932,44.75198523624223],[-0.420777198367238,44.75199629367291],[-0.420792689165608,44.75200771034813],[-0.420804266941317,44.75201924789242],[-0.420817671711898,44.752033792909316],[-0.420834676128119,44.752051380756676],[-0.420864361565797,44.75207993137207],[-0.420894008357997,44.75210992501393],[-0.42092197518499,44.752143485027695],[-0.421031501767261,44.752295369755025],[-0.421062546379625,44.7523358636325],[-0.421138749163834,44.75242849077727],[-0.421175260749129,44.75246530125824],[-0.421195097142873,44.752483702723445],[-0.421208167582087,44.75249690630551],[-0.421225963541447,44.75250879240622],[-0.421242787993536,44.75252133932217],[-0.421261758685159,44.75253174728665],[-0.421295501375694,44.752554224874196],[-0.421312457913966,44.752564785170094],[-0.421359465172827,44.75258910582244],[-0.4214559222805,44.752636319882924],[-0.421631500955826,44.752724344521596],[-0.421744020663072,44.75278196598719],[-0.421836779820387,44.75282659054574],[-0.421914359856814,44.75286492542437],[-0.421977611141119,44.75289847633263],[-0.422024399682233,44.75292127152579],[-0.422128441939172,44.75297257618298],[-0.422230086359518,44.75302188220027],[-0.422303281764985,44.75306089300885],[-0.422346822101563,44.75308018384994],[-0.422434841213139,44.75311963763359],[-0.42254988288685,44.75316879969866],[-0.422672882682419,44.753217805815794],[-0.422733062727378,44.753242439732674],[-0.422836267921377,44.75328412732431],[-0.42290137076088,44.753310681652806],[-0.422983519241199,44.75334301715058],[-0.423061590431128,44.75337277516276],[-0.423121243990758,44.75339706469327],[-0.423188844311175,44.753423091090355],[-0.42325598386683,44.75344777996413],[-0.42338529666122,44.75349451754531],[-0.423508254361847,44.753540730517244],[-0.423590294543763,44.7535671213373],[-0.423697634239682,44.7536039943687],[-0.423748870302893,44.753620884015334],[-0.423926078367018,44.75367947733823],[-0.424274513224482,44.7537981097243],[-0.42456276724739,44.75389832609433],[-0.424798337441708,44.753974488143676],[-0.425020346988657,44.75404809529462],[-0.425249343239675,44.75412635215607],[-0.425465623844701,44.754203469907154],[-0.425692727875255,44.75428178442233],[-0.426009201597229,44.754390496287236],[-0.426219200596948,44.75446203958117],[-0.426365938021197,44.75451030743373],[-0.426549891078813,44.75457157176152],[-0.426734354790575,44.75463498276521],[-0.426883617602441,44.75468524447623],[-0.4271503559291,44.75477882084256],[-0.427182220497466,44.75479117185302],[-0.427201692221818,44.754805618553135],[-0.427210994358043,44.75481506315047],[-0.42721807337388,44.75482953288858],[-0.427199641598881,44.75485704776815],[-0.427124413335978,44.75492588087004],[-0.427009893391799,44.75499746172293],[-0.426873540755972,44.75506359016924],[-0.426632145903015,44.75519496789692],[-0.426423603253225,44.75533001467709],[-0.426326299599166,44.75539150990937],[-0.426204252444375,44.75547035174933],[-0.426100125457013,44.75554025835493],[-0.426002425941146,44.75560149518533],[-0.425889945432516,44.75566715422626],[-0.42578108201122,44.75572783503394],[-0.425753643886593,44.75574247140156],[-0.42532306717699,44.755546271159375],[-0.424868318810939,44.75598928356378],[-0.424987700335496,44.75607633784266],[-0.424773201426025,44.75615731613068],[-0.424710849144912,44.75618429628469],[-0.424577428644871,44.75623843587536],[-0.42443093838619,44.756304333939106],[-0.424293277611268,44.756380231945734],[-0.424138989828038,44.75647178319727],[-0.423979393606795,44.75656755352207],[-0.423817666716837,44.75666780511868],[-0.423768354164314,44.75669501240976],[-0.423653119028459,44.756761204789115],[-0.423540025002908,44.756821022789666],[-0.423476902463903,44.7568519910952],[-0.423457702316271,44.75686069496037],[-0.423418001293379,44.75687751207961],[-0.422729640959791,44.756624747107104],[-0.422560388047057,44.75679047278376],[-0.423072081327594,44.75697913033049],[-0.42290986228235,44.757009015754015],[-0.422694945591315,44.75704999160185],[-0.422488964423616,44.757088167673864],[-0.421503493718199,44.75729019545547],[-0.42128674119603,44.757334289140736],[-0.421089166407184,44.757373464484346],[-0.420921724858451,44.75740693262746],[-0.420886679717943,44.75740882611714],[-0.420881355797389,44.75740863009774],[-0.420872844562407,44.75739970124222],[-0.420866100673155,44.75739071779806],[-0.420866339344101,44.75737593154483],[-0.420880072721098,44.75727944463232],[-0.420893779804549,44.75717629001277],[-0.420912935204555,44.757052510975285],[-0.420929199479599,44.75692071087733],[-0.42096596711812,44.75658335570131],[-0.420964802951494,44.75655590655218],[-0.420973176898193,44.7563796530907],[-0.420973640959005,44.75620851017943],[-0.420973691749655,44.7561698492336],[-0.420968537723069,44.75611008189581],[-0.420947517493544,44.7560140376868],[-0.420923173569072,44.755936119160275],[-0.420914456827454,44.75591133641181],[-0.420905997665201,44.75588870846899],[-0.420897934004612,44.7558642660079],[-0.420887445262982,44.755835302583634],[-0.420879650505476,44.7558111221615],[-0.420868777605357,44.755782080487414],[-0.420858152460915,44.755748795751586],[-0.420846287241353,44.755713837132255],[-0.420837614719769,44.755687701289816],[-0.420826560908337,44.75565776405147],[-0.420816493974321,44.75563365381015],[-0.420807623730959,44.75560842522478],[-0.42078856432102,44.75556747087357],[-0.420773340096953,44.75553342703755],[-0.420757480000378,44.75549516743259],[-0.420742389408713,44.755450846349625],[-0.420726709932863,44.755415554960955],[-0.42071066347513,44.75537630984335],[-0.420700427768348,44.75534526595038],[-0.420689297489991,44.75531406945731],[-0.420676548448653,44.75528121077571],[-0.4206613958849,44.75524626356836],[-0.420644845347587,44.755202888723346],[-0.420631026678247,44.755166999164544],[-0.420618278086341,44.75513206782008],[-0.420607005629158,44.755098532723956],[-0.420588496779,44.75504999168734],[-0.420569851167745,44.75499920199741],[-0.420556867753207,44.75495833031041],[-0.420542901464946,44.754920012200614],[-0.420523981199532,44.75487094317638],[-0.420505302876248,44.754819613802546],[-0.420492940158342,44.75477647006728],[-0.420478273213221,44.75472871151653],[-0.420464032296131,44.75469211407069],[-0.420454374462646,44.754653933236064],[-0.420445287230449,44.754616816158915],[-0.420423280889885,44.754548197367065],[-0.420417040767279,44.75451838178962],[-0.420407860567602,44.75447973562857],[-0.420401040102521,44.75444245842885],[-0.420389612367031,44.75438973362508],[-0.420378633303741,44.75434438439566],[-0.420370529843642,44.75430056842573],[-0.420364219823555,44.75426336557779],[-0.420351220721591,44.75419104423515],[-0.420346510693325,44.75416766968438],[-0.420332268091302,44.75408322122282],[-0.420330892451628,44.7540730807132],[-0.420327633133822,44.75404028939959],[-0.420322085243911,44.754007298421605],[-0.420314221823179,44.7539715853918],[-0.420307423366527,44.75393466797704],[-0.42030403823306,44.75389980790587],[-0.420296866964107,44.75386091947597],[-0.420293635428275,44.75382650523697],[-0.420288159098598,44.75379261090112],[-0.420280808884716,44.75374246362563],[-0.420271306898949,44.75369436533526],[-0.420263775376374,44.75364539515549],[-0.420258493732946,44.7535980676767],[-0.420252519183379,44.75355806091142],[-0.420248821860246,44.75352014657722],[-0.420244906095748,44.75347656174633],[-0.420239731924818,44.75344139647282],[-0.420232556553294,44.753367092990814],[-0.420232044335675,44.753319167645316],[-0.420228502212369,44.75327340851918],[-0.420224651736189,44.75323297569987],[-0.420222168698433,44.75318799490164],[-0.420220260911172,44.753148313121294],[-0.420219405934713,44.75311346503506],[-0.420214865340419,44.753065844334614],[-0.420179529393531,44.75273855673324],[-0.420151100326581,44.75262670091742],[-0.420133435184202,44.75259201152897],[-0.420121108333275,44.752566078655946],[-0.420110833965516,44.75254062308525],[-0.420098589999555,44.75251189408804],[-0.420084090357237,44.75248350509624],[-0.420071035550632,44.75244768205843],[-0.420059120267095,44.752422277161045],[-0.420048895189355,44.75239763109977],[-0.420038060865099,44.752373364312675],[-0.420027112071508,44.7523451360032],[-0.420019339645438,44.75232338799002],[-0.420009114603094,44.75229874192593],[-0.419998989254091,44.75226949692144],[-0.419986196325564,44.752242136595065],[-0.419967031274304,44.75218901995279],[-0.419946126839406,44.75213433495569],[-0.419938524057124,44.75211537526387],[-0.419892343460509,44.751967390855874],[-0.4198972296433,44.751958318588485],[-0.419900440830505,44.75195497528624],[-0.419908509212303,44.751950400608386],[-0.419920644604857,44.751944078266376],[-0.419941133647104,44.751933713122575],[-0.419988016599491,44.751914422537006]]],[[[-0.418948969156045,44.74286420356594],[-0.418983330282254,44.74268273319922],[-0.419087763946346,44.74238933953617],[-0.419197264228867,44.74213354731496],[-0.419242361229974,44.742010139583854],[-0.419232223014479,44.74176434980482],[-0.419219124524623,44.74166328531116],[-0.419189939475511,44.74160750451076],[-0.419181103178037,44.74153911009651],[-0.419240513165146,44.741505555158696],[-0.419605043493092,44.74124774409406],[-0.419759499178015,44.741132493271465],[-0.419833448464513,44.74107397777691],[-0.420536021812176,44.74054925588142],[-0.420587780921357,44.740516747566545],[-0.420649571919122,44.74047455738273],[-0.420799269450388,44.74040171575089],[-0.420953595868526,44.74033846326377],[-0.42107148467439,44.74029769357201],[-0.421194518723618,44.74026460473634],[-0.421369141177784,44.74022947107322],[-0.421580191486337,44.74019249049559],[-0.421839236857357,44.74014843911682],[-0.422655348951519,44.73998362641514],[-0.422783697882503,44.73995271445262],[-0.422971793302541,44.7398855314533],[-0.423092484959127,44.73979529004616],[-0.423168387123665,44.739702468236494],[-0.423203166417946,44.739638222553495],[-0.423223327914089,44.73957893454622],[-0.423230751737736,44.73957834455767],[-0.423352567699488,44.73956475567903],[-0.423497893208846,44.73956350637137],[-0.423778447258495,44.73956960996564],[-0.424312538578989,44.73957832509465],[-0.424759911566602,44.739572778473445],[-0.425679627941905,44.73956270951314],[-0.425800009929215,44.73956294985706],[-0.425930004355688,44.73956947101952],[-0.426193327484906,44.7396040372697],[-0.42636459274521,44.739630097327904],[-0.426497522837585,44.739637067672334],[-0.426588830160199,44.73963532327486],[-0.426944863343084,44.73962889990995],[-0.42714148048154,44.739624886762094],[-0.427282916651669,44.73961167748559],[-0.427406388861915,44.73959623055504],[-0.427817858719582,44.73953474024879],[-0.428120991932247,44.73953373565395],[-0.428259314839102,44.73955657736717],[-0.428481340233017,44.739577367741546],[-0.428709802325826,44.73958759512793],[-0.428987953587524,44.73959988777745],[-0.429040177539122,44.73960412785755],[-0.429101147500742,44.739610800489125],[-0.429177677994049,44.739625912533725],[-0.429253681542697,44.739648970965916],[-0.429320993728392,44.73967878682545],[-0.429414192673321,44.73972465233943],[-0.42951744319041,44.739792284610154],[-0.42958826710782,44.73982992166366],[-0.429660825387065,44.739850383100205],[-0.42989014976776,44.73988509266958],[-0.429902560740236,44.73990615557558],[-0.429914854437794,44.74060948303242],[-0.430168374421669,44.74062623062796],[-0.430218076312927,44.74096433452327],[-0.430590189203933,44.74092081480397],[-0.430659676727659,44.74090748751857],[-0.430547364811444,44.740705865463205],[-0.430502977021684,44.74048393559628],[-0.430492124886495,44.74036198568477],[-0.430485096967644,44.74026541985459],[-0.430463382670774,44.73994257958323],[-0.430631534446148,44.73995692453463],[-0.43084794918981,44.73997482017734],[-0.431036819747972,44.739984737677695],[-0.431123337412932,44.739981155447936],[-0.43119930920701,44.739974655822934],[-0.431255571992367,44.739968406476734],[-0.431334429855117,44.73995947432517],[-0.431398577277848,44.73994982652304],[-0.431458691801151,44.73994039378691],[-0.4315056596693,44.739931008008014],[-0.431578514708124,44.739916944932276],[-0.431614777588201,44.73990825134937],[-0.431656845602074,44.739899377829715],[-0.431706820168642,44.73988539301823],[-0.431750023911637,44.73987441161332],[-0.431789326453998,44.73986373134019],[-0.431861561221739,44.73984364958644],[-0.431918043098668,44.73982648917743],[-0.431976061278006,44.73980964157838],[-0.432080070294877,44.73977776095194],[-0.432145374826027,44.739753928764536],[-0.4322047041118,44.739731633491544],[-0.43223911217642,44.73972155535367],[-0.432267704362503,44.739721840505325],[-0.432297580825527,44.73973695483428],[-0.432312364355394,44.739815527519546],[-0.432324086173278,44.73989158178063],[-0.432341278886683,44.73998476855247],[-0.432348533307133,44.7400145520072],[-0.432409194618661,44.740368355990256],[-0.432475481974899,44.74076461007344],[-0.432510553441283,44.74091662850927],[-0.432505421029909,44.74104385003096],[-0.432479046984663,44.74112135567681],[-0.432421309930956,44.741236059888344],[-0.432349343848826,44.74131443816459],[-0.432281508682759,44.74136520320434],[-0.43201556545516,44.74153448265655],[-0.431576504404244,44.74182159062149],[-0.43109264205417,44.742132974286825],[-0.430933745810539,44.742231077071104],[-0.430855329072172,44.7422763115786],[-0.43079405953867,44.742318671729656],[-0.430504056920337,44.742510320439244],[-0.430466074547886,44.74253645910323],[-0.430400908523241,44.742581282736786],[-0.430398966051882,44.74258260452882],[-0.430368808381424,44.742600210145916],[-0.430343073329109,44.74261984150168],[-0.430302100289116,44.7426467035647],[-0.430267580155879,44.74267156339816],[-0.430225416251526,44.74270377911649],[-0.430183416875719,44.742738693174445],[-0.430072832067094,44.742837010172515],[-0.430021816687717,44.742892028790436],[-0.430006907640698,44.74291087412186],[-0.429989304378847,44.74292908198979],[-0.425753902178979,44.74235144854116],[-0.425753671684661,44.74235181613209],[-0.423985308436146,44.742122291903826],[-0.423728935135954,44.74257799997437],[-0.42415293450316,44.74275512110038],[-0.424831881800766,44.74304285632199],[-0.424831640342852,44.74304304402019],[-0.427137245337958,44.74378211023355],[-0.427137788537155,44.74378272422601],[-0.426282096616053,44.74469125095311],[-0.425756742262868,44.74455899621269],[-0.425916109061062,44.74464895664363],[-0.425129196003807,44.744829109338],[-0.424291780326168,44.7449379151311],[-0.423277965534891,44.74506956027782],[-0.423287919069488,44.74567554539387],[-0.420876155260714,44.746738007685096],[-0.420114130887334,44.74715345529324],[-0.420045963719398,44.747097166301295],[-0.419819339109857,44.746917988342055],[-0.419726208345294,44.74684003156056],[-0.419645472587348,44.74677043306114],[-0.419571332178452,44.74670531680502],[-0.419476539017146,44.74662912335743],[-0.419403440667417,44.74656866079004],[-0.419341908310307,44.74651748330714],[-0.419259801106928,44.74645026989501],[-0.419189742431898,44.74639403884982],[-0.419113802362802,44.7463325824852],[-0.419032068434689,44.74626733992285],[-0.418960556686273,44.746207999602426],[-0.418855150412775,44.746115281933015],[-0.418815900127054,44.746081168826045],[-0.418784216330837,44.74605087725688],[-0.41875672450098,44.74602297946748],[-0.418737364130692,44.74599987704352],[-0.418723692956583,44.74598299711065],[-0.418702358301499,44.74595445864121],[-0.418641228209181,44.745876594463454],[-0.418553631470376,44.745727365519315],[-0.418487127638141,44.745608935360394],[-0.418389464145844,44.745402253629685],[-0.419077047505208,44.74542229752945],[-0.419104273257045,44.7451504820887],[-0.419590314286735,44.74518539670874],[-0.419627762171349,44.74487794044767],[-0.419517967192484,44.74486691280165],[-0.419464537550036,44.74486162395354],[-0.419395705161735,44.74485464797406],[-0.419221160421921,44.74483723886194],[-0.419058440879421,44.74482090618079],[-0.419058930196207,44.744816475454485],[-0.419089027309459,44.74451077842093],[-0.418005725767747,44.74448114301161],[-0.417986958821637,44.74443450227261],[-0.417876214275683,44.744170640875964],[-0.417997695673648,44.74382472602985],[-0.418418482268769,44.743533101944465],[-0.41845403930745,44.74348568531894],[-0.418644063872285,44.74323155292391],[-0.418812777071804,44.74301583619552],[-0.418948969156045,44.74286420356594]]],[[[-0.418545237722041,44.75745471828784],[-0.418337139501707,44.75739364512293],[-0.418337145802129,44.757393639793015],[-0.418545237722041,44.75745471828784]]],[[[-0.415013424007564,44.75680752138002],[-0.415171600426964,44.75678182745422],[-0.415112418461503,44.756602882031544],[-0.415331318766519,44.7565399903791],[-0.415519274198318,44.75651734267018],[-0.415472798250377,44.75637477243677],[-0.415644606819046,44.756348657394774],[-0.415967783512696,44.7562993098232],[-0.416198485636235,44.75626416822716],[-0.41670148237003,44.75623107950271],[-0.416917013807559,44.756216860486404],[-0.416968183804363,44.75621393005425],[-0.416979450422912,44.756130856972696],[-0.417868434909908,44.7561892153264],[-0.417998325930695,44.75583141545899],[-0.418037942994787,44.75577783601028],[-0.418150113969555,44.75581096075903],[-0.418191960683531,44.755823186462884],[-0.418299732579201,44.755723617397514],[-0.418331389007726,44.755703445839906],[-0.418390108481524,44.75568532263725],[-0.418484347930141,44.75562320831227],[-0.418659207917147,44.75553084991967],[-0.418812343601026,44.75544105427243],[-0.419012081411567,44.75532314570567],[-0.41916411771119,44.755236086932996],[-0.419573414319558,44.75499753173326],[-0.420000172584059,44.75475293869337],[-0.420310861667994,44.754585822922415],[-0.420350805014541,44.754706064366864],[-0.420371478262133,44.7547714802065],[-0.420392728399408,44.75483390443266],[-0.420412804184616,44.75489573412143],[-0.420431395293826,44.75494355171773],[-0.42044297440872,44.7549800511508],[-0.420511419518398,44.75515924869312],[-0.420538882779094,44.75522193159163],[-0.420587147578877,44.755341735766486],[-0.420633998934618,44.755448697134106],[-0.420667723434031,44.75551866618102],[-0.420705747912156,44.75560526381263],[-0.420735477608255,44.75567193186139],[-0.420752713495175,44.7557203319821],[-0.420776247591411,44.75578286586534],[-0.420795775793623,44.75584191887467],[-0.420819260364034,44.75590571589535],[-0.420832512701419,44.75594892226365],[-0.420840069533738,44.755983743619154],[-0.420845597528053,44.756008084175804],[-0.420858201194284,44.75605725817566],[-0.420858808865239,44.75609634935453],[-0.420864663106274,44.756198809619114],[-0.420868830653306,44.75631096430111],[-0.420871146075408,44.756376045998685],[-0.42085154716598,44.756586078856266],[-0.420608840132072,44.75654860774118],[-0.420470104542175,44.75653000329887],[-0.420312516374635,44.756509187335574],[-0.420216398193433,44.75649674599034],[-0.420201061763408,44.7565045189246],[-0.420195280634187,44.75651343861633],[-0.420183198897112,44.75654976763034],[-0.420148546753329,44.75662256932526],[-0.420130173517014,44.75663863649966],[-0.420001464900638,44.756622695623484],[-0.419929911961587,44.756616975006004],[-0.419907572890911,44.75659279305635],[-0.41982498513652,44.75657407608645],[-0.419612942199073,44.756514659154824],[-0.419175177985352,44.75643292321406],[-0.419036441648617,44.75639557310237],[-0.418933550029654,44.756388205972954],[-0.418864256030171,44.75636970873171],[-0.418707649919123,44.75653143318131],[-0.41842038815539,44.7568157815248],[-0.418541978202441,44.75685609478223],[-0.418624652078085,44.75688246982671],[-0.418371301620646,44.75736474519387],[-0.418337145802129,44.757393639793015],[-0.418020742386408,44.75730076904356],[-0.417855052053455,44.75763146779177],[-0.418038279804454,44.75762878707748],[-0.418113820495478,44.75765015600737],[-0.418169769871149,44.75768213229298],[-0.418351822963027,44.75794929168644],[-0.418412507711207,44.758038344756685],[-0.418028335355436,44.75817257757952],[-0.417673078290597,44.758295643654236],[-0.417549823145428,44.75813850158103],[-0.417184659608852,44.7576740518147],[-0.416766366511688,44.757710927459215],[-0.416691379019816,44.757717386072564],[-0.417232337988699,44.758398186501246],[-0.416816365989395,44.758481670115714],[-0.417227634035571,44.75895965791636],[-0.416985768294266,44.759171320587264],[-0.416689047944328,44.75941693603701],[-0.41660881343841,44.75937038854861],[-0.416463818167933,44.759488225839355],[-0.416303481768605,44.759624198654215],[-0.41617393676559,44.75978193048666],[-0.416293820028223,44.75986068802587],[-0.416233363720258,44.75995230726943],[-0.416137618719254,44.76002518959239],[-0.415841214253016,44.7602698917001],[-0.415168571374988,44.759765804658],[-0.414718016178367,44.75945501231342],[-0.414106129710387,44.75904925411201],[-0.413437198178024,44.75872662463047],[-0.41322471962783,44.75854753637136],[-0.413904507557885,44.75810124307318],[-0.413698011784032,44.75783528094575],[-0.413706334630703,44.757828626268264],[-0.413906983660781,44.757610852116514],[-0.41398715729509,44.75717114384851],[-0.414701435226907,44.756912031843314],[-0.414696537991171,44.756898034807605],[-0.415013424007564,44.75680752138002]]],[[[-0.417614152498219,44.74831859511323],[-0.417618500566276,44.748311071516774],[-0.417621294760324,44.748307110349344],[-0.417625471892488,44.748303016386025],[-0.417634983496038,44.7482972258366],[-0.417641772952374,44.74829242044631],[-0.41764840289915,44.74828915192808],[-0.417657436464662,44.748285899341376],[-0.41766848952634,44.74828258442609],[-0.417685173224118,44.748278284698124],[-0.417695391951023,44.74827580656249],[-0.417710538667046,44.74827326644594],[-0.417757466096437,44.748265149606965],[-0.417988735047311,44.748241971092696],[-0.418098761169308,44.74822965361846],[-0.418264384412435,44.74821246583384],[-0.418428691157418,44.748192344653184],[-0.418589769875458,44.74817736930397],[-0.418804164506882,44.74814912288683],[-0.418933683438157,44.748132958630954],[-0.419017642584802,44.74812036365893],[-0.419070035356849,44.74811270831346],[-0.41910998764972,44.748104265566354],[-0.419135808540564,44.74809842188662],[-0.419169526474795,44.748091433218555],[-0.419198700551745,44.74808458484078],[-0.419259660547401,44.74807224925038],[-0.419333150196955,44.74805384950306],[-0.419424656994796,44.74803020738664],[-0.419511597996506,44.74800634572471],[-0.419596783653987,44.74797857314886],[-0.419997314239278,44.747865004868395],[-0.420115964668423,44.747830250761574],[-0.420197697334855,44.74780600871729],[-0.420298055380989,44.74778029018029],[-0.420417533479467,44.74774875430888],[-0.420620449475732,44.74769814992463],[-0.420654419419807,44.74769115300799],[-0.420676831721085,44.747687486892474],[-0.420698777449863,44.74768446598881],[-0.420716365764402,44.747682570948406],[-0.420731259372476,44.747682110869825],[-0.420748122833646,44.74768285154553],[-0.42075837886297,44.747685148053385],[-0.420777628377674,44.747691852709075],[-0.420819430200879,44.747709665722525],[-0.420853896163811,44.747721217074684],[-0.420895484643083,44.74773552217349],[-0.420950796504346,44.74775715317678],[-0.42102046434002,44.747777799957575],[-0.421101902898253,44.74780069637821],[-0.421177717186915,44.747820522369075],[-0.421240636549624,44.747834168323266],[-0.421312082930982,44.74785286756642],[-0.421387327180072,44.74786955701085],[-0.42145426883724,44.747884880867915],[-0.421536981891343,44.747901699905356],[-0.421737847223455,44.747937937441925],[-0.421904005319592,44.74796073863856],[-0.421950572793079,44.7479675000771],[-0.422105911479609,44.74797666750831],[-0.422084866126772,44.74815033847613],[-0.421863960634584,44.74837289995874],[-0.421705761316527,44.74853287607706],[-0.421544602634236,44.748696187524864],[-0.421385391742494,44.74885619440333],[-0.42122597675504,44.749017018373536],[-0.421043480389856,44.74920171467691],[-0.420833313714472,44.749413849312276],[-0.420815453008027,44.74943206356265],[-0.420783881191403,44.74946394824179],[-0.420443236000829,44.74980753498472],[-0.420347229212219,44.74990485060078],[-0.420587311997303,44.750088839054534],[-0.420759191108927,44.75022014401815],[-0.420781205567436,44.75023694628058],[-0.420806929369362,44.750256517633034],[-0.421018739733045,44.75041848941806],[-0.421217722099185,44.75057121485522],[-0.421412732761533,44.75072099877675],[-0.421572016949658,44.75084268899385],[-0.421577323139146,44.750846760451545],[-0.421634363356395,44.750890506119596],[-0.42167985295053,44.75092523669587],[-0.421846974149113,44.75105308257867],[-0.421961446793959,44.75113037853055],[-0.422153446177068,44.75125970812836],[-0.422395042096391,44.75142264955669],[-0.422752442596,44.751098814568266],[-0.422978319748312,44.75089132708984],[-0.423087604839852,44.750791976560194],[-0.423107139003873,44.75077425088759],[-0.423152316177868,44.75073320379691],[-0.423183085643867,44.75070476758243],[-0.423323403582102,44.750570934729275],[-0.423483797998585,44.75041998997986],[-0.423494681933897,44.75040974085369],[-0.423581325320663,44.750326950002105],[-0.423628356856091,44.750116969790064],[-0.423647207650984,44.750034021855],[-0.423701777149008,44.74979623337295],[-0.42378438944823,44.749427091299836],[-0.424020499520721,44.749504138729854],[-0.424479057331982,44.74965396865702],[-0.424922136838509,44.74979877846084],[-0.425265227170948,44.74991099378228],[-0.425640071911864,44.749271927296114],[-0.425703350333444,44.74928934453429],[-0.425843708011212,44.74933690876634],[-0.42588724138823,44.74935403559172],[-0.425992336086875,44.74901375368521],[-0.426001651513333,44.74898399784105],[-0.426041054098052,44.74885652751547],[-0.426041476777132,44.748855162711706],[-0.426054881757571,44.74881158284096],[-0.426066826524603,44.74877309459219],[-0.426080363164774,44.74872960076014],[-0.426090167114033,44.74869748680135],[-0.426187349333371,44.74838304220872],[-0.426929778288898,44.748625908624675],[-0.426971193430574,44.748639405843946],[-0.426858419053869,44.748951089641345],[-0.426844795568504,44.74898899913637],[-0.42681567138313,44.74906929185518],[-0.426801378219338,44.74910866391066],[-0.426609927882929,44.74963797706533],[-0.427002885861713,44.74979234987055],[-0.427079508958439,44.74961371329605],[-0.42715010965913,44.74946076564578],[-0.430117902769857,44.74999040355988],[-0.430554333296365,44.74921126426532],[-0.430939457061411,44.749305488724964],[-0.431014936598232,44.749325949344716],[-0.431004712788783,44.74936357387663],[-0.430970485158617,44.74947412453265],[-0.430907122272374,44.749666771811206],[-0.431023569169114,44.74969542529971],[-0.430975061950494,44.749727387191804],[-0.430929446785723,44.74975700657456],[-0.430855821443983,44.74980218254551],[-0.430782278281897,44.74985285295691],[-0.430698686637305,44.74991086361845],[-0.430622657160385,44.749964314404366],[-0.430555759437913,44.75001198520765],[-0.430493405600581,44.75005744255354],[-0.430427824725004,44.75010804628831],[-0.430346970738929,44.75017155901409],[-0.430278382111681,44.750230906899766],[-0.430229209809092,44.750274784274254],[-0.430175542747495,44.75032375719592],[-0.430129723422535,44.75036662951044],[-0.430084908287816,44.75041145323859],[-0.430061211001809,44.75043552711958],[-0.430028441914902,44.75047258824859],[-0.429997752807834,44.75050435825202],[-0.429962492063213,44.75054410988033],[-0.429924761595006,44.75058898445068],[-0.429894170996435,44.75062859140848],[-0.429869046515576,44.75066036925425],[-0.429840623619422,44.75069819686569],[-0.429814928221492,44.75073512895605],[-0.429794139173245,44.75076542077759],[-0.429777696646919,44.750792333824926],[-0.429750080200311,44.75083716543253],[-0.429725355926482,44.750879654576025],[-0.429684814775407,44.7509427292937],[-0.429574227082386,44.75113458538843],[-0.429459214838064,44.751343069493785],[-0.429370485718829,44.75149108318744],[-0.429329411035043,44.75156615962822],[-0.429251657481228,44.75170959791773],[-0.429176148837408,44.75183178952258],[-0.42913887721919,44.7518966552024],[-0.429105656134755,44.75194913975606],[-0.428993088524381,44.75214799540665],[-0.428873829857962,44.75235327606246],[-0.428750470054445,44.752574273511726],[-0.428635402542127,44.752779874701524],[-0.428511942150819,44.752999252898015],[-0.42839958989455,44.753197560530026],[-0.428317858090895,44.75334427529762],[-0.428273438163403,44.753422608905886],[-0.428203545108915,44.753543634678735],[-0.428117098441867,44.753679411044345],[-0.4280374136092,44.753801640956524],[-0.427953436816436,44.75391985834803],[-0.427856188296374,44.75405065203318],[-0.427840035191662,44.754069896001],[-0.427774363347225,44.75414816625238],[-0.42768467802601,44.75425989156987],[-0.42756043527442,44.754414680100105],[-0.427366765447081,44.75463803210824],[-0.427298419336189,44.754718097005465],[-0.427283885896086,44.75472242172661],[-0.427221050703173,44.754708235590286],[-0.427046393504078,44.75465010906593],[-0.426808172354606,44.75456997843226],[-0.426514378614957,44.75447029950772],[-0.42639487366132,44.754428939235744],[-0.42630550998608,44.75439655902181],[-0.42621656329754,44.754366869297996],[-0.426119258195897,44.7543349148557],[-0.426028078081407,44.75430385223644],[-0.425898453779642,44.75425829873535],[-0.42573168576887,44.75420299010614],[-0.425417332169156,44.7540937613535],[-0.425314485414934,44.754055939918075],[-0.425132423156734,44.753996597701956],[-0.424922586154788,44.753927660788314],[-0.424562942004483,44.75380982756252],[-0.424450952975302,44.75377138691238],[-0.424380415244598,44.75374698403636],[-0.424277668169432,44.7537128533248],[-0.424197339902131,44.75368550891295],[-0.424128673932868,44.75366068755011],[-0.424080192874073,44.753643352433926],[-0.424017146857759,44.75361943862879],[-0.423966536388685,44.753602439647004],[-0.423860706065258,44.75356335744288],[-0.423646800293454,44.75349193067391],[-0.423453382054213,44.75342464629169],[-0.42333916103016,44.75338483172509],[-0.422957454682791,44.75323478348512],[-0.422774510001375,44.753165011494865],[-0.422592927228484,44.75309267390633],[-0.422438268734013,44.7530284253736],[-0.422295882153586,44.752964247982035],[-0.422276329249426,44.75295466920979],[-0.422179475799397,44.75290719772236],[-0.42175727216749,44.75269630773241],[-0.421583147568281,44.75260931974538],[-0.421490778949889,44.7525627905142],[-0.421431106143538,44.7525319223615],[-0.421325887642074,44.75246749665149],[-0.421307861466564,44.75245390549408],[-0.421276517514078,44.75242928116265],[-0.421243577847008,44.75239713646087],[-0.42121251010009,44.7523625008171],[-0.421192867083885,44.752336884184025],[-0.421175604903738,44.752317141587106],[-0.421128878834056,44.75225586503962],[-0.421116445441572,44.752240659242354],[-0.421089674689654,44.7522080535872],[-0.421062218842464,44.75217042265206],[-0.421041160470167,44.75214232650149],[-0.421033572267346,44.75213192734528],[-0.421024162535392,44.75211861066414],[-0.42100825067238,44.752098195528625],[-0.420993990346093,44.75207998224779],[-0.420981666839476,44.752064502699284],[-0.420956135889641,44.7520356435487],[-0.420929924584426,44.75200599437524],[-0.420918846220398,44.751994351301406],[-0.420904662185339,44.751979469908335],[-0.42088102433993,44.75195262490914],[-0.420869402041366,44.751944513116776],[-0.420855936714706,44.75193105135691],[-0.42084149951157,44.751920323065406],[-0.420830393449285,44.75191030290896],[-0.420814046443843,44.75189936326263],[-0.420796322272886,44.751886573739945],[-0.42077946490353,44.7518755597389],[-0.420764412259073,44.751869266081556],[-0.42074893169348,44.7518621746058],[-0.420734959621129,44.75185909170506],[-0.420716684910074,44.75185596147571],[-0.420695397182905,44.75185319465587],[-0.420671930780056,44.75184995443793],[-0.420647888344442,44.7518455605134],[-0.420603539883839,44.75184206413654],[-0.42056431708249,44.75183967103343],[-0.420419751933312,44.75183106950497],[-0.420210235765642,44.75182122962735],[-0.420175710723829,44.75181914187593],[-0.42010915235045,44.75181434869951],[-0.4200712250786,44.751810383459464],[-0.420047050203727,44.751810048667785],[-0.420027979491358,44.75180838474783],[-0.420006834453904,44.75180588373548],[-0.419965900051365,44.75180029914361],[-0.419949716545133,44.751796203060195],[-0.41993310472157,44.751793381810344],[-0.41991369403987,44.751790286531325],[-0.419896786413259,44.75178468084891],[-0.419877508251808,44.751777526300636],[-0.419857148761707,44.7517713062907],[-0.419842447165167,44.751766623739925],[-0.419825792416466,44.75175893759537],[-0.419808451839392,44.75175037147824],[-0.419793772957877,44.75174190339414],[-0.419775906018789,44.751730920424336],[-0.419761238087466,44.75172263222793],[-0.419749402250274,44.751713085081015],[-0.419735503038861,44.751702880730654],[-0.419719195427171,44.751688425234725],[-0.419703322033619,44.751670712192144],[-0.419691542165663,44.75165584653299],[-0.419654166992443,44.75160896941938],[-0.419570286507103,44.75150648559995],[-0.419547725360387,44.75147861583605],[-0.419532966231309,44.751460507907716],[-0.419516061700275,44.75144039358159],[-0.419489022973003,44.75140959816136],[-0.419473506104156,44.75139358626609],[-0.419460666900707,44.75138001490555],[-0.419447388436854,44.751367538485475],[-0.419429802760154,44.75135077943084],[-0.419407777757036,44.751331724346244],[-0.419376226994159,44.7513057541948],[-0.419345422672698,44.751279580758215],[-0.419322239822303,44.75126020094983],[-0.419299194151625,44.75124099713132],[-0.419269453531065,44.75121983726527],[-0.419230989598534,44.75118624053579],[-0.41917855433613,44.7511474880422],[-0.419112714158005,44.7510983356174],[-0.419059664781665,44.75105779973752],[-0.419024766865803,44.75103085146064],[-0.418874468668827,44.750896714805975],[-0.418839587794794,44.75086796365554],[-0.418794441291875,44.75082844529224],[-0.418757997496686,44.75079478605477],[-0.418710568592526,44.75075308525287],[-0.418660522319281,44.75070993328181],[-0.418615448066846,44.75066743883655],[-0.418571712216157,44.75062823730698],[-0.418510538443145,44.750576777761395],[-0.418430743926213,44.75050192245232],[-0.418378991573323,44.75045774165859],[-0.418305452484105,44.75038800995025],[-0.418261354799809,44.75034908982873],[-0.41822818202937,44.75031722188457],[-0.41819409340183,44.75028276887311],[-0.41815950039684,44.750246258781495],[-0.418140325182645,44.75022414172876],[-0.41812386579758,44.75020509486305],[-0.41811006803741,44.750186146071144],[-0.418099326019947,44.75017169881259],[-0.418090647785467,44.75015583613133],[-0.418082419298563,44.75014113105974],[-0.418069423118006,44.75012080580128],[-0.418058063326443,44.75009619463985],[-0.41804875447902,44.75007827878125],[-0.41803979792319,44.750055756195856],[-0.418030161534912,44.75003037092123],[-0.418010730715401,44.74997491928173],[-0.417994707934256,44.74991936245161],[-0.417977035280595,44.74985538575817],[-0.417963693151267,44.74981272271301],[-0.41795198003222,44.7497739744372],[-0.417941278145756,44.74972897703246],[-0.417926658417875,44.74968193779702],[-0.417906363562069,44.7496143473315],[-0.417895764166939,44.74957727686038],[-0.417889059317617,44.749548106397846],[-0.417874508334288,44.7495125997253],[-0.417807191515506,44.74931426223757],[-0.417766418703867,44.74921351076989],[-0.417733993082276,44.749135661155904],[-0.417716234083151,44.74909106178312],[-0.417687747780866,44.74901768643371],[-0.417673466882543,44.74897829648164],[-0.417661116588399,44.74894362302466],[-0.417655585199143,44.748919192423784],[-0.417646958938421,44.74889377596218],[-0.41764257993859,44.74886958013984],[-0.417640481373944,44.74885585735761],[-0.41763314810386,44.74881634309805],[-0.41762828506584,44.74877377881655],[-0.417623405143628,44.74873301735067],[-0.417615705606213,44.74866458757989],[-0.41759580668659,44.74838918041815],[-0.417596225541135,44.748358618613906],[-0.417602199538594,44.74834455658098],[-0.417605972166066,44.748333806615996],[-0.417608004076582,44.74832770622253],[-0.41760969510219,44.74832431979002],[-0.417614152498219,44.74831859511323]]],[[[-0.416747096579866,44.76046165090482],[-0.416844520206027,44.760414308926265],[-0.416924510823405,44.760367324434625],[-0.416961050208229,44.76034628177261],[-0.417037830340204,44.76029642244231],[-0.417089530378112,44.76029590881793],[-0.41755660869478,44.76043081848039],[-0.417416945716196,44.760625991460756],[-0.417426694457277,44.7606698470522],[-0.417767652751398,44.760800266514806],[-0.417975613364768,44.76051142853731],[-0.418114093690056,44.760317643015924],[-0.418867289025818,44.760531759618324],[-0.419055436645268,44.76030616102892],[-0.418339299495694,44.76008991081492],[-0.418367347876069,44.76006444374042],[-0.418370586960365,44.76006155020453],[-0.418593619474324,44.759848032588195],[-0.418636397191583,44.75980895401115],[-0.418791454024821,44.75967151854784],[-0.419156152392573,44.75931466931346],[-0.419243180723747,44.75937722600539],[-0.419748181340338,44.75974678693319],[-0.419909553033718,44.759692421245894],[-0.42025522926058,44.7595760421004],[-0.420536434733857,44.75947688237028],[-0.420715112690161,44.75941387063025],[-0.420220425822709,44.75876689148071],[-0.420247164917715,44.75874903399898],[-0.4203899780687,44.75865369754553],[-0.420663087100666,44.75847143089231],[-0.420925231079214,44.758302298555535],[-0.421022104876922,44.758281373442756],[-0.420737500292437,44.75761357945753],[-0.420794143590328,44.757580019327975],[-0.420953560115798,44.757522738527065],[-0.42109092536714,44.757483440741055],[-0.421240309407964,44.75745044003571],[-0.421423503733466,44.757413961549275],[-0.421556946390049,44.75739334806987],[-0.421666616167068,44.75771365366184],[-0.421734304795565,44.75769741437575],[-0.421900161736265,44.75796209503697],[-0.422551745717944,44.75776425447228],[-0.422104338613268,44.7572770388983],[-0.422431963840939,44.75720725907661],[-0.423179230063318,44.75705223632496],[-0.423283016000886,44.757034790235565],[-0.423368740323096,44.757007358847844],[-0.423455222542982,44.756975758663074],[-0.423554999593804,44.756931942346526],[-0.423659223535047,44.7568780757934],[-0.42380144788574,44.756798162591224],[-0.423972522195949,44.756697712161404],[-0.424160737463863,44.75659006297175],[-0.424356307573993,44.75647443612571],[-0.424511658966675,44.75638997078048],[-0.424673079251151,44.756313788379785],[-0.424851755069248,44.756236441321434],[-0.425146708333846,44.75611837047154],[-0.425317604552194,44.756052437521824],[-0.425558899036605,44.75595044352446],[-0.425714937466573,44.75587938234019],[-0.425841869475662,44.75581634038662],[-0.42597018504191,44.755744874755386],[-0.426175721905141,44.75561857294953],[-0.42642208332786,44.75546072894777],[-0.426670089887878,44.75530292357801],[-0.426739422256821,44.755265993839636],[-0.426762194576138,44.75525366435103],[-0.426787656007102,44.755243955112334],[-0.426818430201266,44.75523426171064],[-0.426829577431166,44.75523040229305],[-0.426849561005711,44.75522626945756],[-0.426882727377541,44.755226775168865],[-0.426902161405017,44.75523230167178],[-0.426920557708804,44.75524362766485],[-0.426926912942202,44.755248297244506],[-0.426933382848644,44.75526107365822],[-0.426934297731861,44.75528438522819],[-0.426929016201028,44.75530770830347],[-0.426916790459329,44.75534990013329],[-0.426757171382649,44.75570872212255],[-0.426653339784588,44.75593704293967],[-0.426552333860554,44.756166087266216],[-0.426459741921489,44.756383786989446],[-0.426377991891351,44.75656771840543],[-0.426291053263724,44.756768211272416],[-0.426252000676874,44.75685169475479],[-0.426206597914143,44.75693267120751],[-0.426133783056381,44.75703702447852],[-0.426013431771422,44.757197728452226],[-0.425780254059547,44.757497365641335],[-0.425636610540576,44.75767852489511],[-0.425240356805108,44.7582286789431],[-0.424992097776579,44.75858816675643],[-0.424824791563581,44.75882736997234],[-0.424666745074644,44.75905249894476],[-0.424511002799982,44.75927602446518],[-0.424353243406498,44.75951213814659],[-0.42422651153361,44.759744769103555],[-0.424192940846089,44.75979789366002],[-0.424170125768697,44.75982617430857],[-0.424150199360553,44.759841659380285],[-0.42410922776171,44.75986464383157],[-0.42407920230032,44.75987629579512],[-0.423704592363344,44.760011784752024],[-0.423211277673026,44.76018987106398],[-0.422783412724478,44.76034610716351],[-0.422453061043933,44.76046904971131],[-0.422075824270742,44.76060930011149],[-0.421985773097955,44.76064263140318],[-0.421667161265229,44.76071744770972],[-0.421446686666915,44.760752554699174],[-0.421405183771674,44.760758522730676],[-0.421170459786944,44.760792267020214],[-0.420859782145178,44.76084160361174],[-0.420560806592206,44.76088994712153],[-0.420471575621776,44.760903516581074],[-0.420287338242776,44.76093551961731],[-0.419497758415186,44.761063351188454],[-0.419143317495238,44.761123135594616],[-0.419077254711302,44.76113707010033],[-0.418846975201316,44.76118986671268],[-0.418611456207127,44.761279231066034],[-0.418367187432022,44.761391123375475],[-0.418057142345572,44.76155289609218],[-0.417879519924826,44.76163758846418],[-0.417674224593095,44.76170817530507],[-0.417601431795277,44.76171961310869],[-0.417548824347154,44.76172186711677],[-0.417509824918405,44.7617211780105],[-0.417452630267395,44.76171663464549],[-0.417420405036201,44.761712942929385],[-0.417227476837653,44.76166653842453],[-0.416693080492672,44.76151883462819],[-0.417171434961787,44.760969244795284],[-0.417380583082612,44.76073317882092],[-0.416644233276462,44.7605089803625],[-0.416747096579866,44.76046165090482]]],[[[-0.416544662801249,44.7604294163228],[-0.416504633922388,44.76040136368279],[-0.416504760168233,44.7604013597886],[-0.416544662801249,44.7604294163228]]],[[[-0.415002924213581,44.75412332584549],[-0.415039345845822,44.754002530377626],[-0.415075964969254,44.7538620837964],[-0.415126324534872,44.75368967333355],[-0.415164872021842,44.75356016125671],[-0.415209681216477,44.75339215731006],[-0.415245525505781,44.753232720365865],[-0.415270155457778,44.75313851184713],[-0.415305854119016,44.753047476448614],[-0.415341555520939,44.75298563812188],[-0.415560897389211,44.75270123004678],[-0.415645442498732,44.75266068420695],[-0.415709905344062,44.75266428311124],[-0.415798648348296,44.75266578136768],[-0.415933753895188,44.7526518817252],[-0.416044496222959,44.75262206220026],[-0.416194257721909,44.75255589417636],[-0.416391330759905,44.75245249086818],[-0.416521302016445,44.75238323818823],[-0.417135591655253,44.75205528175956],[-0.417787457136183,44.75170065958467],[-0.41797755947311,44.7515991806172],[-0.418117022977486,44.751521793006866],[-0.418300576321875,44.75142285857712],[-0.41849061572553,44.75132453464318],[-0.418686312721516,44.751225675253345],[-0.418870058737307,44.751140341221856],[-0.418955140673239,44.75113365933887],[-0.419000875180311,44.75114540412728],[-0.419046349148004,44.75116950267483],[-0.419135192506673,44.751230921464504],[-0.419197256607706,44.751282443342454],[-0.419265861797654,44.75133754805261],[-0.419330536866298,44.75139664901284],[-0.419395726630853,44.75146213220423],[-0.419463548331126,44.75153969960399],[-0.419567440538446,44.75165724556221],[-0.419651907779732,44.75176313564342],[-0.419686702993779,44.75181333656733],[-0.419719526631487,44.75187062732689],[-0.419768261791633,44.751975367860766],[-0.419793834737802,44.752038199287945],[-0.419909866369225,44.75233244594516],[-0.41997803972116,44.75250101832823],[-0.420037051282672,44.752654103513414],[-0.420059039999358,44.75272245249821],[-0.420094236799423,44.75291439175246],[-0.420106964235313,44.753111170216656],[-0.420115829353666,44.75324444680986],[-0.420140187335593,44.75352223993644],[-0.420157012981418,44.75364292495679],[-0.419575393467491,44.753601409526915],[-0.419185392441862,44.75255982753154],[-0.418933963510184,44.752665634975024],[-0.418826120272764,44.75315288122149],[-0.418403685309279,44.7535579210972],[-0.418478675904684,44.75365977916261],[-0.41776926934021,44.75443503481534],[-0.416650323035413,44.75384479452581],[-0.415562172990516,44.75475427510748],[-0.415097391801608,44.755355976313105],[-0.414710087609727,44.75504485714669],[-0.414790521722824,44.75492405644619],[-0.414837489417521,44.75475823895184],[-0.414871620027567,44.75461011929424],[-0.414915157090785,44.754444047092484],[-0.414958172580102,44.7542777206141],[-0.415002924213581,44.75412332584549]]],[[[-0.414108461978304,44.746740241407515],[-0.414474259157965,44.74638157136912],[-0.414541121276289,44.746318592262284],[-0.414602006277739,44.74625922177473],[-0.414726443372263,44.74613859615498],[-0.414808926835751,44.74606008603101],[-0.414927094290556,44.74594659232753],[-0.415005394588998,44.74587208597468],[-0.415089457375503,44.74579460829212],[-0.415139169146349,44.74575324451694],[-0.415165515855168,44.745729002176034],[-0.415192272789791,44.74570943312908],[-0.41522193260318,44.7456897745437],[-0.415406833892109,44.745567463455984],[-0.415456283336336,44.745540525937486],[-0.415508514301032,44.745515665347426],[-0.41558020662728,44.74548020172587],[-0.415636564249251,44.74545458298141],[-0.415848480716859,44.745364870273676],[-0.415879811986953,44.74535191852813],[-0.416097824645702,44.74526057543213],[-0.41615603073364,44.74523625110295],[-0.416491441978519,44.745095867553395],[-0.417005121394346,44.744886451183476],[-0.417171256129221,44.744825813763],[-0.41772740398395,44.74465779760927],[-0.417786791402392,44.74464461013224],[-0.417799934169359,44.744642402174215],[-0.4178126928378,44.74464011595574],[-0.417822756871468,44.744639264628134],[-0.417831986629135,44.74463925008196],[-0.417844278234339,44.74463968171365],[-0.417854912221721,44.74464196680075],[-0.417868876394702,44.7446470327611],[-0.417881880567412,44.74465086674794],[-0.417893589839039,44.74465420001564],[-0.417904212416291,44.74465837785651],[-0.417913007436166,44.744663693483005],[-0.417921039728501,44.7446689425376],[-0.417926289925628,44.744674187353006],[-0.41793185219525,44.744682486431074],[-0.417938665638492,44.744690566659294],[-0.418196539883984,44.74531548131047],[-0.418236812199462,44.745412192709814],[-0.418268056255186,44.74549143022361],[-0.418287006074284,44.745532748542296],[-0.41831092007657,44.745582925076214],[-0.418329830754752,44.74562775906974],[-0.418350486571441,44.745672178729635],[-0.418401017309441,44.74576082355466],[-0.418425421348364,44.745804496691925],[-0.418459595736282,44.745861205168026],[-0.418495367684891,44.74591507076315],[-0.418539001366978,44.74597761499195],[-0.418562776828405,44.74601094432872],[-0.418575125224951,44.74602894649362],[-0.418590299078806,44.746049745097366],[-0.418618875729071,44.746085088951475],[-0.418645154139854,44.74611590790569],[-0.4186610146978,44.74613344117336],[-0.418662616747002,44.74613483354761],[-0.418401695012751,44.74619010880678],[-0.418413187145709,44.746233549756575],[-0.418414650018265,44.74641571643441],[-0.41841357119259,44.746749534461344],[-0.418403595564894,44.74677056878909],[-0.418389814185657,44.74682884784581],[-0.418372745600826,44.74691210002784],[-0.418333611437076,44.74701928295591],[-0.418264640950538,44.74727220118122],[-0.418118183160973,44.74752976410314],[-0.418043882935856,44.747661732567174],[-0.417626625370254,44.74769777064768],[-0.417643333038233,44.748193246148766],[-0.417507530007248,44.74821005339217],[-0.41737612368068,44.748222219049204],[-0.417282645998784,44.74822176953035],[-0.417015215009863,44.74821380138405],[-0.416819502986572,44.748206142908565],[-0.416619670054667,44.74819725951467],[-0.41632276042006,44.748184882460514],[-0.416032357984177,44.74817762064021],[-0.415723325585843,44.748167598474225],[-0.415527448300603,44.74816345729312],[-0.415455400554998,44.748161894681424],[-0.415103157933986,44.74815248260469],[-0.41506589676241,44.7481511085231],[-0.414926674102551,44.748149093988225],[-0.414802987248133,44.74814678042778],[-0.414637698063445,44.74814448797224],[-0.414543512980302,44.74814279635718],[-0.414415315057432,44.74814116215019],[-0.414310999741298,44.7481392420031],[-0.414139241311677,44.748134534949294],[-0.414053705268963,44.74813158499848],[-0.413952759658812,44.748128929824],[-0.413853416676326,44.74812559434955],[-0.413771511160492,44.74813037221777],[-0.4136037709327,44.74813977855085],[-0.41339797269565,44.748151349013824],[-0.413550816316274,44.74774445670111],[-0.413815142952813,44.74703683974766],[-0.413881810018396,44.74697062296373],[-0.413968743866455,44.74688206372234],[-0.414024086893154,44.74682511730044],[-0.414108461978304,44.746740241407515]]],[[[-0.413061017831246,44.755500755550685],[-0.413467288939768,44.75519734428115],[-0.41394096703435,44.75517310158655],[-0.413954424952963,44.75517187570408],[-0.414719038899576,44.75510270516999],[-0.413900555607863,44.75568025134924],[-0.413466465777059,44.755990018623535],[-0.413616966990829,44.75607333190957],[-0.413303588075112,44.75620491571883],[-0.413060870760008,44.75630674593996],[-0.412985939206268,44.75622867276964],[-0.412886027151744,44.75612451516943],[-0.412820555001812,44.756056423483884],[-0.412640720130842,44.75586902943082],[-0.412607915756151,44.755834895521694],[-0.412569707153879,44.755795070671105],[-0.412838580094498,44.75562827385861],[-0.412954342820885,44.755558111767414],[-0.412981849342205,44.755579973008636],[-0.413018218503735,44.75555407068429],[-0.413077023888714,44.755512337650345],[-0.413061017831246,44.755500755550685]]],[[[-0.412307145605895,44.75314829396598],[-0.41252575658586,44.75313290691396],[-0.413125567039137,44.75311595469926],[-0.413178929456053,44.75311376940159],[-0.413508483087931,44.753100998784326],[-0.414369168289518,44.75302949942931],[-0.414565765170217,44.753013975997455],[-0.414685717670688,44.7530046002758],[-0.415264053382613,44.752958921168876],[-0.415198782826942,44.75313359380543],[-0.414747846785664,44.75476280524988],[-0.414746000652242,44.75476989112211],[-0.414717072372243,44.75488081317249],[-0.414699517564019,44.75492911525145],[-0.414679214696109,44.75497173471306],[-0.414650851623123,44.755006582471864],[-0.414611824779042,44.75504076774423],[-0.414563109413952,44.75506119381196],[-0.414396868314405,44.755072717269236],[-0.414121552333666,44.755097876095455],[-0.413462101525064,44.755147310279426],[-0.41334629009339,44.75514997853546],[-0.413227023147862,44.755145724221194],[-0.412992224550605,44.75514457961606],[-0.412888538263906,44.75512614735789],[-0.411821165389887,44.75493708225636],[-0.411873282206236,44.75409939348637],[-0.41192385861011,44.753284280988254],[-0.411927295998319,44.7532304668111],[-0.411933829093604,44.753175566000245],[-0.412210567456792,44.753155234728055],[-0.412307145605895,44.75314829396598]]],[[[-0.411321823358711,44.74959569801613],[-0.411405101790766,44.74945300468199],[-0.41144234785973,44.74938949810755],[-0.411591606278396,44.749133751053485],[-0.411640531388212,44.7490501495458],[-0.411729082885428,44.74890477028854],[-0.411803055567442,44.74878381055765],[-0.412224467768541,44.748880675637885],[-0.412524687202526,44.74894964375537],[-0.412756561915163,44.749003054934825],[-0.413033437951368,44.749070758598265],[-0.413076783645892,44.74895777080339],[-0.41313406080543,44.74881596753915],[-0.413362202165456,44.74822661582426],[-0.413574674538454,44.74821249672241],[-0.413689945603331,44.74820741136063],[-0.413758010231537,44.74820585378959],[-0.413811675007443,44.748204559870544],[-0.413937294707495,44.74820330048649],[-0.414149306158443,44.74820658658549],[-0.414350589662469,44.748208130422086],[-0.414549133992206,44.74821246179136],[-0.414565591567666,44.748212765353294],[-0.414797967387847,44.74821821582604],[-0.414989778503269,44.74822203312443],[-0.41506263883394,44.74822239949196],[-0.415164084659114,44.748222875485986],[-0.415305507852858,44.7482257230059],[-0.415436306846343,44.74822853756922],[-0.415509292836736,44.74823097240292],[-0.415565079494185,44.74867685087227],[-0.416373602520535,44.748634607955786],[-0.416310004359971,44.74825799848999],[-0.416354981361168,44.74825940445794],[-0.416406148541114,44.74826070954523],[-0.416471056623845,44.74826339296459],[-0.416539575871034,44.74826515389977],[-0.416585485596267,44.74826734202898],[-0.416654130542418,44.748271171651936],[-0.416767785312952,44.74827694670886],[-0.416908450374635,44.74828396085548],[-0.417055530760058,44.74829041640527],[-0.417153754652356,44.74829405390118],[-0.417248889186657,44.74829679538446],[-0.417394406828594,44.74829834240492],[-0.417438592782666,44.74830337693393],[-0.417442659109434,44.74830370201644],[-0.417461146659268,44.748306195369395],[-0.417474574532596,44.748308664638245],[-0.417477537688886,44.748309564452796],[-0.417479307230217,44.74832203578223],[-0.417488650864014,44.74846746285922],[-0.417492464759627,44.748513573988745],[-0.417496089827951,44.74859195200344],[-0.417503586962316,44.74867994290962],[-0.417510105169472,44.74875390613804],[-0.41751755960231,44.74881414304198],[-0.417522736616753,44.74885147098445],[-0.417530422629698,44.748884305875904],[-0.41753692149288,44.74892465692461],[-0.417539147245791,44.74893423050707],[-0.417544870896892,44.74895766391721],[-0.417555142459902,44.74898726500036],[-0.417578754157941,44.74904285799062],[-0.417596068775015,44.74908638971889],[-0.417612095853024,44.74912122005549],[-0.417640412648379,44.74919180710095],[-0.41765864916953,44.74923594117552],[-0.417674998854536,44.74927607831914],[-0.417698670434989,44.749334733349194],[-0.417731141415136,44.749429973722606],[-0.417766118583827,44.749533156954705],[-0.417779484797011,44.74956581653445],[-0.417785493369526,44.749591854476],[-0.41779658069483,44.749630712191134],[-0.417817039914045,44.749698928403554],[-0.41783130870802,44.74974435641692],[-0.417841994108905,44.74978908399446],[-0.417854200625869,44.74982970946126],[-0.417867125741506,44.74987175458492],[-0.417884765473723,44.74993519162017],[-0.417901281624332,44.749992625645554],[-0.41792161728638,44.75005048247234],[-0.417931708835227,44.750077115313445],[-0.417942009102556,44.750103020794135],[-0.417952310820093,44.75012270831149],[-0.417964838898126,44.750149896751836],[-0.417979233953266,44.75017243171473],[-0.417986321424217,44.75018500925659],[-0.417997155399438,44.75020513091699],[-0.418010920323242,44.750223540047],[-0.418026353012799,44.75024442091307],[-0.418044864270759,44.7502660177892],[-0.418065268412532,44.75028962887755],[-0.418101628032113,44.7503281571097],[-0.418137450477743,44.75036408858407],[-0.418172642324801,44.75039796687324],[-0.418217008835329,44.75043714907653],[-0.418291211802623,44.750507401039826],[-0.41834310129134,44.75055175787111],[-0.418423159145642,44.75062678534391],[-0.418485002288353,44.750678855078576],[-0.418526735397507,44.75071631617003],[-0.418572610711434,44.75075950684099],[-0.418623732373076,44.75080370703192],[-0.418669965086173,44.750844453535414],[-0.418706661309522,44.750878105009086],[-0.418753552607975,44.75091928172541],[-0.418788290839945,44.7509477669622],[-0.41880607396355,44.75096361886267],[-0.418819252859688,44.75097862163947],[-0.418827328990359,44.7509887355178],[-0.41883155276365,44.750997886948234],[-0.41883494307858,44.7510037298606],[-0.418833596565304,44.75101278291311],[-0.41883162986551,44.75102203534175],[-0.418829442183247,44.751038053204645],[-0.418824972414026,44.75104981600847],[-0.418820108459692,44.751057175354774],[-0.418814278902945,44.751063212788424],[-0.418801159773683,44.751076233876354],[-0.418787486522746,44.751088461035785],[-0.418761459188279,44.75110341256779],[-0.418741552139541,44.75111294849277],[-0.418709784057237,44.75112915861376],[-0.418667384813319,44.751149391623294],[-0.418608354825612,44.751178969260735],[-0.41853344592098,44.751217778174905],[-0.418413568308102,44.75128032362206],[-0.418355739691358,44.75131094541157],[-0.418162741762402,44.75141053191779],[-0.418004996776511,44.75149298958128],[-0.417983684097359,44.75150437104313],[-0.417908828999981,44.751544079000126],[-0.417827173025866,44.75158841242263],[-0.417767515985511,44.75162017169649],[-0.417706140424012,44.75165486764617],[-0.417641499305257,44.75168993468267],[-0.417532865270593,44.751750239727244],[-0.417484322280571,44.751777600695064],[-0.41743289243318,44.75180532107046],[-0.417379123858544,44.75183617749301],[-0.41733925309909,44.7518584946976],[-0.417280973563287,44.75188795831849],[-0.417234466865006,44.75191345404009],[-0.41718359684629,44.751939985526676],[-0.417138901474867,44.75196407359277],[-0.417094617541195,44.751988689633215],[-0.417050054299274,44.75201079105958],[-0.416997471584198,44.75203827644992],[-0.416947907337146,44.75206548845113],[-0.416753459076398,44.75217250653222],[-0.416622451446423,44.752241340903026],[-0.416581856055481,44.75226214822527],[-0.416316436408402,44.75240208415116],[-0.416273469237992,44.7524254877335],[-0.416158181024518,44.75248455479025],[-0.416129578603333,44.75249877407132],[-0.416101865229245,44.752513056035276],[-0.416082676350069,44.75252193850176],[-0.416036159308863,44.752541035865846],[-0.416012887391776,44.752549323347175],[-0.415991163544701,44.752556031121756],[-0.415966321680533,44.75256553851044],[-0.415944148103517,44.75257108865601],[-0.41591963628844,44.75257770218196],[-0.415895887857718,44.7525823096318],[-0.415872781492841,44.7525870775017],[-0.415848314489458,44.75259026526946],[-0.415825379174105,44.75259160349365],[-0.415793613335295,44.75259330419499],[-0.415772269811978,44.752593782278666],[-0.415758714201278,44.7525933893491],[-0.415731279494913,44.75259144197096],[-0.415706374821614,44.752589506666986],[-0.415678194240097,44.75258568987168],[-0.415653086852039,44.75258249920208],[-0.415628841210966,44.75257892148972],[-0.415602900535804,44.75257242226488],[-0.415578880609096,44.752566314368295],[-0.415544845511793,44.75255772179448],[-0.415520287903994,44.75255108978025],[-0.415431903906993,44.75252218536351],[-0.415343825359348,44.7525003905209],[-0.415228787865457,44.75246365692212],[-0.415106138599635,44.75242652713576],[-0.4149667854736,44.75238297347735],[-0.414803807294318,44.75233564239802],[-0.414528509111071,44.75225257437874],[-0.414144793454242,44.75213554071271],[-0.413951202434381,44.75207554488297],[-0.413792506171573,44.752029972781436],[-0.413609122626556,44.7519735366505],[-0.413440310157083,44.7519175522529],[-0.413375985190038,44.75189745684107],[-0.41322361281368,44.751849796634325],[-0.413214750288162,44.75184754657732],[-0.413119245283616,44.75181795872362],[-0.413112171780675,44.75181601397929],[-0.413028315975747,44.75179291572912],[-0.412943777314095,44.75177731797101],[-0.412857251158432,44.751764394722045],[-0.412815126195886,44.75176001569109],[-0.412765504062583,44.75175712928759],[-0.412697213389013,44.751765451674686],[-0.412343472560675,44.75157332403868],[-0.411992088079482,44.751382474479186],[-0.411864975936969,44.75131339799989],[-0.411769381397632,44.75126146340384],[-0.411571399932693,44.75115401842472],[-0.411221326590185,44.750963847134756],[-0.411138307018818,44.75089404248319],[-0.411082891533367,44.750841500518],[-0.411020865571499,44.750782133216866],[-0.410894394694005,44.75066103994187],[-0.410772571341228,44.750543588208565],[-0.410859248324777,44.7504964921589],[-0.411164825903079,44.75033055108864],[-0.410905174266718,44.750242486908874],[-0.411130604450729,44.74992275609211],[-0.411219858138647,44.749770146497205],[-0.411321823358711,44.74959569801613]]],[[[-0.409452835889195,44.74586944859002],[-0.40974377812924,44.74576487889414],[-0.409991256027094,44.74568174237132],[-0.410256279864817,44.74558977439702],[-0.410255266671973,44.74553970208857],[-0.410264552427607,44.745507245330074],[-0.410277790589388,44.745485750895895],[-0.410300409834493,44.7454709063379],[-0.410363013513344,44.74544816186757],[-0.410455478939129,44.7454278318681],[-0.410578432451474,44.7454077342307],[-0.410751879574208,44.745392479269526],[-0.410831108334334,44.74538949814555],[-0.410936232479418,44.74538607974994],[-0.411042045481347,44.74538984917529],[-0.411137086785241,44.74539322941454],[-0.411528458905752,44.74541847960055],[-0.411787123412372,44.745490621696845],[-0.41194820170714,44.745540357922316],[-0.41209824251582,44.7455811522593],[-0.412224760883195,44.74561564233552],[-0.41223645910547,44.74561879630989],[-0.412466086881087,44.74517070045366],[-0.412725411237541,44.74466401565937],[-0.412989455155943,44.744072657503004],[-0.412946195462708,44.74368902255796],[-0.41303964886557,44.7436558636129],[-0.413188283635658,44.74360063779645],[-0.413339903439604,44.74354459884015],[-0.413393102993999,44.74352529646625],[-0.413449145247995,44.74350491517505],[-0.413547455293417,44.74346845206563],[-0.413656548761477,44.743428412303814],[-0.413760741171689,44.74339095661885],[-0.413958908212919,44.74331645009493],[-0.414066014533134,44.7432770118682],[-0.414196366580418,44.74323099933603],[-0.414235560745082,44.743216363762876],[-0.414420242987351,44.74314677789808],[-0.414433068202709,44.74314142612347],[-0.414615510993299,44.74307244966321],[-0.414785988597219,44.743012582989536],[-0.414888401666756,44.74297500084857],[-0.41502373507192,44.74292775230386],[-0.41551990475215,44.74356496679922],[-0.415922631668939,44.74405628328117],[-0.415928649249779,44.74406375737071],[-0.415259715981645,44.74419018600789],[-0.415034767751105,44.74423181801771],[-0.414826325956751,44.74427041730828],[-0.415119742504782,44.744667063282584],[-0.414765860149192,44.74486352274679],[-0.414411849111119,44.745059984986185],[-0.413314944149166,44.74566882281116],[-0.412884836329466,44.74590754623779],[-0.413284516488361,44.74608626945369],[-0.413454448406052,44.74620890358296],[-0.413579815773503,44.74629938872256],[-0.413629006042958,44.74633481922813],[-0.413320655428625,44.7466337719907],[-0.413013273052914,44.74693206318222],[-0.412720596047553,44.74661631133016],[-0.412222904498676,44.74672293452211],[-0.411812079833552,44.74686076200768],[-0.411953929764211,44.747181253667414],[-0.411665557042917,44.74724069277777],[-0.411687322563495,44.7473159885963],[-0.411384179718851,44.74739669841938],[-0.411591375312961,44.7479730848019],[-0.411665414917402,44.748022078825244],[-0.411674857336204,44.74802764534875],[-0.411580080020988,44.748089139646886],[-0.411580211696232,44.74808922570462],[-0.411531485318607,44.74812397906598],[-0.411127206554065,44.747950887754705],[-0.410444614221334,44.74843266682178],[-0.410272117571571,44.74855341563104],[-0.409026483715158,44.74775785189267],[-0.408932574632674,44.747698113469944],[-0.408917625578582,44.74746193370109],[-0.408534986373821,44.74752255424817],[-0.408205513079133,44.746981106318586],[-0.40809605585482,44.7467962266665],[-0.407937168588269,44.74652807079527],[-0.40838972448989,44.746479898617345],[-0.408380220027239,44.74612487102579],[-0.408784473416313,44.746043399813566],[-0.409104141085782,44.74597669666966],[-0.409346107887697,44.745902742728454],[-0.409452835889195,44.74586944859002]]],[[[-0.408811492327164,44.75977573121715],[-0.408575648403327,44.759277807092],[-0.409008218443678,44.75919871026309],[-0.408786473192395,44.758860306137564],[-0.408757638291385,44.75882487741274],[-0.408360760924507,44.75833893809299],[-0.40833534432052,44.75830772958608],[-0.409347698395635,44.75794738289483],[-0.409608329856676,44.75786961096882],[-0.410054003173984,44.75773774974537],[-0.410251524598301,44.75791234786662],[-0.410481529641768,44.758176240297104],[-0.40989118490144,44.75834598985329],[-0.409991666959863,44.75859512707433],[-0.409674374029366,44.75865418816574],[-0.409786165192232,44.75905644265587],[-0.409877528941158,44.759384620985664],[-0.410279491648835,44.75930763294638],[-0.410336932506893,44.759560258035435],[-0.410820634615369,44.75950048631823],[-0.410775997105667,44.759125361740274],[-0.410743692582554,44.75896604253016],[-0.411283037841075,44.75886454417664],[-0.411819878136045,44.758763480765246],[-0.411840346796231,44.758856930012904],[-0.411840690659078,44.75886259664837],[-0.412137210536888,44.758909333190466],[-0.412119120870616,44.75859457900353],[-0.412236362727082,44.75847156499971],[-0.412765358074823,44.758714346150285],[-0.412734684039635,44.758740343215294],[-0.412433038938984,44.758990514099295],[-0.41256451456802,44.75903116018685],[-0.412692637559655,44.7591874365773],[-0.412719525904494,44.759157410894446],[-0.412746540040134,44.759179467674265],[-0.412587475707556,44.759311520717176],[-0.412418176670048,44.759452089287315],[-0.412607127675844,44.75969156008386],[-0.412749367271318,44.75987200288843],[-0.412859250701196,44.7598486115774],[-0.412877978740752,44.759865426660895],[-0.41290266055212,44.75985322154297],[-0.413173032167351,44.75996915839705],[-0.413269984187791,44.759909848895326],[-0.413193723730982,44.7597828842115],[-0.41314890848523,44.75969261847278],[-0.413065349110357,44.75958083771111],[-0.413010193461953,44.7595244132864],[-0.412972031209261,44.75948539804198],[-0.413014873440863,44.759461909625394],[-0.413059599035816,44.75943611028452],[-0.413059730739879,44.759436196340815],[-0.413060334658736,44.75943572715677],[-0.41329802680756,44.75929881721125],[-0.413166203432912,44.75920870964102],[-0.413412516926011,44.75902007818376],[-0.413447664555458,44.75899277155877],[-0.41351490417948,44.75895032783244],[-0.413686437715432,44.75899036883122],[-0.413952197576216,44.75911996303783],[-0.413988917144561,44.759139377385814],[-0.413892385222162,44.75921390402456],[-0.413791460710794,44.75932857695177],[-0.414219953083016,44.75959274265833],[-0.415474299183901,44.760365824731096],[-0.4153928706357,44.76044745662184],[-0.415167037212929,44.76067339950484],[-0.414637417694386,44.76100603182019],[-0.41473656337384,44.761068218449864],[-0.414968985983586,44.76119226006734],[-0.414790632542889,44.7613253616387],[-0.415087805318912,44.76144713644496],[-0.415062878961237,44.76148863695542],[-0.415030132976495,44.76152217809294],[-0.414981086425211,44.76156847743034],[-0.414890801024428,44.761652184280564],[-0.414785539105958,44.76174338174241],[-0.414683379647711,44.761829437013596],[-0.414586668614615,44.76190315870037],[-0.414474806777023,44.761979419993175],[-0.41438455584106,44.76203455889564],[-0.414307140965755,44.762080290550685],[-0.414171143428326,44.76215486240104],[-0.414064632963981,44.76221095278505],[-0.41399593931925,44.76223992436069],[-0.413909159681539,44.76226683999858],[-0.413864233928221,44.76227687570531],[-0.413784767666559,44.76229716767523],[-0.413708278651201,44.7623102487491],[-0.413648413511986,44.76231380594335],[-0.413293782610811,44.762339423537085],[-0.412098343927147,44.76237670622823],[-0.410722284425501,44.76244531075149],[-0.410410732479441,44.76246382518643],[-0.410077391928044,44.762488055969584],[-0.409928660013111,44.76220679087297],[-0.40946291739425,44.762262761062125],[-0.409424509813825,44.76217797385257],[-0.409237551524017,44.762206978064754],[-0.409101489957696,44.7622305405301],[-0.409142380701305,44.76232291116151],[-0.408948008961904,44.76234439317741],[-0.40904142957395,44.76257924055811],[-0.408924964297055,44.7625859790086],[-0.408685484951363,44.76259992741775],[-0.40822557511427,44.7617277120318],[-0.408288935515148,44.76171296610445],[-0.40805509955496,44.76111468106996],[-0.408530042758417,44.76100823958284],[-0.408278042039041,44.76051090184782],[-0.408333385034763,44.76050162921428],[-0.40833910012975,44.76051244733109],[-0.409080181398044,44.76034176204984],[-0.408811492327164,44.75977573121715]]],[[[-0.408191388114186,44.751870419455265],[-0.408008186214928,44.752311399741146],[-0.408405517073122,44.752415419262036],[-0.408400491033127,44.75242638767172],[-0.408121679254354,44.75303008351238],[-0.407996575138348,44.753300852158155],[-0.408345050713384,44.75337907089412],[-0.408688154679998,44.753456282412316],[-0.409286528288816,44.75359078759409],[-0.409675124847919,44.753659026056],[-0.409699287978293,44.753663328531054],[-0.409693804226035,44.75385444991393],[-0.409667939957202,44.75412450825477],[-0.409754338866133,44.75414780117676],[-0.410228401110393,44.754267655401485],[-0.41080039272357,44.75440485759652],[-0.410792116412889,44.754572815648174],[-0.410791922474987,44.754577958149966],[-0.41078877705682,44.75464077474405],[-0.410730171623949,44.75481091359705],[-0.41065060584943,44.754950338052154],[-0.410537566329558,44.75507376162217],[-0.4104035387858,44.75521188923604],[-0.410326508259144,44.7552888761016],[-0.409759678008244,44.755852152679566],[-0.409656721246339,44.75595003278277],[-0.409506765689368,44.75609252451402],[-0.409480487254359,44.756120097509175],[-0.409387167156352,44.75621840159444],[-0.409354794237876,44.756237240831254],[-0.409297823693336,44.756265488246186],[-0.409098468656446,44.756227378605054],[-0.408961392899376,44.75620059850177],[-0.4088237681472,44.75616058829957],[-0.408652473862582,44.75610133843717],[-0.408533809852708,44.756067412798636],[-0.408429401114097,44.756043321377554],[-0.407942002763367,44.755947749734375],[-0.407912455231068,44.7559151363643],[-0.407869242696138,44.75589285605455],[-0.407779502665919,44.7558749811468],[-0.407657202061263,44.75586450613697],[-0.407457407670386,44.75584623231754],[-0.407203104859971,44.75518513691113],[-0.406657192683311,44.755014943115185],[-0.404946821536783,44.75481242720863],[-0.404865163721032,44.753800161217946],[-0.404811850042987,44.75314108288176],[-0.404807866496691,44.75309200299809],[-0.404791092686855,44.75288390432661],[-0.404245257619682,44.75248678987589],[-0.402721066722965,44.75117354062655],[-0.402338429696721,44.75084385500772],[-0.402223562095517,44.75074492441459],[-0.40226004615783,44.7507125339833],[-0.401842539241877,44.75042510025812],[-0.401530328067143,44.75021003649226],[-0.401283708595264,44.75004026718588],[-0.401181314356535,44.74996978899545],[-0.402072109904973,44.749625315288874],[-0.402286726192519,44.749598446141086],[-0.402419145436091,44.749582032093976],[-0.40262646687612,44.74956836282218],[-0.402749777444155,44.74956024839609],[-0.402827866645733,44.74955505534985],[-0.402865728974522,44.74955172916646],[-0.402957045325815,44.749543606384734],[-0.403052241885884,44.749534823603284],[-0.403135748725824,44.74952721100257],[-0.403164292336356,44.74952453154522],[-0.403432742721642,44.7494991597382],[-0.403662322873305,44.74947299947886],[-0.403853813945686,44.74944224220977],[-0.40393940742146,44.74943150098056],[-0.40408739020746,44.74941316469086],[-0.404572906608291,44.749361742815395],[-0.4049783594542,44.749347654744],[-0.405449871544179,44.74932810941101],[-0.405570962722815,44.74932303383404],[-0.405593287629797,44.74932207692886],[-0.405740912713824,44.74930410986321],[-0.405988383775898,44.74924765683251],[-0.406208516039936,44.749199163168825],[-0.406307337455016,44.7491312412929],[-0.406373919586197,44.74907179049951],[-0.406473048348512,44.74897763579299],[-0.406525494297585,44.74891654712443],[-0.409038582861664,44.748900308447425],[-0.40913264425383,44.74891246184067],[-0.410035569945839,44.74916734974347],[-0.409954376586272,44.74931736711037],[-0.409934880892527,44.749354553854836],[-0.40989671063794,44.74941953015716],[-0.409863088171406,44.749474003261795],[-0.409834021315933,44.749526443679926],[-0.409793278070772,44.74960321403339],[-0.409737433188324,44.74970622206033],[-0.409703485483297,44.74976367889941],[-0.409671107703133,44.74981991590289],[-0.409647853809275,44.74985352361907],[-0.409639424108805,44.74986883226098],[-0.409628695126046,44.74988376112431],[-0.409590031815466,44.749930188938656],[-0.409578288360025,44.74994298628729],[-0.409556415852427,44.74996600807357],[-0.409538474970153,44.749982961259654],[-0.409523970947109,44.749996113939154],[-0.409508693218543,44.750009020094716],[-0.409486883021735,44.75002681331625],[-0.409468032062767,44.75004127130827],[-0.409452816677233,44.750048948904784],[-0.409434081812365,44.75006115045799],[-0.409421900431448,44.75007089738409],[-0.409405855208298,44.750081574295415],[-0.409387076695437,44.75009305626933],[-0.409361436900122,44.7501081738228],[-0.409342702793096,44.75011830270666],[-0.409318035386246,44.75013068688288],[-0.409296414487172,44.750141174975894],[-0.409277274421418,44.750150865774465],[-0.409251640824152,44.75016400059509],[-0.409228680520575,44.750175340938],[-0.40920278900086,44.75018839357274],[-0.409177024496081,44.75019936966146],[-0.409148119948472,44.75021278538259],[-0.409120225980866,44.75022409735595],[-0.409094933620336,44.75023451820396],[-0.409045339876438,44.75026127692079],[-0.409020732919632,44.750287176314615],[-0.409009421649497,44.75030293406657],[-0.408777769766188,44.75031997749597],[-0.408665593357267,44.75032820646426],[-0.408299730095732,44.75035505710641],[-0.40770976558866,44.75039835488732],[-0.407453679953187,44.750417048537],[-0.407444052201286,44.75077572915997],[-0.407444719369138,44.75080760907924],[-0.407445080205021,44.75082399877181],[-0.407445739321901,44.75086200670911],[-0.407447219334385,44.75094486629153],[-0.407447696610854,44.75097152542828],[-0.407451489321092,44.75118020348844],[-0.407095082684816,44.75116494598683],[-0.407091022837926,44.751523725641526],[-0.40794393453076,44.75159345367162],[-0.407909136624588,44.7517496112412],[-0.407897112037706,44.75180368940278],[-0.407890739707528,44.751832091277215],[-0.407890360174987,44.7518341755857],[-0.408045391442681,44.75185067171897],[-0.408191514341465,44.75187041557056],[-0.408191388114186,44.751870419455265]]],[[[-0.40865750799297,44.75185336999277],[-0.408071593111143,44.751819767198334],[-0.408045391442681,44.75185067171897],[-0.408071461432538,44.75181968113635],[-0.40865750799297,44.75185336999277]]]]}}]}
