{"type": "FeatureCollection","name": "aoc_geojson","features": [{"type":"Feature","properties":{"dt":"Pau","type_prod":"Vins","categorie":"Vin tranquille","type_denom":"appellation","signe":"AOC","id_app":9,"app":"Béarn","id_denom":61,"denom":"Béarn","insee":"64112","cvi":"1B101S, 1R101S, 1S101S","nomcom":"BERENX","insee2011":"64112","nomcom2011":"BERENX","id_aire":75,"crinao":null,"grp_name1":null,"grp_name2":null},"geometry":{"type":"MultiPolygon","coordinates":[[[[-0.893690412566511,43.503056107305646],[-0.893611657433629,43.503086410704334],[-0.893496385728958,43.50313847386183],[-0.893679594347369,43.50358103038587],[-0.894304834112345,43.5033900291438],[-0.894528229388728,43.50332101866951],[-0.89467610967916,43.50327534941287],[-0.894663606922675,43.50324427072342],[-0.895333703477257,43.50309254780033],[-0.895752820290642,43.50299542202381],[-0.895985283067112,43.503437736287964],[-0.895968489097773,43.50344374471953],[-0.896008268940088,43.50356131043605],[-0.896034281891116,43.503645591023925],[-0.896049745154743,43.50371664874574],[-0.896058246354117,43.503794532551474],[-0.896066185143008,43.50388784024579],[-0.896067370669584,43.50397463469218],[-0.896063490114142,43.50404512661026],[-0.896049241049391,43.504114189618356],[-0.896023586998099,43.50419573327822],[-0.895994284174693,43.504270922326604],[-0.895948683712094,43.50439227761316],[-0.895897779073867,43.50452301168524],[-0.895829309854671,43.504708605181335],[-0.895888662740636,43.50516029492589],[-0.89595600738663,43.50567322224447],[-0.895973514527189,43.5058528431781],[-0.895965342015568,43.50585277659585],[-0.895796974135089,43.50637003232449],[-0.895732030641352,43.50658027122289],[-0.895695721717145,43.50658869247058],[-0.895609692743898,43.506884004070045],[-0.895274900145407,43.50679973980548],[-0.895123705481124,43.50675652967481],[-0.895036649568087,43.506730201712955],[-0.894951236986394,43.50669525703095],[-0.894730906142391,43.50659796031237],[-0.89446087505948,43.50647767681156],[-0.894222172384555,43.50637040975613],[-0.894115072560985,43.50631858791382],[-0.894104325923659,43.50631158742548],[-0.894095009121102,43.506300121651016],[-0.894084424368791,43.50628455774748],[-0.894068693103457,43.50625332465318],[-0.894030221668908,43.50617327441668],[-0.893986167031068,43.50606198683915],[-0.893922094428902,43.50590917087595],[-0.893546483437788,43.505542165841895],[-0.893356305237886,43.50535649616467],[-0.893253738784611,43.50525649820578],[-0.89322577075501,43.50522912758625],[-0.893556434426664,43.505216169603244],[-0.894183791280236,43.505193002388616],[-0.894750154718161,43.505171933040295],[-0.895059781601482,43.505159005689805],[-0.894898038903897,43.50382704095634],[-0.894364561399324,43.50401168602424],[-0.894167082236345,43.504079674937536],[-0.893988010593567,43.50415267722052],[-0.89365392619916,43.504284845133135],[-0.893623159006982,43.50462140763809],[-0.893104634050662,43.504831452079934],[-0.892779920153216,43.50496319051719],[-0.892656898596111,43.50491193922895],[-0.892616539186923,43.50489528257358],[-0.892602436996554,43.50488624054828],[-0.892592840085775,43.504877937527795],[-0.892577750728351,43.504861634486545],[-0.892489230806028,43.504746088162975],[-0.892295415975901,43.50449388851864],[-0.892150189048316,43.504319484367045],[-0.891974782818621,43.50412157194242],[-0.891896680149034,43.504037359291864],[-0.891815190782854,43.50395795234191],[-0.891582372742195,43.50373822966083],[-0.891259701816494,43.50341606892718],[-0.890985910754646,43.50318880818033],[-0.890834585822978,43.50306128282153],[-0.890680560225102,43.502924936350695],[-0.890535687240486,43.50279033300856],[-0.890383840635031,43.502642287721955],[-0.890343037940939,43.50260078428913],[-0.890286177869385,43.50254328253909],[-0.890390461593172,43.50248792400447],[-0.89050156259646,43.50242907780436],[-0.890740744902176,43.50266433773214],[-0.891231408517424,43.50236288312683],[-0.891933163634321,43.50249028233801],[-0.892291332773248,43.50233014080839],[-0.893148382052013,43.50235692140419],[-0.893231817062726,43.50246868604613],[-0.893424136846706,43.502726251959565],[-0.893643154091646,43.50301798970622],[-0.893690412566511,43.503056107305646]]],[[[-0.893756976903215,43.506151562155516],[-0.893683076987063,43.506069181264714],[-0.893612686359421,43.50597649524907],[-0.893533263732742,43.505885664987446],[-0.893427991422859,43.50573847235312],[-0.893349847351742,43.505633633687154],[-0.893295381632653,43.50554947360658],[-0.893258175638056,43.505491717550456],[-0.893228922959665,43.50545817755271],[-0.893061523603379,43.505285381399595],[-0.893097947755001,43.50522389985269],[-0.893101834165441,43.50522646266376],[-0.893201743107947,43.50530917078841],[-0.893434430711907,43.505523130264216],[-0.893533350710381,43.50562226820088],[-0.893707118336834,43.50580681562724],[-0.893773941779299,43.50587792044428],[-0.893807730519769,43.505919945053115],[-0.893826544774975,43.505954670618934],[-0.893838619264122,43.50598855733279],[-0.893839559171453,43.50600059428163],[-0.893839029781332,43.50601286417117],[-0.893837124085244,43.50602491326118],[-0.893832259913767,43.5060389603055],[-0.893819375220281,43.50606248361947],[-0.893756976903215,43.506151562155516]]],[[[-0.891174480537255,43.4993363652433],[-0.891199130665789,43.499356829066684],[-0.891427512320395,43.49954788506825],[-0.891644374857968,43.499729625697405],[-0.891734478033589,43.499804759523464],[-0.89208060503635,43.50009166472444],[-0.892224544750099,43.50021071539293],[-0.892316203854819,43.50028687389501],[-0.892383248752293,43.50034310792509],[-0.892423961409343,43.500361373240594],[-0.892457755560247,43.500372500487366],[-0.892517049194246,43.50038739608413],[-0.892598094721945,43.500407365616155],[-0.892657304797176,43.500419201436586],[-0.892760877819339,43.50037170293018],[-0.892794447989155,43.500357615852785],[-0.892857400077788,43.50033337543393],[-0.892775625179937,43.50043044559203],[-0.892639386281991,43.5006514394337],[-0.892344861774119,43.501184478035995],[-0.892274462628521,43.501312486965354],[-0.892248325885708,43.5013504482495],[-0.892201899615248,43.50141039690226],[-0.892148444490481,43.50146888642562],[-0.892028322773461,43.50157535008545],[-0.891968767428503,43.50162234822123],[-0.891885381032657,43.50168290324305],[-0.891823930011087,43.50172384395285],[-0.891758050279607,43.50176152061896],[-0.891696822196676,43.501794796486],[-0.891640706377725,43.50181951136471],[-0.891544593779245,43.50185845354899],[-0.891214594675725,43.501999655445076],[-0.891130973115687,43.50203301427739],[-0.890971410901417,43.50208342185311],[-0.890754471726157,43.502139942396255],[-0.890470900326551,43.50221209586977],[-0.890411780626712,43.50222718931955],[-0.890383698802876,43.502192615852195],[-0.890166188245025,43.50199224899669],[-0.889915634894542,43.502138972796814],[-0.889861796702447,43.50207856996083],[-0.889466429262116,43.50166758326599],[-0.889218049959682,43.501416977230015],[-0.889526622019063,43.50124259051039],[-0.889392471510706,43.50112003222544],[-0.889268992876788,43.500921153963034],[-0.889182236351201,43.5008588694222],[-0.889198753847329,43.500845125147116],[-0.889105001932417,43.500785523709936],[-0.889053824879921,43.50077718105709],[-0.888813710863037,43.500968387204956],[-0.888786195916813,43.50091109308095],[-0.888762091549797,43.50084385794092],[-0.888751609576518,43.500795050707794],[-0.888747585752457,43.50076303675883],[-0.88875558906881,43.500663752441376],[-0.88876063277181,43.500599344930116],[-0.888757519453956,43.500538743178055],[-0.888731807109867,43.500462377659666],[-0.888698971513307,43.50038680818791],[-0.888655411808932,43.500320991718425],[-0.88859736143222,43.50024767807129],[-0.888460125397652,43.50008496414609],[-0.888330033739004,43.49995099930523],[-0.888296823603913,43.49991192529727],[-0.888277011400675,43.49988065792581],[-0.888260450588592,43.49984440963141],[-0.888240868579861,43.49977998484183],[-0.88822009907571,43.499674256290994],[-0.888181600772733,43.499440080247176],[-0.888170323917008,43.49935941351339],[-0.888410937940247,43.499301778365364],[-0.888630390110458,43.49914725605632],[-0.888942973559916,43.498924444526246],[-0.889070181091535,43.4988367369483],[-0.889367764755226,43.499258618980456],[-0.889480084980629,43.49941519963235],[-0.88965281957047,43.49963978387064],[-0.889700551743759,43.49969959503372],[-0.889874526854958,43.49992602617268],[-0.890060463314074,43.4998430556618],[-0.890208284002537,43.49977649614842],[-0.890362371250982,43.499707459508805],[-0.89045842968003,43.499664106388245],[-0.890858580711904,43.49948273509855],[-0.891096649100771,43.49937293926362],[-0.891174480537255,43.4993363652433]]],[[[-0.888719685611213,43.50612628977436],[-0.888734993827556,43.506094663106005],[-0.888744476805648,43.5060738748182],[-0.888747560812643,43.506057279600206],[-0.888745360093842,43.505997365498054],[-0.888738472332228,43.50593951122062],[-0.888738287496531,43.505907539574814],[-0.888751909977018,43.50586381263016],[-0.888788615202415,43.5057534093516],[-0.888804673870431,43.50569266002916],[-0.888805064251943,43.50569111466989],[-0.888852225122809,43.50544818944526],[-0.888860684018231,43.50540131480038],[-0.890456705830071,43.505537444042595],[-0.891984403456611,43.50566780605887],[-0.891846807684432,43.505890919734625],[-0.891696904403767,43.50611870885698],[-0.891569833160102,43.50631270884968],[-0.88995592392924,43.506247228916315],[-0.888705567158921,43.50619741873207],[-0.888703113840627,43.506181292404236],[-0.888704099084504,43.50616477247964],[-0.888710107822954,43.50614933345312],[-0.888719685611213,43.50612628977436]]],[[[-0.888548247916067,43.504870154325474],[-0.888531155296871,43.50524279619639],[-0.888463649440954,43.5055160872336],[-0.887656675191076,43.50554043877835],[-0.887639311617274,43.505993261028905],[-0.887588429612905,43.50600031052332],[-0.887126089115286,43.50606454331136],[-0.886751946287448,43.506119035832185],[-0.886707210640864,43.50599930275205],[-0.886665922855929,43.505870167851306],[-0.886642948854475,43.5057903704309],[-0.886632385677991,43.50571292047578],[-0.886624555611533,43.50560636692291],[-0.886622337664429,43.505535193556106],[-0.886635764014131,43.50546111718236],[-0.886650457732738,43.505391139023445],[-0.886667974483045,43.505318987812146],[-0.88643685324033,43.50531430333253],[-0.886297731688364,43.50531217508831],[-0.886179430409768,43.50515868735339],[-0.886119769634338,43.505028679747014],[-0.88609536138163,43.50502460045135],[-0.885837175540294,43.50501313820971],[-0.885848650652679,43.504802301299975],[-0.885862421232054,43.504471756681035],[-0.885876786526441,43.5044097174618],[-0.885900655363069,43.50434364428517],[-0.885927663636873,43.50415936448072],[-0.88598879798149,43.50373506083949],[-0.886077061807411,43.50310269223403],[-0.886267520885743,43.50321251638491],[-0.886291259381783,43.50322499700178],[-0.886323384681314,43.50323888841616],[-0.886359773659896,43.503248122980416],[-0.886574400592155,43.50328898010318],[-0.886851512099818,43.503340657679026],[-0.887046469859298,43.503343214841784],[-0.887197627736313,43.5033404063292],[-0.887244893311664,43.50333663942421],[-0.887262062794291,43.503332510575575],[-0.887678278699592,43.50321975666922],[-0.887766313183989,43.50328992373965],[-0.8878301344995,43.503340601289466],[-0.887961520043797,43.50344605577136],[-0.887993186476121,43.50347509651977],[-0.888014887305734,43.50350134194729],[-0.888031177036498,43.503531744965386],[-0.888181505672566,43.503838387846855],[-0.888279247955835,43.50402449899119],[-0.888361959087767,43.504162236127414],[-0.888428930790142,43.504268559624],[-0.888565667470159,43.50447858410908],[-0.888604535606628,43.50453538111509],[-0.888562213387709,43.50453906132262],[-0.888548247916067,43.504870154325474]]],[[[-0.887772697110289,43.49482702835336],[-0.887655944937053,43.49497038841595],[-0.887503505225806,43.495160518316226],[-0.887325263968178,43.495378957443485],[-0.887254056464243,43.49546582537434],[-0.887230545691514,43.495487747114225],[-0.887177856926196,43.495520984377634],[-0.887205073611347,43.49553919499432],[-0.887216905789736,43.49554399518047],[-0.887575454276576,43.495883523117435],[-0.887765989626822,43.49608801356388],[-0.887910588469178,43.496239023327576],[-0.887879690747067,43.496254184052745],[-0.888071954000177,43.496454918874754],[-0.888235795567704,43.49662694702157],[-0.888995789155951,43.49627242141965],[-0.889191663018766,43.49617738537106],[-0.88925793169904,43.49619851790847],[-0.889382242436714,43.49624720347412],[-0.889633706149722,43.496335374212315],[-0.889720770818057,43.496365758904545],[-0.88984166340569,43.49640781072174],[-0.889886700560101,43.496424210094396],[-0.889932870495491,43.496450027097936],[-0.890028106961821,43.496506061040705],[-0.890070212191325,43.496523015973764],[-0.890111430758152,43.496537840818156],[-0.890205616150821,43.49656373583773],[-0.890236044409796,43.49657453407201],[-0.89026488550279,43.49659295591702],[-0.890281238545968,43.49660786253453],[-0.890324684112261,43.49666287274116],[-0.890351168017086,43.49669399026009],[-0.890369081483051,43.49671001188365],[-0.890392893896524,43.49672726302201],[-0.890418482169886,43.49673967621381],[-0.890446447901761,43.49675065287005],[-0.890506575290498,43.49676696071184],[-0.890550768816014,43.49678185876795],[-0.890577437650409,43.49679378273952],[-0.890639198827296,43.496825075083514],[-0.890778408753374,43.49690186948528],[-0.890859080805409,43.49694563438271],[-0.891005133501334,43.49702479516066],[-0.891182797636853,43.49711759380588],[-0.891231741868741,43.49714781466553],[-0.891351591203205,43.497232870174855],[-0.89127877690028,43.49729962094149],[-0.891227001368533,43.497353635754976],[-0.891143395281816,43.497443744093374],[-0.89110440533042,43.497480094673264],[-0.891045716516016,43.4975215663453],[-0.890984151993535,43.49756260074945],[-0.890947757108934,43.49758246368243],[-0.890881700961962,43.49756267563538],[-0.89083569439114,43.49755207649276],[-0.890814286345643,43.49755023273598],[-0.890764858644278,43.49755488969111],[-0.890698878222846,43.49757275193311],[-0.890386774140282,43.497656289139684],[-0.890216303314318,43.497702583468076],[-0.89007214215232,43.49774270860887],[-0.889996079351096,43.49777066084535],[-0.889888598621056,43.49781523426765],[-0.889720915782391,43.49788809116814],[-0.889712353069044,43.49800649229848],[-0.889705624194306,43.49806609598283],[-0.889677950830906,43.49820013613037],[-0.889637879623841,43.498390470329454],[-0.889572594299913,43.49843506043133],[-0.889209533490169,43.49869265421513],[-0.888879616639607,43.49859729821456],[-0.888668950739638,43.498536126507084],[-0.888036519993792,43.49873735257161],[-0.887994754925636,43.498593823388475],[-0.887837531294281,43.498110153588456],[-0.887561010038265,43.4973666512724],[-0.887439776268523,43.49704167092211],[-0.887428491317116,43.497013880969],[-0.887360548927327,43.496845528169466],[-0.887333287208041,43.49677912690912],[-0.88732610981379,43.49674803686069],[-0.887326642999523,43.49669009695298],[-0.887348232380996,43.4965904158723],[-0.887353499630994,43.49655671756882],[-0.887350996419757,43.49652338805689],[-0.887343430041114,43.496504832944495],[-0.887290913050912,43.49642726697191],[-0.887190403109298,43.49629692458324],[-0.887010558769565,43.49608583426284],[-0.886726975495131,43.49581000418221],[-0.886675151352882,43.49576276973771],[-0.886639583679929,43.495727203011185],[-0.886614237470168,43.495696404211394],[-0.886592999310258,43.49566780013658],[-0.886578295936192,43.495646168021146],[-0.886556845022514,43.49559613280173],[-0.886521277145556,43.49544535519873],[-0.886516590911653,43.49542912890141],[-0.886511398780628,43.49541274058846],[-0.886482413846759,43.49528244506167],[-0.886462124643195,43.495194715232344],[-0.88644672534505,43.49513536503983],[-0.886433881060015,43.49508817394465],[-0.886424916661405,43.49506723681027],[-0.886409063699749,43.49504141220928],[-0.886375063549013,43.49501254513559],[-0.886284295437915,43.49498039907187],[-0.886224684927597,43.49496253914623],[-0.886202398826886,43.49495135781303],[-0.886179476762106,43.49493443423708],[-0.886164219761964,43.49491741595995],[-0.886153270790925,43.49490006304622],[-0.886149168512502,43.49487417737427],[-0.886154716995614,43.494795249553086],[-0.886182077411283,43.49454493038816],[-0.886220524986119,43.49424268862909],[-0.886235694935305,43.49416332573761],[-0.886255291868301,43.4941000182726],[-0.886286904315783,43.49401862449793],[-0.886347500800115,43.4938974574808],[-0.886476233709459,43.49370439625769],[-0.886568029492799,43.49358535308504],[-0.886647436846278,43.49348071632718],[-0.88667126866919,43.49345806257998],[-0.886979237200633,43.493787244724416],[-0.887090596864815,43.493906118059],[-0.887237687013579,43.49407028045003],[-0.887241157738714,43.494074029348575],[-0.887354567068624,43.494199404711196],[-0.887512562936424,43.49437659738193],[-0.887574570900177,43.49444085126809],[-0.887661714746596,43.494393856857556],[-0.887830417073659,43.494529949430785],[-0.887952605128427,43.49462960711789],[-0.88791114965107,43.49467523296839],[-0.887882320390099,43.49470266030904],[-0.887840267288029,43.49472849021669],[-0.887833592239652,43.49473224275165],[-0.887844422887743,43.4947387002109],[-0.887772697110289,43.49482702835336]]],[[[-0.885965552571033,43.4950516407843],[-0.885750270574447,43.49511403758911],[-0.885631414959846,43.49515505113777],[-0.885524782897532,43.4951920231614],[-0.885466417664753,43.49520537550621],[-0.885412756442047,43.49521144295224],[-0.885352832638438,43.495174316920966],[-0.885328930720666,43.49515022199529],[-0.885299431677175,43.49510191637836],[-0.885158293089219,43.494979965072616],[-0.885128832601587,43.49495417772643],[-0.885036527148603,43.49487002025235],[-0.885147212701659,43.49450699857159],[-0.88537620572954,43.49391381804201],[-0.885428211308444,43.49364550081318],[-0.885846040667132,43.4936216021589],[-0.886300892167315,43.49382121076967],[-0.886263622072036,43.49390127608436],[-0.886209957664889,43.494020663132154],[-0.886162184973995,43.494135695264895],[-0.8861505113436,43.49419358410497],[-0.886132586559808,43.494305384038164],[-0.886090428296794,43.49459667912917],[-0.886052797413327,43.49485979740775],[-0.886033170701685,43.494933645139724],[-0.886009364526611,43.494978637360475],[-0.885965552571033,43.4950516407843]]],[[[-0.883468793698157,43.489752551148655],[-0.883551706174071,43.489902893141014],[-0.883561607191319,43.48991758139848],[-0.883584085865681,43.489942628306785],[-0.883715930256585,43.490073741423316],[-0.883943951945598,43.49028418944215],[-0.884077233868049,43.49040543214338],[-0.884292532151773,43.490599671091985],[-0.884470625756456,43.49075966231724],[-0.884552589416369,43.490830048151295],[-0.884755750427129,43.49094356072596],[-0.884760922397688,43.49097247066677],[-0.884637188976834,43.49097051056156],[-0.884006749884257,43.49095860764217],[-0.883789225018823,43.490954693442184],[-0.883709336152594,43.49095341290706],[-0.883514965712324,43.49096623363848],[-0.883214858186285,43.490987076654555],[-0.883062185203041,43.49099993373738],[-0.882833666143223,43.491016408953804],[-0.882667885581719,43.49102937480199],[-0.882514491983674,43.49104072559229],[-0.882305862758074,43.491067746888035],[-0.882007812625137,43.491108059819936],[-0.88181035197792,43.49113558084854],[-0.88135754180199,43.49122197061138],[-0.881284651770043,43.49123638146502],[-0.881128149972849,43.49128414313337],[-0.880722092233807,43.49140146411725],[-0.880375180597186,43.49150423492474],[-0.880335625327878,43.49150844368548],[-0.880281507704269,43.49151137228432],[-0.880242589795339,43.491508532086506],[-0.880146800472427,43.49148800101136],[-0.879842467119975,43.491384047378915],[-0.879560325645377,43.49125326589217],[-0.879254744173755,43.49103369503352],[-0.879050447167702,43.4908867041202],[-0.879004911725565,43.49086464349315],[-0.879049694755484,43.490778457136955],[-0.878859544699259,43.490705364072404],[-0.878867886849934,43.49046428670154],[-0.878881002810731,43.49044048700897],[-0.878902942850676,43.49040628272177],[-0.878904128684326,43.490400024887684],[-0.878883669403674,43.490364545805754],[-0.878868472588487,43.49034103890235],[-0.878857039196726,43.49031829807311],[-0.878849898321781,43.490174068422576],[-0.878818842056486,43.4901722074497],[-0.878666929616113,43.490163322343385],[-0.878460239456489,43.49014756987248],[-0.878454733910023,43.49014848753903],[-0.878449297008498,43.49015408680741],[-0.878472290673406,43.489495964447556],[-0.878104461259148,43.48884894707661],[-0.878345569215143,43.488617735582395],[-0.878299925685221,43.48856289026603],[-0.878217605009203,43.48842657594228],[-0.878396435887346,43.488333971109],[-0.878379188659382,43.48805102308618],[-0.878381940472335,43.48804597031268],[-0.878396121769828,43.48803978785013],[-0.878810811465889,43.48786370562829],[-0.878860335357287,43.48784409751009],[-0.878998958068654,43.487802834034525],[-0.879010883112459,43.48780537973497],[-0.879439935947259,43.487937297861926],[-0.879672003253703,43.48805780108435],[-0.879880534137099,43.48827309792267],[-0.880288692028728,43.48869085809335],[-0.880371533853952,43.48877986140939],[-0.880039906722256,43.48901161644173],[-0.879935912537123,43.489085690879314],[-0.879738881709134,43.48922389886038],[-0.879690550596272,43.48925202208022],[-0.879494136092809,43.489362733717],[-0.879631844884212,43.48955336318517],[-0.879847656206684,43.48986721555018],[-0.879862547753458,43.48989352566932],[-0.879890151639991,43.489963338770245],[-0.879908061883476,43.49001602377723],[-0.879938701082373,43.49005384054297],[-0.879973484196649,43.490077907136126],[-0.880009784869393,43.49009696508712],[-0.880037231469726,43.49010399933657],[-0.880057224106765,43.490105085073615],[-0.880090079170545,43.49009327948653],[-0.880032354980663,43.49016002238445],[-0.880425416620333,43.490460321205376],[-0.880832546188247,43.49028387151288],[-0.880765985514085,43.49021248109933],[-0.88135340888003,43.48997426468181],[-0.881455004783094,43.49007709826263],[-0.881785242270143,43.48968928296876],[-0.881892446436023,43.48962427966992],[-0.881953805091232,43.48960037282413],[-0.882402518390943,43.4894553959521],[-0.882423332832142,43.48909154493035],[-0.881229489300412,43.48910521496345],[-0.881294467297263,43.488849227654995],[-0.881285154622612,43.488766329015114],[-0.881266468165754,43.48868935096094],[-0.881145283446591,43.48817934539387],[-0.881543321412808,43.488145091286476],[-0.881940755923342,43.488109235913626],[-0.881972026397602,43.48793120228554],[-0.881973541099101,43.48783827749676],[-0.881954563874688,43.487733205641],[-0.881474784819871,43.487745978121445],[-0.881411532422283,43.487681405822435],[-0.881263307195066,43.487479805658076],[-0.880984880922005,43.48708514734346],[-0.880781044989105,43.48697048193329],[-0.880791561730606,43.48696866404775],[-0.881069983811491,43.48675898959723],[-0.881082171469547,43.48674161842379],[-0.881444117734855,43.4862282711303],[-0.881558934117216,43.48620461146107],[-0.881561811576118,43.48622522632224],[-0.881699353386154,43.486235792791966],[-0.88173616366343,43.48623861775339],[-0.881638230106864,43.48588595763592],[-0.8820413671579,43.48560884847051],[-0.882124884343636,43.485676747747064],[-0.88229025672951,43.48582638761598],[-0.882359825223954,43.48602287741189],[-0.882444274868521,43.486272970926485],[-0.8825075476261,43.48645500357665],[-0.882534453137386,43.486527273016996],[-0.882658591795895,43.48682458662641],[-0.882690883546757,43.48689783408337],[-0.88271294204361,43.487070444027424],[-0.882725056947508,43.487159997958166],[-0.882799138619857,43.4874085713704],[-0.882874535769821,43.48765097234968],[-0.882919359499394,43.48779430195362],[-0.882960922319698,43.4880321503286],[-0.883035344348006,43.48841384718927],[-0.883047620778419,43.48848015523396],[-0.88304880686351,43.488656936259545],[-0.883108494353509,43.48895241592489],[-0.883127267858002,43.48901966219807],[-0.883164679428264,43.48915397944598],[-0.883179878797354,43.489199464782374],[-0.88328184280185,43.489340656815926],[-0.883321701599086,43.489483714037284],[-0.883339848653958,43.48951972559703],[-0.883468793698157,43.489752551148655]]],[[[-0.88350762117124,43.49661865717641],[-0.88339622406935,43.49681397604465],[-0.88334565726413,43.49689694887955],[-0.883303258461283,43.49695981169843],[-0.883254260717311,43.49702390180683],[-0.883174076804728,43.49711721384841],[-0.88312245785295,43.49717365103571],[-0.882682496437006,43.49764665317414],[-0.882525406021153,43.497806765815895],[-0.882453469747146,43.497890323570594],[-0.882384550303796,43.49796908911143],[-0.882321087733308,43.49802973345924],[-0.882239392226517,43.49809157134502],[-0.8821570286038,43.498149019236806],[-0.881978942116593,43.498306099792096],[-0.881898233380741,43.49836790206241],[-0.881799714414956,43.49842800010815],[-0.881615355538025,43.49852891536671],[-0.881453616276543,43.49862947063015],[-0.881287305294188,43.49874478211718],[-0.881123563728114,43.49886333424064],[-0.880997076942493,43.49898019177696],[-0.880949106632829,43.499015598944034],[-0.880885665387709,43.499049127928906],[-0.880798656523939,43.49907998766895],[-0.880733480712121,43.499097004176214],[-0.880601574733579,43.49911902216873],[-0.880412310015303,43.49913273454009],[-0.880158358911957,43.49914506914829],[-0.880074512561212,43.499156808460114],[-0.880019092535781,43.49916987212837],[-0.879951123661891,43.499200499951655],[-0.879715100904257,43.499306053727565],[-0.87964633437149,43.499337700770106],[-0.879535295211467,43.499381039785064],[-0.879421297411858,43.49941538663102],[-0.879341702236397,43.499427783904636],[-0.879286897137111,43.4994316371486],[-0.879164886578,43.49940231463417],[-0.878911024806406,43.499340868637326],[-0.878497627138859,43.49924045211613],[-0.878084131742488,43.49914039788961],[-0.877908178337926,43.49909651973985],[-0.877379757256158,43.49868160664769],[-0.87770484030177,43.498571880856666],[-0.878122269860658,43.49843155597268],[-0.879801851691728,43.497545783815966],[-0.879861289359773,43.4974933021204],[-0.881212282292857,43.49636740957888],[-0.881236108223444,43.49639772353484],[-0.881292375082882,43.49649245294867],[-0.881344091057949,43.49658392233734],[-0.881377897388061,43.496613608612435],[-0.881478624310803,43.49669242320539],[-0.881506473403456,43.496723673978124],[-0.881531210300494,43.496756477464906],[-0.881583477158461,43.49684144138563],[-0.881621058320082,43.49689585411875],[-0.881655375100779,43.49693308865256],[-0.881709891622872,43.496981760333234],[-0.881780530542528,43.49704561831765],[-0.882382107362819,43.49663321884354],[-0.882651763142092,43.49625846989232],[-0.882797686974391,43.496050384886814],[-0.883141525682629,43.49570414415698],[-0.883407268877077,43.4957767740947],[-0.883661205970951,43.495722365096384],[-0.883764452366989,43.49577802713631],[-0.88390034783775,43.49584990425331],[-0.883933723285073,43.49586771479655],[-0.884078383505705,43.495944772411974],[-0.883969465233398,43.496057761155065],[-0.883760115747651,43.49627568738784],[-0.883631894952522,43.49641431929269],[-0.883598344974894,43.496461641832425],[-0.88350762117124,43.49661865717641]]],[[[-0.883599827565819,43.500086902918504],[-0.882754282986004,43.50132974976782],[-0.882660584298494,43.50128914771617],[-0.881665142625224,43.500849365116814],[-0.881180476469046,43.50063395751714],[-0.880938204092223,43.50049508350555],[-0.880379852435066,43.500172504914794],[-0.880250714333463,43.50009632749343],[-0.880079206652442,43.49999194072607],[-0.879957316395094,43.49987649942122],[-0.879110450191626,43.500686803938905],[-0.879009543649688,43.50078310634215],[-0.877983751377713,43.50053102069479],[-0.877580036907204,43.49985564215504],[-0.877659851575252,43.49957705600123],[-0.877675709425636,43.499480194614016],[-0.877709396593666,43.49927352007265],[-0.877710101200747,43.499219808016434],[-0.877687982246415,43.49909196713896],[-0.877905486913893,43.4991446279339],[-0.878443404002217,43.4992749108516],[-0.878893950027698,43.49938669921165],[-0.879179850637928,43.49945348422996],[-0.87926694308314,43.49946964392289],[-0.879327928453908,43.49946935279043],[-0.879363261830467,43.49946484529071],[-0.879433853760841,43.49945105876259],[-0.879571866577402,43.499411348365676],[-0.879658866504215,43.49937850823189],[-0.879824490144382,43.49930790302355],[-0.879911641565606,43.499271814421476],[-0.88003990571639,43.499212364829795],[-0.880084733946585,43.49919454584434],[-0.880109270871419,43.49918592066354],[-0.880145235398513,43.49917976888942],[-0.880220268720204,43.49917311920915],[-0.880361451461425,43.49917301901342],[-0.880517785379644,43.49917922215663],[-0.8805942737389,43.499184950989665],[-0.880660981743426,43.499188777983484],[-0.880827235183493,43.49913850644217],[-0.880969973491175,43.49909367067879],[-0.881015586575113,43.49908014697406],[-0.881030796216541,43.4990671714739],[-0.881159464330517,43.49893131924016],[-0.881202454226976,43.498895459771795],[-0.881260758920417,43.498851845554505],[-0.881438718338513,43.49873494593297],[-0.881698295279203,43.49856602999424],[-0.881920229858659,43.49842422416914],[-0.88199931602017,43.49837319937424],[-0.882136386617338,43.49824271991768],[-0.882172782455792,43.49820817717959],[-0.882250264946725,43.49814441844564],[-0.882357020564601,43.49806889168709],[-0.882389703152323,43.49804348976317],[-0.88242608048973,43.49800867736147],[-0.882512744553793,43.497917836129076],[-0.882587791301989,43.49784002202508],[-0.882761706908019,43.49765606619823],[-0.883022289663141,43.49737586357729],[-0.883164053420218,43.49722701868863],[-0.883260493818443,43.49711060449082],[-0.883384646556469,43.49695203124049],[-0.883470798462894,43.49684084974926],[-0.883494915029734,43.496796747789936],[-0.883540381893319,43.496709723923914],[-0.883659873025166,43.49648772177968],[-0.883696415513126,43.49643524757357],[-0.884740766685818,43.49692396925467],[-0.884374528008017,43.49750981731147],[-0.883419948763513,43.49903708237379],[-0.883389854596308,43.49936613799502],[-0.88292144112528,43.49982484732651],[-0.883599827565819,43.500086902918504]]],[[[-0.877335338391313,43.48339830180349],[-0.877334846981756,43.48327554368763],[-0.877708953623495,43.48334908105782],[-0.878192464145177,43.48343977968144],[-0.878413176768164,43.48351150847843],[-0.878296803002928,43.483700783328445],[-0.878653693697705,43.483816099285825],[-0.879284284834501,43.48401466596156],[-0.879488140367474,43.484078528922275],[-0.879931798105081,43.484498530041826],[-0.879832390494391,43.484550641375876],[-0.879635927675924,43.484653068054406],[-0.879343970502276,43.48480512309946],[-0.879141661010568,43.48490892916687],[-0.878866952144817,43.48500316601855],[-0.878664559153499,43.48507094304871],[-0.878272509871972,43.485199104091436],[-0.877852927767124,43.485320772538095],[-0.877558600688211,43.48540300707709],[-0.877346874352026,43.48546084669165],[-0.877305869974005,43.48547285300336],[-0.877222516692342,43.48551727124413],[-0.877180277514125,43.4855403111664],[-0.877095873953877,43.485585667661496],[-0.876955310595176,43.485632943341194],[-0.876662620373763,43.48573214147866],[-0.87651305307962,43.48577982876452],[-0.876226888844464,43.48586942414369],[-0.875868599420527,43.48597736214917],[-0.875470260458915,43.48609681998677],[-0.875078144197776,43.48622785395039],[-0.874988365920653,43.486255925880414],[-0.874799727209443,43.48624528646086],[-0.874670451061514,43.48621784145317],[-0.874558005352534,43.48621798879002],[-0.874477782775214,43.48622265875434],[-0.874329533165469,43.486234895335706],[-0.874125347351419,43.48625237435191],[-0.87399316490206,43.4862552084335],[-0.873956237422471,43.486217615113276],[-0.873893543351013,43.48615382960039],[-0.873892624903241,43.486153051737],[-0.873722437869579,43.48598672739589],[-0.87369027106302,43.485986706297346],[-0.873129111725658,43.485997757508436],[-0.873144167247871,43.48618620196063],[-0.873155632818053,43.486185611991104],[-0.873158854988227,43.48627377277438],[-0.873161457633458,43.486349074623035],[-0.873162150550128,43.486357517142174],[-0.872793745976847,43.48639077170341],[-0.872596914938198,43.486412759056876],[-0.872370890804875,43.48643479843567],[-0.872226117818027,43.4864490697275],[-0.872163557699888,43.48645148541004],[-0.871966531801885,43.48644672556413],[-0.871601610194029,43.48643805565124],[-0.871272968582979,43.48643169149369],[-0.871136609889364,43.486433139956866],[-0.871075358884237,43.486434787624276],[-0.871018936436127,43.486102345893535],[-0.870705395594777,43.48613462428761],[-0.87066915187504,43.48617140940459],[-0.870692356994785,43.486201837357044],[-0.870320603748358,43.48615233195814],[-0.870296704535914,43.486333790637474],[-0.870258138038829,43.48633426732102],[-0.870255655091514,43.48656918766885],[-0.870060362449367,43.48655526463303],[-0.86995575150256,43.48654684024513],[-0.86987524322151,43.48653809545586],[-0.869748116285826,43.48650579378265],[-0.869683948233782,43.48648250333517],[-0.869546366796981,43.48643273946528],[-0.869461989857618,43.486405126213896],[-0.869353413587723,43.48637639530841],[-0.869252519781803,43.48635702825213],[-0.869166798113087,43.48634801871897],[-0.868795362494479,43.48631056711173],[-0.868546651298807,43.48556766195706],[-0.868518620327567,43.48556659090798],[-0.867964081006775,43.48572366449445],[-0.867629063833608,43.48587794446896],[-0.867598292175954,43.485863729654184],[-0.867573042783845,43.485845174182785],[-0.867384730461253,43.48568128908406],[-0.867310819529861,43.48561799047915],[-0.867278669998283,43.48559616820328],[-0.867219802393905,43.48556521081475],[-0.867091902567358,43.48550482970313],[-0.866994717407569,43.48545965631174],[-0.866958451780552,43.48544284500399],[-0.866982765981381,43.485418106885],[-0.867019549454569,43.485435260012196],[-0.86711521127056,43.48547985720456],[-0.867145603068652,43.485446164670556],[-0.867129366824803,43.485438366936634],[-0.86718322331922,43.48537834516086],[-0.867071135462779,43.48532496622052],[-0.867085167342975,43.48531104396997],[-0.867105587786565,43.48529094863558],[-0.86692163452068,43.48531859139143],[-0.866902739761321,43.48533746124141],[-0.86688240228546,43.485296301150534],[-0.866792722541517,43.485108988367344],[-0.866255060691065,43.485255812636325],[-0.865820560787261,43.48537490325473],[-0.865703541486628,43.485314402640356],[-0.865358379784257,43.48513593255296],[-0.86547482435184,43.484981980671925],[-0.865349031375502,43.48493080041366],[-0.865198787049283,43.48487842043972],[-0.865176916517135,43.484871453947434],[-0.865140333987846,43.484901403321004],[-0.865103448638864,43.484882721920656],[-0.865162117364448,43.48482433111894],[-0.864948657446048,43.48470574722373],[-0.864927709033671,43.48472351895496],[-0.864896338695346,43.48470590186112],[-0.864907434246971,43.48469613810629],[-0.864881250832045,43.48468022761883],[-0.864868909054143,43.48468985566659],[-0.864789468310836,43.48464359715319],[-0.864987441607421,43.48460554945039],[-0.865264102035576,43.48457865647563],[-0.865564323413066,43.48454524742863],[-0.866027607259901,43.48448998617852],[-0.866406113970324,43.48444522434222],[-0.866475404281453,43.484438067915306],[-0.866765224120917,43.484375121074635],[-0.866946927763075,43.484334317455904],[-0.866960030073242,43.484332318565734],[-0.867103396396471,43.484356026818155],[-0.867181696670432,43.48437061725986],[-0.867404142961459,43.48435249944393],[-0.867473481431908,43.48434606126901],[-0.867804103206001,43.484279133143225],[-0.868090945632977,43.48422160351268],[-0.8682110762723,43.48419785843418],[-0.868455564644697,43.48414517263978],[-0.868681483774528,43.48408495224204],[-0.869258288331897,43.48392626879016],[-0.869046134585867,43.48428271300501],[-0.868807042679015,43.48469659698013],[-0.868789862229219,43.484726215231795],[-0.868791713615404,43.48473533700109],[-0.868935831346546,43.48499979237389],[-0.869123341194546,43.48548419817555],[-0.869219268970348,43.48545924445246],[-0.870024842528536,43.48522915400762],[-0.870719309998111,43.48503383272964],[-0.871157726802555,43.4849106187247],[-0.871274512758622,43.48487762169685],[-0.871735836221361,43.48485753614512],[-0.872043963410424,43.48485517350761],[-0.872785280724265,43.48485399275411],[-0.872877526552932,43.48486988229063],[-0.872923708163993,43.48487777989361],[-0.87286881843483,43.48466914078963],[-0.87282631857109,43.48452500466227],[-0.872759569458756,43.484366151840995],[-0.872715490971082,43.484260985555586],[-0.872681212246473,43.48417456542023],[-0.872657589496753,43.48410307758902],[-0.872646940184719,43.484038692588506],[-0.873116485422879,43.48394615511226],[-0.873689335885358,43.48383542004344],[-0.873663415057709,43.48377022990274],[-0.873842690690267,43.48376138869673],[-0.874044799465268,43.483749929298746],[-0.874194609325348,43.48378844077058],[-0.874816812941648,43.483839065269706],[-0.874967082003346,43.48388620671815],[-0.87645122380518,43.483415162101736],[-0.877335338391313,43.48339830180349]]],[[[-0.876232335849462,43.490783244181685],[-0.876129124994194,43.49082503884147],[-0.875921547397291,43.49090984020888],[-0.875823121550497,43.49094921147618],[-0.87579429183948,43.49095834958097],[-0.875770066995841,43.490971556651544],[-0.875565350416151,43.49109327702456],[-0.875179481921181,43.49132659588147],[-0.874752723404666,43.49158290393714],[-0.874626599593464,43.491475806820965],[-0.874498141616231,43.49132492509262],[-0.874471350262499,43.49132209967378],[-0.874390084048506,43.491351758227374],[-0.873748459173769,43.49157574915534],[-0.873742380301359,43.49158101080825],[-0.873740277577103,43.491584689086125],[-0.873788297012221,43.49179771830491],[-0.873584653563096,43.491799682876874],[-0.873404443365384,43.49176567914334],[-0.87334557836332,43.491784447491796],[-0.873336031992163,43.49178415814814],[-0.873155364427496,43.49173602813083],[-0.872618976842758,43.49158864328017],[-0.872653733576917,43.491322392314096],[-0.872699146807914,43.491012343061726],[-0.872973508834196,43.49089588599314],[-0.873494753768787,43.49068484994155],[-0.873609402443561,43.490642018467504],[-0.87368832520317,43.49061064270392],[-0.873737074692918,43.490586831057314],[-0.873799404393256,43.49054974289375],[-0.873855825558001,43.490514937694954],[-0.873908890543215,43.49047439738195],[-0.873947615524206,43.490437702546814],[-0.874107190307682,43.49027769465249],[-0.874339373182634,43.490045910905486],[-0.874489849896161,43.48987577866128],[-0.874536826954637,43.48982203409133],[-0.874564199436477,43.48979313129757],[-0.874642330846795,43.48972620235557],[-0.874722320622527,43.489668484922106],[-0.874829317869611,43.489607639868424],[-0.875040202550707,43.48950038300414],[-0.875503064538457,43.48926782407854],[-0.87574815111508,43.48915591964746],[-0.875822475472407,43.48912794951527],[-0.875915539973925,43.48909534563011],[-0.875913830067592,43.4891781883295],[-0.877253844587897,43.48896558952512],[-0.877273616024639,43.488970737178846],[-0.877498986548297,43.489034195170504],[-0.877616387342589,43.48906521479684],[-0.8776584156321,43.489061008568065],[-0.877868653705898,43.489243009433714],[-0.877967086720223,43.489925881269905],[-0.877826418197207,43.490690182768496],[-0.877617577002076,43.49068657605563],[-0.877402026293417,43.490684380020404],[-0.876968736584246,43.49069889125762],[-0.87655364049593,43.49071716376006],[-0.876450462140556,43.49073193417925],[-0.876317814591826,43.49075919850705],[-0.876232335849462,43.490783244181685]]],[[[-0.873311260253423,43.47864607698764],[-0.873155552361532,43.47864831043349],[-0.873013400266196,43.47864978885581],[-0.872887559622846,43.47864735118912],[-0.872826952843773,43.47864375264134],[-0.872650919501281,43.478638064494234],[-0.872421400306834,43.478627982316304],[-0.872105909347817,43.478625205757744],[-0.871735095181678,43.47862197316555],[-0.871608776925331,43.47862162285543],[-0.871483616694786,43.47858889340745],[-0.871283186190798,43.478536874516514],[-0.871071741779151,43.47848110524364],[-0.870676266587694,43.478383538925044],[-0.870234448257253,43.47827006166295],[-0.870171052840421,43.478252599357475],[-0.869986224647714,43.478103458516394],[-0.869874375565164,43.478013053079906],[-0.869936302313398,43.477949949277004],[-0.87008230577516,43.47780367394015],[-0.87024099163538,43.47781079651805],[-0.870589063095341,43.47782538548615],[-0.87074388135574,43.47783201496229],[-0.870847466962902,43.47782912492636],[-0.87099857529379,43.477822915519575],[-0.87119783915406,43.47781543569912],[-0.871251923299258,43.47780485588176],[-0.871389496850498,43.47776850339955],[-0.871459965106359,43.47774040359187],[-0.871629979636428,43.47766415854368],[-0.871649524288268,43.47765499290678],[-0.871786266534193,43.47764118882616],[-0.872191533520603,43.477594097796995],[-0.872390305875545,43.47759401962426],[-0.872578846079036,43.477596288506334],[-0.872862711348757,43.477599743582424],[-0.872931186480824,43.47767971627425],[-0.873071546251446,43.47783701752718],[-0.873150093036282,43.47792509731497],[-0.873192485917353,43.47796862033002],[-0.873281544362429,43.47803830887401],[-0.873395086264704,43.4781262183936],[-0.873714699488665,43.47837547458967],[-0.873941306026232,43.47854050057763],[-0.873899216433403,43.47863541537834],[-0.873776903059572,43.47863942825204],[-0.873311260253423,43.47864607698764]]],[[[-0.873277053437872,43.4735166125754],[-0.873210851730443,43.47360608353471],[-0.873161443333075,43.473674957057966],[-0.873129027363307,43.47371701075917],[-0.873111812951522,43.473738704122674],[-0.873083689561266,43.47376186839842],[-0.873046040247101,43.4737905075849],[-0.873015950880954,43.47381203066761],[-0.87297907957273,43.47383019312083],[-0.872946495038188,43.47384405878765],[-0.872914372211936,43.473853764411544],[-0.872874174542306,43.47386294799406],[-0.872778352489289,43.473889162783166],[-0.872699451369652,43.47391134971352],[-0.8726728424013,43.47392211923733],[-0.872622843950078,43.47394921801301],[-0.872584506922546,43.47397499915961],[-0.8725406680791,43.47401457853028],[-0.87250330449364,43.47405113405193],[-0.872482002750586,43.47408008946463],[-0.872453137903765,43.47413813974356],[-0.87253176731131,43.47448446646015],[-0.872521754564615,43.47451391913376],[-0.872517973447622,43.47454774297463],[-0.872524115161447,43.474604001540676],[-0.872529040357737,43.47465138599779],[-0.87253526826664,43.474668548192085],[-0.872580051227853,43.47472738892923],[-0.872656157073834,43.47483438198506],[-0.87272885053013,43.47492744501272],[-0.872841647724167,43.47505762728312],[-0.872860710102391,43.475078023823556],[-0.872889359196904,43.4750938440552],[-0.872909743984445,43.47510266349013],[-0.873088574276115,43.47528579216383],[-0.872857611911183,43.47562111739346],[-0.872641179258359,43.47593898832138],[-0.872553983798471,43.476005158801904],[-0.872163012159207,43.476163255692576],[-0.871943663737653,43.47625072283741],[-0.871961660815548,43.47574871235528],[-0.871987274152436,43.47543865358532],[-0.871986334101812,43.47529438425925],[-0.871987758818246,43.47505121627989],[-0.872014482454719,43.4744437748372],[-0.872031720439808,43.47410672242622],[-0.872089145591826,43.4738759654357],[-0.872211562897484,43.47370846130508],[-0.872380554607572,43.47347407682905],[-0.872459982707369,43.473366118333246],[-0.872568893351312,43.473218463044404],[-0.872637438451111,43.47312521561343],[-0.872664870559825,43.47309730210934],[-0.872768445361958,43.47300262224739],[-0.872949772213191,43.47284120834035],[-0.873186361102097,43.47262989766716],[-0.873244555058644,43.47257944598681],[-0.873400447818632,43.47244992695692],[-0.873543925044855,43.47233256156804],[-0.873748973060615,43.47216165073991],[-0.873938827897082,43.4720038935194],[-0.874108939928786,43.471867019123856],[-0.873760988828487,43.472671955624925],[-0.873707713297713,43.472786186160356],[-0.873632472706701,43.47295254574207],[-0.873579902873355,43.473064408993665],[-0.873511761711421,43.473176468655616],[-0.87344511594769,43.4732813587513],[-0.873359116375264,43.47340189348494],[-0.873277053437872,43.4735166125754]]],[[[-0.872216013760549,43.473486353412106],[-0.871997036894185,43.47379026170343],[-0.871925392312968,43.473888934002886],[-0.871857641292447,43.47391873863434],[-0.871854124642205,43.4739675056941],[-0.871841247732195,43.47410497245557],[-0.871831676999733,43.4741942201415],[-0.871822995404103,43.474234254205065],[-0.871803125355846,43.47427712018835],[-0.871780077542869,43.47430586762284],[-0.871749887448297,43.474333248917695],[-0.871715915415244,43.47435590121918],[-0.871675227230428,43.47438167597387],[-0.871643334618666,43.47440398371026],[-0.871625018738917,43.47442769786963],[-0.87160624102066,43.47445557205581],[-0.871583176141907,43.474502425462774],[-0.871564884224304,43.47454118155633],[-0.871537498495977,43.47457530839933],[-0.871509682851794,43.47460305515561],[-0.871485171610983,43.47462293723076],[-0.871451721684737,43.474642328027635],[-0.871425960020359,43.47465099518996],[-0.871397213584973,43.47465391402064],[-0.871352453639159,43.47465046915854],[-0.871306430369959,43.47464112436175],[-0.871247617078223,43.47461818460844],[-0.871201191393558,43.47459552280577],[-0.87116798820641,43.47457635189589],[-0.871146314908893,43.474557579687385],[-0.871132362216737,43.4745414140601],[-0.871118905721168,43.47450874667916],[-0.871104619278484,43.47445458064006],[-0.871118209045965,43.47427259067932],[-0.87114031132376,43.47400949786413],[-0.871152793453585,43.473897356881785],[-0.871174356456744,43.47381903045126],[-0.871207037505373,43.47342657004887],[-0.871383354984114,43.473269661589896],[-0.871667564607017,43.47300503884892],[-0.872000246045117,43.47263014067716],[-0.872141628576141,43.472630311942304],[-0.872303424458657,43.47263056407347],[-0.872320579093048,43.472514382673694],[-0.872295946765469,43.47214703018268],[-0.871410921076613,43.4723111630141],[-0.87125355939329,43.47184982981109],[-0.871184227037758,43.47164684293476],[-0.87219682639459,43.4715240909094],[-0.872846077844895,43.471376126792315],[-0.874113615692072,43.47117506364068],[-0.874128752496289,43.471467451391945],[-0.874137163606718,43.47163072971135],[-0.874056696636211,43.47174521216413],[-0.873978750140829,43.47183654481223],[-0.873874943776662,43.471922226515645],[-0.87387224525059,43.47192439477229],[-0.873632006114674,43.4721236772032],[-0.873379030985829,43.472334043467306],[-0.873022483560823,43.47263179303472],[-0.872950539038938,43.47269660796017],[-0.872748217997647,43.47287867928603],[-0.872575989351996,43.47303562409155],[-0.872481809053642,43.473121050370956],[-0.872463289544383,43.47314540249178],[-0.872365538221357,43.47327878699068],[-0.872216013760549,43.473486353412106]]],[[[-0.872539862284491,43.49098587737085],[-0.872297163573104,43.49108201534131],[-0.872106983943742,43.49119924605963],[-0.872129572667349,43.49117276678862],[-0.872224519135181,43.491061551158424],[-0.872049206713697,43.491026739752755],[-0.871833201744514,43.49098293292633],[-0.871781463481469,43.49097343162535],[-0.871751102270378,43.49103144548136],[-0.871725800832452,43.491080090629524],[-0.871344371934223,43.49099030804035],[-0.871095797028489,43.49089830070276],[-0.871049911636687,43.49088201431713],[-0.870625222985132,43.49072306360458],[-0.8705110311943,43.49065886327905],[-0.87007649973812,43.49042171442902],[-0.869950422043399,43.49036838704183],[-0.869966414662926,43.49032295728737],[-0.869978299419757,43.49031388541942],[-0.870025291973757,43.49028968784668],[-0.870201164650097,43.49021350676888],[-0.870241225158174,43.49020027589904],[-0.870280308021718,43.490189061636805],[-0.870333046303867,43.49017853067135],[-0.870478369894897,43.490161269994026],[-0.870679360742127,43.49014940718277],[-0.870731364008229,43.490153675003256],[-0.870779078600992,43.490153051638295],[-0.871002606195654,43.490135969432934],[-0.871183449226849,43.49011888025162],[-0.871224211060177,43.49012156769969],[-0.871334473645269,43.490131140391036],[-0.871495331162439,43.49014611167213],[-0.871669055856832,43.4901702613243],[-0.871731114888648,43.49017687173645],[-0.87181091909249,43.49018059616817],[-0.871840411530995,43.49017945237181],[-0.871898686941731,43.49017214575291],[-0.871940524918955,43.490163264540186],[-0.871971812015145,43.4901483647762],[-0.872032148627713,43.49011657338259],[-0.872059863207054,43.49009639657771],[-0.872096162244952,43.4900659144104],[-0.872146722501952,43.49001573610788],[-0.872176490570653,43.48998197424322],[-0.87222319963549,43.48989301995065],[-0.872249429936587,43.48986550976046],[-0.872271118502698,43.48984771008738],[-0.872303358660427,43.48983043414652],[-0.872345384113664,43.48980965581438],[-0.872391874753089,43.48979087977137],[-0.872449054765713,43.4897710011078],[-0.872633999346436,43.4897248479467],[-0.872819023100976,43.48967436790162],[-0.87299326317481,43.48961625601901],[-0.87338437908048,43.48948832866818],[-0.87358160561961,43.489424349840014],[-0.874075100993092,43.489255197876396],[-0.874266102191785,43.48965660193404],[-0.874369363957496,43.48989990347487],[-0.8742838170565,43.48999997572322],[-0.874255729669478,43.49003295750209],[-0.874160762957299,43.49014012225135],[-0.874129102181862,43.49017332182225],[-0.874079586048469,43.490218779738555],[-0.873913798899967,43.49036738962784],[-0.873808303746541,43.490454212519815],[-0.873708685745977,43.49050893767489],[-0.873633683410453,43.49054891086878],[-0.873453390702319,43.49062921906675],[-0.873342082065545,43.49067571425984],[-0.872539862284491,43.49098587737085]]],[[[-0.871729179798003,43.49294566128617],[-0.872000546420627,43.49301037045547],[-0.872223727192477,43.49306139736047],[-0.872415098764767,43.49310491295831],[-0.871944018981484,43.493432783584716],[-0.871864604280934,43.4934881362676],[-0.8713835095238,43.49381987516424],[-0.871052801572635,43.494082735338964],[-0.870873561175612,43.49422110158119],[-0.870785081606183,43.49418787032297],[-0.870426690484806,43.49405465396315],[-0.870442856983752,43.49403750227851],[-0.870482915936138,43.49398932122252],[-0.870551613548387,43.493890574520556],[-0.870614327013708,43.49379483391155],[-0.870747269562944,43.49358452811497],[-0.870814825976915,43.493479876863475],[-0.87099873275072,43.49317578096858],[-0.871142105001467,43.492929341242615],[-0.871171476336809,43.49288415394573],[-0.871204081615422,43.49284839937004],[-0.871210786944911,43.49285059194934],[-0.871465235422794,43.49293599410971],[-0.871502526528431,43.49288899246854],[-0.871543414399486,43.49290086331042],[-0.871729179798003,43.49294566128617]]],[[[-0.871552868509063,43.49563132825805],[-0.871556000354028,43.49559518517103],[-0.871519732843385,43.49559314785221],[-0.871529532981103,43.4955255995662],[-0.871555903827965,43.49551114582753],[-0.87157173972503,43.49541933109605],[-0.871515798393028,43.4954117812031],[-0.871492079065443,43.495408665080824],[-0.871446482766661,43.495264547670914],[-0.871378906069563,43.49525876452079],[-0.871394781284878,43.49531990086168],[-0.871397663669855,43.49535348706935],[-0.871396640204049,43.495376853830415],[-0.871372067108422,43.49543817394985],[-0.871309231506709,43.49560003671032],[-0.871300643219732,43.495641509137464],[-0.871262747094478,43.495663040266884],[-0.871243441687851,43.49566850398813],[-0.871199913306642,43.49566888778965],[-0.87114746808713,43.495663644925486],[-0.871137837110929,43.49569515592224],[-0.871033513483056,43.495997851097094],[-0.870890266502918,43.49641885768531],[-0.871605513476031,43.496526174670805],[-0.871760964543732,43.49653593471537],[-0.871772844687717,43.496633245043995],[-0.872034225372076,43.4966193131533],[-0.872041520041405,43.49667796362839],[-0.872074631323395,43.49710672360771],[-0.872015272888942,43.4970962333267],[-0.87195340108179,43.497184288216545],[-0.871889286707657,43.49727395451368],[-0.871564214601521,43.49713973067197],[-0.871249595406883,43.49700819521094],[-0.870726875124321,43.496886163079054],[-0.870542457000802,43.49684500791795],[-0.870059812017569,43.49673739521906],[-0.869843623636438,43.496691157981466],[-0.869598920238757,43.49665143318781],[-0.869952662583041,43.49630407278532],[-0.870112735673368,43.496147386163386],[-0.870184932649696,43.496074817464724],[-0.87028454588887,43.49592434307411],[-0.870513725351103,43.49556296292483],[-0.870687015685612,43.49529032343876],[-0.870747440589296,43.49518998038526],[-0.870800589900048,43.49495964444867],[-0.870902881587239,43.49451848243492],[-0.870919912680908,43.49444806374514],[-0.871089050397318,43.494512283212586],[-0.871287359627663,43.49458708046004],[-0.871324402345988,43.49494760040219],[-0.872247816893689,43.495028379735714],[-0.872271400125906,43.495339657508694],[-0.872277106854493,43.49540962440927],[-0.872314286688522,43.49557385945571],[-0.872348439131383,43.49574090502724],[-0.872357692337112,43.49580290844018],[-0.87235452767497,43.49602209142086],[-0.872178513171835,43.495993610107654],[-0.872083640899129,43.49596655329486],[-0.871825912596596,43.49589144787928],[-0.871699393025006,43.495806069831126],[-0.87147333200525,43.49565371641513],[-0.871503790117011,43.49562830732281],[-0.871552868509063,43.49563132825805]]],[[[-0.870523062777934,43.49491379804895],[-0.870360563876697,43.49485996976782],[-0.870178236747171,43.49477261973394],[-0.870053510516362,43.49471194738569],[-0.869950800975114,43.49465850565708],[-0.870063734471854,43.494557008659264],[-0.870000725271471,43.49430496887398],[-0.870057443428201,43.49428366684345],[-0.870090410546102,43.494269788616755],[-0.870148516271704,43.49423969943469],[-0.870187549335511,43.4942166868512],[-0.870333769805823,43.49426767367691],[-0.870687633645611,43.49439979100715],[-0.870816133627052,43.49444852762126],[-0.870830549366122,43.494458641932695],[-0.870848445100031,43.494483674958964],[-0.870851694972673,43.49449517893421],[-0.870844248091217,43.4945223782087],[-0.870797557405367,43.49472185694352],[-0.870736119165609,43.49498158406345],[-0.870523062777934,43.49491379804895]]],[[[-0.868686340661271,43.48734071002529],[-0.868521227652601,43.48732120281358],[-0.86799048020211,43.48707487139403],[-0.867732418994078,43.486711162749934],[-0.867508084927757,43.486543338876956],[-0.866708251892322,43.48593827987516],[-0.866896223642091,43.48576997382238],[-0.867680652057897,43.486252805952866],[-0.867769871090931,43.48616125573524],[-0.868151596360912,43.48638462319148],[-0.868366530470955,43.48648080959879],[-0.868546728444832,43.48651860455726],[-0.868815927265974,43.486549798748456],[-0.86906475780021,43.48658532262728],[-0.869195018677559,43.48658517544181],[-0.869323697748395,43.48657256383584],[-0.869483162475845,43.48679476527615],[-0.869363533575317,43.48700603473038],[-0.869274345776748,43.48713109401529],[-0.869261427115929,43.48714317527434],[-0.869041432835667,43.487254799377126],[-0.868686340661271,43.48734071002529]]],[[[-0.868425603005975,43.484120930626624],[-0.868385377191346,43.48397364942203],[-0.868243255883284,43.483580762613926],[-0.867708149244529,43.48374506837065],[-0.867702369485737,43.483743743364776],[-0.867696777267838,43.48374520405264],[-0.86747857768747,43.483809830874236],[-0.867525114418606,43.48316700171441],[-0.867750688392925,43.48315498671032],[-0.867808741480699,43.48304157931967],[-0.867826416760393,43.4830064488995],[-0.867827764544866,43.48299523124189],[-0.867820708315105,43.482965757711206],[-0.867813174222672,43.482947560862435],[-0.86800479777606,43.48296414058495],[-0.868359596865421,43.48299552225593],[-0.869012935099851,43.48312478620983],[-0.869424421230115,43.48320800644141],[-0.869657457334225,43.48325535203467],[-0.869851660314611,43.483291833557324],[-0.869977146966744,43.48332743614283],[-0.870012025344928,43.483338350854694],[-0.870087783762235,43.483399689910314],[-0.870126360634247,43.483432451316254],[-0.870159133142059,43.48345434053549],[-0.870160517414545,43.48356670738793],[-0.870161089448514,43.483615598856865],[-0.870161810482039,43.483668538478355],[-0.870019804053361,43.483690725080095],[-0.869946148636845,43.48370101226152],[-0.869729301875541,43.48376181214983],[-0.869100284295466,43.483936864992444],[-0.868687270233891,43.48405330873546],[-0.868530256014653,43.48409881866921],[-0.868425603005975,43.484120930626624]]],[[[-0.868923919893721,43.49207705983602],[-0.86906097474406,43.49198839460874],[-0.869429548569971,43.49174220432059],[-0.869611591202959,43.49182181851774],[-0.870170057321388,43.49202337700446],[-0.870006440527542,43.49209056288688],[-0.869888058200694,43.49213865815342],[-0.869645978425756,43.49224044273193],[-0.869617487425561,43.49225830458732],[-0.869566582343632,43.492290568493296],[-0.869516736253304,43.49232937023372],[-0.869454931159135,43.49238166021527],[-0.869412570712669,43.49242505882388],[-0.86938818829171,43.49245799705026],[-0.86937970719983,43.492473522994295],[-0.869367231891849,43.49249955048391],[-0.869360366439808,43.49252069363623],[-0.869353597068511,43.492557957266236],[-0.869350862194785,43.49259633793625],[-0.869355086786667,43.492640685487395],[-0.869375057861929,43.49270572916405],[-0.869432723484353,43.49287851109577],[-0.869479246244,43.49299791447746],[-0.869486699062259,43.4930277343385],[-0.869488984914856,43.493063503662654],[-0.869481083129273,43.49310783381287],[-0.869460808531914,43.4931705312047],[-0.869437485461459,43.493228383162126],[-0.869340476266434,43.49341380384386],[-0.869224666061634,43.493601156771916],[-0.869111657734477,43.493787869077686],[-0.868990802751582,43.49389667388537],[-0.868897572382338,43.49396188559589],[-0.868863845306388,43.493981015092984],[-0.868781054928395,43.49401018320721],[-0.868590805424218,43.494069670056064],[-0.868533616141019,43.494087655244776],[-0.868212257117922,43.49418271803911],[-0.868133209166512,43.49422337209231],[-0.868072516419665,43.49426283049882],[-0.867989727823252,43.49431776015571],[-0.867883721466345,43.49439171408186],[-0.867827163395798,43.49442643081428],[-0.867768044589412,43.49445619455098],[-0.867678093785822,43.49448561733266],[-0.867561165233781,43.494516813479805],[-0.867468463617466,43.4945311111129],[-0.867405420114528,43.49453750441327],[-0.867169319357113,43.49452431075795],[-0.867048197652858,43.494520795893315],[-0.866852297656264,43.4945258040506],[-0.866563709337979,43.49453060572421],[-0.866518959366145,43.494540399337296],[-0.866459539776515,43.49456386762894],[-0.866377264877431,43.49461175161159],[-0.866322004102311,43.4946492136506],[-0.86601875380658,43.494495009403785],[-0.865894595307554,43.4944335015124],[-0.865892250335489,43.49422217297946],[-0.865898315888605,43.49396667667283],[-0.865907451827769,43.49378070085913],[-0.865919218063546,43.49373308048239],[-0.86604974276046,43.493705364498034],[-0.866174224064351,43.49367426084173],[-0.866207996658501,43.49365395957813],[-0.866230392828901,43.49363559547333],[-0.866237831705234,43.493624791014824],[-0.866239506884975,43.493609237906675],[-0.866391760517672,43.49333267262589],[-0.866649124441705,43.49353499273798],[-0.866840481567364,43.493646347062665],[-0.867119493566313,43.49333580239704],[-0.867355687222061,43.493129923853886],[-0.867857719892402,43.493406561426305],[-0.867879095143041,43.493090076333075],[-0.867889796080902,43.49307627284323],[-0.867922866978802,43.49304005231938],[-0.867955447697824,43.49299655299004],[-0.86807152109748,43.49282225346764],[-0.868204640234222,43.492623654977166],[-0.868500183830482,43.49243934579297],[-0.868625980397013,43.492358019005],[-0.8687702972452,43.49222468665027],[-0.868815249081474,43.492135256200505],[-0.868821623740316,43.4921307049016],[-0.868923919893721,43.49207705983602]]],[[[-0.867545932020728,43.4903599158824],[-0.867362045970282,43.49044943972538],[-0.866998934531978,43.490626068186934],[-0.866849860971327,43.49074938900611],[-0.866517298376359,43.4910214887375],[-0.866151540916981,43.49131882230979],[-0.866039602814181,43.491418567996725],[-0.865793536636378,43.49164317147252],[-0.865483263974636,43.49193041643228],[-0.865251613358043,43.492143154663154],[-0.864985996954769,43.49238989191945],[-0.864673401276447,43.49267766766377],[-0.864588764507107,43.492605831496064],[-0.864564045149547,43.49259518307624],[-0.864468157345127,43.49256392257104],[-0.864414071673177,43.492569184064074],[-0.864373189518143,43.49257208309196],[-0.864322253092396,43.49256714357121],[-0.864249579390858,43.49254622471562],[-0.86423358903878,43.4926303867258],[-0.864164943519954,43.49273372109408],[-0.864112631229515,43.49270649132793],[-0.864107373055283,43.49271109260487],[-0.864043594763324,43.49276723293401],[-0.864006212608181,43.49280009288325],[-0.863988454558303,43.49281567888943],[-0.86385169258019,43.49277272386908],[-0.863401273322569,43.49261556301633],[-0.863430628684577,43.492555335685815],[-0.863438855389971,43.49251576867503],[-0.863429006328436,43.49245027323479],[-0.863408893523887,43.49238118028985],[-0.863408781913654,43.49236848336128],[-0.863417745694657,43.492326998456285],[-0.863429124605294,43.49228830992826],[-0.863439850638146,43.49227486633301],[-0.863448531147182,43.49226780107378],[-0.863480413617713,43.49224882915034],[-0.863506996526516,43.492237522568644],[-0.863550733304995,43.49221452491872],[-0.863569623784189,43.49220106047294],[-0.863586849228009,43.49218675461047],[-0.863623715874245,43.49215175133671],[-0.863667288693329,43.492100565270505],[-0.863695005542198,43.492050935337765],[-0.863707653186423,43.49201823672897],[-0.863708065114345,43.491993090462095],[-0.863696985085871,43.49196448058437],[-0.863683597139636,43.491940186623886],[-0.863675842413907,43.49192974389222],[-0.863671812195136,43.49192133023022],[-0.863674670782178,43.49191600382984],[-0.863689113231545,43.49189711314781],[-0.863825920655477,43.49173108720507],[-0.863896342317763,43.491641291455714],[-0.863949517542995,43.49155445258933],[-0.863954427568061,43.49154283770167],[-0.864313407362471,43.49121629833958],[-0.864475216247298,43.4913152883266],[-0.864728102589888,43.49113683464087],[-0.865245353534963,43.490763031847614],[-0.865606415396607,43.49051541153406],[-0.86619511410136,43.49010590686853],[-0.866978050715416,43.489588040704135],[-0.866987468486756,43.48958275038442],[-0.867196438759263,43.489496475559825],[-0.867467181951687,43.489820550259026],[-0.867684395170757,43.489744609442724],[-0.867733329084465,43.48969962579484],[-0.867764002362617,43.489701323433906],[-0.868066014878621,43.489718017448894],[-0.86813223817396,43.489882026714916],[-0.867914108261631,43.49004357473972],[-0.867861499254521,43.490081753681615],[-0.867745992077022,43.49019640132241],[-0.867667455112748,43.490273968623626],[-0.867545932020728,43.4903599158824]]],[[[-0.867841558547877,43.494566708577196],[-0.868059186646707,43.494401125203744],[-0.868134854843838,43.49434518854436],[-0.868222483865719,43.49428864476035],[-0.868267498164801,43.49426073536608],[-0.868360943164366,43.49422992626669],[-0.868413355044827,43.49421265216781],[-0.868579394248286,43.494162947561165],[-0.868758881346946,43.494112672555374],[-0.868858654873708,43.49408397912007],[-0.868887165376048,43.494075574951275],[-0.868898546533447,43.49407003422209],[-0.868946885680425,43.49403822257178],[-0.869092607080372,43.49394222188587],[-0.869147197409519,43.49390586323487],[-0.869154372056913,43.49389849094481],[-0.870173827077252,43.494095661863255],[-0.870119001088675,43.49412851643217],[-0.870053240248833,43.49416068051836],[-0.869894984061654,43.49422488227539],[-0.869752283177682,43.494272044118574],[-0.869655705923596,43.4943059388503],[-0.86956224355535,43.49437872597613],[-0.869175505039073,43.49449693397448],[-0.869043556309631,43.49449984308819],[-0.868696883684186,43.49461589833812],[-0.868488752371182,43.49468548144981],[-0.868069952969134,43.49482374611594],[-0.868039948313164,43.494786083563994],[-0.868025493162507,43.49479191406609],[-0.867964327068163,43.49471410804495],[-0.867841558547877,43.494566708577196]]],[[[-0.866682305845692,43.48434889503666],[-0.866502221845521,43.48440090003743],[-0.866177044386532,43.484442138079544],[-0.865992866070374,43.484464562888355],[-0.865648164452131,43.48450613559184],[-0.865370340485783,43.484535953532394],[-0.865146786726408,43.48455969140489],[-0.865097985182012,43.48456431460947],[-0.864994759474616,43.48457457219574],[-0.864950232544565,43.48458021386349],[-0.864844615632958,43.48459722228793],[-0.864728993629211,43.48461629891273],[-0.864706888052967,43.48461870871598],[-0.864678222414355,43.48461738909926],[-0.864658824862522,43.48461591907828],[-0.864640885584867,43.48460854204408],[-0.864620813512728,43.48459520591996],[-0.86460106279485,43.484568256716976],[-0.864510551450649,43.484434657943076],[-0.864458855554035,43.484355792725054],[-0.864224790209458,43.48392897878107],[-0.864130583154539,43.48375695872789],[-0.863986669605556,43.48347492584683],[-0.86393054499977,43.48335226093644],[-0.865318620119804,43.483340676278814],[-0.865404045422264,43.483341682382495],[-0.865794807044592,43.48323280092462],[-0.865836754712719,43.48349586023482],[-0.866178761527955,43.48346212950876],[-0.866712141583836,43.48341184035733],[-0.866726485726087,43.48344483711256],[-0.866865436076684,43.4840205148081],[-0.866904054723839,43.48418073481177],[-0.866912361623743,43.48421592871388],[-0.86692221485001,43.484248365122625],[-0.866935564807532,43.48427761412575],[-0.866682305845692,43.48434889503666]]],[[[-0.865746823353516,43.474143712304326],[-0.865698658066733,43.47456212393955],[-0.865300312292818,43.47517885715274],[-0.865454583098597,43.47525469206479],[-0.86528864833853,43.47535113896193],[-0.865190977880326,43.47540695785064],[-0.865103156637934,43.475469451231476],[-0.864948815295381,43.475581967956906],[-0.864842314293799,43.47566098092408],[-0.864702377535187,43.47582216511776],[-0.864268110221124,43.47569173140557],[-0.863917401436862,43.47558434808333],[-0.864109443920204,43.47529303796774],[-0.864323469583462,43.47496815564283],[-0.86435806593459,43.47491611863008],[-0.864375802976081,43.47474398075739],[-0.864403973882367,43.474504454001476],[-0.864448447301699,43.47418733058629],[-0.864478047951581,43.47393964602887],[-0.864492760529811,43.47378139777853],[-0.864534200395545,43.47334746377664],[-0.864580135865934,43.47284797421949],[-0.864737788630507,43.47266526063116],[-0.864766086013365,43.47262993215254],[-0.864851047684597,43.472558083049854],[-0.865068582739256,43.47237017007981],[-0.865385385285903,43.472095124200465],[-0.865466151848335,43.47214295532082],[-0.865525703956476,43.472073993954446],[-0.865511011718844,43.47206334874385],[-0.865534922653767,43.47204556126202],[-0.865566473680849,43.47206596368387],[-0.865666211004368,43.47213104291129],[-0.865700103988057,43.47215316325597],[-0.8659829104542,43.47274243869184],[-0.865847344105286,43.47320558412864],[-0.865746823353516,43.474143712304326]]],[[[-0.864330369908157,43.47456499839578],[-0.864294542622772,43.47469436472402],[-0.864239223989512,43.47488702925858],[-0.864224623182642,43.47493844312128],[-0.864108154017269,43.47513959399205],[-0.86406852587394,43.475194062289816],[-0.863845773332382,43.47546277748408],[-0.863531277091008,43.47584240501205],[-0.863053646512164,43.47571270217803],[-0.862678854750281,43.47560950644508],[-0.862835042201869,43.475274168796155],[-0.86310515747055,43.47506411812406],[-0.863388294107201,43.47484540546951],[-0.863502958266097,43.474757185345766],[-0.863384923897065,43.474729057107965],[-0.863491510766721,43.47450231759906],[-0.8636596027746,43.47414547639965],[-0.863788333724466,43.47388020498145],[-0.864061955982135,43.473937643053674],[-0.864070929949068,43.472792815332326],[-0.86355020225031,43.47272815661525],[-0.863552326655887,43.47265674059529],[-0.86358009726286,43.472536309344314],[-0.863610629342476,43.47239992622195],[-0.8636105257138,43.47228985696655],[-0.863617195925359,43.47227133364529],[-0.863628677264762,43.472248945624536],[-0.863670308823182,43.47218566871947],[-0.863727526069131,43.472098506247704],[-0.863749129754999,43.472059273288934],[-0.863787089926334,43.47197450902433],[-0.863824235472564,43.47185923802195],[-0.865081577203956,43.47195472572715],[-0.865409361311185,43.47199005064096],[-0.865200305258727,43.47214217182148],[-0.864969132713433,43.47224499926834],[-0.864960537106278,43.47226431198687],[-0.864864045334161,43.47243871885394],[-0.864685300282206,43.472600206478276],[-0.864542172478979,43.472732229444404],[-0.864509325741572,43.47284887874826],[-0.864479654788595,43.4731341274111],[-0.864459114851071,43.473387793973636],[-0.864435172200371,43.47363500638493],[-0.864424094242967,43.47375718455506],[-0.864403833356482,43.47400949010815],[-0.864368524106432,43.47427161031],[-0.864330369908157,43.47456499839578]]],[[[-0.865776834910497,43.49619520771059],[-0.865843331337304,43.4963228180184],[-0.865943633793115,43.49651515936447],[-0.866097563496411,43.496814852072696],[-0.86496535051997,43.4971141173564],[-0.864508106076929,43.49702710298971],[-0.864136697395476,43.49695423129141],[-0.863867123586876,43.496805935997415],[-0.863708320118363,43.496718727307375],[-0.863913592795183,43.49653656849946],[-0.863873701281991,43.49644755272472],[-0.863766147373786,43.49619880941465],[-0.863761949622935,43.49610329663158],[-0.863942441316424,43.49607884635687],[-0.864104736595959,43.49605612547724],[-0.864197514054394,43.49604290904845],[-0.864450469894065,43.496006776378664],[-0.864572573467829,43.49598990169198],[-0.864635778178143,43.49617897288654],[-0.86466024537649,43.496252054194365],[-0.864711420807941,43.49623842916191],[-0.864826785991653,43.49620783244447],[-0.864855957653388,43.496200036347844],[-0.864864347905873,43.49619784551602],[-0.864930090444084,43.49630692719007],[-0.865161577787763,43.496229402101186],[-0.865560296842346,43.49609772039952],[-0.865706398690504,43.496060531692365],[-0.865776834910497,43.49619520771059]]],[[[-0.86362515438438,43.47221862555443],[-0.86360188260728,43.47225512561935],[-0.86359022888998,43.472285986934054],[-0.86358635679048,43.472336927923],[-0.863584346594782,43.47241923906013],[-0.863575056574187,43.47246686030441],[-0.863544322142339,43.47258919876736],[-0.863535001199425,43.47264555849445],[-0.863527629558324,43.47274562568335],[-0.863519102849503,43.47285978594059],[-0.86351546155471,43.47289576608174],[-0.86349589856168,43.47299662835409],[-0.863479185615916,43.473062619614346],[-0.863473872542805,43.473081094535445],[-0.863472772806219,43.4730996894314],[-0.863480589152895,43.47312580298889],[-0.863508489770904,43.473205966586534],[-0.863529049502592,43.47325972944208],[-0.863532659532589,43.473289505974044],[-0.863532094948981,43.47335284962341],[-0.863514419578052,43.47344499730353],[-0.863503169366695,43.473513135755],[-0.863508244496115,43.473540788294656],[-0.863516746877877,43.47356606671038],[-0.863537499443097,43.47363189290986],[-0.863544064463098,43.473683542650654],[-0.863539166662444,43.47371371267212],[-0.863536197010577,43.473728410911086],[-0.863534072013205,43.47373911567773],[-0.863526105388333,43.473749398232606],[-0.863517789264501,43.47375816195592],[-0.86350932812762,43.473764769022274],[-0.863498306007414,43.47377191779651],[-0.863479314413055,43.4737782698558],[-0.863462536851454,43.47378075975901],[-0.863437546528518,43.473784353217624],[-0.863416011126059,43.47378782346642],[-0.86339111491622,43.47379465629934],[-0.863370011970852,43.47380639812275],[-0.863360218621913,43.473817106110126],[-0.863346763302664,43.473830376737716],[-0.863339407541049,43.47384054741852],[-0.863333545478596,43.47385453810837],[-0.863331659558781,43.473870638913986],[-0.86333618040566,43.47388452958155],[-0.863371863386897,43.4739627043011],[-0.863387139492791,43.47399674880009],[-0.86339459689574,43.47401936221339],[-0.863396576779185,43.474041450346554],[-0.863391440418799,43.4740570365337],[-0.863380634123423,43.47407291498659],[-0.863364144188653,43.47409440068586],[-0.863330125081604,43.47412191603469],[-0.863278235417297,43.4741742991076],[-0.863206629550096,43.47426089353531],[-0.863160209732346,43.474332087575135],[-0.863100007521226,43.47443376840176],[-0.863069365088126,43.474498634949704],[-0.863042389738268,43.47455733563024],[-0.863028204439153,43.47458918793788],[-0.863015030245865,43.47460848360259],[-0.862997752988691,43.47462378206069],[-0.862978503103095,43.47463365620479],[-0.862957465309552,43.47464269333268],[-0.862947465426423,43.4746466529322],[-0.862939661523408,43.47464648080397],[-0.862928348272619,43.474645623116935],[-0.862918798757886,43.47464524299917],[-0.862906914310774,43.47464692780904],[-0.862899117356053,43.47465053862952],[-0.862892539670811,43.47465572734736],[-0.862889444600268,43.47466304379643],[-0.862890122879202,43.47466761349733],[-0.862892796122346,43.47467058077264],[-0.862898159826294,43.47467309181446],[-0.862903956686458,43.47467468665001],[-0.862911273066178,43.47467496623991],[-0.862917725701475,43.474675276626414],[-0.862925457112879,43.47467437042696],[-0.862946696852247,43.47466649709551],[-0.862999787113123,43.474646678957725],[-0.863012714715556,43.47464027298117],[-0.862932080515939,43.47480600579914],[-0.862769149795956,43.47515140226789],[-0.86275330033239,43.47516034444479],[-0.862733837463018,43.47521121080678],[-0.86266662145787,43.47538889555336],[-0.862622292081297,43.475511448353856],[-0.862360198861386,43.4754250412067],[-0.862206894664546,43.47537456903761],[-0.861505468585829,43.475144746031255],[-0.861549031147021,43.475029156987496],[-0.861720016875086,43.47459186811454],[-0.861833323687464,43.47442821445243],[-0.861931656263303,43.47428653255878],[-0.862017560357942,43.47415132871418],[-0.862131635177974,43.47395864285348],[-0.86217273208565,43.4738487261957],[-0.862259585755024,43.473609900820705],[-0.862373252829568,43.47330445402072],[-0.862550951188239,43.47283287592083],[-0.86261818099804,43.47266095585521],[-0.862682586363129,43.472496702844964],[-0.862828596458529,43.47213704770328],[-0.863030030600712,43.47163597845956],[-0.863218776963808,43.47168761719288],[-0.86355256510743,43.471781012701676],[-0.863801520980051,43.47185068023188],[-0.863783130615238,43.47192114506016],[-0.863760482378656,43.47197059387153],[-0.863735321881209,43.47203418414094],[-0.863701488021123,43.472097543277116],[-0.863662105187691,43.472162991897186],[-0.86362515438438,43.47221862555443]]],[[[-0.863882501425841,43.487315377220455],[-0.863727184968598,43.487421261018824],[-0.863610266381127,43.48753703518027],[-0.863505337838177,43.48764346409915],[-0.863279662072662,43.48749234376382],[-0.862819279446536,43.48718637032774],[-0.86303521107553,43.487019686908305],[-0.863079556766329,43.48699108291953],[-0.863701695962665,43.48659346119837],[-0.86403432313183,43.48621399644937],[-0.864339457860779,43.48585992192472],[-0.864344733523901,43.48585559024351],[-0.864350458015027,43.48585241355677],[-0.864454973687405,43.48583922819267],[-0.864944063347049,43.48577386376019],[-0.865272798044829,43.485732052402156],[-0.865274507975826,43.485785046779924],[-0.865239652737279,43.485814934574506],[-0.865236321188069,43.48582793442723],[-0.865238085584353,43.485850480826834],[-0.865170861956828,43.485954575654375],[-0.865062385400223,43.486118511795254],[-0.864718932363964,43.48645648021024],[-0.86469533780865,43.48653055434628],[-0.86467889732387,43.48658960069608],[-0.864594649850349,43.48674042175275],[-0.864527529274643,43.48682217338354],[-0.864413854625724,43.486945669478175],[-0.864375069989117,43.48698704681806],[-0.864318214319524,43.487026456339755],[-0.864174427829905,43.487117967699675],[-0.863882501425841,43.487315377220455]]],[[[-0.863293669798723,43.4803789296405],[-0.862243051089357,43.48097278750644],[-0.861999249202999,43.48045588113098],[-0.861998966151225,43.48045535076088],[-0.861979828061718,43.48046323902582],[-0.861888197808482,43.48050235542999],[-0.861851877916919,43.48051779196012],[-0.86163779813022,43.48020375887549],[-0.861982846527942,43.48008120711551],[-0.861673640450484,43.47975056786925],[-0.861576215035302,43.479753139380755],[-0.86153264771069,43.479754602030596],[-0.86145681578267,43.47958336704363],[-0.86142078505507,43.47950187091012],[-0.861318138883344,43.4793568128932],[-0.860896052166424,43.47895876410887],[-0.861107824612747,43.478855736649834],[-0.860926497044704,43.47860557083565],[-0.860836807792602,43.478259360840454],[-0.8609911125377,43.478271246969264],[-0.861225488190701,43.47829108853937],[-0.861518327035079,43.47831578186164],[-0.86155639544718,43.47831901898176],[-0.861775771046421,43.47834020467349],[-0.86191300296219,43.47835756214766],[-0.862033214384834,43.47837381469609],[-0.862078176001985,43.47838022882963],[-0.862528027053879,43.47915992791404],[-0.862849716921849,43.47951615168085],[-0.862944302367337,43.479618529306464],[-0.863102894820757,43.479959039026674],[-0.863344181385824,43.48035379878521],[-0.863293669798723,43.4803789296405]]],[[[-0.86430954536169,43.4935019700926],[-0.864353224848568,43.49347627183939],[-0.864370192525651,43.49346548805913],[-0.864384955033483,43.493460547866256],[-0.864406142062288,43.49345546866398],[-0.86441931908684,43.49345454841056],[-0.864435273082887,43.49345812308556],[-0.864447758885855,43.4934616412732],[-0.864468486441156,43.493471801537915],[-0.864483394547708,43.493481899080166],[-0.864505992749392,43.493495956043326],[-0.864523576577592,43.49350352607531],[-0.864541833488157,43.49350638807344],[-0.86455827417603,43.49350616212144],[-0.86457629680151,43.49350002471869],[-0.864593292158233,43.49349149185247],[-0.864619175593348,43.493464266226916],[-0.864627413289212,43.49345613572924],[-0.864636900929378,43.49345003244025],[-0.864644760784226,43.49344732006476],[-0.86484467496483,43.493415599756375],[-0.865350234786178,43.493334785265255],[-0.865624488278245,43.493293566135186],[-0.865811514717779,43.49326707781582],[-0.865843891503153,43.493260968632946],[-0.865865989636423,43.49325288407949],[-0.865886899630999,43.49323817616546],[-0.865901495083069,43.49322891799691],[-0.865927988351781,43.49321995602706],[-0.865949573217927,43.493217114263295],[-0.86599271849268,43.4932202591956],[-0.86599847718542,43.49322861113519],[-0.865996887988739,43.49323992752093],[-0.865993166117311,43.493267353790536],[-0.866051235548209,43.49332311207853],[-0.866104773674773,43.49340713619309],[-0.866185045392535,43.493608928854066],[-0.866152537383426,43.49362963538574],[-0.866027649324455,43.493669400977645],[-0.865826394441125,43.49372900526019],[-0.865823850164005,43.49374819246386],[-0.865813640786004,43.4938888074409],[-0.865813014232841,43.493918105007474],[-0.865822688771786,43.49412619947424],[-0.86582550069567,43.49421761802186],[-0.865830557118948,43.494436146115696],[-0.866002944915176,43.49452484857378],[-0.866189588481748,43.49462313092499],[-0.866286744823223,43.49467317108833],[-0.866097112554907,43.49477866108671],[-0.866059023724519,43.49480470109288],[-0.865973585589713,43.49486810087359],[-0.865941814663899,43.49489977051464],[-0.865925384869756,43.494927740194036],[-0.865760210104292,43.495238544923836],[-0.865669996060513,43.4953633676231],[-0.865567501258084,43.49547853956829],[-0.865511729383295,43.49552313553548],[-0.865429652955771,43.49557767742451],[-0.86535134636022,43.49562388772709],[-0.86520388249413,43.49569598460966],[-0.864944739483459,43.495789088665745],[-0.864861181329796,43.495834495021185],[-0.864703231004096,43.49586661035591],[-0.86445582055124,43.49590975211951],[-0.86406963852261,43.49596847022267],[-0.863899125016041,43.495994096301864],[-0.863741988116601,43.49600888630414],[-0.863640047575096,43.4960164838771],[-0.863568911117278,43.49601847935365],[-0.863485013805936,43.496014714327174],[-0.863400684809832,43.49600637066734],[-0.863318672556575,43.4959919992387],[-0.863021993610574,43.495939159745376],[-0.862833605627337,43.49590506928259],[-0.862727180653148,43.495893819470375],[-0.862627775315274,43.49588943550123],[-0.86255029185253,43.49588904427256],[-0.862394882145841,43.49590007758534],[-0.862258335920938,43.49593034557718],[-0.862051779547128,43.49597752060578],[-0.861951587633597,43.49599640404024],[-0.861879112292347,43.49600240952701],[-0.861815917273794,43.496001058239244],[-0.861766143346195,43.49599688668026],[-0.861703967822924,43.49599045466114],[-0.861654709348383,43.49597554546364],[-0.861589925466339,43.495950560278835],[-0.861539271351618,43.4959277739403],[-0.861483621805401,43.4956429500489],[-0.86193878275573,43.49548206745057],[-0.861992082487418,43.495463233593796],[-0.862070953514483,43.49541250182268],[-0.862300118075285,43.49521210990771],[-0.862383326800254,43.49513573138531],[-0.862470074289116,43.49504022032926],[-0.862518605812848,43.49497624716213],[-0.862684845895638,43.49474359729839],[-0.863015521815029,43.494181617903614],[-0.863077087302586,43.49415140931863],[-0.863168144798417,43.49412186089843],[-0.863343293764683,43.49406589462255],[-0.863365037836744,43.49405989500069],[-0.86341374362263,43.49403717067959],[-0.863435756836612,43.4940241354062],[-0.863500149185509,43.49397157666259],[-0.86357682240441,43.49391029293963],[-0.863764025269721,43.49378705874991],[-0.863896231858987,43.493705238951385],[-0.864032138926834,43.49363796967322],[-0.86430954536169,43.4935019700926]]],[[[-0.862618764956445,43.48167613386904],[-0.862553762691169,43.481616388289716],[-0.862594769718885,43.48156394310856],[-0.863764504621005,43.48087972102846],[-0.864079784261696,43.48067688485168],[-0.864289083791818,43.48054259259418],[-0.864396277589431,43.48047373419199],[-0.864617877748402,43.48033107581201],[-0.864651076903829,43.48030971450221],[-0.865168826976748,43.48068578202712],[-0.865069030507875,43.48075978194995],[-0.864869021763065,43.48090896733315],[-0.86482319931243,43.48094311948021],[-0.864709757875521,43.4810276042709],[-0.864633725097528,43.481085262970595],[-0.864216035718441,43.48140236730463],[-0.863719705068519,43.48177154614626],[-0.863449492177919,43.48197322467477],[-0.863422278166488,43.48199347142147],[-0.863420420067032,43.48198975445246],[-0.863163953957372,43.48180352232282],[-0.862936585677018,43.481869727963],[-0.862853113244104,43.48189405198929],[-0.862738871342513,43.48178823120625],[-0.862618764956445,43.48167613386904]]],[[[-0.861595122686134,43.49194391436982],[-0.861395043473473,43.492100121376104],[-0.861261337148063,43.49216514703003],[-0.861093133178071,43.49223050082751],[-0.860822669580204,43.49231886405027],[-0.860558653724347,43.49240744727302],[-0.860142298959143,43.492543432075955],[-0.86010863138927,43.4925542695362],[-0.859947551612052,43.49260783785451],[-0.859866639630604,43.49263368936297],[-0.859814285803311,43.492535838579954],[-0.859695505489496,43.49256709214523],[-0.859684974145735,43.492548460936455],[-0.859528335427021,43.49259079096094],[-0.859598839430115,43.49272123394685],[-0.859491990626879,43.492775392332796],[-0.859433684235497,43.492800708684605],[-0.859276912494129,43.492844754525834],[-0.859219031239343,43.49285798527934],[-0.859058062506703,43.49290218025066],[-0.858817687974126,43.49296703764611],[-0.858561560283036,43.49305893804781],[-0.858431692630294,43.493103826269895],[-0.858342549479154,43.49313609489901],[-0.858327482279134,43.49312176859609],[-0.858095194015959,43.49315967362648],[-0.857498761299839,43.493263685680596],[-0.857152016481476,43.4933235879161],[-0.856920642205684,43.493364070084915],[-0.856860001091868,43.49336938090846],[-0.85687012340433,43.4933321791571],[-0.857000617740397,43.49306811308877],[-0.857098089761441,43.49285584545873],[-0.857204215550879,43.49261768786889],[-0.857288153679265,43.49240473077883],[-0.857321329061584,43.492320228730065],[-0.857442289726677,43.49206902220479],[-0.857524463785904,43.491907201404494],[-0.85755449784142,43.491798039935105],[-0.857577435890753,43.4916679629586],[-0.857623831426713,43.49155740838461],[-0.857673169819971,43.491439092493685],[-0.857720831599353,43.49132344849844],[-0.857862875673506,43.49099015153247],[-0.858092221722312,43.49096198973385],[-0.858134658719771,43.49095462392116],[-0.85838881718592,43.49089432141238],[-0.858559334245572,43.490857894273454],[-0.858939322339564,43.49078293145104],[-0.858965622389022,43.490771095612345],[-0.859029281260949,43.4907389231839],[-0.859156376752747,43.49067863958959],[-0.859257003705655,43.49064794293061],[-0.859387616485596,43.49061239505269],[-0.859979018965813,43.49046711543962],[-0.860294203232979,43.49039076279087],[-0.860641589483294,43.49031677501578],[-0.860928150810028,43.49071839838494],[-0.86093869877848,43.49072991276665],[-0.861152721895363,43.490840108332485],[-0.861169503505751,43.490846806660265],[-0.861220600425648,43.49085048079328],[-0.861203575692056,43.49068003091387],[-0.861213149623426,43.4906696912338],[-0.861471359077426,43.490434127077826],[-0.862233609372608,43.49076168735643],[-0.86221482522068,43.49085585693369],[-0.862163630472894,43.49111755417759],[-0.862149210124547,43.49116806094729],[-0.862070000261664,43.49135536195921],[-0.861996131901209,43.491522745654365],[-0.861911007138612,43.49165152699686],[-0.86180353272556,43.49178281616711],[-0.861595122686134,43.49194391436982]],[[-0.86124291866533,43.49108127393157],[-0.860925800055931,43.49104789417136],[-0.860216540863276,43.491133242167884],[-0.859394979017367,43.491226548331404],[-0.859267630302887,43.491240721760825],[-0.859252871251085,43.49119783021698],[-0.859210542217026,43.491203120850415],[-0.859165512521788,43.491206886253025],[-0.859229882192475,43.49142285068244],[-0.859245774256483,43.491421834359215],[-0.859295617429878,43.49162966870918],[-0.859302510022861,43.491654915065375],[-0.859315141117795,43.49166788623578],[-0.861206497047427,43.49143765580401],[-0.86124291866533,43.49108127393157]],[[-0.859315135334908,43.49166788693969],[-0.859505039604957,43.4918628966198],[-0.859315141117795,43.49166788623578],[-0.859315135334908,43.49166788693969]]],[[[-0.861531397601289,43.4881763682408],[-0.861541752897047,43.48817581908076],[-0.86164495001441,43.48819448073859],[-0.861926084133205,43.48824490368227],[-0.862362655493754,43.48831996172605],[-0.863029775709506,43.48843273896075],[-0.863051848398947,43.488437176578095],[-0.862937632634567,43.488589514999255],[-0.862833301992538,43.48872880005935],[-0.862670902919815,43.4888987092941],[-0.862544410133695,43.48903040685093],[-0.862534547573571,43.48904012640259],[-0.86252653200843,43.48904419534085],[-0.862467753412766,43.48906241417889],[-0.861893483987271,43.488963529013425],[-0.861568659132865,43.48890736649686],[-0.861525597194633,43.48893853631652],[-0.860884675408406,43.488808782583064],[-0.860596710056977,43.48874878183063],[-0.861038778187783,43.48847487140084],[-0.861308595396698,43.488309064058235],[-0.861531397601289,43.4881763682408]]],[[[-0.86048998423943,43.49632501425367],[-0.860478686719428,43.49637784174765],[-0.86043579271184,43.496584656144094],[-0.860436242530193,43.49644222765832],[-0.860367483620596,43.496442785164376],[-0.86036700426021,43.49642460659362],[-0.860392005363931,43.496424706932906],[-0.860391935197034,43.49640525270283],[-0.860416078259677,43.496405473676326],[-0.8604158171168,43.496364767970604],[-0.860327460981444,43.49636278070433],[-0.860322816823035,43.496444646365774],[-0.860223805925871,43.49644429959993],[-0.860224286959058,43.49663740851843],[-0.860389225757463,43.49664477509297],[-0.860410237607461,43.496659159686544],[-0.86038147360216,43.49679638136533],[-0.860098008114022,43.49688493514396],[-0.859886919056528,43.49695127367637],[-0.859852143934377,43.49696224051959],[-0.859435598821327,43.49708669868716],[-0.858878421105299,43.49725804846009],[-0.858119160619041,43.497473340668726],[-0.857719195795511,43.49758684291118],[-0.857439228587589,43.49766679771797],[-0.85727392509809,43.49771483711621],[-0.857117898663587,43.497770202678176],[-0.857024202093752,43.497808487122974],[-0.856910025292099,43.49779975930124],[-0.856761721348344,43.49740257126311],[-0.856700879300574,43.49722620309071],[-0.855384657885952,43.49780070459471],[-0.854701885942126,43.49697484138474],[-0.854717216925833,43.49686034850389],[-0.854728932754064,43.49681183060947],[-0.85475663957814,43.49674346745601],[-0.854768632640134,43.49672673693516],[-0.85484632298538,43.49662326743948],[-0.854899629834833,43.49655471433016],[-0.85498179246508,43.49646811024369],[-0.855046396723819,43.49641302710148],[-0.855149807383559,43.496342511520844],[-0.855272938291198,43.49627453713018],[-0.855418008490161,43.496210826464825],[-0.855570562055647,43.49616459458047],[-0.855674130985718,43.49614253435988],[-0.855811946181441,43.4961163731976],[-0.855983379234374,43.496093339493136],[-0.856175616658091,43.496074249303625],[-0.856396573861662,43.49606089264614],[-0.85650568594286,43.496045840553506],[-0.856573876755275,43.49603314527147],[-0.856685771483213,43.49600241061804],[-0.856804898613618,43.49595592519027],[-0.856954835101013,43.49591681045922],[-0.856974263159785,43.49591683967755],[-0.857084310146331,43.49591571568927],[-0.857247757522713,43.495932237828505],[-0.857415912672852,43.49596174344602],[-0.857480040233657,43.49597882762106],[-0.857890373530588,43.496082493569126],[-0.858126699743844,43.49614136875723],[-0.858433073795008,43.49620045201395],[-0.858585326933071,43.49622529751561],[-0.858707818124971,43.49624363594779],[-0.858814341605385,43.496250832713514],[-0.858913102590389,43.49625299119914],[-0.858966722626489,43.49624810946556],[-0.859013119488908,43.49624069249848],[-0.859064722929471,43.49622237091483],[-0.859120946573658,43.49619730914448],[-0.85921467400737,43.49613560157497],[-0.859274229646691,43.49609015366668],[-0.859316827856212,43.496039094229715],[-0.859345293025627,43.49600051833809],[-0.859381970709529,43.49592579920064],[-0.859405290240427,43.49586957121164],[-0.859422659996973,43.49584265007944],[-0.859444395685469,43.49581809563685],[-0.859515694122547,43.49576511330708],[-0.859564871679227,43.49572174627624],[-0.859588309949777,43.495705958752296],[-0.859624558876329,43.495691156243424],[-0.859657358973459,43.4956839529652],[-0.859738459314677,43.49567557001321],[-0.859829837257295,43.49567835087416],[-0.860234031859489,43.495681430024916],[-0.860409891547667,43.49569300143181],[-0.860663117873565,43.49570875259209],[-0.860990021172699,43.49579159838936],[-0.860794818160797,43.49589907873012],[-0.860741669074461,43.49593673279439],[-0.86070001853494,43.495977940635946],[-0.860631515542981,43.49607802478287],[-0.860516550759601,43.496250834984224],[-0.86048998423943,43.49632501425367]]],[[[-0.860024419725515,43.49353262506616],[-0.859679673329913,43.49355228980833],[-0.859061114876647,43.4935903512243],[-0.85887736338247,43.49360301941928],[-0.858352182369818,43.49363685108152],[-0.858375611169763,43.49381986446229],[-0.858396502951082,43.49400747204965],[-0.856632724964568,43.49363860239831],[-0.856783777044948,43.49345955838042],[-0.856819828581264,43.49341602925119],[-0.857408429176525,43.49332247850111],[-0.857916494729656,43.493243861749114],[-0.858256255465571,43.49319420423037],[-0.858295451349993,43.4931846117832],[-0.858577186653555,43.49310369048145],[-0.858955067886794,43.492998987486985],[-0.85927966024807,43.49290590914422],[-0.859590243553543,43.49282900214341],[-0.859682843704026,43.49280768882708],[-0.859854908416698,43.49276291755384],[-0.859914395264143,43.49274044139417],[-0.859982455092364,43.49271297583928],[-0.859985950051466,43.49271159027698],[-0.860021539497893,43.49269068583662],[-0.86013223450848,43.49261828439597],[-0.860219404505717,43.492558520906016],[-0.860630734791315,43.49242325525658],[-0.861242674112262,43.492632952541626],[-0.861304873485022,43.49297293995163],[-0.861320448813231,43.493050031625906],[-0.861324868398472,43.49309185017295],[-0.861315133203204,43.49328937622935],[-0.86130376572204,43.49353992592806],[-0.86107454540535,43.49353512148735],[-0.860513492666211,43.49352673435666],[-0.860127049354654,43.49352797877008],[-0.860024419725515,43.49353262506616]]],[[[-0.858754010335786,43.47467502958014],[-0.859078569504345,43.47478741385608],[-0.859099972239884,43.47471197851456],[-0.859152681811154,43.4745262559434],[-0.85919833624818,43.474371770798335],[-0.859206978370008,43.47433101885445],[-0.859210252944398,43.47431531907102],[-0.85924764994082,43.47423309873599],[-0.859340595418937,43.47402585589004],[-0.85942314735656,43.47384618615698],[-0.859484185492481,43.473708987931595],[-0.859532761041481,43.47358880762038],[-0.859577605933102,43.473588020709926],[-0.859641858746255,43.47342503623945],[-0.859700893330198,43.473265390300845],[-0.859939667231322,43.47327552909402],[-0.860041627829269,43.473281714606756],[-0.860325603333717,43.47332951514394],[-0.860561648733739,43.473387399986976],[-0.860711042958154,43.47342396165185],[-0.860653708130111,43.47368434270804],[-0.86061069040775,43.47378964317338],[-0.861339091189833,43.47402913859433],[-0.861640782260868,43.473523327609605],[-0.862139075199718,43.473688419618526],[-0.86204565457211,43.47389027756482],[-0.861934550275708,43.474123481745885],[-0.861810534868658,43.474333906408745],[-0.86167548989812,43.47456427058075],[-0.86164642388303,43.47455323640559],[-0.86150525563974,43.47484894364164],[-0.860316156690073,43.47445553129391],[-0.860253975206465,43.47460330973761],[-0.860118776914604,43.47494564174668],[-0.860051463071,43.47510909603144],[-0.860404757632018,43.475343496669815],[-0.860784475815395,43.47558821421016],[-0.861096971235133,43.475793350784976],[-0.861014126863994,43.47604410264368],[-0.860835108029279,43.47598094338513],[-0.860765216148313,43.47595875311676],[-0.860525311350737,43.47590433856214],[-0.860187655817052,43.47583097738789],[-0.860081714999101,43.47580980086457],[-0.859838189530956,43.47582667394213],[-0.859811894540884,43.47584400457522],[-0.85979771425339,43.47585018455303],[-0.859779705351079,43.475854609328],[-0.859765559864885,43.475853942279564],[-0.859733108983784,43.47584960371206],[-0.859703934738746,43.47584064460147],[-0.859678951857566,43.475825951450936],[-0.859632581295011,43.47578932104871],[-0.859523543467889,43.475701778188586],[-0.859431895241772,43.47562820809534],[-0.859274055625025,43.475550690445615],[-0.859229000631767,43.47552995649002],[-0.859015220380272,43.47547956232869],[-0.858883630835009,43.47544848913125],[-0.858837506359305,43.47543761139875],[-0.85861546319228,43.4754096694708],[-0.858429122707217,43.475377393025234],[-0.858039224339024,43.47527562041061],[-0.857619253252554,43.475160685230605],[-0.857340198451509,43.47507757250694],[-0.857243981837765,43.4750409143441],[-0.857012388480834,43.47494989582362],[-0.856808377619489,43.47487176662318],[-0.856706690180929,43.47483467223678],[-0.856574066223721,43.474767873065616],[-0.856411941293431,43.47466879579032],[-0.856225204883386,43.4745955453076],[-0.855942383540776,43.47446176051621],[-0.855565775725935,43.47429798469333],[-0.855857406307442,43.47368941288872],[-0.856263927415006,43.47379582543113],[-0.856333063839746,43.473644649484],[-0.856424147158835,43.47343900713807],[-0.85645120634552,43.47339805030887],[-0.856845809167258,43.47344300281065],[-0.856967647443228,43.47346893076721],[-0.857077277402933,43.47348250247265],[-0.857446018205655,43.47353278728178],[-0.857459634352124,43.4734997851094],[-0.857998639889987,43.47356958709041],[-0.857778795643374,43.47400536591552],[-0.857765103280036,43.47403170524348],[-0.858834472689887,43.474302131783006],[-0.858709321290064,43.474624737510325],[-0.858754010335786,43.47467502958014]]],[[[-0.858772309191258,43.47140579582299],[-0.858531987454373,43.47162666404888],[-0.858158577690474,43.47166509410653],[-0.857830812100949,43.471707302021606],[-0.857282540041064,43.47175898163968],[-0.856899808259144,43.471796748382545],[-0.856604619539836,43.471605667843185],[-0.856792472321755,43.47146350660178],[-0.85698354045039,43.471315826004705],[-0.8570926665958,43.47122429720289],[-0.857387702535957,43.470980136284346],[-0.857649742132138,43.470762190511785],[-0.858416046952372,43.47120041162929],[-0.858772309191258,43.47140579582299]]],[[[-0.8593009680919,43.49841067741915],[-0.859214190135924,43.49836224301808],[-0.857699611882208,43.498487233098366],[-0.857457384329157,43.49874780098935],[-0.857357817471419,43.49863973864824],[-0.857280908652556,43.49855951447973],[-0.85716067640842,43.4984330009695],[-0.857051646699524,43.498318519371026],[-0.856998985031804,43.49826031181763],[-0.85697867028678,43.49823419168958],[-0.856966554356876,43.498210392037315],[-0.856957479516501,43.49818765516937],[-0.856950091297879,43.498147653502855],[-0.856950765834426,43.498106103831326],[-0.856959856910773,43.498073802848126],[-0.856978448202021,43.4980281926446],[-0.856994963908952,43.49799589767395],[-0.85701280506899,43.49796859986442],[-0.85704029504874,43.49793573419109],[-0.857073602141824,43.49790473327335],[-0.857108671384805,43.49787970481696],[-0.857159107247091,43.49785133707919],[-0.857193810462969,43.497835599588534],[-0.857225310740548,43.49782375932489],[-0.857287041172705,43.49780327668002],[-0.857448300937114,43.49775213840247],[-0.857692088019107,43.49767329120515],[-0.8579027883788,43.49761030379351],[-0.858129504894335,43.497542602265156],[-0.858376470061917,43.49746688313123],[-0.858640297088262,43.49738614930314],[-0.858945643181071,43.49729537917097],[-0.859278327062029,43.49719345595161],[-0.859433084687395,43.49734576088101],[-0.859501221768524,43.49741143308475],[-0.85955427224648,43.49746250948427],[-0.859863377917888,43.49776280940932],[-0.859992797739031,43.497889713434425],[-0.860035544208874,43.49793106793532],[-0.86023972864749,43.498130163400944],[-0.860323431116603,43.498213836781815],[-0.859655632928035,43.49860630728967],[-0.8593009680919,43.49841067741915]]],[[[-0.857781076678486,43.47525337620424],[-0.857693806506166,43.47540709059475],[-0.857405287654333,43.47580207768518],[-0.857401461858207,43.47579852078387],[-0.857181858315486,43.475602407353946],[-0.857001630828429,43.47544560607801],[-0.856890680996988,43.47527606969548],[-0.856784489177628,43.47512212714253],[-0.856826915859801,43.475037386715215],[-0.856855781949601,43.47500122952703],[-0.856907083661863,43.474958418703444],[-0.856987420615991,43.474990688299634],[-0.857183727463367,43.475068280789785],[-0.857317277449812,43.47511937310422],[-0.857541501657758,43.47517246122047],[-0.857611791684962,43.47519508967903],[-0.857781076678486,43.47525337620424]]],[[[-0.856385252162801,43.47776160154958],[-0.855672978077793,43.47724667563327],[-0.855715995012972,43.47721307775319],[-0.855926859750181,43.477048571076864],[-0.856131262096499,43.476889158073],[-0.856354586578487,43.476716820831314],[-0.856525690201736,43.47684638492471],[-0.856941101535773,43.476508134759406],[-0.857080683885729,43.47660666297583],[-0.857275066955399,43.476743954388795],[-0.857419719059734,43.476844283405796],[-0.857653844221526,43.47706131778065],[-0.857209978566646,43.47737554268496],[-0.856385252162801,43.47776160154958]]],[[[-0.856989628608774,43.481642278190876],[-0.857083486001011,43.48171180890083],[-0.857180848539941,43.48195515215245],[-0.857319132558601,43.48209678364795],[-0.857349947386862,43.48212829430129],[-0.857378365926144,43.48215727804051],[-0.857267261971576,43.48222149432729],[-0.857165569214644,43.482280331202716],[-0.856699479733641,43.48254976615226],[-0.856249789174536,43.48280924743905],[-0.856241735925195,43.482798004273654],[-0.855812367687509,43.48312810085901],[-0.8556513822497,43.48325462169997],[-0.855402061896517,43.48347319067726],[-0.855134919308143,43.483711939693805],[-0.854847380404811,43.48397123041292],[-0.853489870366586,43.48273448821301],[-0.853852430537799,43.482511085681885],[-0.854122634823925,43.482345643210806],[-0.854381381814503,43.48218276941849],[-0.854795296751667,43.48192655055612],[-0.855044303592505,43.481771588012826],[-0.855422156117222,43.481538448105425],[-0.855536202562345,43.48171346157449],[-0.855935078697208,43.48156505406601],[-0.856667228057662,43.4813469542106],[-0.856678244192159,43.48134521096246],[-0.856688258752754,43.48134881786265],[-0.856796810041838,43.48141980744247],[-0.856827547350225,43.481461229355865],[-0.856905017683538,43.48157043659934],[-0.85691904322746,43.48158588085417],[-0.856989628608774,43.481642278190876]]],[[[-0.856389792668357,43.4847770281999],[-0.856412475735113,43.48508545349852],[-0.85641587172391,43.48518027326635],[-0.856197165009914,43.48565411242175],[-0.856020183545449,43.48592577587968],[-0.855795941034061,43.48627667662173],[-0.855771658484484,43.4862577238175],[-0.855361383430037,43.48593813778192],[-0.855322055539489,43.48591251406689],[-0.855249610411966,43.48594643814295],[-0.855177551689865,43.486207341176936],[-0.855177597123364,43.48620986170249],[-0.855681338885169,43.486393980606415],[-0.855575582156578,43.48655276525493],[-0.855391429143852,43.4868374736952],[-0.85527832118145,43.48700840969746],[-0.855258376467861,43.48704487966876],[-0.85519741743306,43.4871909907414],[-0.855139000435439,43.487325211318456],[-0.854974459663598,43.487740012519545],[-0.854943679134418,43.48781965428963],[-0.85494603055784,43.487823353857294],[-0.854954318245499,43.48782702240222],[-0.855418875268872,43.488000376816856],[-0.855976044873666,43.48820610431809],[-0.855919861961985,43.48826485176922],[-0.855752743559336,43.48842554985791],[-0.8557120298822,43.488456723782406],[-0.85543923000158,43.48866865191565],[-0.855101179848082,43.488859570740836],[-0.855029267585735,43.48890149247172],[-0.8548609839191,43.48901539069325],[-0.854738084385869,43.48907921304022],[-0.85440201488818,43.48925546670209],[-0.85432845984451,43.4892544798129],[-0.854298017025996,43.489263579398006],[-0.854203526673585,43.48928063174276],[-0.854134663093168,43.48929425043282],[-0.853944912773334,43.48934270430217],[-0.853414068756272,43.48948336533225],[-0.853201006522136,43.48923962763996],[-0.853079523829539,43.48907928713908],[-0.852971321792515,43.48893802096458],[-0.852777320287324,43.488758910449995],[-0.852714412658104,43.4887026873363],[-0.852711546430358,43.48869684418785],[-0.852709082808169,43.48854758491082],[-0.852704983090304,43.48846431981927],[-0.852700199567874,43.488241730704175],[-0.852878241329335,43.488123885966914],[-0.853265508029347,43.48787357527798],[-0.853894194344648,43.487415698486686],[-0.854201279470124,43.487191115277554],[-0.854208418673178,43.487179511715134],[-0.854285080346937,43.48702032214172],[-0.854006367828143,43.48687854628778],[-0.853306805304806,43.48652681491134],[-0.853320600002302,43.4865129930694],[-0.852520246321419,43.486106291458306],[-0.852981009282198,43.485647904570925],[-0.853317624686656,43.48531589376963],[-0.853387994627761,43.48522520663946],[-0.853465298807263,43.48512355378483],[-0.853472007682044,43.485114757953845],[-0.853531381336121,43.48506301444364],[-0.853595459419805,43.485079561609325],[-0.853690447786424,43.485121672052514],[-0.853712007058408,43.48509451295135],[-0.85376521930726,43.48511874263668],[-0.853752226142542,43.48513712992475],[-0.853890169930006,43.485185188849506],[-0.854014968489989,43.484934031093154],[-0.854080134906939,43.48487091176669],[-0.854169833430986,43.48477332135459],[-0.85401802594777,43.48469377881961],[-0.854121619262807,43.48463181486507],[-0.85443193261959,43.48476534971801],[-0.854711669210001,43.48488564932529],[-0.854657323886284,43.48437991215838],[-0.854547577955344,43.48428193977481],[-0.854611578815707,43.48422543714573],[-0.854704537512627,43.484148808157826],[-0.854739091102936,43.484156766737456],[-0.854748897054664,43.484148040799624],[-0.854864500374158,43.48404385342744],[-0.855100181124391,43.48415842298036],[-0.855850696824619,43.48441987339225],[-0.85607031498224,43.4845015041302],[-0.856376713895051,43.484619049154716],[-0.856389792668357,43.4847770281999]]],[[[-0.856792495334488,43.48790826048524],[-0.856925540617782,43.487864792227185],[-0.857364500974207,43.48948640336039],[-0.857447340200503,43.48978593270253],[-0.857363830369943,43.490478713973516],[-0.85675162732404,43.49079154173563],[-0.85658632682065,43.49038784496023],[-0.856676234938555,43.490184584645895],[-0.856674541653688,43.49017410591702],[-0.856610070111553,43.489947244886835],[-0.856356552789999,43.48998941501449],[-0.856208781970482,43.49001449031932],[-0.856217175694683,43.490345944539946],[-0.856225997641903,43.49051974913225],[-0.856220134446584,43.49052824483727],[-0.85601111986227,43.49080582263405],[-0.855876229309707,43.49076477310308],[-0.855356084915516,43.49061519563126],[-0.854747602904261,43.49043975330619],[-0.854793988511165,43.490306861519755],[-0.854863236457847,43.49010352715297],[-0.854868651530268,43.490097569618534],[-0.854874380178373,43.49009628491949],[-0.855004082575677,43.49009140086198],[-0.855223533139966,43.49007990097403],[-0.855047188658811,43.48978982184282],[-0.854969316811828,43.489656305926864],[-0.8549509253623,43.48961822717904],[-0.854884576300894,43.48947205090531],[-0.854838103534725,43.489369485309886],[-0.854832310279836,43.489356900497796],[-0.85482201549984,43.48933438722466],[-0.854799047160985,43.48928341015701],[-0.854775413502547,43.48923173614077],[-0.854752168248185,43.489180318536846],[-0.85480839623346,43.489129586946106],[-0.854904900062253,43.489055894287894],[-0.855004348913733,43.48899290597394],[-0.855231719274673,43.48885429623178],[-0.855540701094219,43.488661618827834],[-0.855629328284941,43.488588566036825],[-0.85579151980695,43.488453985536395],[-0.855893968253987,43.488369361306574],[-0.856089009549119,43.48820811976127],[-0.856151438061881,43.48816869660797],[-0.856265745134381,43.48810040428246],[-0.85641082001801,43.48803155735323],[-0.856792495334488,43.48790826048524]]],[[[-0.85513156909514,43.47483344341115],[-0.854987462919317,43.47485541524452],[-0.854971064097284,43.47485987200158],[-0.85488656223948,43.47490377307951],[-0.854739990609916,43.47495168403573],[-0.854654596238077,43.47498228547075],[-0.854414077234686,43.47510109525797],[-0.854391578478731,43.475112344466254],[-0.854259174810099,43.47531432065896],[-0.854125566404011,43.475516789921976],[-0.853992892146292,43.475709227378815],[-0.853903217654049,43.47581987762589],[-0.853793791667701,43.475737477434784],[-0.853581037741417,43.475567685858586],[-0.853481457592488,43.475490069513725],[-0.853469655861161,43.47547823897655],[-0.85334666880335,43.47530795648246],[-0.853317791069864,43.475264666321436],[-0.853316665020065,43.475258941527166],[-0.853406083006782,43.47517397251102],[-0.853652715726335,43.475041165997226],[-0.85396409529769,43.474868674300424],[-0.854576013977793,43.474579740560735],[-0.854816660274714,43.47446470902048],[-0.855186626754076,43.47432120519734],[-0.855313823893597,43.47427398303679],[-0.855453341850036,43.474329278832286],[-0.855543850821499,43.47437307743463],[-0.855889439810207,43.47454092983611],[-0.856198205362585,43.47466136088771],[-0.856425727965689,43.47487052527118],[-0.856374604466018,43.47489756624094],[-0.856162510761979,43.47488881172065],[-0.855817109509695,43.47487678447989],[-0.855348008687255,43.474871950440395],[-0.855145250850237,43.474834577932675],[-0.85513156909514,43.47483344341115]]],[[[-0.85351141127073,43.475073575032404],[-0.853245291885561,43.47522013524041],[-0.853232227904522,43.47523005781337],[-0.853230208833045,43.47523499370894],[-0.853232102498875,43.47524294309494],[-0.85324816524709,43.47528695927538],[-0.853100817628501,43.475332553576756],[-0.852436444523053,43.47459585115916],[-0.852723243936981,43.47447918327106],[-0.852769541800467,43.47445763014682],[-0.852871683940418,43.4743742808509],[-0.852980934044927,43.474286264963794],[-0.853069599321613,43.47425095467348],[-0.853131145745746,43.47426128629569],[-0.853263613843825,43.47420964558164],[-0.853411546956501,43.47414700587347],[-0.854039603351409,43.47385164623558],[-0.854154686129121,43.47379530838318],[-0.854224297039545,43.47376544897172],[-0.854282486074823,43.47376076665927],[-0.854292863308947,43.473764270730406],[-0.854389137625616,43.47381660244464],[-0.85461494076907,43.473935755649904],[-0.854845286214074,43.47405438650595],[-0.855112468438906,43.47418927090649],[-0.855235749743177,43.47424775691466],[-0.855173846137635,43.47427635189475],[-0.854898618994408,43.47439765894414],[-0.854659805564441,43.47450866213372],[-0.854251444737659,43.47469937851168],[-0.854042488568132,43.47479454568391],[-0.853909121225382,43.47486045129487],[-0.85351141127073,43.475073575032404]]],[[[-0.854084325265317,43.492047614479674],[-0.853975945830562,43.491997873060384],[-0.853979238748193,43.491991630733494],[-0.854037774424756,43.49188857294767],[-0.854161402910872,43.4916603354209],[-0.854424226911298,43.49117222979226],[-0.854439616338445,43.491141596791344],[-0.855181469466792,43.49165242686102],[-0.85517607799307,43.4916550507307],[-0.855168037829338,43.49166245281982],[-0.855043582287787,43.49183406271334],[-0.855038719085924,43.49185008923535],[-0.854988861465818,43.49200868658472],[-0.854888745348351,43.4923291382668],[-0.854811908399754,43.49233277214618],[-0.854758685691865,43.492334304952436],[-0.85468898885317,43.49233002824067],[-0.854356903644947,43.492252483361156],[-0.854307834005965,43.49223846510136],[-0.854275142349441,43.492169818236654],[-0.854195892738207,43.49212642731035],[-0.85407493957447,43.49205893763743],[-0.854084325265317,43.492047614479674]]],[[[-0.853708116116867,43.49226762926814],[-0.853874614647003,43.49236115330512],[-0.853911123055519,43.49232625635916],[-0.853948524010943,43.49237473880121],[-0.853974286531156,43.49239174792334],[-0.854067006014394,43.492409078176834],[-0.854074343036404,43.49241332109217],[-0.854039001644585,43.49243610629813],[-0.854021285045064,43.492439438652006],[-0.853953225729099,43.49243375207754],[-0.853936915957698,43.49241379456524],[-0.853917036573851,43.49240333198264],[-0.853892931062564,43.492399955599474],[-0.853872285122008,43.492402040947965],[-0.853848831067633,43.492412062835605],[-0.85383270830678,43.49242993092591],[-0.853829756469944,43.49244679018539],[-0.853832955239807,43.49246496203082],[-0.853847548362187,43.49247777445784],[-0.853867403643129,43.492487877604006],[-0.853900739548679,43.492492366978375],[-0.853920629696726,43.49248823673541],[-0.853945826377935,43.49247283832807],[-0.854023516200722,43.49247638088733],[-0.854061451369969,43.49247196919714],[-0.854111142720842,43.492436243047564],[-0.854133817389855,43.49246254978779],[-0.854135589694216,43.49248527620047],[-0.854123711891491,43.49250371398629],[-0.85411922685575,43.4925106292531],[-0.854102394738139,43.49254005245048],[-0.854058933395407,43.4926557254367],[-0.854042500292034,43.492670812215366],[-0.853442601934566,43.49324143306141],[-0.853336558190602,43.49332059790361],[-0.853316023858823,43.493329885315255],[-0.853093329256098,43.49340941419498],[-0.853066160554744,43.49339173422359],[-0.852838159123853,43.493235359861615],[-0.852222104596009,43.49282552154928],[-0.852814670781614,43.49246459705075],[-0.853464239211927,43.49206453066167],[-0.853675423271723,43.49217682339504],[-0.853759363235992,43.492223741050886],[-0.853756205449356,43.49222646556998],[-0.853708116116867,43.49226762926814]]],[[[-0.853164546523703,43.485313320366984],[-0.851936972415678,43.48464725381864],[-0.851947774048953,43.48467182095495],[-0.85196882154821,43.48474034137102],[-0.851984642475143,43.48478995142336],[-0.852003398779512,43.48490178988213],[-0.852136961265314,43.485369762077234],[-0.851247287068831,43.48493497109619],[-0.850740924733394,43.484702104600366],[-0.850406490800311,43.48455185176263],[-0.850677567766064,43.48397095627241],[-0.851622082662219,43.48302455581826],[-0.851887276231763,43.48315880033446],[-0.852018743145871,43.48322474650936],[-0.852148705323557,43.48329038572856],[-0.852261431693187,43.483346188735226],[-0.852553549372108,43.4835147844215],[-0.853036446005968,43.483799910074666],[-0.853443167581087,43.4840392817533],[-0.853790885671261,43.48424363912478],[-0.85419699680549,43.484486723116156],[-0.854083258295933,43.48456526173032],[-0.853797798804048,43.484748721353775],[-0.853431859405054,43.48497728799844],[-0.853280980197326,43.485175326631875],[-0.853208590722703,43.48527094962035],[-0.853164546523703,43.485313320366984]]],[[[-0.851050648747425,43.48070235037484],[-0.851114789901394,43.480926611588295],[-0.851137753152078,43.48101452020749],[-0.851136036086381,43.48105349404089],[-0.851112622430304,43.48136301648808],[-0.851087490365006,43.4816856610823],[-0.849414060211574,43.481416257800724],[-0.849474829442308,43.48129303690473],[-0.849541506725484,43.481156455001475],[-0.849640737921771,43.48094818707221],[-0.849648888326915,43.480918442695476],[-0.849623472557979,43.48091574265435],[-0.849475665368698,43.48122427932689],[-0.849381670171844,43.48141101311391],[-0.849302760037319,43.48157550263726],[-0.849233348658412,43.48171191129787],[-0.849217929190056,43.481782718250855],[-0.848948084279388,43.48215494948164],[-0.848327253887886,43.48187659773256],[-0.847935235451613,43.48170289210638],[-0.847870016149496,43.481674762577406],[-0.847839570664879,43.481661611779586],[-0.847831052519152,43.481660022682185],[-0.847397106295097,43.48170434630455],[-0.846887898040841,43.48175899665589],[-0.846680484027349,43.481777980032355],[-0.846343613922376,43.48180894471051],[-0.845767682842504,43.48184443014202],[-0.845760988693073,43.48184421735564],[-0.845757753093679,43.48184208030276],[-0.84575557403648,43.481839095069354],[-0.845750640617496,43.48161200922414],[-0.846050391416114,43.481512555273035],[-0.846529785988896,43.48127314102711],[-0.846793600532316,43.48119126436803],[-0.847181532784757,43.48106759876555],[-0.847228118089355,43.48104099372067],[-0.847824829131525,43.48067868812299],[-0.848083718648269,43.480536272051175],[-0.848155911425873,43.48049677706955],[-0.848223261262382,43.48044961745067],[-0.848318293100951,43.48038174802421],[-0.84861529429106,43.48019708261456],[-0.848780100158225,43.480092415519046],[-0.848797584505607,43.480085669298326],[-0.849210086391576,43.4799393250293],[-0.849804952162839,43.47972335658218],[-0.849810195340058,43.47972407104394],[-0.849818538701883,43.47972674709502],[-0.849883401482768,43.479749573564504],[-0.849877385432237,43.47978347566847],[-0.850001389333393,43.47968097699031],[-0.85019167663982,43.47974249280858],[-0.850373586242379,43.47974359492624],[-0.850427146599682,43.479743583165565],[-0.850438027167639,43.479741665215165],[-0.850451893409978,43.479736308356465],[-0.850613065482286,43.47965500703954],[-0.850808140069017,43.480086923683764],[-0.850919054022577,43.48033357279763],[-0.85097020848481,43.480450835022516],[-0.850997564882846,43.480515708210504],[-0.851050648747425,43.48070235037484]]],[[[-0.851172008962984,43.48997201407048],[-0.851218886149883,43.48988693729791],[-0.851145609501902,43.48986612149665],[-0.851091885571734,43.48985091616032],[-0.851072263121486,43.48990701053364],[-0.850851235294074,43.48992819624725],[-0.85084347231758,43.48995081107391],[-0.8505194311478,43.48975487915217],[-0.850379376994027,43.48967176065633],[-0.850264646699379,43.48959729036074],[-0.849959643957237,43.48939923930501],[-0.849871758444667,43.489343181360475],[-0.849646081625759,43.4891841969002],[-0.851577038825122,43.489229801236],[-0.851696890466495,43.48924040404288],[-0.852030714722097,43.48898073794649],[-0.852621258132623,43.48865663725791],[-0.852633101774979,43.48871701784297],[-0.852643661010215,43.48874717838188],[-0.852669405188965,43.48878977008312],[-0.852692014101664,43.48880959380883],[-0.852876449783766,43.48896229184777],[-0.852945634646226,43.48902171461838],[-0.852955443042086,43.489031454458505],[-0.852992844738844,43.4890892148698],[-0.852695355467883,43.48973564218993],[-0.852565652002425,43.48976079077572],[-0.851666430271997,43.48993012169109],[-0.851403643851022,43.4899817072882],[-0.851172008962984,43.48997201407048]]],[[[-0.850342033131496,43.47971391027802],[-0.85021335895133,43.479715330123454],[-0.850021753611047,43.47966367944119],[-0.850294350443204,43.47923496032064],[-0.850438283064925,43.479014564350706],[-0.850518371753919,43.4792295214076],[-0.85056602098602,43.47944400994379],[-0.850587332403697,43.47949991025053],[-0.850606839801477,43.47961379341637],[-0.850425276521427,43.479710141420455],[-0.850342033131496,43.47971391027802]]],[[[-0.851605888296867,43.49965561967138],[-0.851806887085576,43.49983340526905],[-0.852015767170502,43.500019828108435],[-0.852272306569655,43.50022311264495],[-0.852342749061931,43.50025312685874],[-0.852463374096672,43.5003191898281],[-0.852538744127795,43.500417127198276],[-0.852836217997638,43.50083397014035],[-0.852597352853685,43.50106396082632],[-0.852387411006226,43.501273196029956],[-0.852327717031696,43.50144772566106],[-0.85226573852611,43.5016417030895],[-0.852246496053762,43.50165553827267],[-0.852145755552269,43.5016313747935],[-0.851937930400382,43.501578859234044],[-0.851663066635469,43.50148251590232],[-0.85150703738558,43.50142734826117],[-0.851312296841308,43.50138724765745],[-0.851294648988574,43.501376885296715],[-0.851289831172464,43.50137147169308],[-0.851283290757448,43.501358823038295],[-0.851282859181716,43.501335778594004],[-0.851361133339034,43.50121499611907],[-0.851444750631054,43.50107240518486],[-0.851127902084081,43.500899815865594],[-0.850646350410805,43.50063858618433],[-0.850748425905757,43.50050182567751],[-0.850609290648094,43.5004180427079],[-0.850332657393773,43.50029149330545],[-0.849823173669329,43.50006016739416],[-0.849508711512176,43.49991379158318],[-0.849493491267509,43.49990640536838],[-0.849540871650761,43.4997326753873],[-0.849581314754424,43.49956621780065],[-0.849703976586259,43.49907382369825],[-0.849805029044343,43.49866704965959],[-0.849701616781153,43.49855677540017],[-0.849467118366308,43.498373780798545],[-0.849479808733155,43.49835081083276],[-0.849604012447966,43.4982119144937],[-0.849706996794268,43.49816258759258],[-0.849786234497363,43.49810419560682],[-0.849838826642871,43.49806179288212],[-0.849859480507634,43.49804502554283],[-0.849984477746129,43.49791799071564],[-0.850106845588391,43.497903104891726],[-0.850260269814106,43.49788819659182],[-0.850266405813822,43.49788743815113],[-0.850330900065467,43.497880462995646],[-0.850353710035157,43.49788478705252],[-0.850378907591416,43.497889656823126],[-0.850448213622103,43.498004294753436],[-0.850612913270652,43.498264621056265],[-0.850404343448539,43.498335535133656],[-0.850798944671466,43.498909538997246],[-0.851047845399064,43.49926848034495],[-0.851021533950426,43.49928391762939],[-0.851178715512674,43.499396964309966],[-0.851496551971625,43.49962131226763],[-0.851527937061124,43.49967415321775],[-0.85155248999139,43.49965463474769],[-0.85155753304334,43.4996504921451],[-0.85156335895687,43.49964695226303],[-0.851570109257035,43.49964428030365],[-0.851577820101042,43.499643015444946],[-0.851588168608597,43.49964417901499],[-0.851594509668961,43.49964647584102],[-0.851600459389175,43.49965031788519],[-0.851605888296867,43.49965561967138]]],[[[-0.849662083029284,43.479500000654525],[-0.849795078154569,43.47928801095653],[-0.849759200784744,43.4792768552662],[-0.849772527791691,43.47924683690003],[-0.84984969654705,43.47907304114848],[-0.849971618480252,43.478791816155],[-0.85000115523893,43.47872311974652],[-0.85004445301535,43.47866780600943],[-0.850100214004852,43.478600970067525],[-0.850120153384528,43.47857918381136],[-0.85029815050034,43.478728689611366],[-0.850428363206742,43.4788222448281],[-0.850426733100498,43.47886436813481],[-0.8504261632166,43.47893338641709],[-0.850348714697672,43.479042067794005],[-0.850119293187176,43.47937854654331],[-0.849961850421989,43.47960779917105],[-0.849894550451142,43.479618747693024],[-0.849662083029284,43.479500000654525]]],[[[-0.850837247739103,43.48997607352888],[-0.85082856400286,43.490010791324885],[-0.850811699767447,43.49001021959071],[-0.850770403479496,43.49010473604502],[-0.850304035462101,43.49031785379568],[-0.850009128901427,43.49041264284341],[-0.849632254081102,43.49053232151885],[-0.849260101036399,43.49065047997698],[-0.84961024431802,43.489245731080125],[-0.849696160834354,43.4893130286386],[-0.849797713564925,43.489392111126506],[-0.85022213213948,43.489633029921926],[-0.850837247739103,43.48997607352888]]],[[[-0.849967855261959,43.48760931052734],[-0.850026686359355,43.487538311994584],[-0.850107726466652,43.48744427551457],[-0.850301741952729,43.48726938979969],[-0.850491281069035,43.4871292520746],[-0.851140332356173,43.487451089660134],[-0.850999593558641,43.48760129434355],[-0.850820748218582,43.487786541542555],[-0.850459601547894,43.48816643567128],[-0.850008263000027,43.48863681688185],[-0.849874484039827,43.48877650405264],[-0.84985842723967,43.488791666863214],[-0.849776787789598,43.48882879619303],[-0.849740170322247,43.488839915362654],[-0.849679608564319,43.488844498870236],[-0.849635377759899,43.48884354800214],[-0.849252150225155,43.48879626954369],[-0.849903995029185,43.487740028133764],[-0.849925694478536,43.487659539682],[-0.849967855261959,43.48760931052734]]],[[[-0.849476374621142,43.49449447293176],[-0.84949877407844,43.49452592478184],[-0.849529931719424,43.49457544119253],[-0.849253342627699,43.49500853574883],[-0.849344717614383,43.49517562548198],[-0.849605681216035,43.49513338824354],[-0.849821620149613,43.49509689327915],[-0.849910780352485,43.4952272198759],[-0.850037365005771,43.4954211623445],[-0.850020998231028,43.4955258725501],[-0.849997437967979,43.495730012879775],[-0.8499527938886,43.49609586950639],[-0.849920359022765,43.49637436831564],[-0.84918179376026,43.49619342464902],[-0.848831788951402,43.496105329011144],[-0.84866422191401,43.49605128845728],[-0.84827559172969,43.49592961293162],[-0.847910398349205,43.49581422004382],[-0.84773887337414,43.49595965841405],[-0.847140274629586,43.49580661006887],[-0.847101355668878,43.495796371675816],[-0.846980207105406,43.495738879379694],[-0.846942011737462,43.49569879987518],[-0.847418803265015,43.495162042594906],[-0.847920402992665,43.49459494724008],[-0.8476297152266,43.49455545531105],[-0.847845240403732,43.49417110305653],[-0.848036975394775,43.49383614636892],[-0.848312444035883,43.493903380620104],[-0.848540108072408,43.49395699876905],[-0.848666420669266,43.493995569844245],[-0.848782903818612,43.49403701200099],[-0.848892556072679,43.49407806609703],[-0.848944699810292,43.49409918379176],[-0.849056035323506,43.49415981466691],[-0.849122491788221,43.49420618588599],[-0.849223564568698,43.4942742971589],[-0.849341172189922,43.494371276145074],[-0.849409688489374,43.49442622141474],[-0.849476374621142,43.49449447293176]]],[[[-0.848632015305832,43.500057971791236],[-0.848572540534143,43.500088187651016],[-0.848532139924006,43.50010943912041],[-0.848637876409774,43.500535081944214],[-0.84878284434707,43.50113435159661],[-0.84885119381631,43.501404588001805],[-0.848529096266375,43.50141764641514],[-0.848531233837758,43.50147170686365],[-0.848383463367438,43.50147326040591],[-0.848383960016877,43.50149729336054],[-0.848284100260581,43.50151579164189],[-0.848188672590881,43.5015376454829],[-0.847929846150011,43.50162330980131],[-0.84782119965141,43.50165842353425],[-0.847755631807262,43.50167345202744],[-0.84773756050517,43.50163274816033],[-0.847731180684145,43.50160586143595],[-0.847741155773158,43.50129113835137],[-0.847753363572823,43.50105037940282],[-0.847768548167963,43.50069151390903],[-0.847882493325081,43.50058036722675],[-0.848155492675105,43.50030737998024],[-0.847606909837,43.500022395091975],[-0.847230276624221,43.499825254629904],[-0.847692260546146,43.499369910366326],[-0.848115694611406,43.498961691790306],[-0.848328044761221,43.498939739970446],[-0.848406929332952,43.498931444366626],[-0.848440063785046,43.498940266404176],[-0.848567413933414,43.49898861966723],[-0.84863408034544,43.49902696722599],[-0.84868802895042,43.499063874733125],[-0.848999380442668,43.49928395596915],[-0.849282907538264,43.49948763973877],[-0.849354525095472,43.499544457014935],[-0.849390261752768,43.49958102017178],[-0.849418531428873,43.49961694774461],[-0.849432381838976,43.49964266825698],[-0.849014771417462,43.49985891148854],[-0.848632015305832,43.500057971791236]]],[[[-0.846987729978056,43.48106258977157],[-0.846899941689885,43.48108903620186],[-0.846634198581128,43.48116611751402],[-0.846551602175198,43.481190667898034],[-0.846404708327808,43.48126920416134],[-0.84633144189222,43.48130747497518],[-0.846203278765324,43.48137570794793],[-0.84614307850245,43.48140774997599],[-0.846063024108047,43.481449954649506],[-0.846013828496667,43.48147268849384],[-0.845936685217176,43.48150109823647],[-0.845746155239357,43.48156532907183],[-0.845736574495043,43.48133903874837],[-0.845734737231731,43.48113418185685],[-0.845728704231344,43.480757609626195],[-0.845835737930822,43.4807303909846],[-0.845958287728733,43.48070027952577],[-0.846068294819471,43.48067682835973],[-0.846277810107463,43.48063200981146],[-0.846403878231148,43.48059717908417],[-0.846405500405631,43.4806010848267],[-0.846628882501567,43.48053613682966],[-0.84663131732228,43.480541094627],[-0.846702050825299,43.48051489357621],[-0.846783520438528,43.48049200441892],[-0.846873724656909,43.48047024629978],[-0.846884746086408,43.48049444565532],[-0.847664587532852,43.480230937440965],[-0.848165244892427,43.47995094704017],[-0.848757041658854,43.47970203569372],[-0.848672991779447,43.479568196232584],[-0.848495592953442,43.47927247365406],[-0.848709275882859,43.4792105679444],[-0.848933785122209,43.47930843180037],[-0.849169034233293,43.47940780527788],[-0.849390098699976,43.479500386090606],[-0.849465188604695,43.47953185702238],[-0.849629400166542,43.4795679080029],[-0.849714169724429,43.479585073114144],[-0.8498707763239,43.47965346092372],[-0.849511717926845,43.47977953360684],[-0.848933055574625,43.47998627753187],[-0.848762615819537,43.480047458261],[-0.848260563731181,43.48035092073873],[-0.84784474995757,43.480599344578444],[-0.847150333495462,43.48101177867317],[-0.847123313194693,43.481020214331245],[-0.846987729978056,43.48106258977157]]],[[[-0.848229140468418,43.496787622129546],[-0.848363850049123,43.49682400408901],[-0.848648374654549,43.49690244643118],[-0.84873263958743,43.49692278403017],[-0.848788061548314,43.49694477636517],[-0.848828757933311,43.49695567169482],[-0.848914251396417,43.49697587545426],[-0.848984266587147,43.496988521917494],[-0.849259703078551,43.49703287610758],[-0.849491589209719,43.49706805729263],[-0.84969946165599,43.49709571380604],[-0.849800584420573,43.497110947967585],[-0.849931173707259,43.49713198117772],[-0.850053501434382,43.497147903095346],[-0.850150436371166,43.497161574240714],[-0.850160533841882,43.49713500315202],[-0.850267616206915,43.49707670255369],[-0.850449758381256,43.49697709222946],[-0.850441720999715,43.49702331700825],[-0.850366254439748,43.49706410060522],[-0.850264513254204,43.497120860405325],[-0.850255481009217,43.49712271258369],[-0.85024929403033,43.49712824691463],[-0.850233162991142,43.49715341096926],[-0.85022359527304,43.49717311739995],[-0.850238185539536,43.49717665254709],[-0.850164115992724,43.497481942343065],[-0.850118610816861,43.49760237035338],[-0.85008410618028,43.49769124094836],[-0.850049377746716,43.4977398550824],[-0.849957024085235,43.49786284797173],[-0.849909138280623,43.497914541663164],[-0.849821655175802,43.49801790479921],[-0.849133434313943,43.49792011411358],[-0.849147823114475,43.49794464449145],[-0.849184473950007,43.49798378739866],[-0.849215079170261,43.498028729775214],[-0.849221489342815,43.49804867935199],[-0.84922453344139,43.49807009962863],[-0.849214275768364,43.498092442700354],[-0.849178426319045,43.49813911465479],[-0.849129127504739,43.49819004746877],[-0.849111996019016,43.49820398726033],[-0.84907078400527,43.498224186848454],[-0.849044770518422,43.49822745267195],[-0.848993613649861,43.498230350322906],[-0.848760311044203,43.49824980480112],[-0.848329829271621,43.49828490747302],[-0.847243663138597,43.49846966266325],[-0.846525112247413,43.498549032126554],[-0.846036700169128,43.4986078899928],[-0.844781920241449,43.49877311150347],[-0.844757947516986,43.49873477851679],[-0.844501364997295,43.498302954559115],[-0.844092192337982,43.498319989729275],[-0.844080558042705,43.498362468169056],[-0.84390148549177,43.4983325183229],[-0.84372025874054,43.49821860307802],[-0.843619429635418,43.49798032308608],[-0.843535548810333,43.497976812213736],[-0.843555592968241,43.49789728436377],[-0.843559460568384,43.49757971727409],[-0.843606257213739,43.49724540491213],[-0.843644764693244,43.4971810757754],[-0.843797931099726,43.49708097332083],[-0.844437938197447,43.49707619861867],[-0.844425623851846,43.49739874939685],[-0.845132949968521,43.497432837939286],[-0.845377623034853,43.49745018944917],[-0.845606064324193,43.49748198815742],[-0.845557155413561,43.497405717107256],[-0.845476590543144,43.497290935485026],[-0.845392487428858,43.497191682470444],[-0.845962555580626,43.497123624234646],[-0.846706250729808,43.49703381741893],[-0.847085893815686,43.4969880048257],[-0.84738184011685,43.49695065670964],[-0.847441588646799,43.496946734174294],[-0.847848413026202,43.4970019208813],[-0.84796143574518,43.49686972892616],[-0.848068987358846,43.496742685322175],[-0.848229140468418,43.496787622129546]]],[[[-0.846343569501943,43.492744992510026],[-0.846380902319912,43.49276483547131],[-0.846434313467259,43.49280860855796],[-0.846474728490877,43.49284491616179],[-0.8464876822793,43.49285913885856],[-0.846485658485637,43.49287695574826],[-0.84647955935425,43.49294662116423],[-0.845869217859533,43.49339380307293],[-0.84553720993478,43.493542770812546],[-0.84549258929283,43.49355822586982],[-0.845480287587899,43.49356667917391],[-0.845471526254395,43.49357626792423],[-0.845468728747333,43.49358807712439],[-0.845467276556178,43.493607044703936],[-0.845242923382425,43.49358618069183],[-0.844820110268405,43.4939996796374],[-0.844727332206959,43.494090525330556],[-0.844090393973462,43.494711947254466],[-0.84380652654913,43.49443782442449],[-0.843537794642275,43.49411434283752],[-0.84330458878252,43.493842836035206],[-0.843288480705773,43.4937629691075],[-0.84328219896388,43.4936542896],[-0.843287661520462,43.49354546384671],[-0.843306891644349,43.49333913768512],[-0.843405028620564,43.49325810171387],[-0.84341016089674,43.49313694723677],[-0.843350779249329,43.49312040734284],[-0.843499000495227,43.49292806233964],[-0.84352471996727,43.4928908494529],[-0.843548993956803,43.49285792140991],[-0.84357153218482,43.492776864111654],[-0.843624593276356,43.4926046480095],[-0.843660117976033,43.49259933463984],[-0.843836148452592,43.49264695689577],[-0.843957873454711,43.49267993103509],[-0.843969920081159,43.49266211902328],[-0.843995136534433,43.492622942180496],[-0.84368194650518,43.49247254375209],[-0.84351362694923,43.49238852722777],[-0.843975236693735,43.492157323142486],[-0.844663544286329,43.49189159239527],[-0.844751031321251,43.49186038483567],[-0.844912654422969,43.49192013624526],[-0.845009526620686,43.49195705348972],[-0.845131815101773,43.492016939093354],[-0.845255651177333,43.49207776049898],[-0.845387971486683,43.492132245615444],[-0.845500735807815,43.49218661381967],[-0.845533537328259,43.49220346515738],[-0.845645713644832,43.4922804632549],[-0.84570305592918,43.492316440662094],[-0.845926586034876,43.49244704577826],[-0.846052681047919,43.492523099178776],[-0.845999627890187,43.49255858045736],[-0.846186805743013,43.49265993928401],[-0.846343569501943,43.492744992510026]]]]}}]}
