{"type": "FeatureCollection","name": "aoc_geojson","features": [{"type":"Feature","properties":{"dt":"Bordeaux","type_prod":"Vins","categorie":"Vin tranquille","type_denom":"appellation","signe":"AOC","id_app":64,"app":"Premières Côtes de Bordeaux","id_denom":123,"denom":"Premières Côtes de Bordeaux","insee":"33085","cvi":"1B153D","nomcom":"CAMBLANES-ET-MEYNAC","insee2011":"33085","nomcom2011":"CAMBLANES-ET-MEYNAC","id_aire":122,"crinao":null,"grp_name1":null,"grp_name2":null},"geometry":{"type":"MultiPolygon","coordinates":[[[[-0.490344842955382,44.76866524385317],[-0.489898812147054,44.76862089987371],[-0.489611264368712,44.76859237910481],[-0.489394744498653,44.768570902456254],[-0.489025858968149,44.7685343083056],[-0.488442878139312,44.768478591308636],[-0.488443307163545,44.7683020349647],[-0.488448526682538,44.7682149059019],[-0.488457547004649,44.76805448064355],[-0.488480113188191,44.767843252367726],[-0.488483459970037,44.767836027580586],[-0.488487447857175,44.76783301818861],[-0.488493491471873,44.767832557502295],[-0.488564697457976,44.7678486091329],[-0.488619069246051,44.76785635924732],[-0.488693593348532,44.767858608231926],[-0.488782956572533,44.76786147123072],[-0.488856165741391,44.76786087771728],[-0.488890121299346,44.76785764539522],[-0.488962822469949,44.76784886699473],[-0.489209932433248,44.76780071024762],[-0.489347979779542,44.76776860516127],[-0.489388117556367,44.76776103247244],[-0.489533027257207,44.767729431930455],[-0.489528604572124,44.76776823225747],[-0.489483154336403,44.76794088991592],[-0.489557139678513,44.767952798018236],[-0.490006639947609,44.767991987217485],[-0.490140093083455,44.767574136677815],[-0.490156296446136,44.767572274361214],[-0.490189527720096,44.76756960516774],[-0.490240004690917,44.76756963685763],[-0.490369869014472,44.76757689991389],[-0.490448382556372,44.767588394370954],[-0.490853514714975,44.76766484545506],[-0.491145702847149,44.76771926099541],[-0.491163834654732,44.76772400655705],[-0.491174001098599,44.76772882292274],[-0.491185310511866,44.767739821473455],[-0.491190904844174,44.76775045943264],[-0.491196589622238,44.767768664534756],[-0.491226999353335,44.767971104632416],[-0.49126819313277,44.7682677396766],[-0.4912873970871,44.76838140529785],[-0.491345384620174,44.76876510675391],[-0.491371881754613,44.768886202640566],[-0.491421899797282,44.76911713322984],[-0.491455071076605,44.76927235411427],[-0.491470614309865,44.769345401342655],[-0.490934467284917,44.769310660568955],[-0.490957587396243,44.76968906265435],[-0.491519978112806,44.76971243233282],[-0.491531442148977,44.76974424349771],[-0.49153560983183,44.769780790590026],[-0.491531957817218,44.7700397276288],[-0.491532802225645,44.7702121889011],[-0.491530862256767,44.77032760245347],[-0.491533299158244,44.77037294565664],[-0.491539168673346,44.77039411887629],[-0.491554135828842,44.770421223564],[-0.491574935682755,44.77045057762388],[-0.491608413280133,44.77047628779938],[-0.491645550307479,44.7704998098828],[-0.491683979047618,44.770519686476725],[-0.491782139383361,44.77056633814656],[-0.491834805807,44.77058324257075],[-0.491902038356694,44.77059635341158],[-0.492008552435378,44.7706308458434],[-0.492048885359568,44.77064471443206],[-0.492091256368323,44.77065473375624],[-0.492221246578907,44.77067001151606],[-0.492283398579501,44.77068075896029],[-0.49231717362256,44.77068681359288],[-0.492334733307924,44.77069455096874],[-0.49235881746122,44.77070956253838],[-0.492348437610078,44.77075630112269],[-0.492272364171975,44.77134618599202],[-0.492235765128196,44.77134355476574],[-0.492188191980912,44.77177519314284],[-0.492095613421661,44.771800100618606],[-0.49206472074559,44.77180990612373],[-0.492045290269467,44.77180871624282],[-0.492017069202589,44.77180654179147],[-0.491952572884453,44.771806952707166],[-0.491883624824691,44.77180290783378],[-0.491798658811203,44.77178539934687],[-0.491600198639999,44.77174326075431],[-0.491415844767654,44.77170824723368],[-0.491221273460441,44.77169815793324],[-0.491122723488181,44.77169414431003],[-0.490924401324917,44.77167254733614],[-0.490807326344985,44.77165136374658],[-0.490728639492479,44.77163717123559],[-0.490566418732716,44.771604072348616],[-0.490474581208163,44.7715981343885],[-0.49040027449724,44.771593356257014],[-0.490301112378321,44.77159170429382],[-0.490220566415569,44.77162091726388],[-0.490211769337932,44.77161371454602],[-0.490181015716178,44.77155241121417],[-0.490109141559552,44.77142787817315],[-0.490083816048913,44.771380642616684],[-0.490074246476962,44.77134877161406],[-0.490052983482872,44.77127527354648],[-0.490016853431185,44.771133483049226],[-0.489972288653742,44.77098420804893],[-0.489938052041368,44.770909586679494],[-0.48990215516296,44.770832674514935],[-0.48985698218109,44.770746952554774],[-0.489811070343251,44.770673780399406],[-0.489755048533629,44.77060281922048],[-0.489698050611331,44.770522246037864],[-0.489614129961861,44.77043594225585],[-0.489529479908956,44.770350111992585],[-0.489390271985257,44.77021688540232],[-0.489556389761646,44.769921559707186],[-0.489692813332094,44.76968592674604],[-0.48968422880395,44.769682141827296],[-0.48996878038336,44.769240516235556],[-0.489981232693363,44.769221018702225],[-0.490104647849912,44.76903265687572],[-0.490344842955382,44.76866524385317]]],[[[-0.489597067824891,44.77329739814569],[-0.48981841962233,44.772876778878604],[-0.489874010213624,44.77276958834829],[-0.490176911538173,44.7728433158111],[-0.490571917852303,44.772939463867765],[-0.490769022718967,44.77261747581714],[-0.490774185311846,44.772608932063676],[-0.490814929478338,44.7725438438524],[-0.490833920371179,44.772513506122195],[-0.490838771170736,44.77250605361965],[-0.490853969451968,44.77248187337586],[-0.490913782443612,44.7723877065987],[-0.490985381014696,44.77244664122711],[-0.491204211470778,44.77262728295868],[-0.491285025943052,44.772694037703836],[-0.491344462255855,44.77274046839087],[-0.491413255969094,44.77277867365429],[-0.491469045283804,44.77280304991274],[-0.49152936803276,44.7728209749224],[-0.491596803206371,44.772831195841576],[-0.491717099097639,44.77284308501844],[-0.491774026082837,44.77284300297919],[-0.49186595289192,44.77283812281959],[-0.491718634992741,44.773228296032826],[-0.491783498388574,44.77324598768817],[-0.491796946560768,44.77321807745971],[-0.492171046746824,44.77331974538807],[-0.492139179146574,44.77336274548928],[-0.491898500612926,44.773691967435255],[-0.492025471939468,44.77373185323893],[-0.492004302242888,44.773757663792686],[-0.491886778883687,44.7739859452514],[-0.491830928206517,44.77405835910506],[-0.491409325736259,44.77394971574416],[-0.491010957445452,44.77385457750394],[-0.490916228588086,44.77403437635179],[-0.490257593079491,44.77387371901622],[-0.490072997555553,44.77382879755456],[-0.48994103032901,44.7740813231812],[-0.490115236625707,44.77412395873702],[-0.490081720549055,44.77418323156926],[-0.49000002492483,44.774151199506676],[-0.489422222943788,44.77391084878642],[-0.489265222897748,44.77384577131556],[-0.489408043783809,44.77362742032773],[-0.489497116682987,44.773484840015584],[-0.489502546683894,44.773474485523046],[-0.489597067824891,44.77329739814569]]],[[[-0.488800716757947,44.7661480233093],[-0.488850470406746,44.7659957776003],[-0.488962627451648,44.76569944895664],[-0.489063164128035,44.76544214718746],[-0.489088180715525,44.76537440091968],[-0.489121143632786,44.7653735428382],[-0.489811911904557,44.76539936438354],[-0.490184945452088,44.76541140233772],[-0.490398777869272,44.76542034509032],[-0.490603456211974,44.765446878729385],[-0.490625296614641,44.7654502458172],[-0.490597117634606,44.76558315797362],[-0.490534256551085,44.76597039709391],[-0.490885533269558,44.76602313121263],[-0.49097134172147,44.76603601746648],[-0.490976711383647,44.7660369296623],[-0.491012733715387,44.766042553288685],[-0.491020788210661,44.76604392157933],[-0.491184134001499,44.766070945814185],[-0.491334913831979,44.76609728445833],[-0.49132147830475,44.76612537444747],[-0.491298243998256,44.766179006582796],[-0.491281809510972,44.76622602594685],[-0.49127522857417,44.76624227453928],[-0.49126465657445,44.766273698785426],[-0.491256675525621,44.766310178146526],[-0.491254201657707,44.766337562155044],[-0.491261029725309,44.76645972845508],[-0.491261444620491,44.766570291313286],[-0.491260685404383,44.766655838116215],[-0.491258201221788,44.76671972062441],[-0.49125624467255,44.766743213216756],[-0.491255155010074,44.76678677501102],[-0.491248855233329,44.76685032718755],[-0.491246693072673,44.76687661994839],[-0.491261294786667,44.766922300630085],[-0.491285247100481,44.7669902163334],[-0.491313603763956,44.76708016247919],[-0.491326946390965,44.76712390022643],[-0.491334454371521,44.7671836828116],[-0.491336013966508,44.7672149049348],[-0.491338809331379,44.767241582160246],[-0.491339281815899,44.76726752152961],[-0.491325531939835,44.76731499700721],[-0.491301439958502,44.767403712460464],[-0.491226758612417,44.767582248845784],[-0.491214966233929,44.76761235977187],[-0.491206990782358,44.767618378751514],[-0.491196698019123,44.767623749814184],[-0.491182060030761,44.76762637401811],[-0.491141280225418,44.7676236039205],[-0.490920249689594,44.767590557055854],[-0.490620448955689,44.76754187809619],[-0.490340274123111,44.767503664567215],[-0.490286482247459,44.76749914130982],[-0.490257233204122,44.76749871113402],[-0.490197578393187,44.76750978290237],[-0.490122990540055,44.76752483978133],[-0.48998414202227,44.76755625015373],[-0.48967460905691,44.76764422517476],[-0.489572066194097,44.76767359006518],[-0.489369361825416,44.76771566266408],[-0.489112287912162,44.76776836921661],[-0.488893366584204,44.767799867111464],[-0.488842745084994,44.767803624345774],[-0.488777702324068,44.76780738516571],[-0.488720484587897,44.76780269868466],[-0.488667745145319,44.76779678970744],[-0.488652459684387,44.76757494792968],[-0.488649872142056,44.76750879207743],[-0.488641071953921,44.76747094896595],[-0.488625763286321,44.76745665161153],[-0.48861411552075,44.76745242238682],[-0.488601426336494,44.76744975797942],[-0.488564907360125,44.76744225669155],[-0.488522005123135,44.7674358576098],[-0.488578135385629,44.76717229468438],[-0.48865856127963,44.766774320353164],[-0.48870128759662,44.76658832124094],[-0.488709075777539,44.766554822108894],[-0.488757999856861,44.76631581815722],[-0.488800716757947,44.7661480233093]],[[-0.490858173749594,44.766951497330226],[-0.490902830079616,44.76695558724987],[-0.490972842445146,44.766964645655165],[-0.491032324620489,44.76673080488165],[-0.49103737630002,44.766696040001676],[-0.490459439952301,44.766660181595874],[-0.49034589809746,44.76665294510469],[-0.490254820623324,44.766646893159965],[-0.490239951614712,44.76673748056164],[-0.490230397205231,44.76679753043795],[-0.490211741422135,44.76689436524021],[-0.49049744842711,44.766923933483945],[-0.490451120807119,44.76712518694707],[-0.490668729161638,44.76715816228015],[-0.490718538606989,44.76716578476612],[-0.490796644952781,44.7671768411964],[-0.490858173749594,44.766951497330226]]],[[[-0.484253497621407,44.77048860685772],[-0.484176975389121,44.77036232417544],[-0.484206490703043,44.770311920679596],[-0.484306691179244,44.770189542022464],[-0.48433040833902,44.77015581258516],[-0.484374416424726,44.77008206303583],[-0.48471429738409,44.7701037244253],[-0.484810404477112,44.77011124500162],[-0.484860371871339,44.77012138854074],[-0.484914467311696,44.77013689943583],[-0.484983608779754,44.770156352780425],[-0.484999936128161,44.770162598030275],[-0.48531641654711,44.770265920412605],[-0.485198076893387,44.7704140138705],[-0.48515049420824,44.77058313176504],[-0.48495239171088,44.770852691079234],[-0.485182844201502,44.770945743205175],[-0.485273930211237,44.77098243964293],[-0.485251494225221,44.771012344002216],[-0.485213590225653,44.77106211053814],[-0.485062169132846,44.77127045264159],[-0.484994748894158,44.77135836672022],[-0.484912441696652,44.77132247529257],[-0.484630136226503,44.77120726230497],[-0.484547974448381,44.771173709135866],[-0.484371512682196,44.77110058598743],[-0.48411198202498,44.7714507494395],[-0.483841359207492,44.771340303801836],[-0.48379268843755,44.77132047629213],[-0.484079291523393,44.770935577556116],[-0.484105644561654,44.77091375105976],[-0.483800294853475,44.77060424401577],[-0.483727641478759,44.77052812559828],[-0.483936697362992,44.77044134533835],[-0.483943861223726,44.77044670739267],[-0.484117957334408,44.770610294586376],[-0.484141319796237,44.770607577184144],[-0.484180474142548,44.77059634252311],[-0.484253497621407,44.77048860685772]]],[[[-0.482995254884289,44.770223574134285],[-0.483161901219934,44.77025474229259],[-0.483270047685798,44.77030955841586],[-0.483513363837647,44.77042654139068],[-0.483346515066954,44.770679974841],[-0.483131322246625,44.77105974244028],[-0.483038299309875,44.77103464037011],[-0.482731868613849,44.77095875204196],[-0.48270727467446,44.77095384777208],[-0.482684780898919,44.77095221186063],[-0.482693737799804,44.77093138321795],[-0.482703591454406,44.77090665128007],[-0.48281642597068,44.77062058190253],[-0.48285071598971,44.770549211283694],[-0.482908567348376,44.77041708085518],[-0.482995254884289,44.770223574134285]]],[[[-0.481486957679355,44.76447474751391],[-0.481393211145281,44.764462283802],[-0.481530005511052,44.763827876563354],[-0.481545299978683,44.76375007427312],[-0.481614915226172,44.76334226336932],[-0.481690457928005,44.76334881052539],[-0.481852220626616,44.76336274058164],[-0.481923942521754,44.76336886697772],[-0.482012039617978,44.763382048491835],[-0.482120271464463,44.76339558825387],[-0.482005239492197,44.763933966986656],[-0.481869914726455,44.76452462137479],[-0.481678305230979,44.76450063496689],[-0.481636196945511,44.76449474907576],[-0.481589894552299,44.764488544406966],[-0.481486957679355,44.76447474751391]]],[[[-0.481634755590967,44.76970445297813],[-0.481951722786482,44.769785149614826],[-0.482096454821324,44.76949934016146],[-0.482282439141021,44.769548646343715],[-0.482462346382573,44.76959174485199],[-0.482560780993186,44.76961235148449],[-0.482649712457617,44.76962658802472],[-0.482756714386247,44.769644582056245],[-0.482802224571996,44.76965018046321],[-0.48339416786936,44.76982595391195],[-0.483654142033714,44.76991168221687],[-0.483384950306053,44.7701794187464],[-0.482650944339052,44.76990988218726],[-0.48261704263832,44.76990175591245],[-0.48259310192833,44.76994414336549],[-0.482546981243028,44.770057340380966],[-0.482485859844463,44.770204082486046],[-0.482342833323476,44.77053579940109],[-0.482282613230272,44.770678728070536],[-0.482272519838124,44.77069959240018],[-0.481788276538774,44.770608293321786],[-0.481262183877334,44.77050920536772],[-0.481217258057361,44.7705007942706],[-0.481093994823093,44.77047763224637],[-0.481099392660451,44.77046673851522],[-0.481158032898062,44.77048210840533],[-0.481418897532427,44.76993265838607],[-0.481551567315619,44.76968489836793],[-0.481625898660623,44.76970238826623],[-0.481634755590967,44.76970445297813]]],[[[-0.481614100066249,44.76823734172376],[-0.481665362634844,44.768158138479315],[-0.481695909388656,44.768081478821315],[-0.4817208859228,44.76801905272076],[-0.481731146276553,44.76801927093388],[-0.482033609504137,44.768025264029674],[-0.482235970302854,44.76803269092166],[-0.482282002672981,44.76803448810269],[-0.482533370403761,44.76804271691979],[-0.482586950433623,44.7680438260928],[-0.482638263387042,44.76804509663475],[-0.482714269166615,44.76804676234514],[-0.482786097279373,44.76804837911667],[-0.483034022732594,44.76805617431998],[-0.483370699104343,44.76807532673638],[-0.483435809642502,44.76807877646591],[-0.483448725211364,44.76802997662756],[-0.48349407699574,44.76785543262908],[-0.483513079775123,44.76778237969332],[-0.48352622349384,44.767731139470136],[-0.483881937884974,44.76776969789845],[-0.48394660633862,44.76777622525411],[-0.483928809564545,44.76785852256786],[-0.48376664514672,44.768671175651285],[-0.483753268866507,44.76875540665129],[-0.484427504409207,44.76888127396064],[-0.484609738894773,44.76891294080059],[-0.484811255404191,44.76798838235846],[-0.484815609250445,44.767954541011434],[-0.485579856406196,44.767983665621415],[-0.48559450734826,44.767926159474875],[-0.485611535940953,44.76785803462272],[-0.486400232159126,44.767975421524625],[-0.486333490210905,44.76823327910056],[-0.486758901797002,44.7683001851245],[-0.486735715368326,44.76838526612111],[-0.486970231892002,44.76841546363319],[-0.486827442426321,44.76897689242788],[-0.486778454678616,44.76918444596232],[-0.486716673588744,44.76917963168769],[-0.486657165200782,44.76917474584481],[-0.486645339280807,44.76917376628792],[-0.486545573470716,44.76916230715848],[-0.485924693699077,44.769107499262105],[-0.485830645270541,44.769402443559656],[-0.485678401916654,44.76984223743602],[-0.485533619074655,44.77026160975007],[-0.485528801680166,44.77027572973615],[-0.485447415479211,44.77024855129922],[-0.485092737784312,44.77013516616534],[-0.484955423953618,44.77009352552084],[-0.484865950295329,44.77007056632692],[-0.484694408277115,44.77005838953605],[-0.484511719787527,44.77004394965833],[-0.484206531675637,44.77001867315741],[-0.484144721714326,44.77000727966993],[-0.484085763689919,44.76999291265271],[-0.484005799264085,44.76997028453014],[-0.483719313992379,44.769867096671156],[-0.48358614061933,44.76982487358241],[-0.483462019536693,44.76978786291832],[-0.483289780963396,44.76973380072985],[-0.483231007163012,44.76971627333027],[-0.48301202178289,44.76964277311012],[-0.482906885507956,44.76961201393977],[-0.482816984825128,44.7696005116355],[-0.482677039628164,44.7695776055518],[-0.482683718170702,44.76956288648899],[-0.482860695488034,44.76917278623388],[-0.482990239681173,44.769187097342844],[-0.483002080669387,44.769133194584825],[-0.482872536597376,44.769118883489966],[-0.482606485692366,44.769088136670696],[-0.482244558273738,44.769035170000386],[-0.482023165351861,44.76900238711564],[-0.481643581117401,44.76894618855751],[-0.481161442738681,44.76887023140829],[-0.481135000503813,44.76886610585844],[-0.481243694152166,44.76877049880679],[-0.481301346826816,44.76870866803537],[-0.481351980815845,44.76864381354682],[-0.481382589534579,44.76859878363114],[-0.481434365219906,44.768515599163734],[-0.481614100066249,44.76823734172376]],[[-0.483046996641963,44.76902508188496],[-0.483065969162158,44.76902502604484],[-0.483052318125029,44.769086465567476],[-0.483041696955974,44.76913555369134],[-0.483073436838065,44.769139422102576],[-0.483102881737586,44.76914300219225],[-0.48318777955017,44.76915339989173],[-0.483256612474223,44.769161779362214],[-0.483437114483041,44.7691838599251],[-0.483536929862126,44.769196131342525],[-0.483546483036473,44.76919718270116],[-0.483606009838405,44.76920441271174],[-0.483655908989677,44.76911344579506],[-0.483684092679538,44.769059930179374],[-0.483701342327623,44.769019825620454],[-0.483712810154321,44.76898440882235],[-0.483727614430445,44.768900763745414],[-0.483667363816762,44.7688940972851],[-0.483325117141036,44.76885862906226],[-0.48334007736841,44.76881219813914],[-0.483251642632201,44.76879371099787],[-0.483268802922543,44.76873991129926],[-0.483217255045253,44.768728735369564],[-0.483289885523077,44.76854729573414],[-0.483096629199166,44.76850921446149],[-0.483069743362292,44.768571430602876],[-0.483092442398566,44.768576394338936],[-0.482983890731562,44.768839619419374],[-0.482974054280862,44.768864621194524],[-0.48304888061566,44.76887785897582],[-0.483047901951601,44.76893556565012],[-0.483019799705838,44.768935277721084],[-0.483020441843956,44.76898851762173],[-0.483047747542621,44.768988199766966],[-0.483046996641963,44.76902508188496]]],[[[-0.481597543165425,44.7720204085316],[-0.481625836413115,44.7720360110328],[-0.481738814568832,44.77209527294258],[-0.481785886549279,44.77211992789489],[-0.481800186250319,44.772105690306766],[-0.481898255666573,44.7719426473718],[-0.481982634016331,44.77196910357513],[-0.482057808439088,44.771883741426876],[-0.482095838440789,44.77184208277818],[-0.482198185398378,44.77172360394251],[-0.482326699710766,44.77177021086863],[-0.482442465397286,44.77164166727793],[-0.482606459223693,44.77145230931821],[-0.482630991392991,44.771425583911714],[-0.482577663953134,44.7714040999013],[-0.482193867173787,44.771267919623426],[-0.482262288579962,44.77116546681488],[-0.482285105012278,44.77113555115166],[-0.482305080502075,44.771108788821756],[-0.482329445606774,44.771085493244556],[-0.482363748528068,44.771063327159276],[-0.482410902603612,44.77104030648148],[-0.482459761277671,44.771020296229615],[-0.482510458292092,44.771005455044374],[-0.482553390174171,44.7710000500514],[-0.482592851727982,44.77099989090306],[-0.482629037866648,44.771001997560596],[-0.482673830555933,44.7710082494442],[-0.482727892663414,44.77101709368703],[-0.482836629784322,44.77103854780902],[-0.482946637126986,44.77106212473813],[-0.48306326818519,44.77109459528468],[-0.483153550681426,44.77112446967562],[-0.483208710747579,44.77114490447653],[-0.48331971077271,44.771190619030456],[-0.483476384618544,44.77125679609414],[-0.483640317537914,44.77132986405154],[-0.483762498503963,44.77137838073557],[-0.483495991115288,44.77165279195258],[-0.483697293358193,44.77174090614131],[-0.483776096427151,44.77177537665067],[-0.483824134737578,44.771717631850166],[-0.483896899444863,44.7716301812961],[-0.483986359315882,44.7716712556487],[-0.484318686038862,44.7718219358344],[-0.484120041781986,44.77211962760443],[-0.484112783809375,44.77213112071757],[-0.484075196407325,44.772198269789946],[-0.484068701596092,44.77220982901693],[-0.483911443899629,44.772489456658185],[-0.483814009292524,44.77266266501434],[-0.483792808883238,44.77270028040696],[-0.48376921322761,44.77274211658191],[-0.483737724426507,44.77279744842439],[-0.483277559586393,44.77270918292983],[-0.483262635441533,44.7727010909084],[-0.483233679554159,44.77271768201656],[-0.48328259142097,44.77275363348484],[-0.483523029399508,44.7729342410848],[-0.483474085374118,44.772940646531545],[-0.483335448088841,44.772969608249134],[-0.483257364056775,44.77298963659416],[-0.483221444552561,44.77300410356276],[-0.483199000500957,44.77301553338111],[-0.483180634353005,44.77303152115197],[-0.483175030645242,44.77304521515275],[-0.483169170744789,44.77306089982051],[-0.483171466282123,44.773073444267474],[-0.483173573099651,44.77310744290699],[-0.483176470980022,44.77314195738694],[-0.483175078557354,44.77315011185341],[-0.483172059424522,44.77315651509171],[-0.483167519479467,44.773162876028074],[-0.483159637130556,44.77317042347964],[-0.483154478709836,44.77317292875564],[-0.483146016900074,44.77317725015083],[-0.483074695722219,44.77320842068358],[-0.482993999136552,44.773247546024145],[-0.482909976409896,44.773275871508524],[-0.482817090484648,44.77330204236667],[-0.482762631239815,44.77331745251181],[-0.482634432180121,44.77334338159782],[-0.482471616314149,44.77336805563967],[-0.482107400949238,44.77340726080369],[-0.48163528864919,44.773021972352865],[-0.481487642082497,44.77290549301608],[-0.481457354287709,44.77301089236335],[-0.481266022275331,44.773071516948285],[-0.481244068033853,44.77307860527115],[-0.48116440657012,44.77310381844632],[-0.481327991383973,44.772674849961085],[-0.481466739914975,44.77233515823566],[-0.481519465811129,44.772205983364444],[-0.481597543165425,44.7720204085316]]],[[[-0.4812519051391,44.77104185875079],[-0.481316528763208,44.771055778889064],[-0.481669622424341,44.771131376058676],[-0.482134646207672,44.77123094002688],[-0.48206222494147,44.77134235010068],[-0.481997239929767,44.77143901728771],[-0.481930076496927,44.771525028787536],[-0.481894252468157,44.7715594085519],[-0.481857871261509,44.77158479395409],[-0.481760057883477,44.771641669068],[-0.481690849155682,44.77167628696308],[-0.481585297822322,44.771712407474524],[-0.481453809668693,44.77174645920466],[-0.481355750509998,44.771768736124265],[-0.481262426301092,44.771781672061266],[-0.481121891215874,44.7717983444446],[-0.481001103863718,44.771809079122846],[-0.480954199398959,44.771811634407],[-0.480894861391585,44.77180953371657],[-0.48085026877295,44.77180651908081],[-0.48079721450205,44.77179556951084],[-0.480742193843737,44.77178351015966],[-0.480692482062442,44.77176524603276],[-0.48064211304235,44.771742496606656],[-0.480580597518226,44.77170522781007],[-0.480534869059303,44.77167160842813],[-0.48045402426234,44.77160412632148],[-0.480936892582437,44.77097443601293],[-0.481003059081889,44.770988758440225],[-0.481073431354453,44.77100357949724],[-0.4812519051391,44.77104185875079]]],[[[-0.480369381134619,44.7637578313576],[-0.480102744081439,44.763735568962545],[-0.480099680003941,44.763765764741],[-0.479909404628374,44.76375714369498],[-0.479899130696225,44.76387930638768],[-0.479884902374476,44.76399276172661],[-0.479882896631043,44.76401553454864],[-0.479872640610705,44.76408894269064],[-0.479872766216044,44.764088943427865],[-0.47986954315054,44.76411247075754],[-0.479860463144267,44.76415583256325],[-0.479858530093098,44.764167518552455],[-0.479855867046546,44.76419193415435],[-0.479848953569863,44.76423964369071],[-0.479820151859698,44.76424027818283],[-0.479502987860401,44.76424168061147],[-0.47950301630829,44.764223746181656],[-0.479501603188673,44.764341935629304],[-0.479460620159507,44.764341961380794],[-0.479231069738163,44.76433646533383],[-0.479227138440922,44.764309733577626],[-0.47916322468009,44.764301017075496],[-0.479041546284742,44.76428483271537],[-0.479011881174823,44.764418688890345],[-0.479010025346926,44.76444389017258],[-0.479011948631008,44.7645362910945],[-0.478878053989654,44.76454347039016],[-0.478784240564713,44.76454218124915],[-0.478673862514271,44.76453690634301],[-0.478325473828794,44.76450594223767],[-0.477908492825601,44.76447037192874],[-0.477634791022856,44.76444436014056],[-0.477603399532829,44.764439938626],[-0.477404591163779,44.764403824724056],[-0.477252674565969,44.76438345097866],[-0.477166587600233,44.76437209504163],[-0.476877080167084,44.764335943641306],[-0.476910009155929,44.76412592603681],[-0.476845171091514,44.76412066171942],[-0.476850036613411,44.76408274949477],[-0.476855972118767,44.76403759423322],[-0.476723371906424,44.7640288695315],[-0.476724430788306,44.764021446608545],[-0.476226418753806,44.76398868388497],[-0.47622845322314,44.76397248889545],[-0.476202163813901,44.76397079065189],[-0.476193134358557,44.764039563784465],[-0.476162987153209,44.76413504379532],[-0.47615560566325,44.764150685645845],[-0.476065002658253,44.76413379316],[-0.476056550466293,44.76416280608252],[-0.475853504922571,44.76413177893085],[-0.475892396299475,44.763932208589765],[-0.475895539303962,44.763915528232324],[-0.475916040783951,44.76381133919945],[-0.475946528413158,44.76365384735494],[-0.475778702049208,44.76362775280118],[-0.475782117551362,44.763615479683445],[-0.475820245882286,44.763471085598916],[-0.475876577045865,44.76325898232325],[-0.475752935838982,44.76324168451981],[-0.475630442061716,44.76322453081187],[-0.475521348971303,44.76320929955399],[-0.475495388862978,44.76331113645016],[-0.47545523700171,44.76330617817179],[-0.475347542016759,44.76328901039135],[-0.475014198000732,44.76323728758922],[-0.474992801364248,44.76331473942144],[-0.474914005743351,44.76331694110769],[-0.474890971842616,44.76329423305248],[-0.474840054826888,44.76323175651955],[-0.474813191220901,44.763190063578946],[-0.474802261974684,44.76315444936356],[-0.474787950595483,44.76308253357862],[-0.474774271036835,44.76299014118873],[-0.474770014681513,44.76295197456874],[-0.474765729095086,44.762925614323315],[-0.474747634958994,44.76276793476963],[-0.474731587617149,44.7625881121092],[-0.474939678459486,44.76262105553265],[-0.474954187336228,44.76262249282155],[-0.475109212347145,44.76263799575029],[-0.475160251977631,44.76264720855133],[-0.475491847131358,44.762719802937085],[-0.475640065718781,44.76274182697081],[-0.47575375843368,44.76275781492454],[-0.475900317077855,44.76278367566436],[-0.475999066649545,44.762797338651666],[-0.47633103970095,44.762839188471276],[-0.476718837936956,44.76288784624791],[-0.47793416407734,44.763020555695576],[-0.477988680709335,44.76301848339157],[-0.479018118569043,44.76298029613325],[-0.479334935692346,44.762979536593555],[-0.479464999543888,44.76299023026226],[-0.479586229716749,44.763005346728065],[-0.479661091996655,44.76301930631609],[-0.479831602775323,44.76305197939935],[-0.479974565932259,44.76308101181761],[-0.480165957760422,44.76312609549857],[-0.48021719910545,44.76313854393231],[-0.480468961583577,44.763196419493205],[-0.480474988554236,44.7631650491815],[-0.480746886469043,44.76318651444436],[-0.48073760632409,44.76326953467672],[-0.480734998755714,44.763350002147995],[-0.48109584671549,44.763386154246795],[-0.481031648201777,44.763611845563524],[-0.481023956063643,44.76365309114874],[-0.481165968987412,44.76366674173127],[-0.481118346299992,44.76387208612657],[-0.481208605126785,44.76387114189893],[-0.481170986108905,44.764005158665945],[-0.48090249816956,44.76400818945078],[-0.480845646937059,44.76400934522678],[-0.480851813009205,44.76398022346875],[-0.480621467616911,44.763961868406994],[-0.48058187178092,44.76395977826975],[-0.480335457554666,44.76394544216839],[-0.480369381134619,44.7637578313576]],[[-0.480486655763299,44.76395420899442],[-0.48050431433817,44.76381036600149],[-0.480361794286318,44.76380078582244],[-0.480335457554666,44.76394544216839],[-0.480486655763299,44.76395420899442]]],[[[-0.479872766860399,44.764088938724264],[-0.479945148708407,44.7640893682388],[-0.479872766216044,44.764088943427865],[-0.479872766860399,44.764088938724264]]],[[[-0.477830665930614,44.76498513756703],[-0.477844202728956,44.76486656756516],[-0.477880259519922,44.76455380669024],[-0.477882940133919,44.764529660963206],[-0.477972692593181,44.76453891866172],[-0.478282298602327,44.76456254051451],[-0.478656197620503,44.76459486644018],[-0.478770797720449,44.764600909949785],[-0.478762654255098,44.76472688066471],[-0.478749724081578,44.764898150961706],[-0.478710962120223,44.76550442233909],[-0.47852055894932,44.765487692095434],[-0.47852281048575,44.765462748748206],[-0.477975179892123,44.76540721971525],[-0.477916158094916,44.76544692258055],[-0.477764592140864,44.765297308897814],[-0.477669703319756,44.76519890510654],[-0.477642669351043,44.76516064256846],[-0.47762747145794,44.76512354043017],[-0.47761631152378,44.765090366834734],[-0.477611584892208,44.76505690114171],[-0.477612824183982,44.76501558809641],[-0.477615382939076,44.764983335564054],[-0.47761783474732,44.76496775825665],[-0.477699834702345,44.76497437581283],[-0.477732641366664,44.76497713075053],[-0.477830665930614,44.76498513756703]]],[[[-0.477835293477732,44.76836019164304],[-0.477815496845391,44.76835919104871],[-0.477817242434708,44.76832606282225],[-0.47781986799787,44.76829488957133],[-0.477838923745747,44.76829618378003],[-0.477835293477732,44.76836019164304]]],[[[-0.477323110117865,44.7764428607779],[-0.477370138963263,44.776393171249005],[-0.477435323843668,44.77634246122333],[-0.477466110690145,44.776324732827824],[-0.477488005885976,44.776310527787984],[-0.477530357987032,44.7762956806235],[-0.477583634969419,44.776279499212166],[-0.47772305653782,44.776269174926426],[-0.477760154598118,44.77626143172887],[-0.477835175907886,44.77623474468955],[-0.477894514803473,44.77620611670507],[-0.477919860076991,44.77625380484396],[-0.478001180081319,44.77626143537048],[-0.478129796258087,44.7763034482062],[-0.478239371182628,44.77633830850997],[-0.478268763543447,44.776347118528975],[-0.478329459151598,44.776364948905815],[-0.478412093990245,44.77637542165231],[-0.478466400258948,44.77638200749993],[-0.478510740320229,44.77638088568337],[-0.478581470597107,44.77637686251211],[-0.478607899778071,44.776374590775596],[-0.478634117423869,44.776368901167615],[-0.479063844183257,44.77627781522739],[-0.478899498504975,44.77589771896301],[-0.478891755731634,44.77587687434441],[-0.478734666328555,44.775485195159874],[-0.479046905793006,44.77526216969303],[-0.479405644209072,44.775011638643136],[-0.479767510226617,44.77476263025063],[-0.480016251222575,44.77519387498487],[-0.480317400121678,44.77573585096911],[-0.480431940075565,44.77570990326191],[-0.480869079454039,44.775616053899434],[-0.480855275111333,44.77555863142242],[-0.480797094456723,44.775311731833646],[-0.480923298944491,44.77527802736635],[-0.48094493653346,44.77527194038481],[-0.480397616746017,44.77478167790305],[-0.481151884207691,44.77431729911593],[-0.48135735939932,44.77420306037423],[-0.481571234666906,44.77412027902051],[-0.481697387634748,44.77439829577547],[-0.481827026363017,44.77431590829595],[-0.482171800488859,44.77431201101954],[-0.482360825010602,44.77431823545976],[-0.482779980910582,44.77430803294247],[-0.482931683618712,44.77401208997935],[-0.483144646188629,44.77370025231786],[-0.483433794897915,44.77346640457137],[-0.483519468068894,44.773476958096744],[-0.484086993277262,44.77343568010371],[-0.484299639469209,44.77341889890604],[-0.484613172579348,44.773413182757146],[-0.48515521049205,44.773377116764635],[-0.485174522597558,44.77335190676905],[-0.485189250755829,44.773338466310996],[-0.485202396744147,44.77332399419974],[-0.48524886601182,44.77329603732729],[-0.4852878821579,44.773276425611634],[-0.485349348434088,44.773257729711894],[-0.485406386953061,44.77325332174221],[-0.48545401701717,44.77325632914433],[-0.485549417050083,44.773270720539784],[-0.485668149033762,44.7733063667393],[-0.485856217501843,44.773376779845265],[-0.485910389355267,44.77339958760399],[-0.48609597462462,44.77347891011344],[-0.486127940819215,44.77349250345873],[-0.486139581477875,44.77346600266715],[-0.4861931273178,44.773331842876686],[-0.486201973830392,44.77333372733953],[-0.486235822332484,44.773340953094156],[-0.486241169242044,44.773329249611734],[-0.486543628076253,44.773395881492185],[-0.48655430447475,44.773366076598634],[-0.486623362355666,44.77339634598576],[-0.486650918528883,44.77343062509163],[-0.486916027362994,44.77350699279913],[-0.486804612682778,44.773687222788496],[-0.48646828624387,44.77410262211532],[-0.486879632779371,44.77429694946416],[-0.486413527942582,44.774633343562726],[-0.486729326273347,44.77482923658834],[-0.48685124713292,44.774732666889285],[-0.487226065423089,44.77492543929597],[-0.48774731927769,44.7752270604008],[-0.487864562335746,44.77520192096965],[-0.487888789504616,44.775194759771196],[-0.487927709736803,44.775161361932796],[-0.488035010788175,44.77506164640104],[-0.488155968191702,44.77512083125082],[-0.488210997425909,44.77507178610231],[-0.488388171017389,44.774905344919894],[-0.488493558370123,44.77479316262173],[-0.488900860936735,44.77435957042008],[-0.489061463408571,44.774403176774605],[-0.489169067949769,44.77438789207825],[-0.489307755175513,44.77443308949975],[-0.489562883407696,44.77408566506205],[-0.489897950615185,44.774224978356],[-0.490016499372695,44.77426981798193],[-0.490147115530122,44.774319504224735],[-0.490168748082033,44.77432558164248],[-0.490170296854787,44.774326073564204],[-0.490192129509528,44.774329260861386],[-0.490199767261011,44.77433001154782],[-0.490306723728791,44.77434097081829],[-0.49032089071619,44.77434295769524],[-0.490647043490705,44.77438756411171],[-0.490742592002412,44.77440428956559],[-0.491114907048722,44.77448934548902],[-0.491293170751426,44.77453004902374],[-0.491669711449246,44.77462199926981],[-0.49177023338802,44.7746576723842],[-0.491484800512582,44.775012005266895],[-0.49161263385248,44.77505961473228],[-0.491766381408161,44.77509667441135],[-0.491799033760373,44.775102944916696],[-0.491901369221695,44.775149465215954],[-0.491850212992721,44.775218036217225],[-0.492005261968303,44.77526992424197],[-0.49242535383243,44.775402945558454],[-0.492656275849788,44.775460281231915],[-0.492681035746259,44.77558386526415],[-0.492862368099275,44.7755700376348],[-0.492972867216325,44.775564661260624],[-0.493017072193241,44.7755613750086],[-0.493090675262886,44.77614717301208],[-0.493102636749978,44.776229705654295],[-0.493109489515129,44.776285003097776],[-0.493133215490674,44.77630642437639],[-0.493121684218894,44.7763102124918],[-0.493112386788516,44.776313299337986],[-0.492830594859972,44.776408608260404],[-0.492636211782348,44.77647511639069],[-0.492328442193658,44.77657998451606],[-0.492324537720443,44.776584343202444],[-0.49232960059917,44.776635281253846],[-0.492178239099813,44.77663058992793],[-0.491624581442124,44.776608388019895],[-0.49068613862723,44.776569469591365],[-0.490322457053325,44.776556415360076],[-0.490303300885609,44.776889738975875],[-0.490304020426416,44.77689521357933],[-0.490354953447668,44.77701247621428],[-0.490355766970125,44.77701335177682],[-0.490517257098655,44.77708333330533],[-0.49040956388559,44.777408992591575],[-0.490376431859598,44.777511150184516],[-0.490344201635692,44.77760949434897],[-0.490343232687155,44.777612228451915],[-0.490333690102902,44.77761748563989],[-0.489450403833135,44.777586821799474],[-0.489432899110534,44.77758611145871],[-0.488953581100267,44.777569214653575],[-0.48815276093767,44.7775400889857],[-0.488156173612423,44.777381011409354],[-0.488155309142874,44.77737319826335],[-0.488138604005967,44.77725692983941],[-0.488121346623013,44.7771806916919],[-0.488085952521519,44.77708132323743],[-0.488026180433187,44.77694388095386],[-0.487956574290544,44.77679476242023],[-0.487955320577995,44.776792909389904],[-0.487952311525007,44.776787236501946],[-0.487931471433671,44.77675112401887],[-0.487905426050009,44.776698413259254],[-0.487795750959026,44.77672322427884],[-0.486790137852041,44.77691087400578],[-0.486411737789582,44.776978746409824],[-0.486323679540457,44.77702774852572],[-0.486293669508263,44.77704572537344],[-0.48627684562558,44.7770559876362],[-0.486269887653953,44.77706008170452],[-0.486241715974386,44.777077099498655],[-0.486233075818944,44.7770846710208],[-0.486142739303556,44.77720710155031],[-0.486135698658584,44.77722210261142],[-0.486052832541956,44.77761186135323],[-0.48604865466604,44.77761794066663],[-0.486031930982531,44.77762982187702],[-0.486023602609734,44.77763630214223],[-0.485597616125064,44.77796521162992],[-0.48557035765307,44.77798472383989],[-0.485403202063757,44.778104884279024],[-0.485312003182594,44.77805431271681],[-0.485052146586925,44.777909915640905],[-0.484664994170046,44.77784287870367],[-0.484393975432379,44.7778000348283],[-0.484344140698473,44.77779213964143],[-0.48431231778349,44.777787012372364],[-0.484287007646323,44.77778285181869],[-0.484099546774458,44.77775306006972],[-0.483707351299785,44.77841298750803],[-0.483701162065519,44.77842336555883],[-0.483699780485413,44.77842557185493],[-0.483377509957325,44.7783887527772],[-0.483264502556902,44.77838437528818],[-0.483137656484034,44.77838944464281],[-0.482760622781646,44.778418329855334],[-0.482693394588512,44.77842377755916],[-0.481929687456764,44.77846688686648],[-0.481112762398113,44.77852103536097],[-0.480901889978236,44.778530003894296],[-0.480839675657097,44.778530606760306],[-0.480799334145036,44.77852890027024],[-0.480603298173121,44.77852000918731],[-0.480466941411559,44.778524743421116],[-0.480399790844822,44.77853144894745],[-0.48024542169799,44.778557926649604],[-0.480110078415324,44.7785790302176],[-0.480040086025963,44.77860114497459],[-0.479982478428373,44.77862710626258],[-0.479911432601322,44.77866286195384],[-0.479841412017698,44.77869065494653],[-0.479761519051804,44.778718397488824],[-0.479664538687787,44.77875217387852],[-0.479612519011865,44.778770299373484],[-0.479263935419585,44.77889704915389],[-0.479010649114372,44.778987371374726],[-0.478703430481412,44.779101735815715],[-0.478626528206851,44.77912875277526],[-0.478578800730148,44.77908744490393],[-0.478575125027673,44.778948326937844],[-0.478571624113995,44.77887949606279],[-0.478489283329481,44.778603975056555],[-0.478425130593351,44.77838312574863],[-0.478387843573287,44.778252903403086],[-0.478365372883954,44.77818421752147],[-0.478284426196251,44.77802319351564],[-0.478229238149958,44.77791651340295],[-0.478167982227291,44.77782831784979],[-0.47810922111384,44.77776203289525],[-0.477918937458379,44.777576143862944],[-0.477778560074822,44.77741157809997],[-0.477580935901079,44.77714382097889],[-0.477205528384374,44.77657920575106],[-0.477241330203318,44.77655050579795],[-0.477275778470107,44.77651833369257],[-0.477298627993726,44.77648274064488],[-0.477323110117865,44.7764428607779]],[[-0.48169037951123,44.77541262193803],[-0.481847998637234,44.77542037505775],[-0.481934931610492,44.77523677453533],[-0.481965387374453,44.77518309786228],[-0.482017258311688,44.77518101696845],[-0.482134242272642,44.77517616853707],[-0.482132057996052,44.77514091064299],[-0.482449522781852,44.775131112115865],[-0.482733974145319,44.77512144932573],[-0.482733571261435,44.7750475645961],[-0.482728048931777,44.7749829428029],[-0.482726782819185,44.774919629110094],[-0.482726068734787,44.77487747597507],[-0.482795120067406,44.774877017461215],[-0.482783575177182,44.77457431099261],[-0.482290447337624,44.77459134458098],[-0.482303441455316,44.77476432459234],[-0.482309910682203,44.774850364883385],[-0.481719512391887,44.77487802328234],[-0.481733924740516,44.774945249492895],[-0.481701324303882,44.77503783466503],[-0.481420210247742,44.77516265176717],[-0.481426494266074,44.775172187113874],[-0.481470482454058,44.775238934531714],[-0.481581055045844,44.775406324811044],[-0.48169037951123,44.77541262193803]]],[[[-0.474949843248084,44.771049124366726],[-0.475101399323195,44.77090991372088],[-0.475406971709799,44.770628350551284],[-0.475459032924856,44.77058030631871],[-0.47545294847333,44.770911591742035],[-0.476688061859075,44.77082966872196],[-0.476681522603453,44.77126802933996],[-0.476743014834453,44.7712804282637],[-0.476711093827687,44.77190567998407],[-0.476732707309661,44.77191149018724],[-0.476730363177165,44.771965634780386],[-0.476728045842237,44.77203248522443],[-0.476698864826034,44.77205773300163],[-0.476653989447529,44.77210537207908],[-0.476644713544881,44.77211494538049],[-0.476610349499845,44.77216685059505],[-0.476542197126097,44.772310655480524],[-0.476495752932294,44.77239430095252],[-0.476463361024445,44.77244127783539],[-0.47643191688717,44.77247903289136],[-0.476405855503633,44.772499496530635],[-0.476383711197515,44.772509653866415],[-0.476356770885642,44.772515906371744],[-0.47632283404603,44.772519494634814],[-0.476249964114127,44.77251952832158],[-0.476202246168183,44.772515077864405],[-0.476146618360301,44.77250546848563],[-0.476127444417687,44.77250228516376],[-0.475962917985848,44.77246860660769],[-0.475864002475893,44.77244025892574],[-0.475844299596538,44.77243465895679],[-0.475625290413613,44.7723669123656],[-0.475621457864842,44.77236631166101],[-0.475312842099037,44.77232868159504],[-0.475242519065444,44.77232079443509],[-0.475183291949188,44.772320489564194],[-0.475139055114489,44.772323229038],[-0.475036792915001,44.77233896335535],[-0.474808870623883,44.772378735552145],[-0.474797149879167,44.77237946366404],[-0.474777775173012,44.772379170195094],[-0.474769274638869,44.77237673327614],[-0.474762556933784,44.772372438070335],[-0.474696081027265,44.772242589975825],[-0.474513355494486,44.77181007599683],[-0.474489214174123,44.77175108476313],[-0.474443253771041,44.77163996855972],[-0.474372012253828,44.771500537051125],[-0.474363157600965,44.77148008756454],[-0.474362027524941,44.771474085084996],[-0.474363571286072,44.771468359218844],[-0.474366535737547,44.77146105678541],[-0.474603259616973,44.771299710177274],[-0.474794601393491,44.77116556036447],[-0.474949843248084,44.771049124366726]]],[[[-0.474208738568829,44.76516828011528],[-0.474324032948555,44.76488466709938],[-0.474395199161708,44.76470985882497],[-0.474515712308912,44.76441247407591],[-0.474537874914225,44.76436581867744],[-0.474546447982969,44.76435716877644],[-0.474555204494338,44.76435148701528],[-0.474573714051522,44.76434396730582],[-0.474610721295487,44.764334876039506],[-0.474657419686276,44.764329085474905],[-0.474836492864056,44.76430995017268],[-0.475506981569711,44.76419843554929],[-0.47556780474149,44.76419400375745],[-0.475707290642306,44.76419133914001],[-0.475775760483665,44.76419396685181],[-0.475863278483517,44.76420392717308],[-0.475974517603441,44.76422314613166],[-0.47619089599338,44.76427340039187],[-0.476281420841716,44.76429516161482],[-0.476377810571732,44.764319712594045],[-0.476510927627776,44.764349058558686],[-0.476651052502195,44.76436899236029],[-0.476679023988044,44.76437334125119],[-0.476505193021391,44.76477180246584],[-0.476279822491879,44.765275787121425],[-0.476297484510409,44.765279107900135],[-0.476466161480421,44.76531887310825],[-0.476426480498819,44.765389058891024],[-0.476654279077586,44.76547662339152],[-0.476642563808764,44.76549582579514],[-0.476846040571149,44.765564417429786],[-0.476833551141793,44.765583373801],[-0.476786405979018,44.76566172441693],[-0.476940246025434,44.765700873239034],[-0.477285033320189,44.7657900812212],[-0.477653010966632,44.765775645072765],[-0.477754441279163,44.765507422823596],[-0.477842479539883,44.765519618282894],[-0.477865189161046,44.765506378816184],[-0.477889985038388,44.765532996216336],[-0.477922258140624,44.765612999188996],[-0.477938506923184,44.765685484774785],[-0.477955123006119,44.76576390663262],[-0.47796380591754,44.76586745021846],[-0.477968037569109,44.76598492166403],[-0.477971339581624,44.76609350059703],[-0.477972983728747,44.76616914830713],[-0.47769928516002,44.76613718849691],[-0.477644966615172,44.7661302425227],[-0.477533266076609,44.766115905962145],[-0.477407440084696,44.766100210374326],[-0.477268836808882,44.76608040984322],[-0.477155643666363,44.766066480237484],[-0.477117088192041,44.76606282415067],[-0.4768483754367,44.766657567995864],[-0.476526497038671,44.76658908761473],[-0.476668532365078,44.76627777724399],[-0.476670866652864,44.76627256724135],[-0.476752109308666,44.766095097854425],[-0.476453117367839,44.766010038226575],[-0.476177653515876,44.76593108843643],[-0.476126226987815,44.765915669983535],[-0.476128611365358,44.765911269485535],[-0.475891040106183,44.7658436562829],[-0.475788674567315,44.76601097358684],[-0.475786901877907,44.76602526787817],[-0.475615306881344,44.76634345225808],[-0.475467782670295,44.766302120798734],[-0.475347545098305,44.76627245946153],[-0.475128436140569,44.766221117432394],[-0.474966874696267,44.766192121306105],[-0.474816285743654,44.76616872853753],[-0.474695366918358,44.76615873362863],[-0.474409385570537,44.76614904974428],[-0.474218395505165,44.76614125217549],[-0.474118252492397,44.766135831862215],[-0.474059038250165,44.7661294882821],[-0.474006040679796,44.76611934497703],[-0.473940991001169,44.76609840498941],[-0.473901330471927,44.76607072092775],[-0.473885207266256,44.76605545592103],[-0.47388078601409,44.766045321121446],[-0.473885829924685,44.76602254330649],[-0.473928005615219,44.76590055253414],[-0.473953761678014,44.76581377215207],[-0.473980454657651,44.76571759010363],[-0.474081112294913,44.76548571357032],[-0.474208738568829,44.76516828011528]]],[[[-0.472020851191792,44.76448430696278],[-0.472108837623474,44.76428680414149],[-0.472267322626321,44.76428453960412],[-0.472740812238456,44.764381081403286],[-0.472760882523479,44.76433124775968],[-0.472989422075832,44.76438797587646],[-0.472970478035015,44.76443146599909],[-0.472986306949684,44.76443583606311],[-0.473150751642417,44.764474747555155],[-0.473226482923644,44.76449048661874],[-0.473238834404474,44.764469282068205],[-0.473293022110696,44.76448028954158],[-0.47337089740953,44.76430346929585],[-0.473461387872147,44.76432469315998],[-0.473509794170396,44.764334259697975],[-0.473406596450713,44.76460487587443],[-0.473302694916593,44.76488254322122],[-0.47314899977821,44.76529406497993],[-0.473322993862384,44.76533393853679],[-0.473499066240092,44.76537059252637],[-0.473621657673727,44.76539540569752],[-0.47367701597064,44.765406917015824],[-0.474004583008265,44.765469369237344],[-0.473923497705463,44.76566179098717],[-0.473850926389645,44.765869175611066],[-0.473829117507874,44.76592771534821],[-0.473551049160089,44.76586181783646],[-0.473510429270014,44.76580631726444],[-0.473527898067199,44.76575737609247],[-0.473442333867245,44.7657422158652],[-0.473347239547506,44.765726363111455],[-0.473331504131907,44.765766508449495],[-0.473192431185803,44.765812774117904],[-0.472960041539853,44.765761393760926],[-0.472939890331944,44.76579149415206],[-0.472922083910021,44.7658226925568],[-0.472844625660295,44.76579745486239],[-0.472598918801693,44.76570864173827],[-0.472550824528552,44.76569185554626],[-0.472706261803663,44.765179438113606],[-0.472449025552543,44.76510666675364],[-0.472402339356252,44.76510038017539],[-0.472247474720367,44.76560367722419],[-0.472141118141145,44.76558979861601],[-0.471969794571589,44.76556858402601],[-0.471641766327766,44.765541646756034],[-0.471718914506777,44.765291494620556],[-0.471775547609649,44.76510858257613],[-0.471810278768405,44.7649950268352],[-0.471830828837051,44.76494680046629],[-0.471937869218632,44.7646952606486],[-0.472020851191792,44.76448430696278]]],[[[-0.470994123181869,44.76885701534853],[-0.470600054263256,44.768873327589716],[-0.470504685356678,44.768871539244685],[-0.470467325823286,44.76886883462382],[-0.470444627783383,44.7688638683019],[-0.470427433806028,44.76885584576478],[-0.47041901292592,44.76884853967248],[-0.470412900452816,44.76882944592538],[-0.470413820664943,44.76879517227186],[-0.47047324148001,44.76846672320055],[-0.470658963759635,44.76847514309592],[-0.470669468169159,44.76839325722616],[-0.470684721583763,44.76826535252375],[-0.470688354158047,44.76823198518418],[-0.470703122034662,44.768108511476036],[-0.470714079604249,44.76801552690224],[-0.470734375425285,44.76779103801393],[-0.470753734224219,44.76748376011073],[-0.470687985385084,44.76747608743488],[-0.470740313833322,44.767346300169955],[-0.470753794405865,44.767312624272726],[-0.470764695516778,44.76731093094237],[-0.471002621505864,44.76726751874838],[-0.471256563283197,44.76721306034276],[-0.471515346357801,44.76715096982573],[-0.471796906157609,44.76708284785673],[-0.471858836761023,44.76707171476303],[-0.4720505988539,44.76704281426967],[-0.472283328070913,44.76701974858563],[-0.472497237913101,44.767017639039345],[-0.472671839919002,44.767011985139085],[-0.472767663239289,44.767008890902254],[-0.472862901260254,44.76700860859128],[-0.472891359035293,44.76700852744462],[-0.4729281664246,44.767008454863856],[-0.473396029127349,44.76700739303901],[-0.473605784372729,44.766999463832924],[-0.473763642522622,44.76699307161763],[-0.473781623391894,44.76698926348468],[-0.473807463939693,44.76698367685875],[-0.473840345482929,44.76697534610994],[-0.473833977006887,44.766988973422876],[-0.473829669941734,44.766999111601464],[-0.474333072112784,44.76706956646048],[-0.474932581110321,44.767153766166565],[-0.475061496231803,44.76680808410647],[-0.475462857438517,44.76673808666047],[-0.475676193931171,44.76672057872622],[-0.475683407200152,44.76672062274621],[-0.475686821670309,44.766720605726626],[-0.475688347863034,44.76672073807469],[-0.47569215222288,44.766720889057446],[-0.475698986724228,44.76672094496125],[-0.475702417877448,44.76672119777216],[-0.475705843469676,44.7667213606393],[-0.475709269061924,44.76672152350635],[-0.475719941289609,44.76672227005291],[-0.475721473043505,44.766722492344186],[-0.475722999236362,44.76672262469177],[-0.475726809157484,44.766722865617005],[-0.475730245872006,44.76672320837072],[-0.475731783187031,44.76672352060552],[-0.475738662177332,44.76672429605622],[-0.475744014974846,44.766724939159204],[-0.475745546728909,44.766725161450154],[-0.475755879117773,44.76672654948392],[-0.475757800761848,44.76672693977696],[-0.475759332516021,44.766727162067724],[-0.47576124859903,44.76672746241706],[-0.47576278035323,44.76672768470777],[-0.475766233751623,44.766728297291365],[-0.475769681588966,44.766728819931195],[-0.475773134987502,44.76672943251457],[-0.475776599508386,44.766730224985196],[-0.475779674139351,44.76673084945349],[-0.475783138660414,44.76673164192389],[-0.475788140497164,44.76673274662819],[-0.475789688935085,44.76673323874954],[-0.475791220689554,44.76673346103986],[-0.475801235486242,44.766735850334854],[-0.475803162692129,44.766736330570794],[-0.475807796884289,44.76673762704676],[-0.475811266967358,44.76673850945994],[-0.475812815405639,44.76673900158095],[-0.475814352721554,44.7667393138146],[-0.475817449598242,44.76674029805651],[-0.475819376804418,44.76674077829215],[-0.475822473681275,44.766741762533925],[-0.47582405548702,44.76674279431674],[-0.475828422136777,44.766745901550365],[-0.475830003942748,44.76674693333311],[-0.475833167554862,44.766748996898514],[-0.475834370593154,44.7667500405665],[-0.475835963521816,44.76675125223648],[-0.475845799760647,44.7667568913846],[-0.475850528496844,44.766759716901014],[-0.475853680987907,44.766761600578526],[-0.475855624878919,44.76676235064454],[-0.475862291946017,44.7667658362828],[-0.475863873753169,44.76676686806504],[-0.475869343343205,44.76676939997886],[-0.475877943181084,44.766773455794585],[-0.475885339980356,44.766776467942215],[-0.475888837873635,44.766777800071296],[-0.475896229112731,44.76678072227455],[-0.475902044105581,44.76678270263926],[-0.475905536438297,44.766783944824155],[-0.475911351431809,44.766785925188394],[-0.475919082511652,44.76678820589893],[-0.475926819153504,44.7667905765526],[-0.475928746362337,44.76679105678636],[-0.475932985109609,44.766792095311786],[-0.475936839527518,44.766793055779054],[-0.475938766736522,44.76679353601265],[-0.47594262115463,44.76679449647972],[-0.475948397220621,44.76679584723642],[-0.475950692075116,44.76679613569677],[-0.475952619284345,44.76679661593012],[-0.475954919700321,44.766796994334044],[-0.47596068464399,44.7667981652028],[-0.475964901146612,44.766798843952365],[-0.475966828356055,44.76679932418547],[-0.47596873888118,44.76679953458757],[-0.475971033735932,44.7667998230475],[-0.475975244677344,44.76680041185303],[-0.475977155202539,44.76680062225498],[-0.475983282230792,44.7668015114058],[-0.475985571524222,44.766801709921765],[-0.47599434992993,44.76680251587108],[-0.47599663922344,44.76680271438683],[-0.476000827919331,44.76680294341677],[-0.47600767355398,44.766803179188855],[-0.47601186224995,44.76680340821839],[-0.476016418591077,44.7668034454745],[-0.476023253102779,44.766803501358325],[-0.476025152505175,44.76680353187214],[-0.476031970332243,44.76680331792447],[-0.476038782597696,44.76680301403272],[-0.476042949047506,44.76680288328646],[-0.476045221656485,44.76680281197025],[-0.476049750189687,44.76680239950673],[-0.476052022798639,44.76680232819038],[-0.476053905516254,44.766802088872744],[-0.476062957020749,44.76680117400116],[-0.476067090100724,44.76680050359208],[-0.476069362709576,44.76680043227537],[-0.476078007637297,44.76679907957044],[-0.476080252437939,44.76679855853526],[-0.476082519485065,44.76679839727464],[-0.47609075783582,44.76679660673662],[-0.47609525299828,44.766795654609346],[-0.476099380515807,44.766794894255405],[-0.476103485786563,44.766793774126725],[-0.476109835857268,44.7667921329621],[-0.476112080657337,44.766791611926294],[-0.476120280074322,44.76678919178054],[-0.476122134982738,44.766788502743495],[-0.476126234690875,44.76678729267032],[-0.476136266767857,44.76678382371169],[-0.4761381216759,44.766783134674384],[-0.476140360913626,44.76678252369433],[-0.476146287720138,44.76678017486483],[-0.476153679542352,44.76677696899656],[-0.476155523326463,44.7667761000717],[-0.476157372672268,44.76677532109043],[-0.476162898462343,44.76677262437186],[-0.476166586029941,44.7667708865218],[-0.476168429813655,44.7667700175967],[-0.476172106257368,44.766768099859135],[-0.476173175819792,44.76676698487597],[-0.47617493061486,44.76676467685245],[-0.47617920886382,44.76676021691964],[-0.476180662755578,44.766759179993564],[-0.476182813003282,44.76675712991436],[-0.476186027250959,44.76675387490819],[-0.47619070095139,44.76674967291935],[-0.476198304680471,44.76674375685232],[-0.476203769285466,44.766740070751695],[-0.476205228738074,44.76673912376894],[-0.476207763313627,44.76673715174631],[-0.476215088384639,44.76673286655029],[-0.476219104659072,44.76673030731909],[-0.476223895153931,44.76672799414537],[-0.476230150662071,44.766724823931995],[-0.476231615675701,44.766723966892535],[-0.476234567950294,44.76672261258813],[-0.476236044087537,44.76672193543589],[-0.47623790455419,44.76672133634059],[-0.476244182308328,44.766718525901],[-0.476245658445349,44.76671784874863],[-0.476247518911763,44.76671724965316],[-0.476259405873022,44.76671309164431],[-0.476260887571625,44.76671250443538],[-0.476264608503738,44.76671130624389],[-0.476266106887988,44.766710988865825],[-0.476276545519872,44.76670795772597],[-0.476280299822983,44.76670729919578],[-0.476291150592599,44.76670479582954],[-0.476294910457291,44.7667042272425],[-0.47630016314379,44.766703251333176],[-0.476302051419006,44.76670310195496],[-0.476303928570262,44.766702772689456],[-0.476305805721495,44.76670244342392],[-0.476503894972877,44.766702264493624],[-0.476667799057479,44.766720010270674],[-0.47677469897702,44.766736481016935],[-0.476746028492251,44.767089022190355],[-0.477051078170196,44.7671430706655],[-0.47717471120304,44.76716622526866],[-0.477291041989672,44.76718789672156],[-0.477461140745839,44.767219865840566],[-0.477423525958515,44.767372535489464],[-0.477391207786989,44.7675310767772],[-0.477799603538088,44.76759314373975],[-0.477772010891572,44.767821919206376],[-0.477657638909658,44.76805891633598],[-0.477472390321276,44.76805202531888],[-0.477456051172463,44.76831550343177],[-0.477721283204223,44.768333130836744],[-0.47771360029175,44.768442054727025],[-0.477703417689355,44.768614860866464],[-0.47769999904543,44.76876204129415],[-0.477275097661444,44.76882593648019],[-0.476860272224138,44.76888708056159],[-0.47688000245568,44.76916312443877],[-0.476886166915887,44.76925665398295],[-0.476890790396784,44.7693252691279],[-0.476902106904831,44.769495958476],[-0.476910187624915,44.769589788359525],[-0.476912647548274,44.76961728735265],[-0.47693023787976,44.769840318781775],[-0.476610470516687,44.76988604174165],[-0.476237476909967,44.769936407961964],[-0.476154498679309,44.769950907467376],[-0.476120184011855,44.76996063561277],[-0.476088214374835,44.76997146169914],[-0.476054840225034,44.76999026225689],[-0.475970408734668,44.77005491298434],[-0.475923572244616,44.77005854546343],[-0.475898822371593,44.7700633773819],[-0.475817804556045,44.77007889653326],[-0.475514411267846,44.77013167242878],[-0.475412069094054,44.77015218598516],[-0.475334805561396,44.77016704628229],[-0.475220930692945,44.770203602041654],[-0.475140467175023,44.7702403712022],[-0.475072926954757,44.7702774558432],[-0.475016421643368,44.770265890906366],[-0.474682793416349,44.77019795333101],[-0.474630481384234,44.77029106415826],[-0.474556979064143,44.770293099258836],[-0.474440043521678,44.770298569292905],[-0.474355381462766,44.77062970550189],[-0.474447100466083,44.77062151186833],[-0.474454637711876,44.770663631031084],[-0.474675684686432,44.77067237840119],[-0.474791861593027,44.77077741689843],[-0.474808345817779,44.770767797889675],[-0.474963183946799,44.770908842355354],[-0.474815243141815,44.771045145734455],[-0.474554613280002,44.771243380060106],[-0.474393220333849,44.771358566496914],[-0.474298924970477,44.77142334498444],[-0.474161890899142,44.77149667318987],[-0.474060907670495,44.77153922176262],[-0.473904656654151,44.771596390290895],[-0.473643575712329,44.77167072393477],[-0.47347666657143,44.77173354301127],[-0.473110848224369,44.77122458011155],[-0.472929412080844,44.77128569098798],[-0.472963992152886,44.77133552365503],[-0.472981535518559,44.77136146840246],[-0.473009014782564,44.77140079961153],[-0.473008273854543,44.77140109319474],[-0.472958141717705,44.77141897625492],[-0.472818810919025,44.77145515594721],[-0.472883677442692,44.771546755198614],[-0.472828330834087,44.771566243557785],[-0.472798977916783,44.77157644591226],[-0.472773730675624,44.77158552825178],[-0.472723954874083,44.77160303955644],[-0.472585774626365,44.771651709295284],[-0.472538221509774,44.771668339775715],[-0.472134102220612,44.771811047199606],[-0.472417309618829,44.772242307449154],[-0.472206008994311,44.77234842091355],[-0.47214965627267,44.77238235934704],[-0.472138006712175,44.772390384516314],[-0.472117844095423,44.77237119046501],[-0.471826422367066,44.7719359513668],[-0.471699011441846,44.77174114376208],[-0.471585078430536,44.77156790250077],[-0.471407174069002,44.77129906791188],[-0.471334698661256,44.77118869140447],[-0.471150364931442,44.77090789204568],[-0.470718136326493,44.77094567652806],[-0.470338744443487,44.77097864997792],[-0.470361151874902,44.770935862903045],[-0.47061254458569,44.77046487065714],[-0.470714408378519,44.77027675706856],[-0.470789319242063,44.770131572970136],[-0.470822547788107,44.770067359134806],[-0.471331425366697,44.77005402734343],[-0.471632859670175,44.77004322929811],[-0.471411623470385,44.769484401375905],[-0.471487846411252,44.769495710659974],[-0.471679029423952,44.76922378084564],[-0.471443418903785,44.769138883769784],[-0.471507287520917,44.76904847646259],[-0.471472424708129,44.769006312357305],[-0.471425657491037,44.76896803590481],[-0.47135752185101,44.76893403378496],[-0.471246985884429,44.76889559274964],[-0.471133656390602,44.7688733702667],[-0.471108428993656,44.76887046593272],[-0.471071292584218,44.76892669169142],[-0.470966133006354,44.76891385566017],[-0.470994123181869,44.76885701534853]],[[-0.473374305209163,44.76830189937834],[-0.473359478801305,44.76793909826987],[-0.473363218295425,44.76792591389316],[-0.473368957259454,44.76791437906451],[-0.47338075663925,44.76790265420478],[-0.47339526215095,44.767897873699845],[-0.473408898090305,44.76789744612745],[-0.473455999705242,44.7678981320168],[-0.473488284655777,44.76781871692763],[-0.473147562633342,44.767844540294135],[-0.472735451654487,44.76787584493972],[-0.472641631860946,44.76788067865473],[-0.472588865296824,44.76788044036453],[-0.472589903339911,44.767903387923006],[-0.472509660253167,44.76789454855713],[-0.47250692716812,44.767917884687655],[-0.472470324012225,44.76827761180464],[-0.472455289393381,44.76842128068032],[-0.472450023140298,44.768471190927215],[-0.47244079654992,44.76855528994392],[-0.472458220463077,44.768554743751025],[-0.472419293807524,44.7688092858477],[-0.472689239617752,44.768823353070744],[-0.472752749127788,44.7684077201292],[-0.473376796146048,44.76837292444826],[-0.473377723044114,44.768357214836286],[-0.473374305209163,44.76830189937834]]],[[[-0.470857544400643,44.76909749406554],[-0.470459954048829,44.76976988487537],[-0.470382489277289,44.76989829666557],[-0.470370469895455,44.76991876951893],[-0.470127778674242,44.770333975879105],[-0.469913374618188,44.770703326735934],[-0.469474213559607,44.77057343375754],[-0.469129727455407,44.77117197162043],[-0.469054351545843,44.771303561221806],[-0.469003355644729,44.77139356387929],[-0.468785686676202,44.77134117238702],[-0.46848348059714,44.77125961573545],[-0.468181002034323,44.77117977906096],[-0.468022173220755,44.771139872727616],[-0.46804060291143,44.77110640273034],[-0.468092631051173,44.77101465600862],[-0.468176413272503,44.77086550131413],[-0.468336625171512,44.77058337278798],[-0.468758118616849,44.76982426941422],[-0.469174722914368,44.76913371688775],[-0.469401615872098,44.76875766822467],[-0.468912613910941,44.768717740253194],[-0.46791278288767,44.76863468616579],[-0.467910514275645,44.76864097531768],[-0.467232168321018,44.76858308627304],[-0.467601898632394,44.767956909642336],[-0.467520508332398,44.767972524519145],[-0.46754382961161,44.76793223277986],[-0.467592593550837,44.767922956166345],[-0.467625242039712,44.767916977662594],[-0.468110162416865,44.767823213889244],[-0.468099814338427,44.767864631594],[-0.468086338797721,44.767916871233126],[-0.46806522348503,44.76800521694757],[-0.468002346167923,44.76826555327262],[-0.468516778645487,44.768324064172624],[-0.468529061946772,44.76832016496242],[-0.468540147859604,44.768315311947205],[-0.468548639206547,44.76830531333713],[-0.46857374285204,44.76821395884554],[-0.468636918564096,44.76782934027002],[-0.468646073025261,44.767768584544065],[-0.4686466432705,44.767759374668344],[-0.46864908519487,44.767725143543245],[-0.468992931466764,44.767657691877275],[-0.4697561265829,44.76751636498618],[-0.46961103327199,44.76813542360386],[-0.469504726533654,44.7686573817971],[-0.469889214761291,44.768688775551055],[-0.470278276568288,44.76872047529569],[-0.470272386471513,44.76876031171597],[-0.470261761682492,44.76882796267302],[-0.470246893215212,44.76891908712256],[-0.470247159735712,44.76892340443501],[-0.470253386849974,44.76892591289538],[-0.470334540949276,44.76892490253509],[-0.470442348720217,44.7689253100355],[-0.470712235831484,44.76892613657198],[-0.470966133006354,44.76891385566017],[-0.470857544400643,44.76909749406554]]],[[[-0.471004966663352,44.77342728342221],[-0.471091877477107,44.77326739430645],[-0.47115057022966,44.77308694116359],[-0.471184012287252,44.77308147752679],[-0.47122977847756,44.77306661590492],[-0.471246162896906,44.773061506492354],[-0.471309829804364,44.773035359876054],[-0.471363765308088,44.773005282603705],[-0.47145181362681,44.77295602260739],[-0.471637221072838,44.77284234112055],[-0.47178235526509,44.77274028502291],[-0.472009705078718,44.77258058982966],[-0.472146062226832,44.77249007307557],[-0.472231204408768,44.772694856504046],[-0.472642271555853,44.772762807647524],[-0.472799981203305,44.77270460399165],[-0.472742570032867,44.77266612088044],[-0.472707307628303,44.77262982722019],[-0.472629882185257,44.772513118036585],[-0.472497807715291,44.772298180781455],[-0.473188194750381,44.771954275264825],[-0.473427680794151,44.771837543339934],[-0.473687524134528,44.77173702464002],[-0.473975875076258,44.771649489533836],[-0.474136387479615,44.77159371927556],[-0.47422359973133,44.77155556771921],[-0.474250350808525,44.7715462576421],[-0.474266076975239,44.771542790535726],[-0.474272834232173,44.77154158731312],[-0.474282415427759,44.77154308919046],[-0.474289846124221,44.771546641112884],[-0.474299370957119,44.77155337161436],[-0.474321728229915,44.77157736283255],[-0.474366669238336,44.771641289084734],[-0.474398195871002,44.77170924077197],[-0.474566412200455,44.772158791724365],[-0.474658442058844,44.77241346326368],[-0.474668679484508,44.77242557848797],[-0.474671007921718,44.77242640663876],[-0.474678800885928,44.772429676823165],[-0.474691412694437,44.772431083614414],[-0.474828814459266,44.77241893356768],[-0.474945694610257,44.772400217604115],[-0.475028637842387,44.772385089384144],[-0.475198360256281,44.77237390762014],[-0.475285797010205,44.772376211313684],[-0.475334305743493,44.77238117806106],[-0.475469336008204,44.7724043378744],[-0.475692012718032,44.77245160296213],[-0.475963521293009,44.77250905081812],[-0.476062643933103,44.77252847020048],[-0.476177966337366,44.772545939274124],[-0.476306765100226,44.77255424386087],[-0.476346639944552,44.77255461471202],[-0.476360689173103,44.7725547145516],[-0.476398698340324,44.77254946647215],[-0.476431332429427,44.772537087467],[-0.476455103756763,44.77252255338139],[-0.476484652804277,44.77249711388914],[-0.476529049700388,44.772447867772996],[-0.476691709966297,44.7721506893584],[-0.476727639209791,44.7720995460594],[-0.476754330447834,44.77207086179773],[-0.476775811984576,44.77205612914525],[-0.476802501681058,44.77204582906905],[-0.476830494677829,44.772038191633534],[-0.476869689932466,44.772033717221284],[-0.476951873535408,44.77203086747299],[-0.477185638662283,44.77203650729685],[-0.477297011905189,44.772039229602704],[-0.477327795115183,44.77203988546859],[-0.477688738000565,44.77203990998207],[-0.477955637936411,44.772035135669675],[-0.477994833099411,44.7720306608596],[-0.478032674802016,44.772022713909315],[-0.478065152397003,44.77200781600139],[-0.478079447086327,44.77199961701557],[-0.478085207401153,44.771994569766754],[-0.478087160656469,44.77193412908471],[-0.478103837449434,44.77186628701562],[-0.478117638199842,44.77182557077484],[-0.478119889102849,44.771819011576035],[-0.478738657546486,44.7718761832041],[-0.478822260843185,44.77188401157618],[-0.479155888823568,44.77191489850929],[-0.479209355328892,44.771920248564996],[-0.479231784041053,44.77173687396134],[-0.479354241560146,44.771759252368426],[-0.479344499426219,44.771890049939614],[-0.479344800063204,44.77189490689648],[-0.479374959232182,44.77189774463603],[-0.480063539608962,44.7720035431159],[-0.480080401810408,44.77200616755024],[-0.480057349542556,44.77205068933356],[-0.480025550916415,44.77211332934075],[-0.480302905716306,44.7721793244973],[-0.480297619056441,44.772185889002415],[-0.480350439476162,44.77220531731337],[-0.480354929318002,44.77221040313388],[-0.480353430698398,44.77221684863378],[-0.480348088238504,44.77222864177128],[-0.480278613540298,44.77239384889792],[-0.480192988605004,44.77258020049249],[-0.480133563567395,44.772699311576275],[-0.48002051165768,44.77294537205244],[-0.479921464877462,44.77314178772969],[-0.479827159385425,44.773292184026225],[-0.479773633208953,44.773377855853845],[-0.479701539867287,44.77345176460839],[-0.479613518922076,44.77354428742117],[-0.47953562603249,44.773616485728404],[-0.479469371217186,44.77366209394618],[-0.479411177601684,44.77369690506851],[-0.479340193314258,44.77373355976982],[-0.479241661262684,44.773772791840344],[-0.478752548596283,44.77394658014447],[-0.478596763842416,44.773999054468945],[-0.478573137474902,44.77400979948899],[-0.478559432682516,44.774021404512105],[-0.478531093204274,44.774035722016336],[-0.478505761665048,44.77405571265243],[-0.478476190131678,44.774086920992026],[-0.478416394119003,44.774169454578555],[-0.478359986014714,44.774233137103685],[-0.478221296721071,44.77439015231042],[-0.478027044480925,44.774612265030825],[-0.477829910392515,44.77483690104827],[-0.477788800107524,44.774877933862335],[-0.477734825699565,44.774931896960055],[-0.477567197239822,44.77509360469553],[-0.477357923156617,44.775281582164816],[-0.477284081650702,44.7753395931149],[-0.477230007062259,44.77537968084071],[-0.477110241085177,44.77547454965123],[-0.476931937215905,44.77561099774883],[-0.476904815486533,44.775638884482454],[-0.476890318425769,44.77565610149367],[-0.476880200375277,44.77567047751942],[-0.475816154938537,44.775717473718956],[-0.475733876899838,44.77571888352572],[-0.47573578093501,44.775731260135274],[-0.475221145774618,44.77597152914593],[-0.474790480621737,44.77595538859116],[-0.474198213285362,44.77592845335226],[-0.473529311272082,44.77578541211487],[-0.473217377178953,44.77561450456112],[-0.472239455412996,44.77532911373349],[-0.472206221702216,44.77531339333508],[-0.471791213521158,44.77512047935084],[-0.470532130584836,44.774559652012904],[-0.469826528412362,44.774239755743686],[-0.469999184028587,44.77394398742005],[-0.470295000685172,44.77342996988086],[-0.470711048923206,44.77348019923107],[-0.470964568789375,44.77351064676314],[-0.471004966663352,44.77342728342221]],[[-0.477064569806848,44.77352140355281],[-0.477085817767439,44.773361767729455],[-0.477005371932311,44.77334365549996],[-0.477232459843939,44.77339465430959],[-0.477260116556454,44.77327113501738],[-0.477025704213875,44.773212165390206],[-0.477175169505083,44.773180258384066],[-0.477358505886709,44.773131427145046],[-0.477409787873793,44.77308304596059],[-0.477455182596186,44.773019259061606],[-0.477467047241756,44.772953370519645],[-0.477480210505557,44.77287779853969],[-0.47748458154352,44.77282575310914],[-0.477342171824126,44.772830583802104],[-0.477339848295691,44.77291572853738],[-0.477124724601775,44.77291085559752],[-0.477123430066162,44.77293901317783],[-0.477047345040129,44.772942302429115],[-0.477046562805342,44.77297260677043],[-0.477007785142539,44.77297157089635],[-0.47700624526662,44.773001899016386],[-0.476908178543446,44.77299956979705],[-0.4769107961365,44.77293757629208],[-0.476843513224159,44.772935902988934],[-0.476840895557024,44.77299789649229],[-0.476759167735342,44.77299586541649],[-0.476580571369671,44.77298633042102],[-0.47658014910173,44.772973366623255],[-0.476511796482734,44.77297280810826],[-0.476511015550671,44.772984728243365],[-0.476501350568193,44.773110746709705],[-0.476328552854818,44.77310292181365],[-0.476307618148429,44.773101956609466],[-0.476296799544573,44.77316637026851],[-0.476292606493056,44.77320903772516],[-0.476249613846969,44.773366922451864],[-0.476108151775795,44.773884225093134],[-0.475845679269944,44.77386866924976],[-0.475836028851517,44.77405632816979],[-0.476275741334925,44.7740962419283],[-0.47632726548886,44.7741008433176],[-0.476851676013967,44.77416008591632],[-0.476923736199928,44.77350879132702],[-0.477064569806848,44.77352140355281]],[[-0.474031869031467,44.77345208133381],[-0.474608553327566,44.77355277155923],[-0.474676570794368,44.77333300249435],[-0.47469718744426,44.77329198284962],[-0.474706431239242,44.77327574197557],[-0.474775985797762,44.77314838602524],[-0.474316771524226,44.773032297426425],[-0.474434586581285,44.77280763243242],[-0.474067140296709,44.77270245286032],[-0.473509292373458,44.7725379065461],[-0.473330405811948,44.7728184660476],[-0.473308608327375,44.77285267344248],[-0.473490346611362,44.772894647850315],[-0.473555441283152,44.77316800819755],[-0.474112929463955,44.773277503524824],[-0.474035881126253,44.77344330416325],[-0.474031869031467,44.77345208133381]]],[[[-0.470375313418997,44.764181712154134],[-0.470129503668006,44.76414228172587],[-0.470129613262952,44.76414200793901],[-0.469998932291815,44.76412131954124],[-0.469940461482743,44.76411468020296],[-0.469941118490713,44.76408843534468],[-0.469939882989372,44.764056121763986],[-0.469932759574842,44.76402678628605],[-0.469916457330181,44.76399629646841],[-0.469889588953245,44.76396676847609],[-0.469803477864254,44.763893496732656],[-0.469720082318996,44.76383347729588],[-0.469715897681868,44.76381486388486],[-0.469734740303894,44.763788139481846],[-0.469801286105747,44.763771906399384],[-0.469947762733485,44.76373496549507],[-0.470013188819823,44.76371903771283],[-0.470113752752318,44.763712913319935],[-0.470225746957976,44.76370138413063],[-0.47035878326249,44.763692620033446],[-0.470466704346944,44.763688878226176],[-0.470523833090154,44.76369222496557],[-0.470553346521793,44.76369697765187],[-0.470597062437315,44.763704349327256],[-0.470666464295052,44.76372209075813],[-0.470969635900588,44.763832177170706],[-0.471071195037524,44.76386675398763],[-0.471139355481139,44.76388282179808],[-0.47120957742644,44.76389540048515],[-0.471607143991702,44.76396702053739],[-0.471660478971893,44.76397652350432],[-0.471802905984066,44.76400305991734],[-0.471655373154418,44.76438545821975],[-0.471455183107695,44.76491072135285],[-0.471425223558737,44.76490490144904],[-0.471345064872824,44.76488506436228],[-0.471303064001147,44.7648747554272],[-0.470878738741651,44.764775495321494],[-0.470852995613241,44.764770354205695],[-0.470787581808521,44.7649524593967],[-0.470748075850387,44.76506246953234],[-0.470776772131522,44.76512158885892],[-0.470686349895884,44.765267439161235],[-0.47055653182484,44.76520545031005],[-0.470369838481607,44.76511964978869],[-0.470225300736478,44.76505280479495],[-0.470052148044629,44.764971175565414],[-0.469986440513063,44.764939529941884],[-0.469926575402313,44.76491031467618],[-0.469879325901072,44.764882596657365],[-0.469828308054058,44.76484301099794],[-0.469795488483988,44.764796997594374],[-0.469770668512163,44.764745326527],[-0.469765398261145,44.76469682800747],[-0.469760991004101,44.764650014693494],[-0.469761993549006,44.764623218303434],[-0.469790714582422,44.76452904669084],[-0.469864179307973,44.76434822199837],[-0.470276819268471,44.76444884321237],[-0.470332965950713,44.76429487513659],[-0.470375313418997,44.764181712154134]]],[[[-0.470010749620795,44.763138485337166],[-0.470070768275685,44.76294888974728],[-0.470225090584619,44.76246120394943],[-0.470267078437737,44.76232993864384],[-0.470364315239241,44.76234987210308],[-0.470427182394743,44.762366286362955],[-0.470431030863251,44.76236715707642],[-0.470432579134145,44.76236764927183],[-0.470580097233437,44.76239682122989],[-0.470593281262689,44.762364506434444],[-0.470911580336804,44.7625230526745],[-0.470919355051738,44.762526053280574],[-0.470930882716027,44.76253452358333],[-0.470939828110412,44.76253190019975],[-0.47099320059335,44.762511302919556],[-0.471110907808611,44.76246327625722],[-0.47118664025201,44.762423774354154],[-0.471225384982213,44.76241210645192],[-0.471386313695823,44.762388048035056],[-0.471405050732928,44.762384216553556],[-0.471420117002394,44.762382392589785],[-0.471483310774561,44.76234878064013],[-0.471496143474274,44.762347657494786],[-0.471516968572138,44.762346914672946],[-0.47162758260401,44.762343808193144],[-0.471977362173405,44.762348434785814],[-0.472194593253944,44.7623635237879],[-0.472283718156575,44.762368840435904],[-0.47232829271068,44.76236555057553],[-0.472356614812095,44.762363310917486],[-0.472456197344329,44.76234748235618],[-0.472510185755151,44.76233686809662],[-0.47294749929137,44.762259623793106],[-0.473221124949472,44.76222319742211],[-0.473524944533587,44.76217798321403],[-0.473823585221376,44.7621226571427],[-0.473843932631092,44.76202820622554],[-0.474325551726493,44.76196795083214],[-0.474332183428627,44.76202613923578],[-0.474485192906635,44.762021339543395],[-0.474659753853781,44.7624143651942],[-0.47466205085832,44.762488370109125],[-0.474682963624749,44.76259342244685],[-0.474692490551717,44.762710727543954],[-0.474706581276818,44.7628097757609],[-0.47470395471233,44.76288393514389],[-0.474704846809195,44.762922928247335],[-0.474709215497839,44.76299975196241],[-0.47471607371151,44.763030897876284],[-0.474569151318682,44.763754378122094],[-0.474558673844288,44.76380589381977],[-0.474394449434063,44.763795094363076],[-0.474352358579358,44.76401666303879],[-0.474347258685485,44.76404466947102],[-0.474346160579408,44.76405146276577],[-0.474302540906449,44.76429128322295],[-0.474175425654558,44.76429148534088],[-0.474045168426713,44.76429611152217],[-0.474004625318928,44.76429711275749],[-0.474047582421538,44.76410795955012],[-0.473848424085799,44.76409068501697],[-0.473863192423482,44.764028761381],[-0.473879500902342,44.76402861037595],[-0.473884004705483,44.7640032360892],[-0.473792387813697,44.763994484191585],[-0.473877007893955,44.763552234828055],[-0.473944073945204,44.76321281987225],[-0.473835459294834,44.7632053221085],[-0.473632171376246,44.763188717517224],[-0.473340960209634,44.763167840518314],[-0.473263815333777,44.7635038762026],[-0.473117681285352,44.76418515409841],[-0.472892626198841,44.764147962731116],[-0.472721564199254,44.76411863062789],[-0.472629942697811,44.764103659776694],[-0.472498002420593,44.764081031186564],[-0.472345512680163,44.76403904047118],[-0.472188053973849,44.76400261239208],[-0.471945918630264,44.76395919572701],[-0.471577061241634,44.763903889591525],[-0.471275008846364,44.76384883171672],[-0.471121071175352,44.76381409417261],[-0.471131943887686,44.76375049072243],[-0.471145785473435,44.76368580293657],[-0.471253334941092,44.763208953385565],[-0.471172462333986,44.76320824361525],[-0.471066771386216,44.763205067298024],[-0.471069288262622,44.7631782234336],[-0.470917519368208,44.76317243564547],[-0.470928550947271,44.7631236966925],[-0.470892521387514,44.763117886657206],[-0.470935112860376,44.762879632290506],[-0.470831178585512,44.76286801976557],[-0.470789117079607,44.76286284930725],[-0.470737257693824,44.76306778006852],[-0.470661260808742,44.76334889573381],[-0.470514582840644,44.76362844104175],[-0.470478697361674,44.763624969410486],[-0.470427600894944,44.76362098305964],[-0.470257475224603,44.763631359856916],[-0.470198640365805,44.76363725844891],[-0.470077957280847,44.763649420295906],[-0.470032461847446,44.763656252659516],[-0.469951619431807,44.76366833775668],[-0.469840453642989,44.76368714025716],[-0.469840700416318,44.763678841691885],[-0.469881567981458,44.76356013799739],[-0.469887325120217,44.763542745150744],[-0.469930780839313,44.76340449492125],[-0.469948376628223,44.76334527702524],[-0.470010749620795,44.763138485337166]]],[[[-0.468698991016541,44.762328140752274],[-0.469035353074056,44.76228137914282],[-0.469331469362475,44.76220352485103],[-0.469796735117369,44.76225942259618],[-0.46965923184251,44.76271224594962],[-0.469369835341487,44.76367998341433],[-0.469316990494074,44.76364766422648],[-0.469119085666962,44.763515351809744],[-0.468882452335535,44.76334577171425],[-0.468668263523504,44.76318936642134],[-0.468553890871419,44.76310697578924],[-0.468503097533151,44.763070987300814],[-0.468386494459676,44.76300164330456],[-0.46830960683214,44.76296710266288],[-0.468181061772308,44.76292561829257],[-0.468036898192188,44.76288930892288],[-0.468017644760826,44.762884775049976],[-0.468087014690452,44.76244066608013],[-0.468146471562389,44.76210654065881],[-0.468185221851135,44.76214416800694],[-0.468402510325706,44.76226479035573],[-0.468495347160904,44.76228107826953],[-0.468698991016541,44.762328140752274]]],[[[-0.466352888537005,44.771710476350094],[-0.466367854714904,44.77167621385777],[-0.46674800832509,44.770947790903406],[-0.467113426066255,44.77104512700164],[-0.467241923859805,44.771079405333225],[-0.467428691267012,44.771129252417445],[-0.467409150970147,44.771550804688985],[-0.467402524441761,44.77172025350902],[-0.467402225816341,44.77173387065872],[-0.467400201034554,44.77181179590025],[-0.467461142527794,44.77181529549519],[-0.467749372885636,44.771830244746646],[-0.468086696609745,44.771847351178735],[-0.468754448497413,44.77188051524614],[-0.46884544332033,44.77188514576164],[-0.469092146081621,44.7718975168136],[-0.469094102696985,44.77191692102763],[-0.46939418927161,44.77192716908863],[-0.469477480454634,44.771929967636396],[-0.469486226257875,44.77193023443772],[-0.469687429722547,44.771937180174895],[-0.469706057745586,44.771937678150536],[-0.470136017582783,44.77194908326289],[-0.470252726884693,44.771952186188464],[-0.470263218015597,44.77228195998155],[-0.470296927428578,44.77227468586533],[-0.470668875585653,44.7722070703283],[-0.470743936963277,44.77219336380968],[-0.470872339695301,44.77261325640394],[-0.470730574169784,44.77262851211766],[-0.470442834735711,44.77267078006247],[-0.470465318149336,44.77281363383233],[-0.470392592214369,44.77281600221583],[-0.470369874729277,44.77281689410659],[-0.470391075240795,44.772938970804965],[-0.470396400372225,44.7729698947283],[-0.470413010059646,44.77306679206196],[-0.470043701429765,44.773109631542226],[-0.469672455485015,44.77317028370866],[-0.469468608325646,44.77315747280699],[-0.469186275180173,44.77317055006313],[-0.469100486202267,44.77286287006081],[-0.468609805851627,44.77284552164255],[-0.468600103304387,44.77354937669682],[-0.4677686935117,44.77359532090957],[-0.467143934414233,44.77362568966441],[-0.466470047740987,44.7734810511286],[-0.466135974324075,44.773522955118274],[-0.466046007005651,44.77354118009624],[-0.466005459287446,44.773554524490386],[-0.465956653566354,44.77357551689497],[-0.465922876753359,44.77360018451273],[-0.465871467948926,44.7736466715595],[-0.465792615384197,44.77374051797019],[-0.465737457423226,44.77380622722991],[-0.465266132809409,44.77334568949985],[-0.465018685142621,44.773136605837706],[-0.464689797972182,44.772825441964635],[-0.46443479517207,44.77261686381494],[-0.464431225120504,44.772614362044315],[-0.465544418887008,44.77156788133153],[-0.46578145930585,44.77166365057798],[-0.46628277271083,44.7718720887539],[-0.466410081302729,44.77173319880076],[-0.466352888537005,44.771710476350094]]],[[[-0.462380186301119,44.76085164496238],[-0.462508015363793,44.76087549513824],[-0.46264150334526,44.76089880778729],[-0.462806086187778,44.760921778945594],[-0.462897967824266,44.76093494717718],[-0.462971855219963,44.76094552383276],[-0.463504438680587,44.76102268308243],[-0.463515032388811,44.76100369751548],[-0.463667642475534,44.76102325688152],[-0.464607331650608,44.761142560635086],[-0.464629898576328,44.76114545942585],[-0.464480907329611,44.7614063237104],[-0.464424919326313,44.761507654712766],[-0.464221439498436,44.76185727636432],[-0.464133281608125,44.76200926806837],[-0.464048719532247,44.76200407255909],[-0.463902386228228,44.76199405000723],[-0.463740112718629,44.76198398504537],[-0.46360545030893,44.7619662976204],[-0.46327150043009,44.761916721871565],[-0.463088469132453,44.76189000248253],[-0.463018680106633,44.76187821631492],[-0.462766905676678,44.76184436359717],[-0.462558874693661,44.761812206826114],[-0.462487698332184,44.761802536400104],[-0.462222072636764,44.76175325481968],[-0.461938297850375,44.76169886249757],[-0.461861655399335,44.76168053102989],[-0.461771709510391,44.761655676272504],[-0.461681802467602,44.76163145105181],[-0.4616318821748,44.76161570871699],[-0.461473207807663,44.76155929783246],[-0.461213386824389,44.7614501748627],[-0.461160873252392,44.76142928656354],[-0.461213885873464,44.761316515364406],[-0.46136094953527,44.761036431091554],[-0.461542032644968,44.76068643381502],[-0.461983518306484,44.76077554911367],[-0.462380186301119,44.76085164496238]]],[[[-0.461462028511854,44.756151263621625],[-0.461344139865538,44.756128453710375],[-0.461375299061277,44.756049077984166],[-0.461333044190818,44.75604066596391],[-0.461359292525725,44.755973970003026],[-0.461368644708795,44.7559533112454],[-0.461418144620021,44.75596230786425],[-0.461429069116472,44.75593637316707],[-0.461480123796098,44.75581654382278],[-0.46182550671786,44.75588604265871],[-0.46183425637772,44.7558679259698],[-0.461988723154965,44.75554813814881],[-0.462125628328853,44.75526359418248],[-0.461874953209501,44.75519780463893],[-0.461817102632436,44.75518258084366],[-0.461734962508607,44.75516108712534],[-0.461557179033242,44.75511446630375],[-0.461808202431093,44.754705238469185],[-0.461860421957442,44.75464133523822],[-0.461918586212945,44.754569225729355],[-0.46261539152029,44.75484347632492],[-0.46288233754557,44.75494552319592],[-0.463310961471667,44.75440763818718],[-0.463055647267276,44.75431577239967],[-0.463176192834225,44.75417232129206],[-0.463392029889287,44.75391279298763],[-0.463399640727686,44.753900839742506],[-0.463607650751126,44.754031672881645],[-0.463746532769167,44.7541181673139],[-0.463959978993793,44.75425099263909],[-0.463983586734309,44.75426467297331],[-0.464319673187395,44.75444818248152],[-0.464349122119368,44.75446429342157],[-0.46439762921193,44.75449413681048],[-0.464617626883418,44.75461008434991],[-0.465237206699367,44.754936209161976],[-0.465261299048653,44.754951586310824],[-0.465372206763943,44.75502120108602],[-0.465373008492918,44.75502189693751],[-0.465347299264454,44.75509110040417],[-0.465345053084991,44.75509774924906],[-0.465316875870796,44.755170003802604],[-0.465295435406353,44.755228439848],[-0.465246576641293,44.75535297870279],[-0.465158543542505,44.75558066588988],[-0.465077497883198,44.75579245397575],[-0.465047190133028,44.755873246140595],[-0.465045121259913,44.755882773184716],[-0.464966555588256,44.756085561981884],[-0.464863640351722,44.75634886027094],[-0.464832208915608,44.75644221383194],[-0.464804416292654,44.75648994431277],[-0.464792370032707,44.75650996674591],[-0.464679261051856,44.75668175423959],[-0.464520099309089,44.75693131158273],[-0.464285370191739,44.7573030884195],[-0.464160724700143,44.75754633873146],[-0.464110575761533,44.75765001018794],[-0.464095525157785,44.75767670506973],[-0.464080469109782,44.75768483595749],[-0.464074888217866,44.75768663262546],[-0.464069636161184,44.757687607952356],[-0.464056080206553,44.75768929358986],[-0.464021929868256,44.75768928030985],[-0.463674328594206,44.75767023277469],[-0.463593181465837,44.75766493033216],[-0.463371865978428,44.75765094415009],[-0.463185107317087,44.75763740895262],[-0.463102027956595,44.757631535752715],[-0.463257825581986,44.75733955050342],[-0.463072426584034,44.75729262925887],[-0.463005697079367,44.757274980110815],[-0.462827479426051,44.75760957046781],[-0.462801154618494,44.75760723944124],[-0.462571364546831,44.75757269956466],[-0.462381603630811,44.757528887393164],[-0.462304883635608,44.75750920709808],[-0.462197736188571,44.75748218715709],[-0.461995174698246,44.75741534403168],[-0.461805445441797,44.75734737851626],[-0.461746865085838,44.757326500033884],[-0.461660732041582,44.75729566865123],[-0.46147159271794,44.75723110860498],[-0.461233553063278,44.75716113748236],[-0.461143357780231,44.75713827285976],[-0.461146712972294,44.757131138869575],[-0.461285029174448,44.75683240355164],[-0.461405732593487,44.75627224805993],[-0.461429563802703,44.75622175858606],[-0.461462028511854,44.756151263621625]]],[[[-0.460726451200537,44.754180772329235],[-0.460703939343597,44.75417255421984],[-0.461050505933314,44.75364301025816],[-0.461916851503017,44.75394945471757],[-0.462212637975232,44.753595690443916],[-0.462478993739352,44.753694422154936],[-0.462382245642199,44.75383000919732],[-0.462247854255011,44.754007415801716],[-0.461947344062115,44.75440773812023],[-0.461817084406804,44.7545783463304],[-0.461741931346855,44.754676489954186],[-0.461641873718223,44.754838493925014],[-0.461571969690935,44.7549417902604],[-0.461245826193972,44.75481491580328],[-0.461150202326512,44.75478393021595],[-0.460887162206106,44.754702123689874],[-0.460857388576841,44.75469305113116],[-0.460604983554334,44.75546215711387],[-0.460332701198276,44.75542749882992],[-0.460072664711548,44.755394529987086],[-0.460170196687698,44.754870786680094],[-0.460110910659225,44.754795228478365],[-0.460132836070211,44.754719926577685],[-0.460081872510756,44.75471178621104],[-0.460115112021213,44.754641537847924],[-0.460148939555987,44.754562349519325],[-0.460194186697891,44.75445910361403],[-0.460120722555739,44.754442924935816],[-0.460194562188595,44.7543049017085],[-0.460050110370048,44.75426345524926],[-0.459864787405931,44.754211390046734],[-0.459878826920251,44.754137415984836],[-0.459901969976955,44.75408190184068],[-0.460128241381381,44.75414584466858],[-0.46064871114983,44.75429855138782],[-0.460726451200537,44.754180772329235]]],[[[-0.460526877990261,44.75800301568207],[-0.46059314582848,44.75801932899813],[-0.460568782656599,44.75807352970048],[-0.460632734024939,44.758089194438725],[-0.46070834023228,44.758109271172756],[-0.460736200277392,44.75805640304221],[-0.460743767950637,44.758043730408964],[-0.461296783887211,44.7581944272037],[-0.461415043640403,44.75774861644868],[-0.460658913329207,44.757534336353714],[-0.460664539836868,44.75751478536379],[-0.4607387516892,44.75723481562718],[-0.460759505628027,44.757165137407945],[-0.460768706506989,44.75714817823472],[-0.460780254881181,44.75713853530896],[-0.460796585784666,44.757132617972246],[-0.460818318224856,44.75712815395175],[-0.460832714598169,44.75712779420424],[-0.4608749702103,44.75713620641848],[-0.461128505273454,44.75719902537751],[-0.46132976490493,44.7572570792326],[-0.461571693056591,44.75734089679099],[-0.462026078714698,44.75751053303475],[-0.462126475837159,44.757538845562735],[-0.462199538197189,44.75755458504728],[-0.462415466690292,44.75760433825654],[-0.462807134291496,44.75767968696454],[-0.46289284955245,44.75769755367968],[-0.463006549072139,44.7577015684435],[-0.46282007483299,44.75814239483594],[-0.463415279217102,44.75825715716774],[-0.463631215906106,44.75772799447995],[-0.464040759548654,44.75776087532094],[-0.464011964224865,44.757823145829384],[-0.463911031007731,44.75808178518197],[-0.463802546463616,44.75835336714205],[-0.463610529933571,44.75882735135783],[-0.46358023146246,44.7589021950582],[-0.46346919243615,44.75917547866655],[-0.463370055675657,44.759426401346516],[-0.46336183981412,44.75944702477022],[-0.46297085260991,44.75934597286703],[-0.46228321261835,44.7592030069436],[-0.461587962976163,44.759059643884186],[-0.461609619184994,44.75900462635453],[-0.461094182829109,44.758959094721824],[-0.461035060661805,44.75895409336221],[-0.460434081465086,44.75890582478841],[-0.460398578339047,44.75890233806658],[-0.460413911835223,44.75871991247897],[-0.460437420364937,44.758479196040916],[-0.460451527274542,44.75834466098735],[-0.460520058609434,44.75804017677609],[-0.460526877990261,44.75800301568207]]],[[[-0.459051119046511,44.75806281412955],[-0.459441438894858,44.75813479234748],[-0.459445665617168,44.75813565161181],[-0.46005322776293,44.75824788297164],[-0.460354136174022,44.75830354648204],[-0.460373699706063,44.758306990516445],[-0.460367317505284,44.75835125719457],[-0.460337453026276,44.75855035783081],[-0.460325053062185,44.758706467651635],[-0.46031256999475,44.758861228316746],[-0.460310351830784,44.758954658976805],[-0.458902661078912,44.75839430519468],[-0.458899231050356,44.75835088577886],[-0.459016817965972,44.758091190878964],[-0.459022531200577,44.758079207111756],[-0.459031539079818,44.7580591000293],[-0.459045750663473,44.75806190038971],[-0.459051119046511,44.75806281412955]]],[[[-0.457856162249449,44.7568210982621],[-0.458005988936451,44.75683264135591],[-0.45818534660729,44.756849299992346],[-0.458164077648873,44.75690448487484],[-0.457936597392659,44.757474998889464],[-0.458507223391055,44.75757910954834],[-0.458829577917799,44.75763807246979],[-0.458834578613093,44.7576391779356],[-0.458840325662469,44.75764007985834],[-0.458862968350878,44.75764423903895],[-0.458887504593376,44.75764833907808],[-0.458622105561348,44.75823770193286],[-0.458607905020068,44.758235081406475],[-0.458300955878466,44.75817987219495],[-0.457670796858651,44.75807031940121],[-0.457794357586282,44.75765471734435],[-0.457513717468582,44.75759535036796],[-0.457597470923472,44.75741475469987],[-0.457685386304599,44.75721546493472],[-0.457702004064173,44.75717718712169],[-0.457726325359019,44.757122267512514],[-0.457856162249449,44.7568210982621]]],[[[-0.451688954245971,44.753534075537374],[-0.451497712328876,44.75296509255672],[-0.451597497340322,44.753261800241596],[-0.451711112183619,44.75294321175327],[-0.451650429772252,44.75269016348422],[-0.451806023299554,44.752301417501386],[-0.45187641483208,44.75208222285823],[-0.451925020539432,44.75192841090221],[-0.45176908635975,44.7519098411009],[-0.4518870260065,44.751439271387255],[-0.451992486248947,44.75101883486684],[-0.452107091259509,44.75059288643291],[-0.452140220203374,44.75047127785958],[-0.452448076596242,44.75054206435181],[-0.452510271076482,44.75041188958331],[-0.452547655172879,44.7503410640141],[-0.453147739397647,44.75051231897895],[-0.453416879108841,44.75059512409173],[-0.453922472112256,44.75074120533964],[-0.453970849366904,44.75075672849612],[-0.45406996305052,44.750585299350746],[-0.454311137169004,44.750348700307896],[-0.454497324171548,44.75018663022807],[-0.454358683900283,44.75030747575215],[-0.454739029929746,44.75048981195069],[-0.454829714566261,44.75053321263667],[-0.454960217230814,44.750415774466816],[-0.455002588284117,44.75043851365446],[-0.45500494315358,44.75043979193288],[-0.455068483118946,44.75047980384152],[-0.455078687568035,44.75048534304171],[-0.455093590713534,44.75049325890579],[-0.455306884162273,44.750605647952995],[-0.455325322461266,44.75061552616637],[-0.45553936863768,44.75072780119643],[-0.455658617060901,44.75079148733996],[-0.45564386564201,44.75080456399107],[-0.455734291631188,44.75085608254942],[-0.45573819988791,44.75085794315534],[-0.456012845402339,44.75100554445272],[-0.456124717857832,44.75106648647628],[-0.456195332371747,44.75110429443586],[-0.456435781193088,44.75123250554774],[-0.456534243551774,44.75128512442469],[-0.456806527228895,44.75143126564251],[-0.456867141682479,44.75141747812306],[-0.457052500593491,44.751371589893864],[-0.45734420441616,44.75156821980425],[-0.457905233151212,44.75125196591551],[-0.457986247567485,44.751298459719315],[-0.458139150983029,44.75141579331082],[-0.458332523867639,44.7515557438579],[-0.458520750124373,44.751673686098385],[-0.458816316822541,44.75187749118836],[-0.459136558511717,44.75209999007076],[-0.459210211967546,44.75215013743074],[-0.459305571672089,44.75220158927325],[-0.459543660616543,44.75232824567089],[-0.459681928977318,44.752404941246404],[-0.459854359995249,44.752500395072694],[-0.459673864348912,44.75288434480657],[-0.459528141713425,44.753186012611486],[-0.459399935003352,44.75346406312215],[-0.459378310659958,44.75345176177529],[-0.459338120909604,44.75355088416731],[-0.459321538752543,44.753546535828576],[-0.459167023936823,44.75392120211278],[-0.459325369375261,44.753960323225776],[-0.459205140698403,44.754250920899736],[-0.459046112183336,44.75421921051143],[-0.458905125578173,44.75419090154919],[-0.458872899860485,44.75432699330712],[-0.458843340782964,44.75445092610463],[-0.458673974193461,44.754423863659255],[-0.458643496646726,44.75460072370902],[-0.459258076778606,44.75467966595154],[-0.459236904472061,44.75474872604851],[-0.459198519168426,44.754858696187725],[-0.459348507650477,44.75488528178351],[-0.459391748019144,44.754891230578785],[-0.45937615748453,44.7549276742451],[-0.459274491189327,44.7551684883466],[-0.459234476394287,44.755258142970014],[-0.459225422354564,44.755283658525606],[-0.458878080313816,44.75520069546099],[-0.45872288368076,44.75552122211382],[-0.458525666117781,44.75589884317921],[-0.45835445560122,44.75629836122671],[-0.458975228159717,44.75640982475227],[-0.458936225737769,44.75648511904373],[-0.458928807263177,44.75650022003963],[-0.458803309209647,44.75676079267952],[-0.458786954222758,44.75678482398719],[-0.45877206117281,44.75680178050999],[-0.45875938194288,44.75681154865035],[-0.458739280471228,44.75681785378747],[-0.458639777692731,44.756816365225504],[-0.458157223031723,44.75678069795861],[-0.457946634814982,44.75676213064604],[-0.457872234305039,44.75675544190617],[-0.457618866343708,44.75673226191885],[-0.457420045657826,44.756701430803396],[-0.457383159114181,44.75669393109332],[-0.457586443226127,44.756205008723086],[-0.457541327724659,44.756193260135795],[-0.457625056167111,44.75598761274634],[-0.457452641003825,44.755917207122664],[-0.457435417986953,44.75595180898983],[-0.457275124989462,44.75591193475993],[-0.457071574550615,44.75629164309019],[-0.457041633280855,44.756347729242655],[-0.45692692326489,44.75656173276837],[-0.456828042459531,44.75652715028207],[-0.456551593766723,44.75643710065365],[-0.456427868255141,44.75639338037639],[-0.455796403662148,44.756181936341804],[-0.455732102013338,44.7561605123859],[-0.455227978617575,44.75602069977626],[-0.454875236649161,44.75593627055362],[-0.454487705167526,44.75585373644969],[-0.454471172440657,44.75585019688112],[-0.453833921954194,44.75571110608533],[-0.453484990054811,44.755633042153484],[-0.453422273474575,44.7556188669335],[-0.452960788129268,44.755518267301035],[-0.452616706761292,44.7554450058999],[-0.452332218045811,44.75539683068883],[-0.451752538271595,44.755311535564175],[-0.451260173438142,44.755251722988774],[-0.451945622709127,44.754241691078214],[-0.451912393631683,44.75414540091738],[-0.451867272566632,44.75402226621457],[-0.451799070704486,44.753832173370085],[-0.451688954245971,44.753534075537374]]],[[[-0.452124250583028,44.76406037973138],[-0.452146382311312,44.7639264070857],[-0.452150617416008,44.763890318453576],[-0.452154917490455,44.7637934890139],[-0.452160864559814,44.76346392645886],[-0.452158284833247,44.763347756091065],[-0.452161083707742,44.76333153793892],[-0.452192621029836,44.76330748509821],[-0.45221635287942,44.763298454691075],[-0.45248493113496,44.763191946220275],[-0.452722244489748,44.76312011538233],[-0.453078523335543,44.76303286011018],[-0.453402681886607,44.76295399470627],[-0.453558780010521,44.76290677278094],[-0.453695398050072,44.7628760186171],[-0.453832211863327,44.76285463033779],[-0.45399185787228,44.76284046019065],[-0.454320051281649,44.76282112364312],[-0.454638242022473,44.76281192084586],[-0.454915978727443,44.76280515050074],[-0.454990541879134,44.76280201365206],[-0.455049817216136,44.76278475467531],[-0.455103082339506,44.76276849419963],[-0.455138164988838,44.76274658280968],[-0.455171254385019,44.76272311148003],[-0.455197869247098,44.76269308333491],[-0.455221484612254,44.76265747138023],[-0.45522621213804,44.76264795173742],[-0.455410289949938,44.76267320955798],[-0.455957935203739,44.76274840343904],[-0.456011904974434,44.76262632312061],[-0.456119592218053,44.7623718969284],[-0.455815033620069,44.76231885845688],[-0.455716804018373,44.76230119629659],[-0.4556935071795,44.7623111150789],[-0.455676643422583,44.76232074303295],[-0.455669369846624,44.76233205435476],[-0.455659212646585,44.7623767088215],[-0.455650960279273,44.762409138061464],[-0.455435104703214,44.76239163081365],[-0.455347863873172,44.76239840768543],[-0.455372079023724,44.76235403563527],[-0.455549421561455,44.76202894815248],[-0.455581111776186,44.761970374708945],[-0.455885033677079,44.76142046071227],[-0.456259919359102,44.76152501404686],[-0.456606550304268,44.76162053506007],[-0.456698525795689,44.76164758352087],[-0.457142970081308,44.76177249238748],[-0.457800561471026,44.76061838241709],[-0.45793190259173,44.76066853245171],[-0.458110967510469,44.76073575643824],[-0.458215559601081,44.76077052023212],[-0.458438748677361,44.76083330203943],[-0.45856831283947,44.76087305325683],[-0.45861164377754,44.76088656951994],[-0.458709770343838,44.76092108417688],[-0.458801965194986,44.760970202728274],[-0.45899191285261,44.76108475748248],[-0.459038266621062,44.761116563083846],[-0.459191314748376,44.76118027230177],[-0.459356424975981,44.76124883138205],[-0.459402858215194,44.761263421981766],[-0.459454333639434,44.76127361956917],[-0.458947398652068,44.76223622283368],[-0.45858980469964,44.762153847841034],[-0.45827516181888,44.76207878193407],[-0.458188775016736,44.762272166995196],[-0.458270399002988,44.762433181137744],[-0.458609574188036,44.76269726786366],[-0.458705620464999,44.762580721093265],[-0.459372974238343,44.762880697347],[-0.459448912980175,44.762906081691405],[-0.459666072174586,44.76264255498101],[-0.459990556287054,44.7622485198204],[-0.460161195579573,44.76203691088346],[-0.460715298297542,44.761378595445194],[-0.460910908037121,44.76143709748305],[-0.461100430728458,44.76149533881501],[-0.461140777166631,44.76150966832569],[-0.461328969303805,44.76158327079873],[-0.4614423401749,44.76162496670947],[-0.461524097649567,44.761652420684555],[-0.461637045763583,44.76169340867978],[-0.461770024935921,44.7617269215917],[-0.461939475110206,44.761773442835334],[-0.462527421815808,44.76189916203578],[-0.462641454599743,44.76191461193022],[-0.463061530644087,44.761970148036276],[-0.463321514198272,44.76200788882359],[-0.463366643072931,44.76201359698175],[-0.463717827190432,44.762059569527686],[-0.464106072992256,44.76208500661838],[-0.464315000115601,44.762088565289524],[-0.464393018474452,44.762092253043726],[-0.464469859986486,44.76210147471802],[-0.464564286136339,44.762125105799235],[-0.4647703575149,44.76218084083986],[-0.465049127349453,44.76226476095566],[-0.465061101116759,44.76226817130381],[-0.465285277467248,44.7623344234777],[-0.465540265409876,44.76240187400097],[-0.465666246563069,44.76243875543994],[-0.465808086804692,44.76246820145238],[-0.465816518915908,44.76246955972175],[-0.465740221851867,44.762703098544456],[-0.46607111369118,44.76275835006538],[-0.466086893929139,44.76271270736295],[-0.466104988740885,44.762655367063935],[-0.466143729705124,44.76266208507353],[-0.466186287315448,44.76253990565034],[-0.466189542373088,44.76253115250178],[-0.466307341035015,44.76255224837357],[-0.466439703890073,44.762575681963774],[-0.466631670310701,44.76261184899165],[-0.467011474274182,44.76271567223759],[-0.46716495954669,44.76275547604979],[-0.467447130883735,44.762826757526135],[-0.467694823603279,44.762886591398825],[-0.467873863199351,44.76292847798344],[-0.467901582154324,44.76293490965598],[-0.467873380634377,44.76301293332839],[-0.468020499342897,44.763060234865016],[-0.468079304140623,44.76310922001607],[-0.468082890150872,44.763136593622576],[-0.468088899650701,44.7631847986462],[-0.468099234586202,44.76326621177472],[-0.468320554702955,44.76338445528522],[-0.468322804988067,44.76338402435169],[-0.468684183397668,44.76330593076143],[-0.468790203390557,44.76338209438955],[-0.468911999329793,44.763474075161945],[-0.469061828557832,44.76356526795093],[-0.469259092487225,44.76369949301969],[-0.469369549286904,44.76376758682413],[-0.469426744994989,44.763796615591296],[-0.469526761658269,44.76382466350912],[-0.46958448870087,44.76384385272056],[-0.469655999374263,44.7638711713248],[-0.469697500053065,44.763897988067676],[-0.46974765826139,44.763942106561686],[-0.469785292551079,44.76397391075134],[-0.469823192088998,44.76401616028305],[-0.469824475709869,44.76403080927026],[-0.469829894059764,44.764063262171],[-0.469833105266967,44.76410299363578],[-0.469833166332071,44.76410398301846],[-0.469815347382566,44.76419033334414],[-0.469737985106191,44.76441868204274],[-0.469680038544048,44.764568110141894],[-0.469671631678781,44.76460406012659],[-0.469666475612634,44.7646496410032],[-0.469664915799261,44.76470430124499],[-0.469673557182742,44.76474593533386],[-0.469680824884261,44.7647776093774],[-0.469697737862511,44.764817993067915],[-0.469722339558585,44.76484768224599],[-0.469746975855827,44.76487178303212],[-0.469800249557976,44.76491102770954],[-0.469885552927188,44.764965039621025],[-0.470040309708598,44.76503760279411],[-0.470367593555869,44.76520623325157],[-0.470565770937863,44.76529978457718],[-0.470581766490705,44.76530685330231],[-0.470608672707853,44.765318536650284],[-0.470666389379675,44.7653436734717],[-0.470812043615023,44.7654039944657],[-0.47096579322952,44.76545405852128],[-0.47107662325287,44.76549122870789],[-0.471173340426238,44.765521090911236],[-0.471346531859095,44.76556027176178],[-0.47145148869757,44.7655822154861],[-0.471540205471076,44.765593132997026],[-0.47164597763376,44.76560369613091],[-0.471941466113038,44.76563219404962],[-0.472067290547292,44.76564176778793],[-0.472226086479739,44.76566905236986],[-0.472285461138614,44.76567800529856],[-0.472359154562687,44.765697593840315],[-0.472485987458098,44.76574192103201],[-0.472768755551377,44.7658409273463],[-0.472797484058729,44.76585138152164],[-0.473121955182933,44.76595583834679],[-0.473370880062049,44.76602913928987],[-0.473573833204723,44.76608315417756],[-0.473758635507221,44.76612593246363],[-0.473829483330265,44.76614858320026],[-0.47392566789121,44.76618206451546],[-0.473988890536784,44.76620414323259],[-0.474028503581385,44.76621263361112],[-0.474065972688868,44.76621713590391],[-0.474098679848727,44.766218272931205],[-0.474003585742603,44.76644808253525],[-0.473995110711242,44.7664706074953],[-0.473984256661571,44.76649762285143],[-0.473946980069517,44.76659449731073],[-0.473941324731505,44.766607381320284],[-0.473844769829879,44.76683813777218],[-0.473828538970472,44.7668764062558],[-0.473739471809962,44.76688442627602],[-0.473572238359271,44.766898772495594],[-0.473338487636173,44.76690529122727],[-0.472709828405896,44.76690202174166],[-0.472568631658495,44.76690167199577],[-0.47242975100168,44.76690809843323],[-0.47234365917708,44.76690899484944],[-0.472209969144638,44.76691958396175],[-0.471823405535437,44.76697117219645],[-0.471597256646492,44.76701475781566],[-0.471082571582782,44.76713641518524],[-0.471048381060327,44.767141992462],[-0.470848749318688,44.76719096372502],[-0.470775721778094,44.767206769604975],[-0.470711256021819,44.767219873991316],[-0.470223063929394,44.76731582463074],[-0.470226000937948,44.76730807259876],[-0.470282567042635,44.76716085019179],[-0.470327271478624,44.76705509313069],[-0.470351577217296,44.766981606509695],[-0.469889326018815,44.76694444996535],[-0.470020554058304,44.766715675294535],[-0.469805886210493,44.76664399730939],[-0.469606469551128,44.76657346334133],[-0.469235196274836,44.76644234535901],[-0.469215429548878,44.76643566489575],[-0.469233014871592,44.76640699737409],[-0.468977205114061,44.76632660331752],[-0.468808466556855,44.76627349126432],[-0.468658566713621,44.76621816692499],[-0.468570885951122,44.76618099037544],[-0.467944135220745,44.76589475475032],[-0.467295386911097,44.765596317555854],[-0.467255100396358,44.765613799796725],[-0.467173116093144,44.76565664864677],[-0.467021409330181,44.765731959298904],[-0.466364107188391,44.76605784940997],[-0.466045586514431,44.7662158799409],[-0.465793779971061,44.76634190309474],[-0.464782869294473,44.76683565129608],[-0.464658113378045,44.76686190262716],[-0.464568467805124,44.76662039769191],[-0.464657987121058,44.766861906576196],[-0.464106731758135,44.76686860350399],[-0.464217320701226,44.76717902459348],[-0.464843841278147,44.76720917415895],[-0.464528322146959,44.76768702373325],[-0.464170764351975,44.767710642429826],[-0.463918279027462,44.76772727950769],[-0.46382861972947,44.767731885527944],[-0.46366390994948,44.76794124231254],[-0.463447101735308,44.76821666183651],[-0.463275214051126,44.76844507699037],[-0.463253425204034,44.76847333418671],[-0.463136886185992,44.768466704224124],[-0.462790996171023,44.76844570580573],[-0.462301662995205,44.768418736185055],[-0.461806311958008,44.76839880141574],[-0.461858362953228,44.76805463808549],[-0.461824770018233,44.768051452399185],[-0.461845850400203,44.76793156814504],[-0.461889420300588,44.767659223176445],[-0.461745185966818,44.76765886439985],[-0.461360246835639,44.76790961466614],[-0.46095311236271,44.768175926356825],[-0.460759792105444,44.76803786840201],[-0.4606342760089,44.76795320424947],[-0.460412189782043,44.76813695259264],[-0.460372082977116,44.7681697465736],[-0.460268076626115,44.768255723314525],[-0.460229989490029,44.76823501451424],[-0.460169152461166,44.768202309774075],[-0.460072968526898,44.768150252438],[-0.460005849752426,44.76811413913267],[-0.459655159495008,44.768502233749665],[-0.459638469327679,44.768520868609954],[-0.459395046780676,44.7685676718698],[-0.459563290057261,44.76838461598102],[-0.459740641127083,44.76818307163858],[-0.459460347460467,44.76808089108897],[-0.459346806479362,44.768301800066716],[-0.459332234711804,44.768330191518075],[-0.459266760060862,44.76832079129015],[-0.458933188268723,44.768271730198315],[-0.458830097123554,44.76868101806222],[-0.458687865970883,44.76870708718447],[-0.458737491821581,44.768582257152964],[-0.458773896324951,44.768464598721],[-0.458853115137571,44.76809291434813],[-0.458903508509914,44.767857215929446],[-0.459015717894005,44.76748513213626],[-0.459157334544236,44.76696190430188],[-0.459275910908748,44.76683519116119],[-0.459429756859037,44.76666493112857],[-0.459487056585575,44.76657852142068],[-0.459506391312577,44.76654736779291],[-0.459715777686422,44.766225147096065],[-0.459780909548319,44.766105689883844],[-0.459899315325533,44.76587759933262],[-0.460004827323755,44.7656743331979],[-0.460062781255902,44.76556158846514],[-0.460171153338372,44.76531849107125],[-0.460364210671322,44.764879085877475],[-0.460495567589305,44.76490463080349],[-0.46049555651626,44.76490445091474],[-0.460704745581439,44.764314135257365],[-0.460054288156466,44.76410411607658],[-0.459822142844953,44.76403170384268],[-0.459909840671576,44.76408781109628],[-0.459919681243389,44.764105887637946],[-0.459925985722511,44.764122001936784],[-0.459922968486621,44.76414696855577],[-0.459906825376252,44.76418063597012],[-0.459793066094548,44.76434234516666],[-0.459687089129056,44.76442703123442],[-0.459626384653035,44.764451907180366],[-0.459586684874904,44.76446044664149],[-0.459375627624157,44.76448407061337],[-0.459206356854144,44.76448989774296],[-0.45919956846997,44.764274729496044],[-0.459222778952945,44.76420173059478],[-0.459244155497842,44.76416060035346],[-0.459246518983725,44.76415584044378],[-0.459360143492718,44.76398575516057],[-0.459471600727658,44.76382979573075],[-0.459446812683205,44.763821648314504],[-0.458993137106895,44.76367657959968],[-0.45885672591755,44.76362433591452],[-0.4587957680119,44.76360190779069],[-0.458676069721425,44.763734963691405],[-0.458415342371889,44.763679031382296],[-0.458359726420897,44.76373727135263],[-0.458244025072044,44.76388597246629],[-0.458172905345406,44.76403147924207],[-0.458129476507171,44.764195316418146],[-0.458090353662346,44.764330451993615],[-0.458035999799935,44.76437837902122],[-0.458118268619649,44.76441411042711],[-0.457605817758553,44.76492998800854],[-0.457508990083818,44.76500924959756],[-0.457387871676777,44.765088458231695],[-0.457384332991724,44.76509262395835],[-0.45724117390383,44.7651590027988],[-0.457077970419451,44.76522032965421],[-0.456994011484719,44.765163292427594],[-0.457002601309665,44.76516104176569],[-0.456917419826504,44.76505943464546],[-0.457006994459539,44.765010318865535],[-0.457135100382317,44.764834917788505],[-0.457187853513809,44.764730087142915],[-0.457205046175895,44.764565357056135],[-0.457118151960555,44.76422607453636],[-0.457095104193448,44.76413514474194],[-0.456355881242374,44.76379576311549],[-0.456234561865982,44.76384082237943],[-0.455941468180493,44.763949727091756],[-0.455402459784038,44.76405846256115],[-0.455368988388855,44.76406338175217],[-0.455044801852115,44.76411098308334],[-0.455023760170196,44.76427493150461],[-0.453875867939415,44.76451646783762],[-0.453440312465052,44.764610612881945],[-0.452135069489005,44.7648916413747],[-0.452101926364848,44.764895738273104],[-0.452082273426475,44.76476108527121],[-0.452060599760199,44.7646244225625],[-0.452048712002236,44.76454206572506],[-0.452043045432895,44.76444978238062],[-0.452048462833669,44.764389685806975],[-0.452057244848129,44.76432876343968],[-0.452109781832777,44.764121389217195],[-0.452124250583028,44.76406037973138]],[[-0.46578248125111,44.76548767107194],[-0.465869136349933,44.76555750440079],[-0.465897859086371,44.76554326826859],[-0.465847359426012,44.76545049522374],[-0.46581795715107,44.76540446391611],[-0.46573788374375,44.765342895685755],[-0.465825250190029,44.76527653905587],[-0.465884729735956,44.76532415254514],[-0.466649096065744,44.76489452340057],[-0.466487669269905,44.7647875592145],[-0.466312930822468,44.76488936334509],[-0.466136471967799,44.76476015943928],[-0.465898538390539,44.76495721212539],[-0.465656587354366,44.76477517510001],[-0.465595606751281,44.764740134830795],[-0.465561747344769,44.76472028691955],[-0.465549473988451,44.764730493734135],[-0.465536893950553,44.76474188167102],[-0.465530080151333,44.764748312967],[-0.465399296371593,44.764855228862324],[-0.465389897773654,44.76486282242698],[-0.465366008649451,44.76488159332444],[-0.46530739432153,44.76492803527741],[-0.465297962433796,44.76493508916968],[-0.465187879972557,44.765026938348456],[-0.465242397799773,44.76506794855467],[-0.465293702675198,44.765106085372494],[-0.465453286290973,44.76522626610172],[-0.465562805184005,44.765316111371924],[-0.46578248125111,44.76548767107194]],[[-0.462811860954317,44.76765697555944],[-0.462872459684506,44.767654991067154],[-0.462903807485126,44.76765869720404],[-0.462924906155779,44.767662363267775],[-0.462961117113414,44.76766492606495],[-0.463294156251503,44.76727412786186],[-0.463210146784064,44.76724106785813],[-0.463021049812985,44.76717776945229],[-0.462801265617306,44.76710299383445],[-0.462779934468095,44.76709555008619],[-0.462952848914295,44.766735982648164],[-0.462704037838498,44.76678755792471],[-0.462312973792959,44.766864756679055],[-0.462436039864686,44.76716226291069],[-0.462614794933048,44.76721786511239],[-0.462679092684698,44.76738068015169],[-0.46278725154906,44.767657925098774],[-0.462811860954317,44.76765697555944]]],[[[-0.451891216635001,44.76134665436003],[-0.451908745104347,44.76124896217007],[-0.451925450297818,44.76118112429545],[-0.451995972213413,44.760988599731355],[-0.452005447841971,44.76096370252431],[-0.452008035908073,44.760956412519654],[-0.452175945022343,44.760990380031444],[-0.452417905564435,44.7610376293208],[-0.452560559087625,44.76106814799742],[-0.452829534394652,44.76112275494571],[-0.452898347972191,44.76092100093462],[-0.452901264938119,44.760912889600704],[-0.452911028079616,44.760880323409985],[-0.452924875087074,44.76083393214531],[-0.452940535299883,44.76079235066087],[-0.452942432060402,44.76078616358438],[-0.452964827899008,44.76071832834717],[-0.453010075483139,44.760583905281216],[-0.453218005005519,44.76062076888849],[-0.453452426392002,44.7606626636998],[-0.453464227031057,44.760620030952225],[-0.453649998741122,44.76015410177006],[-0.453674369943794,44.76015550463007],[-0.453682486990033,44.76013939095724],[-0.453744503385108,44.76002472094963],[-0.454041163890955,44.75943061144436],[-0.454093448032243,44.759318137185595],[-0.454203726895646,44.75935290747218],[-0.454336817682227,44.75938840805436],[-0.454561834665774,44.75947493117673],[-0.454690933955364,44.75951956753606],[-0.454880352182373,44.75959485441363],[-0.454627166593204,44.76000710630157],[-0.454454351695538,44.760288524439176],[-0.454238075605717,44.760640777838724],[-0.454296775626101,44.76065742110891],[-0.454575163053931,44.76073552112795],[-0.454819965933461,44.76080430460743],[-0.454897597386598,44.76082026694006],[-0.455148789214735,44.76037554435376],[-0.455212812603947,44.760262703276354],[-0.455264640126005,44.76027865925343],[-0.455273856910005,44.76026809839153],[-0.455793618027389,44.76047032591777],[-0.45587649342168,44.76050369674904],[-0.455873632192946,44.760512707604754],[-0.456160234375149,44.76061947492157],[-0.456210318130273,44.76063791804894],[-0.456140496509611,44.76076752222183],[-0.455852858014997,44.76129827470254],[-0.455592533504292,44.76176725512163],[-0.455409469402873,44.762098018308635],[-0.455405419343967,44.762100037114365],[-0.455281562231186,44.762363077462254],[-0.45526172340071,44.76239839138702],[-0.455151162947853,44.76263082758763],[-0.455135128161645,44.762653947145445],[-0.455106912724251,44.76267645537459],[-0.455052997675236,44.76271301245217],[-0.455024829266837,44.76273011217211],[-0.454986628403777,44.762738332889924],[-0.454936075528299,44.7627431539673],[-0.454678185738872,44.76275795658212],[-0.454368930460704,44.76276435755836],[-0.454238017126513,44.7627706030862],[-0.453963138726877,44.76278683499987],[-0.45386713322379,44.76279920089346],[-0.453772540194806,44.7628160285063],[-0.453441226008887,44.76288340293177],[-0.453086861424025,44.762977088152034],[-0.453068846164774,44.762683778562135],[-0.452552594879172,44.762687165177276],[-0.452547566455843,44.762456983200174],[-0.45253710539765,44.76218776974954],[-0.451847589326928,44.762144105893086],[-0.451836927386841,44.76194573058692],[-0.451838709210379,44.76185114252127],[-0.451848901034193,44.76171429793067],[-0.451866813874584,44.76154251774939],[-0.451891216635001,44.76134665436003]]],[[[-0.447562565211796,44.76386289556288],[-0.447907370737594,44.76409574837327],[-0.447992553822409,44.764061555928876],[-0.448133176744268,44.76423831299511],[-0.448220758807586,44.764329848617756],[-0.448223163756036,44.76433193655122],[-0.448334325750095,44.76450474425013],[-0.448225004435431,44.764696040891046],[-0.448078635290033,44.76463598364846],[-0.448015686384973,44.76471715576367],[-0.44815525074292,44.764765259170225],[-0.448251242559599,44.7649258327818],[-0.448423909658227,44.765031030661845],[-0.448653093773229,44.76542653712357],[-0.448770313377607,44.76538873330022],[-0.448806481223152,44.76545249128395],[-0.44884715413743,44.76552782417279],[-0.448877656400288,44.765554900779996],[-0.448820675252905,44.76560344553075],[-0.448584140923848,44.76579338642797],[-0.448553413374989,44.765818314128516],[-0.448449544207812,44.765912926220615],[-0.448145294849784,44.76619301826186],[-0.448021356993385,44.76631312686148],[-0.447785797143042,44.76654998642137],[-0.447704465986316,44.766628486284816],[-0.447660441930714,44.76667176080131],[-0.447364010146826,44.76694331646583],[-0.447298558940921,44.76700230716529],[-0.447251336809448,44.767036759474976],[-0.44715440104081,44.76708979090089],[-0.446859781096835,44.76669775928303],[-0.446981837255563,44.76660880089224],[-0.446778861197833,44.76634972325668],[-0.446859299836946,44.76625665297484],[-0.446337029306163,44.76558666496509],[-0.44546038794919,44.764546054697725],[-0.446007258262412,44.76431141105926],[-0.445078072581011,44.76337895146739],[-0.445835070874209,44.76291996099504],[-0.445883240867219,44.76288863384855],[-0.446781916990981,44.763410022932334],[-0.447269835133617,44.76369330506799],[-0.447562565211796,44.76386289556288]]],[[[-0.437774575741051,44.76779474124976],[-0.438310997025799,44.767686083722],[-0.438471877041978,44.76765459581586],[-0.438572977088618,44.76763848080344],[-0.439170112959402,44.76758560880029],[-0.439468883093384,44.76753767254645],[-0.440158744065822,44.767431090373215],[-0.440629351289749,44.76746874169678],[-0.441088444772746,44.767460879436655],[-0.441384883959919,44.767436891221806],[-0.44158998594845,44.767377710847306],[-0.441821619261902,44.76729319404243],[-0.441930483058894,44.767236552621156],[-0.442100439976836,44.76712403293402],[-0.442201443713953,44.76707538549121],[-0.442531858007332,44.76701131791337],[-0.442689028590888,44.766981290788884],[-0.443329335591068,44.766858926213544],[-0.443519253645979,44.766917455779925],[-0.443481400812766,44.76683230083666],[-0.443283690966607,44.76643589618929],[-0.443013239733008,44.76617773815149],[-0.442980592704231,44.76614658130686],[-0.442878166377095,44.765998459302594],[-0.442775728270041,44.76584393932381],[-0.442677123759308,44.76569623909754],[-0.4425778986504,44.765544592970286],[-0.442729138659057,44.76549834879429],[-0.442856545011628,44.765459513812694],[-0.442539916486269,44.765085458552264],[-0.441896816422607,44.764325125534874],[-0.442508351201027,44.76400603367895],[-0.442776944698871,44.76386845874403],[-0.442795704903954,44.763858773885644],[-0.443220386796983,44.76363650304098],[-0.443997337586758,44.763236562510194],[-0.44476300463359,44.76414518853743],[-0.445171020371017,44.76461705544815],[-0.445670062200185,44.76523658435741],[-0.446062801092711,44.76571279887625],[-0.446093985799257,44.765751029445774],[-0.445909754794579,44.765853365868125],[-0.445943547301341,44.76587223039365],[-0.446459369477419,44.766356600283615],[-0.446632450223194,44.76652423904009],[-0.446824880263508,44.76672272621638],[-0.446535783648605,44.7669344841484],[-0.446517428057734,44.766919825538956],[-0.446268453368661,44.76707419166985],[-0.445733616045488,44.76740650866442],[-0.445699613545076,44.767427572259216],[-0.445714634374827,44.76747450639247],[-0.445721188767119,44.76749475899665],[-0.445653832223284,44.76749793558874],[-0.44473287400657,44.76767283808509],[-0.444836168093866,44.76794646421735],[-0.444766040763193,44.76795810726651],[-0.444764991587211,44.76795543639368],[-0.444681761667186,44.76797208279331],[-0.444464068275384,44.76801156445066],[-0.444158324882503,44.768069553754316],[-0.444008974247468,44.76809717697889],[-0.443831028750667,44.76812884306478],[-0.444003123927413,44.768745027060525],[-0.443927443853282,44.76863094924769],[-0.443914055479854,44.76863542073253],[-0.443760487105551,44.76868714572533],[-0.443725065351729,44.76862931063916],[-0.44358159730225,44.76865386663311],[-0.443554788587662,44.76854457751756],[-0.44341882480776,44.76854294644438],[-0.443411177465883,44.768517230580265],[-0.443387420074078,44.768426771076605],[-0.443016523377233,44.76849300042744],[-0.44305256363982,44.76862290975498],[-0.442798164621428,44.768620813641185],[-0.442887142880101,44.76898923843032],[-0.442917571597197,44.76911427570104],[-0.442806994580094,44.76915538112192],[-0.442681665282192,44.76919108732092],[-0.442571836175639,44.76921342500615],[-0.442413954263923,44.76923193897554],[-0.442280831407274,44.76925193626491],[-0.442148948242865,44.769267389042554],[-0.44177377631798,44.76931968870014],[-0.441484362715898,44.769359410029814],[-0.441193872893264,44.76940015530547],[-0.44091136374089,44.76943488445767],[-0.440456303654199,44.76949650987734],[-0.440375341904906,44.76950686446076],[-0.439926593559009,44.769566218969544],[-0.439484810225956,44.76962157048815],[-0.439140126077845,44.76965119641885],[-0.438805191204709,44.76967889652906],[-0.438838509897577,44.7694108473192],[-0.438846402590647,44.76935995688904],[-0.438904647148899,44.76895550872447],[-0.438751548618535,44.76895088928856],[-0.438477854744036,44.76901183282049],[-0.438156550327922,44.76896449164205],[-0.43815924181698,44.768847166733885],[-0.43814428075775,44.76896451198813],[-0.437405706340513,44.76895544136956],[-0.437159168527452,44.768163309172245],[-0.437043350655563,44.76778354817591],[-0.436736755305437,44.76784010137907],[-0.436728275509738,44.76769518719484],[-0.437409264149408,44.76766063016592],[-0.437411433411379,44.76776437680131],[-0.437403583814905,44.767865640730705],[-0.437774575741051,44.76779474124976]],[[-0.44043032553393,44.768774402364855],[-0.440470542423223,44.76886723489753],[-0.441021633589234,44.76876874249236],[-0.440988779091232,44.76865360290143],[-0.440918201203421,44.76864137659534],[-0.440803202381348,44.768356035257945],[-0.440718940908494,44.76816364048856],[-0.440073825765175,44.76828217359549],[-0.44007250687233,44.76847767708848],[-0.440320358429013,44.768428616405856],[-0.440402447677108,44.7686041370369],[-0.44043302536867,44.76866969330634],[-0.440476733860458,44.76876376913654],[-0.44043032553393,44.768774402364855]]]]}}]}
